date,notice_date,gasoline_adjust_cny_per_ton,diesel_adjust_cny_per_ton,beijing_gasoline_ceiling_after_cny_per_ton,beijing_diesel_ceiling_after_cny_per_ton,notice_title,source_url,avg_adjust_cny_per_ton,avg_ceiling_after_cny_per_ton,is_adjusted,adjust_direction,abs_adjust_cny_per_ton,month,basket_window_avg,basket_window_avg_valid_days,basket_window_change,basket_window_change_pct,brent_window_avg,brent_window_avg_valid_days,brent_window_change,brent_window_change_pct,wti_window_avg,wti_window_avg_valid_days,wti_window_change,wti_window_change_pct,brent_wti_avg_window_avg,brent_wti_avg_window_avg_valid_days,brent_wti_avg_window_change,brent_wti_avg_window_change_pct,brent_wti_weighted_window_avg,brent_wti_weighted_window_avg_valid_days,brent_wti_weighted_window_change,brent_wti_weighted_window_change_pct,cpi_yoy_pct,ppi_yoy_pct,nbs_manufacturing_pmi,non_manufacturing_pmi,nbs_general_pmi,import_volume_10k_tons,import_amount_10k_usd,average_price_usd_per_ton,theory_adjust_cny_per_ton,theory_error_cny_per_ton
2013-02-25,2013-02-24,300,290,10080,9330,国家提高成品油价格,https://www.ndrc.gov.cn/xwdt/ztzl/gncpyjg/201302/t20130224_1293079.html,295,9705,1,up,295,2013-02,113.579,10,,,117.059,10,,,95.8,10,,,106.4295,10,,,110.6813,10,,,3.2,-1.6,50.1,54.5,,2078,1668684.2,803.02,,
2013-03-27,2013-03-27,-310,-300,9770,9030,国家发展改革委关于降低国内成品油价格的通知（3月27日零时起）,https://www.nea.gov.cn/2013-03/27/c_132265925.htm,-305,9400,1,down,305,2013-03,105.944,10,-7.635,-6.722193,107.533,10,-9.526,-8.137777,93.476,10,-2.324,-2.425887,100.5045,10,-5.925,-5.567066,103.3159,10,-7.3654,-6.654602,2.1,-1.9,50.9,55.6,,2305,1882659.3,816.77,-349.666138,44.666138
2013-04-10,2013-04-10,0,0,9770,9030,4月10日国内成品油价格不作调整,https://www.ndrc.gov.cn/xwdt/ztzl/gncpyjg/201304/t20130410_1293080.html,0,9400,0,no_adjust,0,2013-04,105.419,10,-0.525,-0.495545,106.662,10,-0.871,-0.809984,95.267,10,1.791,1.916,100.9645,10,0.46,0.457691,103.2435,10,-0.0724,-0.070076,2.4,-2.6,50.6,54.5,,2308,1807330.3,783.07,-1.65139,1.65139
2013-04-25,2013-04-24,-395,-400,9375,8630,国家降低成品油价格,https://www.ndrc.gov.cn/xwdt/ztzl/gncpyjg/201304/t20130424_1293081.html,-397.5,9002.5,1,down,397.5,2013-04,98.777,10,-6.642,-6.300572,99.778,10,-6.884,-6.454032,89.728,10,-5.539,-5.814185,94.753,10,-6.2115,-6.152162,96.763,10,-6.4805,-6.276908,2.4,-2.6,50.6,54.5,,2308,1807330.3,783.07,-307.439585,-90.060415
2013-05-10,2013-05-09,95,95,9470,8725,国家提高成品油价格,https://www.ndrc.gov.cn/xwdt/ztzl/gncpyjg/201305/t20130509_1293082.html,95,9097.5,1,up,95,2013-05,101.003,10,2.226,2.253561,102.565,10,2.787,2.793201,94.022,10,4.294,4.785574,98.2935,10,3.5405,3.736557,100.0021,10,3.2391,3.347457,2.1,-2.9,50.8,54.3,,2395,1792411.4,748.4,156.370116,-61.370116
2013-05-23,2013-05-23,0,0,9470,8725,5月23日国内成品油价格不作调整,https://www.ndrc.gov.cn/xwdt/ztzl/gncpyjg/201305/t20130523_1293083.html,0,9097.5,0,no_adjust,0,2013-05,100.916,10,-0.087,-0.086136,102.923,10,0.358,0.349047,95.096,10,1.074,1.142286,99.0095,10,0.716,0.728431,100.5749,10,0.5728,0.572788,2.1,-2.9,50.8,54.3,,2395,1792411.4,748.4,29.136916,-29.136916
2013-06-07,2013-06-06,-95,-90,9375,8635,国家降低成品油价格,https://www.ndrc.gov.cn/xwdt/ztzl/gncpyjg/201306/t20130606_1293084.html,-92.5,9005,1,down,92.5,2013-06,99.778,10,-1.138,-1.127671,101.915,10,-1.008,-0.979373,93.565,10,-1.531,-1.609952,97.74,10,-1.2695,-1.2822,99.41,10,-1.1649,-1.158241,2.7,-2.7,50.1,53.9,,2217,1632828.3,736.5,-53.784409,-38.715591
2013-06-22,2013-06-21,100,95,9475,8730,国家提高成品油价格,https://www.ndrc.gov.cn/xwdt/ztzl/gncpyjg/201306/t20130621_1293085.html,97.5,9102.5,1,up,97.5,2013-06,102.135,10,2.357,2.362244,104.032,10,2.117,2.077221,96.735,10,3.17,3.388019,100.3835,10,2.6435,2.704625,101.8429,10,2.4329,2.447339,2.7,-2.7,50.1,53.9,,2217,1632828.3,736.5,117.899049,-20.399049
2013-07-06,2013-07-05,-80,-75,9395,8655,国家降低成品油价格,https://www.ndrc.gov.cn/xwdt/ztzl/gncpyjg/201307/t20130705_1293086.html,-77.5,9025,1,down,77.5,2013-07,100.384,10,-1.751,-1.714398,102.351,10,-1.681,-1.615849,96.736,10,0.001,0.001034,99.5435,10,-0.84,-0.836791,100.6665,10,-1.1764,-1.155112,2.7,-2.3,50.3,54.1,,2611,1940490.9,743.2,-54.333178,-23.166822
2013-07-20,2013-07-19,325,310,9720,8965,国家提高成品油价格,https://www.ndrc.gov.cn/xwdt/ztzl/gncpyjg/201307/t20130719_1293087.html,317.5,9342.5,1,up,317.5,2013-07,104.763,10,4.379,4.362249,108.647,10,6.296,6.151381,105.302,10,8.566,8.855028,106.9745,10,7.431,7.465078,107.6435,10,6.977,6.930806,2.7,-2.3,50.3,54.1,,2611,1940490.9,743.2,334.739008,-17.239008
2013-08-02,2013-08-02,0,0,9720,8965,8月2日国内成品油价格不作调整,https://www.ndrc.gov.cn/xwdt/ztzl/gncpyjg/201308/t20130802_1293088.html,0,9342.5,0,no_adjust,0,2013-08,105.551,10,0.788,0.752174,108.473,10,-0.174,-0.160152,105.816,10,0.514,0.48812,107.1445,10,0.17,0.158916,107.6759,10,0.0324,0.030099,2.6,-1.6,51,53.9,,2143,1641088.9,765.79,3.349563,-3.349563
2013-08-16,2013-08-16,0,0,9720,8965,8月16日国内成品油价格不作调整,https://www.ndrc.gov.cn/xwdt/ztzl/gncpyjg/201308/t20130816_1293089.html,0,9342.5,0,no_adjust,0,2013-08,105.961,10,0.41,0.388438,109.422,10,0.949,0.874872,106.006,10,0.19,0.179557,107.714,10,0.5695,0.531525,108.3972,10,0.7213,0.669881,2.6,-1.6,51,53.9,,2143,1641088.9,765.79,36.22319,-36.22319
2013-08-31,2013-08-30,235,225,9955,9190,国家提高成品油价格,https://www.ndrc.gov.cn/xwdt/ztzl/gncpyjg/201308/t20130830_1293090.html,230,9572.5,1,up,230,2013-08,108.816,10,2.855,2.694388,112.804,10,3.382,3.090786,106.863,10,0.857,0.808445,109.8335,10,2.1195,1.967711,111.0217,10,2.6245,2.421188,2.6,-1.6,51,53.9,,2143,1641088.9,765.79,127.042012,102.957988
2013-09-14,2013-09-13,90,85,10045,9275,国家提高成品油价格,https://www.ndrc.gov.cn/xwdt/ztzl/gncpyjg/201309/t20130913_1292856.html,87.5,9660,1,up,87.5,2013-09,110.807,10,1.991,1.829694,114.976,10,2.172,1.925464,108.504,10,1.641,1.535611,111.74,10,1.9065,1.735809,113.0344,10,2.0127,1.812889,3.1,-1.3,51.1,55.4,,2568,2013953.4,784.25,97.847521,-10.347521
2013-09-30,2013-09-29,-245,-235,9800,9040,国家降低成品油价格,https://www.ndrc.gov.cn/xwdt/ztzl/gncpyjg/201309/t20130929_1292857.html,-240,9420,1,down,240,2013-09,107.134,10,-3.673,-3.314773,109.389,10,-5.587,-4.859275,104.657,10,-3.847,-3.545491,107.023,10,-4.717,-4.221407,107.9694,10,-5.065,-4.480937,3.1,-1.3,51.1,55.4,,2568,2013953.4,784.25,-239.893325,-0.106675
2013-10-17,2013-10-17,0,0,9800,9040,10月17日国内成品油价格不作调整,https://www.ndrc.gov.cn/xwdt/ztzl/gncpyjg/201310/t20131017_1292858.html,0,9420,0,no_adjust,0,2013-10,107.315,10,0.181,0.168947,110.202,10,0.813,0.743219,102.656,10,-2.001,-1.91196,106.429,10,-0.594,-0.555021,107.9382,10,-0.0312,-0.028897,3,-1.5,51.4,56.3,,2041,1642071.5,804.54,0.314634,-0.314634
2013-11-01,2013-10-31,-75,-75,9725,8965,国家降低成品油价格,https://www.ndrc.gov.cn/xwdt/ztzl/gncpyjg/201310/t20131031_1292859.html,-75,9345,1,down,75,2013-11,106.239,10,-1.076,-1.002656,108.28,10,-1.922,-1.74407,98.329,10,-4.327,-4.215048,103.3045,10,-3.1245,-2.93576,105.2947,10,-2.6435,-2.449087,2.8,-1.4,51.4,56,,2356,1843037.5,782.27,-124.341739,49.341739
2013-11-15,2013-11-14,-160,-155,9565,8810,国家降低成品油价格,https://www.ndrc.gov.cn/xwdt/ztzl/gncpyjg/201311/t20131114_1292860.html,-157.5,9187.5,1,down,157.5,2013-11,103.942,10,-2.297,-2.162106,105.495,10,-2.785,-2.572035,94.454,10,-3.875,-3.940852,99.9745,10,-3.33,-3.22348,102.1827,10,-3.112,-2.955514,2.8,-1.4,51.4,56,,2356,1843037.5,782.27,-146.698096,-10.801904
2013-11-29,2013-11-28,160,155,9725,8965,国家提高成品油价格,https://www.ndrc.gov.cn/xwdt/ztzl/gncpyjg/201311/t20131128_1292861.html,157.5,9345,1,up,157.5,2013-11,105.725,10,1.783,1.71538,109.735,10,4.24,4.019148,93.648,10,-0.806,-0.853325,101.6915,10,1.717,1.717438,104.9089,10,2.7262,2.667966,2.8,-1.4,51.4,56,,2356,1843037.5,782.27,131.895035,25.604965
2013-12-13,2013-12-12,60,60,9785,9025,国家提高成品油价格,https://www.ndrc.gov.cn/xwdt/ztzl/gncpyjg/201312/t20131212_1292862.html,60,9405,1,up,60,2013-12,107.573,10,1.848,1.747931,111.223,10,1.488,1.355994,95.83,10,2.182,2.330002,103.5265,10,1.835,1.804477,106.6051,10,1.6962,1.616831,2.5,-1.4,51,54.6,,2678,2096086.9,782.71,82.744454,-22.744454
2013-12-26,2013-12-26,0,0,9785,9025,12月26日国内成品油价格不作调整,https://www.ndrc.gov.cn/xwdt/ztzl/gncpyjg/201312/t20131226_1292863.html,0,9405,0,no_adjust,0,2013-12,107.308,10,-0.265,-0.246344,110.139,10,-1.084,-0.974619,97.749,10,1.919,2.002504,103.944,10,0.4175,0.403278,106.422,10,-0.1831,-0.171755,2.5,-1.4,51,54.6,,2678,2096086.9,782.71,-6.933884,6.933884
2014-01-11,2014-01-10,-125,-120,9660,8905,国家降低成品油价格,https://www.ndrc.gov.cn/xwdt/ztzl/gncpyjg/201401/t20140110_1292864.html,-122.5,9282.5,1,down,122.5,2014-01,106.401,10,-0.907,-0.845231,108.727,10,-1.412,-1.282016,95.468,10,-2.281,-2.333528,102.0975,10,-1.8465,-1.776437,104.7493,10,-1.6727,-1.571761,2.5,-1.6,50.5,53.4,,2815,2243197.9,796.87,-78.016123,-44.483877
2014-01-25,2014-01-24,-130,-125,9530,8780,国家降低成品油价格,https://www.ndrc.gov.cn/xwdt/ztzl/gncpyjg/201401/t20140124_1292865.html,-127.5,9155,1,down,127.5,2014-01,104.575,10,-1.826,-1.716149,108.214,10,-0.513,-0.471824,93.672,10,-1.796,-1.881259,100.917,10,-1.1805,-1.156248,103.815,10,-0.9343,-0.891939,2.5,-1.6,50.5,53.4,,2815,2243197.9,796.87,-42.780405,-84.719595
2014-02-12,2014-02-12,0,0,9530,8780,2月12日国内成品油价格不作调整,https://www.ndrc.gov.cn/xwdt/ztzl/gncpyjg/201402/t20140212_1292866.html,0,9155,0,no_adjust,0,2014-02,104.041,10,-0.534,-0.510638,108.441,10,0.227,0.20977,98.212,10,4.54,4.846699,103.3265,10,2.4095,2.387606,105.3723,10,1.5573,1.500072,2,-2,50.2,55,,2305,1807645.4,784.23,76.116283,-76.116283
2014-02-27,2014-02-26,205,200,9735,8980,国家提高成品油价格,https://www.ndrc.gov.cn/xwdt/ztzl/gncpyjg/201402/t20140226_1292867.html,202.5,9357.5,1,up,202.5,2014-02,106.282,10,2.241,2.153959,109.335,10,0.894,0.824411,101.802,10,3.59,3.655358,105.5685,10,2.242,2.169821,107.0751,10,1.7028,1.615984,2,-2,50.2,55,,2305,1807645.4,784.23,83.059399,119.440601
2014-03-12,2014-03-12,0,0,9735,8980,3月12日国内成品油价格不作调整,https://www.ndrc.gov.cn/xwdt/ztzl/gncpyjg/201403/t20140312_1292868.html,0,9357.5,0,no_adjust,0,2014-03,105.606,10,-0.676,-0.636044,108.924,10,-0.411,-0.375909,102.554,10,0.752,0.738689,105.739,10,0.1705,0.161507,107.013,10,-0.0621,-0.057997,2.4,-2.3,50.3,54.5,,2352,1839713.1,782.19,-1.159884,1.159884
2014-03-27,2014-03-26,-135,-130,9600,8850,国家降低成品油价格,https://www.ndrc.gov.cn/xwdt/ztzl/gncpyjg/201403/t20140326_1292869.html,-132.5,9225,1,down,132.5,2014-03,103.378,10,-2.228,-2.109729,106.97,10,-1.954,-1.793911,99.467,10,-3.087,-3.010121,103.2185,10,-2.5205,-2.383699,104.7191,10,-2.2939,-2.143571,2.4,-2.3,50.3,54.5,,2352,1839713.1,782.19,-107.659173,-24.840827
2014-04-10,2014-04-10,0,0,9600,8850,4月10日国内成品油价格不作调整,https://www.ndrc.gov.cn/xwdt/ztzl/gncpyjg/201404/t20140410_1292870.html,0,9225,0,no_adjust,0,2014-04,103.134,10,-0.244,-0.236027,105.764,10,-1.206,-1.127419,101.184,10,1.717,1.726201,103.474,10,0.2555,0.247533,104.39,10,-0.3291,-0.314269,1.8,-2,50.4,54.8,,2788,2161930.3,775.44,-13.90086,13.90086
2014-04-25,2014-04-24,155,145,9755,8995,国家提高成品油价格,https://www.ndrc.gov.cn/xwdt/ztzl/gncpyjg/201404/t20140424_1292871.html,150,9375,1,up,150,2014-04,104.975,10,1.841,1.785056,108.482,10,2.718,2.569873,103.39,10,2.206,2.180187,105.936,10,2.462,2.379342,106.9544,10,2.5644,2.456557,1.8,-2,50.4,54.8,,2788,2161930.3,775.44,124.174099,25.825901
2014-05-10,2014-05-09,-50,-50,9705,8945,国家降低成品油价格,https://www.ndrc.gov.cn/xwdt/ztzl/gncpyjg/201405/t20140509_1292872.html,-50,9325,1,down,50,2014-05,104.338,10,-0.637,-0.606811,108.942,10,0.46,0.424033,100.452,10,-2.938,-2.841667,104.697,10,-1.239,-1.169574,106.395,10,-0.5594,-0.523027,2.5,-1.5,50.8,55.5,,2608,2005029.9,768.8,-24.890548,-25.109452
2014-05-24,2014-05-23,70,70,9775,9015,国家提高成品油价格,https://www.ndrc.gov.cn/xwdt/ztzl/gncpyjg/201405/t20140523_1292873.html,70,9395,1,up,70,2014-05,105.683,10,1.345,1.28908,109.932,10,0.99,0.90874,102.399,10,1.947,1.938239,106.1655,10,1.4685,1.402619,107.6721,10,1.2771,1.200338,2.5,-1.5,50.8,55.5,,2608,2005029.9,768.8,62.745416,7.254584
2014-06-09,2014-06-09,0,0,9775,9015,6月9日国内成品油价格不作调整,https://www.ndrc.gov.cn/xwdt/ztzl/gncpyjg/201406/t20140609_1292874.html,0,9395,0,no_adjust,0,2014-06,105.864,10,0.181,0.171267,109.302,10,-0.63,-0.573082,103.699,10,1.3,1.269544,106.5095,10,0.344,0.324022,107.6337,10,-0.0384,-0.035664,2.3,-1.1,51,55,,2328,1810271.6,777.61,-0.028943,0.028943
2014-06-24,2014-06-23,165,160,9940,9175,国家提高成品油价格,https://www.ndrc.gov.cn/xwdt/ztzl/gncpyjg/201406/t20140623_1292875.html,162.5,9557.5,1,up,162.5,2014-06,108.264,10,2.4,2.26706,112.632,10,3.33,3.046605,106.598,10,2.899,2.795591,109.615,10,3.1055,2.915702,110.8218,10,3.1881,2.961991,2.3,-1.1,51,55,,2328,1810271.6,777.61,153.936446,8.563554
2014-07-07,2014-07-07,0,0,9940,9175,7月7日国内成品油价格不作调整,https://www.ndrc.gov.cn/xwdt/ztzl/gncpyjg/201407/t20140707_1292876.html,0,9557.5,0,no_adjust,0,2014-07,108.823,10,0.559,0.51633,112.101,10,-0.531,-0.471447,106.348,10,-0.25,-0.234526,109.2245,10,-0.3905,-0.356247,110.3751,10,-0.4467,-0.40308,2.3,-0.9,51.7,54.2,,2376,1868541,786.42,-19.512615,19.512615
2014-07-22,2014-07-21,-245,-235,9695,8940,国家降低成品油价格,https://www.ndrc.gov.cn/xwdt/ztzl/gncpyjg/201407/t20140721_1292877.html,-240,9317.5,1,down,240,2014-07,105.145,10,-3.678,-3.3798,106.21,10,-5.891,-5.255082,102.811,10,-3.537,-3.325874,104.5105,10,-4.714,-4.315882,105.1903,10,-5.1848,-4.697436,2.3,-0.9,51.7,54.2,,2376,1868541,786.42,-245.610062,5.610062
2014-08-04,2014-08-04,0,0,9695,8940,8月4日国内成品油价格不作调整,https://www.ndrc.gov.cn/xwdt/ztzl/gncpyjg/201408/t20140804_1292878.html,0,9317.5,0,no_adjust,0,2014-08,104.889,10,-0.256,-0.243473,106.025,10,-0.185,-0.174183,103.27,10,0.459,0.44645,104.6475,10,0.137,0.131087,105.1985,10,0.0082,0.007795,2,-1.2,51.1,54.4,,2519,1952240.4,775.01,2.194763,-2.194763
2014-08-19,2014-08-18,-190,-185,9505,8755,国家降低成品油价格,https://www.ndrc.gov.cn/xwdt/ztzl/gncpyjg/201408/t20140818_1292879.html,-187.5,9130,1,down,187.5,2014-08,101.794,10,-3.095,-2.950738,102.77,10,-3.255,-3.070031,97.334,10,-5.936,-5.748039,100.052,10,-4.5955,-4.391409,101.1392,10,-4.0593,-3.858705,2,-1.2,51.1,54.4,,2519,1952240.4,775.01,-191.902315,4.402315
2014-09-02,2014-09-01,-105,-100,9400,8655,国家降低成品油价格,https://www.ndrc.gov.cn/xwdt/ztzl/gncpyjg/201409/t20140901_1292880.html,-102.5,9027.5,1,down,102.5,2014-09,99.502,10,-2.292,-2.251606,100.262,10,-2.508,-2.440401,95.606,10,-1.728,-1.77533,97.934,10,-2.118,-2.116899,98.8652,10,-2.274,-2.248386,1.6,-1.8,51.1,54,,2758,2051048.9,743.67,-106.709564,4.209564
2014-09-17,2014-09-16,-140,-135,9260,8520,国家降低成品油价格,https://www.ndrc.gov.cn/xwdt/ztzl/gncpyjg/201409/t20140916_1292881.html,-137.5,8890,1,down,137.5,2014-09,97.077,10,-2.425,-2.437137,98.484,10,-1.778,-1.773354,93.126,10,-2.48,-2.593979,95.805,10,-2.129,-2.173913,96.8766,10,-1.9886,-2.011426,1.6,-1.8,51.1,54,,2758,2051048.9,743.67,-93.090559,-44.409441
2014-09-30,2014-09-29,-100,-95,9160,8425,国家降低成品油价格,https://www.ndrc.gov.cn/xwdt/ztzl/gncpyjg/201409/t20140929_1292882.html,-97.5,8792.5,1,down,97.5,2014-09,94.669,10,-2.408,-2.480505,96.014,10,-2.47,-2.508022,93.335,10,0.209,0.224427,94.6745,10,-1.1305,-1.180001,95.2103,10,-1.6663,-1.720023,1.6,-1.8,51.1,54,,2758,2051048.9,743.67,-77.710721,-19.789279
2014-10-18,2014-10-17,-300,-290,8860,8135,国家降低成品油价格,https://www.ndrc.gov.cn/xwdt/ztzl/gncpyjg/201410/t20141017_1292883.html,-295,8497.5,1,down,295,2014-10,86.725,10,-7.944,-8.391342,88.395,10,-7.619,-7.935301,85.95,10,-7.385,-7.912359,87.1725,10,-7.502,-7.923992,87.6615,10,-7.5488,-7.928554,1.6,-2.2,50.8,53.8,,2409,1705096.5,707.8,-358.417804,63.417804
2014-11-01,2014-10-31,-245,-235,8615,7900,国家降低成品油价格,https://www.ndrc.gov.cn/xwdt/ztzl/gncpyjg/201410/t20141031_1292884.html,-240,8257.5,1,down,240,2014-11,82.458,10,-4.267,-4.92015,85.68,10,-2.715,-3.071441,81.934,10,-4.016,-4.672484,83.807,10,-3.3655,-3.860736,84.5562,10,-3.1053,-3.542376,1.4,-2.7,50.3,53.9,,2541,1641875,646.15,-146.378378,-93.621622
2014-11-15,2014-11-14,-190,-180,8425,7720,国家降低成品油价格,https://www.ndrc.gov.cn/xwdt/ztzl/gncpyjg/201411/t20141114_1292885.html,-185,8072.5,1,down,185,2014-11,78.469,10,-3.989,-4.837614,82.135,10,-3.545,-4.137488,77.831,10,-4.103,-5.007689,79.983,10,-3.824,-4.562865,80.8438,10,-3.7124,-4.390453,1.4,-2.7,50.3,53.9,,2541,1641875,646.15,-175.34859,-9.65141
2014-11-29,2014-11-28,0,0,8425,7720,11月28日国内成品油价格因消费税提高不作调整,https://www.ndrc.gov.cn/xwdt/ztzl/gncpyjg/201411/t20141128_1292886.html,0,8072.5,0,no_adjust,0,2014-11,73.971,10,-4.498,-5.7322,77.799,10,-4.336,-5.279114,75.041,10,-2.79,-3.58469,76.42,10,-3.563,-4.454697,76.9716,10,-3.8722,-4.78973,1.4,-2.7,50.3,53.9,,2541,1641875,646.15,-182.974088,182.974088
2014-12-13,2014-12-12,-170,-400,8255,7320,国家提高成品油消费税 同时降低成品油价格,https://www.ndrc.gov.cn/xwdt/ztzl/gncpyjg/201412/t20141212_1292887.html,-285,7787.5,1,down,285,2014-12,65.032,10,-8.939,-12.084466,67.922,10,-9.877,-12.695536,64.97,10,-10.071,-13.420663,66.446,10,-9.974,-13.051557,67.0364,10,-9.9352,-12.907618,1.5,-3.3,50.1,54.1,,3037,1726332.1,568.43,-472.294453,187.294453
2014-12-27,2014-12-26,-520,-500,7735,6820,国家降低成品油价格,https://www.ndrc.gov.cn/xwdt/ztzl/gncpyjg/201412/t20141226_1292888.html,-510,7277.5,1,down,510,2014-12,56.896,10,-8.136,-12.510764,60.024,10,-7.898,-11.628044,56.5,10,-8.47,-13.036786,58.262,10,-8.184,-12.316769,58.9668,10,-8.0696,-12.037639,1.5,-3.3,50.1,54.1,,3037,1726332.1,568.43,-383.269865,-126.730135
2015-01-13,2015-01-12,-180,-230,7555,6590,国家提高成品油消费税同时降低成品油价格,https://www.ndrc.gov.cn/xwdt/ztzl/gncpyjg/201501/t20150112_1292889.html,-205,7072.5,1,down,205,2015-01,49.774,10,-7.122,-12.517576,53.016,10,-7.008,-11.67533,51.223,10,-5.277,-9.339823,52.1195,10,-6.1425,-10.542892,52.4781,10,-6.4887,-11.003989,0.8,-4.3,49.8,53.7,,2798,1306408.3,466.91,-307.830881,102.830881
2015-01-27,2015-01-26,-365,-350,7190,6240,国家降低成品油价格,https://www.ndrc.gov.cn/xwdt/ztzl/gncpyjg/201501/t20150126_1292890.html,-357.5,6715,1,down,357.5,2015-01,43.014,10,-6.76,-13.581388,46.63,10,-6.386,-12.04542,46.951,10,-4.272,-8.340004,46.7905,10,-5.329,-10.22458,46.7263,10,-5.7518,-10.960382,0.8,-4.3,49.8,53.7,,2798,1306408.3,466.91,-272.666741,-84.833259
2015-02-10,2015-02-09,290,280,7480,6520,国家提高成品油价格,https://www.ndrc.gov.cn/xwdt/ztzl/gncpyjg/201502/t20150209_1292891.html,285,7000,1,up,285,2015-02,47.528,10,4.514,10.494258,50.69,10,4.06,8.706841,47.951,10,1,2.12988,49.3205,10,2.53,5.40708,49.8683,10,3.142,6.724264,1.4,-4.8,49.9,53.9,,2555,969076.7,379.29,151.7366,133.2634
2015-02-28,2015-02-27,390,375,7870,6895,国家提高成品油价格,https://www.ndrc.gov.cn/xwdt/ztzl/gncpyjg/201502/t20150227_1292892.html,382.5,7382.5,1,up,382.5,2015-02,55.627,10,8.099,17.040481,60.444,10,9.754,19.242454,50.653,10,2.702,5.634919,55.2815,10,5.961,12.086252,57.1329,10,7.2646,14.567571,1.4,-4.8,49.9,53.9,,2555,969076.7,379.29,348.462995,34.037005
2015-03-12,2015-03-12,0,0,7870,6895,3月12日国内成品油价格不作调整,https://www.ndrc.gov.cn/xwdt/ztzl/gncpyjg/201503/t20150312_1292893.html,0,7382.5,0,no_adjust,0,2015-03,55.261,10,-0.366,-0.657954,59.495,10,-0.949,-1.570048,49.584,10,-1.069,-2.110438,54.5395,10,-0.742,-1.342221,56.5217,10,-0.6112,-1.069786,1.4,-4.6,50.1,53.7,,2681,1086979.2,405.44,-27.362393,27.362393
2015-03-27,2015-03-26,-240,-230,7630,6665,国家降低成品油价格,https://www.ndrc.gov.cn/xwdt/ztzl/gncpyjg/201503/t20150326_1292894.html,-235,7147.5,1,down,235,2015-03,50.436,10,-4.825,-8.731293,53.667,10,-5.828,-9.795781,45.715,10,-3.869,-7.80292,49.691,10,-4.8485,-8.889887,51.2814,10,-5.2403,-9.271306,1.4,-4.6,50.1,53.7,,2681,1086979.2,405.44,-248.258467,13.258467
2015-04-11,2015-04-10,120,115,7750,6780,国家提高成品油价格,https://www.ndrc.gov.cn/xwdt/ztzl/gncpyjg/201504/t20150410_1292895.html,117.5,7265,1,up,117.5,2015-04,53.101,10,2.665,5.283924,55.834,10,2.167,4.037863,50.313,10,4.598,10.057968,53.0735,10,3.3825,6.807068,54.1777,10,2.8963,5.647857,1.5,-4.6,50.1,53.4,,3029,1213261.9,400.55,140.012039,-22.512039
2015-04-25,2015-04-24,300,285,8050,7065,国家提高成品油价格,https://www.ndrc.gov.cn/xwdt/ztzl/gncpyjg/201504/t20150424_1292896.html,292.5,7557.5,1,up,292.5,2015-04,57.679,10,4.578,8.621307,59.651,10,3.817,6.836336,55.024,10,4.711,9.363385,57.3375,10,4.264,8.034141,58.2629,10,4.0852,7.540372,1.5,-4.6,50.1,53.4,,3029,1213261.9,400.55,196.745171,95.754829
2015-05-12,2015-05-11,255,245,8305,7310,国家提高成品油价格,https://www.ndrc.gov.cn/xwdt/ztzl/gncpyjg/201505/t20150511_1292897.html,250,7807.5,1,up,250,2015-05,62.468,10,4.789,8.302849,64.25,10,4.599,7.709846,58.851,10,3.827,6.955147,61.5505,10,4.213,7.347722,62.6303,10,4.3674,7.496022,1.2,-4.6,50.2,53.2,,2324,997460.7,429.2,210.211476,39.788524
2015-05-25,2015-05-25,0,0,8305,7310,5月25日国内成品油价格不作调整,https://www.ndrc.gov.cn/xwdt/ztzl/gncpyjg/201505/t20150525_1292898.html,0,7807.5,0,no_adjust,0,2015-05,62.305,10,-0.163,-0.260934,64.606,10,0.356,0.554086,59.483,10,0.632,1.073898,62.0445,10,0.494,0.802593,63.0691,10,0.4388,0.700619,1.2,-4.6,50.2,53.2,,2324,997460.7,429.2,22.742569,-22.742569
2015-06-09,2015-06-08,-110,-105,8195,7205,国家降低成品油价格,https://www.ndrc.gov.cn/xwdt/ztzl/gncpyjg/201506/t20150608_1292899.html,-107.5,7700,1,down,107.5,2015-06,60.457,10,-1.848,-2.966054,62.047,10,-2.559,-3.960932,58.994,10,-0.489,-0.822084,60.5205,10,-1.524,-2.456302,61.1311,10,-1.938,-3.07282,1.4,-4.8,50.2,53.8,,2949,1336632.1,453.25,-90.675977,-16.824023
2015-06-23,2015-06-23,0,0,8195,7205,6月23日国内成品油价格不作调整,https://www.ndrc.gov.cn/xwdt/ztzl/gncpyjg/201506/t20150623_1292900.html,0,7700,0,no_adjust,0,2015-06,60.641,10,0.184,0.304349,61.867,10,-0.18,-0.290103,60.168,10,1.174,1.990033,61.0175,10,0.497,0.821209,61.3573,10,0.2262,0.370024,1.4,-4.8,50.2,53.8,,2949,1336632.1,453.25,12.597507,-12.597507
2015-07-08,2015-07-07,-95,-90,8100,7115,国家降低成品油价格,https://www.ndrc.gov.cn/xwdt/ztzl/gncpyjg/201507/t20150707_1292901.html,-92.5,7607.5,1,down,92.5,2015-07,58.965,10,-1.676,-2.763807,60.265,10,-1.602,-2.589426,58.424,10,-1.744,-2.898551,59.4185,10,-1.599,-2.62056,59.8163,10,-1.541,-2.511519,1.6,-5.4,50.2,53.9,,3071,1390564.2,452.81,-71.731529,-20.768471
2015-07-22,2015-07-21,-265,-265,7835,6850,国家降低成品油价格,https://www.ndrc.gov.cn/xwdt/ztzl/gncpyjg/201507/t20150721_1292902.html,-265,7342.5,1,down,265,2015-07,54.629,10,-4.336,-7.353515,56.825,10,-3.44,-5.708122,51.797,10,-6.627,-11.342941,54.311,10,-5.1075,-8.595808,55.3166,10,-4.4997,-7.522531,1.6,-5.4,50.2,53.9,,3071,1390564.2,452.81,-212.917768,-52.082232
2015-08-05,2015-08-04,-220,-215,7615,6635,国家降低成品油价格,https://www.ndrc.gov.cn/xwdt/ztzl/gncpyjg/201508/t20150804_1292903.html,-217.5,7125,1,down,217.5,2015-08,51.519,10,-3.11,-5.692947,54.252,10,-2.573,-4.527937,48.075,10,-3.722,-7.185744,51.1635,10,-3.1475,-5.795327,52.3989,10,-2.9177,-5.274547,2,-5.9,49.7,53.4,,2659,1134946,426.83,-137.426292,-80.073708
2015-08-19,2015-08-18,-210,-205,7405,6430,国家降低成品油价格,https://www.ndrc.gov.cn/xwdt/ztzl/gncpyjg/201508/t20150818_1292904.html,-207.5,6917.5,1,down,207.5,2015-08,47.177,10,-4.342,-8.427959,48.095,10,-6.157,-11.34889,43.736,10,-4.339,-9.025481,45.9155,10,-5.248,-10.257312,46.7873,10,-5.6116,-10.709385,2,-5.9,49.7,53.4,,2659,1134946,426.83,-265.976536,58.476536
2015-09-02,2015-09-01,-125,-120,7280,6310,国家降低成品油价格,https://www.ndrc.gov.cn/xwdt/ztzl/gncpyjg/201509/t20150901_1292905.html,-122.5,6795,1,down,122.5,2015-09,43.451,10,-3.726,-7.897916,44.763,10,-3.332,-6.927955,41.761,10,-1.975,-4.515731,42.8985,10,-3.017,-6.570766,43.6443,10,-3.143,-6.717635,1.6,-5.9,49.8,53.4,,2795,1028327,367.92,-148.177385,25.677385
2015-09-17,2015-09-16,90,90,7370,6400,国家提高成品油价格,https://www.ndrc.gov.cn/xwdt/ztzl/gncpyjg/201509/t20150916_1292906.html,90,6885,1,up,90,2015-09,45.317,10,1.866,4.294493,47.643,10,2.88,6.433885,45.375,10,3.614,8.654007,46.628,10,3.7295,8.693777,47.1292,10,3.4849,7.984777,1.6,-5.9,49.8,53.4,,2795,1028327,367.92,168.099449,-78.099449
2015-09-30,2015-09-30,0,0,7370,6400,9月30日国内成品油价格不作调整,https://www.ndrc.gov.cn/xwdt/ztzl/gncpyjg/201509/t20150930_1292907.html,0,6885,0,no_adjust,0,2015-09,44.164,10,-1.153,-2.544299,47.519,10,-0.124,-0.260269,45.626,10,0.251,0.553168,46.5725,10,-0.0555,-0.119027,46.9511,10,-0.1781,-0.377897,1.6,-5.9,49.8,53.4,,2795,1028327,367.92,-6.695289,6.695289
2015-10-21,2015-10-20,50,50,7420,6450,国家提高成品油价格,https://www.ndrc.gov.cn/xwdt/ztzl/gncpyjg/201510/t20151020_1292908.html,50,6935,1,up,50,2015-10,46.607,10,2.443,5.531655,49.969,10,2.45,5.155832,47.553,10,1.927,4.223469,48.761,10,2.1885,4.699125,49.2442,10,2.2931,4.884018,1.3,-5.9,49.8,53.1,,2635,934172.9,354.52,111.227931,-61.227931
2015-11-04,2015-11-03,-125,-125,7295,6325,国家降低成品油价格,https://www.ndrc.gov.cn/xwdt/ztzl/gncpyjg/201511/t20151103_1292909.html,-125,6810,1,down,125,2015-11,43.511,10,-3.096,-6.642779,47.02,10,-2.949,-5.901659,45.094,10,-2.459,-5.171072,46.057,10,-2.704,-5.545415,46.4422,10,-2.802,-5.69001,1.5,-5.9,49.6,53.6,,2733.76,966691.33,353.61,-131.905202,6.905202
2015-11-18,2015-11-17,-85,-80,7210,6245,国家降低成品油价格,https://www.ndrc.gov.cn/xwdt/ztzl/gncpyjg/201511/t20151117_1292910.html,-82.5,6727.5,1,down,82.5,2015-11,41.784,10,-1.727,-3.969111,45.228,10,-1.792,-3.811144,43.895,10,-1.199,-2.65889,44.5615,10,-1.4955,-3.247063,44.8281,10,-1.6141,-3.475503,1.5,-5.9,49.6,53.6,,2733.76,966691.33,353.61,-75.219789,-7.280211
2015-12-02,2015-12-01,-145,-140,7065,6105,国家降低成品油价格,https://www.ndrc.gov.cn/xwdt/ztzl/gncpyjg/201512/t20151201_1292911.html,-142.5,6585,1,down,142.5,2015-12,38.863,10,-2.921,-6.990714,42.943,10,-2.285,-5.05218,40.548,10,-3.347,-7.625014,41.582,10,-2.9795,-6.686265,41.9956,10,-2.8325,-6.318581,1.6,-5.9,49.7,54.4,,3319,1050680.1,316.57,-133.360632,-9.139368
2016-01-14,2016-01-13,-140,-135,6925,5970,完善成品油价格机制 同步下调成品油价格,https://www.ndrc.gov.cn/xwdt/ztzl/gncpyjg/201601/t20160113_1292913.html,-137.5,6447.5,1,down,137.5,2016-01,29.61,10,-9.253,-23.809279,33.936,10,-9.007,-20.974315,34.668,10,-5.88,-14.501332,34.302,10,-7.28,-17.507575,34.1556,10,-7.84,-18.668622,1.8,-5.3,49.4,53.5,,2669,752620.9,281.99,-372.313581,234.813581
2016-01-27,2016-01-27,0,0,6925,5970,1月27日国内成品油价格不作调整,https://www.ndrc.gov.cn/xwdt/ztzl/gncpyjg/201601/t20160127_1292914.html,0,6447.5,0,no_adjust,0,2016-01,24.442,10,-5.168,-17.453563,28.576,10,-5.36,-15.794437,29.813,10,-4.855,-14.004269,29.2835,10,-5.0185,-14.630342,29.0717,10,-5.0839,-14.884528,1.8,-5.3,49.4,53.5,,2669,752620.9,281.99,-240.795214,240.795214
2016-02-15,2016-02-15,0,0,6925,5970,2月15日国内成品油价格不作调整,https://www.ndrc.gov.cn/xwdt/ztzl/gncpyjg/201602/t20160215_1292915.html,0,6447.5,0,no_adjust,0,2016-02,28.122,10,3.68,15.056051,31.297,10,2.721,9.521976,29.702,10,-0.111,-0.372321,30.4995,10,1.216,4.152509,30.8185,10,1.7468,6.008593,2.3,-4.9,49,52.7,,3180,737326.3,231.86,85.159036,-85.159036
2016-02-29,2016-02-29,0,0,6925,5970,2月29日国内成品油价格不作调整,https://www.ndrc.gov.cn/xwdt/ztzl/gncpyjg/201602/t20160229_1292916.html,0,6447.5,0,no_adjust,0,2016-02,29.175,10,1.053,3.744399,32.654,10,1.357,4.335879,30.602,10,0.9,3.030099,31.628,10,1.1285,3.700061,32.0384,10,1.2199,3.958337,2.3,-4.9,49,52.7,,3180,737326.3,231.86,60.015889,-60.015889
2016-03-14,2016-03-14,0,0,6925,5970,3月14日国内成品油价格不作调整,https://www.ndrc.gov.cn/xwdt/ztzl/gncpyjg/201603/t20160314_1292917.html,0,6447.5,0,no_adjust,0,2016-03,33.3,10,4.125,14.138817,37.787,10,5.133,15.719361,36.064,10,5.462,17.848507,36.9255,10,5.2975,16.749399,37.2701,10,5.2317,16.329467,2.3,-4.3,50.2,53.8,,3261,771184.3,236.49,251.455017,-251.455017
2016-03-28,2016-03-28,0,0,6925,5970,3月28日国内成品油价格不作调整,https://www.ndrc.gov.cn/xwdt/ztzl/gncpyjg/201603/t20160328_1292918.html,0,6447.5,0,no_adjust,0,2016-03,35.493,10,2.193,6.585586,38.951,10,1.164,3.080424,38.788,10,2.724,7.553239,38.8695,10,1.944,5.264655,38.9021,10,1.632,4.378845,2.3,-4.3,50.2,53.8,,3261,771184.3,236.49,79.680893,-79.680893
2016-04-12,2016-04-12,0,0,6925,5970,4月12日国内成品油价格不作调整,https://www.ndrc.gov.cn/xwdt/ztzl/gncpyjg/201604/t20160412_1292919.html,0,6447.5,0,no_adjust,0,2016-04,34.606,10,-0.887,-2.499084,37.581,10,-1.37,-3.51724,37.018,10,-1.77,-4.563267,37.2995,10,-1.57,-4.039157,37.4121,10,-1.49,-3.830127,2.3,-3.4,50.1,53.5,,3258,870569.7,267.21,-69.29786,69.29786
2016-04-27,2016-04-26,165,160,7090,6130,国内成品油价格按机制上调,https://www.ndrc.gov.cn/xwdt/ztzl/gncpyjg/201604/t20160426_1292920.html,162.5,6610,1,up,162.5,2016-04,38.674,10,4.068,11.755187,42.834,10,5.253,13.977808,41.662,10,4.644,12.545248,42.248,10,4.9485,13.266934,42.4824,10,5.0703,13.552567,2.3,-3.4,50.1,53.5,,3258,870569.7,267.21,243.753169,-81.253169
2016-05-12,2016-05-11,120,115,7210,6245,国内成品油价格按机制上调,https://www.ndrc.gov.cn/xwdt/ztzl/gncpyjg/201605/t20160511_1292921.html,117.5,6727.5,1,up,117.5,2016-05,41.279,10,2.605,6.735791,44.283,10,1.449,3.382827,44.651,10,2.989,7.174404,44.467,10,2.219,5.25232,44.3934,10,1.911,4.498333,2,-2.8,50.1,53.1,,3224,940142.9,291.61,92.994497,24.505503
2016-05-26,2016-05-25,210,200,7420,6445,国内成品油价格按机制上调,https://www.ndrc.gov.cn/xwdt/ztzl/gncpyjg/201605/t20160525_1292922.html,205,6932.5,1,up,205,2016-05,43.883,10,2.604,6.308292,47.743,10,3.46,7.813382,47.519,10,2.868,6.423148,47.631,10,3.164,7.115389,47.6758,10,3.2824,7.393892,2,-2.8,50.1,53.1,,3224,940142.9,291.61,158.436349,46.563651
2016-06-09,2016-06-08,110,110,7530,6555,国内成品油价格按机制上调,https://www.ndrc.gov.cn/xwdt/ztzl/gncpyjg/201606/t20160608_1292923.html,110,7042.5,1,up,110,2016-06,45.461,10,1.578,3.595926,49.022,10,1.279,2.678927,49.158,10,1.639,3.449147,49.09,10,1.459,3.063131,49.0628,10,1.387,2.909233,1.9,-2.6,50,53.7,,3062,983636.1,321.24,67.989735,42.010265
2016-06-23,2016-06-23,0,0,7530,6555,6月23日国内成品油价格不作调整,https://www.ndrc.gov.cn/xwdt/ztzl/gncpyjg/201606/t20160623_1292924.html,0,7042.5,0,no_adjust,0,2016-06,45.925,10,0.464,1.020655,48.252,10,-0.77,-1.570723,48.656,10,-0.502,-1.021197,48.454,10,-0.636,-1.29558,48.3732,10,-0.6896,-1.405546,1.9,-2.6,50,53.7,,3062,983636.1,321.24,-31.103563,31.103563
2016-07-07,2016-07-07,0,0,7530,6555,7月7日国内成品油价格不作调整,https://www.ndrc.gov.cn/xwdt/ztzl/gncpyjg/201607/t20160707_1292925.html,0,7042.5,0,no_adjust,0,2016-07,45.21,10,-0.715,-1.556886,47.014,10,-1.238,-2.565697,48.017,10,-0.639,-1.313302,47.536,10,-0.918,-1.89458,47.3436,10,-1.0296,-2.128451,1.8,-1.7,49.9,53.9,,3107,1061217.3,341.56,-47.328027,47.328027
2016-07-22,2016-07-21,-155,-150,7375,6405,国内成品油价格按机制下调,https://www.ndrc.gov.cn/xwdt/ztzl/gncpyjg/201607/t20160721_1292926.html,-152.5,6890,1,down,152.5,2016-07,43.027,10,-2.183,-4.828578,45.502,10,-1.512,-3.216063,45.341,10,-2.676,-5.573026,45.4215,10,-2.1145,-4.448208,45.4537,10,-1.8899,-3.991881,1.8,-1.7,49.9,53.9,,3107,1061217.3,341.56,-88.380692,-64.119308
2016-08-05,2016-08-04,-220,-215,7155,6190,国内成品油价格按机制下调,https://www.ndrc.gov.cn/xwdt/ztzl/gncpyjg/201608/t20160804_1292927.html,-217.5,6672.5,1,down,217.5,2016-08,40.168,10,-2.859,-6.644665,42.258,10,-3.244,-7.129357,41.685,10,-3.656,-8.063342,41.9715,10,-3.45,-7.595522,42.0861,10,-3.3676,-7.408858,1.3,-0.8,50.4,53.5,,3285,1071423.6,326.16,-158.895075,-58.604925
2016-08-19,2016-08-18,175,170,7330,6360,国内成品油价格按机制上调,https://www.ndrc.gov.cn/xwdt/ztzl/gncpyjg/201608/t20160818_1292928.html,172.5,6845,1,up,172.5,2016-08,41.994,10,1.826,4.545907,44.611,10,2.353,5.568176,43.842,10,2.157,5.174523,44.2265,10,2.255,5.372693,44.3803,10,2.2942,5.451206,1.3,-0.8,50.4,53.5,,3285,1071423.6,326.16,111.280422,61.219578
2016-09-02,2016-09-01,205,200,7535,6560,国内成品油价格按机制上调,https://www.ndrc.gov.cn/xwdt/ztzl/gncpyjg/201609/t20160901_1292929.html,202.5,7047.5,1,up,202.5,2016-09,45.558,10,3.564,8.486927,48.766,10,4.155,9.313846,46.989,10,3.147,7.178048,47.8775,10,3.651,8.255232,48.2329,10,3.8526,8.680879,1.9,0.1,50.4,53.7,,3306,1051321.5,318,185.645729,16.854271
2016-09-19,2016-09-18,-155,-150,7380,6410,国内成品油价格按机制下调,https://www.ndrc.gov.cn/xwdt/ztzl/gncpyjg/201609/t20160918_1292930.html,-152.5,6895,1,down,152.5,2016-09,43.204,10,-2.354,-5.16704,46.857,10,-1.909,-3.914613,44.992,10,-1.997,-4.249931,45.8865,10,-1.991,-4.15853,46.2443,10,-1.9886,-4.122912,1.9,0.1,50.4,53.7,,3306,1051321.5,318,-93.090559,-59.409441
2016-09-30,2016-09-30,0,0,7380,6410,9月30日国内成品油价格不作调整,https://www.ndrc.gov.cn/xwdt/ztzl/gncpyjg/201609/t20160930_1292931.html,0,6895,0,no_adjust,0,2016-09,42.509,10,-0.695,-1.608647,46.193,10,-0.664,-1.417077,45.106,10,0.114,0.253378,45.6495,10,-0.237,-0.516492,45.8669,10,-0.3774,-0.816101,1.9,0.1,50.4,53.7,,3306,1051321.5,318,-16.205688,16.205688
2016-10-20,2016-10-19,355,340,7735,6750,国内成品油价格按机制上调,https://www.ndrc.gov.cn/xwdt/ztzl/gncpyjg/201610/t20161019_1292932.html,347.5,7242.5,1,up,347.5,2016-10,48.316,10,5.807,13.660637,49.903,10,3.71,8.03152,50.166,10,5.06,11.21802,50.0345,10,4.385,9.605801,49.9819,10,4.115,8.971611,2.1,1.2,51.2,54,,2879,940085,326.53,198.167198,149.332802
2016-11-02,2016-11-02,0,0,7735,6750,11月2日国内成品油价格不作调整,https://www.ndrc.gov.cn/xwdt/ztzl/gncpyjg/201611/t20161102_1292933.html,0,7242.5,0,no_adjust,0,2016-11,47.32,10,-0.996,-2.061429,48.929,10,-0.974,-1.951786,49.281,10,-0.885,-1.764143,49.105,10,-0.9295,-1.857718,49.0346,10,-0.9473,-1.895286,2.3,3.3,51.7,54.7,,3235,1121513.6,346.68,-43.400752,43.400752
2016-11-17,2016-11-16,-365,-355,7370,6395,国内成品油价格按机制下调,https://www.ndrc.gov.cn/xwdt/ztzl/gncpyjg/201611/t20161116_1292934.html,-360,6882.5,1,down,360,2016-11,42.066,10,-5.254,-11.103128,43.26,10,-5.669,-11.586176,44.625,10,-4.656,-9.44786,43.9425,10,-5.1625,-10.513186,43.6695,10,-5.3651,-10.941458,2.3,3.3,51.7,54.7,,3235,1121513.6,346.68,-254.2138,-105.7862
2016-12-01,2016-11-30,175,170,7545,6565,国内成品油价格按机制上调,https://www.ndrc.gov.cn/xwdt/ztzl/gncpyjg/201611/t20161130_1292935.html,172.5,7055,1,up,172.5,2016-12,44.083,10,2.017,4.794846,45.783,10,2.523,5.832178,46.242,10,1.617,3.623529,45.843,10,1.9005,4.32497,45.6834,10,2.0139,4.611686,2.1,5.5,51.4,54.5,,3638,1229788.7,338.04,97.904783,74.595217
2016-12-15,2016-12-14,435,420,7980,6985,国内成品油价格按机制上调,https://www.ndrc.gov.cn/xwdt/ztzl/gncpyjg/201612/t20161214_1292936.html,427.5,7482.5,1,up,427.5,2016-12,50.357,10,6.274,14.232244,52.115,10,6.332,13.830461,51.279,10,5.037,10.892695,51.697,10,5.854,12.76967,51.8642,10,6.1808,13.529641,2.1,5.5,51.4,54.5,,3638,1229788.7,338.04,296.745131,130.754869
2016-12-29,2016-12-28,100,95,8080,7080,国内成品油价格按机制上调,https://www.ndrc.gov.cn/xwdt/ztzl/gncpyjg/201612/t20161228_1292937.html,97.5,7580,1,up,97.5,2016-12,51.861,10,1.504,2.986675,53.536,10,1.421,2.726662,51.943,10,0.664,1.294877,52.7355,10,1.0385,2.008821,53.0557,10,1.1915,2.297346,2.1,5.5,51.4,54.5,,3638,1229788.7,338.04,58.660669,38.839331
2017-01-13,2017-01-12,70,70,8150,7150,国内成品油价格按机制上调,https://www.ndrc.gov.cn/xwdt/ztzl/gncpyjg/201701/t20170112_1292938.html,70,7650,1,up,70,2017-01,52.78,10,0.919,1.772045,54.659,10,1.123,2.097654,52.989,10,1.046,2.013746,53.824,10,1.0885,2.064074,54.158,10,1.1023,2.077628,2.5,6.9,51.3,54.6,54,3403,1296886.6,381.1,54.404133,15.595867
2017-01-26,2017-01-25,-70,-70,8080,7080,国内成品油价格按机制下调,https://www.ndrc.gov.cn/xwdt/ztzl/gncpyjg/201701/t20170125_1292939.html,-70,7580,1,down,70,2017-01,52.077,10,-0.703,-1.331944,54.296,10,-0.363,-0.664118,52.082,10,-0.907,-1.711676,53.134,10,-0.69,-1.281956,53.5548,10,-0.6032,-1.113778,2.5,6.9,51.3,54.6,54,3403,1296886.6,381.1,-26.980641,-43.019359
2017-02-15,2017-02-14,50,50,8130,7130,国内成品油价格按机制上调,https://www.ndrc.gov.cn/xwdt/ztzl/gncpyjg/201702/t20170214_1292940.html,50,7630,1,up,50,2017-02,53.126,10,1.049,2.014325,54.946,10,0.65,1.197142,53.137,10,1.055,2.025652,54.0415,10,0.9075,1.707946,54.4033,10,0.8485,1.584358,0.8,7.8,51.6,54.2,54,3178,1249189.9,393.07,42.293048,7.706952
2017-02-28,2017-02-28,0,0,8130,7130,2月28日国内成品油价格不作调整,https://www.ndrc.gov.cn/xwdt/ztzl/gncpyjg/201702/t20170228_1292941.html,0,7630,0,no_adjust,0,2017-02,53.492,10,0.366,0.688928,54.982,10,0.036,0.065519,53.624,10,0.487,0.916499,54.248,10,0.2065,0.382114,54.4976,10,0.0943,0.173335,0.8,7.8,51.6,54.2,54,3178,1249189.9,393.07,6.30337,-6.30337
2017-03-15,2017-03-14,-85,-85,8045,7045,国内成品油价格按机制下调,https://www.ndrc.gov.cn/xwdt/ztzl/gncpyjg/201703/t20170314_1292942.html,-85,7545,1,down,85,2017-03,52.329,10,-1.163,-2.174157,53.138,10,-1.844,-3.353825,51.423,10,-2.201,-4.104505,52.2805,10,-1.9675,-3.626862,52.6235,10,-1.8741,-3.438867,0.9,7.6,51.8,55.1,54.7,3895,1535754.3,394.29,-87.626732,2.626732
2017-03-29,2017-03-28,-230,-220,7815,6825,国内成品油价格按机制下调,https://www.ndrc.gov.cn/xwdt/ztzl/gncpyjg/201703/t20170328_1292943.html,-225,7320,1,down,225,2017-03,48.841,10,-3.488,-6.66552,50.2,10,-2.938,-5.529,47.564,10,-3.859,-7.504424,48.882,10,-3.3985,-6.500512,49.4092,10,-3.2143,-6.108108,0.9,7.6,51.8,55.1,54.7,3895,1535754.3,394.29,-151.579751,-73.420249
2017-04-13,2017-04-12,200,190,8015,7015,国内成品油价格按机制上调,https://www.ndrc.gov.cn/xwdt/ztzl/gncpyjg/201704/t20170412_1292944.html,195,7515,1,up,195,2017-04,51.469,10,2.628,5.380725,53.172,10,2.972,5.920319,51.307,10,3.743,7.869397,52.2395,10,3.3575,6.868581,52.6125,10,3.2033,6.483206,1.2,6.4,51.2,54,53.9,3439,1306318.4,379.85,154.661775,40.338225
2017-04-26,2017-04-26,0,0,8015,7015,4月26日国内成品油价格不作调整,https://www.ndrc.gov.cn/xwdt/ztzl/gncpyjg/201704/t20170426_1292945.html,0,7515,0,no_adjust,0,2017-04,51.698,10,0.229,0.444928,52.376,10,-0.796,-1.497029,51.328,10,0.021,0.04093,51.852,10,-0.3875,-0.741776,52.0616,10,-0.5509,-1.04709,1.2,6.4,51.2,54,53.9,3439,1306318.4,379.85,-24.484936,24.484936
2017-05-12,2017-05-11,-250,-235,7765,6780,国内成品油价格按机制下调,https://www.ndrc.gov.cn/xwdt/ztzl/gncpyjg/201705/t20170511_1292946.html,-242.5,7272.5,1,down,242.5,2017-05,48.005,10,-3.693,-7.14341,48.42,10,-3.956,-7.553078,47.39,10,-3.938,-7.672226,47.905,10,-3.947,-7.61205,48.111,10,-3.9506,-7.588318,1.5,5.5,51.2,54.5,54.1,3720,1413334.7,379.93,-186.715259,-55.784741
2017-05-26,2017-05-25,140,135,7905,6915,国内成品油价格按机制上调,https://www.ndrc.gov.cn/xwdt/ztzl/gncpyjg/201705/t20170525_1292947.html,137.5,7410,1,up,137.5,2017-05,50.138,10,2.133,4.443287,51.684,10,3.264,6.741016,49.478,10,2.088,4.405993,50.581,10,2.676,5.586056,51.0222,10,2.9112,6.051007,1.5,5.5,51.2,54.5,54.1,3720,1413334.7,379.93,140.723052,-3.223052
2017-06-10,2017-06-09,-180,-175,7725,6740,国内成品油价格按机制下调,https://www.ndrc.gov.cn/xwdt/ztzl/gncpyjg/201706/t20170609_1292948.html,-177.5,7232.5,1,down,177.5,2017-06,48.032,10,-2.106,-4.200407,49.175,10,-2.509,-4.8545,47.908,10,-1.57,-3.173127,48.5415,10,-2.0395,-4.032146,48.7949,10,-2.2273,-4.365355,1.5,5.5,51.7,54.9,54.7,3611,1310854.3,363.02,-104.481087,-73.018913
2017-06-24,2017-06-23,-250,-240,7475,6500,国内成品油价格按机制下调,https://www.ndrc.gov.cn/xwdt/ztzl/gncpyjg/201706/t20170623_1292949.html,-245,6987.5,1,down,245,2017-06,44.564,10,-3.468,-7.220187,45.654,10,-3.521,-7.160142,44.491,10,-3.417,-7.13242,45.0725,10,-3.469,-7.146462,45.3051,10,-3.4898,-7.151977,1.5,5.5,51.7,54.9,54.7,3611,1310854.3,363.02,-164.726338,-80.273662
2017-07-07,2017-07-07,0,0,7475,6500,7月7日国内成品油价格不作调整,https://www.ndrc.gov.cn/xwdt/ztzl/gncpyjg/201707/t20170707_1292950.html,0,6987.5,0,no_adjust,0,2017-07,45.416,10,0.852,1.911857,46.934,10,1.28,2.803697,44.163,10,-0.328,-0.737228,45.0885,10,0.016,0.035498,45.4587,10,0.1536,0.339035,1.4,5.5,51.4,54.5,54.1,3474,1186558.3,341.55,9.133107,-9.133107
2017-07-22,2017-07-21,75,75,7550,6575,国内成品油价格按机制上调,https://www.ndrc.gov.cn/xwdt/ztzl/gncpyjg/201707/t20170721_1292951.html,75,7062.5,1,up,75,2017-07,46.033,10,0.617,1.358552,47.445,10,0.511,1.088763,45.803,10,1.64,3.713516,46.624,10,1.5355,3.405525,46.9524,10,1.4937,3.28584,1.4,5.5,51.4,54.5,54.1,3474,1186558.3,341.55,73.081354,1.918646
2017-08-05,2017-08-04,175,165,7725,6740,国内成品油价格按机制上调,https://www.ndrc.gov.cn/xwdt/ztzl/gncpyjg/201708/t20170804_1292952.html,170,7232.5,1,up,170,2017-08,48.655,10,2.622,5.695914,50.495,10,3.05,6.428496,48.514,10,2.711,5.918826,49.5045,10,2.8805,6.178149,49.9007,10,2.9483,6.279338,1.8,6.3,51.7,53.4,53.7,3398,1176655.2,346.28,142.493427,27.506573
2017-08-18,2017-08-18,0,0,7725,6740,8月18日国内成品油价格不作调整,https://www.ndrc.gov.cn/xwdt/ztzl/gncpyjg/201708/t20170818_1292953.html,0,7232.5,0,no_adjust,0,2017-08,49.574,10,0.919,1.888809,51.425,10,0.93,1.841767,48.398,10,-0.116,-0.239106,49.9115,10,0.407,0.822147,50.5169,10,0.6162,1.234852,1.8,6.3,51.7,53.4,53.7,3398,1176655.2,346.28,31.207922,-31.207922
2017-09-01,2017-09-01,0,0,7725,6740,9月1日国内成品油价格不作调整,https://www.ndrc.gov.cn/xwdt/ztzl/gncpyjg/201709/t20170901_1292954.html,0,7232.5,0,no_adjust,0,2017-09,49.548,10,-0.026,-0.052447,51.921,10,0.496,0.964511,47.305,10,-1.093,-2.258358,49.613,10,-0.2985,-0.598059,50.5362,10,0.0193,0.038205,1.6,6.9,52.4,55.4,55.1,3701,1360255.4,367.54,2.724444,-2.724444
2017-09-16,2017-09-15,95,95,7820,6835,国内成品油价格按机制上调,https://www.ndrc.gov.cn/xwdt/ztzl/gncpyjg/201709/t20170915_1292955.html,95,7327.5,1,up,95,2017-09,51.853,10,2.305,4.652055,54.411,10,2.49,4.795747,48.431,10,1.126,2.380298,51.4255,10,1.8125,3.653276,52.6233,10,2.0871,4.129911,1.6,6.9,52.4,55.4,55.1,3701,1360255.4,367.54,101.397815,-6.397815
2017-09-30,2017-09-29,210,195,8030,7030,国内成品油价格按机制上调,https://www.ndrc.gov.cn/xwdt/ztzl/gncpyjg/201709/t20170929_1292956.html,202.5,7530,1,up,202.5,2017-09,54.843,10,2.99,5.766301,57.808,10,3.397,6.243223,50.772,10,2.341,4.833681,54.29,10,2.8645,5.570194,55.6972,10,3.0739,5.841329,1.6,6.9,52.4,55.4,55.1,3701,1360255.4,367.54,148.486935,54.013065
2017-10-19,2017-10-19,0,0,8030,7030,10月19日国内成品油价格不作调整,https://www.ndrc.gov.cn/xwdt/ztzl/gncpyjg/201710/t20171019_1292957.html,0,7530,0,no_adjust,0,2017-10,54.881,10,0.038,0.069289,56.679,10,-1.129,-1.953017,50.976,10,0.204,0.401796,53.8275,10,-0.4625,-0.851906,54.9681,10,-0.7291,-1.309042,1.9,6.9,51.6,54.3,53.9,3103,1213554.1,391.09,-32.988464,32.988464
2017-11-03,2017-11-02,150,150,8180,7180,国内成品油价格按机制上调,https://www.ndrc.gov.cn/xwdt/ztzl/gncpyjg/201711/t20171102_1292958.html,150,7680,1,up,150,2017-11,56.863,10,1.982,3.61145,59.157,10,2.478,4.37199,52.824,10,1.848,3.625235,55.9905,10,2.163,4.018392,57.2571,10,2.289,4.164233,1.7,5.8,51.8,54.8,54.6,3704,1413334.7,381.57,111.032283,38.967717
2017-11-17,2017-11-16,265,250,8445,7430,国内成品油价格按机制上调,https://www.ndrc.gov.cn/xwdt/ztzl/gncpyjg/201711/t20171116_1292959.html,257.5,7937.5,1,up,257.5,2017-11,60.746,10,3.883,6.828694,62.874,10,3.717,6.28328,56.316,10,3.492,6.610632,59.595,10,3.6045,6.437699,60.9066,10,3.6495,6.373882,1.7,5.8,51.8,54.8,54.6,3704,1413334.7,381.57,175.953998,81.546002
2017-11-30,2017-11-30,0,0,8445,7430,11月30日国内成品油价格不作调整,https://www.ndrc.gov.cn/xwdt/ztzl/gncpyjg/201711/t20171130_1292960.html,0,7937.5,0,no_adjust,0,2017-11,60.853,10,0.107,0.176143,62.646,10,-0.228,-0.36263,56.981,10,0.665,1.180837,59.7125,10,0.1175,0.197164,60.8051,10,-0.1015,-0.166649,1.7,5.8,51.8,54.8,54.6,3704,1413334.7,381.57,-3.040013,3.040013
2017-12-14,2017-12-14,0,0,8445,7430,12月14日国内成品油价格不作调整,https://www.ndrc.gov.cn/xwdt/ztzl/gncpyjg/201712/t20171214_1292961.html,0,7937.5,0,no_adjust,0,2017-12,61.316,10,0.463,0.76085,63.772,10,1.126,1.797401,57.188,10,0.207,0.363279,60.48,10,0.7675,1.285326,61.7968,10,0.9917,1.630949,1.8,4.9,51.6,55,54.6,3370,1492760.9,442.96,49.12641,-49.12641
2017-12-29,2017-12-28,70,70,8515,7500,国内成品油价格按机制上调,https://www.ndrc.gov.cn/xwdt/ztzl/gncpyjg/201712/t20171228_1292962.html,70,8007.5,1,up,70,2017-12,62.2,10,0.884,1.441712,64.4,10,0.628,0.984758,57.944,10,0.756,1.321956,61.0505,10,0.5705,0.943287,62.3903,10,0.5935,0.960406,1.8,4.9,51.6,55,54.6,3370,1492760.9,442.96,30.1247,39.8753
2018-01-13,2018-01-12,180,175,8695,7675,国内成品油价格按机制上调,https://www.ndrc.gov.cn/xwdt/ztzl/gncpyjg/201801/t20180112_1292963.html,177.5,8185,1,up,177.5,2018-01,65.746,10,3.546,5.700965,68.248,10,3.848,5.975155,61.781,10,3.837,6.621911,65.0145,10,3.964,6.492985,66.3079,10,3.9176,6.279181,1.5,4.3,51.3,55.3,54.6,4064,1876820,461.82,188.747465,-11.247465
2018-01-27,2018-01-26,65,60,8760,7735,国内成品油价格按机制上调,https://www.ndrc.gov.cn/xwdt/ztzl/gncpyjg/201801/t20180126_1292964.html,62.5,8247.5,1,up,62.5,2018-01,67.352,10,1.606,2.442734,69.67,10,1.422,2.083578,64.253,10,2.472,4.00123,66.964,10,1.9495,2.998562,68.0484,10,1.7405,2.624876,1.5,4.3,51.3,55.3,54.6,4064,1876820,461.82,84.858406,-22.358406
2018-02-10,2018-02-09,-170,-160,8590,7575,国内成品油价格按机制下调,https://www.ndrc.gov.cn/xwdt/ztzl/gncpyjg/201802/t20180209_1292965.html,-165,8082.5,1,down,165,2018-02,66.015,10,-1.337,-1.985093,67.454,10,-2.216,-3.180709,64.373,10,0.12,0.186762,65.9135,10,-1.0505,-1.568753,66.5297,10,-1.5187,-2.231794,2.9,3.7,50.3,54.4,52.9,3226,1579220,489.53,-70.667395,-94.332605
2018-03-01,2018-02-28,-190,-185,8400,7390,国内成品油价格按机制下调,https://www.ndrc.gov.cn/xwdt/ztzl/gncpyjg/201802/t20180228_1292966.html,-187.5,7895,1,down,187.5,2018-03,63.072,10,-2.943,-4.458078,65.26,10,-2.194,-3.252587,62.003,10,-2.37,-3.681668,63.481,10,-2.4325,-3.690443,64.0722,10,-2.4575,-3.693839,2.1,3.1,51.5,54.6,54,3917,1829280,467.01,-115.466003,-72.033997
2018-03-14,2018-03-14,0,0,8400,7390,3月14日国内成品油价格不作调整,https://www.ndrc.gov.cn/xwdt/ztzl/gncpyjg/201803/t20180314_1292967.html,0,7895,0,no_adjust,0,2018-03,62.498,10,-0.574,-0.910071,64.89,10,-0.37,-0.566963,61.391,10,-0.612,-0.987049,63.1405,10,-0.3405,-0.536381,63.8403,10,-0.2319,-0.361935,2.1,3.1,51.5,54.6,54,3917,1829280,467.01,-9.262572,9.262572
2018-03-29,2018-03-28,170,165,8570,7555,国内成品油价格按机制上调,https://www.ndrc.gov.cn/xwdt/ztzl/gncpyjg/201803/t20180328_1292968.html,167.5,8062.5,1,up,167.5,2018-03,64.597,10,2.099,3.358507,66.638,10,1.748,2.693789,63.557,10,2.166,3.528204,65.0975,10,1.957,3.099437,65.7137,10,1.8734,2.93451,2.1,3.1,51.5,54.6,54,3917,1829280,467.01,91.200262,76.299738
2018-04-13,2018-04-12,55,50,8625,7605,国内成品油价格按机制上调,https://www.ndrc.gov.cn/xwdt/ztzl/gncpyjg/201804/t20180412_1292969.html,52.5,8115,1,up,52.5,2018-04,65.776,10,1.179,1.825162,68.549,10,1.911,2.867733,64.023,10,0.466,0.7332,66.394,10,1.2965,1.991628,67.256,10,1.5423,2.346999,1.8,3.4,51.4,54.8,54.1,3946,1867060,473.15,75.400498,-22.900498
2018-04-27,2018-04-26,255,245,8880,7850,国内成品油价格按机制上调,https://www.ndrc.gov.cn/xwdt/ztzl/gncpyjg/201804/t20180426_1292970.html,250,8365,1,up,250,2018-04,69.788,10,4.012,6.099489,73.577,10,5.028,7.334899,67.542,10,3.519,5.496462,70.5595,10,4.1655,6.27391,71.7665,10,4.5105,6.706465,1.8,3.4,51.4,54.8,54.1,3946,1867060,473.15,217.040067,32.959933
2018-05-01,2018-04-29,-75,-65,8805,7785,国内成品油价格因增值税税率调整相应下调,https://www.ndrc.gov.cn/xwdt/ztzl/gncpyjg/201804/t20180429_1292971.html,-70,8295,1,down,70,2018-05,70.209,10,0.421,0.603256,74.187,10,0.61,0.829063,67.729,10,0.187,0.276865,70.958,10,0.3985,0.564772,72.2496,10,0.4831,0.673155,1.8,4.1,51.9,54.9,54.6,3905,1996370,511.23,24.856521,-94.856521
2018-05-12,2018-05-11,170,165,8975,7950,国内成品油价格按机制上调,https://www.ndrc.gov.cn/xwdt/ztzl/gncpyjg/201805/t20180511_1292972.html,167.5,8462.5,1,up,167.5,2018-05,71.785,10,1.576,2.244726,75.218,10,1.031,1.389731,69.211,10,1.482,2.188132,72.0865,10,1.1285,1.590377,73.3391,10,1.0895,1.507967,1.8,4.1,51.9,54.9,54.6,3905,1996370,511.23,53.79333,113.70667
2018-05-26,2018-05-25,260,250,9235,8200,国内成品油价格按机制上调,https://www.ndrc.gov.cn/xwdt/ztzl/gncpyjg/201805/t20180525_1292973.html,255,8717.5,1,up,255,2018-05,75.895,10,4.11,5.72543,78.749,10,3.531,4.694355,71.414,10,2.203,3.18302,75.0815,10,2.995,4.154731,76.5485,10,3.2094,4.37611,1.8,4.1,51.9,54.9,54.6,3905,1996370,511.23,154.952861,100.047139
2018-06-09,2018-06-08,-130,-125,9105,8075,国内成品油价格按机制下调,https://www.ndrc.gov.cn/xwdt/ztzl/gncpyjg/201806/t20180608_1292974.html,-127.5,8590,1,down,127.5,2018-06,73.738,10,-2.157,-2.842084,75.167,10,-3.582,-4.548629,66.75,10,-4.664,-6.530932,70.9585,10,-4.123,-5.491366,72.6419,10,-3.9066,-5.103431,1.9,4.7,51.5,55,54.4,3435,1863780,542.59,-184.615622,57.115622
2018-06-26,2018-06-25,-55,-55,9050,8020,国内成品油价格按机制下调,https://www.ndrc.gov.cn/xwdt/ztzl/gncpyjg/201806/t20180625_1292975.html,-55,8535,1,down,55,2018-06,72.638,10,-1.1,-1.491768,74.188,10,-0.979,-1.302433,66.265,10,-0.485,-0.726592,70.2265,10,-0.732,-1.031589,71.8111,10,-0.8308,-1.143693,1.9,4.7,51.5,55,54.4,3435,1863780,542.59,-37.841488,-17.158512
2018-07-10,2018-07-09,270,260,9320,8280,国内成品油价格按机制上调,https://www.ndrc.gov.cn/xwdt/ztzl/gncpyjg/201807/t20180709_1292976.html,265,8800,1,up,265,2018-07,74.536,10,1.898,2.612957,75.783,10,1.595,2.149943,73.406,10,7.141,10.776428,74.4285,10,4.202,5.983496,74.8375,10,3.0264,4.21439,2.1,4.6,51.2,54,53.6,3602,1934240,536.99,146.220282,118.779718
2018-07-24,2018-07-23,-125,-120,9195,8160,国内成品油价格按机制下调,https://www.ndrc.gov.cn/xwdt/ztzl/gncpyjg/201807/t20180723_1292977.html,-122.5,8677.5,1,down,122.5,2018-07,72.501,10,-2.035,-2.730224,73.28,10,-2.503,-3.302852,70.458,10,-2.948,-4.01602,71.869,10,-2.5595,-3.438871,72.4334,10,-2.4041,-3.212427,2.1,4.6,51.2,54,53.6,3602,1934240,536.99,-112.917808,-9.582192
2018-08-07,2018-08-06,70,70,9265,8230,国内成品油价格按机制上调,https://www.ndrc.gov.cn/xwdt/ztzl/gncpyjg/201808/t20180806_1292978.html,70,8747.5,1,up,70,2018-08,72.669,10,0.168,0.231721,73.686,10,0.406,0.554039,69.736,10,-0.722,-1.024724,71.711,10,-0.158,-0.219844,72.501,10,0.0676,0.093327,2.3,4.1,51.3,54.2,53.8,3838,2051910,534.63,5.029272,64.970728
2018-08-21,2018-08-20,-50,-50,9215,8180,国内成品油价格按机制下调,https://www.ndrc.gov.cn/xwdt/ztzl/gncpyjg/201808/t20180820_1292979.html,-50,8697.5,1,down,50,2018-08,71.121,10,-1.548,-2.130207,70.62,10,-3.066,-4.160899,67.025,10,-2.711,-3.887519,68.8225,10,-2.8885,-4.027973,69.5415,10,-2.9595,-4.082013,2.3,4.1,51.3,54.2,53.8,3838,2051910,534.63,-139.420947,89.420947
2018-09-04,2018-09-03,180,170,9395,8350,国内成品油价格按机制上调,https://www.ndrc.gov.cn/xwdt/ztzl/gncpyjg/201809/t20180903_1292980.html,175,8872.5,1,up,175,2018-09,73.521,10,2.4,3.374531,74.424,10,3.804,5.386576,68.879,10,1.854,2.766132,71.6515,10,2.829,4.110574,72.7605,10,3.219,4.628891,2.5,3.6,50.8,54.9,54.1,3721,1994450,536,155.410964,19.589036
2018-09-18,2018-09-17,145,145,9540,8495,国内成品油价格按机制上调,https://www.ndrc.gov.cn/xwdt/ztzl/gncpyjg/201809/t20180917_1292981.html,145,9017.5,1,up,145,2018-09,75.684,10,2.163,2.942017,77.376,10,2.952,3.966462,68.868,10,-0.011,-0.01597,73.0785,10,1.427,1.991584,74.7627,10,2.0022,2.751768,2.5,3.6,50.8,54.9,54.1,3721,1994450,536,97.346471,47.653529
2018-10-01,2018-09-30,240,230,9780,8725,国内成品油价格按机制上调,https://www.ndrc.gov.cn/xwdt/ztzl/gncpyjg/201809/t20180930_1292982.html,235,9252.5,1,up,235,2018-10,78.674,10,2.99,3.950637,80.406,10,3.03,3.915943,71.557,10,2.689,3.904571,75.9815,10,2.903,3.972441,77.7513,10,2.9886,3.997448,2.5,3.3,50.2,53.9,53.1,4080,2293980,562.25,144.416504,90.583496
2018-10-20,2018-10-19,165,160,9945,8885,国内成品油价格按机制上调,https://www.ndrc.gov.cn/xwdt/ztzl/gncpyjg/201810/t20181019_1292983.html,162.5,9415,1,up,162.5,2018-10,80.647,10,1.973,2.507817,82.203,10,1.797,2.234908,72.107,10,0.55,0.768618,77.155,10,1.1735,1.544455,79.1742,10,1.4229,1.830066,2.5,3.3,50.2,53.9,53.1,4080,2293980,562.25,69.702848,92.797152
2018-11-03,2018-11-02,-375,-365,9570,8520,国内成品油价格按机制下调,https://www.ndrc.gov.cn/xwdt/ztzl/gncpyjg/201811/t20181102_1292984.html,-370,9045,1,down,370,2018-11,75.948,10,-4.699,-5.826627,77.087,10,-5.116,-6.223617,66.845,10,-5.262,-7.297488,71.966,10,-5.189,-6.725423,74.0144,10,-5.1598,-6.517022,2.2,2.7,50,53.4,52.8,4287,2415680,563.49,-244.417087,-125.582913
2018-11-17,2018-11-16,-510,-490,9060,8030,国内成品油价格按机制下调,https://www.ndrc.gov.cn/xwdt/ztzl/gncpyjg/201811/t20181116_1292985.html,-500,8545,1,down,500,2018-11,69.05,10,-6.898,-9.08253,68.858,10,-8.229,-10.674952,59.908,10,-6.937,-10.37774,64.383,10,-7.583,-10.53692,66.173,10,-7.8414,-10.594425,2.2,2.7,50,53.4,52.8,4287,2415680,563.49,-372.380387,-127.619613
2018-12-01,2018-11-30,-540,-520,8520,7510,国内成品油价格按机制下调,https://www.ndrc.gov.cn/xwdt/ztzl/gncpyjg/201811/t20181130_1292986.html,-530,8015,1,down,530,2018-12,61.584,10,-7.466,-10.812455,60.692,10,-8.166,-11.859188,53.835,10,-6.073,-10.13721,57.848,10,-6.535,-10.150195,59.4532,10,-6.7198,-10.154897,1.9,0.9,49.4,53.8,52.6,4378,2130360,486.61,-318.858744,-211.141256
2018-12-15,2018-12-14,-125,-120,8395,7390,国内成品油价格按机制下调,https://www.ndrc.gov.cn/xwdt/ztzl/gncpyjg/201812/t20181214_1292987.html,-122.5,7892.5,1,down,122.5,2018-12,59.422,10,-2.162,-3.510652,59.903,10,-0.789,-1.300007,52.036,10,-1.799,-3.341692,55.9695,10,-1.8785,-3.247303,57.5429,10,-1.9103,-3.213116,1.9,0.9,49.4,53.8,52.6,4378,2130360,486.61,-89.35416,-33.14584
2018-12-29,2018-12-28,-370,-355,8025,7035,国内成品油价格按机制下调,https://www.ndrc.gov.cn/xwdt/ztzl/gncpyjg/201812/t20181228_1292988.html,-362.5,7530,1,down,362.5,2018-12,55.541,10,-3.881,-6.531251,56.197,10,-3.706,-6.186668,48.041,10,-3.995,-7.677377,52.3995,10,-3.57,-6.378474,53.9185,10,-3.6244,-6.298605,1.9,0.9,49.4,53.8,52.6,4378,2130360,486.61,-171.149317,-191.350683
2019-01-15,2019-01-14,105,105,8130,7140,国内成品油价格按机制上调,https://www.ndrc.gov.cn/xwdt/ztzl/gncpyjg/201901/t20190114_1292989.html,105,7635,1,up,105,2019-01,55.429,10,-0.112,-0.201653,55.817,10,-0.38,-0.676193,48.452,10,0.411,0.855519,52.1345,10,-0.265,-0.50573,53.6075,10,-0.311,-0.576796,1.7,0.1,49.5,54.7,53.2,4260,1867880,438.47,-13.037146,118.037146
2019-01-29,2019-01-28,245,230,8375,7370,国内成品油价格按机制上调,https://www.ndrc.gov.cn/xwdt/ztzl/gncpyjg/201901/t20190128_1292990.html,237.5,7872.5,1,up,237.5,2019-01,60.047,10,4.618,8.331379,60.586,10,4.769,8.543992,52.256,10,3.804,7.851069,56.274,10,4.1395,7.94004,57.8812,10,4.2737,7.972205,1.7,0.1,49.5,54.7,53.2,4260,1867880,438.47,205.740205,31.759795
2019-02-15,2019-02-14,50,50,8425,7420,国内成品油价格按机制上调,https://www.ndrc.gov.cn/xwdt/ztzl/gncpyjg/201902/t20190214_1292991.html,50,7922.5,1,up,50,2019-02,61.801,10,1.754,2.921045,62,10,1.414,2.333873,53.617,10,1.361,2.604486,57.8085,10,1.5345,2.726837,59.4851,10,1.6039,2.771021,1.5,0.1,49.2,54.3,52.4,3923,1723480,439.33,78.339989,-28.339989
2019-03-01,2019-02-28,270,260,8695,7680,国内成品油价格按机制上调,https://www.ndrc.gov.cn/xwdt/ztzl/gncpyjg/201902/t20190228_1292992.html,265,8187.5,1,up,265,2019-03,65.441,10,3.64,5.889872,65.664,10,3.664,5.909677,55.844,10,2.227,4.153533,60.597,10,2.7885,4.823685,62.4982,10,3.0131,5.065302,2.3,0.4,50.5,54.8,54,3934,1856320,471.87,145.585619,119.414381
2019-03-14,2019-03-14,0,0,8695,7680,3月14日国内成品油价格不作调整,https://www.ndrc.gov.cn/xwdt/ztzl/gncpyjg/201903/t20190314_1292993.html,0,8187.5,0,no_adjust,0,2019-03,65.474,10,0.033,0.050427,64.869,10,-0.795,-1.210709,56.666,10,0.822,1.471958,60.7675,10,0.1705,0.281367,62.4081,10,-0.0901,-0.144164,2.3,0.4,50.5,54.8,54,3934,1856320,471.87,-2.496016,2.496016
2019-03-29,2019-03-28,80,80,8775,7760,国内成品油价格按机制上调,https://www.ndrc.gov.cn/xwdt/ztzl/gncpyjg/201903/t20190328_1292994.html,80,8267.5,1,up,80,2019-03,67.068,10,1.594,2.434554,67.124,10,2.255,3.476237,59.225,10,2.559,4.515935,63.1745,10,2.407,3.960999,64.7543,10,2.3462,3.759448,2.3,0.4,50.5,54.8,54,3934,1856320,471.87,113.761811,-33.761811
2019-04-01,2019-03-29,-225,-200,8550,7560,国内成品油价格因增值税税率调整相应下调,https://www.ndrc.gov.cn/xwdt/ztzl/gncpyjg/201903/t20190329_1292995.html,-212.5,8055,1,down,212.5,2019-04,66.977,10,-0.091,-0.135683,67.114,10,-0.01,-0.014898,59.295,10,0.07,0.118193,63.2045,10,0.03,0.047488,64.7683,10,0.014,0.02162,2.5,0.9,50.1,54.3,53.4,4373,2148650,491.34,2.471533,-214.971533
2019-04-13,2019-04-12,155,150,8705,7710,国内成品油价格按机制上调,https://www.ndrc.gov.cn/xwdt/ztzl/gncpyjg/201904/t20190412_1292996.html,152.5,8207.5,1,up,152.5,2019-04,69.267,10,2.29,3.419084,70.07,10,2.956,4.404446,62.864,10,3.569,6.019057,66.467,10,3.2625,5.161816,67.9082,10,3.1399,4.847896,2.5,0.9,50.1,54.3,53.4,4373,2148650,491.34,151.63639,0.86361
2019-04-27,2019-04-26,195,185,8900,7895,国内成品油价格按机制上调,https://www.ndrc.gov.cn/xwdt/ztzl/gncpyjg/201904/t20190426_1292997.html,190,8397.5,1,up,190,2019-04,71.609,10,2.342,3.381119,71.999,10,1.929,2.752961,64.576,10,1.712,2.723339,68.2875,10,1.8205,2.738953,69.7721,10,1.8639,2.744735,2.5,0.9,50.1,54.3,53.4,4373,2148650,491.34,90.746932,99.253068
2019-05-14,2019-05-13,-75,-75,8825,7820,国内成品油价格按机制下调,https://www.ndrc.gov.cn/xwdt/ztzl/gncpyjg/201905/t20190513_1292998.html,-75,8322.5,1,down,75,2019-05,70.745,10,-0.864,-1.206552,71.419,10,-0.58,-0.805567,62.357,10,-2.219,-3.436261,66.888,10,-1.3995,-2.049423,68.7004,10,-1.0717,-1.536001,2.7,0.6,49.4,54.3,53.3,4023,2107140,523.77,-49.336997,-25.663003
2019-05-28,2019-05-27,50,50,8875,7870,国内成品油价格按机制上调,https://www.ndrc.gov.cn/xwdt/ztzl/gncpyjg/201905/t20190527_1292999.html,50,8372.5,1,up,50,2019-05,70.948,10,0.203,0.286946,72.105,10,0.686,0.960529,61.413,10,-0.944,-1.513864,66.759,10,-0.129,-0.19286,68.8974,10,0.197,0.286752,2.7,0.6,49.4,54.3,53.3,4023,2107140,523.77,11.204112,38.795888
2019-06-12,2019-06-11,-465,-445,8410,7425,国内成品油价格按机制下调,https://www.ndrc.gov.cn/xwdt/ztzl/gncpyjg/201906/t20190611_1293000.html,-455,7917.5,1,down,455,2019-06,63.872,10,-7.076,-9.973502,65.72,10,-6.385,-8.855142,54.59,10,-6.823,-11.110026,60.155,10,-6.604,-9.892299,62.381,10,-6.5164,-9.458122,2.7,0,49.4,54.2,53,3958,2017356.1,509.69,-309.152697,-145.847303
2019-06-26,2019-06-25,-120,-115,8290,7310,国内成品油价格按机制下调,https://www.ndrc.gov.cn/xwdt/ztzl/gncpyjg/201906/t20190625_1293001.html,-117.5,7800,1,down,117.5,2019-06,62.586,10,-1.286,-2.013402,63.698,10,-2.022,-3.076689,54.078,10,-0.512,-0.937901,58.888,10,-1.267,-2.106226,60.812,10,-1.569,-2.515189,2.7,0,49.4,54.2,53,3958,2017356.1,509.69,-73.067662,-44.432338
2019-07-10,2019-07-09,150,140,8440,7450,国内成品油价格按机制上调,https://www.ndrc.gov.cn/xwdt/ztzl/gncpyjg/201907/t20190709_1293002.html,145,7945,1,up,145,2019-07,64.565,10,1.979,3.162049,65.148,10,1.45,2.276367,57.858,10,3.78,6.989903,61.668,10,2.78,4.720826,63.192,10,2.38,3.913701,2.8,-0.3,49.7,53.7,53.1,4104,1960366.9,477.67,115.374713,29.625287
2019-07-23,2019-07-23,0,0,8440,7450,7月23日国内成品油价格不作调整,https://www.ndrc.gov.cn/xwdt/ztzl/gncpyjg/201907/t20190723_1293003.html,0,7945,0,no_adjust,0,2019-07,65.32,10,0.755,1.169364,64.51,10,-0.638,-0.979309,57.738,10,-0.12,-0.207404,61.124,10,-0.544,-0.882143,62.4784,10,-0.7136,-1.129257,2.8,-0.3,49.7,53.7,53.1,4104,1960366.9,477.67,-32.248819,32.248819
2019-08-07,2019-08-06,-80,-70,8360,7380,国内成品油价格按机制下调,https://www.ndrc.gov.cn/xwdt/ztzl/gncpyjg/201908/t20190806_1293004.html,-75,7870,1,down,75,2019-08,63.634,10,-1.686,-2.581139,62.429,10,-2.081,-3.225856,56.176,10,-1.562,-2.705324,59.3025,10,-1.8215,-2.980008,60.5531,10,-1.9253,-3.081545,2.8,-0.8,49.5,53.8,53,4217,1979320.4,469.37,-90.069945,15.069945
2019-08-21,2019-08-20,-210,-205,8150,7175,国内成品油价格按机制下调,https://www.ndrc.gov.cn/xwdt/ztzl/gncpyjg/201908/t20190820_1293005.html,-207.5,7662.5,1,down,207.5,2019-08,58.687,10,-4.947,-7.774146,57.837,10,-4.592,-7.355556,54.452,10,-1.724,-3.068926,56.1445,10,-3.158,-5.325239,56.8215,10,-3.7316,-6.162525,2.8,-0.8,49.5,53.8,53,4217,1979320.4,469.37,-176.264795,-31.235205
2019-09-04,2019-09-03,115,105,8265,7280,国内成品油价格按机制上调,https://www.ndrc.gov.cn/xwdt/ztzl/gncpyjg/201909/t20190903_1293006.html,110,7772.5,1,up,110,2019-09,59.82,10,1.133,1.930581,59.576,10,1.739,3.006726,55.351,10,0.899,1.650995,57.5255,10,1.381,2.459724,58.3953,10,1.5738,2.769726,3,-1.2,49.8,53.7,53.1,4124,1854637.8,449.72,76.903647,33.096353
2019-09-19,2019-09-18,125,125,8390,7405,国内成品油价格按机制上调,https://www.ndrc.gov.cn/xwdt/ztzl/gncpyjg/201909/t20190918_1293007.html,125,7897.5,1,up,125,2019-09,62.196,10,2.376,3.971916,63.236,10,3.66,6.143413,57.216,10,1.865,3.369406,60.226,10,2.7005,4.69444,61.43,10,3.0347,5.196822,3,-1.2,49.8,53.7,53.1,4124,1854637.8,449.72,146.61635,-21.61635
2019-10-08,2019-10-08,0,0,8390,7405,10月8日国内成品油价格不作调整,https://www.ndrc.gov.cn/xwdt/ztzl/gncpyjg/201910/t20191008_1293008.html,0,7897.5,0,no_adjust,0,2019-10,60.635,10,-1.561,-2.509808,60.667,10,-2.569,-4.062559,54.416,10,-2.8,-4.893736,57.5415,10,-2.6845,-4.457377,58.7917,10,-2.6383,-4.294807,3.8,-1.6,49.3,52.8,52,4551,2073141.2,455.54,-124.0936,124.0936
2019-10-22,2019-10-21,-150,-145,8240,7260,国内成品油价格按机制下调,https://www.ndrc.gov.cn/xwdt/ztzl/gncpyjg/201910/t20191021_1293009.html,-147.5,7750,1,down,147.5,2019-10,59.452,10,-1.183,-1.951018,59.358,10,-1.309,-2.15768,53.38,10,-1.036,-1.903852,56.369,10,-1.1725,-2.03766,57.5646,10,-1.2271,-2.087199,3.8,-1.6,49.3,52.8,52,4551,2073141.2,455.54,-56.752532,-90.747468
2019-11-05,2019-11-04,105,105,8345,7365,国内成品油价格按机制上调,https://www.ndrc.gov.cn/xwdt/ztzl/gncpyjg/201911/t20191104_1293010.html,105,7855,1,up,105,2019-11,60.853,10,1.401,2.356523,60.487,10,1.129,1.902018,55.187,10,1.807,3.385163,57.837,10,1.468,2.604268,58.897,10,1.3324,2.314617,4.5,-1.4,50.2,54.4,53.7,4574,2089499.4,456.82,65.384277,39.615723
2019-11-19,2019-11-18,70,65,8415,7430,国内成品油价格按机制上调,https://www.ndrc.gov.cn/xwdt/ztzl/gncpyjg/201911/t20191118_1293011.html,67.5,7922.5,1,up,67.5,2019-11,62.494,10,1.641,2.696662,62.477,10,1.99,3.289963,56.715,10,1.528,2.768768,59.4755,10,1.6385,2.832962,60.5797,10,1.6827,2.857022,4.5,-1.4,50.2,54.4,53.7,4574,2089499.4,456.82,82.100247,-14.600247
2019-12-03,2019-12-02,55,50,8470,7480,国内成品油价格按机制上调,https://www.ndrc.gov.cn/xwdt/ztzl/gncpyjg/201912/t20191202_1293012.html,52.5,7975,1,up,52.5,2019-12,63.671,10,1.177,1.883381,64.251,10,1.774,2.839445,57.432,10,0.717,1.264216,60.7735,10,1.298,2.182411,62.1101,10,1.5304,2.526259,4.5,-0.5,50.2,53.5,53.4,4548,2192920,482.17,74.832642,-22.332642
2019-12-16,2019-12-16,0,0,8470,7480,12月16日国内成品油价格不作调整,https://www.ndrc.gov.cn/xwdt/ztzl/gncpyjg/201912/t20191216_1293013.html,0,7975,0,no_adjust,0,2019-12,64.769,10,1.098,1.72449,65.606,10,1.355,2.108917,58.444,10,1.012,1.762084,62.025,10,1.2515,2.059286,63.4574,10,1.3473,2.169212,4.5,-0.5,50.2,53.5,53.4,4548,2192920,482.17,66.095291,-66.095291
2019-12-31,2019-12-30,235,230,8705,7710,国内成品油价格按机制上调,https://www.ndrc.gov.cn/xwdt/ztzl/gncpyjg/201912/t20191230_1293014.html,232.5,8207.5,1,up,232.5,2019-12,67.828,10,3.059,4.722938,68.687,10,3.081,4.696217,60.902,10,2.458,4.205735,64.7945,10,2.7695,4.465135,66.3515,10,2.8941,4.560697,4.5,-0.5,50.2,53.5,53.4,4548,2192920,482.17,139.907057,92.592943
2020-01-14,2020-01-14,0,0,8705,7710,1月14日国内成品油价格不作调整,https://www.ndrc.gov.cn/xwdt/ztzl/gncpyjg/202001/t20200114_1293015.html,0,8207.5,0,no_adjust,0,2020-01,68.373,10,0.545,0.803503,67.599,10,-1.088,-1.583997,60.934,10,0.032,0.052543,64.2665,10,-0.528,-0.814884,65.5995,10,-0.752,-1.133358,5.4,0.1,50,54.1,53,,,,-34.081229,34.081229
2020-02-05,2020-02-04,-420,-405,8285,7305,国内成品油价格按机制下调,https://www.ndrc.gov.cn/xwdt/ztzl/gncpyjg/202002/t20200204_1293016.html,-412.5,7795,1,down,412.5,2020-02,61.266,10,-7.107,-10.394454,59.323,10,-8.276,-12.242785,53.815,10,-7.119,-11.683133,56.569,10,-7.6975,-11.977469,57.6706,10,-7.9289,-12.08683,5.2,-0.4,35.7,29.6,28.9,8609,4218444.2,490,-376.555801,-35.944199
2020-02-19,2020-02-18,-415,-400,7870,6905,国内成品油价格按机制下调,https://www.ndrc.gov.cn/xwdt/ztzl/gncpyjg/202002/t20200218_1293017.html,-407.5,7387.5,1,down,407.5,2020-02,55.451,10,-5.815,-9.491398,55.344,10,-3.979,-6.707348,50.596,10,-3.219,-5.981604,52.7785,10,-3.7905,-6.700666,53.6515,10,-4.0191,-6.969062,5.2,-0.4,35.7,29.6,28.9,8609,4218444.2,490,-189.984011,-217.515989
2020-03-03,2020-03-03,0,0,7870,6905,3月3日国内成品油价格不作调整,https://www.ndrc.gov.cn/xwdt/ztzl/gncpyjg/202003/t20200303_1293018.html,0,7387.5,0,no_adjust,0,2020-03,55.218,10,-0.233,-0.420191,55.822,10,0.478,0.863689,50.113,10,-0.483,-0.954621,52.9675,10,0.189,0.3581,54.1093,10,0.4578,0.853285,4.3,-1.5,52,52.3,52.3,4110,1673864.3,407.27,23.64923,-23.64923
2020-03-18,2020-03-17,-1015,-975,6855,5930,国内成品油价格按机制下调,https://www.ndrc.gov.cn/xwdt/ztzl/gncpyjg/202003/t20200317_1293019.html,-995,6392.5,1,down,995,2020-03,40.882,10,-14.336,-25.962548,39.759,10,-16.063,-28.775393,37.198,10,-12.915,-25.771756,38.4785,10,-14.489,-27.35451,38.9907,10,-15.1186,-27.940853,4.3,-1.5,52,52.3,52.3,4110,1673864.3,407.27,-719.641175,-275.358825
2020-03-31,2020-03-31,0,0,6855,5930,3月31日国内成品油价格不作调整,https://www.ndrc.gov.cn/xwdt/ztzl/gncpyjg/202003/t20200331_1293020.html,0,6392.5,0,no_adjust,0,2020-03,26.312,10,-14.57,-35.639157,23.929,10,-15.83,-39.814885,20.33,10,-16.868,-45.346524,22.1295,10,-16.349,-42.488662,22.8493,10,-16.1414,-41.398077,4.3,-1.5,52,52.3,52.3,4110,1673864.3,407.27,-768.44818,768.44818
2020-04-15,2020-04-15,0,0,6855,5930,4月15日国内成品油价格不作调整,https://www.ndrc.gov.cn/xwdt/ztzl/gncpyjg/202004/t20200415_1293021.html,0,6392.5,0,no_adjust,0,2020-04,21.137,10,-5.175,-19.667832,20.545,10,-3.384,-14.141836,23.446,10,3.116,15.327103,21.5825,10,-0.547,-2.471814,21.1675,10,-1.6818,-7.360401,3.3,-3.1,50.8,53.2,53.4,4043,1088790.5,269.3,-78.450366,78.450366
2020-04-28,2020-04-28,0,0,6855,5930,4月28日国内成品油价格不作调整,https://www.ndrc.gov.cn/xwdt/ztzl/gncpyjg/202004/t20200428_1293022.html,0,6392.5,0,no_adjust,0,2020-04,15.699,10,-5.438,-25.727397,16.633,10,-3.912,-19.041129,10.703,10,-12.743,-54.350422,13.668,10,-7.9145,-36.670914,14.854,10,-6.3135,-29.826385,3.3,-3.1,50.8,53.2,53.4,4043,1088790.5,269.3,-299.47051,299.47051
2020-05-14,2020-05-14,0,0,6855,5930,5月14日国内成品油价格不作调整,https://www.ndrc.gov.cn/xwdt/ztzl/gncpyjg/202005/t20200514_1293023.html,0,6392.5,0,no_adjust,0,2020-05,21.067,10,5.368,34.193261,22.884,10,6.251,37.581915,23.142,10,12.439,116.219751,22.5285,10,8.8605,64.826602,22.6707,10,7.8167,52.623536,2.4,-3.7,50.6,53.6,53.4,4797,946857.4,197.39,374.808661,-374.808661
2020-05-28,2020-05-28,0,0,6855,5930,5月28日国内成品油价格不作调整,https://www.ndrc.gov.cn/xwdt/ztzl/gncpyjg/202005/t20200528_1293024.html,0,6392.5,0,no_adjust,0,2020-05,27.658,10,6.591,31.285897,32.509,10,9.625,42.059955,31.519,10,8.377,36.198254,32.014,10,9.4855,42.104445,32.212,10,9.5413,42.086482,2.4,-3.7,50.6,53.6,53.4,4797,946857.4,197.39,457.104868,-457.104868
2020-06-11,2020-06-11,0,0,6855,5930,6月11日国内成品油价格不作调整,https://www.ndrc.gov.cn/xwdt/ztzl/gncpyjg/202006/t20200611_1293025.html,0,6392.5,0,no_adjust,0,2020-06,34.672,10,7.014,25.359751,38.127,10,5.618,17.281368,37.254,10,5.735,18.195374,37.6905,10,5.6765,17.731305,37.8651,10,5.6531,17.549671,2.5,-3,50.9,54.4,54.2,521,273937.7,525.79,271.563809,-271.563809
2020-06-29,2020-06-28,120,110,6975,6040,国内成品油价格按机制上调,https://www.ndrc.gov.cn/xwdt/ztzl/gncpyjg/202006/t20200628_1293026.html,115,6507.5,1,up,115,2020-06,37.873,10,3.201,9.232234,41.321,10,3.194,8.377265,38.785,10,1.531,4.109626,40.053,10,2.3625,6.268158,40.5602,10,2.6951,7.117636,2.5,-3,50.9,54.4,54.2,521,273937.7,525.79,130.410974,-15.410974
2020-07-11,2020-07-10,100,100,7075,6140,国内成品油价格按机制上调,https://www.ndrc.gov.cn/xwdt/ztzl/gncpyjg/202007/t20200710_1293027.html,100,6607.5,1,up,100,2020-07,41.56,10,3.687,9.735168,42.451,10,1.13,2.734687,39.823,10,1.038,2.676292,41.05,10,0.997,2.489202,41.5408,10,0.9806,2.417641,2.7,-2.4,51.1,54.2,54.1,5129,1434135.2,279.61,48.596729,51.403271
2020-07-24,2020-07-24,0,0,7075,6140,7月24日国内成品油价格不作调整,https://www.ndrc.gov.cn/xwdt/ztzl/gncpyjg/202007/t20200724_1293028.html,0,6607.5,0,no_adjust,0,2020-07,43.719,10,2.159,5.194899,43.484,10,1.033,2.433394,40.887,10,1.064,2.671823,42.1855,10,1.1355,2.766139,42.7049,10,1.1641,2.802305,2.7,-2.4,51.1,54.2,54.1,5129,1434135.2,279.61,57.353168,-57.353168
2020-08-07,2020-08-07,0,0,7075,6140,8月7日国内成品油价格不作调整,https://www.ndrc.gov.cn/xwdt/ztzl/gncpyjg/202008/t20200807_1293029.html,0,6607.5,0,no_adjust,0,2020-08,43.832,10,0.113,0.258469,43.712,10,0.228,0.524331,41.134,10,0.247,0.604104,42.423,10,0.2375,0.56299,42.9386,10,0.2337,0.547244,2.4,-2,51,55.2,54.5,4748,1492292.6,314.3,12.9554,-12.9554
2020-08-22,2020-08-21,85,80,7160,6220,国内成品油价格按机制上调,https://www.ndrc.gov.cn/xwdt/ztzl/gncpyjg/202008/t20200821_1293030.html,82.5,6690,1,up,82.5,2020-08,45.08,10,1.248,2.847235,44.678,10,0.966,2.209919,42.285,10,1.151,2.798172,43.4815,10,1.0585,2.495109,43.9601,10,1.0215,2.378978,2.4,-2,51,55.2,54.5,4748,1492292.6,314.3,50.548437,31.951563
2020-09-04,2020-09-04,0,0,7160,6220,9月4日国内成品油价格不作调整,https://www.ndrc.gov.cn/xwdt/ztzl/gncpyjg/202009/t20200904_1293031.html,0,6690,0,no_adjust,0,2020-09,45.312,10,0.232,0.514641,44.593,10,-0.085,-0.19025,42.65,10,0.365,0.86319,43.622,10,0.1405,0.323126,44.0104,10,0.0503,0.114422,1.7,-2.1,51.5,55.9,55.1,100,101019.8,1010.2,4.203733,-4.203733
2020-09-19,2020-09-18,-315,-300,6845,5920,国内成品油价格按机制下调,https://www.ndrc.gov.cn/xwdt/ztzl/gncpyjg/202009/t20200918_1293032.html,-307.5,6382.5,1,down,307.5,2020-09,40.604,10,-4.708,-10.390184,40.004,10,-4.589,-10.290853,38.726,10,-3.924,-9.200469,39.4675,10,-4.1545,-9.523864,39.7641,10,-4.2463,-9.648401,1.7,-2.1,51.5,55.9,55.1,100,101019.8,1010.2,-200.82577,-106.67423
2020-10-09,2020-10-09,0,0,6845,5920,10月9日国内成品油价格不作调整,https://www.ndrc.gov.cn/xwdt/ztzl/gncpyjg/202010/t20201009_1293033.html,0,6382.5,0,no_adjust,0,2020-10,40.459,10,-0.145,-0.357108,40.455,10,0.451,1.127387,39.552,10,0.826,2.132934,40.0035,10,0.536,1.358079,40.1841,10,0.42,1.056229,0.5,-2.1,51.4,56.2,55.3,4256,1327523.7,311.92,21.845452,-21.845452
2020-10-23,2020-10-22,80,70,6925,5990,国内成品油价格按机制上调,https://www.ndrc.gov.cn/xwdt/ztzl/gncpyjg/202010/t20201022_1293034.html,75,6457.5,1,up,75,2020-10,41.108,10,0.649,1.604093,41.323,10,0.868,2.145594,40.507,10,0.955,2.414543,40.915,10,0.9115,2.278551,41.0782,10,0.8941,2.225009,0.5,-2.1,51.4,56.2,55.3,4256,1327523.7,311.92,44.469035,30.530965
2020-11-06,2020-11-05,-160,-150,6765,5840,国内成品油价格按机制下调,https://www.ndrc.gov.cn/xwdt/ztzl/gncpyjg/202011/t20201105_1293035.html,-155,6302.5,1,down,155,2020-11,38.617,10,-2.491,-6.059648,38.715,10,-2.608,-6.311255,37.978,10,-2.529,-6.243365,38.3465,10,-2.5685,-6.277649,38.4939,10,-2.5843,-6.291171,-0.5,-1.5,52.1,56.4,55.7,280,42203,150.72,-121.516774,-33.483226
2020-11-20,2020-11-19,150,145,6915,5985,2020年11月19日24时起国内成品油价格按机制上调,https://www.ndrc.gov.cn/xwdt/ztzl/gncpyjg/202011/t20201119_1293036.html,147.5,6450,1,up,147.5,2020-11,41.788,10,3.171,8.211409,41.506,10,2.791,7.209092,40.284,10,2.306,6.071936,40.895,10,2.5485,6.645978,41.1394,10,2.6455,6.872517,-0.5,-1.5,52.1,56.4,55.7,280,42203,150.72,128.044111,19.455889
2020-12-04,2020-12-03,250,240,7165,6225,2020年12月3日24时起国内成品油价格按机制上调,https://www.ndrc.gov.cn/xwdt/ztzl/gncpyjg/202012/t20201203_1293037.html,245,6695,1,up,245,2020-12,45.697,10,3.909,9.35436,46.068,10,4.562,10.991182,43.461,10,3.177,7.886506,44.377,10,3.482,8.514488,44.7434,10,3.604,8.760458,0.2,-0.4,51.9,55.7,55.1,3847,1245360,323.72,173.782783,71.217217
2020-12-18,2020-12-17,155,150,7320,6375,2020年12月17日24时起国内成品油价格按机制上调,https://www.ndrc.gov.cn/xwdt/ztzl/gncpyjg/202012/t20201217_1293038.html,152.5,6847.5,1,up,152.5,2020-12,48.751,10,3.054,6.683152,49.596,10,3.528,7.658244,46.453,10,2.992,6.884333,48.0245,10,3.6475,8.219348,48.6531,10,3.9097,8.738049,0.2,-0.4,51.9,55.7,55.1,3847,1245360,323.72,188.370485,-35.870485
2021-01-01,2020-12-31,90,85,7410,6460,2020年12月31日24时起国内成品油价格按机制上调,https://www.ndrc.gov.cn/xwdt/ztzl/gncpyjg/202012/t20201231_1293039.html,87.5,6935,1,up,87.5,2021-01,50.063,10,1.312,2.691227,50.868,10,1.272,2.564723,47.976,10,1.523,3.278583,49.422,10,1.3975,2.909973,50.0004,10,1.3473,2.769197,-0.3,0.3,51.3,52.4,52.8,4459,1612834.7,3617.03,66.095291,21.404709
2021-01-16,2021-01-15,185,180,7595,6640,2021年1月15日24时起国内成品油价格按机制上调,https://www.ndrc.gov.cn/xwdt/ztzl/gncpyjg/202101/t20210115_1293040.html,182.5,7117.5,1,up,182.5,2021-01,53.503,10,3.44,6.871342,53.986,10,3.118,6.12959,51.033,10,3.057,6.371936,52.5095,10,3.0875,6.247218,53.1001,10,3.0997,6.19935,-0.3,0.3,51.3,52.4,52.8,4459,1612834.7,3617.03,149.718086,32.781914
2021-01-30,2021-01-29,75,70,7670,6710,2021年1月29日24时起国内成品油价格按机制上调,https://www.ndrc.gov.cn/xwdt/ztzl/gncpyjg/202101/t20210129_1293041.html,72.5,7190,1,up,72.5,2021-01,54.842,10,1.339,2.502663,55.159,10,1.173,2.172786,52.749,10,1.716,3.36253,54.0315,10,1.522,2.898523,54.5445,10,1.4444,2.720146,-0.3,0.3,51.3,52.4,52.8,4459,1612834.7,3617.03,70.728807,1.771193
2021-02-19,2021-02-18,275,265,7945,6975,2021年2月18日24时起国内成品油价格按机制上调,https://www.ndrc.gov.cn/xwdt/ztzl/gncpyjg/202102/t20210218_1293042.html,270,7460,1,up,270,2021-02,60.706,10,5.864,10.692535,61.666,10,6.507,11.796806,58.252,10,5.503,10.432425,59.7105,10,5.679,10.510536,60.2939,10,5.7494,10.540751,-0.2,1.7,50.6,51.4,51.6,4498,1783365.6,396.48,276.15915,-6.15915
2021-03-04,2021-03-03,260,250,8205,7225,2021年3月3日24时起国内成品油价格按机制上调,https://www.ndrc.gov.cn/xwdt/ztzl/gncpyjg/202103/t20210303_1293043.html,255,7715,1,up,255,2021-03,63.35,10,2.644,4.355418,64.897,10,3.231,5.239516,61.237,10,2.985,5.124288,63.067,10,3.3565,5.621289,63.799,10,3.5051,5.813358,0.4,4.4,51.9,56.3,55.3,4966,2267884.9,456.68,169.063373,85.936627
2021-03-18,2021-03-17,235,230,8440,7455,2021年3月17日24时起国内成品油价格按机制上调,https://www.ndrc.gov.cn/xwdt/ztzl/gncpyjg/202103/t20210317_1293044.html,232.5,7947.5,1,up,232.5,2021-03,66.413,10,3.063,4.835043,67.947,10,3.05,4.699755,64.651,10,3.414,5.575061,66.299,10,3.232,5.124709,66.9582,10,3.1592,4.951802,0.4,4.4,51.9,56.3,55.3,4966,2267884.9,456.68,152.557367,79.942633
2021-04-01,2021-03-31,-225,-220,8215,7235,2021年3月31日24时起国内成品油价格按机制下调,https://www.ndrc.gov.cn/xwdt/ztzl/gncpyjg/202103/t20210331_1293045.html,-222.5,7725,1,down,222.5,2021-04,63.154,10,-3.259,-4.907172,63.371,10,-4.576,-6.734661,60.772,10,-3.879,-5.999907,62.0715,10,-4.2275,-6.376416,62.5913,10,-4.3669,-6.52183,0.9,6.8,51.1,54.9,53.8,4036,1839330.1,455.73,-206.580683,-15.919317
2021-04-15,2021-04-15,0,0,8215,7235,2021年4月15日国内成品油价格不作调整,https://www.ndrc.gov.cn/xwdt/ztzl/gncpyjg/202104/t20210415_1293046.html,0,7725,0,no_adjust,0,2021-04,61.748,10,-1.406,-2.226304,62.928,10,-0.443,-0.699058,60.039,10,-0.733,-1.206148,61.5745,10,-0.497,-0.80069,62.1159,10,-0.4754,-0.75953,0.9,6.8,51.1,54.9,53.8,4036,1839330.1,455.73,-20.882151,20.882151
2021-04-29,2021-04-28,100,95,8315,7330,2021年4月28日24时起国内成品油价格按机制上调,https://www.ndrc.gov.cn/xwdt/ztzl/gncpyjg/202104/t20210428_1293047.html,97.5,7822.5,1,up,97.5,2021-04,64.138,10,2.39,3.870571,65.669,10,2.741,4.355772,62.569,10,2.53,4.213928,64.119,10,2.5445,4.132392,64.739,10,2.6231,4.222912,0.9,6.8,51.1,54.9,53.8,4036,1839330.1,455.73,126.975205,-29.475205
2021-05-15,2021-05-14,100,100,8415,7430,2021年5月14日24时起国内成品油价格按机制上调,https://www.ndrc.gov.cn/xwdt/ztzl/gncpyjg/202105/t20210514_1293048.html,100,7922.5,1,up,100,2021-05,66.717,10,2.579,4.021017,68.638,10,2.969,4.521159,64.901,10,2.332,3.727085,66.7965,10,2.6775,4.175829,67.5331,10,2.7941,4.315946,1.3,9,51,55.2,54.2,4095,2039882.1,498.14,135.135156,-35.135156
2021-05-28,2021-05-28,0,0,8415,7430,2021年5月28日国内成品油价格不作调整,https://www.ndrc.gov.cn/xwdt/ztzl/gncpyjg/202105/t20210528_1293049.html,0,7922.5,0,no_adjust,0,2021-05,66.662,10,-0.055,-0.082438,68.24,10,-0.398,-0.579854,65.157,10,0.256,0.394447,66.6985,10,-0.098,-0.146714,67.3151,10,-0.218,-0.322805,1.3,9,51,55.2,54.2,4095,2039882.1,498.14,-8.599278,8.599278
2021-06-12,2021-06-11,175,170,8590,7600,2021年6月11日24时起国内成品油价格按机制上调,https://www.ndrc.gov.cn/xwdt/ztzl/gncpyjg/202106/t20210611_1293050.html,172.5,8095,1,up,172.5,2021-06,69.738,10,3.076,4.614323,70.667,10,2.427,3.556565,68.771,10,3.614,5.546603,69.719,10,3.0205,4.528588,70.0982,10,2.7831,4.134436,1.1,8.8,50.9,53.5,52.9,4012,2071889.6,516.42,134.610247,37.889753
2021-06-29,2021-06-28,225,215,8815,7815,2021年6月28日24时起国内成品油价格按机制上调,https://www.ndrc.gov.cn/xwdt/ztzl/gncpyjg/202106/t20210628_1293051.html,220,8315,1,up,220,2021-06,72.892,10,3.154,4.522642,74.258,10,3.591,5.08158,72.515,10,3.744,5.444155,73.3865,10,3.6675,5.260402,73.7351,10,3.6369,5.188293,1.1,8.8,50.9,53.5,52.9,4012,2071889.6,516.42,175.352739,44.647261
2021-07-13,2021-07-12,70,65,8885,7880,2021年7月12日24时起国内成品油价格按机制上调,https://www.ndrc.gov.cn/xwdt/ztzl/gncpyjg/202107/t20210712_1293052.html,67.5,8382.5,1,up,67.5,2021-07,74.224,10,1.332,1.827361,76.197,10,1.939,2.611166,73.793,10,1.278,1.762394,74.9005,10,1.514,2.06305,75.3435,10,1.6084,2.181322,1,9,50.4,53.3,52.4,4117,2208676.2,536.48,78.554724,-11.054724
2021-07-27,2021-07-26,-100,-95,8785,7785,2021年7月26日24时起国内成品油价格按机制下调,https://www.ndrc.gov.cn/xwdt/ztzl/gncpyjg/202107/t20210726_1293053.html,-97.5,8285,1,down,97.5,2021-07,72.683,10,-1.541,-2.076148,74.001,10,-2.196,-2.882003,71.436,10,-2.357,-3.19407,72.7185,10,-2.182,-2.913198,73.2315,10,-2.112,-2.803162,1,9,50.4,53.3,52.4,4117,2208676.2,536.48,-98.979085,1.479085
2021-08-09,2021-08-09,0,0,8785,7785,2021年8月9日国内成品油价格不作调整,https://www.ndrc.gov.cn/xwdt/ztzl/gncpyjg/202108/t20210809_1293373.html,0,8285,0,no_adjust,0,2021-08,72.934,10,0.251,0.345335,74.007,10,0.006,0.008108,71.125,10,-0.311,-0.435355,72.566,10,-0.1525,-0.209713,73.1424,10,-0.0891,-0.121669,0.8,9.5,50.1,47.5,48.9,4453,2427251.9,545.08,-2.448297,2.448297
2021-08-24,2021-08-23,-250,-245,8535,7540,2021年8月23日24时起国内成品油价格按机制下调,https://www.ndrc.gov.cn/xwdt/ztzl/gncpyjg/202108/t20210823_1294332.html,-247.5,8037.5,1,down,247.5,2021-08,69.411,10,-3.523,-4.830395,69.586,10,-4.421,-5.973759,66.691,10,-4.434,-6.234095,68.1385,10,-4.4275,-6.101342,68.7175,10,-4.4249,-6.049706,0.8,9.5,50.1,47.5,48.9,4453,2427251.9,545.08,-209.348386,-38.151614
2021-09-07,2021-09-06,140,140,8675,7680,2021年9月6日24时起国内成品油价格按机制上调,https://www.ndrc.gov.cn/xwdt/ztzl/gncpyjg/202109/t20210906_1296106.html,140,8177.5,1,up,140,2021-09,70.861,10,1.45,2.089006,71.266,10,1.68,2.414279,68.37,10,1.679,2.517581,69.4665,10,1.328,1.948972,70.1863,10,1.4688,2.137447,0.7,10.7,49.6,53.2,51.7,4104,2195876.9,535.06,71.89315,68.10685
2021-09-19,2021-09-18,90,85,8765,7765,2021年9月18日24时起国内成品油价格按机制上调,https://www.ndrc.gov.cn/xwdt/ztzl/gncpyjg/202109/t20210918_1297148.html,87.5,8265,1,up,87.5,2021-09,72.575,10,1.714,2.41882,73.071,10,1.805,2.532765,70.371,10,2.001,2.926722,71.753,10,2.2865,3.291515,72.3058,10,2.1195,3.01982,0.7,10.7,49.6,53.2,51.7,4104,2195876.9,535.06,102.943911,-15.443911
2021-10-10,2021-10-09,345,330,9110,8095,2021年10月9日24时起国内成品油价格按机制上调,https://www.ndrc.gov.cn/xwdt/ztzl/gncpyjg/202110/t20211009_1298893.html,337.5,8602.5,1,up,337.5,2021-10,78.676,10,6.101,8.406476,80.228,10,7.157,9.794583,76.979,10,6.608,9.390232,78.6035,10,6.8505,9.547336,79.2533,10,6.9475,9.608496,1.5,13.5,49.2,52.4,50.8,3766,2098861.3,557.32,333.331297,4.168703
2021-10-23,2021-10-22,300,290,9410,8385,2021年10月22日24时起国内成品油价格按机制上调,https://www.ndrc.gov.cn/xwdt/ztzl/gncpyjg/202110/t20211022_1300685.html,295,8897.5,1,up,295,2021-10,82.845,10,4.169,5.298948,84.1,10,3.872,4.826245,81.828,10,4.849,6.299121,82.964,10,4.3605,5.547463,83.4184,10,4.1651,5.255428,1.5,13.5,49.2,52.4,50.8,3766,2098861.3,557.32,200.55792,94.44208
2021-11-05,2021-11-05,0,0,9410,8385,2021年11月5日国内成品油价格不作调整,https://www.ndrc.gov.cn/xwdt/ztzl/gncpyjg/202111/t20211105_1303115.html,0,8897.5,0,no_adjust,0,2021-11,83.068,10,0.223,0.269177,83.619,10,-0.481,-0.571938,83.144,10,1.316,1.608251,83.3815,10,0.4175,0.50323,83.4765,10,0.0581,0.069649,2.3,12.9,50.1,52.3,52.2,4178,2496433.8,597.52,4.575941,-4.575941
2021-11-20,2021-11-19,-95,-90,9315,8295,2021年11月19日24时起国内成品油价格按机制下调,https://www.ndrc.gov.cn/xwdt/ztzl/gncpyjg/202111/t20211119_1304442.html,-92.5,8805,1,down,92.5,2021-11,81.607,10,-1.461,-1.7588,82.729,10,-0.89,-1.064351,80.975,10,-2.169,-2.608727,81.852,10,-1.5295,-1.83434,82.2028,10,-1.2737,-1.525819,2.3,12.9,50.1,52.3,52.2,4178,2496433.8,597.52,-58.976238,-33.523762
2021-12-04,2021-12-03,-430,-415,8885,7880,2021年12月3日24时起国内成品油价格按机制下调,https://www.ndrc.gov.cn/xwdt/ztzl/gncpyjg/202112/t20211203_1306844.html,-422.5,8382.5,1,down,422.5,2021-12,76.472,10,-5.135,-6.292352,76.572,10,-6.157,-7.442372,73.479,10,-7.496,-9.257178,75.4605,10,-6.3915,-7.808606,76.2531,10,-5.9497,-7.237831,1.5,10.3,50.3,52.7,52.2,4614,2690828.6,583.19,-282.110334,-140.389666
2021-12-18,2021-12-17,-130,-125,8755,7755,2021年12月17日24时起国内成品油价格按机制下调,https://www.ndrc.gov.cn/xwdt/xwfb/202112/t20211217_1308356.html,-127.5,8255,1,down,127.5,2021-12,73.946,10,-2.526,-3.30317,74.049,10,-2.523,-3.294938,70.795,10,-2.684,-3.652744,72.422,10,-3.0385,-4.02661,73.0728,10,-3.1803,-4.170716,1.5,10.3,50.3,52.7,52.2,4614,2690828.6,583.19,-149.957304,22.457304
2022-01-01,2021-12-31,140,135,8895,7890,2021年12月31日24时起国内成品油价格按机制上调,https://www.ndrc.gov.cn/xwdt/xwfb/202112/t20211231_1311298.html,137.5,8392.5,1,up,137.5,2022-01,75.152,10,1.206,1.63092,74.811,10,0.762,1.029048,73.468,10,2.673,3.77569,73.544,10,1.122,1.549253,73.976,10,0.9032,1.236028,0.9,9.1,50.1,51.1,51,4880,2795758.1,572.9,44.903278,92.596722
2022-01-18,2022-01-17,345,330,9240,8220,2022年1月17日24时起国内成品油价格按机制上调,https://www.ndrc.gov.cn/xwdt/xwfb/202201/t20220117_1312120.html,337.5,8730,1,up,337.5,2022-01,81.683,10,6.531,8.690387,82.785,10,7.974,10.65886,79.687,10,6.219,8.46491,81.236,10,7.692,10.459045,81.8556,10,7.8796,10.651563,0.9,9.1,50.1,51.1,51,4880,2795758.1,572.9,377.810187,-40.310187
2022-01-30,2022-01-29,310,300,9550,8520,2022年1月29日24时起国内成品油价格按机制上调,https://www.ndrc.gov.cn/xwdt/xwfb/202201/t20220129_1313943.html,305,9035,1,up,305,2022-01,88.254,10,6.571,8.044514,89.641,10,6.856,8.281694,86.223,10,6.536,8.202091,87.8995,10,6.6635,8.202644,88.5701,10,6.7145,8.20286,0.9,9.1,50.1,51.1,51,4880,2795758.1,572.9,322.212767,-17.212767
2022-02-18,2022-02-17,210,200,9760,8720,2022年2月17日24时起国内成品油价格按机制上调,https://www.ndrc.gov.cn/xwdt/xwfb/202202/t20220217_1315772.html,205,9240,1,up,205,2022-02,92.871,10,4.617,5.231491,96.955,10,7.314,8.159213,91.693,10,5.47,6.344015,94.324,10,6.4245,7.308915,95.3764,10,6.8063,7.684648,0.9,8.8,50.2,51.6,51.2,3634,2271578.6,625.09,326.593372,-121.593372
2022-03-04,2022-03-03,260,255,10020,8975,2022年3月3日24时起国内成品油价格按机制上调,https://www.ndrc.gov.cn/xwdt/xwfb/202203/t20220303_1318078.html,257.5,9497.5,1,up,257.5,2022-03,98.592,10,5.721,6.160158,102.123,10,5.168,5.330308,95.61,10,3.917,4.271864,98.791,10,4.467,4.735804,100.0634,10,4.687,4.914214,1.5,8.3,49.5,48.4,48.8,4271,3021685.3,707.49,225.462472,32.037528
2022-03-18,2022-03-17,750,720,10770,9695,2022年3月17日24时起国内成品油价格按机制上调,https://www.ndrc.gov.cn/xwdt/xwfb/202203/t20220317_1319438.html,735,10232.5,1,up,735,2022-03,115.932,10,17.34,17.587634,117.079,10,14.956,14.645085,108.49,10,12.88,13.471394,112.7845,10,13.9935,14.164752,114.5023,10,14.4389,14.429752,1.5,8.3,49.5,48.4,48.8,4271,3021685.3,707.49,690.813497,44.186503
2022-04-01,2022-03-31,110,110,10880,9805,2022年3月31日24时起国内成品油价格按机制上调,https://www.ndrc.gov.cn/xwdt/xwfb/202203/t20220331_1321429.html,110,10342.5,1,up,110,2022-04,112.719,10,-3.213,-2.771452,118.869,10,1.79,1.528882,109.573,10,1.083,0.998249,114.221,10,1.4365,1.273668,116.0802,10,1.5779,1.378051,2.1,8,47.4,41.9,42.7,4303,3422562.7,795.39,77.099295,32.900705
2022-04-16,2022-04-15,-545,-530,10335,9275,2022年4月15日24时起国内成品油价格按机制下调,https://www.ndrc.gov.cn/xwdt/xwfb/202204/t20220415_1322196.html,-537.5,9805,1,down,537.5,2022-04,104.374,10,-8.345,-7.403366,104.444,10,-14.425,-12.135208,100.122,10,-9.451,-8.6253,102.283,10,-11.938,-10.451668,103.1474,10,-12.9328,-11.141263,2.1,8,47.4,41.9,42.7,4303,3422562.7,795.39,-615.33696,77.83696
2022-04-29,2022-04-28,205,200,10540,9475,2022年4月28日24时起国内成品油价格按机制上调,https://www.ndrc.gov.cn/xwdt/xwfb/202204/t20220428_1323651.html,202.5,10007.5,1,up,202.5,2022-04,107.029,10,2.655,2.543737,105.209,10,0.765,0.73245,103.537,10,3.415,3.410839,103.987,10,1.704,1.665966,104.4758,10,1.3284,1.287866,2.1,8,47.4,41.9,42.7,4303,3422562.7,795.39,65.193401,137.306599
2022-05-17,2022-05-16,285,270,10825,9745,2022年5月16日24时起国内成品油价格按机制上调,https://www.ndrc.gov.cn/xwdt/xwfb/202205/t20220516_1324609.html,277.5,10285,1,up,277.5,2022-05,110.858,10,3.829,3.577535,108.696,10,3.487,3.314355,105.843,10,2.306,2.227223,107.24,10,3.253,3.128276,107.8224,10,3.3466,3.20323,2.1,6.4,49.6,47.8,48.4,4583,3522859,768.68,161.49991,116.00009
2022-05-31,2022-05-30,400,390,11225,10135,2022年5月30日24时起国内成品油价格按机制上调,https://www.ndrc.gov.cn/xwdt/xwfb/202205/t20220530_1326109.html,395,10680,1,up,395,2022-05,115.363,10,4.505,4.063757,115.295,10,6.599,6.071061,112.779,10,6.936,6.553102,114.037,10,6.797,6.33812,114.5402,10,6.7178,6.230431,2.1,6.4,49.6,47.8,48.4,4583,3522859,768.68,322.37024,72.62976
2022-06-15,2022-06-14,390,375,11615,10510,2022年6月14日24时起国内成品油价格按机制上调,https://www.ndrc.gov.cn/xwdt/xwfb/202206/t20220614_1327247.html,382.5,11062.5,1,up,382.5,2022-06,120.039,10,4.676,4.053293,126.185,10,10.89,9.445336,118.856,10,6.077,5.388415,122.3335,10,8.2965,7.27527,123.8013,10,9.2611,8.085458,2.5,6.1,50.2,54.7,54.1,3582,2859140.2,798.2,443.734001,-61.234001
2022-06-29,2022-06-28,-320,-310,11295,10200,2022年6月28日24时起国内成品油价格按机制下调,https://www.ndrc.gov.cn/xwdt/xwfb/202206/t20220628_1328991.html,-315,10747.5,1,down,315,2022-06,116.169,10,-3.87,-3.223952,120.083,10,-6.102,-4.835757,112.525,10,-6.331,-5.326614,116.8135,10,-5.52,-4.512255,118.5289,10,-5.2724,-4.25876,2.5,6.1,50.2,54.7,54.1,3582,2859140.2,798.2,-249.790247,-65.209753
2022-07-13,2022-07-12,-360,-345,10935,9855,2022年7月12日24时起国内成品油价格按机制下调,https://www.ndrc.gov.cn/xwdt/xwfb/202207/t20220712_1330413.html,-352.5,10395,1,down,352.5,2022-07,112.316,10,-3.853,-3.31672,116.503,10,-3.58,-2.981271,107.416,10,-5.109,-4.540324,111.854,10,-4.9595,-4.245657,113.6292,10,-4.8997,-4.13376,2.7,4.2,49,53.8,52.5,3733,3017713.3,808.39,-232.005372,-120.494628
2022-07-27,2022-07-26,-300,-290,10635,9565,2022年7月26日24时起国内成品油价格按机制下调,https://www.ndrc.gov.cn/xwdt/xwfb/202207/t20220726_1331402.html,-295,10100,1,down,295,2022-07,106.816,10,-5.5,-4.896898,111.005,10,-5.498,-4.719192,100.454,10,-6.962,-6.481344,105.7295,10,-6.1245,-5.475441,107.8397,10,-5.7895,-5.095081,2.7,4.2,49,53.8,52.5,3733,3017713.3,808.39,-274.465748,-20.534252
2022-08-10,2022-08-09,-130,-125,10505,9440,2022年8月9日24时起国内成品油价格按机制下调,https://www.ndrc.gov.cn/xwdt/xwfb/202208/t20220809_1332823.html,-127.5,9972.5,1,down,127.5,2022-08,105.68,10,-1.136,-1.063511,105.433,10,-5.572,-5.019594,96.175,10,-4.279,-4.259661,100.804,10,-4.9255,-4.658586,102.6556,10,-5.1841,-4.807228,2.5,2.3,49.4,52.6,51.7,4035,3050600.4,756.03,-245.576659,118.076659
2022-08-24,2022-08-23,-205,-200,10300,9240,2022年8月23日24时起国内成品油价格按机制下调,https://www.ndrc.gov.cn/xwdt/xwfb/202208/t20220823_1333590.html,-202.5,9770,1,down,202.5,2022-08,99.905,10,-5.775,-5.46461,99.845,10,-5.588,-5.300048,93.223,10,-2.952,-3.069405,96.534,10,-4.27,-4.235943,97.8584,10,-4.7972,-4.673101,2.5,2.3,49.4,52.6,51.7,4035,3050600.4,756.03,-227.114173,24.614173
2022-09-07,2022-09-06,190,185,10490,9425,2022年9月6日24时起国内成品油价格按机制上调,https://www.ndrc.gov.cn/xwdt/xwfb/202209/t20220906_1335202.html,187.5,9957.5,1,up,187.5,2022-09,102.388,10,2.483,2.485361,96.98,10,-2.865,-2.869448,92.631,10,-0.592,-0.635036,94.7245,10,-1.8095,-1.874469,95.7159,10,-2.1425,-2.189388,2.8,0.9,50.1,50.6,50.9,4024,2884192.5,716.75,-100.434514,287.934514
2022-09-22,2022-09-21,-290,-280,10200,9145,2022年9月21日24时起国内成品油价格按机制下调,https://www.ndrc.gov.cn/xwdt/xwfb/202209/t20220921_1335893.html,-285,9672.5,1,down,285,2022-09,96.179,10,-6.209,-6.064187,90.458,10,-6.522,-6.725098,86.084,10,-6.547,-7.067828,88.331,10,-6.3935,-6.749574,89.1818,10,-6.5341,-6.826557,2.8,0.9,50.1,50.6,50.9,4024,2884192.5,716.75,-309.997324,24.997324
2022-10-10,2022-10-10,0,0,10200,9145,2022年10月10日国内成品油价格不作调整,https://www.ndrc.gov.cn/xwdt/xwfb/202210/t20221010_1338431.html,0,9672.5,0,no_adjust,0,2022-10,92.482,10,-3.697,-3.843874,90.968,10,0.51,0.563798,84.149,10,-1.935,-2.247804,87.5585,10,-0.7725,-0.874551,88.9223,10,-0.2595,-0.290979,2.1,-1.3,49.2,48.7,49,4314,2984358.1,691.78,-10.579617,10.579617
2022-10-25,2022-10-24,185,175,10385,9320,2022年10月24日24时起国内成品油价格按机制上调,https://www.ndrc.gov.cn/xwdt/xwfb/202210/t20221024_1338989.html,180,9852.5,1,up,180,2022-10,93.495,10,1.013,1.095348,92.83,10,1.862,2.046874,87.165,10,3.016,3.584119,89.9975,10,2.439,2.785566,91.1305,10,2.2082,2.483292,2.1,-1.3,49.2,48.7,49,4314,2984358.1,691.78,107.176587,72.823413
2022-11-08,2022-11-07,155,150,10540,9470,2022年11月7日24时起国内成品油价格按机制上调,https://www.ndrc.gov.cn/xwdt/xwfb/202211/t20221107_1340921.html,152.5,10005,1,up,152.5,2022-11,93.968,10,0.473,0.505909,94.438,10,1.608,1.732199,88.503,10,1.338,1.53502,91.4705,10,1.473,1.636712,92.6575,10,1.527,1.675619,1.6,-1.3,48,46.7,47.1,4674,3158599.9,675.78,74.670397,77.829603
2022-11-22,2022-11-21,-175,-165,10365,9305,2022年11月21日24时起国内成品油价格按机制下调,https://www.ndrc.gov.cn/xwdt/xwfb/202211/t20221121_1341667.html,-170,9835,1,down,170,2022-11,92.801,10,-1.167,-1.241912,94.082,10,-0.356,-0.376967,86.215,10,-2.288,-2.585223,90.1485,10,-1.322,-1.445275,91.7219,10,-0.9356,-1.00974,1.6,-1.3,48,46.7,47.1,4674,3158599.9,675.78,-42.84244,-127.15756
2022-12-06,2022-12-05,-440,-425,9925,8880,2022年12月5日24时起国内成品油价格按机制下调,https://www.ndrc.gov.cn/xwdt/xwfb/202212/t20221205_1343287.html,-432.5,9402.5,1,down,432.5,2022-12,83.55,10,-9.251,-9.968643,85.713,10,-8.369,-8.895432,79.148,10,-7.067,-8.196949,82.5975,10,-7.551,-8.376179,83.9773,10,-7.7446,-8.443567,1.8,-0.7,47,41.6,42.6,4807,3073177.7,639.31,-367.761187,-64.738813
2022-12-20,2022-12-19,-480,-460,9445,8420,2022年12月19日24时起国内成品油价格按机制下调,https://www.ndrc.gov.cn/xwdt/xwfb/202212/t20221219_1343672.html,-470,8932.5,1,down,470,2022-12,78.2,10,-5.35,-6.403351,79.679,10,-6.034,-7.039772,74.094,10,-5.054,-6.385506,76.8865,10,-5.711,-6.914253,78.0035,10,-5.9738,-7.113589,1.8,-0.7,47,41.6,42.6,4807,3073177.7,639.31,-283.260362,-186.739638
2023-01-04,2023-01-03,250,240,9695,8660,2023年1月3日24时起国内成品油价格按机制上调,https://www.ndrc.gov.cn/xwdt/xwfb/202301/t20230103_1345637.html,245,9177.5,1,up,245,2023-01,80.192,10,1.992,2.547315,81.141,10,1.462,1.834862,77.751,10,3.657,4.935622,79.268,10,2.3815,3.097423,80.0172,10,2.0137,2.581551,2.1,-0.8,50.1,54.4,52.9,4333,2571954.1,593.57,97.89524,147.10476
2023-01-18,2023-01-17,-205,-195,9490,8465,2023年1月17日24时起国内成品油价格按机制下调,https://www.ndrc.gov.cn/xwdt/xwfb/202301/t20230117_1346762.html,-200,8977.5,1,down,200,2023-01,78.849,10,-1.343,-1.674731,79.449,10,-1.692,-2.085259,76.271,10,-1.48,-1.903512,77.8685,10,-1.3995,-1.76553,78.5075,10,-1.5097,-1.886719,2.1,-0.8,50.1,54.4,52.9,4333,2571954.1,593.57,-70.237924,-129.762076
2023-02-04,2023-02-03,210,200,9700,8665,2023年2月3日24时起国内成品油价格按机制上调,https://www.ndrc.gov.cn/xwdt/xwfb/202302/t20230203_1348327.html,205,9182.5,1,up,205,2023-02,83.836,10,4.987,6.324747,84.698,10,5.249,6.606754,79.203,10,2.932,3.844187,81.9505,10,4.082,5.242171,83.0495,10,4.542,5.785435,1,-1.4,52.6,56.3,56.4,4074,2379809.1,584.15,218.543216,-13.543216
2023-02-17,2023-02-17,0,0,9700,8665,2023年2月17日国内成品油价格不作调整,https://www.ndrc.gov.cn/xwdt/xwfb/202302/t20230217_1348864.html,0,9182.5,0,no_adjust,0,2023-02,82.191,10,-1.645,-1.962164,83.423,10,-1.275,-1.505348,77.717,10,-1.486,-1.876192,80.57,10,-1.3805,-1.684553,81.7112,10,-1.3383,-1.611449,1,-1.4,52.6,56.3,56.4,4074,2379809.1,584.15,-62.058886,62.058886
2023-03-03,2023-03-03,0,0,9700,8665,2023年3月3日国内成品油价格不作调整,https://www.ndrc.gov.cn/xwdt/xwfb/202303/t20230303_1350622.html,0,9182.5,0,no_adjust,0,2023-03,81.814,10,-0.377,-0.458688,82.312,10,-1.111,-1.331767,76.451,10,-1.266,-1.628987,79.434,10,-1.136,-1.409954,80.6272,10,-1.084,-1.326624,0.7,-2.5,51.9,58.2,57,5231,3042961.1,581.72,-49.923941,49.923941
2023-03-18,2023-03-17,-100,-95,9600,8570,2023年3月17日24时起国内成品油价格按机制下调,https://www.ndrc.gov.cn/xwdt/xwfb/202303/t20230317_1351325.html,-97.5,9085,1,down,97.5,2023-03,80.844,10,-0.97,-1.185616,80.389,10,-1.923,-2.336233,74.756,10,-1.695,-2.217106,77.5725,10,-1.8615,-2.343455,78.6991,10,-1.9281,-2.391377,0.7,-2.5,51.9,58.2,57,5231,3042961.1,581.72,-90.203559,-7.296441
2023-04-01,2023-03-31,-335,-320,9265,8250,2023年3月31日24时起国内成品油价格按机制下调,https://www.ndrc.gov.cn/xwdt/xwfb/202303/t20230331_1353081.html,-327.5,8757.5,1,down,327.5,2023-04,75.196,10,-5.648,-6.986295,75.308,10,-5.081,-6.320516,70.653,10,-4.103,-5.488523,72.9805,10,-4.592,-5.919624,73.9115,10,-4.7876,-6.083424,0.1,-3.6,49.2,56.4,54.4,4241,2446502.9,576.87,-226.656071,-100.843929
2023-04-18,2023-04-17,550,525,9815,8775,2023年4月17日24时起国内成品油价格按机制上调,https://www.ndrc.gov.cn/xwdt/xwfb/202304/t20230417_1353648.html,537.5,9295,1,up,537.5,2023-04,85.127,10,9.931,13.20682,85.105,10,9.797,13.009242,80.75,10,10.097,14.290971,82.654,10,9.6735,13.254911,83.6344,10,9.7229,13.154786,0.1,-3.6,49.2,56.4,54.4,4241,2446502.9,576.87,465.77064,71.72936
2023-04-29,2023-04-28,-160,-155,9655,8620,2023年4月28日24时起国内成品油价格按机制下调,https://www.ndrc.gov.cn/xwdt/xwfb/202304/t20230428_1355157.html,-157.5,9137.5,1,down,157.5,2023-04,83.22,10,-1.907,-2.240182,83.607,10,-1.498,-1.760179,78.346,10,-2.404,-2.97709,80.9765,10,-1.6775,-2.029545,82.0287,10,-1.6057,-1.919904,0.1,-3.6,49.2,56.4,54.4,4241,2446502.9,576.87,-74.818949,-82.681051
2023-05-17,2023-05-16,-380,-365,9275,8255,2023年5月16日24时起国内成品油价格按机制下调,https://www.ndrc.gov.cn/xwdt/xwfb/202305/t20230516_1355789.html,-372.5,8765,1,down,372.5,2023-05,75.511,10,-7.709,-9.263398,75.957,10,-7.65,-9.149952,71.141,10,-7.205,-9.196385,73.7315,10,-7.245,-8.94704,74.6217,10,-7.407,-9.029766,0.2,-4.6,48.8,54.5,52.9,5144,3030257.4,589.09,-351.651249,-20.848751
2023-05-31,2023-05-30,100,95,9375,8350,2023年5月30日24时起国内成品油价格按机制上调,https://www.ndrc.gov.cn/xwdt/xwfb/202305/t20230530_1356745.html,97.5,8862.5,1,up,97.5,2023-05,76.035,10,0.524,0.693939,76.117,10,0.16,0.210645,72.117,10,0.976,1.371923,74.117,10,0.3855,0.522843,74.917,10,0.2953,0.395729,0.2,-4.6,48.8,54.5,52.9,5144,3030257.4,589.09,15.894891,81.605109
2023-06-14,2023-06-13,-55,-50,9320,8300,2023年6月13日24时起国内成品油价格按机制下调,https://www.ndrc.gov.cn/xwdt/xwfb/202306/t20230613_1357539.html,-52.5,8810,1,down,52.5,2023-06,74.832,10,-1.203,-1.582166,74.764,10,-1.353,-1.777527,70.43,10,-1.687,-2.339254,72.597,10,-1.52,-2.050812,73.4638,10,-1.4532,-1.939747,0,-5.4,49,53.2,52.3,5206,2818571.4,541.41,-67.5418,15.0418
2023-06-29,2023-06-28,70,70,9390,8370,2023年6月28日24时起国内成品油价格按机制上调,https://www.ndrc.gov.cn/xwdt/xwfb/202306/t20230628_1357927.html,70,8880,1,up,70,2023-06,75.624,10,0.792,1.058371,74.793,10,0.029,0.038789,69.842,10,-0.588,-0.834872,72.225,10,-0.372,-0.512418,73.1782,10,-0.2856,-0.388763,0,-5.4,49,53.2,52.3,5206,2818571.4,541.41,-11.825083,81.825083
2023-07-13,2023-07-12,155,150,9545,8520,2023年7月12日24时起国内成品油价格按机制上调,https://www.ndrc.gov.cn/xwdt/xwfb/202307/t20230712_1358334.html,152.5,9032.5,1,up,152.5,2023-07,76.853,10,1.229,1.625145,76.236,10,1.443,1.929325,71.281,10,1.439,2.060365,73.541,10,1.316,1.822084,74.445,10,1.2668,1.731117,-0.3,-4.4,49.3,51.5,51.1,4369,2390446.7,547.14,62.25391,90.24609
2023-07-27,2023-07-26,275,260,9820,8780,2023年7月26日24时起国内成品油价格按机制上调,https://www.ndrc.gov.cn/xwdt/xwfb/202307/t20230726_1358699.html,267.5,9300,1,up,267.5,2023-07,81.717,10,4.864,6.328966,80.495,10,4.259,5.5866,76.468,10,5.187,7.276834,78.4815,10,4.9405,6.718021,79.2869,10,4.8419,6.503996,-0.3,-4.4,49.3,51.5,51.1,4369,2390446.7,547.14,232.854147,34.645853
2023-08-10,2023-08-09,240,230,10060,9010,2023年8月9日24时起国内成品油价格按机制上调,https://www.ndrc.gov.cn/xwdt/xwfb/202308/t20230809_1359258.html,235,9535,1,up,235,2023-08,86.418,10,4.701,5.752781,85.436,10,4.941,6.138269,81.17,10,4.702,6.148977,83.303,10,4.8215,6.143486,84.1562,10,4.8693,6.141368,0.1,-3,49.7,51,51.3,5280,3064332.6,580.37,234.161648,0.838352
2023-08-24,2023-08-23,55,55,10115,9065,2023年8月23日24时起国内成品油价格按机制上调,https://www.ndrc.gov.cn/xwdt/xwfb/202308/t20230823_1360025.html,55,9590,1,up,55,2023-08,87.708,10,1.29,1.492745,86.415,10,0.979,1.145887,81.593,10,0.423,0.521128,84.004,10,0.701,0.841506,84.9684,10,0.8122,0.96511,0.1,-3,49.7,51,51.3,5280,3064332.6,580.37,40.560848,14.439152
2023-09-06,2023-09-06,0,0,10115,9065,2023年9月6日国内成品油价格不作调整,https://www.ndrc.gov.cn/xwdt/xwfb/202309/t20230906_1360397.html,0,9590,0,no_adjust,0,2023-09,88.12,10,0.412,0.469741,87.006,10,0.591,0.683909,81.839,10,0.246,0.301496,84.1765,10,0.1725,0.205347,85.1091,10,0.1407,0.165591,0,-2.5,50.2,51.7,52,4574,2883165.4,630.34,8.517532,-8.517532
2023-09-21,2023-09-20,385,370,10500,9435,2023年9月20日24时起国内成品油价格按机制调整,https://www.ndrc.gov.cn/xwdt/xwfb/202309/t20230920_1360717.html,377.5,9967.5,1,up,377.5,2023-09,94.692,10,6.572,7.458012,93.62,10,6.614,7.601775,89.028,10,7.189,8.78432,91.324,10,7.1475,8.491087,92.2424,10,7.1333,8.38136,0,-2.5,50.2,51.7,52,4574,2883165.4,630.34,342.197489,35.302511
2023-10-11,2023-10-10,-85,-80,10415,9355,2023年10月10日24时起国内成品油价格按机制调整,https://www.ndrc.gov.cn/xwdt/xwfb/202310/t20231010_1361121.html,-82.5,9885,1,down,82.5,2023-10,93.225,10,-1.467,-1.549233,92.707,10,-0.913,-0.975219,88.472,10,-0.556,-0.624523,90.7215,10,-0.6025,-0.659739,91.6213,10,-0.6211,-0.673335,-0.2,-2.6,49.5,50.6,50.7,4897,3235356,660.68,-27.834811,-54.665189
2023-10-25,2023-10-24,-70,-70,10345,9285,2023年10月24日24时起国内成品油价格按机制调整,https://www.ndrc.gov.cn/xwdt/xwfb/202310/t20231024_1361478.html,-70,9815,1,down,70,2023-10,92.572,10,-0.653,-0.700456,91.523,10,-1.184,-1.277142,86.575,10,-1.897,-2.144181,89.049,10,-1.6725,-1.843554,90.0386,10,-1.5827,-1.727437,-0.2,-2.6,49.5,50.6,50.7,4897,3235356,660.68,-73.721412,3.721412
2023-11-08,2023-11-07,-140,-135,10205,9150,2023年11月7日24时起国内成品油价格按机制调整,https://www.ndrc.gov.cn/xwdt/xwfb/202311/t20231107_1361829.html,-137.5,9677.5,1,down,137.5,2023-11,90.282,10,-2.29,-2.47375,88.567,10,-2.956,-3.229789,83.198,10,-3.377,-3.900664,85.8825,10,-3.1665,-3.555907,86.9563,10,-3.0823,-3.42331,-0.5,-3,49.4,50.2,50.4,4245,2755831.4,649.19,-145.280841,7.780841
2023-11-22,2023-11-21,-340,-330,9865,8820,2023年11月21日24时起国内成品油价格按机制调整,https://www.ndrc.gov.cn/xwdt/xwfb/202311/t20231121_1362158.html,-335,9342.5,1,down,335,2023-11,83.981,10,-6.301,-6.979243,82.318,10,-6.249,-7.055675,77.467,10,-5.731,-6.888387,80.075,10,-5.8075,-6.762146,81.1182,10,-5.8381,-6.713832,-0.5,-3,49.4,50.2,50.4,4245,2755831.4,649.19,-276.784892,-58.215108
2023-12-06,2023-12-05,-55,-50,9810,8770,2023年12月5日24时起国内成品油价格按机制调整,https://www.ndrc.gov.cn/xwdt/xwfb/202312/t20231205_1362437.html,-52.5,9290,1,down,52.5,2023-12,83.436,10,-0.545,-0.648956,80.758,10,-1.56,-1.89509,75.828,10,-1.639,-2.11574,78.413,10,-1.662,-2.075554,79.447,10,-1.6712,-2.060204,-0.3,-2.7,49,50.4,50.3,4836,2934162.3,606.73,-77.944545,25.444545
2023-12-20,2023-12-19,-415,-400,9395,8370,2023年12月19日24时起国内成品油价格按机制调整,https://www.ndrc.gov.cn/xwdt/xwfb/202312/t20231219_1362767.html,-407.5,8882.5,1,down,407.5,2023-12,77.413,10,-6.023,-7.218707,75.853,10,-4.905,-6.073702,70.353,10,-5.475,-7.220288,73.103,10,-5.31,-6.771836,74.203,10,-5.244,-6.600627,-0.3,-2.7,49,50.4,50.3,4836,2934162.3,606.73,-248.435028,-159.064972
2024-01-04,2024-01-03,200,190,9595,8560,2024年1月3日24时起国内成品油价格按机制调整,https://www.ndrc.gov.cn/xwdt/xwfb/202401/t20240103_1363079.html,195,9077.5,1,up,195,2024-01,80.061,10,2.648,3.420614,79.155,10,3.302,4.353157,73.082,10,2.729,3.87901,75.879,10,2.776,3.797382,77.1894,10,2.9864,4.024635,-0.8,-2.5,49.2,50.7,50.9,4417,2559588.4,579.49,144.311522,50.688478
2024-01-18,2024-01-17,-50,-50,9545,8510,2024年1月17日24时起国内成品油价格按机制调整,https://www.ndrc.gov.cn/xwdt/xwfb/202401/t20240117_1363439.html,-50,9027.5,1,down,50,2024-01,78.739,10,-1.322,-1.651241,78.319,10,-0.836,-1.056156,72.275,10,-0.807,-1.104239,75.121,10,-0.758,-0.998959,76.2594,10,-0.93,-1.204829,-0.8,-2.5,49.2,50.7,50.9,4417,2559588.4,579.49,-42.575213,-7.424787
2024-02-01,2024-01-31,200,200,9745,8710,2024年1月31日24时起国内成品油价格按机制上调,https://www.ndrc.gov.cn/xwdt/xwfb/202401/t20240131_1363834.html,200,9227.5,1,up,200,2024-02,81.22,10,2.481,3.150916,82.032,10,3.713,4.740867,75.817,10,3.542,4.900726,78.9245,10,3.8035,5.063165,80.1675,10,3.9081,5.124745,0.7,-2.7,49.1,51.4,50.9,4268,2569275.2,601.99,188.294134,11.705866
2024-02-19,2024-02-19,0,0,9745,8710,2024年2月19日国内成品油价格按机制不作调整,https://www.ndrc.gov.cn/xwdt/xwfb/202402/t20240219_1364095.html,0,9227.5,0,no_adjust,0,2024-02,80.677,10,-0.543,-0.668555,82.975,10,0.943,1.149551,76.606,10,0.789,1.040664,79.7905,10,0.866,1.097251,81.0643,10,0.8968,1.118658,0.7,-2.7,49.1,51.4,50.9,4268,2569275.2,601.99,44.597876,-44.597876
2024-03-05,2024-03-04,125,120,9870,8830,2024年3月4日国内成品油价格按机制调整,https://www.ndrc.gov.cn/xwdt/xwfb/202403/t20240304_1364393.html,122.5,9350,1,up,122.5,2024-03,82.259,10,1.582,1.960906,84.637,10,1.662,2.003013,79.239,10,2.633,3.437068,81.906,10,2.1155,2.651318,82.9728,10,1.9085,2.354304,0.1,-2.8,50.8,53,52.7,4905,2937969.6,588.55,92.8752,29.6248
2024-03-18,2024-03-18,0,0,9870,8830,2024年3月18日国内成品油价格按机制不作调整,https://www.ndrc.gov.cn/xwdt/xwfb/202403/t20240318_1365046.html,0,9350,0,no_adjust,0,2024-03,83.077,10,0.818,0.99442,85.076,10,0.439,0.518686,79.978,10,0.739,0.932622,82.527,10,0.621,0.758186,83.5466,10,0.5738,0.691552,0.1,-2.8,50.8,53,52.7,4905,2937969.6,588.55,29.184635,-29.184635
2024-04-02,2024-04-01,200,190,10070,9020,2024年4月1日国内成品油价格按机制调整,https://www.ndrc.gov.cn/xwdt/xwfb/202404/t20240401_1365388.html,195,9545,1,up,195,2024-04,85.577,10,2.5,3.009256,85.798,10,0.722,0.848653,82.682,10,2.704,3.38093,84.24,10,1.713,2.075684,84.8632,10,1.3166,1.575887,0.3,-2.5,50.4,51.2,51.7,4472,2791949.1,624.32,64.630317,130.369683
2024-04-17,2024-04-16,200,195,10270,9215,国内成品油价格按机制调整,https://www.ndrc.gov.cn/xwdt/xwfb/202404/t20240416_1365703.html,197.5,9742.5,1,up,197.5,2024-04,90.136,10,4.559,5.327366,91.224,10,5.426,6.324157,86.595,10,3.913,4.73259,88.9095,10,4.6695,5.543091,89.8353,10,4.9721,5.858959,0.3,-2.5,50.4,51.2,51.7,4472,2791949.1,624.32,239.067162,-41.567162
2024-04-30,2024-04-29,-70,-70,10200,9145,2024年4月29日国内成品油价格按机制调整,https://www.ndrc.gov.cn/xwdt/xwfb/202404/t20240429_1366287.html,-70,9672.5,1,down,70,2024-04,88.497,10,-1.639,-1.818363,89.063,10,-2.161,-2.368894,84.561,10,-2.034,-2.348865,86.812,10,-2.0975,-2.35914,87.7124,10,-2.1229,-2.363102,0.3,-2.5,50.4,51.2,51.7,4472,2791949.1,624.32,-99.499222,29.499222
2024-05-16,2024-05-15,-235,-225,9965,8920,2024年5月15日国内成品油价格按机制调整,https://www.ndrc.gov.cn/xwdt/xwfb/202405/t20240515_1386222.html,-230,9442.5,1,down,230,2024-05,84.048,10,-4.449,-5.027289,83.616,10,-5.447,-6.115895,80.258,10,-4.303,-5.088634,82.1065,10,-4.7055,-5.420334,82.7103,10,-5.0021,-5.702842,0.3,-1.4,49.5,51.1,51,4697,2972291.4,632.81,-236.891799,6.891799
2024-05-29,2024-05-29,0,0,9965,8920,2024年5月29日国内成品油价格按机制不作调整,https://www.ndrc.gov.cn/xwdt/xwfb/202405/t20240529_1386532.html,0,9442.5,0,no_adjust,0,2024-05,83.251,10,-0.797,-0.948268,80.741,10,-2.875,-3.438337,80.041,10,-0.217,-0.270378,80.391,10,-1.7155,-2.08936,80.531,10,-2.1793,-2.634859,0.3,-1.4,49.5,51.1,51,4697,2972291.4,632.81,-102.190574,102.190574
2024-06-14,2024-06-13,-190,-180,9775,8740,2024年6月13日国内成品油价格按机制调整,https://www.ndrc.gov.cn/xwdt/xwfb/202406/t20240613_1386864.html,-185,9257.5,1,down,185,2024-06,80.884,10,-2.367,-2.843209,78.402,10,-2.339,-2.896917,77.178,10,-2.863,-3.576917,77.79,10,-2.601,-3.235437,78.0348,10,-2.4962,-3.099676,0.2,-0.8,49.5,50.5,50.5,4645,2823960,607.96,-117.312729,-67.687271
2024-06-28,2024-06-27,210,200,9985,8940,2024年6月27日国内成品油价格按机制调整,https://www.ndrc.gov.cn/xwdt/xwfb/202406/t20240627_1391342.html,205,9462.5,1,up,205,2024-06,84.8,10,3.916,4.841501,84.747,10,6.345,8.092906,81.442,10,4.264,5.524891,82.8385,10,5.0485,6.489909,83.3971,10,5.3623,6.871678,0.2,-0.8,49.5,50.5,50.5,4645,2823960,607.96,257.68712,-52.68712
2024-07-12,2024-07-11,110,105,10095,9045,2024年7月11日国内成品油价格按机制调整,https://www.ndrc.gov.cn/xwdt/xwfb/202407/t20240711_1391617.html,107.5,9570,1,up,107.5,2024-07,86.717,10,1.917,2.260613,87.454,10,2.707,3.194213,83.628,10,2.186,2.684119,85.412,10,2.5735,3.106647,86.1256,10,2.7285,3.271696,0.5,-0.8,49.4,50.2,50.2,4234,2578459.6,608.99,132.004789,-24.504789
2024-07-26,2024-07-25,-145,-140,9950,8905,2024年7月25日国内成品油价格按机制调整,https://www.ndrc.gov.cn/xwdt/xwfb/202407/t20240725_1391947.html,-142.5,9427.5,1,down,142.5,2024-07,84.334,10,-2.383,-2.748019,85.272,10,-2.182,-2.495026,82.058,10,-1.57,-1.877362,83.665,10,-1.747,-2.04538,84.3078,10,-1.8178,-2.110638,0.5,-0.8,49.4,50.2,50.2,4234,2578459.6,608.99,-84.940152,-57.559848
2024-08-09,2024-08-08,-305,-290,9645,8615,2024年8月8日国内成品油价格按机制调整,https://www.ndrc.gov.cn/xwdt/xwfb/202408/t20240808_1392318.html,-297.5,9130,1,down,297.5,2024-08,79.12,10,-5.214,-6.18256,79.763,10,-5.509,-6.460503,76.928,10,-5.13,-6.251676,78.3455,10,-5.3195,-6.358095,78.9125,10,-5.3953,-6.399526,0.6,-1.8,49.1,50.3,50.1,4910,2936268.9,598.02,-255.654914,-41.845086
2024-08-22,2024-08-22,0,0,9645,8615,2024年8月22日国内成品油价格按机制不作调整,https://www.ndrc.gov.cn/xwdt/xwfb/202408/t20240822_1392530.html,0,9130,0,no_adjust,0,2024-08,78.904,10,-0.216,-0.273003,81.291,10,1.528,1.915675,77.721,10,0.793,1.030834,79.506,10,1.1605,1.481259,80.22,10,1.3075,1.656898,0.6,-1.8,49.1,50.3,50.1,4910,2936268.9,598.02,64.196074,-64.196074
2024-09-06,2024-09-05,-100,-100,9545,8515,2024年9月5日国内成品油价格按机制调整,https://www.ndrc.gov.cn/xwdt/xwfb/202409/t20240905_1392834.html,-100,9030,1,down,100,2024-09,77.58,10,-1.324,-1.677988,79.016,10,-2.275,-2.798588,74.55,10,-3.171,-4.079978,76.678,10,-2.828,-3.556964,77.6544,10,-2.5656,-3.198205,0.4,-2.8,49.8,50,50.4,4549,2573473.2,565.72,-120.624428,20.624428
2024-09-21,2024-09-20,-365,-350,9180,8165,2024年9月20日国内成品油价格按机制调整,https://www.ndrc.gov.cn/xwdt/xwfb/202409/t20240920_1393111.html,-357.5,8672.5,1,down,357.5,2024-09,72.829,10,-4.751,-6.124001,73.229,10,-5.787,-7.323833,70.068,10,-4.482,-6.012072,71.6485,10,-5.0295,-6.559248,72.2807,10,-5.3737,-6.92002,0.4,-2.8,49.8,50,50.4,4549,2573473.2,565.72,-254.624183,-102.875817
2024-10-11,2024-10-10,140,135,9320,8300,2024年10月10日国内成品油价格按机制调整,https://www.ndrc.gov.cn/xwdt/xwfb/202410/t20241010_1393553.html,137.5,8810,1,up,137.5,2024-10,74.879,10,2.05,2.814813,76.108,10,2.879,3.931503,72.203,10,2.135,3.04704,74.1555,10,2.507,3.499026,74.9365,10,2.6558,3.674286,0.3,-2.9,50.1,50.2,50.8,4470,2430092.9,543.64,128.535617,8.964383
2024-10-24,2024-10-23,90,85,9410,8385,2024年10月23日国内成品油价格按机制调整,https://www.ndrc.gov.cn/xwdt/xwfb/202410/t20241023_1393865.html,87.5,8897.5,1,up,87.5,2024-10,74.973,10,0.094,0.125536,75.858,10,-0.25,-0.328481,72.791,10,0.588,0.814371,74.3105,10,0.155,0.20902,74.9183,10,-0.0182,-0.024287,0.3,-2.9,50.1,50.2,50.8,4470,2430092.9,543.64,0.934981,86.565019
2024-11-07,2024-11-06,-145,-140,9265,8245,2024年11月6日国内成品油价格按机制调整,https://www.ndrc.gov.cn/xwdt/xwfb/202411/t20241106_1394298.html,-142.5,8755,1,down,142.5,2024-11,73.042,10,-1.931,-2.575594,73.949,10,-1.909,-2.516544,70.149,10,-2.642,-3.62957,72.049,10,-2.2615,-3.043312,72.809,10,-2.1093,-2.815467,0.2,-2.5,50.3,50,50.8,4852,2627508.2,541.53,-98.850243,-43.649757
2024-11-20,2024-11-20,0,0,9265,8245,2024年11月20日国内成品油价格不作调整,https://www.ndrc.gov.cn/xwdt/xwfb/202411/t20241120_1394603.html,0,8755,0,no_adjust,0,2024-11,72.541,10,-0.501,-0.685907,73.941,10,-0.008,-0.010818,70.034,10,-0.115,-0.163937,72.227,10,0.178,0.247054,73.1042,10,0.2952,0.405444,0.2,-2.5,50.3,50,50.8,4852,2627508.2,541.53,15.890119,-15.890119
2024-12-04,2024-12-04,0,0,9265,8245,2024年12月4日国内成品油价格按机制不作调整,https://www.ndrc.gov.cn/xwdt/xwfb/202412/t20241204_1394837.html,0,8755,0,no_adjust,0,2024-12,72.901,10,0.36,0.496271,74.395,10,0.454,0.614003,69.532,10,-0.502,-0.716795,71.9835,10,-0.2435,-0.337132,72.9641,10,-0.1401,-0.191644,0.1,-2.3,50.1,52.2,52.2,4923,2678963.5,544.17,-4.881967,4.881967
2024-12-18,2024-12-18,0,0,9265,8245,2024年12月18日国内成品油价格按机制不作调整,https://www.ndrc.gov.cn/xwdt/xwfb/202412/t20241218_1395064.html,0,8755,0,no_adjust,0,2024-12,72.809,10,-0.092,-0.126199,73.986,10,-0.409,-0.549768,69.717,10,0.185,0.266065,71.8515,10,-0.132,-0.183375,72.7053,10,-0.2588,-0.354695,0.1,-2.3,50.1,52.2,52.2,4923,2678963.5,544.17,-10.546213,10.546213
2025-01-03,2025-01-02,70,70,9335,8315,2025年1月2日国内成品油价格按机制调整,https://www.ndrc.gov.cn/xwdt/xwfb/202501/t20250102_1395423.html,70,8825,1,up,70,2025-01,73.555,10,0.746,1.024599,73.718,10,-0.268,-0.362231,70.712,10,0.995,1.427199,72.2475,10,0.396,0.551137,72.8357,10,0.1304,0.179354,0.5,-2.3,49.1,50.2,50.1,,,,8.026026,61.973974
2025-01-17,2025-01-16,340,325,9675,8640,2025年1月16日国内成品油价格按机制调整,https://www.ndrc.gov.cn/xwdt/xwfb/202501/t20250116_1395727.html,332.5,9157.5,1,up,332.5,2025-01,77.796,10,4.241,5.765754,79.21,10,5.492,7.450012,75.993,10,5.281,7.468322,77.4085,10,5.161,7.1435,77.9747,10,5.139,7.055606,0.5,-2.3,49.1,50.2,50.1,,,,247.031465,85.468535
2025-02-06,2025-02-06,0,0,9675,8640,2025年2月6日国内成品油价格按机制不作调整,https://www.ndrc.gov.cn/xwdt/xwfb/202502/t20250206_1396007.html,0,9157.5,0,no_adjust,0,2025-02,78.976,10,1.18,1.516787,77.197,10,-2.013,-2.541346,73.449,10,-2.544,-3.347677,75.323,10,-2.0855,-2.694149,76.0726,10,-1.9021,-2.439381,-0.7,-2.2,50.2,50.4,51.1,,,,-88.962864,88.962864
2025-02-20,2025-02-19,-170,-160,9505,8480,2025年2月19日国内成品油价格按机制调整,https://www.ndrc.gov.cn/xwdt/xwfb/202502/t20250219_1396225.html,-165,8992.5,1,down,165,2025-02,77.06,10,-1.916,-2.426053,75.626,10,-1.571,-2.035053,71.976,10,-1.473,-2.005473,73.8395,10,-1.4835,-1.969518,74.5849,10,-1.4877,-1.955632,-0.7,-2.2,50.2,50.4,51.1,,,,-69.188106,-95.811894
2025-03-06,2025-03-05,-135,-130,9370,8350,2025年3月5日国内成品油价格按机制调整,https://www.ndrc.gov.cn/xwdt/xwfb/202503/t20250305_1396430.html,-132.5,8860,1,down,132.5,2025-03,75.801,10,-1.259,-1.633792,74.459,10,-1.167,-1.54312,70.295,10,-1.681,-2.335501,72.377,10,-1.4625,-1.980647,73.2098,10,-1.3751,-1.843671,-0.1,-2.5,50.5,50.8,51.4,,,,-63.814945,-68.685055
2025-03-20,2025-03-19,-280,-270,9090,8080,2025年3月19日国内成品油价格按机制调整,https://www.ndrc.gov.cn/xwdt/xwfb/202503/t20250319_1396715.html,-275,8585,1,down,275,2025-03,72.828,10,-2.973,-3.922112,71.606,10,-2.853,-3.831639,67.055,10,-3.24,-4.609147,69.3305,10,-3.0465,-4.20921,70.2407,10,-2.9691,-4.055605,-0.1,-2.5,50.5,50.8,51.4,,,,-139.879049,-135.120951
2025-04-03,2025-04-02,230,220,9320,8300,2025年4月2日国内成品油价格按机制调整,https://www.ndrc.gov.cn/xwdt/xwfb/202504/t20250402_1396996.html,225,8810,1,up,225,2025-04,75.578,10,2.75,3.77602,74.395,10,2.789,3.894925,69.698,10,2.643,3.941541,72.0465,10,2.716,3.917468,72.9859,10,2.7452,3.908275,-0.1,-2.7,49,50.4,50.2,,,,132.801696,92.198304
2025-04-18,2025-04-17,-480,-465,8840,7835,2025年4月17日国内成品油价格按机制调整,https://www.ndrc.gov.cn/xwdt/xwfb/202504/t20250417_1397240.html,-472.5,8337.5,1,down,472.5,2025-04,67.84,10,-7.738,-10.238429,67.309,10,-7.086,-9.524834,62.266,10,-7.432,-10.663147,64.7875,10,-7.259,-10.075437,65.7961,10,-7.1898,-9.850944,-0.1,-2.7,49,50.4,50.2,,,,-341.286679,-131.213321
2025-04-30,2025-04-30,0,0,8840,7835,2025年4月30日国内成品油价格按机制不作调整,https://www.ndrc.gov.cn/xwdt/xwfb/202504/t20250430_1397516.html,0,8337.5,0,no_adjust,0,2025-04,68.731,10,0.891,1.313384,67.288,10,-0.021,-0.031199,63.295,10,1.029,1.652587,65.217,10,0.4295,0.662937,66.0454,10,0.2493,0.378898,-0.1,-2.7,49,50.4,50.2,,,,13.699816,-13.699816
2025-05-20,2025-05-19,-230,-220,8610,7615,2025年5月19日国内成品油价格按机制调整,https://www.ndrc.gov.cn/xwdt/xwfb/202505/t20250519_1397793.html,-225,8112.5,1,down,225,2025-05,63.389,10,-5.342,-7.77233,63.841,10,-3.447,-5.122756,62.167,10,-1.128,-1.782131,63.0625,10,-2.1545,-3.303586,63.3739,10,-2.6715,-4.044945,-0.1,-3.3,49.5,50.3,50.4,,,,-125.677871,-99.322129
2025-06-04,2025-06-03,65,60,8675,7675,2025年6月3日国内成品油价格按机制调整,https://www.ndrc.gov.cn/xwdt/xwfb/202506/t20250603_1398198.html,62.5,8175,1,up,62.5,2025-06,64.199,10,0.81,1.277824,65.483,10,1.642,2.572015,62.686,10,0.519,0.834848,64.0845,10,1.022,1.620614,64.6439,10,1.27,2.00398,0.1,-3.6,49.7,50.5,50.7,,,,62.406611,0.093389
2025-06-18,2025-06-17,260,255,8935,7930,2025年6月17日国内成品油价格按机制调整,https://www.ndrc.gov.cn/xwdt/xwfb/202506/t20250617_1398486.html,257.5,8432.5,1,up,257.5,2025-06,67.733,10,3.534,5.504759,69.965,10,4.482,6.844525,67.269,10,4.583,7.311042,68.617,10,4.5325,7.072693,69.1562,10,4.5123,6.980241,0.1,-3.6,49.7,50.5,50.7,,,,217.125961,40.374039
2025-07-02,2025-07-01,235,225,9170,8155,2025年7月1日国内成品油价格按机制调整,https://www.ndrc.gov.cn/xwdt/xwfb/202507/t20250701_1398919.html,230,8662.5,1,up,230,2025-07,72.26,10,4.527,6.683596,73.414,10,3.449,4.929608,69.995,10,2.726,4.052387,71.4385,10,2.8215,4.111955,72.0159,10,2.8597,4.135132,0,-3.6,49.3,50.1,50.2,,,,138.265523,91.734477
2025-07-16,2025-07-15,-130,-125,9040,8030,2025年7月15日国内成品油价格按机制调整,https://www.ndrc.gov.cn/xwdt/xwfb/202507/t20250715_1399195.html,-127.5,8535,1,down,127.5,2025-07,70.362,10,-1.898,-2.626626,70.971,10,-2.443,-3.327703,68.365,10,-1.63,-2.328738,69.524,10,-1.9145,-2.679927,69.9876,10,-2.0283,-2.816461,0,-3.6,49.3,50.1,50.2,,,,-94.985003,-32.514997
2025-07-29,2025-07-29,0,0,9040,8030,2025年7月29日国内成品油价格按机制不作调整,https://www.ndrc.gov.cn/xwdt/xwfb/202507/t20250729_1399467.html,0,8535,0,no_adjust,0,2025-07,70.588,10,0.226,0.321196,70.362,10,-0.609,-0.858097,67.553,10,-0.812,-1.187742,68.9575,10,-0.5665,-0.814827,69.5193,10,-0.4683,-0.669119,0,-3.6,49.3,50.1,50.2,,,,-20.543346,20.543346
2025-08-12,2025-08-12,0,0,9040,8030,2025年8月12日国内成品油价格按机制不作调整,https://www.ndrc.gov.cn/xwdt/xwfb/202508/t20250812_1399754.html,0,8535,0,no_adjust,0,2025-08,71.74,10,1.152,1.632005,69.936,10,-0.426,-0.60544,67.389,10,-0.164,-0.242772,68.6625,10,-0.295,-0.4278,69.1719,10,-0.3474,-0.499717,-0.4,-2.9,49.4,50.3,50.5,,,,-14.774118,14.774118
2025-08-27,2025-08-26,-180,-175,8860,7855,2025年8月26日国内成品油价格按机制调整,https://www.ndrc.gov.cn/xwdt/xwfb/202508/t20250826_1400056.html,-177.5,8357.5,1,down,177.5,2025-08,69.136,10,-2.604,-3.629774,67.494,10,-2.442,-3.491764,64.257,10,-3.132,-4.647643,65.868,10,-2.7945,-4.069907,66.5184,10,-2.6535,-3.836095,-0.4,-2.9,49.4,50.3,50.5,,,,-124.818929,-52.681071
2025-09-09,2025-09-09,0,0,8860,7855,2025年9月9日国内成品油价格按机制不作调整,https://www.ndrc.gov.cn/xwdt/xwfb/202509/t20250909_1400343.html,0,8357.5,0,no_adjust,0,2025-09,70.442,10,1.306,1.88903,67.079,10,-0.415,-0.614869,64.153,10,-0.104,-0.16185,65.621,10,-0.247,-0.374992,66.2522,10,-0.2662,-0.40019,-0.3,-2.3,49.8,50,50.6,,,,-10.899334,10.899334
2025-09-23,2025-09-23,0,0,8860,7855,2025年9月23日国内成品油价格按机制不作调整,https://www.ndrc.gov.cn/xwdt/xwfb/202509/t20250923_1400624.html,0,8357.5,0,no_adjust,0,2025-09,70.572,10,0.13,0.184549,67.922,10,0.843,1.256727,63.559,10,-0.594,-0.925911,65.7405,10,0.1195,0.182106,66.6131,10,0.3609,0.544737,-0.3,-2.3,49.8,50,50.6,,,,19.025258,-19.025258
2025-10-14,2025-10-13,-75,-70,8785,7785,2025年10月13日国内成品油价格按机制调整,https://www.ndrc.gov.cn/xwdt/xwfb/202510/t20251013_1400937.html,-72.5,8285,1,down,72.5,2025-10,67.17,10,-3.402,-4.820609,66.901,10,-1.021,-1.503195,62.345,10,-1.214,-1.910036,64.623,10,-1.1175,-1.699865,65.5342,10,-1.0789,-1.619651,0.2,-2.1,49,50.1,50,,,,-49.680574,-22.819426
2025-10-28,2025-10-27,-265,-255,8520,7530,2025年10月27日国内成品油价格按机制调整,https://www.ndrc.gov.cn/xwdt/xwfb/202510/t20251027_1401193.html,-260,8025,1,down,260,2025-10,63.901,10,-3.269,-4.866756,62.79,10,-4.111,-6.144901,59.595,10,-2.75,-4.410939,61.2055,10,-3.4175,-5.288365,61.8497,10,-3.6845,-5.622255,0.2,-2.1,49,50.1,50,,,,-174.01723,-85.98277
2025-11-11,2025-11-10,125,120,8645,7650,2025年11月10日国内成品油价格按机制调整,https://www.ndrc.gov.cn/xwdt/xwfb/202511/t20251110_1401464.html,122.5,8147.5,1,up,122.5,2025-11,65.935,10,2.034,3.183049,64.661,10,1.871,2.979774,61.182,10,1.587,2.662975,62.9215,10,1.716,2.80367,63.6173,10,1.7676,2.857896,0.7,-2.2,49.2,49.5,49.7,,,,86.151591,36.348409
2025-11-25,2025-11-24,-70,-65,8575,7585,2025年11月24日国内成品油价格按机制调整,https://www.ndrc.gov.cn/xwdt/xwfb/202511/t20251124_1401864.html,-67.5,8080,1,down,67.5,2025-11,64.545,10,-1.39,-2.108137,63.256,10,-1.405,-2.172871,60.256,10,-0.926,-1.513517,61.749,10,-1.1725,-1.863433,62.3462,10,-1.2711,-1.998041,0.7,-2.2,49.2,49.5,49.7,,,,-58.852168,-8.647832
2025-12-09,2025-12-08,-55,-55,8520,7530,2025年12月8日国内成品油价格按机制调整,https://www.ndrc.gov.cn/xwdt/xwfb/202512/t20251208_1402287.html,-55,8025,1,down,55,2025-12,63.552,10,-0.993,-1.538462,64.179,10,0.923,1.45915,59.103,10,-1.153,-1.913502,61.571,10,-0.178,-0.288264,62.5582,10,0.212,0.340037,0.8,-1.9,50.1,50.2,50.7,,,,11.919897,-66.919897
2025-12-23,2025-12-22,-170,-165,8350,7365,2025年12月22日国内成品油价格按机制调整,https://www.ndrc.gov.cn/xwdt/xwfb/202512/t20251222_1402523.html,-167.5,7857.5,1,down,167.5,2025-12,61.018,10,-2.534,-3.987286,61.715,10,-2.464,-3.839262,57.298,10,-1.805,-3.05399,59.5065,10,-2.0645,-3.35304,60.3899,10,-2.1683,-3.466052,0.8,-1.9,50.1,50.2,50.7,,,,-101.665665,-65.834335
2026-01-06,2026-01-06,0,0,8350,7365,2026年1月6日国内成品油价格按机制不作调整,https://www.ndrc.gov.cn/xwdt/xwfb/202601/t20260106_1403050.html,0,7857.5,0,no_adjust,0,2026-01,60.838,10,-0.18,-0.294995,62.339,10,0.624,1.011099,57.71,10,0.412,0.719048,60.0055,10,0.499,0.838564,60.9389,10,0.549,0.909092,0.2,-1.4,49.3,49.4,49.8,,,,28.001204,-28.001204
2026-01-21,2026-01-20,85,85,8435,7450,2026年1月20日国内成品油价格按机制调整,https://www.ndrc.gov.cn/xwdt/xwfb/202601/t20260120_1403319.html,85,7942.5,1,up,85,2026-01,61.303,10,0.465,0.764325,65.352,10,3.013,4.83325,58.839,10,1.129,1.956333,61.9,10,1.8945,3.157211,63.1244,10,2.1855,3.586379,0.2,-1.4,49.3,49.4,49.8,,,,106.093366,-21.093366
2026-02-04,2026-02-03,205,195,8640,7645,2026年2月3日国内成品油价格按机制调整,https://www.ndrc.gov.cn/xwdt/xwfb/202602/t20260203_1403566.html,200,8142.5,1,up,200,2026-02,64.204,10,2.901,4.732232,68.787,10,3.435,5.256151,61.674,10,2.835,4.818233,65.2305,10,3.3305,5.380452,66.6531,10,3.5287,5.590073,1.3,-0.9,49,49.5,49.5,,,,170.189542,29.810458
2026-02-25,2026-02-24,175,170,8815,7815,2026年2月24日国内成品油价格按机制调整,https://www.ndrc.gov.cn/xwdt/xwfb/202602/t20260224_1403852.html,172.5,8315,1,up,172.5,2026-02,68.106,10,3.902,6.077503,71.247,10,2.46,3.576257,64.723,10,3.049,4.943736,68.004,10,2.7735,4.251845,69.3164,10,2.6633,3.995763,1.3,-0.9,49,49.5,49.5,,,,128.893509,43.606491
2026-03-10,2026-03-09,695,670,9510,8485,2026年3月9日国内成品油价格按机制调整,https://www.ndrc.gov.cn/xwdt/xwfb/202603/t20260309_1404075.html,682.5,8997.5,1,up,682.5,2026-03,77.672,10,9.566,14.045752,78.319,10,7.072,9.926032,72.118,10,7.395,11.425614,75.2185,10,7.2145,10.608935,76.4587,10,7.1423,10.303911,1,0.5,50.4,50.1,50.5,,,,342.62696,339.87304
2026-03-24,2026-03-23,1160,1115,10670,9600,2026年3月23日国内成品油价格调整,https://www.ndrc.gov.cn/xwdt/xwfb/202603/t20260323_1404295.html,1137.5,10135,1,up,1137.5,2026-03,125.659,10,47.987,61.781594,103.777,10,25.458,32.505522,93.959,10,21.841,30.285088,98.868,10,23.6495,31.441068,100.8316,10,24.3729,31.87721,1,0.5,50.4,50.1,50.5,,,,1164.854154,-27.354154
2026-04-08,2026-04-07,420,400,11090,10000,2026年4月7日国家继续实施调控，成品油价格适当调整,https://www.ndrc.gov.cn/xwdt/xwfb/202604/t20260407_1404528.html,410,10545,1,up,410,2026-04,123.192,10,-2.467,-1.96325,117.037,10,13.26,12.777398,100.815,10,6.856,7.2968,108.161,10,9.293,9.399401,111.7114,10,10.8798,10.79007,1.2,2.8,50.3,49.4,50.1,,,,520.976764,-110.976764
2026-04-22,2026-04-21,-555,-530,10535,9470,2026年4月21日国内成品油价格下调,https://www.ndrc.gov.cn/xwdt/xwfb/202604/t20260421_1404789.html,-542.5,10002.5,1,down,542.5,2026-04,107.016,10,-16.176,-13.130723,117.398,10,0.361,0.308449,96.897,10,-3.918,-3.886326,107.1475,10,-1.0135,-0.937029,111.2477,10,-0.4637,-0.415087,1.2,2.8,50.3,49.4,50.1,,,,-20.323839,-522.176161
2026-05-09,2026-05-08,320,310,10855,9780,2026年5月8日国内成品油价格调整,https://www.ndrc.gov.cn/xwdt/xwfb/202605/t20260508_1405100.html,315,10317.5,1,up,315,2026-05,112.562,10,5.546,5.182403,114.626,10,-2.772,-2.361199,102.368,10,5.471,5.646202,107.562,10,0.4145,0.38685,110.3876,10,-0.8601,-0.77314,,,,,,,,,-39.239655,354.239655
