date,basket_usd_per_bbl,brent_usd_per_bbl,wti_usd_per_bbl,brent_wti_avg_usd_per_bbl,brent_wti_weighted_usd_per_bbl
1986-01-02,,,25.56,,
1986-01-03,,,26,,
1986-01-06,,,26.53,,
1986-01-07,,,25.85,,
1986-01-08,,,25.87,,
1986-01-09,,,26.03,,
1986-01-10,,,25.65,,
1986-01-13,,,25.08,,
1986-01-14,,,24.97,,
1986-01-15,,,25.18,,
1986-01-16,,,23.98,,
1986-01-17,,,23.63,,
1986-01-20,,,21.33,,
1986-01-21,,,20.61,,
1986-01-22,,,20.25,,
1986-01-23,,,19.93,,
1986-01-24,,,19.45,,
1986-01-27,,,20.87,,
1986-01-28,,,19.45,,
1986-01-29,,,19.61,,
1986-01-30,,,19.58,,
1986-01-31,,,18.95,,
1986-02-03,,,17.42,,
1986-02-04,,,15.58,,
1986-02-05,,,16.28,,
1986-02-06,,,16.6,,
1986-02-07,,,17.7,,
1986-02-10,,,16.78,,
1986-02-11,,,16.28,,
1986-02-12,,,15.74,,
1986-02-13,,,16.43,,
1986-02-14,,,16.03,,
1986-02-18,,,14.7,,
1986-02-19,,,15.08,,
1986-02-20,,,14.13,,
1986-02-21,,,13.63,,
1986-02-24,,,14.68,,
1986-02-25,,,14.68,,
1986-02-26,,,14.62,,
1986-02-27,,,14.05,,
1986-02-28,,,13.23,,
1986-03-03,,,11.98,,
1986-03-04,,,11.98,,
1986-03-05,,,12.03,,
1986-03-06,,,13.13,,
1986-03-07,,,12.24,,
1986-03-10,,,12.94,,
1986-03-11,,,13.23,,
1986-03-12,,,14.05,,
1986-03-13,,,12.6,,
1986-03-14,,,12.55,,
1986-03-17,,,13.28,,
1986-03-18,,,14.03,,
1986-03-19,,,13.25,,
1986-03-20,,,12.75,,
1986-03-21,,,13.95,,
1986-03-24,,,12.2,,
1986-03-25,,,12.43,,
1986-03-26,,,12.03,,
1986-03-27,,,11.35,,
1986-03-31,,,10.25,,
1986-04-01,,,11.13,,
1986-04-02,,,11.35,,
1986-04-03,,,11.7,,
1986-04-04,,,12.75,,
1986-04-07,,,14.39,,
1986-04-08,,,12.83,,
1986-04-09,,,13,,
1986-04-10,,,13.45,,
1986-04-11,,,13.63,,
1986-04-14,,,12.94,,
1986-04-15,,,12.72,,
1986-04-16,,,11.5,,
1986-04-17,,,11.75,,
1986-04-18,,,11.88,,
1986-04-21,,,12.48,,
1986-04-22,,,13.13,,
1986-04-23,,,13.7,,
1986-04-24,,,13.65,,
1986-04-25,,,14.23,,
1986-04-28,,,13.34,,
1986-04-29,,,13.63,,
1986-04-30,,,13.38,,
1986-05-01,,,13.8,,
1986-05-02,,,14.65,,
1986-05-05,,,14.32,,
1986-05-06,,,14.43,,
1986-05-07,,,15.13,,
1986-05-08,,,15.7,,
1986-05-09,,,15.83,,
1986-05-12,,,15.75,,
1986-05-13,,,15.65,,
1986-05-14,,,15.53,,
1986-05-15,,,15.68,,
1986-05-16,,,16.08,,
1986-05-19,,,17.13,,
1986-05-20,,,16.18,,
1986-05-21,,,15.53,,
1986-05-22,,,16.04,,
1986-05-23,,,16.95,,
1986-05-27,,,15.1,,
1986-05-28,,,14.65,,
1986-05-29,,,14.5,,
1986-05-30,,,14.3,,
1986-06-02,,,13.8,,
1986-06-03,,,13.35,,
1986-06-04,,,13.15,,
1986-06-05,,,13.21,,
1986-06-06,,,12.73,,
1986-06-09,,,12.61,,
1986-06-10,,,12.38,,
1986-06-11,,,13.52,,
1986-06-12,,,13.69,,
1986-06-13,,,13.83,,
1986-06-16,,,13.65,,
1986-06-17,,,13.65,,
1986-06-18,,,13.62,,
1986-06-19,,,13.73,,
1986-06-20,,,14.44,,
1986-06-23,,,14.05,,
1986-06-24,,,13.98,,
1986-06-25,,,13.23,,
1986-06-26,,,13.14,,
1986-06-27,,,13.38,,
1986-06-30,,,12.8,,
1986-07-01,,,12.39,,
1986-07-02,,,12.04,,
1986-07-03,,,11.7,,
1986-07-07,,,11.18,,
1986-07-08,,,11.19,,
1986-07-09,,,11,,
1986-07-10,,,11.13,,
1986-07-11,,,11.13,,
1986-07-14,,,11.23,,
1986-07-15,,,11.85,,
1986-07-16,,,12.68,,
1986-07-17,,,12.3,,
1986-07-18,,,12.8,,
1986-07-21,,,13.07,,
1986-07-22,,,10.88,,
1986-07-23,,,10.83,,
1986-07-24,,,10.95,,
1986-07-25,,,10.83,,
1986-07-28,,,11.09,,
1986-07-29,,,11.63,,
1986-07-30,,,11.73,,
1986-07-31,,,11.23,,
1986-08-01,,,11.56,,
1986-08-04,,,14,,
1986-08-05,,,14.35,,
1986-08-06,,,14.8,,
1986-08-07,,,15.18,,
1986-08-08,,,14.83,,
1986-08-11,,,14.92,,
1986-08-12,,,15.5,,
1986-08-13,,,15.28,,
1986-08-14,,,15.43,,
1986-08-15,,,15.83,,
1986-08-18,,,15.58,,
1986-08-19,,,14.98,,
1986-08-20,,,15.23,,
1986-08-21,,,15.23,,
1986-08-22,,,15.48,,
1986-08-25,,,15.48,,
1986-08-26,,,15.78,,
1986-08-27,,,15.83,,
1986-08-28,,,15.83,,
1986-08-29,,,15.93,,
1986-09-02,,,16.43,,
1986-09-03,,,16.03,,
1986-09-04,,,16.18,,
1986-09-05,,,15.63,,
1986-09-08,,,15.63,,
1986-09-09,,,15,,
1986-09-10,,,14.9,,
1986-09-11,,,15.05,,
1986-09-12,,,15.06,,
1986-09-15,,,14.31,,
1986-09-16,,,13.8,,
1986-09-17,,,14.03,,
1986-09-18,,,14.55,,
1986-09-19,,,14.47,,
1986-09-22,,,13.94,,
1986-09-23,,,14.3,,
1986-09-24,,,14.55,,
1986-09-25,,,14.28,,
1986-09-26,,,14.43,,
1986-09-29,,,14.93,,
1986-09-30,,,14.7,,
1986-10-01,,,15.23,,
1986-10-02,,,15.38,,
1986-10-03,,,14.86,,
1986-10-06,,,14.83,,
1986-10-07,,,15.6,,
1986-10-08,,,15.35,,
1986-10-09,,,15.05,,
1986-10-10,,,14.98,,
1986-10-14,,,14.55,,
1986-10-15,,,14.83,,
1986-10-16,,,14.53,,
1986-10-17,,,14.85,,
1986-10-20,,,15.17,,
1986-10-21,,,15.22,,
1986-10-22,,,14.85,,
1986-10-23,,,14.88,,
1986-10-24,,,14.93,,
1986-10-27,,,14.4,,
1986-10-28,,,14.18,,
1986-10-29,,,13.73,,
1986-10-30,,,15.08,,
1986-10-31,,,15.25,,
1986-11-03,,,14.7,,
1986-11-04,,,15.05,,
1986-11-05,,,14.93,,
1986-11-06,,,15.08,,
1986-11-07,,,15.15,,
1986-11-10,,,15.3,,
1986-11-11,,,15.39,,
1986-11-12,,,15.33,,
1986-11-13,,,15.55,,
1986-11-14,,,15.68,,
1986-11-17,,,15.62,,
1986-11-18,,,15.65,,
1986-11-19,,,15.52,,
1986-11-20,,,15.1,,
1986-11-21,,,15.13,,
1986-11-24,,,14.98,,
1986-11-25,,,15.05,,
1986-11-26,,,15,,
1986-11-28,,,15,,
1986-12-01,,,15.29,,
1986-12-02,,,15.22,,
1986-12-03,,,15.13,,
1986-12-04,,,15.2,,
1986-12-05,,,15.14,,
1986-12-08,,,15.01,,
1986-12-09,,,14.93,,
1986-12-10,,,15.12,,
1986-12-11,,,15.49,,
1986-12-12,,,16.13,,
1986-12-15,,,16.38,,
1986-12-16,,,16.11,,
1986-12-17,,,15.83,,
1986-12-18,,,16.28,,
1986-12-19,,,16.55,,
1986-12-22,,,16.95,,
1986-12-23,,,16.93,,
1986-12-24,,,17.26,,
1986-12-29,,,17.65,,
1986-12-30,,,17.73,,
1986-12-31,,,17.93,,
1987-01-02,,,18.13,,
1987-01-05,,,17.98,,
1987-01-06,,,18.21,,
1987-01-07,,,18.28,,
1987-01-08,,,18.63,,
1987-01-09,,,18.78,,
1987-01-12,,,19,,
1987-01-13,,,18.86,,
1987-01-14,,,19.13,,
1987-01-15,,,19.09,,
1987-01-16,,,19.13,,
1987-01-19,,,18.7,,
1987-01-20,,,18.73,,
1987-01-21,,,18.6,,
1987-01-22,,,18.76,,
1987-01-23,,,18.59,,
1987-01-26,,,18.63,,
1987-01-27,,,18.48,,
1987-01-28,,,18.56,,
1987-01-29,,,18.68,,
1987-01-30,,,18.73,,
1987-02-02,,,18.59,,
1987-02-03,,,18.38,,
1987-02-04,,,18.26,,
1987-02-05,,,18.56,,
1987-02-06,,,18.44,,
1987-02-09,,,18.37,,
1987-02-10,,,18.43,,
1987-02-11,,,18.03,,
1987-02-12,,,18.05,,
1987-02-13,,,17.83,,
1987-02-17,,,17.78,,
1987-02-18,,,17.44,,
1987-02-19,,,17.48,,
1987-02-20,,,17.83,,
1987-02-23,,,17.15,,
1987-02-24,,,16.75,,
1987-02-25,,,16.43,,
1987-02-26,,,16.98,,
1987-02-27,,,16.45,,
1987-03-02,,,16.43,,
1987-03-03,,,17.4,,
1987-03-04,,,17.4,,
1987-03-05,,,18,,
1987-03-06,,,18.13,,
1987-03-09,,,18.13,,
1987-03-10,,,18.27,,
1987-03-11,,,18.33,,
1987-03-12,,,18.42,,
1987-03-13,,,18.39,,
1987-03-16,,,18.61,,
1987-03-17,,,18.94,,
1987-03-18,,,18.75,,
1987-03-19,,,18.61,,
1987-03-20,,,18.7,,
1987-03-23,,,18.6,,
1987-03-25,,,18.48,,
1987-03-26,,,18.63,,
1987-03-27,,,18.65,,
1987-03-30,,,18.67,,
1987-03-31,,,18.82,,
1987-04-01,,,18.78,,
1987-04-02,,,18.9,,
1987-04-03,,,18.68,,
1987-04-06,,,18.71,,
1987-04-07,,,18.69,,
1987-04-08,,,18.68,,
1987-04-09,,,18.64,,
1987-04-10,,,18.26,,
1987-04-13,,,18.07,,
1987-04-14,,,18.09,,
1987-04-15,,,18.46,,
1987-04-16,,,18.58,,
1987-04-20,,,18.66,,
1987-04-21,,,18.97,,
1987-04-22,,,19.03,,
1987-04-23,,,19.03,,
1987-04-24,,,19.01,,
1987-04-27,,,18.83,,
1987-04-28,,,18.73,,
1987-04-29,,,18.66,,
1987-04-30,,,18.76,,
1987-05-01,,,18.84,,
1987-05-04,,,18.93,,
1987-05-05,,,19.18,,
1987-05-06,,,19.22,,
1987-05-07,,,19.08,,
1987-05-08,,,19.28,,
1987-05-11,,,19.43,,
1987-05-12,,,19.37,,
1987-05-13,,,19.39,,
1987-05-14,,,19.56,,
1987-05-15,,,19.84,,
1987-05-18,,,19.91,,
1987-05-19,,,19.97,,
1987-05-20,,18.63,19.75,19.19,18.966
1987-05-21,,18.45,19.95,19.2,18.9
1987-05-22,,18.55,19.68,19.115,18.889
1987-05-25,,18.6,,,
1987-05-26,,18.63,19.35,18.99,18.846
1987-05-27,,18.6,19.38,18.99,18.834
1987-05-28,,18.6,19.28,18.94,18.804
1987-05-29,,18.58,19.36,18.97,18.814
1987-06-01,,18.65,19.55,19.1,18.92
1987-06-02,,18.68,19.7,19.19,18.986
1987-06-03,,18.75,19.87,19.31,19.086
1987-06-04,,18.78,19.75,19.265,19.071
1987-06-05,,18.65,19.79,19.22,18.992
1987-06-08,,18.75,19.94,19.345,19.107
1987-06-09,,18.78,19.84,19.31,19.098
1987-06-10,,18.78,19.83,19.305,19.095
1987-06-11,,18.68,19.85,19.265,19.031
1987-06-12,,18.78,19.93,19.355,19.125
1987-06-15,,,20.07,,
1987-06-16,,18.9,20.27,19.585,19.311
1987-06-17,,19.03,20.41,19.72,19.444
1987-06-18,,19.05,20.5,19.775,19.485
1987-06-19,,19.05,20.65,19.85,19.53
1987-06-22,,19.1,20.49,19.795,19.517
1987-06-23,,18.9,19.95,19.425,19.215
1987-06-24,,18.75,20.13,19.44,19.164
1987-06-25,,18.7,20.15,19.425,19.135
1987-06-26,,19.08,20.34,19.71,19.458
1987-06-29,,19.15,20.38,19.765,19.519
1987-06-30,,19.08,20.22,19.65,19.422
1987-07-01,,18.98,20.47,19.725,19.427
1987-07-02,,19.25,20.61,19.93,19.658
1987-07-03,,19.33,20.61,19.97,19.714
1987-07-06,,19.48,20.92,20.2,19.912
1987-07-07,,19.5,20.76,20.13,19.878
1987-07-08,,19.48,20.94,20.21,19.918
1987-07-09,,19.68,21.32,20.5,20.172
1987-07-10,,19.73,21.34,20.535,20.213
1987-07-13,,19.83,21.38,20.605,20.295
1987-07-14,,19.88,21.65,20.765,20.411
1987-07-15,,20.28,22.23,21.255,20.865
1987-07-16,,20.4,22.44,21.42,21.012
1987-07-17,,20.63,22.44,21.535,21.173
1987-07-20,,20.55,22.23,21.39,21.054
1987-07-21,,20.35,21.75,21.05,20.77
1987-07-22,,20.33,21.73,21.03,20.75
1987-07-23,,20.15,21.23,20.69,20.474
1987-07-24,,19.58,20.58,20.08,19.88
1987-07-27,,19.3,20.5,19.9,19.66
1987-07-28,,19.78,21.35,20.565,20.251
1987-07-29,,19.98,21.49,20.735,20.433
1987-07-30,,20.2,21.47,20.835,20.581
1987-07-31,,20.03,21.43,20.73,20.45
1987-08-03,,20.95,22.21,21.58,21.328
1987-08-04,,20.65,21.82,21.235,21.001
1987-08-05,,19.8,21.37,20.585,20.271
1987-08-06,,19.75,21.17,20.46,20.176
1987-08-07,,19.65,21.01,20.33,20.058
1987-08-10,,19.43,20.7,20.065,19.811
1987-08-11,,19.45,21.07,20.26,19.936
1987-08-12,,19.5,20.96,20.23,19.938
1987-08-13,,19.4,20.76,20.08,19.808
1987-08-14,,19.25,20.53,19.89,19.634
1987-08-17,,18.85,19.85,19.35,19.15
1987-08-18,,18.75,19.84,19.295,19.077
1987-08-19,,18.5,19.71,19.105,18.863
1987-08-20,,18.3,19.47,18.885,18.651
1987-08-21,,18.1,19.2,18.65,18.43
1987-08-24,,17.48,19.18,18.33,17.99
1987-08-25,,17.55,19.3,18.425,18.075
1987-08-26,,18.1,19.49,18.795,18.517
1987-08-27,,18.28,19.69,18.985,18.703
1987-08-28,,18.2,19.44,18.82,18.572
1987-08-31,,18.63,19.76,19.195,18.969
1987-09-01,,18.43,19.61,19.02,18.784
1987-09-02,,18.4,19.62,19.01,18.766
1987-09-03,,18.18,19.48,18.83,18.57
1987-09-04,,18.13,19.34,18.735,18.493
1987-09-07,,17.6,19.34,18.47,18.122
1987-09-08,,17.68,18.99,18.335,18.073
1987-09-09,,17.9,19.43,18.665,18.359
1987-09-10,,18.3,19.72,19.01,18.726
1987-09-11,,18.18,19.42,18.8,18.552
1987-09-14,,18.15,19.64,18.895,18.597
1987-09-15,,18.53,19.66,19.095,18.869
1987-09-16,,18.53,19.71,19.12,18.884
1987-09-17,,18.43,19.58,19.005,18.775
1987-09-18,,18.3,19.58,18.94,18.684
1987-09-21,,18.28,19.77,19.025,18.727
1987-09-22,,18.48,19.35,18.915,18.741
1987-09-23,,18.48,19.66,19.07,18.834
1987-09-24,,18.68,19.61,19.145,18.959
1987-09-25,,18.6,19.47,19.035,18.861
1987-09-28,,18.65,19.48,19.065,18.899
1987-09-29,,18.5,19.58,19.04,18.824
1987-09-30,,18.48,19.62,19.05,18.822
1987-10-01,,18.5,19.62,19.06,18.836
1987-10-02,,18.65,19.88,19.265,19.019
1987-10-05,,18.78,19.81,19.295,19.089
1987-10-06,,18.6,19.33,18.965,18.819
1987-10-07,,18.58,19.68,19.13,18.91
1987-10-08,,18.63,19.77,19.2,18.972
1987-10-09,,18.6,19.67,19.135,18.921
1987-10-12,,18.55,19.67,19.11,18.886
1987-10-13,,18.55,19.66,19.105,18.883
1987-10-14,,18.68,19.79,19.235,19.013
1987-10-15,,18.68,19.77,19.225,19.007
1987-10-16,,19,20.23,19.615,19.369
1987-10-19,,19.1,19.79,19.445,19.307
1987-10-20,,18.78,19.79,19.285,19.083
1987-10-21,,18.93,19.93,19.43,19.23
1987-10-22,,19.13,20.19,19.66,19.448
1987-10-23,,18.98,20.18,19.58,19.34
1987-10-26,,18.75,20,19.375,19.125
1987-10-27,,18.8,20.15,19.475,19.205
1987-10-28,,18.85,20.1,19.475,19.225
1987-10-29,,18.75,19.93,19.34,19.104
1987-10-30,,18.8,19.96,19.38,19.148
1987-11-02,,18.63,19.64,19.135,18.933
1987-11-03,,18.38,19.39,18.885,18.683
1987-11-04,,17.93,19.09,18.51,18.278
1987-11-05,,17.85,19.02,18.435,18.201
1987-11-06,,17.95,18.73,18.34,18.184
1987-11-09,,17.5,18.66,18.08,17.848
1987-11-10,,17.75,18.98,18.365,18.119
1987-11-11,,17.8,18.92,18.36,18.136
1987-11-12,,17.85,18.93,18.39,18.174
1987-11-13,,17.8,18.89,18.345,18.127
1987-11-16,,17.68,18.69,18.185,17.983
1987-11-17,,17.4,18.28,17.84,17.664
1987-11-18,,17.18,18.62,17.9,17.612
1987-11-19,,17.48,18.55,18.015,17.801
1987-11-20,,17.6,18.87,18.235,17.981
1987-11-23,,17.9,19.31,18.605,18.323
1987-11-24,,17.83,18.73,18.28,18.1
1987-11-25,,17.68,18.63,18.155,17.965
1987-11-26,,17.73,,,
1987-11-27,,17.78,18.63,18.205,18.035
1987-11-30,,17.7,18.52,18.11,17.946
1987-12-01,,17.65,18.44,18.045,17.887
1987-12-02,,17.7,18.59,18.145,17.967
1987-12-03,,17.93,18.87,18.4,18.212
1987-12-04,,18,18.68,18.34,18.204
1987-12-07,,17.78,18.3,18.04,17.936
1987-12-08,,17.58,18.06,17.82,17.724
1987-12-09,,17.43,18.53,17.98,17.76
1987-12-10,,17.55,18.51,18.03,17.838
1987-12-11,,17.73,18.31,18.02,17.904
1987-12-14,,16.8,17.47,17.135,17.001
1987-12-15,,16.2,16.75,16.475,16.365
1987-12-16,,15.93,15.97,15.95,15.942
1987-12-17,,15.03,15.97,15.5,15.312
1987-12-18,,15.6,15.57,15.585,15.591
1987-12-21,,15.4,15.12,15.26,15.316
1987-12-22,,16.7,16.6,16.65,16.67
1987-12-23,,17.25,16.64,16.945,17.067
1987-12-24,,17.1,16.54,16.82,16.932
1987-12-28,,17,16.46,16.73,16.838
1987-12-29,,17.38,16.95,17.165,17.251
1987-12-30,,17.85,16.97,17.41,17.586
1987-12-31,,17.6,16.74,17.17,17.342
1988-01-04,,17.95,17.77,17.86,17.896
1988-01-05,,17.08,17.89,17.485,17.323
1988-01-06,,17.9,17.73,17.815,17.849
1988-01-07,,,17.3,,
1988-01-08,,16.88,17.33,17.105,17.015
1988-01-11,,16.65,16.63,16.64,16.644
1988-01-12,,15.95,16.76,16.355,16.193
1988-01-13,,16.38,16.56,16.47,16.434
1988-01-14,,16.55,17.1,16.825,16.715
1988-01-15,,16.65,16.92,16.785,16.731
1988-01-18,,16.83,17.28,17.055,16.965
1988-01-19,,17.1,17.3,17.2,17.16
1988-01-20,,16.83,17.2,17.015,16.941
1988-01-21,,17.08,17.21,17.145,17.119
1988-01-22,,16.7,16.99,16.845,16.787
1988-01-25,,16.45,17.11,16.78,16.648
1988-01-26,,,16.96,,
1988-01-27,,16.13,16.64,16.385,16.283
1988-01-28,,16.1,16.94,16.52,16.352
1988-01-29,,16.28,16.97,16.625,16.487
1988-02-01,,16.1,16.83,16.465,16.319
1988-02-02,,16.18,16.92,16.55,16.402
1988-02-03,,16.15,17.12,16.635,16.441
1988-02-04,,16.18,17.17,16.675,16.477
1988-02-05,,16.1,17.34,16.72,16.472
1988-02-08,,16.5,17.7,17.1,16.86
1988-02-09,,16.4,17.38,16.89,16.694
1988-02-10,,16.13,17.12,16.625,16.427
1988-02-11,,16.1,17.17,16.635,16.421
1988-02-12,,15.75,16.84,16.295,16.077
1988-02-15,,15.68,16.84,16.26,16.028
1988-02-16,,15.63,16.8,16.215,15.981
1988-02-17,,15.85,16.62,16.235,16.081
1988-02-18,,15.48,16.5,15.99,15.786
1988-02-19,,15.55,16.73,16.14,15.904
1988-02-22,,15.38,16.64,16.01,15.758
1988-02-23,,15.58,16.8,16.19,15.946
1988-02-24,,15.35,16.58,15.965,15.719
1988-02-25,,14.85,15.86,15.355,15.153
1988-02-26,,14.65,15.77,15.21,14.986
1988-02-29,,14.73,15.98,15.355,15.105
1988-03-01,,14.18,15.57,14.875,14.597
1988-03-02,,13.8,15.69,14.745,14.367
1988-03-03,,14,15.35,14.675,14.405
1988-03-04,,14,15.63,14.815,14.489
1988-03-07,,13.9,15.35,14.625,14.335
1988-03-08,,13.8,15.58,14.69,14.334
1988-03-09,,13.98,15.52,14.75,14.442
1988-03-10,,14.48,16.04,15.26,14.948
1988-03-11,,14.88,16.2,15.54,15.276
1988-03-14,,14.28,15.57,14.925,14.667
1988-03-15,,14.3,15.81,15.055,14.753
1988-03-16,,14.45,16.03,15.24,14.924
1988-03-17,,14.43,16.39,15.41,15.018
1988-03-18,,14.93,16.61,15.77,15.434
1988-03-21,,15.38,16.52,15.95,15.722
1988-03-22,,15.03,16.02,15.525,15.327
1988-03-23,,15.4,16.58,15.99,15.754
1988-03-24,,15.65,16.73,16.19,15.974
1988-03-25,,15.45,17.07,16.26,15.936
1988-03-28,,15.55,17.05,16.3,16
1988-03-29,,15.6,17.08,16.34,16.044
1988-03-30,,15.7,17.06,16.38,16.108
1988-03-31,,15.65,17.09,16.37,16.082
1988-04-04,,,16.99,,
1988-04-05,,15.5,16.72,16.11,15.866
1988-04-06,,15.38,16.8,16.09,15.806
1988-04-07,,15.53,17.05,16.29,15.986
1988-04-08,,15.55,16.87,16.21,15.946
1988-04-11,,16.2,17.87,17.035,16.701
1988-04-12,,16.48,18.06,17.27,16.954
1988-04-13,,16.55,18.12,17.335,17.021
1988-04-14,,16.65,18.4,17.525,17.175
1988-04-15,,16.85,18.32,17.585,17.291
1988-04-18,,17.45,18.5,17.975,17.765
1988-04-19,,17.05,17.92,17.485,17.311
1988-04-20,,16.78,17.93,17.355,17.125
1988-04-21,,17,18.34,17.67,17.402
1988-04-22,,17.15,18.13,17.64,17.444
1988-04-25,,17.13,18.36,17.745,17.499
1988-04-26,,17.18,18.54,17.86,17.588
1988-04-27,,17.4,18.32,17.86,17.676
1988-04-28,,16.88,17.91,17.395,17.189
1988-04-29,,16.6,18.1,17.35,17.05
1988-05-02,,15.95,17.12,16.535,16.301
1988-05-03,,16.08,17.3,16.69,16.446
1988-05-04,,16.15,17.23,16.69,16.474
1988-05-05,,16.15,17.41,16.78,16.528
1988-05-06,,16.45,17.63,17.04,16.804
1988-05-09,,16.5,17.56,17.03,16.818
1988-05-10,,16.38,17.5,16.94,16.716
1988-05-11,,16.48,17.48,16.98,16.78
1988-05-12,,16.4,17.49,16.945,16.727
1988-05-13,,16.5,17.53,17.015,16.809
1988-05-16,,16.6,17.7,17.15,16.93
1988-05-17,,16.6,17.72,17.16,16.936
1988-05-18,,16.4,17.39,16.895,16.697
1988-05-19,,16.25,17.43,16.84,16.604
1988-05-20,,16.45,17.41,16.93,16.738
1988-05-23,,16.23,17.01,16.62,16.464
1988-05-24,,16.3,17.04,16.67,16.522
1988-05-25,,16.18,17.39,16.785,16.543
1988-05-26,,16.18,17.54,16.86,16.588
1988-05-27,,16.25,17.45,16.85,16.61
1988-05-30,,16.23,17.45,16.84,16.596
1988-05-31,,16.2,17.54,16.87,16.602
1988-06-01,,16.33,17.6,16.965,16.711
1988-06-02,,16.33,17.67,17,16.732
1988-06-03,,16.45,17.51,16.98,16.768
1988-06-06,,16.25,17.28,16.765,16.559
1988-06-07,,16.23,17.32,16.775,16.557
1988-06-08,,16.28,17.35,16.815,16.601
1988-06-09,,16.3,17.09,16.695,16.537
1988-06-10,,15.85,16.7,16.275,16.105
1988-06-13,,15.53,16.43,15.98,15.8
1988-06-14,,15.85,16.85,16.35,16.15
1988-06-15,,15.7,16.56,16.13,15.958
1988-06-16,,15.43,16.62,16.025,15.787
1988-06-17,,15.48,16.43,15.955,15.765
1988-06-20,,15,16.02,15.51,15.306
1988-06-21,,15,15.82,15.41,15.246
1988-06-22,,15.13,16.03,15.58,15.4
1988-06-23,,15.18,15.86,15.52,15.384
1988-06-24,,15.15,16.03,15.59,15.414
1988-06-27,,14.93,15.86,15.395,15.209
1988-06-28,,14.83,16.01,15.42,15.184
1988-06-29,,14.55,15.37,14.96,14.796
1988-06-30,,14.18,15.2,14.69,14.486
1988-07-01,,13.95,14.92,14.435,14.241
1988-07-04,,14.05,,,
1988-07-05,,13.98,15.11,14.545,14.319
1988-07-06,,14.5,15.44,14.97,14.782
1988-07-07,,15.5,15.83,15.665,15.599
1988-07-08,,15.05,15.42,15.235,15.161
1988-07-11,,14.63,14.56,14.595,14.609
1988-07-12,,14,14.61,14.305,14.183
1988-07-13,,14.1,14.35,14.225,14.175
1988-07-14,,14.1,14.84,14.47,14.322
1988-07-15,,14.25,14.85,14.55,14.43
1988-07-18,,15,15.84,15.42,15.252
1988-07-19,,14.93,15.16,15.045,14.999
1988-07-20,,15.48,15.76,15.62,15.564
1988-07-21,,15.63,16.28,15.955,15.825
1988-07-22,,15.83,16.27,16.05,15.962
1988-07-25,,15.8,16.09,15.945,15.887
1988-07-26,,15.38,15.99,15.685,15.563
1988-07-27,,15.45,16.18,15.815,15.669
1988-07-28,,15.7,16.08,15.89,15.814
1988-07-29,,15.75,16.37,16.06,15.936
1988-08-01,,15.6,16.07,15.835,15.741
1988-08-02,,15.35,15.57,15.46,15.416
1988-08-03,,15,15.2,15.1,15.06
1988-08-04,,14.5,15.12,14.81,14.686
1988-08-05,,14.85,15.31,15.08,14.988
1988-08-08,,15.48,15.84,15.66,15.588
1988-08-09,,15.4,15.56,15.48,15.448
1988-08-10,,15.1,15.65,15.375,15.265
1988-08-11,,15.13,15.75,15.44,15.316
1988-08-12,,14.98,15.54,15.26,15.148
1988-08-15,,14.8,15.59,15.195,15.037
1988-08-16,,14.85,15.51,15.18,15.048
1988-08-17,,14.75,15.46,15.105,14.963
1988-08-18,,14.78,15.59,15.185,15.023
1988-08-19,,14.85,15.77,15.31,15.126
1988-08-22,,15.03,15.75,15.39,15.246
1988-08-23,,14.8,15.71,15.255,15.073
1988-08-24,,14.85,15.55,15.2,15.06
1988-08-25,,14.63,15.33,14.98,14.84
1988-08-26,,14.5,15.35,14.925,14.755
1988-08-29,,14.48,15.24,14.86,14.708
1988-08-30,,14.45,15.39,14.92,14.732
1988-08-31,,14.4,15.19,14.795,14.637
1988-09-01,,14.15,15.05,14.6,14.42
1988-09-02,,14,14.79,14.395,14.237
1988-09-05,,13.68,14.79,14.235,14.013
1988-09-06,,13.35,14.25,13.8,13.62
1988-09-07,,13.18,14.29,13.735,13.513
1988-09-08,,13.3,14.51,13.905,13.663
1988-09-09,,13.25,14.14,13.695,13.517
1988-09-12,,12.7,14.48,13.59,13.234
1988-09-13,,13.4,14.55,13.975,13.745
1988-09-14,,13.9,15.38,14.64,14.344
1988-09-15,,13.5,14.86,14.18,13.908
1988-09-16,,13.23,14.5,13.865,13.611
1988-09-19,,12.85,14.72,13.785,13.411
1988-09-20,,13.15,15.08,14.115,13.729
1988-09-21,,13.05,15.19,14.12,13.692
1988-09-22,,13.2,15.25,14.225,13.815
1988-09-23,,13.2,14.26,13.73,13.518
1988-09-26,,13.1,14.16,13.63,13.418
1988-09-27,,12.58,14.22,13.4,13.072
1988-09-28,,12.75,14.07,13.41,13.146
1988-09-29,,12.5,13.91,13.205,12.923
1988-09-30,,11.93,13.33,12.63,12.35
1988-10-03,,11.6,13.03,12.315,12.029
1988-10-04,,11.65,13.03,12.34,12.064
1988-10-05,,11.2,12.58,11.89,11.614
1988-10-06,,11.3,12.62,11.96,11.696
1988-10-07,,11.35,12.99,12.17,11.842
1988-10-10,,12.2,13.59,12.895,12.617
1988-10-11,,12.35,13.63,12.99,12.734
1988-10-12,,12.45,14.02,13.235,12.921
1988-10-13,,12.55,14.26,13.405,13.063
1988-10-14,,13.2,14.9,14.05,13.71
1988-10-17,,13.55,15.16,14.355,14.033
1988-10-18,,12.9,14.63,13.765,13.419
1988-10-19,,13.35,15.33,14.34,13.944
1988-10-20,,13.5,14.44,13.97,13.782
1988-10-21,,13.48,14.22,13.85,13.702
1988-10-24,,12.2,12.94,12.57,12.422
1988-10-25,,12.08,13.36,12.72,12.464
1988-10-26,,12.08,13.45,12.765,12.491
1988-10-27,,12.33,13.67,13,12.732
1988-10-28,,12.6,13.79,13.195,12.957
1988-10-31,,12.6,13.54,13.07,12.882
1988-11-01,,12.18,13.52,12.85,12.582
1988-11-02,,12.35,13.78,13.065,12.779
1988-11-03,,12.5,13.89,13.195,12.917
1988-11-04,,12.75,14.04,13.395,13.137
1988-11-07,,12.75,14.08,13.415,13.149
1988-11-08,,12.6,13.7,13.15,12.93
1988-11-09,,12.7,13.88,13.29,13.054
1988-11-10,,13.03,13.99,13.51,13.318
1988-11-11,,13.03,13.99,13.51,13.318
1988-11-14,,13,14.25,13.625,13.375
1988-11-15,,13,14.03,13.515,13.309
1988-11-16,,12.7,13.68,13.19,12.994
1988-11-17,,12.05,13.3,12.675,12.425
1988-11-18,,12.08,13.47,12.775,12.497
1988-11-21,,12.13,13.73,12.93,12.61
1988-11-22,,13.35,14.78,14.065,13.779
1988-11-23,,13.33,14.11,13.72,13.564
1988-11-24,,12.98,14.11,13.545,13.319
1988-11-25,,14.7,15.43,15.065,14.919
1988-11-28,,14.73,14.93,14.83,14.79
1988-11-29,,14.25,15,14.625,14.475
1988-11-30,,14.35,15.42,14.885,14.671
1988-12-01,,14.93,15.63,15.28,15.14
1988-12-02,,14.8,15.69,15.245,15.067
1988-12-05,,14.73,15.36,15.045,14.919
1988-12-06,,14.4,15.51,14.955,14.733
1988-12-07,,14.7,15.8,15.25,15.03
1988-12-08,,15.05,15.48,15.265,15.179
1988-12-09,,14.9,15.9,15.4,15.2
1988-12-12,,15.2,16.08,15.64,15.464
1988-12-13,,15.18,15.93,15.555,15.405
1988-12-14,,15.35,16.33,15.84,15.644
1988-12-15,,15.58,16.39,15.985,15.823
1988-12-16,,15.6,16.81,16.205,15.963
1988-12-19,,15.3,16.24,15.77,15.582
1988-12-20,,15.28,17.68,16.48,16
1988-12-21,,15.33,17.27,16.3,15.912
1988-12-22,,15.25,17.36,16.305,15.883
1988-12-23,,15.38,16.63,16.005,15.755
1988-12-27,,16.25,16.98,16.615,16.469
1988-12-28,,16.1,17.03,16.565,16.379
1988-12-29,,15.9,16.81,16.355,16.173
1988-12-30,,16.23,17.12,16.675,16.497
1989-01-03,,16.4,17.38,16.89,16.694
1989-01-04,,16.53,16.99,16.76,16.668
1989-01-05,,16.58,17.45,17.015,16.841
1989-01-06,,16.85,17.56,17.205,17.063
1989-01-09,,17,17.74,17.37,17.222
1989-01-10,,16.75,17.8,17.275,17.065
1989-01-11,,16.9,18.16,17.53,17.278
1989-01-12,,16.85,18.11,17.48,17.228
1989-01-13,,17.4,18.49,17.945,17.727
1989-01-16,,17.5,18.88,18.19,17.914
1989-01-17,,17.78,19.03,18.405,18.155
1989-01-18,,17.95,19.2,18.575,18.325
1989-01-19,,18.1,19.28,18.69,18.454
1989-01-20,,18.15,18.85,18.5,18.36
1989-01-23,,16.98,17.66,17.32,17.184
1989-01-24,,17.05,17.96,17.505,17.323
1989-01-25,,17.7,18.23,17.965,17.859
1989-01-26,,17.73,17.68,17.705,17.715
1989-01-27,,17.18,17.74,17.46,17.348
1989-01-30,,16.85,17.32,17.085,16.991
1989-01-31,,16.38,17,16.69,16.566
1989-02-01,,16.4,17.5,16.95,16.73
1989-02-02,,16.95,17.72,17.335,17.181
1989-02-03,,16.75,17.51,17.13,16.978
1989-02-06,,16.5,17.38,16.94,16.764
1989-02-07,,16.6,17.55,17.075,16.885
1989-02-08,,16.75,17.49,17.12,16.972
1989-02-09,,16.58,17.42,17,16.832
1989-02-10,,16.4,17.11,16.755,16.613
1989-02-13,,16.5,17.61,17.055,16.833
1989-02-14,,16.83,17.6,17.215,17.061
1989-02-15,,16.75,18.23,17.49,17.194
1989-02-16,,17.15,18.35,17.75,17.51
1989-02-17,,17.15,18.6,17.875,17.585
1989-02-20,,17.38,18.6,17.99,17.746
1989-02-21,,17.2,18.64,17.92,17.632
1989-02-22,,16.95,18.5,17.725,17.415
1989-02-23,,17.1,18.49,17.795,17.517
1989-02-24,,17.05,18.06,17.555,17.353
1989-02-27,,17.55,18.16,17.855,17.733
1989-02-28,,17.23,18.21,17.72,17.524
1989-03-01,,17.25,18.3,17.775,17.565
1989-03-02,,17.45,18.68,18.065,17.819
1989-03-03,,17.73,18.67,18.2,18.012
1989-03-06,,17.73,18.73,18.23,18.03
1989-03-07,,17.55,18.12,17.835,17.721
1989-03-08,,17.55,18.57,18.06,17.856
1989-03-09,,17.8,18.53,18.165,18.019
1989-03-10,,17.63,18.53,18.08,17.9
1989-03-13,,18.1,19.05,18.575,18.385
1989-03-14,,18.63,19.47,19.05,18.882
1989-03-15,,19.08,19.84,19.46,19.308
1989-03-16,,18.95,19.86,19.405,19.223
1989-03-17,,19.3,20.34,19.82,19.612
1989-03-20,,19.18,19.53,19.355,19.285
1989-03-21,,19.63,20.08,19.855,19.765
1989-03-22,,19.6,20.21,19.905,19.783
1989-03-23,,19.93,20.16,20.045,19.999
1989-03-27,,,20.55,,
1989-03-28,,19.73,19.93,19.83,19.79
1989-03-29,,19.45,20.2,19.825,19.675
1989-03-30,,20,21.03,20.515,20.309
1989-03-31,,20.45,20.27,20.36,20.396
1989-04-03,,19.65,20.03,19.84,19.764
1989-04-04,,19.9,20.59,20.245,20.107
1989-04-05,,19.75,20.07,19.91,19.846
1989-04-06,,19.08,19.85,19.465,19.311
1989-04-07,,19.4,20.03,19.715,19.589
1989-04-10,,19.6,20.65,20.125,19.915
1989-04-11,,19.95,20.56,20.255,20.133
1989-04-12,,19.85,20.66,20.255,20.093
1989-04-13,,19.95,20.26,20.105,20.043
1989-04-14,,19.63,20.68,20.155,19.945
1989-04-17,,19.88,21.23,20.555,20.285
1989-04-18,,20.2,21.74,20.97,20.662
1989-04-19,,21.5,22.66,22.08,21.848
1989-04-20,,22.25,24.62,23.435,22.961
1989-04-21,,21.6,23.38,22.49,22.134
1989-04-24,,21.2,20.64,20.92,21.032
1989-04-25,,21.15,21.32,21.235,21.201
1989-04-26,,21.05,21.2,21.125,21.095
1989-04-27,,20.65,20.83,20.74,20.704
1989-04-28,,20.15,20.38,20.265,20.219
1989-05-01,,,20.66,,
1989-05-02,,19.15,19.73,19.44,19.324
1989-05-03,,18.88,20.13,19.505,19.255
1989-05-04,,19.7,20.57,20.135,19.961
1989-05-05,,19.4,20.08,19.74,19.604
1989-05-08,,18.8,19.41,19.105,18.983
1989-05-09,,19.03,19.54,19.285,19.183
1989-05-10,,18.88,19.56,19.22,19.084
1989-05-11,,19.3,20.13,19.715,19.549
1989-05-12,,19.2,20.12,19.66,19.476
1989-05-15,,19.2,20.53,19.865,19.599
1989-05-16,,19.8,20.58,20.19,20.034
1989-05-17,,18.58,20.15,19.365,19.051
1989-05-18,,18.6,20.25,19.425,19.095
1989-05-19,,18.3,20.58,19.44,18.984
1989-05-22,,17.4,20.92,19.16,18.456
1989-05-23,,17.7,21.77,19.735,18.921
1989-05-24,,18.15,19.68,18.915,18.609
1989-05-25,,18.2,19.46,18.83,18.578
1989-05-26,,17.65,19.55,18.6,18.22
1989-05-29,,17.73,19.55,18.64,18.276
1989-05-30,,18.03,19.96,18.995,18.609
1989-05-31,,18.25,19.93,19.09,18.754
1989-06-01,,18.08,19.83,18.955,18.605
1989-06-02,,18.15,20.18,19.165,18.759
1989-06-05,,18.55,20.5,19.525,19.135
1989-06-06,,18.5,20.38,19.44,19.064
1989-06-07,,18.15,19.7,18.925,18.615
1989-06-08,,17.8,19.94,18.87,18.442
1989-06-09,,17.95,19.87,18.91,18.526
1989-06-12,,17.18,19.3,18.24,17.816
1989-06-13,,16.8,19.5,18.15,17.61
1989-06-14,,16.9,20.37,18.635,17.941
1989-06-15,,16.95,20.56,18.755,18.033
1989-06-16,,16.65,19.98,18.315,17.649
1989-06-19,,16.85,20.88,18.865,18.059
1989-06-20,,16.88,19.88,18.38,17.78
1989-06-21,,17.13,19.74,18.435,17.913
1989-06-22,,17.3,19.53,18.415,17.969
1989-06-23,,18.03,19.71,18.87,18.534
1989-06-26,,18.23,20.28,19.255,18.845
1989-06-27,,18.2,20.38,19.29,18.854
1989-06-28,,18,20.04,19.02,18.612
1989-06-29,,18.2,20.27,19.235,18.821
1989-06-30,,18.28,20.29,19.285,18.883
1989-07-03,,18.4,20.55,19.475,19.045
1989-07-04,,18.6,20.29,19.445,19.107
1989-07-05,,18.75,20.98,19.865,19.419
1989-07-06,,18.3,20.35,19.325,18.915
1989-07-07,,17.85,20.78,19.315,18.729
1989-07-10,,17.83,20.38,19.105,18.595
1989-07-11,,17.63,20.75,19.19,18.566
1989-07-12,,17.65,20.2,18.925,18.415
1989-07-13,,17.6,20.42,19.01,18.446
1989-07-14,,17.9,20.36,19.13,18.638
1989-07-17,,18.05,20.49,19.27,18.782
1989-07-18,,18.05,20.21,19.13,18.698
1989-07-19,,17.85,19.83,18.84,18.444
1989-07-20,,17.98,19.92,18.95,18.562
1989-07-21,,17.83,19.86,18.845,18.439
1989-07-24,,17.3,18.76,18.03,17.738
1989-07-25,,17.05,18.52,17.785,17.491
1989-07-26,,16.5,18.32,17.41,17.046
1989-07-27,,16.28,18.15,17.215,16.841
1989-07-28,,16.38,17.96,17.17,16.854
1989-07-31,,16.3,18.33,17.315,16.909
1989-08-01,,16.23,17.91,17.07,16.734
1989-08-02,,16.1,18.28,17.19,16.754
1989-08-03,,16.4,18.18,17.29,16.934
1989-08-04,,16.15,18.05,17.1,16.72
1989-08-07,,16.05,17.91,16.98,16.608
1989-08-08,,16.28,18.06,17.17,16.814
1989-08-09,,16.45,18.23,17.34,16.984
1989-08-10,,16.93,18.58,17.755,17.425
1989-08-11,,17,18.46,17.73,17.438
1989-08-14,,16.85,18.6,17.725,17.375
1989-08-15,,17,18.78,17.89,17.534
1989-08-16,,17,18.99,17.995,17.597
1989-08-17,,16.95,18.67,17.81,17.466
1989-08-18,,16.83,18.82,17.825,17.427
1989-08-21,,16.9,19.1,18,17.56
1989-08-22,,17.1,19.01,18.055,17.673
1989-08-23,,17.08,19.15,18.115,17.701
1989-08-24,,17.05,19.02,18.035,17.641
1989-08-25,,16.95,18.53,17.74,17.424
1989-08-28,,16.98,18.69,17.835,17.493
1989-08-29,,17.1,18.59,17.845,17.547
1989-08-30,,17.13,18.85,17.99,17.646
1989-08-31,,17.2,18.83,18.015,17.689
1989-09-01,,17.33,18.88,18.105,17.795
1989-09-04,,17.43,18.88,18.155,17.865
1989-09-05,,17.45,19.08,18.265,17.939
1989-09-06,,17.8,19.41,18.605,18.283
1989-09-07,,17.8,19.4,18.6,18.28
1989-09-08,,17.83,19.77,18.8,18.412
1989-09-11,,17.98,19.77,18.875,18.517
1989-09-12,,17.9,19.68,18.79,18.434
1989-09-13,,18.05,19.87,18.96,18.596
1989-09-14,,17.9,19.73,18.815,18.449
1989-09-15,,17.88,19.96,18.92,18.504
1989-09-18,,18.05,19.87,18.96,18.596
1989-09-19,,17.9,19.68,18.79,18.434
1989-09-20,,17.8,19.68,18.74,18.364
1989-09-21,,17.85,19.69,18.77,18.402
1989-09-22,,17.53,19.21,18.37,18.034
1989-09-25,,17.45,19.49,18.47,18.062
1989-09-26,,17.45,19.62,18.535,18.101
1989-09-27,,17.55,19.61,18.58,18.168
1989-09-28,,17.93,19.99,18.96,18.548
1989-09-29,,18.23,20.15,19.19,18.806
1989-10-02,,18.58,19.99,19.285,19.003
1989-10-03,,18.73,20.15,19.44,19.156
1989-10-04,,18.78,20.17,19.475,19.197
1989-10-05,,18.43,19.95,19.19,18.886
1989-10-06,,18.45,19.89,19.17,18.882
1989-10-09,,18.25,20.04,19.145,18.787
1989-10-10,,18.55,20.21,19.38,19.048
1989-10-11,,18.85,20.18,19.515,19.249
1989-10-12,,19.23,20.49,19.86,19.608
1989-10-13,,19.6,20.91,20.255,19.993
1989-10-16,,19.38,20.64,20.01,19.758
1989-10-17,,19.53,20.68,20.105,19.875
1989-10-18,,19.43,20.58,20.005,19.775
1989-10-19,,19.33,20.37,19.85,19.642
1989-10-20,,19.2,20.04,19.62,19.452
1989-10-23,,18.88,19.67,19.275,19.117
1989-10-24,,18.8,19.7,19.25,19.07
1989-10-25,,18.88,19.6,19.24,19.096
1989-10-26,,18.48,19.48,18.98,18.78
1989-10-27,,18.7,19.79,19.245,19.027
1989-10-30,,18.98,19.74,19.36,19.208
1989-10-31,,18.93,19.88,19.405,19.215
1989-11-01,,19.23,20.09,19.66,19.488
1989-11-02,,19.2,20.01,19.605,19.443
1989-11-03,,19,20.23,19.615,19.369
1989-11-06,,18.95,20.06,19.505,19.283
1989-11-07,,18.9,19.97,19.435,19.221
1989-11-08,,18.9,19.97,19.435,19.221
1989-11-09,,18.85,19.62,19.235,19.081
1989-11-10,,19.05,19.84,19.445,19.287
1989-11-13,,18.85,19.62,19.235,19.081
1989-11-14,,18.7,19.58,19.14,18.964
1989-11-15,,18.65,19.69,19.17,18.962
1989-11-16,,18.65,19.88,19.265,19.019
1989-11-17,,18.75,19.93,19.34,19.104
1989-11-20,,18.8,20.13,19.465,19.199
1989-11-21,,18.68,20.52,19.6,19.232
1989-11-22,,18.6,19.8,19.2,18.96
1989-11-23,,18.4,19.8,19.1,18.82
1989-11-24,,18.48,19.84,19.16,18.888
1989-11-27,,18.5,19.65,19.075,18.845
1989-11-28,,18.23,19.33,18.78,18.56
1989-11-29,,18.15,19.4,18.775,18.525
1989-11-30,,18.48,19.87,19.175,18.897
1989-12-01,,18.68,20.26,19.47,19.154
1989-12-04,,19.28,20.24,19.76,19.568
1989-12-05,,19.18,20.22,19.7,19.492
1989-12-06,,19.28,20.46,19.87,19.634
1989-12-07,,19.33,20.45,19.89,19.666
1989-12-08,,19.15,20.41,19.78,19.528
1989-12-11,,19.45,20.69,20.07,19.822
1989-12-12,,19.53,20.8,20.165,19.911
1989-12-13,,19.78,20.75,20.265,20.071
1989-12-14,,19.68,20.67,20.175,19.977
1989-12-15,,19.68,21.13,20.405,20.115
1989-12-18,,19.98,22.2,21.09,20.646
1989-12-19,,20.28,22.17,21.225,20.847
1989-12-20,,20.23,21.58,20.905,20.635
1989-12-21,,20.13,21.53,20.83,20.55
1989-12-22,,20.5,21.31,20.905,20.743
1989-12-26,,,21.91,,
1989-12-27,,20.9,21.78,21.34,21.164
1989-12-28,,20.85,21.6,21.225,21.075
1989-12-29,,21.05,21.84,21.445,21.287
1990-01-02,,21.2,22.88,22.04,21.704
1990-01-03,,22.65,23.81,23.23,22.998
1990-01-04,,22.5,23.41,22.955,22.773
1990-01-05,,23.13,23.07,23.1,23.112
1990-01-08,,21.38,21.64,21.51,21.458
1990-01-09,,21.03,22.25,21.64,21.396
1990-01-10,,21.95,22.9,22.425,22.235
1990-01-11,,21.88,23.15,22.515,22.261
1990-01-12,,22.13,23.17,22.65,22.442
1990-01-15,,21.6,22.36,21.98,21.828
1990-01-16,,21.15,22.61,21.88,21.588
1990-01-17,,20.45,22.11,21.28,20.948
1990-01-18,,20.78,22.78,21.78,21.38
1990-01-19,,21.28,23.7,22.49,22.006
1990-01-22,,20.88,22.57,21.725,21.387
1990-01-23,,20.23,22.34,21.285,20.863
1990-01-24,,20.18,23.43,21.805,21.155
1990-01-25,,20.55,24.48,22.515,21.729
1990-01-26,,20.63,22.56,21.595,21.209
1990-01-29,,20.73,22.79,21.76,21.348
1990-01-30,,20.73,22.29,21.51,21.198
1990-01-31,,20.5,22.69,21.595,21.157
1990-02-01,,20.58,22.71,21.645,21.219
1990-02-02,,20.73,23.04,21.885,21.423
1990-02-05,,20.73,22.44,21.585,21.243
1990-02-06,,20.6,22.36,21.48,21.128
1990-02-07,,20.15,22.4,21.275,20.825
1990-02-08,,20.05,22.11,21.08,20.668
1990-02-09,,19.75,21.82,20.785,20.371
1990-02-12,,19.68,22.02,20.85,20.382
1990-02-13,,20.03,21.88,20.955,20.585
1990-02-14,,19.6,22.12,20.86,20.356
1990-02-15,,19.9,22.86,21.38,20.788
1990-02-16,,19.88,22.46,21.17,20.654
1990-02-19,,19.95,22.46,21.205,20.703
1990-02-20,,19.68,22.2,20.94,20.436
1990-02-21,,19.5,21.87,20.685,20.211
1990-02-22,,19.35,21.4,20.375,19.965
1990-02-23,,18.78,21.13,19.955,19.485
1990-02-26,,18.9,21.81,20.355,19.773
1990-02-27,,19.23,21.62,20.425,19.947
1990-02-28,,19.2,21.55,20.375,19.905
1990-03-01,,19.33,21.19,20.26,19.888
1990-03-02,,19.18,21.36,20.27,19.834
1990-03-05,,19.15,21.62,20.385,19.891
1990-03-06,,19.18,21.3,20.24,19.816
1990-03-07,,18.95,20.93,19.94,19.544
1990-03-08,,18.73,20.8,19.765,19.351
1990-03-09,,18.68,20.42,19.55,19.202
1990-03-12,,18.3,20.26,19.28,18.888
1990-03-13,,18.53,20.15,19.34,19.016
1990-03-14,,18.33,20.07,19.2,18.852
1990-03-15,,18.48,20.38,19.43,19.05
1990-03-16,,18.4,20.09,19.245,18.907
1990-03-19,,17.83,19.6,18.715,18.361
1990-03-20,,17.75,19.34,18.545,18.227
1990-03-21,,17.78,19.59,18.685,18.323
1990-03-22,,17.83,19.85,18.84,18.436
1990-03-23,,17.88,20.28,19.08,18.6
1990-03-26,,18.23,20.48,19.355,18.905
1990-03-27,,18.1,20.36,19.23,18.778
1990-03-28,,18.03,20.09,19.06,18.648
1990-03-29,,17.9,20.03,18.965,18.539
1990-03-30,,17.95,20.34,19.145,18.667
1990-04-02,,18.18,20.51,19.345,18.879
1990-04-03,,18.2,20.23,19.215,18.809
1990-04-04,,17.95,19.78,18.865,18.499
1990-04-05,,17.55,19.48,18.515,18.129
1990-04-06,,17.1,19.15,18.125,17.715
1990-04-09,,16.53,18.32,17.425,17.067
1990-04-10,,15.93,17.56,16.745,16.419
1990-04-11,,15.3,18.19,16.745,16.167
1990-04-12,,15.8,17.76,16.78,16.388
1990-04-16,,,17.87,,
1990-04-17,,15.7,17.37,16.535,16.201
1990-04-18,,15.33,16.95,16.14,15.816
1990-04-19,,16.13,17.93,17.03,16.67
1990-04-20,,16.35,17.9,17.125,16.815
1990-04-23,,16.95,18.6,17.775,17.445
1990-04-24,,16.75,17.85,17.3,17.08
1990-04-25,,16.5,17.49,16.995,16.797
1990-04-26,,16.6,18.5,17.55,17.17
1990-04-27,,16.43,18.57,17.5,17.072
1990-04-30,,16.35,18.5,17.425,16.995
1990-05-01,,16.43,18.76,17.595,17.129
1990-05-02,,16.58,18.63,17.605,17.195
1990-05-03,,15.93,17.98,16.955,16.545
1990-05-04,,15.58,17.98,16.78,16.3
1990-05-07,,15.65,18.3,16.975,16.445
1990-05-08,,16.18,18.26,17.22,16.804
1990-05-09,,16.45,19.01,17.73,17.218
1990-05-10,,16.7,19.03,17.865,17.399
1990-05-11,,16.73,18.96,17.845,17.399
1990-05-14,,17.4,19.73,18.565,18.099
1990-05-15,,17.4,19.52,18.46,18.036
1990-05-16,,17.25,19.05,18.15,17.79
1990-05-17,,17.05,18.89,17.97,17.602
1990-05-18,,17.08,18.78,17.93,17.59
1990-05-21,,16.65,18.26,17.455,17.133
1990-05-22,,16.48,17.51,16.995,16.789
1990-05-23,,15.7,16.25,15.975,15.865
1990-05-24,,15.8,16.02,15.91,15.866
1990-05-25,,15.95,16.12,16.035,16.001
1990-05-29,,15.48,18,16.74,16.236
1990-05-30,,15.98,17.88,16.93,16.55
1990-05-31,,15.3,17.47,16.385,15.951
1990-06-01,,15.43,17.51,16.47,16.054
1990-06-04,,15.35,17.09,16.22,15.872
1990-06-05,,14.78,16.41,15.595,15.269
1990-06-06,,14.8,16.91,15.855,15.433
1990-06-07,,15.03,16.65,15.84,15.516
1990-06-08,,14.68,16.78,15.73,15.31
1990-06-11,,14.73,16.82,15.775,15.357
1990-06-12,,14.95,17.39,16.17,15.682
1990-06-13,,14.9,17.6,16.25,15.71
1990-06-14,,15.3,17.11,16.205,15.843
1990-06-15,,15.15,16.64,15.895,15.597
1990-06-18,,14.83,15.92,15.375,15.157
1990-06-19,,14.75,15.55,15.15,14.99
1990-06-20,,14.75,15.43,15.09,14.954
1990-06-21,,14.75,16.09,15.42,15.152
1990-06-22,,15.4,16.5,15.95,15.73
1990-06-25,,15.58,16.15,15.865,15.751
1990-06-26,,15.58,17.12,16.35,16.042
1990-06-27,,15.33,16.7,16.015,15.741
1990-06-28,,15.4,17.18,16.29,15.934
1990-06-29,,15.73,17.05,16.39,16.126
1990-07-02,,15.4,16.94,16.17,15.862
1990-07-03,,15.48,16.73,16.105,15.855
1990-07-04,,15.48,16.73,16.105,15.855
1990-07-05,,15.23,16.5,15.865,15.611
1990-07-06,,15.35,16.49,15.92,15.692
1990-07-09,,14.98,16.63,15.805,15.475
1990-07-10,,15.58,17.05,16.315,16.021
1990-07-11,,15.7,17.45,16.575,16.225
1990-07-12,,15.88,18.69,17.285,16.723
1990-07-13,,17.03,18.37,17.7,17.432
1990-07-16,,17.7,18.67,18.185,17.991
1990-07-17,,17.58,18.23,17.905,17.775
1990-07-18,,17.7,18.57,18.135,17.961
1990-07-19,,17.85,19.07,18.46,18.216
1990-07-20,,18,19.61,18.805,18.483
1990-07-23,,18.73,19.88,19.305,19.075
1990-07-24,,19.08,19.84,19.46,19.308
1990-07-25,,19,19.33,19.165,19.099
1990-07-26,,18.73,20.33,19.53,19.21
1990-07-27,,19.03,20.07,19.55,19.342
1990-07-30,,18.98,20.24,19.61,19.358
1990-07-31,,19.23,20.57,19.9,19.632
1990-08-01,,19.93,21.59,20.76,20.428
1990-08-02,,22.25,23.71,22.98,22.688
1990-08-03,,24.13,23.79,23.96,24.028
1990-08-06,,27.28,28.73,28.005,27.715
1990-08-07,,27.35,29.6,28.475,28.025
1990-08-08,,25.15,26.19,25.67,25.462
1990-08-09,,25.9,25.69,25.795,25.837
1990-08-10,,26.3,26.38,26.34,26.324
1990-08-13,,26.63,27.07,26.85,26.762
1990-08-14,,27.1,26.7,26.9,26.98
1990-08-15,,26.53,26.54,26.535,26.533
1990-08-16,,27.2,27.4,27.3,27.26
1990-08-17,,28.45,28.65,28.55,28.51
1990-08-20,,28.9,28.63,28.765,28.819
1990-08-21,,29.05,28.46,28.755,28.873
1990-08-22,,30.45,30.52,30.485,30.471
1990-08-23,,32.35,31.67,32.01,32.146
1990-08-24,,31.65,31.1,31.375,31.485
1990-08-27,,27.65,27.36,27.505,27.563
1990-08-28,,27.65,27.73,27.69,27.674
1990-08-29,,27.65,26.15,26.9,27.2
1990-08-30,,27.5,26.96,27.23,27.338
1990-08-31,,27.8,27.45,27.625,27.695
1990-09-03,,30.53,27.45,28.99,29.606
1990-09-04,,30.08,29.3,29.69,29.846
1990-09-05,,31.23,30,30.615,30.861
1990-09-06,,32.15,31.51,31.83,31.958
1990-09-07,,31.45,30.09,30.77,31.042
1990-09-10,,31.45,30.83,31.14,31.264
1990-09-11,,32.1,30.29,31.195,31.557
1990-09-12,,31.28,30.85,31.065,31.151
1990-09-13,,31.88,31.2,31.54,31.676
1990-09-14,,33.35,31.79,32.57,32.882
1990-09-17,,34.9,33.73,34.315,34.549
1990-09-18,,35.95,33.48,34.715,35.209
1990-09-19,,35.08,33.18,34.13,34.51
1990-09-20,,35.65,34.44,35.045,35.287
1990-09-21,,36.95,36.21,36.58,36.728
1990-09-24,,40.75,39.05,39.9,40.24
1990-09-25,,39.9,38.33,39.115,39.429
1990-09-26,,40.85,39.12,39.985,40.331
1990-09-27,,41.45,39.77,40.61,40.946
1990-09-28,,41,39.53,40.265,40.559
1990-10-01,,38.95,37.08,38.015,38.389
1990-10-02,,35.45,34.43,34.94,35.144
1990-10-03,,37.55,37.04,37.295,37.397
1990-10-04,,37.2,36.76,36.98,37.068
1990-10-05,,39.05,37.87,38.46,38.696
1990-10-08,,39.2,38.88,39.04,39.104
1990-10-09,,40.9,40.73,40.815,40.849
1990-10-10,,40.2,39.3,39.75,39.93
1990-10-11,,41.15,41.07,41.11,41.126
1990-10-12,,39.9,39.42,39.66,39.756
1990-10-15,,38.28,38,38.14,38.196
1990-10-16,,38.93,39.34,39.135,39.053
1990-10-17,,35.33,36.03,35.68,35.54
1990-10-18,,35.65,37.03,36.34,36.064
1990-10-19,,33.2,33.82,33.51,33.386
1990-10-22,,27.45,28.46,27.955,27.753
1990-10-23,,28.95,29.95,29.45,29.25
1990-10-24,,30.1,30.8,30.45,30.31
1990-10-25,,32.9,34.35,33.625,33.335
1990-10-26,,33.73,33.03,33.38,33.52
1990-10-29,,34.65,35.28,34.965,34.839
1990-10-30,,35.5,34.93,35.215,35.329
1990-10-31,,34.3,35.31,34.805,34.603
1990-11-01,,35.65,35.3,35.475,35.545
1990-11-02,,35.05,33.95,34.5,34.72
1990-11-05,,33.8,32.05,32.925,33.275
1990-11-06,,33.2,32.41,32.805,32.963
1990-11-07,,34.55,35.48,35.015,34.829
1990-11-08,,34.85,35.61,35.23,35.078
1990-11-09,,34.25,33.91,34.08,34.148
1990-11-12,,32.85,32.08,32.465,32.619
1990-11-13,,33.65,33.3,33.475,33.545
1990-11-14,,31.95,31.18,31.565,31.719
1990-11-15,,32.2,31.05,31.625,31.855
1990-11-16,,30.55,29.91,30.23,30.358
1990-11-19,,30.85,31.45,31.15,31.03
1990-11-20,,30.1,29.5,29.8,29.92
1990-11-21,,30.65,30.08,30.365,30.479
1990-11-22,,31.4,30.08,30.74,31.004
1990-11-23,,32.05,32.35,32.2,32.14
1990-11-26,,35.1,33.28,34.19,34.554
1990-11-27,,34.83,33.05,33.94,34.296
1990-11-28,,34.1,33.28,33.69,33.854
1990-11-29,,34.65,32.93,33.79,34.134
1990-11-30,,31.2,29.08,30.14,30.564
1990-12-03,,31.25,29.4,30.325,30.695
1990-12-04,,31.5,29.05,30.275,30.765
1990-12-05,,30.2,27.18,28.69,29.294
1990-12-06,,27.35,26.35,26.85,27.05
1990-12-07,,28.3,26.61,27.455,27.793
1990-12-10,,28.75,27.08,27.915,28.249
1990-12-11,,28.03,26.5,27.265,27.571
1990-12-12,,27.28,25.3,26.29,26.686
1990-12-13,,27.8,26.45,27.125,27.395
1990-12-14,,28.45,26.6,27.525,27.895
1990-12-17,,28.2,27.1,27.65,27.87
1990-12-18,,27.55,27.85,27.7,27.64
1990-12-19,,28.13,28.26,28.195,28.169
1990-12-20,,27.55,27.5,27.525,27.535
1990-12-21,,26.9,27.08,26.99,26.954
1990-12-24,,27.7,26.95,27.325,27.475
1990-12-26,,27.7,27.35,27.525,27.595
1990-12-27,,27.05,26.95,27,27.02
1990-12-28,,27.43,27.58,27.505,27.475
1990-12-31,,28.35,28.48,28.415,28.389
1991-01-02,,26.78,26.53,26.655,26.705
1991-01-03,,25.05,25.61,25.33,25.218
1991-01-04,,24.08,24.88,24.48,24.32
1991-01-07,,25.93,27.25,26.59,26.326
1991-01-08,,25.73,27.5,26.615,26.261
1991-01-09,,22.35,28,25.175,24.045
1991-01-10,,26.58,27.55,27.065,26.871
1991-01-11,,26.05,27.43,26.74,26.464
1991-01-14,,29.55,30.13,29.84,29.724
1991-01-15,,29.25,30.35,29.8,29.58
1991-01-16,,30.28,32.25,31.265,30.871
1991-01-17,,21.1,21.48,21.29,21.214
1991-01-18,,19.1,20.05,19.575,19.385
1991-01-21,,19.25,21.63,20.44,19.964
1991-01-22,,20.73,24.91,22.82,21.984
1991-01-23,,22.15,24.08,23.115,22.729
1991-01-24,,20.9,25.63,23.265,22.319
1991-01-25,,20.8,24.15,22.475,21.805
1991-01-28,,20.4,21.03,20.715,20.589
1991-01-29,,20.75,21.73,21.24,21.044
1991-01-30,,20.95,21.08,21.015,20.989
1991-01-31,,20.7,21.9,21.3,21.06
1991-02-01,,20.8,21.33,21.065,20.959
1991-02-04,,20.45,21.23,20.84,20.684
1991-02-05,,20.2,20.7,20.45,20.35
1991-02-06,,20.93,21.48,21.205,21.095
1991-02-07,,20.9,21.33,21.115,21.029
1991-02-08,,20.65,21.78,21.215,20.989
1991-02-11,,21.23,22.44,21.835,21.593
1991-02-12,,21.1,22.78,21.94,21.604
1991-02-13,,21,22.38,21.69,21.414
1991-02-14,,20.5,22.25,21.375,21.025
1991-02-15,,18.35,20.73,19.54,19.064
1991-02-18,,17.68,20.73,19.205,18.595
1991-02-19,,17.85,20.08,18.965,18.519
1991-02-20,,18.75,20.18,19.465,19.179
1991-02-21,,18.55,18.48,18.515,18.529
1991-02-22,,17.8,17.43,17.615,17.689
1991-02-25,,17.83,17.43,17.63,17.71
1991-02-26,,18,18.48,18.24,18.144
1991-02-27,,18.65,19.03,18.84,18.764
1991-02-28,,19.5,19.28,19.39,19.434
1991-03-01,,19.33,19.43,19.38,19.36
1991-03-04,,20.2,20.33,20.265,20.239
1991-03-05,,20.05,20.5,20.275,20.185
1991-03-06,,19.85,19.78,19.815,19.829
1991-03-07,,19.65,19.33,19.49,19.554
1991-03-08,,19.1,19.34,19.22,19.172
1991-03-11,,18.6,19,18.8,18.72
1991-03-12,,18.43,20.06,19.245,18.919
1991-03-13,,20.33,20.48,20.405,20.375
1991-03-14,,19.98,20.05,20.015,20.001
1991-03-15,,19.05,19.88,19.465,19.299
1991-03-18,,18.3,19.78,19.04,18.744
1991-03-19,,18.95,20.68,19.815,19.469
1991-03-20,,18.98,20.4,19.69,19.406
1991-03-21,,18.8,20.78,19.79,19.394
1991-03-22,,18.95,19.88,19.415,19.229
1991-03-25,,18.6,19.47,19.035,18.861
1991-03-26,,18.35,19.78,19.065,18.779
1991-03-27,,18.15,19.45,18.8,18.54
1991-03-28,,18,19.63,18.815,18.489
1991-04-01,,18,19.28,18.64,18.384
1991-04-02,,17.63,19.38,18.505,18.155
1991-04-03,,17.75,19.48,18.615,18.269
1991-04-04,,18,19.98,18.99,18.594
1991-04-05,,18.35,20.03,19.19,18.854
1991-04-08,,18.58,20.28,19.43,19.09
1991-04-09,,18.6,20.58,19.59,19.194
1991-04-10,,19.25,21.08,20.165,19.799
1991-04-11,,19.5,20.98,20.24,19.944
1991-04-12,,19.93,21.54,20.735,20.413
1991-04-15,,20.23,21.85,21.04,20.716
1991-04-16,,19.9,21.6,20.75,20.41
1991-04-17,,19.85,21.73,20.79,20.414
1991-04-18,,19.4,21.08,20.24,19.904
1991-04-19,,19.18,21.16,20.17,19.774
1991-04-22,,19.78,21.68,20.73,20.35
1991-04-23,,19.6,21.03,20.315,20.029
1991-04-24,,19.55,21,20.275,19.985
1991-04-25,,19.6,20.95,20.275,20.005
1991-04-26,,19.63,21.28,20.455,20.125
1991-04-29,,19.95,21.3,20.625,20.355
1991-04-30,,19.7,20.99,20.345,20.087
1991-05-01,,19.7,21.28,20.49,20.174
1991-05-02,,19.7,21.17,20.435,20.141
1991-05-03,,19.55,21.43,20.49,20.114
1991-05-06,,19.8,21.73,20.765,20.379
1991-05-07,,19.85,21.72,20.785,20.411
1991-05-08,,19.8,21.83,20.815,20.409
1991-05-09,,20.08,21.92,21,20.632
1991-05-10,,19.53,21.25,20.39,20.046
1991-05-13,,19.25,20.89,20.07,19.742
1991-05-14,,18.95,20.73,19.84,19.484
1991-05-15,,18.8,21.04,19.92,19.472
1991-05-16,,18.75,20.91,19.83,19.398
1991-05-17,,18.75,21.19,19.97,19.482
1991-05-20,,18.9,21.39,20.145,19.647
1991-05-21,,19.03,20.95,19.99,19.606
1991-05-22,,18.58,20.85,19.715,19.261
1991-05-23,,18.78,20.95,19.865,19.431
1991-05-24,,18.83,21.04,19.935,19.493
1991-05-28,,19,21.34,20.17,19.702
1991-05-29,,18.75,21.04,19.895,19.437
1991-05-30,,18.73,21.3,20.015,19.501
1991-05-31,,19,21.16,20.08,19.648
1991-06-03,,19,21.16,20.08,19.648
1991-06-04,,18.83,20.9,19.865,19.451
1991-06-05,,18.63,20.45,19.54,19.176
1991-06-06,,18.03,20.38,19.205,18.735
1991-06-07,,18.28,20.28,19.28,18.88
1991-06-10,,18,19.84,18.92,18.552
1991-06-11,,17.85,19.85,18.85,18.45
1991-06-12,,17.73,20.08,18.905,18.435
1991-06-13,,18,19.71,18.855,18.513
1991-06-14,,17.7,19.7,18.7,18.3
1991-06-17,,17.85,19.97,18.91,18.486
1991-06-18,,18,20.11,19.055,18.633
1991-06-19,,17.88,19.99,18.935,18.513
1991-06-20,,18.15,20.22,19.185,18.771
1991-06-21,,18.43,20.1,19.265,18.931
1991-06-24,,18.18,19.92,19.05,18.702
1991-06-25,,18.15,20.03,19.09,18.714
1991-06-26,,18.1,20.12,19.11,18.706
1991-06-27,,18.08,20.41,19.245,18.779
1991-06-28,,18.48,20.56,19.52,19.104
1991-07-01,,18.53,20.78,19.655,19.205
1991-07-02,,18.55,20.92,19.735,19.261
1991-07-03,,18.5,20.69,19.595,19.157
1991-07-04,,18.48,20.69,19.585,19.143
1991-07-05,,18.7,20.91,19.805,19.363
1991-07-08,,18.98,21.29,20.135,19.673
1991-07-09,,19.03,21.35,20.19,19.726
1991-07-10,,19.23,21.43,20.33,19.89
1991-07-11,,19.2,21.32,20.26,19.836
1991-07-12,,19.78,21.74,20.76,20.368
1991-07-15,,19.6,21.5,20.55,20.17
1991-07-16,,19.83,21.7,20.765,20.391
1991-07-17,,20.13,22.2,21.165,20.751
1991-07-18,,20.28,21.97,21.125,20.787
1991-07-19,,20.28,22.16,21.22,20.844
1991-07-22,,20.08,21.74,20.91,20.578
1991-07-23,,19.58,21.25,20.415,20.081
1991-07-24,,19.33,21.41,20.37,19.954
1991-07-25,,19.6,21.11,20.355,20.053
1991-07-26,,19.73,21.48,20.605,20.255
1991-07-29,,19.58,21.38,20.48,20.12
1991-07-30,,19.48,21.55,20.515,20.101
1991-07-31,,19.65,21.7,20.675,20.265
1991-08-01,,19.73,21.33,20.53,20.21
1991-08-02,,19.4,21.35,20.375,19.985
1991-08-05,,19.5,21.5,20.5,20.1
1991-08-06,,19.45,21.39,20.42,20.032
1991-08-07,,19.35,21.38,20.365,19.959
1991-08-08,,19.7,21.6,20.65,20.27
1991-08-09,,19.58,21.64,20.61,20.198
1991-08-12,,19.63,21.71,20.67,20.254
1991-08-13,,19.5,21.52,20.51,20.106
1991-08-14,,19.23,21.3,20.265,19.851
1991-08-15,,19.25,21.39,20.32,19.892
1991-08-16,,19.35,21.29,20.32,19.932
1991-08-19,,20.55,22.5,21.525,21.135
1991-08-20,,20.98,22.3,21.64,21.376
1991-08-21,,19.55,21.44,20.495,20.117
1991-08-22,,19.53,21.93,20.73,20.25
1991-08-23,,19.85,21.78,20.815,20.429
1991-08-26,,20.03,21.98,21.005,20.615
1991-08-27,,20.03,21.86,20.945,20.579
1991-08-28,,19.98,21.77,20.875,20.517
1991-08-29,,20.3,22.02,21.16,20.816
1991-08-30,,20.53,22.28,21.405,21.055
1991-09-02,,20.65,,,
1991-09-03,,20.55,22.28,21.415,21.069
1991-09-04,,20.25,21.76,21.005,20.703
1991-09-05,,20.1,21.75,20.925,20.595
1991-09-06,,20.13,21.56,20.845,20.559
1991-09-09,,19.85,21.36,20.605,20.303
1991-09-10,,19.93,21.44,20.685,20.383
1991-09-11,,20,21.66,20.83,20.498
1991-09-12,,20.25,21.51,20.88,20.628
1991-09-13,,20.35,21.71,21.03,20.758
1991-09-16,,20.53,21.84,21.185,20.923
1991-09-17,,20.3,21.73,21.015,20.729
1991-09-18,,20.53,21.87,21.2,20.932
1991-09-19,,20.43,21.79,21.11,20.838
1991-09-20,,20.55,22.02,21.285,20.991
1991-09-23,,20.83,22.2,21.515,21.241
1991-09-24,,20.75,22.24,21.495,21.197
1991-09-25,,20.65,22.11,21.38,21.088
1991-09-26,,21,22.23,21.615,21.369
1991-09-27,,21.48,22.42,21.95,21.762
1991-09-30,,21.43,22.25,21.84,21.676
1991-10-01,,21.15,22.1,21.625,21.435
1991-10-02,,21.3,22.34,21.82,21.612
1991-10-03,,21.75,22.7,22.225,22.035
1991-10-04,,21.83,22.64,22.235,22.073
1991-10-07,,21.98,22.99,22.485,22.283
1991-10-08,,21.95,23.02,22.485,22.271
1991-10-09,,22.43,23.18,22.805,22.655
1991-10-10,,22.13,23.01,22.57,22.394
1991-10-11,,22.08,23.19,22.635,22.413
1991-10-14,,22.6,23.48,23.04,22.864
1991-10-15,,22.83,23.89,23.36,23.148
1991-10-16,,22.6,23.67,23.135,22.921
1991-10-17,,22.73,23.96,23.345,23.099
1991-10-18,,23,24.12,23.56,23.336
1991-10-21,,22.95,24.03,23.49,23.274
1991-10-22,,22.65,23.47,23.06,22.896
1991-10-23,,22.48,23.14,22.81,22.678
1991-10-24,,22.25,23.47,22.86,22.616
1991-10-25,,22.35,23.18,22.765,22.599
1991-10-28,,21.9,23.24,22.57,22.302
1991-10-29,,21.85,23.09,22.47,22.222
1991-10-30,,21.95,23.11,22.53,22.298
1991-10-31,,22,23.29,22.645,22.387
1991-11-01,,22.53,23.85,23.19,22.926
1991-11-04,,22.73,23.82,23.275,23.057
1991-11-05,,22.53,23.78,23.155,22.905
1991-11-06,,22,23.44,22.72,22.432
1991-11-07,,21.85,23.29,22.57,22.282
1991-11-08,,21.8,23,22.4,22.16
1991-11-11,,21.45,22.66,22.055,21.813
1991-11-12,,21.2,22.58,21.89,21.614
1991-11-13,,21.5,22.28,21.89,21.734
1991-11-14,,21,22.55,21.775,21.465
1991-11-15,,21.63,22.79,22.21,21.978
1991-11-18,,21.35,22.38,21.865,21.659
1991-11-19,,21.08,21.88,21.48,21.32
1991-11-20,,20.48,22.17,21.325,20.987
1991-11-21,,20.73,21.93,21.33,21.09
1991-11-22,,20.15,21.85,21,20.66
1991-11-25,,19.78,22.15,20.965,20.491
1991-11-26,,19.78,21.04,20.41,20.158
1991-11-27,,19.65,21.38,20.515,20.169
1991-11-28,,19.98,21.38,20.68,20.4
1991-11-29,,20.08,21.48,20.78,20.5
1991-12-02,,19.6,21.1,20.35,20.05
1991-12-03,,19.2,20.61,19.905,19.623
1991-12-04,,19.18,20.75,19.965,19.651
1991-12-05,,19.15,20.42,19.785,19.531
1991-12-06,,19.05,19.87,19.46,19.296
1991-12-09,,18.25,19.39,18.82,18.592
1991-12-10,,18.1,19.24,18.67,18.442
1991-12-11,,18.28,19.54,18.91,18.658
1991-12-12,,18.58,19.94,19.26,18.988
1991-12-13,,19.05,20.09,19.57,19.362
1991-12-16,,18.55,19.78,19.165,18.919
1991-12-17,,18.13,19.45,18.79,18.526
1991-12-18,,18.15,19.39,18.77,18.522
1991-12-19,,18.15,19.12,18.635,18.441
1991-12-20,,18.55,18.28,18.415,18.469
1991-12-23,,17.6,18.58,18.09,17.894
1991-12-24,,17.78,18.68,18.23,18.05
1991-12-26,,17.78,18.63,18.205,18.035
1991-12-27,,17.75,18.82,18.285,18.071
1991-12-30,,18,18.63,18.315,18.189
1991-12-31,,17.75,19.15,18.45,18.17
1992-01-02,,18.45,19.43,18.94,18.744
1992-01-03,,18.5,19.22,18.86,18.716
1992-01-06,,18.75,19.24,18.995,18.897
1992-01-07,,18.4,18.72,18.56,18.496
1992-01-08,,17.3,17.95,17.625,17.495
1992-01-09,,17.18,17.89,17.535,17.393
1992-01-10,,17.23,18.26,17.745,17.539
1992-01-13,,18.08,18.77,18.425,18.287
1992-01-14,,18.23,18.4,18.315,18.281
1992-01-15,,18.38,18.83,18.605,18.515
1992-01-16,,18.68,18.94,18.81,18.758
1992-01-17,,18.48,19.11,18.795,18.669
1992-01-20,,18.45,18.92,18.685,18.591
1992-01-21,,17.85,18.5,18.175,18.045
1992-01-22,,17.83,18.73,18.28,18.1
1992-01-23,,18.1,18.38,18.24,18.184
1992-01-24,,18.33,18.75,18.54,18.456
1992-01-27,,18.55,19.35,18.95,18.79
1992-01-28,,18.43,19.09,18.76,18.628
1992-01-29,,18.15,18.92,18.535,18.381
1992-01-30,,18.1,18.95,18.525,18.355
1992-01-31,,18.15,18.93,18.54,18.384
1992-02-03,,18.35,18.97,18.66,18.536
1992-02-04,,18.4,19.26,18.83,18.658
1992-02-05,,18.48,19.5,18.99,18.786
1992-02-06,,18.53,19.48,19.005,18.815
1992-02-07,,18.58,19.91,19.245,18.979
1992-02-10,,18.95,19.69,19.32,19.172
1992-02-11,,18.48,19.36,18.92,18.744
1992-02-12,,18.33,19.29,18.81,18.618
1992-02-13,,18.53,19.7,19.115,18.881
1992-02-14,,18.63,19.42,19.025,18.867
1992-02-17,,17.65,19.42,18.535,18.181
1992-02-18,,17.7,18.14,17.92,17.832
1992-02-19,,17.5,18.42,17.96,17.776
1992-02-20,,17.85,18.52,18.185,18.051
1992-02-21,,18,18.6,18.3,18.18
1992-02-24,,17.4,18.37,17.885,17.691
1992-02-25,,17.43,18.3,17.865,17.691
1992-02-26,,17.28,18.44,17.86,17.628
1992-02-27,,17.55,18.77,18.16,17.916
1992-02-28,,17.45,18.69,18.07,17.822
1992-03-02,,17.35,18.36,17.855,17.653
1992-03-03,,17.05,18.67,17.86,17.536
1992-03-04,,17.28,18.62,17.95,17.682
1992-03-05,,17.43,18.58,18.005,17.775
1992-03-06,,17.3,18.53,17.915,17.669
1992-03-09,,17.35,18.65,18,17.74
1992-03-10,,17.35,18.62,17.985,17.731
1992-03-11,,17.2,18.5,17.85,17.59
1992-03-12,,17.35,18.86,18.105,17.803
1992-03-13,,17.73,19.16,18.445,18.159
1992-03-16,,17.73,19.15,18.44,18.156
1992-03-17,,17.88,19.27,18.575,18.297
1992-03-18,,17.65,19.05,18.35,18.07
1992-03-19,,17.65,19.27,18.46,18.136
1992-03-20,,17.75,18.78,18.265,18.059
1992-03-23,,17.58,18.91,18.245,17.979
1992-03-24,,17.65,19.06,18.355,18.073
1992-03-25,,17.7,19,18.35,18.09
1992-03-26,,17.98,19.31,18.645,18.379
1992-03-27,,17.85,19.19,18.52,18.252
1992-03-30,,17.98,19.25,18.615,18.361
1992-03-31,,19.09,19.49,19.29,19.21
1992-04-01,,18.38,19.85,19.115,18.821
1992-04-02,,18.53,19.79,19.16,18.908
1992-04-03,,18.63,20.25,19.44,19.116
1992-04-06,,18.93,20.44,19.685,19.383
1992-04-07,,18.93,20.29,19.61,19.338
1992-04-08,,19.18,20.64,19.91,19.618
1992-04-09,,18.95,20.33,19.64,19.364
1992-04-10,,19.05,20.45,19.75,19.47
1992-04-13,,19.03,20.24,19.635,19.393
1992-04-14,,18.85,19.81,19.33,19.138
1992-04-15,,18.6,19.93,19.265,18.999
1992-04-16,,18.95,20.25,19.6,19.34
1992-04-20,,18.95,20.26,19.605,19.343
1992-04-21,,19,20.17,19.585,19.351
1992-04-22,,18.73,19.92,19.325,19.087
1992-04-23,,18.7,19.91,19.305,19.063
1992-04-24,,18.9,20.05,19.475,19.245
1992-04-27,,18.9,20.31,19.605,19.323
1992-04-28,,19.18,20.29,19.735,19.513
1992-04-29,,19.28,20.77,20.025,19.727
1992-04-30,,19.65,20.88,20.265,20.019
1992-05-01,,19.83,20.88,20.355,20.145
1992-05-04,,19.88,21.13,20.505,20.255
1992-05-05,,19.98,20.78,20.38,20.22
1992-05-06,,19.68,20.79,20.235,20.013
1992-05-07,,19.65,20.73,20.19,19.974
1992-05-08,,19.63,20.85,20.24,19.996
1992-05-11,,19.73,21.02,20.375,20.117
1992-05-12,,19.8,20.98,20.39,20.154
1992-05-13,,19.95,20.75,20.35,20.19
1992-05-14,,19.75,20.56,20.155,19.993
1992-05-15,,19.7,20.7,20.2,20
1992-05-18,,19.7,20.54,20.12,19.952
1992-05-19,,19.3,20.12,19.71,19.546
1992-05-20,,19.28,20.2,19.74,19.556
1992-05-21,,19.6,20.79,20.195,19.957
1992-05-22,,19.58,20.79,20.185,19.943
1992-05-26,,20.5,21.8,21.15,20.89
1992-05-27,,20.8,22,21.4,21.16
1992-05-28,,20.73,21.97,21.35,21.102
1992-05-29,,20.7,22.13,21.415,21.129
1992-06-01,,20.9,22.07,21.485,21.251
1992-06-02,,20.85,22.2,21.525,21.255
1992-06-03,,21.23,22.45,21.84,21.596
1992-06-04,,21.08,22.53,21.805,21.515
1992-06-05,,21.35,22.65,22,21.74
1992-06-08,,21.25,22.43,21.84,21.604
1992-06-09,,21.13,22.23,21.68,21.46
1992-06-10,,21.05,22.49,21.77,21.482
1992-06-11,,21.33,22.33,21.83,21.63
1992-06-12,,21.28,22.28,21.78,21.58
1992-06-15,,21.3,22.38,21.84,21.624
1992-06-16,,21.13,22.23,21.68,21.46
1992-06-17,,21.03,22.3,21.665,21.411
1992-06-18,,21.23,22.23,21.73,21.53
1992-06-19,,21.13,22.16,21.645,21.439
1992-06-22,,20.83,22.47,21.65,21.322
1992-06-23,,21.35,22.74,22.045,21.767
1992-06-24,,21.55,23.03,22.29,21.994
1992-06-25,,21.5,22.73,22.115,21.869
1992-06-26,,21.3,22.42,21.86,21.636
1992-06-29,,21.08,22.27,21.675,21.437
1992-06-30,,20.6,21.84,21.22,20.972
1992-07-01,,20.25,21.9,21.075,20.745
1992-07-02,,20.53,22.08,21.305,20.995
1992-07-03,,20.65,22.08,21.365,21.079
1992-07-06,,20.45,21.87,21.16,20.876
1992-07-07,,19.8,21.51,20.655,20.313
1992-07-08,,19.7,21.38,20.54,20.204
1992-07-09,,19.78,21.38,20.58,20.26
1992-07-10,,20,21.25,20.625,20.375
1992-07-13,,19.83,21.38,20.605,20.295
1992-07-14,,19.98,21.42,20.7,20.412
1992-07-15,,19.85,21.73,20.79,20.414
1992-07-16,,20.23,21.8,21.015,20.701
1992-07-17,,20.2,21.56,20.88,20.608
1992-07-20,,19.95,21.78,20.865,20.499
1992-07-21,,20.03,21.91,20.97,20.594
1992-07-22,,20.23,21.99,21.11,20.758
1992-07-23,,20.48,22.11,21.295,20.969
1992-07-24,,20.6,21.95,21.275,21.005
1992-07-27,,20.58,22.09,21.335,21.033
1992-07-28,,20.78,22.03,21.405,21.155
1992-07-29,,20.68,21.98,21.33,21.07
1992-07-30,,20.48,21.82,21.15,20.882
1992-07-31,,20.38,21.83,21.105,20.815
1992-08-03,,20.33,21.6,20.965,20.711
1992-08-04,,19.85,21.23,20.54,20.264
1992-08-05,,19.68,21.18,20.43,20.13
1992-08-06,,19.78,21.41,20.595,20.269
1992-08-07,,19.75,21.27,20.51,20.206
1992-08-10,,19.55,21.12,20.335,20.021
1992-08-11,,19.48,21,20.24,19.936
1992-08-12,,19.65,21.13,20.39,20.094
1992-08-13,,19.83,21.35,20.59,20.286
1992-08-14,,19.88,21.31,20.595,20.309
1992-08-17,,19.95,21.47,20.71,20.406
1992-08-18,,19.9,21.54,20.72,20.392
1992-08-19,,19.8,21.33,20.565,20.259
1992-08-20,,19.63,21.4,20.515,20.161
1992-08-21,,19.68,21.19,20.435,20.133
1992-08-24,,19.65,21.85,20.75,20.31
1992-08-25,,19.68,21.6,20.64,20.256
1992-08-26,,19.63,21.24,20.435,20.113
1992-08-27,,19.5,21.14,20.32,19.992
1992-08-28,,19.65,21.3,20.475,20.145
1992-08-31,,19.65,21.46,20.555,20.193
1992-09-01,,19.88,21.72,20.8,20.432
1992-09-02,,20,21.65,20.825,20.495
1992-09-03,,19.95,21.69,20.82,20.472
1992-09-04,,20.03,21.77,20.9,20.552
1992-09-07,,20.13,21.77,20.95,20.622
1992-09-08,,20.3,21.98,21.14,20.804
1992-09-09,,20.33,22,21.165,20.831
1992-09-10,,20.3,21.93,21.115,20.789
1992-09-11,,20.35,22,21.175,20.845
1992-09-14,,20.68,22.35,21.515,21.181
1992-09-15,,20.5,22.13,21.315,20.989
1992-09-16,,20.43,22.39,21.41,21.018
1992-09-17,,20.35,22.23,21.29,20.914
1992-09-18,,20.3,21.96,21.13,20.798
1992-09-21,,20.15,21.91,21.03,20.678
1992-09-22,,20.33,21.78,21.055,20.765
1992-09-23,,20.53,21.78,21.155,20.905
1992-09-24,,20.43,21.57,21,20.772
1992-09-25,,20.33,21.51,20.92,20.684
1992-09-28,,20.28,21.78,21.03,20.73
1992-09-29,,20.18,21.66,20.92,20.624
1992-09-30,,20.18,21.83,21.005,20.675
1992-10-01,,20.28,21.83,21.055,20.745
1992-10-02,,20.4,21.93,21.165,20.859
1992-10-05,,20.2,21.76,20.98,20.668
1992-10-06,,20.23,21.85,21.04,20.716
1992-10-07,,20.28,21.89,21.085,20.763
1992-10-08,,20.48,21.99,21.235,20.933
1992-10-09,,20.48,21.99,21.235,20.933
1992-10-12,,20.8,22.28,21.54,21.244
1992-10-13,,20.83,22.12,21.475,21.217
1992-10-14,,20.68,22.16,21.42,21.124
1992-10-15,,20.73,22.37,21.55,21.222
1992-10-16,,20.78,22.31,21.545,21.239
1992-10-19,,20.73,22.18,21.455,21.165
1992-10-20,,20.68,21.88,21.28,21.04
1992-10-21,,20.28,21.49,20.885,20.643
1992-10-22,,20.13,21.22,20.675,20.457
1992-10-23,,20.03,21.11,20.57,20.354
1992-10-26,,19.78,21.14,20.46,20.188
1992-10-27,,19.78,21.03,20.405,20.155
1992-10-28,,19.65,21.17,20.41,20.106
1992-10-29,,19.4,20.71,20.055,19.793
1992-10-30,,19.13,20.68,19.905,19.595
1992-11-02,,19.25,20.77,20.01,19.706
1992-11-03,,19.35,20.6,19.975,19.725
1992-11-04,,19.03,20.33,19.68,19.42
1992-11-05,,19.2,20.62,19.91,19.626
1992-11-06,,19.13,20.26,19.695,19.469
1992-11-09,,19.1,20.63,19.865,19.559
1992-11-10,,19.53,20.54,20.035,19.833
1992-11-11,,19.4,20.46,19.93,19.718
1992-11-12,,19.18,20.19,19.685,19.483
1992-11-13,,19.05,20.04,19.545,19.347
1992-11-16,,19.2,20.37,19.785,19.551
1992-11-17,,19.15,20.32,19.735,19.501
1992-11-18,,19.1,20.21,19.655,19.433
1992-11-19,,19.48,20.5,19.99,19.786
1992-11-20,,19.48,20.37,19.925,19.747
1992-11-23,,19.15,20.01,19.58,19.408
1992-11-24,,19.18,20.06,19.62,19.444
1992-11-25,,19.28,20.29,19.785,19.583
1992-11-26,,18.93,,,
1992-11-27,,19.08,20.29,19.685,19.443
1992-11-30,,19.25,19.91,19.58,19.448
1992-12-01,,18.65,19.56,19.105,18.923
1992-12-02,,18.38,19.38,18.88,18.68
1992-12-03,,18.2,19.08,18.64,18.464
1992-12-04,,18.35,18.95,18.65,18.53
1992-12-07,,18.25,19.17,18.71,18.526
1992-12-08,,18.08,18.69,18.385,18.263
1992-12-09,,17.8,18.86,18.33,18.118
1992-12-10,,18.28,19.26,18.77,18.574
1992-12-11,,18.2,19.09,18.645,18.467
1992-12-14,,18.03,19.06,18.545,18.339
1992-12-15,,17.8,18.94,18.37,18.142
1992-12-16,,17.9,19.42,18.66,18.356
1992-12-17,,18.18,19.68,18.93,18.63
1992-12-18,,18.3,19.81,19.055,18.753
1992-12-21,,18.33,19.92,19.125,18.807
1992-12-22,,18.08,19.79,18.935,18.593
1992-12-23,,18.23,19.97,19.1,18.752
1992-12-24,,18.28,19.97,19.125,18.787
1992-12-28,,,19.77,,
1992-12-29,,17.93,19.62,18.775,18.437
1992-12-30,,17.83,19.63,18.73,18.37
1992-12-31,,17.85,19.49,18.67,18.342
1993-01-04,,17.73,19.03,18.38,18.12
1993-01-05,,17.48,19.13,18.305,17.975
1993-01-06,,17.53,19.03,18.28,17.98
1993-01-07,,17.58,18.92,18.25,17.982
1993-01-08,,17.23,18.9,18.065,17.731
1993-01-11,,17.28,18.78,18.03,17.73
1993-01-12,,16.85,18.21,17.53,17.258
1993-01-13,,16.85,18.51,17.68,17.348
1993-01-14,,17,18.71,17.855,17.513
1993-01-15,,17.28,18.89,18.085,17.763
1993-01-18,,17.25,18.94,18.095,17.757
1993-01-19,,16.98,18.4,17.69,17.406
1993-01-20,,16.7,18.35,17.525,17.195
1993-01-21,,16.88,18.71,17.795,17.429
1993-01-22,,17.08,18.64,17.86,17.548
1993-01-25,,17.58,19.51,18.545,18.159
1993-01-26,,17.93,19.67,18.8,18.452
1993-01-27,,17.88,19.66,18.77,18.414
1993-01-28,,18.15,20.38,19.265,18.819
1993-01-29,,18.48,20.27,19.375,19.017
1993-02-01,,18.55,20.32,19.435,19.081
1993-02-02,,18.4,20,19.2,18.88
1993-02-04,,18.65,20.29,19.47,19.142
1993-02-05,,18.7,20.27,19.485,19.171
1993-02-08,,18.55,20.07,19.31,19.006
1993-02-09,,18.33,20.12,19.225,18.867
1993-02-10,,18.48,20.2,19.34,18.996
1993-02-11,,18.43,20.29,19.36,18.988
1993-02-12,,18.48,19.96,19.22,18.924
1993-02-15,,17.98,,,
1993-02-16,,18.2,19.59,18.895,18.617
1993-02-17,,17.93,19.3,18.615,18.341
1993-02-18,,17.83,19.44,18.635,18.313
1993-02-19,,18.3,19.69,18.995,18.717
1993-02-22,,18.63,20.08,19.355,19.065
1993-02-23,,18.88,20.49,19.685,19.363
1993-02-24,,18.88,20.28,19.58,19.3
1993-02-25,,18.83,20.63,19.73,19.37
1993-02-26,,18.83,20.53,19.68,19.34
1993-03-01,,19.03,20.62,19.825,19.507
1993-03-02,,18.83,20.48,19.655,19.325
1993-03-03,,18.93,20.46,19.695,19.389
1993-03-04,,19.35,21.05,20.2,19.86
1993-03-05,,19.6,20.85,20.225,19.975
1993-03-08,,19.28,20.63,19.955,19.685
1993-03-09,,19.23,20.71,19.97,19.674
1993-03-10,,19.08,20.42,19.75,19.482
1993-03-11,,18.7,20.12,19.41,19.126
1993-03-12,,18.83,20.38,19.605,19.295
1993-03-15,,18.88,20.18,19.53,19.27
1993-03-16,,18.55,20.04,19.295,18.997
1993-03-17,,18.6,20.14,19.37,19.062
1993-03-18,,18.7,20.29,19.495,19.177
1993-03-19,,18.58,20.05,19.315,19.021
1993-03-22,,18.18,19.52,18.85,18.582
1993-03-23,,18.23,19.98,19.105,18.755
1993-03-24,,18.53,19.97,19.25,18.962
1993-03-25,,18.6,20.12,19.36,19.056
1993-03-26,,18.55,20.42,19.485,19.111
1993-03-29,,18.65,20.27,19.46,19.136
1993-03-30,,18.45,20.27,19.36,18.996
1993-03-31,,18.7,20.44,19.57,19.222
1993-04-01,,18.98,20.54,19.76,19.448
1993-04-02,,18.88,20.67,19.775,19.417
1993-04-05,,18.95,20.59,19.77,19.442
1993-04-06,,18.65,20.33,19.49,19.154
1993-04-07,,18.7,20.35,19.525,19.195
1993-04-08,,18.53,20.22,19.375,19.037
1993-04-12,,,20.43,,
1993-04-13,,18.8,20.28,19.54,19.244
1993-04-14,,18.73,20.38,19.555,19.225
1993-04-15,,18.63,20.21,19.42,19.104
1993-04-16,,18.5,20.09,19.295,18.977
1993-04-19,,18.48,19.99,19.235,18.933
1993-04-20,,18.53,20.05,19.29,18.986
1993-04-21,,18.68,19.99,19.335,19.073
1993-04-22,,18.48,19.79,19.135,18.873
1993-04-23,,18.63,19.93,19.28,19.02
1993-04-26,,18.63,19.83,19.23,18.99
1993-04-27,,18.58,20.21,19.395,19.069
1993-04-28,,18.48,,,
1993-04-29,,18.8,20.63,19.715,19.349
1993-04-30,,18.85,20.54,19.695,19.357
1993-05-03,,,20.58,,
1993-05-04,,18.9,20.4,19.65,19.35
1993-05-05,,18.85,20.46,19.655,19.333
1993-05-06,,19.13,20.49,19.81,19.538
1993-05-07,,18.98,20.43,19.705,19.415
1993-05-10,,18.98,20.42,19.7,19.412
1993-05-11,,18.83,20.38,19.605,19.295
1993-05-12,,18.9,20.19,19.545,19.287
1993-05-13,,18.7,19.8,19.25,19.03
1993-05-14,,18.4,19.51,18.955,18.733
1993-05-17,,18.28,19.51,18.895,18.649
1993-05-18,,18.18,19.32,18.75,18.522
1993-05-19,,18.13,19.15,18.64,18.436
1993-05-20,,18.1,19.56,18.83,18.538
1993-05-21,,18.05,19.6,18.825,18.515
1993-05-24,,18.15,19.43,18.79,18.534
1993-05-25,,18.15,19.75,18.95,18.63
1993-05-26,,18.08,19.92,19,18.632
1993-05-27,,18.43,20.05,19.24,18.916
1993-05-28,,18.43,20.04,19.235,18.913
1993-06-01,,18.48,20.2,19.34,18.996
1993-06-02,,18.48,20.05,19.265,18.951
1993-06-03,,18.15,19.77,18.96,18.636
1993-06-04,,18.25,19.79,19.02,18.712
1993-06-07,,18,19.6,18.8,18.48
1993-06-08,,18.23,19.65,18.94,18.656
1993-06-09,,18.23,19.66,18.945,18.659
1993-06-10,,18.2,19.27,18.735,18.521
1993-06-11,,17.63,18.99,18.31,18.038
1993-06-14,,17.58,18.9,18.24,17.976
1993-06-15,,17.3,18.6,17.95,17.69
1993-06-16,,17.33,18.87,18.1,17.792
1993-06-17,,17.23,18.7,17.965,17.671
1993-06-18,,17.13,18.71,17.92,17.604
1993-06-21,,17.18,18.63,17.905,17.615
1993-06-22,,17.18,18.35,17.765,17.531
1993-06-23,,17.18,18.44,17.81,17.558
1993-06-24,,17.23,18.36,17.795,17.569
1993-06-25,,17.23,18.83,18.03,17.71
1993-06-28,,17.23,18.89,18.06,17.728
1993-06-29,,17.48,18.99,18.235,17.933
1993-06-30,,17.43,18.82,18.125,17.847
1993-07-01,,16.98,18.44,17.71,17.418
1993-07-02,,16.63,17.93,17.28,17.02
1993-07-05,,16.88,,,
1993-07-06,,17.13,18.29,17.71,17.478
1993-07-07,,16.9,18.06,17.48,17.248
1993-07-08,,16.55,17.79,17.17,16.922
1993-07-09,,16.53,17.92,17.225,16.947
1993-07-12,,16.78,18.12,17.45,17.182
1993-07-13,,16.95,18.05,17.5,17.28
1993-07-14,,16.5,17.43,16.965,16.779
1993-07-15,,16.48,17.73,17.105,16.855
1993-07-16,,16.6,17.29,16.945,16.807
1993-07-19,,16.58,17.68,17.13,16.91
1993-07-20,,16.58,17.2,16.89,16.766
1993-07-21,,16.73,17.6,17.165,16.991
1993-07-22,,16.65,17.57,17.11,16.926
1993-07-23,,16.85,17.67,17.26,17.096
1993-07-26,,16.85,18.11,17.48,17.228
1993-07-27,,16.85,18.5,17.675,17.345
1993-07-28,,17.13,18.25,17.69,17.466
1993-07-29,,17.08,18.12,17.6,17.392
1993-07-30,,16.85,17.94,17.395,17.177
1993-08-02,,16.85,17.9,17.375,17.165
1993-08-03,,16.53,17.81,17.17,16.914
1993-08-04,,16.63,17.82,17.225,16.987
1993-08-05,,16.6,17.54,17.07,16.882
1993-08-06,,16.38,17.3,16.84,16.656
1993-08-09,,16.45,17.58,17.015,16.789
1993-08-10,,16.3,17.58,16.94,16.684
1993-08-11,,16.58,17.87,17.225,16.967
1993-08-12,,16.78,18.16,17.47,17.194
1993-08-13,,16.93,18.14,17.535,17.293
1993-08-16,,16.8,17.84,17.32,17.112
1993-08-17,,16.88,17.95,17.415,17.201
1993-08-18,,16.63,17.68,17.155,16.945
1993-08-19,,16.63,17.64,17.135,16.933
1993-08-20,,16.68,18.09,17.385,17.103
1993-08-23,,16.83,18.42,17.625,17.307
1993-08-24,,16.93,18.38,17.655,17.365
1993-08-25,,16.68,18.45,17.565,17.211
1993-08-26,,16.75,18.4,17.575,17.245
1993-08-27,,17.05,18.82,17.935,17.581
1993-08-30,,,18.63,,
1993-08-31,,16.73,18.24,17.485,17.183
1993-09-01,,16.55,17.92,17.235,16.961
1993-09-02,,16.5,17.97,17.235,16.941
1993-09-03,,16.33,17.72,17.025,16.747
1993-09-06,,16.23,,,
1993-09-07,,15.85,17.14,16.495,16.237
1993-09-08,,15.65,17,16.325,16.055
1993-09-09,,15.73,16.97,16.35,16.102
1993-09-10,,15.43,16.74,16.085,15.823
1993-09-13,,15.43,16.98,16.205,15.895
1993-09-14,,15.58,16.94,16.26,15.988
1993-09-15,,15.35,16.85,16.1,15.8
1993-09-16,,15.43,16.85,16.14,15.856
1993-09-17,,15.55,17.1,16.325,16.015
1993-09-20,,16.03,17.68,16.855,16.525
1993-09-21,,16.25,18.12,17.185,16.811
1993-09-22,,15.88,17.53,16.705,16.375
1993-09-23,,15.88,17.52,16.7,16.372
1993-09-24,,16.1,17.52,16.81,16.526
1993-09-27,,16.1,17.52,16.81,16.526
1993-09-28,,16.4,18.07,17.235,16.901
1993-09-29,,16.78,18.73,17.755,17.365
1993-09-30,,17.23,18.72,17.975,17.677
1993-10-01,,17.08,18.63,17.855,17.545
1993-10-04,,16.9,18.4,17.65,17.35
1993-10-05,,16.78,18.43,17.605,17.275
1993-10-06,,16.98,18.43,17.705,17.415
1993-10-07,,16.88,18.49,17.685,17.363
1993-10-08,,16.98,18.53,17.755,17.445
1993-10-11,,17.13,18.76,17.945,17.619
1993-10-12,,17.15,18.7,17.925,17.615
1993-10-13,,17,18.65,17.825,17.495
1993-10-14,,16.8,18.5,17.65,17.31
1993-10-15,,16.7,18.24,17.47,17.162
1993-10-18,,16.5,18.13,17.315,16.989
1993-10-19,,16.53,18.04,17.285,16.983
1993-10-20,,16.68,18.25,17.465,17.151
1993-10-21,,16.88,18.28,17.58,17.3
1993-10-22,,16.48,17.92,17.2,16.912
1993-10-25,,16.13,17.36,16.745,16.499
1993-10-26,,15.95,17.55,16.75,16.43
1993-10-27,,15.95,17.66,16.805,16.463
1993-10-28,,15.83,17.3,16.565,16.271
1993-10-29,,15.43,16.97,16.2,15.892
1993-11-01,,15.83,17.5,16.665,16.331
1993-11-02,,15.63,17.03,16.33,16.05
1993-11-03,,15.83,17.47,16.65,16.322
1993-11-04,,15.78,17.38,16.58,16.26
1993-11-05,,15.73,17.09,16.41,16.138
1993-11-08,,15.28,16.69,15.985,15.703
1993-11-09,,15.33,16.71,16.02,15.744
1993-11-10,,15.23,16.54,15.885,15.623
1993-11-11,,15.18,16.91,16.045,15.699
1993-11-12,,15.08,16.72,15.9,15.572
1993-11-15,,15.25,16.78,16.015,15.709
1993-11-16,,15.33,16.69,16.01,15.738
1993-11-17,,15.55,17.08,16.315,16.009
1993-11-18,,15.4,16.67,16.035,15.781
1993-11-19,,15.25,16.55,15.9,15.64
1993-11-22,,15.35,16.67,16.01,15.746
1993-11-23,,15.25,16.39,15.82,15.592
1993-11-24,,15.13,15.73,15.43,15.31
1993-11-25,,14.35,,,
1993-11-26,,14.28,15.53,14.905,14.655
1993-11-29,,14.05,15.3,14.675,14.425
1993-11-30,,14.23,15.36,14.795,14.569
1993-12-01,,14.43,15.45,14.94,14.736
1993-12-02,,14.15,14.93,14.54,14.384
1993-12-03,,13.95,15.03,14.49,14.274
1993-12-06,,13.9,14.57,14.235,14.101
1993-12-07,,13.88,14.53,14.205,14.075
1993-12-08,,13.45,14.61,14.03,13.798
1993-12-09,,13.6,14.65,14.125,13.915
1993-12-10,,13.8,15.04,14.42,14.172
1993-12-13,,13.9,14.5,14.2,14.08
1993-12-14,,14.78,14.47,14.625,14.687
1993-12-15,,13.8,14.39,14.095,13.977
1993-12-16,,13.63,14.21,13.92,13.804
1993-12-17,,13.85,13.98,13.915,13.889
1993-12-20,,13.63,14.2,13.915,13.801
1993-12-21,,13.45,14.32,13.885,13.711
1993-12-22,,13.6,14.61,14.105,13.903
1993-12-23,,13.55,14.48,14.015,13.829
1993-12-24,,13.38,,,
1993-12-27,,,14.09,,
1993-12-28,,,14.11,,
1993-12-29,,13.13,14.45,13.79,13.526
1993-12-30,,13.2,14.19,13.695,13.497
1993-12-31,,13.18,,,
1994-01-03,,,14.52,,
1994-01-04,,13.43,14.66,14.045,13.799
1994-01-05,,14.1,15.3,14.7,14.46
1994-01-06,,14.55,15.36,14.955,14.793
1994-01-07,,14.63,15.33,14.98,14.84
1994-01-10,,14.15,14.65,14.4,14.3
1994-01-11,,14.1,14.95,14.525,14.355
1994-01-12,,13.9,14.36,14.13,14.038
1994-01-13,,13.75,14.56,14.155,13.993
1994-01-14,,14.1,14.81,14.455,14.313
1994-01-17,,14.4,15.15,14.775,14.625
1994-01-18,,14.1,14.92,14.51,14.346
1994-01-19,,14.25,15.25,14.75,14.55
1994-01-20,,14.1,14.95,14.525,14.355
1994-01-21,,14.23,14.85,14.54,14.416
1994-01-24,,14.35,15.09,14.72,14.572
1994-01-25,,14.63,15.26,14.945,14.819
1994-01-26,,14.8,15.5,15.15,15.01
1994-01-27,,14.78,15.48,15.13,14.99
1994-01-28,,14.65,15.37,15.01,14.866
1994-01-31,,14.83,15.24,15.035,14.953
1994-02-01,,15.03,15.91,15.47,15.294
1994-02-02,,15.4,16.06,15.73,15.598
1994-02-03,,15.48,15.97,15.725,15.627
1994-02-04,,14.93,15.63,15.28,15.14
1994-02-07,,14.6,15.31,14.955,14.813
1994-02-08,,14.13,15.12,14.625,14.427
1994-02-09,,13.53,14.64,14.085,13.863
1994-02-10,,13.58,14.59,14.085,13.883
1994-02-11,,13.7,14.71,14.205,14.003
1994-02-14,,13.4,14.15,13.775,13.625
1994-02-15,,13.13,14.13,13.63,13.43
1994-02-16,,13.08,13.89,13.485,13.323
1994-02-17,,13.28,14.26,13.77,13.574
1994-02-18,,13,14.21,13.605,13.363
1994-02-21,,13.05,,,
1994-02-22,,13.2,14.28,13.74,13.524
1994-02-23,,13.2,14.18,13.69,13.494
1994-02-24,,13.4,14.82,14.11,13.826
1994-02-25,,13.33,14.48,13.905,13.675
1994-02-28,,13.59,14.5,14.045,13.863
1994-03-01,,13.45,14.78,14.115,13.849
1994-03-02,,13.5,14.8,14.15,13.89
1994-03-03,,13.55,14.74,14.145,13.907
1994-03-04,,13.43,14.57,14,13.772
1994-03-07,,13.13,14.14,13.635,13.433
1994-03-08,,13.15,14.17,13.66,13.456
1994-03-09,,13.3,14.23,13.765,13.579
1994-03-10,,13.23,14.19,13.71,13.518
1994-03-11,,13.7,14.47,14.085,13.931
1994-03-14,,14.03,14.52,14.275,14.177
1994-03-15,,14.28,14.82,14.55,14.442
1994-03-16,,14.3,15.03,14.665,14.519
1994-03-17,,14.25,14.83,14.54,14.424
1994-03-18,,14.05,14.88,14.465,14.299
1994-03-21,,14.55,15.37,14.96,14.796
1994-03-22,,14.8,15.04,14.92,14.872
1994-03-23,,14.5,14.94,14.72,14.632
1994-03-24,,14.53,15.21,14.87,14.734
1994-03-25,,14.58,15.19,14.885,14.763
1994-03-28,,13.75,14.15,13.95,13.87
1994-03-29,,13.38,14.41,13.895,13.689
1994-03-30,,13.23,14.4,13.815,13.581
1994-03-31,,13.25,14.78,14.015,13.709
1994-04-04,,,15.67,,
1994-04-05,,14.33,15.67,15,14.732
1994-04-06,,14.33,15.77,15.05,14.762
1994-04-07,,14.4,15.59,14.995,14.757
1994-04-08,,14.3,15.57,14.935,14.681
1994-04-11,,14.73,15.86,15.295,15.069
1994-04-12,,14.8,15.74,15.27,15.082
1994-04-13,,15,15.96,15.48,15.288
1994-04-14,,15.28,16.2,15.74,15.556
1994-04-15,,15.23,16.58,15.905,15.635
1994-04-18,,15.48,16.64,16.06,15.828
1994-04-19,,15.13,16.43,15.78,15.52
1994-04-20,,15.3,16.65,15.975,15.705
1994-04-21,,15.63,17.56,16.595,16.209
1994-04-22,,16.28,17.84,17.06,16.748
1994-04-25,,16.38,17.66,17.02,16.764
1994-04-26,,16.05,16.82,16.435,16.281
1994-04-27,,15.75,16.7,16.225,16.035
1994-04-28,,15.65,16.57,16.11,15.926
1994-04-29,,15.35,16.92,16.135,15.821
1994-05-02,,,17.18,,
1994-05-03,,15.93,16.93,16.43,16.23
1994-05-04,,15.95,16.85,16.4,16.22
1994-05-05,,15.85,17.28,16.565,16.279
1994-05-06,,16.25,17.74,16.995,16.697
1994-05-09,,16.33,17.72,17.025,16.747
1994-05-10,,16.25,17.62,16.935,16.661
1994-05-11,,16.1,17.84,16.97,16.622
1994-05-12,,16.25,18.27,17.26,16.856
1994-05-13,,16.5,18.2,17.35,17.01
1994-05-16,,16.23,17.99,17.11,16.758
1994-05-17,,15.83,17.61,16.72,16.364
1994-05-18,,15.98,18.02,17,16.592
1994-05-19,,16.15,18.49,17.32,16.852
1994-05-20,,16.23,18.93,17.58,17.04
1994-05-23,,16.63,18.69,17.66,17.248
1994-05-24,,16.63,18.4,17.515,17.161
1994-05-25,,16.33,17.83,17.08,16.78
1994-05-26,,16.08,17.76,16.92,16.584
1994-05-27,,16.08,18.02,17.05,16.662
1994-05-31,,16.18,18.3,17.24,16.816
1994-06-01,,16.4,18.29,17.345,16.967
1994-06-02,,16.35,18.25,17.3,16.92
1994-06-03,,16.13,18.11,17.12,16.724
1994-06-06,,16.18,18.1,17.14,16.756
1994-06-07,,15.95,17.78,16.865,16.499
1994-06-08,,15.65,18.28,16.965,16.439
1994-06-09,,16.13,18.67,17.4,16.892
1994-06-10,,16.38,18.48,17.43,17.01
1994-06-13,,16.23,18.82,17.525,17.007
1994-06-14,,16.4,18.94,17.67,17.162
1994-06-15,,16.73,19.75,18.24,17.636
1994-06-16,,16.88,19.83,18.355,17.765
1994-06-17,,17.13,20.72,18.925,18.207
1994-06-20,,17.38,20.68,19.03,18.37
1994-06-21,,17.63,20.08,18.855,18.365
1994-06-22,,17.48,19.59,18.535,18.113
1994-06-23,,17.3,19.38,18.34,17.924
1994-06-24,,17.4,19.28,18.34,17.964
1994-06-27,,17.4,18.96,18.18,17.868
1994-06-28,,16.98,19.14,18.06,17.628
1994-06-29,,17.23,18.82,18.025,17.707
1994-06-30,,17.45,19.37,18.41,18.026
1994-07-01,,17.65,19.52,18.585,18.211
1994-07-04,,17.5,,,
1994-07-05,,17.13,19.62,18.375,17.877
1994-07-06,,16.9,19.3,18.1,17.62
1994-07-07,,16.78,19.15,17.965,17.491
1994-07-08,,17,19.48,18.24,17.744
1994-07-11,,17.48,20.17,18.825,18.287
1994-07-12,,18.25,20.4,19.325,18.895
1994-07-13,,18.25,20.14,19.195,18.817
1994-07-14,,18.33,20.18,19.255,18.885
1994-07-15,,18.15,19.89,19.02,18.672
1994-07-18,,17.5,19.38,18.44,18.064
1994-07-19,,17.2,19.49,18.345,17.887
1994-07-20,,17.35,19.15,18.25,17.89
1994-07-21,,17.45,19.32,18.385,18.011
1994-07-22,,17.58,19.59,18.585,18.183
1994-07-25,,17.35,19.42,18.385,17.971
1994-07-26,,17.43,19.26,18.345,17.979
1994-07-27,,17.83,19.46,18.645,18.319
1994-07-28,,18,19.87,18.935,18.561
1994-07-29,,18.48,20.3,19.39,19.026
1994-08-01,,19.03,20.65,19.84,19.516
1994-08-02,,18.48,20.22,19.35,19.002
1994-08-03,,18.48,20.06,19.27,18.954
1994-08-04,,18.43,20.14,19.285,18.943
1994-08-05,,17.78,19.37,18.575,18.257
1994-08-08,,17.93,19.41,18.67,18.374
1994-08-09,,17.68,19.29,18.485,18.163
1994-08-10,,17.33,18.96,18.145,17.819
1994-08-11,,17.5,18.67,18.085,17.851
1994-08-12,,17.1,18.05,17.575,17.385
1994-08-15,,16.75,18.24,17.495,17.197
1994-08-16,,16.68,17.64,17.16,16.968
1994-08-17,,16.28,18.08,17.18,16.82
1994-08-18,,16.3,17.73,17.015,16.729
1994-08-19,,16.13,17.56,16.845,16.559
1994-08-22,,15.25,16.87,16.06,15.736
1994-08-23,,15.3,17.09,16.195,15.837
1994-08-24,,15.8,17.54,16.67,16.322
1994-08-25,,15.75,17.49,16.62,16.272
1994-08-26,,15.85,17.14,16.495,16.237
1994-08-29,,,17.62,,
1994-08-30,,15.78,17.4,16.59,16.266
1994-08-31,,16.03,17.6,16.815,16.501
1994-09-01,,16.03,17.47,16.75,16.462
1994-09-02,,15.88,17.52,16.7,16.372
1994-09-05,,15.6,,,
1994-09-06,,15.95,17.62,16.785,16.451
1994-09-07,,16.03,17.84,16.935,16.573
1994-09-08,,16.05,17.62,16.835,16.521
1994-09-09,,15.93,17.53,16.73,16.41
1994-09-12,,15.83,17.39,16.61,16.298
1994-09-13,,15.48,17,16.24,15.936
1994-09-14,,15.4,16.72,16.06,15.796
1994-09-15,,15.25,16.72,15.985,15.691
1994-09-16,,15.3,16.84,16.07,15.762
1994-09-19,,15.45,17.21,16.33,15.978
1994-09-20,,15.78,17.24,16.51,16.218
1994-09-21,,15.8,17.06,16.43,16.178
1994-09-22,,15.9,17.65,16.775,16.425
1994-09-23,,16.3,17.76,17.03,16.738
1994-09-26,,16.1,17.68,16.89,16.574
1994-09-27,,16.1,17.48,16.79,16.514
1994-09-28,,16.2,17.69,16.945,16.647
1994-09-29,,16.6,17.96,17.28,17.008
1994-09-30,,16.73,18.36,17.545,17.219
1994-10-03,,16.85,18.16,17.505,17.243
1994-10-04,,16.7,17.97,17.335,17.081
1994-10-05,,16.5,18.01,17.255,16.953
1994-10-06,,16.63,18.24,17.435,17.113
1994-10-07,,16.93,18.27,17.6,17.332
1994-10-10,,16.7,17.95,17.325,17.075
1994-10-11,,16.38,17.74,17.06,16.788
1994-10-12,,16.08,17.13,16.605,16.395
1994-10-13,,15.63,17.03,16.33,16.05
1994-10-14,,15.58,16.98,16.28,16
1994-10-17,,15.75,17.11,16.43,16.158
1994-10-18,,16.13,17.34,16.735,16.493
1994-10-19,,16.28,17.43,16.855,16.625
1994-10-20,,16.53,17.57,17.05,16.842
1994-10-21,,16.35,17.31,16.83,16.638
1994-10-24,,16.48,17.5,16.99,16.786
1994-10-25,,16.48,17.71,17.095,16.849
1994-10-26,,16.88,18.01,17.445,17.219
1994-10-27,,17.08,18.17,17.625,17.407
1994-10-28,,17.18,18.25,17.715,17.501
1994-10-31,,17.18,18.16,17.67,17.474
1994-11-01,,17.4,18.66,18.03,17.778
1994-11-02,,17.58,18.9,18.24,17.976
1994-11-03,,17.75,18.97,18.36,18.116
1994-11-04,,18,18.76,18.38,18.228
1994-11-07,,17.78,18.38,18.08,17.96
1994-11-08,,17.38,18.46,17.92,17.704
1994-11-09,,17.55,18.16,17.855,17.733
1994-11-10,,17.2,18.18,17.69,17.494
1994-11-11,,17.38,18.07,17.725,17.587
1994-11-14,,17.25,17.48,17.365,17.319
1994-11-15,,16.98,17.58,17.28,17.16
1994-11-16,,16.8,17.38,17.09,16.974
1994-11-17,,16.53,17.63,17.08,16.86
1994-11-18,,16.45,17.47,16.96,16.756
1994-11-21,,17.25,17.43,17.34,17.304
1994-11-22,,17.2,17.7,17.45,17.35
1994-11-23,,16.88,18.05,17.465,17.231
1994-11-24,,16.95,,,
1994-11-25,,17,,,
1994-11-28,,16.95,18.1,17.525,17.295
1994-11-29,,17,17.97,17.485,17.291
1994-11-30,,16.95,18.06,17.505,17.283
1994-12-01,,16.98,17.77,17.375,17.217
1994-12-02,,16.35,17,16.675,16.545
1994-12-05,,15.93,16.88,16.405,16.215
1994-12-06,,16.05,16.93,16.49,16.314
1994-12-07,,15.83,16.86,16.345,16.139
1994-12-08,,16.13,17.14,16.635,16.433
1994-12-09,,16.08,17.12,16.6,16.392
1994-12-12,,15.98,16.92,16.45,16.262
1994-12-13,,15.73,16.98,16.355,16.105
1994-12-14,,15.83,16.96,16.395,16.169
1994-12-15,,15.6,16.6,16.1,15.9
1994-12-16,,15.48,16.84,16.16,15.888
1994-12-19,,15.58,16.91,16.245,15.979
1994-12-20,,15.73,16.98,16.355,16.105
1994-12-21,,15.65,17.07,16.36,16.076
1994-12-22,,15.6,17.15,16.375,16.065
1994-12-23,,15.55,17.41,16.48,16.108
1994-12-27,,,17.63,,
1994-12-28,,16.08,17.74,16.91,16.578
1994-12-29,,16.25,17.69,16.97,16.682
1994-12-30,,16.23,17.77,17,16.692
1995-01-03,,15.88,17.45,16.665,16.351
1995-01-04,,15.93,17.56,16.745,16.419
1995-01-05,,16.13,17.76,16.945,16.619
1995-01-06,,16.35,17.69,17.02,16.752
1995-01-09,,16.08,17.4,16.74,16.476
1995-01-10,,16,17.42,16.71,16.426
1995-01-11,,16.4,17.7,17.05,16.79
1995-01-12,,16.48,17.72,17.1,16.852
1995-01-13,,16.2,17.52,16.86,16.596
1995-01-16,,16.38,17.89,17.135,16.833
1995-01-17,,16.78,18.47,17.625,17.287
1995-01-18,,16.95,18.72,17.835,17.481
1995-01-19,,17.08,18.7,17.89,17.566
1995-01-20,,17.23,18.46,17.845,17.599
1995-01-23,,17,18.16,17.58,17.348
1995-01-24,,17.15,18.53,17.84,17.564
1995-01-25,,16.98,18.82,17.9,17.532
1995-01-26,,16.73,18.23,17.48,17.18
1995-01-27,,16.38,17.95,17.165,16.851
1995-01-30,,16.68,18.2,17.44,17.136
1995-01-31,,16.8,18.48,17.64,17.304
1995-02-01,,17.05,18.48,17.765,17.479
1995-02-02,,17,18.54,17.77,17.462
1995-02-03,,17.4,18.78,18.09,17.814
1995-02-06,,17.08,18.58,17.83,17.53
1995-02-07,,17.05,18.43,17.74,17.464
1995-02-08,,17.03,18.36,17.695,17.429
1995-02-09,,16.85,18.28,17.565,17.279
1995-02-10,,16.85,18.47,17.66,17.336
1995-02-13,,16.88,18.29,17.585,17.303
1995-02-14,,17,18.44,17.72,17.432
1995-02-15,,17.1,18.46,17.78,17.508
1995-02-16,,17.13,18.63,17.88,17.58
1995-02-17,,17.4,18.94,18.17,17.862
1995-02-20,,17.43,,,
1995-02-21,,17.18,18.86,18.02,17.684
1995-02-22,,17.08,18.84,17.96,17.608
1995-02-23,,17.1,18.59,17.845,17.547
1995-02-24,,17.1,18.7,17.9,17.58
1995-02-27,,17.35,18.64,17.995,17.737
1995-02-28,,17.23,18.52,17.875,17.617
1995-03-01,,16.85,18.31,17.58,17.288
1995-03-02,,16.55,18.4,17.475,17.105
1995-03-03,,16.68,18.63,17.655,17.265
1995-03-06,,16.75,18.56,17.655,17.293
1995-03-07,,16.85,18.59,17.72,17.372
1995-03-08,,16.73,18.3,17.515,17.201
1995-03-09,,16.65,17.98,17.315,17.049
1995-03-10,,16.5,17.92,17.21,16.926
1995-03-13,,16.3,18.19,17.245,16.867
1995-03-14,,16.33,17.9,17.115,16.801
1995-03-15,,16.38,18.12,17.25,16.902
1995-03-16,,16.5,18.18,17.34,17.004
1995-03-17,,16.55,18.27,17.41,17.066
1995-03-20,,16.83,18.58,17.705,17.355
1995-03-21,,16.8,18.44,17.62,17.292
1995-03-22,,17.08,18.91,17.995,17.629
1995-03-23,,17.48,18.85,18.165,17.891
1995-03-24,,17.65,18.68,18.165,17.959
1995-03-27,,17.83,19.08,18.455,18.205
1995-03-28,,17.85,18.95,18.4,18.18
1995-03-29,,18.05,19.21,18.63,18.398
1995-03-30,,17.98,19.17,18.575,18.337
1995-03-31,,17.98,19.18,18.58,18.34
1995-04-03,,17.88,19.05,18.465,18.231
1995-04-04,,18.03,19.11,18.57,18.354
1995-04-05,,18.35,19.57,18.96,18.716
1995-04-06,,18.5,19.74,19.12,18.872
1995-04-07,,18.45,19.67,19.06,18.816
1995-04-10,,18.15,19.61,18.88,18.588
1995-04-11,,18.63,19.84,19.235,18.993
1995-04-12,,18.73,19.5,19.115,18.961
1995-04-13,,17.98,19.16,18.57,18.334
1995-04-17,,,19.8,,
1995-04-18,,18.55,20.14,19.345,19.027
1995-04-19,,18.73,20.4,19.565,19.231
1995-04-20,,19.15,20.52,19.835,19.561
1995-04-21,,19.18,20.46,19.82,19.564
1995-04-24,,19.05,20.13,19.59,19.374
1995-04-25,,19.35,20.31,19.83,19.638
1995-04-26,,18.9,20.18,19.54,19.284
1995-04-27,,19.08,20.48,19.78,19.5
1995-04-28,,18.98,20.36,19.67,19.394
1995-05-01,,19.38,20.53,19.955,19.725
1995-05-02,,18.83,20.18,19.505,19.235
1995-05-03,,18.33,19.88,19.105,18.795
1995-05-04,,18.68,20.3,19.49,19.166
1995-05-05,,18.85,20.33,19.59,19.294
1995-05-08,,18.78,20.32,19.55,19.242
1995-05-09,,18.12,19.67,18.895,18.585
1995-05-10,,18.1,19.76,18.93,18.598
1995-05-11,,18.08,19.4,18.74,18.476
1995-05-12,,18.23,19.55,18.89,18.626
1995-05-15,,18.43,19.91,19.17,18.874
1995-05-16,,18.53,20.01,19.27,18.974
1995-05-17,,18.5,19.94,19.22,18.932
1995-05-18,,18.23,19.99,19.11,18.758
1995-05-19,,18.43,20.06,19.245,18.919
1995-05-22,,18.38,19.86,19.12,18.824
1995-05-23,,18.48,19.81,19.145,18.879
1995-05-24,,18.55,19.34,18.945,18.787
1995-05-25,,18,19.12,18.56,18.336
1995-05-26,,17.8,18.7,18.25,18.07
1995-05-30,,17.43,18.78,18.105,17.835
1995-05-31,,17.58,18.88,18.23,17.97
1995-06-01,,17.7,18.89,18.295,18.057
1995-06-02,,17.9,19.14,18.52,18.272
1995-06-05,,18.23,19.25,18.74,18.536
1995-06-06,,17.95,19.16,18.555,18.313
1995-06-07,,18.13,19.08,18.605,18.415
1995-06-08,,17.93,18.94,18.435,18.233
1995-06-09,,17.68,18.83,18.255,18.025
1995-06-12,,17.63,18.87,18.25,18.002
1995-06-13,,17.83,18.93,18.38,18.16
1995-06-14,,17.63,19.05,18.34,18.056
1995-06-15,,17.95,18.9,18.425,18.235
1995-06-16,,17.75,18.8,18.275,18.065
1995-06-19,,16.93,18.23,17.58,17.32
1995-06-20,,16.98,18.01,17.495,17.289
1995-06-21,,16.5,17.59,17.045,16.827
1995-06-22,,16.55,17.76,17.155,16.913
1995-06-23,,16.4,17.81,17.105,16.823
1995-06-26,,16.55,17.67,17.11,16.886
1995-06-27,,16.63,17.95,17.29,17.026
1995-06-28,,16.95,17.98,17.465,17.259
1995-06-29,,16.5,17.59,17.045,16.827
1995-06-30,,16.58,17.38,16.98,16.82
1995-07-03,,16.35,17.33,16.84,16.644
1995-07-04,,15.93,,,
1995-07-05,,16,17.21,16.605,16.363
1995-07-06,,16.15,17.42,16.785,16.531
1995-07-07,,16.1,17.14,16.62,16.412
1995-07-10,,15.88,17.35,16.615,16.321
1995-07-11,,15.93,17.31,16.62,16.344
1995-07-12,,16.03,17.49,16.76,16.468
1995-07-13,,15.98,17.25,16.615,16.361
1995-07-14,,15.8,17.32,16.56,16.256
1995-07-17,,15.73,17.28,16.505,16.195
1995-07-18,,15.68,17.33,16.505,16.175
1995-07-19,,15.8,17.33,16.565,16.259
1995-07-20,,15.68,17.03,16.355,16.085
1995-07-21,,15.35,17.07,16.21,15.866
1995-07-24,,15.38,17.17,16.275,15.917
1995-07-25,,15.48,17.45,16.465,16.071
1995-07-26,,16,17.47,16.735,16.441
1995-07-27,,15.98,17.51,16.745,16.439
1995-07-28,,15.93,17.43,16.68,16.38
1995-07-31,,15.78,17.62,16.7,16.332
1995-08-01,,16.1,17.59,16.845,16.547
1995-08-02,,16.13,17.95,17.04,16.676
1995-08-03,,15.99,17.72,16.855,16.509
1995-08-04,,16.08,17.74,16.91,16.578
1995-08-07,,15.9,17.65,16.775,16.425
1995-08-08,,16,17.86,16.93,16.558
1995-08-09,,16.13,17.77,16.95,16.622
1995-08-10,,16.08,17.91,16.995,16.629
1995-08-11,,16.23,17.86,17.045,16.719
1995-08-14,,15.93,17.48,16.705,16.395
1995-08-15,,15.85,17.4,16.625,16.315
1995-08-16,,15.78,17.59,16.685,16.323
1995-08-17,,15.85,17.65,16.75,16.39
1995-08-18,,16.03,17.87,16.95,16.582
1995-08-21,,16.25,18.26,17.255,16.853
1995-08-22,,16.23,18.54,17.385,16.923
1995-08-23,,16.5,18.79,17.645,17.187
1995-08-24,,16.3,19.6,17.95,17.29
1995-08-25,,16.15,19.91,18.03,17.278
1995-08-28,,,17.84,,
1995-08-29,,16.23,17.87,17.05,16.722
1995-08-30,,16.18,17.74,16.96,16.648
1995-08-31,,16.2,17.89,17.045,16.707
1995-09-01,,16.25,18.08,17.165,16.799
1995-09-04,,16.62,,,
1995-09-05,,16.68,18.49,17.585,17.223
1995-09-06,,16.63,18.27,17.45,17.122
1995-09-07,,16.6,18.27,17.435,17.101
1995-09-08,,16.93,18.44,17.685,17.383
1995-09-11,,16.75,18.49,17.62,17.272
1995-09-12,,16.9,18.76,17.83,17.458
1995-09-13,,16.85,18.53,17.69,17.354
1995-09-14,,17,18.87,17.935,17.561
1995-09-15,,17.18,18.94,18.06,17.708
1995-09-18,,17.23,18.92,18.075,17.737
1995-09-19,,17.23,19.01,18.12,17.764
1995-09-20,,17,18.53,17.765,17.459
1995-09-21,,16.6,17.89,17.245,16.987
1995-09-22,,16.4,17.27,16.835,16.661
1995-09-25,,16.18,17.38,16.78,16.54
1995-09-26,,16.15,17.47,16.81,16.546
1995-09-27,,16.28,17.64,16.96,16.688
1995-09-28,,16.65,17.72,17.185,16.971
1995-09-29,,16.58,17.54,17.06,16.868
1995-10-02,,16.55,17.67,17.11,16.886
1995-10-03,,16.58,17.56,17.07,16.874
1995-10-04,,16.4,17.32,16.86,16.676
1995-10-05,,15.85,16.86,16.355,16.153
1995-10-06,,15.75,17.03,16.39,16.134
1995-10-09,,16,17.36,16.68,16.408
1995-10-10,,15.95,17.29,16.62,16.352
1995-10-11,,16.05,17.28,16.665,16.419
1995-10-12,,15.9,17.08,16.49,16.254
1995-10-13,,15.98,17.38,16.68,16.4
1995-10-16,,16.15,17.6,16.875,16.585
1995-10-17,,16.03,17.59,16.81,16.498
1995-10-18,,15.98,17.57,16.775,16.457
1995-10-19,,15.85,17.34,16.595,16.297
1995-10-20,,15.8,17.44,16.62,16.292
1995-10-23,,15.88,17.48,16.68,16.36
1995-10-24,,16.08,17.61,16.845,16.539
1995-10-25,,15.98,17.58,16.78,16.46
1995-10-26,,16.3,17.61,16.955,16.693
1995-10-27,,16.35,17.54,16.945,16.707
1995-10-30,,16.45,17.67,17.06,16.816
1995-10-31,,16.58,17.67,17.125,16.907
1995-11-01,,16.53,17.74,17.135,16.893
1995-11-02,,16.83,17.94,17.385,17.163
1995-11-03,,16.88,17.93,17.405,17.195
1995-11-06,,16.78,17.68,17.23,17.05
1995-11-07,,16.7,17.62,17.16,16.976
1995-11-08,,16.75,17.82,17.285,17.071
1995-11-09,,16.9,17.83,17.365,17.179
1995-11-10,,16.83,17.83,17.33,17.13
1995-11-13,,16.63,17.78,17.205,16.975
1995-11-14,,16.58,17.89,17.235,16.973
1995-11-15,,16.73,17.92,17.325,17.087
1995-11-16,,16.78,18.16,17.47,17.194
1995-11-17,,17.03,18.56,17.795,17.489
1995-11-20,,16.8,18.14,17.47,17.202
1995-11-21,,16.6,17.89,17.245,16.987
1995-11-22,,16.9,17.93,17.415,17.209
1995-11-23,,16.88,,,
1995-11-24,,16.93,,,
1995-11-27,,17.2,18.37,17.785,17.551
1995-11-28,,17.25,18.28,17.765,17.559
1995-11-29,,17.3,18.27,17.785,17.591
1995-11-30,,17.13,18.27,17.7,17.472
1995-12-01,,17.18,18.43,17.805,17.555
1995-12-04,,17.35,18.61,17.98,17.728
1995-12-05,,17.53,18.66,18.095,17.869
1995-12-06,,17.55,18.76,18.155,17.913
1995-12-07,,17.48,18.69,18.085,17.843
1995-12-08,,17.73,18.97,18.35,18.102
1995-12-11,,17.68,18.62,18.15,17.962
1995-12-12,,17.48,18.8,18.14,17.876
1995-12-13,,17.7,19.01,18.355,18.093
1995-12-14,,17.9,19.14,18.52,18.272
1995-12-15,,18.15,19.51,18.83,18.558
1995-12-18,,18.33,19.71,19.02,18.744
1995-12-19,,18.03,19.05,18.54,18.336
1995-12-20,,18.05,18.87,18.46,18.296
1995-12-21,,18.1,18.83,18.465,18.319
1995-12-22,,18.18,19.12,18.65,18.462
1995-12-26,,,19.25,,
1995-12-27,,18.73,19.49,19.11,18.958
1995-12-28,,18.78,19.47,19.125,18.987
1995-12-29,,18.65,19.54,19.095,18.917
1996-01-02,,18.95,19.83,19.39,19.214
1996-01-03,,19.15,19.9,19.525,19.375
1996-01-04,,19.13,19.96,19.545,19.379
1996-01-05,,19.5,20.26,19.88,19.728
1996-01-08,,19.68,20.5,20.09,19.926
1996-01-09,,19.05,19.86,19.455,19.293
1996-01-10,,18.48,19.66,19.07,18.834
1996-01-11,,17.85,18.87,18.36,18.156
1996-01-12,,17.58,18.28,17.93,17.79
1996-01-15,,17.5,18.42,17.96,17.776
1996-01-16,,17.73,18.12,17.925,17.847
1996-01-17,,17.43,18.58,18.005,17.775
1996-01-18,,17.88,19.12,18.5,18.252
1996-01-19,,17.53,18.94,18.235,17.953
1996-01-22,,17.53,18.49,18.01,17.818
1996-01-23,,17.38,18.58,17.98,17.74
1996-01-24,,17.33,18.95,18.14,17.816
1996-01-25,,17,18.06,17.53,17.318
1996-01-26,,16.7,17.68,17.19,16.994
1996-01-29,,16.23,17.33,16.78,16.56
1996-01-30,,16.53,17.65,17.09,16.866
1996-01-31,,16.63,17.76,17.195,16.969
1996-02-01,,16.78,17.63,17.205,17.035
1996-02-02,,17.05,17.83,17.44,17.284
1996-02-05,,16.93,17.53,17.23,17.11
1996-02-06,,16.83,17.74,17.285,17.103
1996-02-07,,16.93,17.71,17.32,17.164
1996-02-08,,17.05,17.79,17.42,17.272
1996-02-09,,17.23,17.83,17.53,17.41
1996-02-12,,17.18,18.01,17.595,17.429
1996-02-13,,18.08,18.96,18.52,18.344
1996-02-14,,18.28,18.86,18.57,18.454
1996-02-15,,18.18,19.02,18.6,18.432
1996-02-16,,18.2,19.16,18.68,18.488
1996-02-19,,18.2,,,
1996-02-20,,18.58,21.07,19.825,19.327
1996-02-21,,19.05,21.63,20.34,19.824
1996-02-22,,19.28,22.14,20.71,20.138
1996-02-23,,18.85,20.97,19.91,19.486
1996-02-26,,18.85,19.45,19.15,19.03
1996-02-27,,19,19.65,19.325,19.195
1996-02-28,,18.65,19.3,18.975,18.845
1996-02-29,,18.8,19.59,19.195,19.037
1996-03-01,,18.55,19.45,19,18.82
1996-03-04,,18.4,19.24,18.82,18.652
1996-03-05,,18.75,19.65,19.2,19.02
1996-03-06,,19.18,20.16,19.67,19.474
1996-03-07,,19.03,19.87,19.45,19.282
1996-03-08,,18.85,19.66,19.255,19.093
1996-03-11,,18.93,19.92,19.425,19.227
1996-03-12,,19.3,20.42,19.86,19.636
1996-03-13,,19.58,20.49,20.035,19.853
1996-03-14,,19.4,21.18,20.29,19.934
1996-03-15,,19.3,21.99,20.645,20.107
1996-03-18,,20.5,23.23,21.865,21.319
1996-03-19,,20.35,24.56,22.455,21.613
1996-03-20,,20.38,22.74,21.56,21.088
1996-03-21,,20.35,22.44,21.395,20.977
1996-03-22,,21.15,22.85,22,21.66
1996-03-25,,21.3,23.23,22.265,21.879
1996-03-26,,21.68,22.38,22.03,21.89
1996-03-27,,21.33,21.64,21.485,21.423
1996-03-28,,20.25,21.45,20.85,20.61
1996-03-29,,20.33,21.43,20.88,20.66
1996-04-01,,20.8,22.29,21.545,21.247
1996-04-02,,21.18,22.68,21.93,21.63
1996-04-03,,20.93,22.22,21.575,21.317
1996-04-04,,20.85,22.75,21.8,21.42
1996-04-08,,,23.01,,
1996-04-09,,21.43,23.23,22.33,21.97
1996-04-10,,22.63,24.08,23.355,23.065
1996-04-11,,23.9,25.15,24.525,24.275
1996-04-12,,22.73,24.29,23.51,23.198
1996-04-15,,22.68,25.13,23.905,23.415
1996-04-16,,21.2,24.48,22.84,22.184
1996-04-17,,19.88,24.67,22.275,21.317
1996-04-18,,19.33,23.47,21.4,20.572
1996-04-19,,19.53,23.96,21.745,20.859
1996-04-22,,19.38,23.94,21.66,20.748
1996-04-23,,20.88,24.39,22.635,21.933
1996-04-24,,20.73,24,22.365,21.711
1996-04-25,,20.35,24.35,22.35,21.55
1996-04-26,,20.05,22.33,21.19,20.734
1996-04-29,,20.05,22.07,21.06,20.656
1996-04-30,,19.5,20.95,20.225,19.935
1996-05-01,,18.95,20.81,19.88,19.508
1996-05-02,,19.45,20.78,20.115,19.849
1996-05-03,,19.38,21.19,20.285,19.923
1996-05-06,,,21.06,,
1996-05-07,,20.08,21.07,20.575,20.377
1996-05-08,,19.85,21.13,20.49,20.234
1996-05-09,,19.35,20.65,20,19.74
1996-05-10,,19.23,21.01,20.12,19.764
1996-05-13,,19.48,21.23,20.355,20.005
1996-05-14,,19.63,21.35,20.49,20.146
1996-05-15,,19.5,21.28,20.39,20.034
1996-05-16,,18.63,20.79,19.71,19.278
1996-05-17,,18.05,20.64,19.345,18.827
1996-05-20,,18.63,22.28,20.455,19.725
1996-05-21,,18.7,21.95,20.325,19.675
1996-05-22,,19.4,23.02,21.21,20.486
1996-05-23,,19.53,22.35,20.94,20.376
1996-05-24,,19.73,21.58,20.655,20.285
1996-05-28,,19.53,21.1,20.315,20.001
1996-05-29,,18.95,20.65,19.8,19.46
1996-05-30,,18.1,19.95,19.025,18.655
1996-05-31,,18.1,19.77,18.935,18.601
1996-06-03,,18.25,19.86,19.055,18.733
1996-06-04,,18.5,20.28,19.39,19.034
1996-06-05,,18.2,19.73,18.965,18.659
1996-06-06,,18.18,20.06,19.12,18.744
1996-06-07,,18.4,20.28,19.34,18.964
1996-06-10,,18.48,20.18,19.33,18.99
1996-06-11,,18.28,20.13,19.205,18.835
1996-06-12,,18.23,20.13,19.18,18.8
1996-06-13,,17.98,20.03,19.005,18.595
1996-06-14,,17.83,20.28,19.055,18.565
1996-06-17,,18.7,21.43,20.065,19.519
1996-06-18,,18.8,21.53,20.165,19.619
1996-06-19,,18.4,20.73,19.565,19.099
1996-06-20,,18.43,20.68,19.555,19.105
1996-06-21,,18.45,20.38,19.415,19.029
1996-06-24,,18.38,20.1,19.24,18.896
1996-06-25,,18.38,20.13,19.255,18.905
1996-06-26,,18.6,20.63,19.615,19.209
1996-06-27,,19.38,20.98,20.18,19.86
1996-06-28,,19.28,20.92,20.1,19.772
1996-07-01,,19.77,21.48,20.625,20.283
1996-07-02,,19.43,21.08,20.255,19.925
1996-07-03,,19.13,21.38,20.255,19.805
1996-07-04,,19.77,,,
1996-07-05,,19.99,21.65,20.82,20.488
1996-07-08,,19.62,21.33,20.475,20.133
1996-07-09,,19.63,21.52,20.575,20.197
1996-07-10,,19.8,21.56,20.68,20.328
1996-07-11,,20.01,21.96,20.985,20.595
1996-07-12,,19.93,21.9,20.915,20.521
1996-07-15,,20.2,22.43,21.315,20.869
1996-07-16,,20.3,22.28,21.29,20.894
1996-07-17,,19.75,21.65,20.7,20.32
1996-07-18,,19.95,21.68,20.815,20.469
1996-07-19,,19.45,20.95,20.2,19.9
1996-07-22,,19.23,21.05,20.14,19.776
1996-07-23,,19.5,21.58,20.54,20.124
1996-07-24,,19.36,20.97,20.165,19.843
1996-07-25,,19.5,21.05,20.275,19.965
1996-07-26,,18.92,20.13,19.525,19.283
1996-07-29,,18.99,20.28,19.635,19.377
1996-07-30,,18.9,20.28,19.59,19.314
1996-07-31,,19,20.46,19.73,19.438
1996-08-01,,18.84,20.95,19.895,19.473
1996-08-02,,19.63,21.35,20.49,20.146
1996-08-05,,19.65,21.25,20.45,20.13
1996-08-06,,19.45,21.08,20.265,19.939
1996-08-07,,19.48,21.35,20.415,20.041
1996-08-08,,20.03,21.45,20.74,20.456
1996-08-09,,20.05,21.6,20.825,20.515
1996-08-12,,20.65,22.25,21.45,21.13
1996-08-13,,21.03,22.35,21.69,21.426
1996-08-14,,20.9,22.1,21.5,21.26
1996-08-15,,20.88,21.95,21.415,21.201
1996-08-16,,21.3,22.6,21.95,21.69
1996-08-19,,21.58,23.1,22.34,22.036
1996-08-20,,21.35,22.53,21.94,21.704
1996-08-21,,20.8,22.15,21.475,21.205
1996-08-22,,21.25,22.48,21.865,21.619
1996-08-23,,20.78,22.23,21.505,21.215
1996-08-26,,,21.55,,
1996-08-27,,20.45,21.35,20.9,20.72
1996-08-28,,20.68,21.75,21.215,21.001
1996-08-29,,21,22.2,21.6,21.36
1996-08-30,,20.98,22.25,21.615,21.361
1996-09-02,,22.23,,,
1996-09-03,,21.9,23.35,22.625,22.335
1996-09-04,,22.2,23.25,22.725,22.515
1996-09-05,,22.15,23.45,22.8,22.54
1996-09-06,,22.43,23.85,23.14,22.856
1996-09-09,,22.25,23.75,23,22.7
1996-09-10,,22.68,24.15,23.415,23.121
1996-09-11,,23.3,24.75,24.025,23.735
1996-09-12,,23.35,24.95,24.15,23.83
1996-09-13,,23.83,24.5,24.165,24.031
1996-09-16,,22.6,23.3,22.95,22.81
1996-09-17,,21.7,23.4,22.55,22.21
1996-09-18,,22.38,23.85,23.115,22.821
1996-09-19,,22.08,23.45,22.765,22.491
1996-09-20,,21.78,23.6,22.69,22.326
1996-09-23,,22.15,23.83,22.99,22.654
1996-09-24,,22.78,24.55,23.665,23.311
1996-09-25,,23.05,24.6,23.825,23.515
1996-09-26,,23.35,24.05,23.7,23.56
1996-09-27,,22.9,24.6,23.75,23.41
1996-09-30,,24.15,24.2,24.175,24.165
1996-10-01,,23.18,24.35,23.765,23.531
1996-10-02,,23.13,24.05,23.59,23.406
1996-10-03,,23.63,24.85,24.24,23.996
1996-10-04,,23.88,24.75,24.315,24.141
1996-10-07,,24.28,25.25,24.765,24.571
1996-10-08,,24.55,25.45,25,24.82
1996-10-09,,24.58,25,24.79,24.706
1996-10-10,,23.63,24.3,23.965,23.831
1996-10-11,,23.85,24.65,24.25,24.09
1996-10-14,,24.75,25.5,25.125,24.975
1996-10-15,,24.58,25.45,25.015,24.841
1996-10-16,,24.5,25.1,24.8,24.68
1996-10-17,,24.83,25.4,25.115,25.001
1996-10-18,,25.18,25.8,25.49,25.366
1996-10-21,,25.08,25.85,25.465,25.311
1996-10-22,,25.4,25.79,25.595,25.517
1996-10-23,,24.6,24.78,24.69,24.654
1996-10-24,,24.28,24.55,24.415,24.361
1996-10-25,,24.13,24.8,24.465,24.331
1996-10-28,,24.45,24.75,24.6,24.54
1996-10-29,,23.3,24.15,23.725,23.555
1996-10-30,,23.15,24.4,23.775,23.525
1996-10-31,,22.8,23.25,23.025,22.935
1996-11-01,,22.3,23,22.65,22.51
1996-11-04,,22.1,22.8,22.45,22.31
1996-11-05,,21.85,22.65,22.25,22.09
1996-11-06,,21.85,22.75,22.3,22.12
1996-11-07,,21.75,22.8,22.275,22.065
1996-11-08,,22.4,23.6,23,22.76
1996-11-11,,22.7,23.35,23.025,22.895
1996-11-12,,22.38,23.4,22.89,22.686
1996-11-13,,22.88,24.25,23.565,23.291
1996-11-14,,23.18,24.35,23.765,23.531
1996-11-15,,23.28,24.15,23.715,23.541
1996-11-18,,22.75,23.85,23.3,23.08
1996-11-19,,23.13,24.5,23.815,23.541
1996-11-20,,23.4,23.75,23.575,23.505
1996-11-21,,22.9,23.9,23.4,23.2
1996-11-22,,23.86,24.15,24.005,23.947
1996-11-25,,23.22,25.75,24.485,23.979
1996-11-26,,22.78,23.7,23.24,23.056
1996-11-27,,23.07,23.7,23.385,23.259
1996-11-28,,23,,,
1996-11-29,,23.17,23.7,23.435,23.329
1996-12-02,,23.5,24.7,24.1,23.86
1996-12-03,,24.12,24.8,24.46,24.324
1996-12-04,,24.21,25,24.605,24.447
1996-12-05,,24.49,25.6,25.045,24.823
1996-12-06,,24.56,25.6,25.08,24.872
1996-12-09,,24.18,25.15,24.665,24.471
1996-12-10,,23.74,24.25,23.995,23.893
1996-12-11,,22.95,23.4,23.175,23.085
1996-12-12,,22.65,23.75,23.2,22.98
1996-12-13,,22.83,24.45,23.64,23.316
1996-12-16,,23.98,25.7,24.84,24.496
1996-12-17,,24.05,25.7,24.875,24.545
1996-12-18,,23.69,26.05,24.87,24.398
1996-12-19,,24.18,26.55,25.365,24.891
1996-12-20,,23.96,26.1,25.03,24.602
1996-12-23,,23.51,26.4,24.955,24.377
1996-12-24,,23.66,25.05,24.355,24.077
1996-12-26,,,25.1,,
1996-12-27,,23.55,25.2,24.375,24.045
1996-12-30,,23.95,25.35,24.65,24.37
1996-12-31,,23.9,25.9,24.9,24.5
1997-01-02,,24.45,25.55,25,24.78
1997-01-03,,24.19,25.55,24.87,24.598
1997-01-06,,24.76,26.25,25.505,25.207
1997-01-07,,24.76,26.25,25.505,25.207
1997-01-08,,24.78,26.55,25.665,25.311
1997-01-09,,24.83,26.3,25.565,25.271
1997-01-10,,24.22,26.15,25.185,24.799
1997-01-13,,23.41,25.2,24.305,23.947
1997-01-14,,,25.1,,
1997-01-15,,23.31,25.95,24.63,24.102
1997-01-16,,23.31,25.45,24.38,23.952
1997-01-17,,22.87,25.4,24.135,23.629
1997-01-20,,22.86,25.1,23.98,23.532
1997-01-21,,22.98,24.8,23.89,23.526
1997-01-22,,22.93,24.4,23.665,23.371
1997-01-23,,22.93,23.85,23.39,23.206
1997-01-24,,22.8,23.85,23.325,23.115
1997-01-27,,22.56,23.85,23.205,22.947
1997-01-28,,22.62,23.9,23.26,23.004
1997-01-29,,23.01,24.5,23.755,23.457
1997-01-30,,23.43,24.8,24.115,23.841
1997-01-31,,23.28,24.15,23.715,23.541
1997-02-03,,22.91,24.2,23.555,23.297
1997-02-04,,22.65,24,23.325,23.055
1997-02-05,,22.69,23.9,23.295,23.053
1997-02-06,,21.86,23.05,22.455,22.217
1997-02-07,,,22.3,,
1997-02-10,,20.73,22.45,21.59,21.246
1997-02-11,,21.25,22.35,21.8,21.58
1997-02-12,,21.15,21.75,21.45,21.33
1997-02-13,,20.47,22.1,21.285,20.959
1997-02-14,,20.56,22.4,21.48,21.112
1997-02-17,,20.48,,,
1997-02-18,,20.56,22.5,21.53,21.142
1997-02-19,,20.98,22.65,21.815,21.481
1997-02-20,,20.57,21.95,21.26,20.984
1997-02-21,,20.13,21.6,20.865,20.571
1997-02-24,,19.87,21,20.435,20.209
1997-02-25,,20.08,20.95,20.515,20.341
1997-02-26,,19.82,21.1,20.46,20.204
1997-02-27,,19.96,20.8,20.38,20.212
1997-02-28,,19.44,20.3,19.87,19.698
1997-03-03,,19.1,20.25,19.675,19.445
1997-03-04,,19.4,20.75,20.075,19.805
1997-03-05,,19.38,20.5,19.94,19.716
1997-03-06,,19.55,21,20.275,19.985
1997-03-07,,,21.35,,
1997-03-10,,19.21,20.5,19.855,19.597
1997-03-11,,18.57,20.15,19.36,19.044
1997-03-12,,18.98,20.6,19.79,19.466
1997-03-13,,19.3,20.65,19.975,19.705
1997-03-14,,19.44,21.3,20.37,19.998
1997-03-17,,18.98,20.9,19.94,19.556
1997-03-18,,19.54,22,20.77,20.278
1997-03-19,,20,22,21,20.6
1997-03-20,,19.62,22,20.81,20.334
1997-03-21,,19.39,21.7,20.545,20.083
1997-03-24,,18.93,21,19.965,19.551
1997-03-25,,18.77,20.95,19.86,19.424
1997-03-26,,18.91,20.65,19.78,19.432
1997-03-27,,18.53,20.7,19.615,19.181
1997-03-28,,18.53,,,
1997-03-31,,18.53,20.35,19.44,19.076
1997-04-01,,18.15,20.3,19.225,18.795
1997-04-02,,17.97,19.55,18.76,18.444
1997-04-03,,17.28,19.45,18.365,17.931
1997-04-04,,17.25,19.15,18.2,17.82
1997-04-07,,16.92,19.25,18.085,17.619
1997-04-08,,16.98,19.35,18.165,17.691
1997-04-09,,17.02,19.25,18.135,17.689
1997-04-10,,17.25,19.55,18.4,17.94
1997-04-11,,17.54,19.5,18.52,18.128
1997-04-14,,17.61,19.9,18.755,18.297
1997-04-15,,17.53,19.6,18.565,18.151
1997-04-16,,17.24,19.35,18.295,17.873
1997-04-17,,17,19.5,18.25,17.75
1997-04-18,,17.26,19.9,18.58,18.052
1997-04-21,,17.74,20.35,19.045,18.523
1997-04-22,,17.72,19.6,18.66,18.284
1997-04-23,,17.46,19.65,18.555,18.117
1997-04-24,,17.8,19.85,18.825,18.415
1997-04-25,,18.07,19.8,18.935,18.589
1997-04-28,,17.92,19.85,18.885,18.499
1997-04-29,,18.27,20.4,19.335,18.909
1997-04-30,,18.25,20.2,19.225,18.835
1997-05-01,,18.24,19.9,19.07,18.738
1997-05-02,,17.7,19.6,18.65,18.27
1997-05-05,,17.72,19.6,18.66,18.284
1997-05-06,,17.82,19.7,18.76,18.384
1997-05-07,,17.84,19.6,18.72,18.368
1997-05-08,,18.32,20.35,19.335,18.929
1997-05-09,,18.62,20.45,19.535,19.169
1997-05-12,,19.42,21.4,20.41,20.014
1997-05-13,,19.4,21.1,20.25,19.91
1997-05-14,,19.1,21.35,20.225,19.775
1997-05-15,,19.4,21.3,20.35,19.97
1997-05-16,,19.77,22.1,20.935,20.469
1997-05-19,,19.92,21.5,20.71,20.394
1997-05-20,,19.75,21.2,20.475,20.185
1997-05-21,,19.7,21.6,20.65,20.27
1997-05-22,,20.03,21.6,20.815,20.501
1997-05-23,,20.15,21.25,20.7,20.48
1997-05-27,,19.33,20.75,20.04,19.756
1997-05-28,,18.88,20.7,19.79,19.426
1997-05-29,,19.38,21.15,20.265,19.911
1997-05-30,,18.99,21,19.995,19.593
1997-06-02,,19.17,21.15,20.16,19.764
1997-06-03,,18.59,20.35,19.47,19.118
1997-06-04,,18.36,20.3,19.33,18.942
1997-06-05,,17.96,19.8,18.88,18.512
1997-06-06,,17.43,19,18.215,17.901
1997-06-09,,17.08,18.85,17.965,17.611
1997-06-10,,17.01,18.85,17.93,17.562
1997-06-11,,16.69,18.75,17.72,17.308
1997-06-12,,16.79,19,17.895,17.453
1997-06-13,,16.83,18.95,17.89,17.466
1997-06-16,,17.15,19.1,18.125,17.735
1997-06-17,,17.55,19.3,18.425,18.075
1997-06-18,,17.22,18.9,18.06,17.724
1997-06-19,,17.34,18.75,18.045,17.763
1997-06-20,,17.09,18.6,17.845,17.543
1997-06-23,,17.8,18.9,18.35,18.13
1997-06-24,,17.65,18.71,18.18,17.968
1997-06-25,,17.65,19.12,18.385,18.091
1997-06-26,,17.6,18.84,18.22,17.972
1997-06-27,,18,19.42,18.71,18.426
1997-06-30,,18.22,19.82,19.02,18.7
1997-07-01,,,20.11,,
1997-07-02,,18.83,20.39,19.61,19.298
1997-07-03,,18.18,19.48,18.83,18.57
1997-07-07,,18.28,19.53,18.905,18.655
1997-07-08,,,19.67,,
1997-07-09,,18.25,19.4,18.825,18.595
1997-07-10,,18.16,19.22,18.69,18.478
1997-07-11,,18,19.39,18.695,18.417
1997-07-14,,17.79,18.92,18.355,18.129
1997-07-15,,18.19,19.81,19,18.676
1997-07-16,,18.27,19.57,18.92,18.66
1997-07-17,,18.83,19.92,19.375,19.157
1997-07-18,,18.21,19.22,18.715,18.513
1997-07-21,,18.23,19.25,18.74,18.536
1997-07-22,,18.47,19.25,18.86,18.704
1997-07-23,,18.71,19.68,19.195,19.001
1997-07-24,,18.66,19.71,19.185,18.975
1997-07-25,,18.77,19.71,19.24,19.052
1997-07-28,,18.76,19.67,19.215,19.033
1997-07-29,,18.74,20.08,19.41,19.142
1997-07-30,,19.02,20.43,19.725,19.443
1997-07-31,,18.94,20.19,19.565,19.315
1997-08-01,,19.33,20.27,19.8,19.612
1997-08-04,,19.64,20.81,20.225,19.991
1997-08-05,,19.51,20.79,20.15,19.894
1997-08-06,,19.21,20.46,19.835,19.585
1997-08-07,,18.94,20.09,19.515,19.285
1997-08-08,,18.56,19.58,19.07,18.866
1997-08-11,,18.21,19.73,18.97,18.666
1997-08-12,,18.56,19.91,19.235,18.965
1997-08-13,,18.63,20.19,19.41,19.098
1997-08-14,,19,20.02,19.51,19.306
1997-08-15,,18.77,20.08,19.425,19.163
1997-08-18,,18.41,19.94,19.175,18.869
1997-08-19,,18.88,20.04,19.46,19.228
1997-08-20,,18.83,20.07,19.45,19.202
1997-08-21,,18.26,19.83,19.045,18.731
1997-08-22,,,19.7,,
1997-08-25,,17.87,19.29,18.58,18.296
1997-08-26,,17.58,19.31,18.445,18.099
1997-08-27,,17.83,19.65,18.74,18.376
1997-08-28,,17.91,19.59,18.75,18.414
1997-08-29,,17.98,19.66,18.82,18.484
1997-09-02,,18.22,19.73,18.975,18.673
1997-09-03,,18.12,19.65,18.885,18.579
1997-09-04,,17.92,19.46,18.69,18.382
1997-09-05,,18.15,19.61,18.88,18.588
1997-09-08,,18.03,19.43,18.73,18.45
1997-09-09,,18.18,19.5,18.84,18.576
1997-09-10,,18.08,19.5,18.79,18.506
1997-09-11,,18.21,19.41,18.81,18.57
1997-09-12,,18.06,19.37,18.715,18.453
1997-09-15,,18.05,19.3,18.675,18.425
1997-09-16,,18.4,19.67,19.035,18.781
1997-09-17,,18.21,19.44,18.825,18.579
1997-09-18,,18.14,19.41,18.775,18.521
1997-09-19,,18.32,19.37,18.845,18.635
1997-09-22,,18.65,19.61,19.13,18.938
1997-09-23,,18.57,19.71,19.14,18.912
1997-09-24,,18.52,20.03,19.275,18.973
1997-09-25,,19.05,20.38,19.715,19.449
1997-09-26,,19.36,20.87,20.115,19.813
1997-09-29,,19.48,21.29,20.385,20.023
1997-09-30,,19.96,21.13,20.545,20.311
1997-10-01,,19.87,21.02,20.445,20.215
1997-10-02,,20.08,21.82,20.95,20.602
1997-10-03,,21.29,22.86,22.075,21.761
1997-10-06,,20.94,21.97,21.455,21.249
1997-10-07,,20.71,21.88,21.295,21.061
1997-10-08,,20.79,22.19,21.49,21.21
1997-10-09,,20.6,22.01,21.305,21.023
1997-10-10,,20.73,22.01,21.37,21.114
1997-10-13,,20.08,21.34,20.71,20.458
1997-10-14,,19.4,20.75,20.075,19.805
1997-10-15,,19.27,20.65,19.96,19.684
1997-10-16,,19.56,20.98,20.27,19.986
1997-10-17,,19.43,21.41,20.42,20.024
1997-10-20,,19.29,20.69,19.99,19.71
1997-10-21,,19.3,20.68,19.99,19.714
1997-10-22,,19.86,21.44,20.65,20.334
1997-10-23,,19.89,21.18,20.535,20.277
1997-10-24,,19.45,20.99,20.22,19.912
1997-10-27,,19.63,21.03,20.33,20.05
1997-10-28,,18.86,20.4,19.63,19.322
1997-10-29,,19,20.82,19.91,19.546
1997-10-30,,19.45,21.26,20.355,19.993
1997-10-31,,19.42,21.1,20.26,19.924
1997-11-03,,19.48,20.91,20.195,19.909
1997-11-04,,19.1,20.64,19.87,19.562
1997-11-05,,18.93,20.44,19.685,19.383
1997-11-06,,18.97,20.46,19.715,19.417
1997-11-07,,19.24,20.8,20.02,19.708
1997-11-10,,19.14,20.46,19.8,19.536
1997-11-11,,,20.54,,
1997-11-12,,19.26,20.53,19.895,19.641
1997-11-13,,19.71,20.76,20.235,20.025
1997-11-14,,20.24,21.01,20.625,20.471
1997-11-17,,19.54,20.29,19.915,19.765
1997-11-18,,19.39,20.01,19.7,19.576
1997-11-19,,19.41,19.82,19.615,19.533
1997-11-20,,18.82,19.17,18.995,18.925
1997-11-21,,18.83,19.76,19.295,19.109
1997-11-24,,19.01,19.41,19.21,19.13
1997-11-25,,19.14,19.35,19.245,19.203
1997-11-26,,18.5,19.13,18.815,18.689
1997-11-27,,18.64,,,
1997-11-28,,18.96,,,
1997-12-01,,18.01,18.76,18.385,18.235
1997-12-02,,18.04,18.67,18.355,18.229
1997-12-03,,17.94,18.81,18.375,18.201
1997-12-04,,17.7,18.49,18.095,17.937
1997-12-05,,17.91,18.72,18.315,18.153
1997-12-08,,17.87,18.86,18.365,18.167
1997-12-09,,17.57,18.79,18.18,17.936
1997-12-10,,17.08,18.15,17.615,17.401
1997-12-11,,16.98,18.18,17.58,17.34
1997-12-12,,17.12,18.21,17.665,17.447
1997-12-15,,16.89,18.18,17.535,17.277
1997-12-16,,16.8,18.19,17.495,17.217
1997-12-17,,16.98,18.22,17.6,17.352
1997-12-18,,17.34,18.51,17.925,17.691
1997-12-19,,17.2,18.46,17.83,17.578
1997-12-22,,17.04,18.29,17.665,17.415
1997-12-23,,17.09,18.39,17.74,17.48
1997-12-24,,17.04,18.36,17.7,17.436
1997-12-26,,,18.19,,
1997-12-29,,16.35,17.64,16.995,16.737
1997-12-30,,16.01,17.6,16.805,16.487
1997-12-31,,15.86,17.65,16.755,16.397
1998-01-02,,15.77,17.41,16.59,16.262
1998-01-05,,15.29,16.95,16.12,15.788
1998-01-06,,15.48,16.64,16.06,15.828
1998-01-07,,15.33,16.91,16.12,15.804
1998-01-08,,15.47,17.01,16.24,15.932
1998-01-09,,15.33,16.65,15.99,15.726
1998-01-12,,15.07,16.53,15.8,15.508
1998-01-13,,15.08,16.44,15.76,15.488
1998-01-14,,14.81,16.54,15.675,15.329
1998-01-15,,14.75,16.35,15.55,15.23
1998-01-16,,14.89,16.48,15.685,15.367
1998-01-19,,15.38,,,
1998-01-20,,14.95,16.43,15.69,15.394
1998-01-21,,14.67,16.05,15.36,15.084
1998-01-22,,14.35,15.93,15.14,14.824
1998-01-23,,14.26,15.65,14.955,14.677
1998-01-26,,14.79,16.96,15.875,15.441
1998-01-27,,15.74,17.06,16.4,16.136
1998-01-28,,15.64,17.35,16.495,16.153
1998-01-29,,16.28,17.93,17.105,16.775
1998-01-30,,15.59,17.21,16.4,16.076
1998-02-02,,15.28,17.07,16.175,15.817
1998-02-03,,14.87,16.43,15.65,15.338
1998-02-04,,14.56,16.42,15.49,15.118
1998-02-05,,14.83,16.63,15.73,15.37
1998-02-06,,15.05,16.72,15.885,15.551
1998-02-09,,14.77,16.59,15.68,15.316
1998-02-10,,14.6,16.48,15.54,15.164
1998-02-11,,14.35,16.17,15.26,14.896
1998-02-12,,14.04,15.97,15.005,14.619
1998-02-13,,14.05,16.03,15.04,14.644
1998-02-16,,13.5,,,
1998-02-17,,13.5,15.64,14.57,14.142
1998-02-18,,13.46,16.24,14.85,14.294
1998-02-19,,14.02,16.12,15.07,14.65
1998-02-20,,13.91,16.13,15.02,14.576
1998-02-23,,13.26,15.23,14.245,13.851
1998-02-24,,13.08,15.14,14.11,13.698
1998-02-25,,13.35,15.28,14.315,13.929
1998-02-26,,13.38,15.41,14.395,13.989
1998-02-27,,13.53,15.44,14.485,14.103
1998-03-02,,13.37,15.32,14.345,13.955
1998-03-03,,13.18,15.28,14.23,13.81
1998-03-04,,13.09,15.33,14.21,13.762
1998-03-05,,13.18,15.34,14.26,13.828
1998-03-06,,12.85,14.9,13.875,13.465
1998-03-09,,12.24,14.58,13.41,12.942
1998-03-10,,12.36,14.54,13.45,13.014
1998-03-11,,12.41,14.3,13.355,12.977
1998-03-12,,12.3,14.4,13.35,12.93
1998-03-13,,12.25,14.19,13.22,12.832
1998-03-16,,11.74,13.41,12.575,12.241
1998-03-17,,11.05,13.67,12.36,11.836
1998-03-18,,12.21,14.36,13.285,12.855
1998-03-19,,12.41,14.43,13.42,13.016
1998-03-20,,12.35,14.31,13.33,12.938
1998-03-23,,14.53,16.14,15.335,15.013
1998-03-24,,14.02,15.52,14.77,14.47
1998-03-25,,14.41,16.69,15.55,15.094
1998-03-26,,15.18,16.92,16.05,15.702
1998-03-27,,14.92,16.84,15.88,15.496
1998-03-30,,14.35,16.32,15.335,14.941
1998-03-31,,13.87,15.75,14.81,14.434
1998-04-01,,13.72,15.69,14.705,14.311
1998-04-02,,13.38,16.04,14.71,14.178
1998-04-03,,13.63,16.08,14.855,14.365
1998-04-06,,13.13,15.48,14.305,13.835
1998-04-07,,12.82,15.39,14.105,13.591
1998-04-08,,12.79,15.71,14.25,13.666
1998-04-09,,13.23,15.61,14.42,13.944
1998-04-13,,,15.35,,
1998-04-14,,13.15,15.18,14.165,13.759
1998-04-15,,13.31,15.64,14.475,14.009
1998-04-16,,13.68,15.97,14.825,14.367
1998-04-17,,14.06,15.49,14.775,14.489
1998-04-20,,13.82,15.52,14.67,14.33
1998-04-21,,13.95,15.57,14.76,14.436
1998-04-22,,13.71,15.07,14.39,14.118
1998-04-23,,13.42,13.09,13.255,13.321
1998-04-24,,13.32,13.23,13.275,13.293
1998-04-27,,13.65,15.43,14.54,14.184
1998-04-28,,13.88,15.9,14.89,14.486
1998-04-29,,14.09,15.43,14.76,14.492
1998-04-30,,13.79,15.56,14.675,14.321
1998-05-01,,14.6,16.25,15.425,15.095
1998-05-04,,,15.98,,
1998-05-05,,14.13,15.48,14.805,14.535
1998-05-06,,13.91,15.45,14.68,14.372
1998-05-07,,13.81,15.26,14.535,14.245
1998-05-08,,13.94,15.21,14.575,14.321
1998-05-11,,14.41,15.26,14.835,14.665
1998-05-12,,14.75,15.21,14.98,14.888
1998-05-13,,14.15,15.01,14.58,14.408
1998-05-14,,14.29,15.15,14.72,14.548
1998-05-15,,14.33,14.51,14.42,14.384
1998-05-18,,14.72,14.15,14.435,14.549
1998-05-19,,14.87,13.01,13.94,14.312
1998-05-20,,14.58,13.36,13.97,14.214
1998-05-21,,14.29,14.21,14.25,14.266
1998-05-22,,14.33,14.81,14.57,14.474
1998-05-26,,14.27,14.9,14.585,14.459
1998-05-27,,14.78,14.98,14.88,14.84
1998-05-28,,14.71,14.88,14.795,14.761
1998-05-29,,14.03,15.21,14.62,14.384
1998-06-01,,13.66,14.99,14.325,14.059
1998-06-02,,13.62,14.81,14.215,13.977
1998-06-03,,13.23,14.94,14.085,13.743
1998-06-04,,13.71,15.24,14.475,14.169
1998-06-05,,13.95,15.13,14.54,14.304
1998-06-08,,13.56,14.49,14.025,13.839
1998-06-09,,12.76,13.76,13.26,13.06
1998-06-10,,12.23,13.54,12.885,12.623
1998-06-11,,12.12,12.67,12.395,12.285
1998-06-12,,11.62,12.66,12.14,11.932
1998-06-15,,10.77,11.69,11.23,11.046
1998-06-16,,10.77,12.38,11.575,11.253
1998-06-17,,11.3,12.55,11.925,11.675
1998-06-18,,10.88,11.8,11.34,11.156
1998-06-19,,10.89,11.8,11.345,11.163
1998-06-22,,11.23,13.54,12.385,11.923
1998-06-23,,12.09,14.65,13.37,12.858
1998-06-24,,12.5,14.54,13.52,13.112
1998-06-25,,11.94,13.9,12.92,12.528
1998-06-26,,12.04,14.21,13.125,12.691
1998-06-29,,11.83,14.29,13.06,12.568
1998-06-30,,11.84,14.3,13.07,12.578
1998-07-01,,11.93,14.47,13.2,12.692
1998-07-02,,11.95,14.58,13.265,12.739
1998-07-03,,11.79,,,
1998-07-06,,11.7,13.87,12.785,12.351
1998-07-07,,11.66,13.83,12.745,12.311
1998-07-08,,11.71,14.01,12.86,12.4
1998-07-09,,11.61,14.01,12.81,12.33
1998-07-10,,11.61,13.96,12.785,12.315
1998-07-13,,11.56,14.06,12.81,12.31
1998-07-14,,11.83,14.87,13.35,12.742
1998-07-15,,11.79,14.9,13.345,12.723
1998-07-16,,12.65,14.54,13.595,13.217
1998-07-17,,12.38,14.02,13.2,12.872
1998-07-20,,12.11,13.44,12.775,12.509
1998-07-21,,12.01,13.83,12.92,12.556
1998-07-22,,12.21,14.29,13.25,12.834
1998-07-23,,12.23,13.97,13.1,12.752
1998-07-24,,12.05,13.93,12.99,12.614
1998-07-27,,12.53,14.37,13.45,13.082
1998-07-28,,12.74,14.2,13.47,13.178
1998-07-29,,12.6,14.13,13.365,13.059
1998-07-30,,12.55,14.25,13.4,13.06
1998-07-31,,12.63,14.27,13.45,13.122
1998-08-03,,12.04,13.93,12.985,12.607
1998-08-04,,12.03,13.69,12.86,12.528
1998-08-05,,12.32,13.8,13.06,12.764
1998-08-06,,12.08,13.87,12.975,12.617
1998-08-07,,12.05,13.85,12.95,12.59
1998-08-10,,11.62,13.11,12.365,12.067
1998-08-11,,11.16,12.87,12.015,11.673
1998-08-12,,11.24,12.76,12,11.696
1998-08-13,,11.48,13.44,12.46,12.068
1998-08-14,,11.46,13.4,12.43,12.042
1998-08-17,,11.93,13.26,12.595,12.329
1998-08-18,,11.87,13.13,12.5,12.248
1998-08-19,,11.99,13.21,12.6,12.356
1998-08-20,,12.21,13.62,12.915,12.633
1998-08-21,,12.02,13.44,12.73,12.446
1998-08-24,,12.15,13.78,12.965,12.639
1998-08-25,,12.43,13.9,13.165,12.871
1998-08-26,,12.24,13.67,12.955,12.669
1998-08-27,,11.9,13.35,12.625,12.335
1998-08-28,,12.06,13.54,12.8,12.504
1998-08-31,,,13.29,,
1998-09-01,,12.11,13.62,12.865,12.563
1998-09-02,,12.05,13.72,12.885,12.551
1998-09-03,,12.54,14.7,13.62,13.188
1998-09-04,,12.96,14.59,13.775,13.449
1998-09-07,,12.51,,,
1998-09-08,,12.53,14.34,13.435,13.073
1998-09-09,,12.53,14.37,13.45,13.082
1998-09-10,,12.82,14.71,13.765,13.387
1998-09-11,,12.66,14.39,13.525,13.179
1998-09-14,,12.47,14.46,13.465,13.067
1998-09-15,,12.61,14.72,13.665,13.243
1998-09-16,,12.65,14.6,13.625,13.235
1998-09-17,,12.97,15.07,14.02,13.6
1998-09-18,,13.92,15.53,14.725,14.403
1998-09-21,,14.31,15.58,14.945,14.691
1998-09-22,,14.36,15.73,15.045,14.771
1998-09-23,,14.67,15.8,15.235,15.009
1998-09-24,,14.84,15.99,15.415,15.185
1998-09-25,,14.55,15.8,15.175,14.925
1998-09-28,,14.41,15.74,15.075,14.809
1998-09-29,,14.38,16.01,15.195,14.869
1998-09-30,,14.71,16.19,15.45,15.154
1998-10-01,,14.46,15.52,14.99,14.778
1998-10-02,,14.21,15.71,14.96,14.66
1998-10-05,,14.1,15.24,14.67,14.442
1998-10-06,,13.98,15.6,14.79,14.466
1998-10-07,,13.88,15.03,14.455,14.225
1998-10-08,,13.23,14.57,13.9,13.632
1998-10-09,,12.87,14.64,13.755,13.401
1998-10-12,,13.18,14.47,13.825,13.567
1998-10-13,,12.73,14.27,13.5,13.192
1998-10-14,,12.26,14.09,13.175,12.809
1998-10-15,,11.98,14.08,13.03,12.61
1998-10-16,,12.11,14.16,13.135,12.725
1998-10-19,,11.6,13.39,12.495,12.137
1998-10-20,,11.29,13.45,12.37,11.938
1998-10-21,,11.94,14.14,13.04,12.6
1998-10-22,,11.68,14,12.84,12.376
1998-10-23,,12.18,14.06,13.12,12.744
1998-10-26,,12.74,14.39,13.565,13.235
1998-10-27,,12.46,14.19,13.325,12.979
1998-10-28,,12.26,14.35,13.305,12.887
1998-10-29,,12.31,14.31,13.31,12.91
1998-10-30,,12,14.48,13.24,12.744
1998-11-02,,12.43,14.45,13.44,13.036
1998-11-03,,11.93,14.24,13.085,12.623
1998-11-04,,11.88,14.09,12.985,12.543
1998-11-05,,11.73,13.93,12.83,12.39
1998-11-06,,11.51,13.93,12.72,12.236
1998-11-09,,11.15,13.39,12.27,11.822
1998-11-10,,11.18,13.54,12.36,11.888
1998-11-11,,11.45,13.63,12.54,12.104
1998-11-12,,11.56,14.04,12.8,12.304
1998-11-13,,11.46,13.57,12.515,12.093
1998-11-16,,11.1,12.81,11.955,11.613
1998-11-17,,10.62,12.46,11.54,11.172
1998-11-18,,10.25,12.33,11.29,10.874
1998-11-19,,10.45,12.21,11.33,10.978
1998-11-20,,10.4,12.2,11.3,10.94
1998-11-23,,10.54,12.51,11.525,11.131
1998-11-24,,10.58,11.48,11.03,10.85
1998-11-25,,10.51,10.86,10.685,10.615
1998-11-26,,10.41,,,
1998-11-27,,10.77,,,
1998-11-30,,9.91,11.37,10.64,10.348
1998-12-01,,9.87,11.27,10.57,10.29
1998-12-02,,9.71,11.31,10.51,10.19
1998-12-03,,10.05,11.25,10.65,10.41
1998-12-04,,9.73,11.2,10.465,10.171
1998-12-07,,9.7,11.61,10.655,10.273
1998-12-08,,9.68,11.33,10.505,10.175
1998-12-09,,9.46,11.2,10.33,9.982
1998-12-10,,9.1,10.82,9.96,9.616
1998-12-11,,9.26,10.86,10.06,9.74
1998-12-14,,9.45,11.3,10.375,10.005
1998-12-15,,9.57,11.64,10.605,10.191
1998-12-16,,10.87,12.55,11.71,11.374
1998-12-17,,9.92,11.05,10.485,10.259
1998-12-18,,9.62,10.95,10.285,10.019
1998-12-21,,9.45,10.86,10.155,9.873
1998-12-22,,9.83,10.99,10.41,10.178
1998-12-23,,9.91,11.12,10.515,10.273
1998-12-24,,9.91,11.03,10.47,10.246
1998-12-28,,,11.59,,
1998-12-29,,10.23,11.82,11.025,10.707
1998-12-30,,10.45,11.75,11.1,10.84
1998-12-31,,10.54,12.14,11.34,11.02
1999-01-04,,10.94,12.42,11.68,11.384
1999-01-05,,10.3,12.04,11.17,10.822
1999-01-06,,10.67,12.84,11.755,11.321
1999-01-07,,11.08,12.99,12.035,11.653
1999-01-08,,11.7,13.06,12.38,12.108
1999-01-11,,12.07,13.43,12.75,12.478
1999-01-12,,11.78,12.91,12.345,12.119
1999-01-13,,10.9,12.33,11.615,11.329
1999-01-14,,11.1,12.23,11.665,11.439
1999-01-15,,10.97,12.21,11.59,11.342
1999-01-18,,10.81,,,
1999-01-19,,11.19,12.13,11.66,11.472
1999-01-20,,10.85,11.82,11.335,11.141
1999-01-21,,11.14,12.45,11.795,11.533
1999-01-22,,11.23,12.62,11.925,11.647
1999-01-25,,11.21,12.41,11.81,11.57
1999-01-26,,10.84,12.16,11.5,11.236
1999-01-27,,11.03,12.4,11.715,11.441
1999-01-28,,11.14,12.52,11.83,11.554
1999-01-29,,11.34,12.81,12.075,11.781
1999-02-01,,10.81,12.36,11.585,11.275
1999-02-02,,10.39,12.21,11.3,10.936
1999-02-03,,10.78,12.42,11.6,11.272
1999-02-04,,10.42,11.94,11.18,10.876
1999-02-05,,10.18,11.85,11.015,10.681
1999-02-08,,9.97,11.65,10.81,10.474
1999-02-09,,9.77,11.66,10.715,10.337
1999-02-10,,9.88,11.88,10.88,10.48
1999-02-11,,9.82,11.94,10.88,10.456
1999-02-12,,9.97,11.9,10.935,10.549
1999-02-16,,9.98,11.38,10.68,10.4
1999-02-17,,10.09,11.49,10.79,10.51
1999-02-18,,9.93,11.97,10.95,10.542
1999-02-19,,10.29,11.79,11.04,10.74
1999-02-22,,10.24,11.97,11.105,10.759
1999-02-23,,10.58,12.44,11.51,11.138
1999-02-24,,10.64,12.49,11.565,11.195
1999-02-25,,10.84,12.61,11.725,11.371
1999-02-26,,10.58,12.31,11.445,11.099
1999-03-01,,10.52,12.28,11.4,11.048
1999-03-02,,10.41,12.66,11.535,11.085
1999-03-03,,10.81,12.92,11.865,11.443
1999-03-04,,11.2,13.32,12.26,11.836
1999-03-05,,11.02,13.33,12.175,11.713
1999-03-08,,11.49,13.63,12.56,12.132
1999-03-09,,11.25,13.78,12.515,12.009
1999-03-10,,11.46,14.74,13.1,12.444
1999-03-11,,11.86,14.3,13.08,12.592
1999-03-12,,12.3,14.51,13.405,12.963
1999-03-15,,12.17,14.48,13.325,12.863
1999-03-16,,12.11,14.6,13.355,12.857
1999-03-17,,12.95,15.11,14.03,13.598
1999-03-18,,13.35,15.11,14.23,13.878
1999-03-19,,13.15,15.26,14.205,13.783
1999-03-22,,13.37,15.39,14.38,13.976
1999-03-23,,13.64,15.36,14.5,14.156
1999-03-24,,13.37,15.18,14.275,13.913
1999-03-25,,13.5,15.66,14.58,14.148
1999-03-26,,13.97,16.16,15.065,14.627
1999-03-29,,14.34,16.46,15.4,14.976
1999-03-30,,14.5,16.66,15.58,15.148
1999-03-31,,15.02,16.66,15.84,15.512
1999-04-01,,14.6,16.65,15.625,15.215
1999-04-05,,,16.94,,
1999-04-06,,14.53,16.79,15.66,15.208
1999-04-07,,14.14,16.02,15.08,14.704
1999-04-08,,13.72,15.92,14.82,14.38
1999-04-09,,14.11,16.59,15.35,14.854
1999-04-12,,14.23,16.44,15.335,14.893
1999-04-13,,14.68,16.73,15.705,15.295
1999-04-14,,14.45,16.51,15.48,15.068
1999-04-15,,14.82,16.85,15.835,15.429
1999-04-16,,15.34,17.34,16.34,15.94
1999-04-19,,16.01,17.82,16.915,16.553
1999-04-20,,16.04,17.79,16.915,16.565
1999-04-21,,15.96,18.05,17.005,16.587
1999-04-22,,16.29,18.02,17.155,16.809
1999-04-23,,16.07,17.96,17.015,16.637
1999-04-26,,15.63,17.67,16.65,16.242
1999-04-27,,15.91,17.82,16.865,16.483
1999-04-28,,16.38,18.43,17.405,16.995
1999-04-29,,16.53,18.53,17.53,17.13
1999-04-30,,16.45,18.69,17.57,17.122
1999-05-03,,,18.83,,
1999-05-04,,16.98,18.94,17.96,17.568
1999-05-05,,16.85,18.89,17.87,17.462
1999-05-06,,16.44,18.23,17.335,16.977
1999-05-07,,15.66,18.23,16.945,16.431
1999-05-10,,15.72,18.57,17.145,16.575
1999-05-11,,15.23,17.84,16.535,16.013
1999-05-12,,14.74,17.44,16.09,15.55
1999-05-13,,15.21,18.11,16.66,16.08
1999-05-14,,15.18,18.04,16.61,16.038
1999-05-17,,14.98,17.76,16.37,15.814
1999-05-18,,14.43,17.09,15.76,15.228
1999-05-19,,14.42,16.77,15.595,15.125
1999-05-20,,14.44,17.04,15.74,15.22
1999-05-21,,14.49,17.22,15.855,15.309
1999-05-24,,14.83,16.77,15.8,15.412
1999-05-25,,14.71,17.25,15.98,15.472
1999-05-26,,15.18,17.32,16.25,15.822
1999-05-27,,15.04,17.18,16.11,15.682
1999-05-28,,14.75,16.85,15.8,15.38
1999-06-01,,14.22,16.31,15.265,14.847
1999-06-02,,14.28,16.61,15.445,14.979
1999-06-03,,14.26,16.81,15.535,15.025
1999-06-04,,15.21,17.36,16.285,15.855
1999-06-07,,15.98,17.91,16.945,16.559
1999-06-08,,16.25,17.66,16.955,16.673
1999-06-09,,16.19,17.98,17.085,16.727
1999-06-10,,15.99,17.82,16.905,16.539
1999-06-11,,16.25,18.45,17.35,16.91
1999-06-14,,16.05,18.24,17.145,16.707
1999-06-15,,16.33,18.61,17.47,17.014
1999-06-16,,16.29,17.92,17.105,16.779
1999-06-17,,16,18.25,17.125,16.675
1999-06-18,,15.93,18.01,16.97,16.554
1999-06-21,,15.64,17.79,16.715,16.285
1999-06-22,,15.91,17.62,16.765,16.423
1999-06-23,,16.04,18.42,17.23,16.754
1999-06-24,,16.28,18.26,17.27,16.874
1999-06-25,,16.27,18.17,17.22,16.84
1999-06-28,,16.27,18.22,17.245,16.855
1999-06-29,,16.38,18.56,17.47,17.034
1999-06-30,,16.97,19.33,18.15,17.678
1999-07-01,,17.25,19.39,18.32,17.892
1999-07-02,,17.55,19.7,18.625,18.195
1999-07-06,,18.47,19.78,19.125,18.863
1999-07-07,,18.36,19.98,19.17,18.846
1999-07-08,,18.74,19.76,19.25,19.046
1999-07-09,,18.9,19.94,19.42,19.212
1999-07-12,,18.94,19.92,19.43,19.234
1999-07-13,,19.49,20.33,19.91,19.742
1999-07-14,,19.48,19.89,19.685,19.603
1999-07-15,,18.9,20.26,19.58,19.308
1999-07-16,,19.42,20.66,20.04,19.792
1999-07-19,,19.75,20.28,20.015,19.909
1999-07-20,,19.33,19.38,19.355,19.345
1999-07-21,,18.62,19.54,19.08,18.896
1999-07-22,,19.01,19.84,19.425,19.259
1999-07-23,,19.69,20.41,20.05,19.906
1999-07-26,,19.73,20.49,20.11,19.958
1999-07-27,,19.46,20.4,19.93,19.742
1999-07-28,,19.65,20.61,20.13,19.938
1999-07-29,,19.97,21.09,20.53,20.306
1999-07-30,,19.97,20.52,20.245,20.135
1999-08-02,,19.21,20.46,19.835,19.585
1999-08-03,,19.32,20.21,19.765,19.587
1999-08-04,,19.38,20.49,19.935,19.713
1999-08-05,,19.64,20.67,20.155,19.949
1999-08-06,,19.66,20.89,20.275,20.029
1999-08-09,,19.34,21.26,20.3,19.916
1999-08-10,,20.18,21.31,20.745,20.519
1999-08-11,,20.58,21.54,21.06,20.868
1999-08-12,,20.32,21.42,20.87,20.65
1999-08-13,,20.61,21.67,21.14,20.928
1999-08-16,,20.68,21.34,21.01,20.878
1999-08-17,,20.61,21.7,21.155,20.937
1999-08-18,,20.69,21.54,21.115,20.945
1999-08-19,,20.92,21.86,21.39,21.202
1999-08-20,,21.11,21.66,21.385,21.275
1999-08-23,,20.96,21.61,21.285,21.155
1999-08-24,,20.48,21.36,20.92,20.744
1999-08-25,,19.71,20.66,20.185,19.995
1999-08-26,,19.8,21.09,20.445,20.187
1999-08-27,,20.32,21.31,20.815,20.617
1999-08-30,,,21.93,,
1999-08-31,,21.08,22.15,21.615,21.401
1999-09-01,,21.1,21.79,21.445,21.307
1999-09-02,,20.66,21.54,21.1,20.924
1999-09-03,,20.74,22,21.37,21.118
1999-09-06,,21.14,,,
1999-09-07,,21.71,22.58,22.145,21.971
1999-09-08,,21.96,22.64,22.3,22.164
1999-09-09,,22.51,23.24,22.875,22.729
1999-09-10,,22.36,23.55,22.955,22.717
1999-09-13,,22.98,24.18,23.58,23.34
1999-09-14,,23.18,23.86,23.52,23.384
1999-09-15,,23.25,24.1,23.675,23.505
1999-09-16,,23.06,24.52,23.79,23.498
1999-09-17,,22.93,24.72,23.825,23.467
1999-09-20,,22.85,24.32,23.585,23.291
1999-09-21,,22.68,24.48,23.58,23.22
1999-09-22,,22.49,24.26,23.375,23.021
1999-09-23,,23.41,24.76,24.085,23.815
1999-09-24,,23.66,24.81,24.235,24.005
1999-09-27,,23.6,24.63,24.115,23.909
1999-09-28,,23.24,24.52,23.88,23.624
1999-09-29,,23.46,24.69,24.075,23.829
1999-09-30,,22.98,24.54,23.76,23.448
1999-10-01,,22.98,24.51,23.745,23.439
1999-10-04,,23.3,23.71,23.505,23.423
1999-10-05,,22.64,23.37,23.005,22.859
1999-10-06,,23.07,23.24,23.155,23.121
1999-10-07,,22.33,22.46,22.395,22.369
1999-10-08,,20.78,20.81,20.795,20.789
1999-10-11,,20.84,21.58,21.21,21.062
1999-10-12,,21.89,22.93,22.41,22.202
1999-10-13,,22.26,22.93,22.595,22.461
1999-10-14,,22.28,22.46,22.37,22.334
1999-10-15,,21.65,22.81,22.23,21.998
1999-10-18,,22.26,22.44,22.35,22.314
1999-10-19,,21.59,22.36,21.975,21.821
1999-10-20,,21.02,22.21,21.615,21.377
1999-10-21,,21.68,22.74,22.21,21.998
1999-10-22,,22.38,23.48,22.93,22.71
1999-10-25,,22.45,23.22,22.835,22.681
1999-10-26,,22.14,23.17,22.655,22.449
1999-10-27,,22.18,22.71,22.445,22.339
1999-10-28,,21.22,21.59,21.405,21.331
1999-10-29,,21.11,21.79,21.45,21.314
1999-11-01,,21.32,22.44,21.88,21.656
1999-11-02,,21.98,22.49,22.235,22.133
1999-11-03,,22.38,22.59,22.485,22.443
1999-11-04,,22.64,23.17,22.905,22.799
1999-11-05,,22.8,22.93,22.865,22.839
1999-11-08,,23.62,23.28,23.45,23.518
1999-11-09,,24.44,24.21,24.325,24.371
1999-11-10,,25.42,24.37,24.895,25.105
1999-11-11,,24.96,24.33,24.645,24.771
1999-11-12,,25.39,24.91,25.15,25.246
1999-11-15,,25.93,25.31,25.62,25.744
1999-11-16,,24.88,26.04,25.46,25.228
1999-11-17,,24.98,26.57,25.775,25.457
1999-11-18,,25.02,25.71,25.365,25.227
1999-11-19,,25.14,26.61,25.875,25.581
1999-11-22,,25.86,28.03,26.945,26.511
1999-11-23,,25.66,26.91,26.285,26.035
1999-11-24,,25.77,27.22,26.495,26.205
1999-11-25,,25.94,,,
1999-11-26,,25.85,27.22,26.535,26.261
1999-11-29,,25.67,25.84,25.755,25.721
1999-11-30,,25.2,24.87,25.035,25.101
1999-12-01,,24.2,25.01,24.605,24.443
1999-12-02,,25.52,25.88,25.7,25.628
1999-12-03,,26.17,25.71,25.94,26.032
1999-12-06,,26.46,26.67,26.565,26.523
1999-12-07,,26.1,26.36,26.23,26.178
1999-12-08,,25.45,26.69,26.07,25.822
1999-12-09,,25.85,26,25.925,25.895
1999-12-10,,24.86,25.21,25.035,24.965
1999-12-13,,24.31,25.37,24.84,24.628
1999-12-14,,24.88,25.87,25.375,25.177
1999-12-15,,25.68,26.28,25.98,25.86
1999-12-16,,26.09,26.74,26.415,26.285
1999-12-17,,26.22,26.76,26.49,26.382
1999-12-20,,25.98,26.55,26.265,26.151
1999-12-21,,25.51,26.34,25.925,25.759
1999-12-22,,25.04,25.51,25.275,25.181
1999-12-23,,25.11,25.86,25.485,25.335
1999-12-27,,,26.36,,
1999-12-28,,,26.81,,
1999-12-29,,25.63,26.41,26.02,25.864
1999-12-30,,24.93,25.76,25.345,25.179
2000-01-04,,23.95,25.56,24.755,24.433
2000-01-05,,23.72,24.65,24.185,23.999
2000-01-06,,23.55,24.79,24.17,23.922
2000-01-07,,23.35,24.79,24.07,23.782
2000-01-10,,22.77,24.71,23.74,23.352
2000-01-11,,23.93,25.69,24.81,24.458
2000-01-12,,24.62,26.3,25.46,25.124
2000-01-13,,24.9,26.63,25.765,25.419
2000-01-14,,25.5,28.01,26.755,26.253
2000-01-17,,25.99,,,
2000-01-18,,26.31,28.98,27.645,27.111
2000-01-19,,26.17,29.11,27.64,27.052
2000-01-20,,26.26,29.67,27.965,27.283
2000-01-21,,27.18,29.71,28.445,27.939
2000-01-24,,27.02,29.25,28.135,27.689
2000-01-25,,27.24,30.28,28.76,28.152
2000-01-26,,27.18,27.66,27.42,27.324
2000-01-27,,26.91,27.22,27.065,27.003
2000-01-28,,26.59,27.27,26.93,26.794
2000-01-31,,27.08,27.65,27.365,27.251
2000-02-01,,27.35,28.28,27.815,27.629
2000-02-02,,27.15,27.52,27.335,27.261
2000-02-03,,27.6,28.26,27.93,27.798
2000-02-04,,27.48,28.67,28.075,27.837
2000-02-07,,27.94,28.4,28.17,28.078
2000-02-08,,27.61,28.05,27.83,27.742
2000-02-09,,27.44,28.71,28.075,27.821
2000-02-10,,27.32,29.49,28.405,27.971
2000-02-11,,27.82,29.51,28.665,28.327
2000-02-14,,28.03,30.3,29.165,28.711
2000-02-15,,28.12,30.17,29.145,28.735
2000-02-16,,28.11,30.01,29.06,28.68
2000-02-17,,27.54,29.37,28.455,28.089
2000-02-18,,27.26,29.51,28.385,27.935
2000-02-21,,26.93,,,
2000-02-22,,27.22,29.63,28.425,27.943
2000-02-23,,27.92,30.19,29.055,28.601
2000-02-24,,28.21,30.23,29.22,28.816
2000-02-25,,28.53,30.34,29.435,29.073
2000-02-28,,28.7,30.11,29.405,29.123
2000-02-29,,29.01,30.57,29.79,29.478
2000-03-01,,29.78,31.71,30.745,30.359
2000-03-02,,30.12,31.51,30.815,30.537
2000-03-03,,29.83,31.46,30.645,30.319
2000-03-06,,30.08,32.19,31.135,30.713
2000-03-07,,31.93,33.9,32.915,32.521
2000-03-08,,31.41,31.22,31.315,31.353
2000-03-09,,29.11,31.61,30.36,29.86
2000-03-10,,28.97,31.76,30.365,29.807
2000-03-13,,29.25,32.11,30.68,30.108
2000-03-14,,28.83,31.93,30.38,29.76
2000-03-15,,28.03,30.47,29.25,28.762
2000-03-16,,27.97,31.1,29.535,28.909
2000-03-17,,27.87,30.86,29.365,28.767
2000-03-20,,25.59,29.33,27.46,26.712
2000-03-21,,24.93,28.01,26.47,25.854
2000-03-22,,25.77,27.28,26.525,26.223
2000-03-23,,25.32,27.47,26.395,25.965
2000-03-24,,25.74,27.86,26.8,26.376
2000-03-27,,25.16,27.59,26.375,25.889
2000-03-28,,24.8,27.1,25.95,25.49
2000-03-29,,23.77,26.36,25.065,24.547
2000-03-30,,23.94,26.67,25.305,24.759
2000-03-31,,23.98,26.86,25.42,24.844
2000-04-03,,24.62,26.28,25.45,25.118
2000-04-04,,23.26,25.46,24.36,23.92
2000-04-05,,22.98,25.76,24.37,23.814
2000-04-06,,22.9,25.51,24.205,23.683
2000-04-07,,22.63,24.97,23.8,23.332
2000-04-10,,21.08,23.91,22.495,21.929
2000-04-11,,21.05,24.17,22.61,21.986
2000-04-12,,21.4,25.49,23.445,22.627
2000-04-13,,22.65,25.29,23.97,23.442
2000-04-14,,22.13,25.48,23.805,23.135
2000-04-17,,22.2,26.06,24.13,23.358
2000-04-18,,22.67,25.92,24.295,23.645
2000-04-19,,23.5,27.38,25.44,24.664
2000-04-20,,23.57,27.29,25.43,24.686
2000-04-24,,,27.41,,
2000-04-25,,23.36,26.41,24.885,24.275
2000-04-26,,22.9,24.69,23.795,23.437
2000-04-27,,23.07,25.53,24.3,23.808
2000-04-28,,23.79,25.71,24.75,24.366
2000-05-01,,,25.84,,
2000-05-02,,24.73,26.86,25.795,25.369
2000-05-03,,25.13,26.6,25.865,25.571
2000-05-04,,25.06,27.08,26.07,25.666
2000-05-05,,24.93,27.37,26.15,25.662
2000-05-08,,26.03,28.05,27.04,26.636
2000-05-09,,26.69,28.46,27.575,27.221
2000-05-10,,26.59,28.1,27.345,27.043
2000-05-11,,27.22,29.25,28.235,27.829
2000-05-12,,27.98,29.64,28.81,28.478
2000-05-15,,28.26,29.95,29.105,28.767
2000-05-16,,28.78,29.76,29.27,29.074
2000-05-17,,28.4,29.38,28.89,28.694
2000-05-18,,28.9,30.28,29.59,29.314
2000-05-19,,29.01,30.02,29.515,29.313
2000-05-22,,28.45,28.62,28.535,28.501
2000-05-23,,28.12,28.61,28.365,28.267
2000-05-24,,28.97,29.89,29.43,29.246
2000-05-25,,29.62,30.43,30.025,29.863
2000-05-26,,30.09,29.76,29.925,29.991
2000-05-30,,29.89,30.36,30.125,30.031
2000-05-31,,29.64,29.03,29.335,29.457
2000-06-01,,29.69,30.19,29.94,29.84
2000-06-02,,29.35,30.34,29.845,29.647
2000-06-05,,28.27,29.87,29.07,28.75
2000-06-06,,28.42,29.78,29.1,28.828
2000-06-07,,28.32,29.29,28.805,28.611
2000-06-08,,29.34,29.78,29.56,29.472
2000-06-09,,29,30.22,29.61,29.366
2000-06-12,,30.1,31.76,30.93,30.598
2000-06-13,,30.4,32.73,31.565,31.099
2000-06-14,,30.12,32.72,31.42,30.9
2000-06-15,,29.77,32.7,31.235,30.649
2000-06-16,,28.68,32.35,30.515,29.781
2000-06-19,,27.69,31.57,29.63,28.854
2000-06-20,,28.86,33.07,30.965,30.123
2000-06-21,,30.71,33.64,32.175,31.589
2000-06-22,,30.61,34.72,32.665,31.843
2000-06-23,,31.02,34.76,32.89,32.142
2000-06-26,,30.9,31.56,31.23,31.098
2000-06-27,,30.47,32.01,31.24,30.932
2000-06-28,,31.15,31.86,31.505,31.363
2000-06-29,,31.05,32.73,31.89,31.554
2000-06-30,,31.58,32.44,32.01,31.838
2000-07-03,,32.15,,,
2000-07-04,,30.73,,,
2000-07-05,,30.35,30.76,30.555,30.473
2000-07-06,,30.67,30.19,30.43,30.526
2000-07-07,,30.62,30.26,30.44,30.512
2000-07-10,,30.58,29.51,30.045,30.259
2000-07-11,,29.83,29.61,29.72,29.764
2000-07-12,,30.27,30.34,30.305,30.291
2000-07-13,,31.15,31.41,31.28,31.228
2000-07-14,,30.82,31.31,31.065,30.967
2000-07-17,,28.44,30.71,29.575,29.121
2000-07-18,,28.46,31.94,30.2,29.504
2000-07-19,,28.33,31.1,29.715,29.161
2000-07-20,,27.85,30.94,29.395,28.777
2000-07-21,,26.68,28.56,27.62,27.244
2000-07-24,,26.84,27.97,27.405,27.179
2000-07-25,,25.78,27.89,26.835,26.413
2000-07-26,,25.92,27.81,26.865,26.487
2000-07-27,,25.6,28.21,26.905,26.383
2000-07-28,,25.96,28.22,27.09,26.638
2000-07-31,,25.3,27.5,26.4,25.96
2000-08-01,,25.24,27.85,26.545,26.023
2000-08-02,,26.8,28.27,27.535,27.241
2000-08-03,,27.04,28.92,27.98,27.604
2000-08-04,,28.01,29.94,28.975,28.589
2000-08-07,,27.56,28.93,28.245,27.971
2000-08-08,,27.58,29.26,28.42,28.084
2000-08-09,,28.13,30.38,29.255,28.805
2000-08-10,,28.98,31.09,30.035,29.613
2000-08-11,,29.44,31.02,30.23,29.914
2000-08-14,,29.24,31.92,30.58,30.044
2000-08-15,,30,31.43,30.715,30.429
2000-08-16,,29.66,31.91,30.785,30.335
2000-08-17,,30.71,31.88,31.295,31.061
2000-08-18,,30.76,31.97,31.365,31.123
2000-08-21,,31.34,32.42,31.88,31.664
2000-08-22,,30.18,31.24,30.71,30.498
2000-08-23,,32.38,31.23,31.805,32.035
2000-08-24,,31.67,33.41,32.54,32.192
2000-08-25,,33.26,34.01,33.635,33.485
2000-08-28,,33.29,32.92,33.105,33.179
2000-08-29,,34.03,32.73,33.38,33.64
2000-08-30,,34.13,33.25,33.69,33.866
2000-08-31,,35.08,33.09,34.085,34.483
2000-09-01,,35.09,33.42,34.255,34.589
2000-09-04,,36.02,,,
2000-09-05,,35.72,33.92,34.82,35.18
2000-09-06,,36.7,34.97,35.835,36.181
2000-09-07,,37.43,35.18,36.305,36.755
2000-09-08,,36.27,33.62,34.945,35.475
2000-09-11,,36.87,35.14,36.005,36.351
2000-09-12,,33.3,34.25,33.775,33.585
2000-09-13,,31.08,33.87,32.475,31.917
2000-09-14,,31.35,34.37,32.86,32.256
2000-09-15,,33.68,35.87,34.775,34.337
2000-09-18,,34.55,36.75,35.65,35.21
2000-09-19,,33.48,36.96,35.22,34.524
2000-09-20,,33.67,37.22,35.445,34.735
2000-09-21,,32.18,33.84,33.01,32.678
2000-09-22,,31.59,32.66,32.125,31.911
2000-09-25,,30.01,31.5,30.755,30.457
2000-09-26,,29.94,31.78,30.86,30.492
2000-09-27,,29.78,31.23,30.505,30.215
2000-09-28,,28.91,30.26,29.585,29.315
2000-09-29,,28.42,30.87,29.645,29.155
2000-10-02,,29.65,32.05,30.85,30.37
2000-10-03,,30.64,31.86,31.25,31.006
2000-10-04,,30.07,30.91,30.49,30.322
2000-10-05,,29.19,30.66,29.925,29.631
2000-10-06,,29.62,30.86,30.24,29.992
2000-10-09,,29.99,31.98,30.985,30.587
2000-10-10,,30.95,33.29,32.12,31.652
2000-10-11,,31.25,33.2,32.225,31.835
2000-10-12,,33.45,36.06,34.755,34.233
2000-10-13,,33.5,34.96,34.23,33.938
2000-10-16,,32.03,33.18,32.605,32.375
2000-10-17,,30.38,33.36,31.87,31.274
2000-10-18,,30.98,33.51,32.245,31.739
2000-10-19,,31.29,33.06,32.175,31.821
2000-10-20,,30.16,34.31,32.235,31.405
2000-10-23,,30.98,34.9,32.94,32.156
2000-10-24,,31.81,34.53,33.17,32.626
2000-10-25,,31.17,33.62,32.395,31.905
2000-10-26,,31.48,33.75,32.615,32.161
2000-10-27,,31.31,32.78,32.045,31.751
2000-10-30,,31.09,32.86,31.975,31.621
2000-10-31,,30.15,32.7,31.425,30.915
2000-11-01,,31.62,33.14,32.38,32.076
2000-11-02,,30.81,32.59,31.7,31.344
2000-11-03,,30.81,32.62,31.715,31.353
2000-11-06,,31,33.02,32.01,31.606
2000-11-07,,31.59,33.44,32.515,32.145
2000-11-08,,31.3,32.92,32.11,31.786
2000-11-09,,31.79,33.87,32.83,32.414
2000-11-10,,32.26,34.05,33.155,32.797
2000-11-13,,32.5,34.3,33.4,33.04
2000-11-14,,33.05,34.72,33.885,33.551
2000-11-15,,33.82,35.54,34.68,34.336
2000-11-16,,34.16,34.84,34.5,34.364
2000-11-17,,33.09,35.62,34.355,33.849
2000-11-20,,34.23,35.98,35.105,34.755
2000-11-21,,33.33,35.54,34.435,33.993
2000-11-22,,33.11,36.06,34.585,33.995
2000-11-23,,33.29,,,
2000-11-24,,33.35,36.06,34.705,34.163
2000-11-27,,33.47,36.24,34.855,34.301
2000-11-28,,32.59,34.02,33.305,33.019
2000-11-29,,32.45,34.58,33.515,33.089
2000-11-30,,32.53,33.61,33.07,32.854
2000-12-01,,31.59,32.06,31.825,31.731
2000-12-04,,30.37,31.28,30.825,30.643
2000-12-05,,28.88,29.25,29.065,28.991
2000-12-06,,27.47,30.24,28.855,28.301
2000-12-07,,27.85,29.36,28.605,28.303
2000-12-08,,26.85,28.31,27.58,27.288
2000-12-11,,27.28,29.75,28.515,28.021
2000-12-12,,26.81,29.81,28.31,27.71
2000-12-13,,26.84,28.75,27.795,27.413
2000-12-14,,24.32,28.06,26.19,25.442
2000-12-15,,24.44,28.86,26.65,25.766
2000-12-18,,25.11,29.52,27.315,26.433
2000-12-19,,24.36,29.34,26.85,25.854
2000-12-20,,23.29,25.83,24.56,24.052
2000-12-21,,22.4,26.06,24.23,23.498
2000-12-22,,22.23,26.16,24.195,23.409
2000-12-26,,,27,,
2000-12-27,,22.58,26.55,24.565,23.771
2000-12-28,,22.29,25.82,24.055,23.349
2000-12-29,,22.58,26.72,24.65,23.822
2001-01-02,,23.43,27.29,25.36,24.588
2001-01-03,,23.44,27.93,25.685,24.787
2001-01-04,,24.57,27.95,26.26,25.584
2001-01-05,,24.77,28.02,26.395,25.745
2001-01-08,,24.75,27.44,26.095,25.557
2001-01-09,,24.13,27.72,25.925,25.207
2001-01-10,,24.98,29.42,27.2,26.312
2001-01-11,,25.6,29.42,27.51,26.746
2001-01-12,,25.63,30.07,27.85,26.962
2001-01-15,,26.03,,,
2001-01-16,,25.52,30.19,27.855,26.921
2001-01-17,,24.27,29.77,27.02,25.92
2001-01-18,,24.74,30.42,27.58,26.444
2001-01-19,,26.29,32.12,29.205,28.039
2001-01-22,,27.69,32.21,29.95,29.046
2001-01-23,,27.02,31.66,29.34,28.412
2001-01-24,,27.04,31.46,29.25,28.366
2001-01-25,,26.94,31.61,29.275,28.341
2001-01-26,,27.04,29.79,28.415,27.865
2001-01-29,,26.95,29.07,28.01,27.586
2001-01-30,,26.32,29.12,27.72,27.16
2001-01-31,,26.59,28.62,27.605,27.199
2001-02-01,,27.17,29.88,28.525,27.983
2001-02-02,,28.9,31.27,30.085,29.611
2001-02-05,,29.25,30.55,29.9,29.64
2001-02-06,,29.1,30.27,29.685,29.451
2001-02-07,,29.54,31.27,30.405,30.059
2001-02-08,,30.68,31.57,31.125,30.947
2001-02-09,,29.53,30.93,30.23,29.95
2001-02-12,,29.32,30.52,29.92,29.68
2001-02-13,,28,30.12,29.06,28.636
2001-02-14,,27.89,29.55,28.72,28.388
2001-02-15,,26.33,28.96,27.645,27.119
2001-02-16,,26.61,29.22,27.915,27.393
2001-02-19,,27.05,,,
2001-02-20,,26.45,28.6,27.525,27.095
2001-02-21,,26.1,28.64,27.37,26.862
2001-02-22,,25.75,28.52,27.135,26.581
2001-02-23,,26.12,28.83,27.475,26.933
2001-02-26,,25.84,28.27,27.055,26.569
2001-02-27,,25.28,28.26,26.77,26.174
2001-02-28,,25.16,27.35,26.255,25.817
2001-03-01,,24.76,27.78,26.27,25.666
2001-03-02,,25.28,27.89,26.585,26.063
2001-03-05,,25.98,28.61,27.295,26.769
2001-03-06,,25.59,28.4,26.995,26.433
2001-03-07,,25.91,28.95,27.43,26.822
2001-03-08,,26.37,28.31,27.34,26.952
2001-03-09,,25.78,27.97,26.875,26.437
2001-03-12,,25.34,27.91,26.625,26.111
2001-03-13,,24.8,27.45,26.125,25.595
2001-03-14,,24.31,26.49,25.4,24.964
2001-03-15,,23.37,26.56,24.965,24.327
2001-03-16,,23.84,26.68,25.26,24.692
2001-03-19,,23.19,26.17,24.68,24.084
2001-03-20,,23.63,25.99,24.81,24.338
2001-03-21,,23.21,26.43,24.82,24.176
2001-03-22,,23.45,26.19,24.82,24.272
2001-03-23,,23.94,27.31,25.625,24.951
2001-03-26,,24.01,27.4,25.705,25.027
2001-03-27,,24.41,27.62,26.015,25.373
2001-03-28,,24.5,26.43,25.465,25.079
2001-03-29,,23.77,26.47,25.12,24.58
2001-03-30,,23.5,26.37,24.935,24.361
2001-04-02,,23.31,25.7,24.505,24.027
2001-04-03,,23.47,26.65,25.06,24.424
2001-04-04,,24.35,27.16,25.755,25.193
2001-04-05,,24.87,27.24,26.055,25.581
2001-04-06,,24.02,27.07,25.545,24.935
2001-04-09,,24.37,27.45,25.91,25.294
2001-04-10,,25.64,28.47,27.055,26.489
2001-04-11,,26.08,28.42,27.25,26.782
2001-04-12,,27.12,28.75,27.935,27.609
2001-04-13,,26.8,,,
2001-04-16,,26.8,28.81,27.805,27.403
2001-04-17,,26.99,27.89,27.44,27.26
2001-04-18,,26.11,27.83,26.97,26.626
2001-04-19,,25.86,27.92,26.89,26.478
2001-04-20,,25.57,27,26.285,25.999
2001-04-23,,25.42,26.97,26.195,25.885
2001-04-24,,25.76,25.24,25.5,25.604
2001-04-25,,25.49,25.93,25.71,25.622
2001-04-26,,26.71,28.47,27.59,27.238
2001-04-27,,26.85,28.35,27.6,27.3
2001-04-30,,27.21,28.48,27.845,27.591
2001-05-01,,27.31,28.37,27.84,27.628
2001-05-02,,26.82,27.89,27.355,27.141
2001-05-03,,27.46,28.66,28.06,27.82
2001-05-04,,27.59,28.41,28,27.836
2001-05-07,,27.71,27.79,27.75,27.734
2001-05-08,,27.45,27.35,27.4,27.42
2001-05-09,,27.46,28.39,27.925,27.739
2001-05-10,,28.27,28.5,28.385,28.339
2001-05-11,,27.97,28.59,28.28,28.156
2001-05-14,,27.77,28.83,28.3,28.088
2001-05-15,,27.88,28.9,28.39,28.186
2001-05-16,,28.19,28.77,28.48,28.364
2001-05-17,,28.57,29.02,28.795,28.705
2001-05-18,,29.3,29.9,29.6,29.48
2001-05-21,,29.8,29.96,29.88,29.848
2001-05-22,,29.72,29.75,29.735,29.729
2001-05-23,,29.51,28.85,29.18,29.312
2001-05-24,,28.85,27.97,28.41,28.586
2001-05-25,,28.69,28.08,28.385,28.507
2001-05-29,,29.11,28.76,28.935,29.005
2001-05-30,,28.92,28.71,28.815,28.857
2001-05-31,,28.55,28.39,28.47,28.502
2001-06-01,,28.86,27.88,28.37,28.566
2001-06-04,,28.95,28.14,28.545,28.707
2001-06-05,,29.25,27.84,28.545,28.827
2001-06-06,,28.73,27.56,28.145,28.379
2001-06-07,,28.55,27.91,28.23,28.358
2001-06-08,,28.88,28.43,28.655,28.745
2001-06-11,,29.57,28.94,29.255,29.381
2001-06-12,,29.03,29.13,29.08,29.06
2001-06-13,,29.13,28.81,28.97,29.034
2001-06-14,,28.5,29.12,28.81,28.686
2001-06-15,,28.13,28.52,28.325,28.247
2001-06-18,,27.61,27.55,27.58,27.592
2001-06-19,,26.68,27.49,27.085,26.923
2001-06-20,,26.24,26.52,26.38,26.324
2001-06-21,,26.7,26.85,26.775,26.745
2001-06-22,,26.86,27.02,26.94,26.908
2001-06-25,,27.36,27.11,27.235,27.285
2001-06-26,,27.66,26.97,27.315,27.453
2001-06-27,,26.25,25.67,25.96,26.076
2001-06-28,,25.68,25.75,25.715,25.701
2001-06-29,,26.21,26.37,26.29,26.258
2001-07-02,,25.73,26.02,25.875,25.817
2001-07-03,,25.56,26.28,25.92,25.776
2001-07-04,,25.97,,,
2001-07-05,,25.69,27.07,26.38,26.104
2001-07-06,,26.55,28.1,27.325,27.015
2001-07-09,,25.59,27.63,26.61,26.202
2001-07-10,,24.69,27.22,25.955,25.449
2001-07-11,,24.44,27.07,25.755,25.229
2001-07-12,,23.62,26.85,25.235,24.589
2001-07-13,,24.02,26.57,25.295,24.785
2001-07-16,,23.58,26.02,24.8,24.312
2001-07-17,,23.9,25.33,24.615,24.329
2001-07-18,,23.1,24.65,23.875,23.565
2001-07-19,,23.35,24.65,24,23.74
2001-07-20,,23.43,25.67,24.55,24.102
2001-07-23,,24.44,25.88,25.16,24.872
2001-07-24,,24.37,26.18,25.275,24.913
2001-07-25,,24.9,26.71,25.805,25.443
2001-07-26,,24.94,26.74,25.84,25.48
2001-07-27,,24.82,26.98,25.9,25.468
2001-07-30,,24.46,26.6,25.53,25.102
2001-07-31,,24.35,26.7,25.525,25.055
2001-08-01,,24.23,26.83,25.53,25.01
2001-08-02,,25.49,27.86,26.675,26.201
2001-08-03,,25.6,27.51,26.555,26.173
2001-08-06,,25.39,27.7,26.545,26.083
2001-08-07,,25.94,28.17,27.055,26.609
2001-08-08,,25.61,27.62,26.615,26.213
2001-08-09,,25.28,27.72,26.5,26.012
2001-08-10,,25.78,28.12,26.95,26.482
2001-08-13,,25.88,27.85,26.865,26.471
2001-08-14,,25.71,28.1,26.905,26.427
2001-08-15,,25.61,27.51,26.56,26.18
2001-08-16,,25.18,27.47,26.325,25.867
2001-08-17,,24.68,26.65,25.665,25.271
2001-08-20,,24.35,27.2,25.775,25.205
2001-08-21,,25.36,27.93,26.645,26.131
2001-08-22,,25.71,27.17,26.44,26.148
2001-08-23,,25.66,25.63,25.645,25.651
2001-08-24,,26.33,28.34,27.335,26.933
2001-08-27,,26.22,26.69,26.455,26.361
2001-08-28,,26.46,27.16,26.81,26.67
2001-08-29,,26.67,27.07,26.87,26.79
2001-08-30,,26.7,26.65,26.675,26.685
2001-08-31,,26.8,26.65,26.725,26.755
2001-09-03,,26.52,,,
2001-09-04,,26.27,26.94,26.605,26.471
2001-09-05,,26.27,27.03,26.65,26.498
2001-09-06,,26.61,27.54,27.075,26.889
2001-09-07,,27.54,27.99,27.765,27.675
2001-09-10,,27.59,27.66,27.625,27.611
2001-09-11,,29.12,27.65,28.385,28.679
2001-09-12,,28.24,27.64,27.94,28.06
2001-09-13,,28.2,28.58,28.39,28.314
2001-09-14,,29.22,29.59,29.405,29.331
2001-09-17,,28.32,28.84,28.58,28.476
2001-09-18,,27.54,27.81,27.675,27.621
2001-09-19,,25.44,26.73,26.085,25.827
2001-09-20,,25.57,26.6,26.085,25.879
2001-09-21,,25.17,25.46,25.315,25.257
2001-09-24,,20.63,21.46,21.045,20.879
2001-09-25,,20.13,21.63,20.88,20.58
2001-09-26,,20.67,22.4,21.535,21.189
2001-09-27,,21.47,22.8,22.135,21.869
2001-09-28,,21.87,23.44,22.655,22.341
2001-10-01,,21.22,23.12,22.17,21.79
2001-10-02,,21.29,22.7,21.995,21.713
2001-10-03,,20.63,22.17,21.4,21.092
2001-10-04,,20.94,22.7,21.82,21.468
2001-10-05,,21.46,22.32,21.89,21.718
2001-10-08,,20.91,22.25,21.58,21.312
2001-10-09,,20.65,22.55,21.6,21.22
2001-10-10,,21.02,22.51,21.765,21.467
2001-10-11,,21.38,23.49,22.435,22.013
2001-10-12,,20.57,22.49,21.53,21.146
2001-10-15,,20.36,22.37,21.365,20.963
2001-10-16,,20.47,22.01,21.24,20.932
2001-10-17,,19.47,21.89,20.68,20.196
2001-10-18,,19.21,21.33,20.27,19.846
2001-10-19,,19.91,21.99,20.95,20.534
2001-10-22,,20.38,21.78,21.08,20.8
2001-10-23,,20.56,21.28,20.92,20.776
2001-10-24,,20.37,22,21.185,20.859
2001-10-25,,20.67,21.75,21.21,20.994
2001-10-26,,20.31,22.07,21.19,20.838
2001-10-29,,20.55,22.1,21.325,21.015
2001-10-30,,20.41,21.83,21.12,20.836
2001-10-31,,19.63,21.2,20.415,20.101
2001-11-01,,19.39,20.47,19.93,19.714
2001-11-02,,18.63,20.24,19.435,19.113
2001-11-05,,18.78,20,19.39,19.146
2001-11-06,,18.64,19.93,19.285,19.027
2001-11-07,,18.86,20.11,19.485,19.235
2001-11-08,,19.54,21.21,20.375,20.041
2001-11-09,,20.72,22.23,21.475,21.173
2001-11-12,,19.48,21.26,20.37,20.014
2001-11-13,,20.47,21.56,21.015,20.797
2001-11-14,,18.78,19.63,19.205,19.035
2001-11-15,,16.51,17.5,17.005,16.807
2001-11-16,,16.86,18.09,17.475,17.229
2001-11-19,,16.55,17.74,17.145,16.907
2001-11-20,,18.82,18.71,18.765,18.787
2001-11-21,,18.44,18.38,18.41,18.422
2001-11-22,,19.65,,,
2001-11-23,,19.4,,,
2001-11-26,,18.66,18.69,18.675,18.669
2001-11-27,,19.09,19.57,19.33,19.234
2001-11-28,,18.81,19.37,19.09,18.978
2001-11-29,,18.54,18.55,18.545,18.543
2001-11-30,,18.92,19.46,19.19,19.082
2001-12-03,,20,20.27,20.135,20.081
2001-12-04,,19.28,19.71,19.495,19.409
2001-12-05,,19.27,19.62,19.445,19.375
2001-12-06,,18.57,18.69,18.63,18.606
2001-12-07,,17.81,19.08,18.445,18.191
2001-12-10,,18.03,18.32,18.175,18.117
2001-12-11,,17.61,18.04,17.825,17.739
2001-12-12,,18.13,18.38,18.255,18.205
2001-12-13,,17.8,18.2,18,17.92
2001-12-14,,18.54,19.31,18.925,18.771
2001-12-17,,18.58,19.28,18.93,18.79
2001-12-18,,18.51,19.38,18.945,18.771
2001-12-19,,19.03,19.37,19.2,19.132
2001-12-20,,18.87,18.67,18.77,18.81
2001-12-21,,18.73,19.3,19.015,18.901
2001-12-24,,18.65,,,
2001-12-26,,,21.32,,
2001-12-27,,18.87,21.07,19.97,19.53
2001-12-28,,19.77,20.42,20.095,19.965
2001-12-31,,19.35,19.96,19.655,19.533
2002-01-02,,20.13,21.13,20.63,20.43
2002-01-03,,20.47,20.65,20.56,20.524
2002-01-04,,21.2,21.47,21.335,21.281
2002-01-07,,21.08,21.42,21.25,21.182
2002-01-08,,21.03,20.82,20.925,20.967
2002-01-09,,20.21,20.32,20.265,20.243
2002-01-10,,19.71,20.48,20.095,19.941
2002-01-11,,20.08,19.67,19.875,19.957
2002-01-14,,18.89,18.88,18.885,18.887
2002-01-15,,18.86,18.99,18.925,18.899
2002-01-16,,18.5,18.96,18.73,18.638
2002-01-17,,18.2,18.2,18.2,18.2
2002-01-18,,18.17,18.02,18.095,18.125
2002-01-21,,18.32,,,
2002-01-22,,18.7,18.36,18.53,18.598
2002-01-23,,18.89,19.1,18.995,18.953
2002-01-24,,18.91,19.57,19.24,19.108
2002-01-25,,19.04,19.8,19.42,19.268
2002-01-28,,19.74,20.05,19.895,19.833
2002-01-29,,19.26,19.3,19.28,19.272
2002-01-30,,18.71,19.11,18.91,18.83
2002-01-31,,19.07,19.71,19.39,19.262
2002-02-01,,19.7,20.4,20.05,19.91
2002-02-04,,20.26,20.02,20.14,20.188
2002-02-05,,19.9,20.06,19.98,19.948
2002-02-06,,19.97,19.77,19.87,19.91
2002-02-07,,19.42,19.75,19.585,19.519
2002-02-08,,20.01,20.25,20.13,20.082
2002-02-11,,20.08,21.29,20.685,20.443
2002-02-12,,21.75,20.76,21.255,21.453
2002-02-13,,21.41,21.19,21.3,21.344
2002-02-14,,20.97,21.19,21.08,21.036
2002-02-15,,20.76,21.47,21.115,20.973
2002-02-18,,20.12,,,
2002-02-19,,20.18,20.77,20.475,20.357
2002-02-20,,19.44,20.31,19.875,19.701
2002-02-21,,20.21,20.81,20.51,20.39
2002-02-22,,20.14,20.92,20.53,20.374
2002-02-25,,19.78,20.24,20.01,19.918
2002-02-26,,19.95,21.37,20.66,20.376
2002-02-27,,20.73,21.4,21.065,20.931
2002-02-28,,20.73,21.78,21.255,21.045
2002-03-01,,21.83,22.37,22.1,21.992
2002-03-04,,21.59,22.55,22.07,21.878
2002-03-05,,22.25,23.18,22.715,22.529
2002-03-06,,22.11,23.32,22.715,22.473
2002-03-07,,23.1,23.62,23.36,23.256
2002-03-08,,22.32,23.87,23.095,22.785
2002-03-11,,23.14,24.36,23.75,23.506
2002-03-12,,22.7,24.55,23.625,23.255
2002-03-13,,23.6,24.14,23.87,23.762
2002-03-14,,23.76,24.48,24.12,23.976
2002-03-15,,23.9,24.47,24.185,24.071
2002-03-18,,23.8,25.03,24.415,24.169
2002-03-19,,24.51,25.02,24.765,24.663
2002-03-20,,24.78,24.92,24.85,24.822
2002-03-21,,24.25,25.74,24.995,24.697
2002-03-22,,24.83,25.56,25.195,25.049
2002-03-25,,24.75,25.69,25.22,25.032
2002-03-26,,24.6,25.75,25.175,24.945
2002-03-27,,25.13,25.79,25.46,25.328
2002-03-28,,25.34,26.21,25.775,25.601
2002-03-29,,25.34,,,
2002-04-01,,26.06,26.82,26.44,26.288
2002-04-02,,26.97,27.75,27.36,27.204
2002-04-03,,26.72,27.55,27.135,26.969
2002-04-04,,26.97,26.64,26.805,26.871
2002-04-05,,25.39,26.21,25.8,25.636
2002-04-08,,26.36,26.16,26.26,26.3
2002-04-09,,25.48,25.45,25.465,25.471
2002-04-10,,25.13,26.15,25.64,25.436
2002-04-11,,24.22,24.93,24.575,24.433
2002-04-12,,23.25,23.51,23.38,23.328
2002-04-15,,23.39,24.53,23.96,23.732
2002-04-16,,24.03,24.92,24.475,24.297
2002-04-17,,25.26,25.94,25.6,25.464
2002-04-18,,25.9,25.86,25.88,25.888
2002-04-19,,25.86,26.43,26.145,26.031
2002-04-22,,25.96,26.28,26.12,26.056
2002-04-23,,26.26,26.28,26.27,26.266
2002-04-24,,26.2,26.28,26.24,26.224
2002-04-25,,26.47,26.36,26.415,26.437
2002-04-26,,26.32,27.12,26.72,26.56
2002-04-29,,26.85,27.45,27.15,27.03
2002-04-30,,26.98,27.32,27.15,27.082
2002-05-01,,26.67,26.58,26.625,26.643
2002-05-02,,25.73,26.31,26.02,25.904
2002-05-03,,25.8,26.75,26.275,26.085
2002-05-06,,,26.11,,
2002-05-07,,25.53,26.79,26.16,25.908
2002-05-08,,26.09,27.76,26.925,26.591
2002-05-09,,26.09,27.78,26.935,26.597
2002-05-10,,26.89,27.92,27.405,27.199
2002-05-13,,26.3,28.62,27.46,26.996
2002-05-14,,27.12,29.17,28.145,27.735
2002-05-15,,27.17,28.17,27.67,27.47
2002-05-16,,25.71,28,26.855,26.397
2002-05-17,,25.45,28.19,26.82,26.272
2002-05-20,,25.97,28.24,27.105,26.651
2002-05-21,,24.99,27.35,26.17,25.698
2002-05-22,,24.32,27.01,25.665,25.127
2002-05-23,,24.01,26.6,25.305,24.787
2002-05-24,,23.76,26.69,25.225,24.639
2002-05-27,,23.52,,,
2002-05-28,,24.71,25.08,24.895,24.821
2002-05-29,,24.18,25.64,24.91,24.618
2002-05-30,,23.72,24.78,24.25,24.038
2002-05-31,,23.87,25.37,24.62,24.32
2002-06-03,,,25.1,,
2002-06-04,,,25.32,,
2002-06-05,,23.19,25.02,24.105,23.739
2002-06-06,,22.79,24.89,23.84,23.42
2002-06-07,,22.99,24.72,23.855,23.509
2002-06-10,,22.83,24.24,23.535,23.253
2002-06-11,,22.37,24.21,23.29,22.922
2002-06-12,,23.09,24.79,23.94,23.6
2002-06-13,,23.72,25.54,24.63,24.266
2002-06-14,,23.97,25.9,24.935,24.549
2002-06-17,,24.69,25.98,25.335,25.077
2002-06-18,,24.64,25.36,25,24.856
2002-06-19,,24.85,25.57,25.21,25.066
2002-06-20,,24.42,25.62,25.02,24.78
2002-06-21,,24.14,25.51,24.825,24.551
2002-06-24,,24.99,26.31,25.65,25.386
2002-06-25,,25.32,26.06,25.69,25.542
2002-06-26,,24.75,26.67,25.71,25.326
2002-06-27,,25.39,26.77,26.08,25.804
2002-06-28,,25.33,26.79,26.06,25.768
2002-07-01,,25.65,26.79,26.22,25.992
2002-07-02,,25.64,26.83,26.235,25.997
2002-07-03,,25.59,26.82,26.205,25.959
2002-07-04,,25.51,,,
2002-07-05,,25.75,,,
2002-07-08,,25.08,26.14,25.61,25.398
2002-07-09,,24.9,26.16,25.53,25.278
2002-07-10,,25.82,26.73,26.275,26.093
2002-07-11,,25.83,27.01,26.42,26.184
2002-07-12,,26.11,27.48,26.795,26.521
2002-07-15,,26.16,27.23,26.695,26.481
2002-07-16,,25.94,27.68,26.81,26.462
2002-07-17,,26.19,27.88,27.035,26.697
2002-07-18,,26.72,27.5,27.11,26.954
2002-07-19,,26.37,27.83,27.1,26.808
2002-07-22,,25.7,26.61,26.155,25.973
2002-07-23,,25.65,26.61,26.13,25.938
2002-07-24,,25.43,26.78,26.105,25.835
2002-07-25,,25.36,26.67,26.015,25.753
2002-07-26,,25.1,26.55,25.825,25.535
2002-07-29,,25.2,26.54,25.87,25.602
2002-07-30,,25.95,27.43,26.69,26.394
2002-07-31,,26.28,27.02,26.65,26.502
2002-08-01,,25.79,26.51,26.15,26.006
2002-08-02,,25.17,26.87,26.02,25.68
2002-08-05,,25.2,26.55,25.875,25.605
2002-08-06,,25.69,27.18,26.435,26.137
2002-08-07,,25.7,26.58,26.14,25.964
2002-08-08,,25.51,26.67,26.09,25.858
2002-08-09,,25.49,26.87,26.18,25.904
2002-08-12,,25.63,27.84,26.735,26.293
2002-08-13,,26.11,28.35,27.23,26.782
2002-08-14,,26.47,28.19,27.33,26.986
2002-08-15,,26.66,28.99,27.825,27.359
2002-08-16,,27.33,29.24,28.285,27.903
2002-08-19,,27.44,29.86,28.65,28.166
2002-08-20,,27.63,30.12,28.875,28.377
2002-08-21,,27.53,30.37,28.95,28.382
2002-08-22,,27.81,30.11,28.96,28.5
2002-08-23,,27.51,29.99,28.75,28.254
2002-08-26,,27.56,29.23,28.395,28.061
2002-08-27,,27.89,28.84,28.365,28.175
2002-08-28,,27.54,28.31,27.925,27.771
2002-08-29,,27.11,28.83,27.97,27.626
2002-08-30,,27.56,28.97,28.265,27.983
2002-09-02,,27.45,,,
2002-09-03,,26.58,27.76,27.17,26.934
2002-09-04,,27.31,28.28,27.795,27.601
2002-09-05,,27.54,29.06,28.3,27.996
2002-09-06,,28.36,29.51,28.935,28.705
2002-09-09,,28.67,29.8,29.235,29.009
2002-09-10,,28.92,29.62,29.27,29.13
2002-09-11,,28.68,29.77,29.225,29.007
2002-09-12,,27.76,28.95,28.355,28.117
2002-09-13,,28.53,29.83,29.18,28.92
2002-09-16,,28.38,29.14,28.76,28.608
2002-09-17,,27.76,29.08,28.42,28.156
2002-09-18,,28.41,29.57,28.99,28.758
2002-09-19,,28.45,29.49,28.97,28.762
2002-09-20,,28.61,29.65,29.13,28.922
2002-09-23,,29.36,30.85,30.105,29.807
2002-09-24,,29.47,30.79,30.13,29.866
2002-09-25,,29.11,30.69,29.9,29.584
2002-09-26,,28.93,30.31,29.62,29.344
2002-09-27,,29,30.53,29.765,29.459
2002-09-30,,29.11,30.59,29.85,29.554
2002-10-01,,29.42,30.71,30.065,29.807
2002-10-02,,29.14,30.59,29.865,29.575
2002-10-03,,28.46,29.73,29.095,28.841
2002-10-04,,28.32,29.65,28.985,28.719
2002-10-07,,28.38,29.65,29.015,28.761
2002-10-08,,28.28,29.56,28.92,28.664
2002-10-09,,28.29,29.31,28.8,28.596
2002-10-10,,27.7,28.96,28.33,28.078
2002-10-11,,28.18,29.36,28.77,28.534
2002-10-14,,28.56,30.06,29.31,29.01
2002-10-15,,28.66,29.73,29.195,28.981
2002-10-16,,28.61,29.28,28.945,28.811
2002-10-17,,28.22,29.61,28.915,28.637
2002-10-18,,28.2,29.56,28.88,28.608
2002-10-21,,27.01,28.31,27.66,27.4
2002-10-22,,26.69,27.93,27.31,27.062
2002-10-23,,26.68,28.19,27.435,27.133
2002-10-24,,26.78,27.87,27.325,27.107
2002-10-25,,25.96,27.09,26.525,26.299
2002-10-28,,25.44,27.25,26.345,25.983
2002-10-29,,25.71,26.81,26.26,26.04
2002-10-30,,25.29,26.85,26.07,25.758
2002-10-31,,25.51,27.18,26.345,26.011
2002-11-01,,25.78,27.04,26.41,26.158
2002-11-04,,25.21,26.89,26.05,25.714
2002-11-05,,24.66,26.06,25.36,25.08
2002-11-06,,23.73,25.72,24.725,24.327
2002-11-07,,24.36,25.36,24.86,24.66
2002-11-08,,23.54,25.83,24.685,24.227
2002-11-11,,23.86,26.02,24.94,24.508
2002-11-12,,24.01,26.19,25.1,24.664
2002-11-13,,22.96,25.28,24.12,23.656
2002-11-14,,22.82,25.4,24.11,23.594
2002-11-15,,23.33,25.5,24.415,23.981
2002-11-18,,23.41,26.71,25.06,24.4
2002-11-19,,24.05,26.41,25.23,24.758
2002-11-20,,24.05,27,25.525,24.935
2002-11-21,,24.52,27.07,25.795,25.285
2002-11-22,,24.79,27.73,26.26,25.672
2002-11-25,,24.85,27.01,25.93,25.498
2002-11-26,,24.56,26.6,25.58,25.172
2002-11-27,,25.11,26.87,25.99,25.638
2002-11-28,,25.7,,,
2002-11-29,,25.74,,,
2002-12-02,,25.73,27.27,26.5,26.192
2002-12-03,,26.09,27.34,26.715,26.465
2002-12-04,,25.99,26.8,26.395,26.233
2002-12-05,,26.07,27.27,26.67,26.43
2002-12-06,,25.67,27.03,26.35,26.078
2002-12-09,,26.06,27.29,26.675,26.429
2002-12-10,,26.35,27.73,27.04,26.764
2002-12-11,,26.85,27.49,27.17,27.042
2002-12-12,,27.29,28.2,27.745,27.563
2002-12-13,,27.64,28.39,28.015,27.865
2002-12-16,,28.73,30.15,29.44,29.156
2002-12-17,,29.25,30.04,29.645,29.487
2002-12-18,,29.95,30.41,30.18,30.088
2002-12-19,,30.26,30.57,30.415,30.353
2002-12-20,,29.59,30.57,30.08,29.884
2002-12-23,,30.61,32.09,31.35,31.054
2002-12-24,,30.93,32.13,31.53,31.29
2002-12-26,,,32.61,,
2002-12-27,,31.49,32.68,32.085,31.847
2002-12-30,,32.02,31.41,31.715,31.837
2002-12-31,,30.12,31.21,30.665,30.447
2003-01-02,30.05,30.32,31.97,31.145,30.815
2003-01-03,30.83,31.43,33.26,32.345,31.979
2003-01-06,30.71,31.43,32.29,31.86,31.688
2003-01-07,29.72,30.78,31.2,30.99,30.906
2003-01-08,28.86,29.3,30.66,29.98,29.708
2003-01-09,29.51,30.26,31.95,31.105,30.767
2003-01-10,29.82,30.07,31.59,30.83,30.526
2003-01-13,29.82,30.46,32.08,31.27,30.946
2003-01-14,30.21,31.36,32.42,31.89,31.678
2003-01-15,30.66,31.73,33.23,32.48,32.18
2003-01-16,30.87,32.29,33.58,32.935,32.677
2003-01-17,31.02,31.57,33.88,32.725,32.263
2003-01-20,31.21,32.23,,,
2003-01-21,30.9,31.72,34.62,33.17,32.59
2003-01-22,30.89,32.07,34.32,33.195,32.745
2003-01-23,30.18,31.4,33.9,32.65,32.15
2003-01-24,30.56,31.62,34.98,33.3,32.628
2003-01-27,30.16,31.02,32.43,31.725,31.443
2003-01-28,29.83,30.73,32.7,31.715,31.321
2003-01-29,30.3,31.26,33.54,32.4,31.944
2003-01-30,30.58,31.42,33.78,32.6,32.128
2003-01-31,30.71,31.57,33.51,32.54,32.152
2003-02-03,30.29,30.95,32.84,31.895,31.517
2003-02-04,29.98,31.13,33.61,32.37,31.874
2003-02-05,30.52,31.77,33.91,32.84,32.412
2003-02-06,30.77,31.81,34.36,33.085,32.575
2003-02-07,31.25,32.23,35.05,33.64,33.076
2003-02-10,31.38,32.47,34.46,33.465,33.067
2003-02-11,31.35,32.51,35.43,33.97,33.386
2003-02-12,31.3,32.46,35.83,34.145,33.471
2003-02-13,31.91,33.23,36.63,34.93,34.25
2003-02-14,32.33,33.26,36.61,34.935,34.265
2003-02-17,31.9,33.06,,,
2003-02-18,31.85,33.26,36.88,35.07,34.346
2003-02-19,31.95,33.16,37.02,35.09,34.318
2003-02-20,31.48,32.76,36.45,34.605,33.867
2003-02-21,31.84,32.76,36.76,34.76,33.96
2003-02-24,32.44,33.41,37.29,35.35,34.574
2003-02-25,32.73,33.64,36.06,34.85,34.366
2003-02-26,32.49,33.46,37.96,35.71,34.81
2003-02-27,32.48,34.09,36.83,35.46,34.912
2003-02-28,32.63,34,36.76,35.38,34.828
2003-03-03,31.63,33.4,36.1,34.75,34.21
2003-03-04,32.12,34.37,36.95,35.66,35.144
2003-03-05,32.29,33.92,36.86,35.39,34.802
2003-03-06,32.5,34.39,37.21,35.8,35.236
2003-03-07,32.79,34.47,37.76,36.115,35.457
2003-03-10,33.11,34.94,37.18,36.06,35.612
2003-03-11,32.54,34.06,36.81,35.435,34.885
2003-03-12,32.74,34.16,37.87,36.015,35.273
2003-03-13,32.42,33.98,36.05,35.015,34.601
2003-03-14,30.98,31.48,35.41,33.445,32.659
2003-03-17,29.8,30.35,34.92,32.635,31.721
2003-03-18,27.69,28.55,31.55,30.05,29.45
2003-03-19,27.12,28.4,30.01,29.205,28.883
2003-03-20,26.51,28,28.62,28.31,28.186
2003-03-21,24.81,25.59,27.18,26.385,26.067
2003-03-24,25.7,26.54,29.51,28.025,27.431
2003-03-25,26.84,27.28,33.42,30.35,29.122
2003-03-26,25.54,25.98,28.71,27.345,26.799
2003-03-27,26.66,27.29,30.31,28.8,28.196
2003-03-28,27.23,27.66,30.21,28.935,28.425
2003-03-31,27.22,28.05,31.14,29.595,28.977
2003-04-01,26.8,27.94,29.48,28.71,28.402
2003-04-02,25.76,26.29,28.55,27.42,26.968
2003-04-03,26,26.75,29.05,27.9,27.44
2003-04-04,25.38,25.62,28.41,27.015,26.457
2003-04-07,24.91,25.27,27.76,26.515,26.017
2003-04-08,25.33,24.88,27.97,26.425,25.807
2003-04-09,25.59,25.11,28.93,27.02,26.256
2003-04-10,25.4,25.16,27.2,26.18,25.772
2003-04-11,24.96,24.39,28.28,26.335,25.557
2003-04-14,25.35,24.72,28.41,26.565,25.827
2003-04-15,25.56,24.74,29.46,27.1,26.156
2003-04-16,25.71,24.86,29.16,27.01,26.15
2003-04-17,26.25,25.36,30.1,27.73,26.782
2003-04-18,,25.76,,,
2003-04-21,26.64,25.76,30.76,28.26,27.26
2003-04-22,26.24,25.72,29.92,27.82,26.98
2003-04-23,25.14,24.56,28.04,26.3,25.604
2003-04-24,23.97,24.06,27.52,25.79,25.098
2003-04-25,24.4,24.29,25.92,25.105,24.779
2003-04-28,23.64,23.42,25.25,24.335,23.969
2003-04-29,23.27,23.23,25.32,24.275,23.857
2003-04-30,23.72,23.6,26.09,24.845,24.347
2003-05-01,23.85,23.79,26.05,24.92,24.468
2003-05-02,23.84,23.73,25.74,24.735,24.333
2003-05-05,23.99,23.59,26.43,25.01,24.442
2003-05-06,23.92,23.91,25.65,24.78,24.432
2003-05-07,23.89,24.01,26.24,25.125,24.679
2003-05-08,24.44,24.48,26.94,25.71,25.218
2003-05-09,25.14,25.55,27.65,26.6,26.18
2003-05-12,25.32,25.69,27.34,26.515,26.185
2003-05-13,25.41,25.45,28.51,26.98,26.368
2003-05-14,26.13,25.98,29.21,27.595,26.949
2003-05-15,26.21,26.77,28.57,27.67,27.31
2003-05-16,26.24,27.18,29.07,28.125,27.747
2003-05-19,26.53,27.23,28.84,28.035,27.713
2003-05-20,26.1,26.69,29.29,27.99,27.47
2003-05-21,26.64,27.58,29.51,28.545,28.159
2003-05-22,26.53,27.32,29.09,28.205,27.851
2003-05-23,26.85,27.14,29.74,28.44,27.92
2003-05-26,26.87,26.78,,,
2003-05-27,26.48,26.55,29.24,27.895,27.357
2003-05-28,26.49,26.48,28.46,27.47,27.074
2003-05-29,26.27,26.39,29.15,27.77,27.218
2003-05-30,26.71,26.58,29.56,28.07,27.474
2003-06-02,27.1,27.56,30.72,29.14,28.508
2003-06-03,27.09,27.99,30.78,29.385,28.827
2003-06-04,26.72,27.49,29.81,28.65,28.186
2003-06-05,26.77,28.16,30.84,29.5,28.964
2003-06-06,27.3,28.38,31.26,29.82,29.244
2003-06-09,27.53,28.62,31.36,29.99,29.442
2003-06-10,27.51,28.44,31.72,30.08,29.424
2003-06-11,27.86,28.97,32.17,30.57,29.93
2003-06-12,27.48,28.48,31.41,29.945,29.359
2003-06-13,26.7,27.39,30.63,29.01,28.362
2003-06-16,26.44,27.5,31.14,29.32,28.592
2003-06-17,26.37,27.14,31.08,29.11,28.322
2003-06-18,25.88,26.43,30.28,28.355,27.585
2003-06-19,25.6,26.21,29.86,28.035,27.305
2003-06-20,26.34,27.13,30.63,28.88,28.18
2003-06-23,26.54,27.13,30.22,28.675,28.057
2003-06-24,26.26,26.96,30.05,28.505,27.887
2003-06-25,26.58,27.34,31.65,29.495,28.633
2003-06-26,26.62,27.06,28.97,28.015,27.633
2003-06-27,26.55,27.45,29.18,28.315,27.969
2003-06-30,27.11,28.88,30.15,29.515,29.261
2003-07-01,27.19,28.33,30.41,29.37,28.954
2003-07-02,27.31,28.2,30.29,29.245,28.827
2003-07-03,27.6,28.63,30.39,29.51,29.158
2003-07-04,27.19,27.97,,,
2003-07-07,27.04,27.23,30.08,28.655,28.085
2003-07-08,26.83,27.95,30.32,29.135,28.661
2003-07-09,27.43,28.21,30.87,29.54,29.008
2003-07-10,27.98,29.37,31.04,30.205,29.871
2003-07-11,28.14,29.36,31.33,30.345,29.951
2003-07-14,28.02,28.52,31.2,29.86,29.324
2003-07-15,27.98,28.87,31.6,30.235,29.689
2003-07-16,27.87,28.51,31.2,29.855,29.317
2003-07-17,27.93,28.59,31.44,30.015,29.445
2003-07-18,28.23,29.2,31.96,30.58,30.028
2003-07-21,27.98,28.01,31.67,29.84,29.108
2003-07-22,27.17,28.4,30.2,29.3,28.94
2003-07-23,27,27.67,30.13,28.9,28.408
2003-07-24,27.23,27.73,30.72,29.225,28.627
2003-07-25,27.38,28.3,30.31,29.305,28.903
2003-07-28,27.02,27.71,29.98,28.845,28.391
2003-07-29,27.18,28.27,30.21,29.24,28.852
2003-07-30,27.31,28.31,30.69,29.5,29.024
2003-07-31,27.52,28.68,30.56,29.62,29.244
2003-08-01,28.21,29.63,32.23,30.93,30.41
2003-08-04,28.66,29.91,31.8,30.855,30.477
2003-08-05,28.8,30.37,32.34,31.355,30.961
2003-08-06,28.88,30.01,31.77,30.89,30.538
2003-08-07,29.07,30.06,32.41,31.235,30.765
2003-08-08,29.22,30.59,32.23,31.41,31.082
2003-08-11,29.02,30.05,31.91,30.98,30.608
2003-08-12,28.97,30.13,31.91,31.02,30.664
2003-08-13,28.61,29.66,30.85,30.255,30.017
2003-08-14,28.02,28.96,30.85,29.905,29.527
2003-08-15,28.42,29.18,31.01,30.095,29.729
2003-08-18,28.32,29.88,30.81,30.345,30.159
2003-08-19,27.94,29.18,30.76,29.97,29.654
2003-08-20,28.02,29.28,30.96,30.12,29.784
2003-08-21,28.73,29.95,31.78,30.865,30.499
2003-08-22,29.17,30.22,31.64,30.93,30.646
2003-08-25,29.01,29.98,31.43,30.705,30.415
2003-08-26,29.04,30.08,32.01,31.045,30.659
2003-08-27,28.77,30.05,31.18,30.615,30.389
2003-08-28,28.8,30.1,31.41,30.755,30.493
2003-08-29,28.9,30.38,31.76,31.07,30.794
2003-09-01,28.62,29.64,,,
2003-09-02,27.52,28.08,29.57,28.825,28.527
2003-09-03,26.86,27.89,29.43,28.66,28.352
2003-09-04,26.69,27.49,28.87,28.18,27.904
2003-09-05,26.35,27.72,28.93,28.325,28.083
2003-09-08,26.41,28.47,28.85,28.66,28.584
2003-09-09,26.44,27.64,29.22,28.43,28.114
2003-09-10,26.52,27.76,29.41,28.585,28.255
2003-09-11,26.48,27.48,28.86,28.17,27.894
2003-09-12,25.94,26.52,28.26,27.39,27.042
2003-09-15,25.79,26.38,28.15,27.265,26.911
2003-09-16,25.59,26.28,27.6,26.94,26.676
2003-09-17,25.16,25.76,27,26.38,26.132
2003-09-18,24.9,25.56,27.26,26.41,26.07
2003-09-19,24.82,25.51,26.93,26.22,25.936
2003-09-22,24.82,25.82,26.97,26.395,26.165
2003-09-23,25.14,25.74,27,26.37,26.118
2003-09-24,25.59,26.81,28.19,27.5,27.224
2003-09-25,26.37,27.04,28.29,27.665,27.415
2003-09-26,26.11,27.02,28.21,27.615,27.377
2003-09-29,26.38,27.77,28.35,28.06,27.944
2003-09-30,26.82,28.09,29.19,28.64,28.42
2003-10-01,27.08,27.98,29.43,28.705,28.415
2003-10-02,27.6,28.9,29.83,29.365,29.179
2003-10-03,27.85,29.14,30.37,29.755,29.509
2003-10-06,28.19,29.75,30.4,30.075,29.945
2003-10-07,28.11,29.35,30.48,29.915,29.689
2003-10-08,27.99,28.96,29.6,29.28,29.152
2003-10-09,28.6,30.21,30.97,30.59,30.438
2003-10-10,29.88,31.13,32.01,31.57,31.394
2003-10-13,29.75,31,31.91,31.455,31.273
2003-10-14,29.78,31.45,31.68,31.565,31.519
2003-10-15,29.66,31.23,31.74,31.485,31.383
2003-10-16,29.74,31.05,31.51,31.28,31.188
2003-10-17,28.89,30.27,30.61,30.44,30.372
2003-10-20,28.4,29.78,30.37,30.075,29.957
2003-10-21,28.4,29.61,30.19,29.9,29.784
2003-10-22,28.16,29.25,30,29.625,29.475
2003-10-23,28.1,29.63,30.31,29.97,29.834
2003-10-24,28.23,30.01,29.99,30,30.004
2003-10-27,28.12,29.38,29.95,29.665,29.551
2003-10-28,27.77,28.99,29.57,29.28,29.164
2003-10-29,27.58,28.56,28.95,28.755,28.677
2003-10-30,26.98,27.47,28.67,28.07,27.83
2003-10-31,27.17,27.88,29.24,28.56,28.288
2003-11-03,27.19,27.78,28.81,28.295,28.089
2003-11-04,26.77,27.32,28.86,28.09,27.782
2003-11-05,27.49,27.9,30.29,29.095,28.617
2003-11-06,27.84,28.52,30.25,29.385,29.039
2003-11-07,28.3,28.73,30.73,29.73,29.33
2003-11-10,28.58,28.82,31.01,29.915,29.477
2003-11-11,28.63,28.88,31.21,30.045,29.579
2003-11-12,28.63,28.58,31.37,29.975,29.417
2003-11-13,28.94,29.01,31.89,30.45,29.874
2003-11-14,29.26,29.78,32.31,31.045,30.539
2003-11-17,28.9,28.98,31.75,30.365,29.811
2003-11-18,29.21,29.26,33.16,31.21,30.43
2003-11-19,29.79,30.13,32.84,31.485,30.943
2003-11-20,29.45,29.88,32.87,31.375,30.777
2003-11-21,29.41,29.79,32.26,31.025,30.531
2003-11-24,28.29,27.99,29.99,28.99,28.59
2003-11-25,27.98,27.62,30.02,28.82,28.34
2003-11-26,28.15,28.23,30.33,29.28,28.86
2003-11-27,28.39,28.9,,,
2003-11-28,28.45,28.95,,,
2003-12-01,27.92,28.17,29.89,29.03,28.686
2003-12-02,28.43,29.1,30.74,29.92,29.592
2003-12-03,28.68,29.26,30.61,29.935,29.665
2003-12-04,29.02,29.25,31.24,30.245,29.847
2003-12-05,28.69,28.87,30.68,29.775,29.413
2003-12-08,29.47,30.52,32.08,31.3,30.988
2003-12-09,29.73,30.27,31.72,30.995,30.705
2003-12-10,29.64,30.02,31.92,30.97,30.59
2003-12-11,29.42,29.79,32.01,30.9,30.456
2003-12-12,29.9,30.24,33.06,31.65,31.086
2003-12-15,30.04,30.89,33.17,32.03,31.574
2003-12-16,30.34,30.64,32.94,31.79,31.33
2003-12-17,30.45,31.01,33.36,32.185,31.715
2003-12-18,30.73,30.79,33.72,32.255,31.669
2003-12-19,30.71,31.03,32.81,31.92,31.564
2003-12-22,29.62,28.78,31.71,30.245,29.659
2003-12-23,29.13,28.3,32.03,30.165,29.419
2003-12-24,29.91,29.45,32.99,31.22,30.512
2003-12-29,29.53,29.17,32.51,30.84,30.172
2003-12-30,29.73,30.1,33.01,31.555,30.973
2003-12-31,29.87,30.3,32.51,31.405,30.963
2004-01-02,29.41,29.55,,,
2004-01-05,29.85,32.3,33.71,33.005,32.723
2004-01-06,30.33,31.2,33.54,32.37,31.902
2004-01-07,30.23,30.99,33.57,32.28,31.764
2004-01-08,30.41,31.11,34.27,32.69,32.058
2004-01-09,30.88,31.91,34.38,33.145,32.651
2004-01-12,30.96,31.41,34.92,33.165,32.463
2004-01-13,31.08,32.55,34.26,33.405,33.063
2004-01-14,30.53,31.84,34.62,33.23,32.674
2004-01-15,30.37,31.43,33.61,32.52,32.084
2004-01-16,30.27,31.26,35.16,33.21,32.43
2004-01-19,30.73,31.67,,,
2004-01-20,31.01,32.26,36.21,34.235,33.445
2004-01-21,30.74,31.95,35.53,33.74,33.024
2004-01-22,30.71,31.42,35.12,33.27,32.53
2004-01-23,30.74,32.08,34.94,33.51,32.938
2004-01-26,30.17,31.15,34.41,32.78,32.128
2004-01-27,29.99,31.05,33.99,32.52,31.932
2004-01-28,29.49,30.77,33.63,32.2,31.628
2004-01-29,28.98,29.47,32.86,31.165,30.487
2004-01-30,28.68,29.53,33.16,31.345,30.619
2004-02-02,29.06,30.3,34.02,32.16,31.416
2004-02-03,29.19,30.07,34.2,32.135,31.309
2004-02-04,28.55,29.63,33.06,31.345,30.659
2004-02-05,28.2,29.02,33.26,31.14,30.292
2004-02-06,28.2,29.26,32.49,30.875,30.229
2004-02-09,28.09,29.1,32.91,31.005,30.243
2004-02-10,28.75,30.06,34.03,32.045,31.251
2004-02-11,29.13,30.33,33.93,32.13,31.41
2004-02-12,28.96,30.17,34.03,32.1,31.328
2004-02-13,29.74,30.96,34.51,32.735,32.025
2004-02-16,29.72,31.08,,,
2004-02-17,30.08,31.43,35.13,33.28,32.54
2004-02-18,30.52,31.57,35.42,33.495,32.725
2004-02-19,30.44,31.63,35.81,33.72,32.884
2004-02-20,30.17,31.22,35.8,33.51,32.594
2004-02-23,30.2,31.89,35.75,33.82,33.048
2004-02-24,30.55,31.6,35.85,33.725,32.875
2004-02-25,30.89,32.46,37.28,34.87,33.906
2004-02-26,31,32.45,35.45,33.95,33.35
2004-02-27,31.13,32.94,36.08,34.51,33.882
2004-03-01,31.82,33.34,36.85,35.095,34.393
2004-03-02,32.48,34.15,36.6,35.375,34.885
2004-03-03,31.82,33.32,35.8,34.56,34.064
2004-03-04,32.05,33.45,36.81,35.13,34.458
2004-03-05,32.75,34.4,37.31,35.855,35.273
2004-03-08,32.59,34.27,36.53,35.4,34.948
2004-03-09,32.3,33.72,36.29,35.005,34.491
2004-03-10,31.67,32.83,36.21,34.52,33.844
2004-03-11,31.95,33.22,36.95,35.085,34.339
2004-03-12,31.94,32.76,36.21,34.485,33.795
2004-03-15,32.3,34.39,37.44,35.915,35.305
2004-03-16,32.59,34.72,37.36,36.04,35.512
2004-03-17,32.95,34.95,38.21,36.58,35.928
2004-03-18,33.03,34.43,37.81,36.12,35.444
2004-03-19,33.01,34.33,38.09,36.21,35.458
2004-03-22,32.46,33.57,37.12,35.345,34.635
2004-03-23,32.83,34.4,37.81,36.105,35.423
2004-03-24,32.85,34.14,37.06,35.6,35.016
2004-03-25,31.93,33.32,35.67,34.495,34.025
2004-03-26,31.57,32.51,35.61,34.06,33.44
2004-03-29,31.13,32.04,35.41,33.725,33.051
2004-03-30,31.7,33.04,36.15,34.595,33.973
2004-03-31,31.49,32.29,35.75,34.02,33.328
2004-04-01,30.79,32.59,34.47,33.53,33.154
2004-04-02,30.18,31.19,34.39,32.79,32.15
2004-04-05,29.9,31.17,34.29,32.73,32.106
2004-04-06,30.22,31.48,35.09,33.285,32.563
2004-04-07,31.32,33.07,36.28,34.675,34.033
2004-04-08,32.37,33.98,37.14,35.56,34.928
2004-04-09,,34.03,,,
2004-04-12,32.92,34.51,37.79,36.15,35.494
2004-04-13,32.6,34.15,37.09,35.62,35.032
2004-04-14,32.1,33.54,36.62,35.08,34.464
2004-04-15,32.54,33.72,37.74,35.73,34.926
2004-04-16,32.85,33.85,37.7,35.775,35.005
2004-04-19,32.89,34.71,37.46,36.085,35.535
2004-04-20,32.45,33.56,37.61,35.585,34.775
2004-04-21,32.15,33.23,36.61,34.92,34.244
2004-04-22,32.5,33.24,37.7,35.47,34.578
2004-04-23,32.58,33.78,37.22,35.5,34.812
2004-04-26,32.87,34.18,37.02,35.6,35.032
2004-04-27,33.32,34.11,37.49,35.8,35.124
2004-04-28,33.67,35.02,37.23,36.125,35.683
2004-04-29,33.33,34.66,37.5,36.08,35.512
2004-04-30,33.99,35.23,37.31,36.27,35.854
2004-05-03,34.13,34.97,38.26,36.615,35.957
2004-05-04,34.71,36.07,38.86,37.465,36.907
2004-05-05,35.3,36.58,39.69,38.135,37.513
2004-05-06,35.88,37.05,39.41,38.23,37.758
2004-05-07,36.12,37.25,39.98,38.615,38.069
2004-05-10,35.42,35.83,38.9,37.365,36.751
2004-05-11,35.57,36.97,40.3,38.635,37.969
2004-05-12,36.74,37.95,40.3,39.125,38.655
2004-05-13,36.93,38.3,40.94,39.62,39.092
2004-05-14,37.67,39.04,41.42,40.23,39.754
2004-05-17,37.72,38.88,41.53,40.205,39.675
2004-05-18,36.93,38.43,40.32,39.375,38.997
2004-05-19,37.12,38.35,41.61,39.98,39.328
2004-05-20,37.44,38.89,40.92,39.905,39.499
2004-05-21,36.4,37.6,39.83,38.715,38.269
2004-05-24,37.05,39.22,42.03,40.625,40.063
2004-05-25,37.36,38.46,41.45,39.955,39.357
2004-05-26,36.99,38.05,40.6,39.325,38.815
2004-05-27,36.02,37.03,39.25,38.14,37.696
2004-05-28,36.01,37,39.9,38.45,37.87
2004-05-31,36.17,37,,,
2004-06-01,37.64,39.05,42.33,40.69,40.034
2004-06-02,36.8,37.99,39.96,38.975,38.581
2004-06-03,35.86,36.26,39.29,37.775,37.169
2004-06-04,34.94,35.97,38.44,37.205,36.711
2004-06-07,34.64,35.57,38.72,37.145,36.515
2004-06-08,34.45,35.47,37.18,36.325,35.983
2004-06-09,33.91,34.69,37.6,36.145,35.563
2004-06-10,34.59,35.75,38.45,37.1,36.56
2004-06-11,34.59,35.23,,,
2004-06-14,34.29,35.22,37.58,36.4,35.928
2004-06-15,33.72,34.66,37.18,35.92,35.416
2004-06-16,33.93,34.56,37.33,35.945,35.391
2004-06-17,34.69,35.58,38.51,37.045,36.459
2004-06-18,35.19,35.43,38.68,37.055,36.405
2004-06-21,34.65,34.82,37.69,36.255,35.681
2004-06-22,34.36,34.95,38.11,36.53,35.898
2004-06-23,34.24,34.81,37.56,36.185,35.635
2004-06-24,34.1,34.71,37.81,36.26,35.64
2004-06-25,33.95,34.25,37.34,35.795,35.177
2004-06-28,33.07,33.24,36.25,34.745,34.143
2004-06-29,32.5,32.61,35.6,34.105,33.507
2004-06-30,32.68,33.22,36.92,35.07,34.33
2004-07-01,34,35.58,38.56,37.07,36.474
2004-07-02,34.75,35.36,38.37,36.865,36.263
2004-07-05,34.88,35.73,,,
2004-07-06,35.58,36.47,39.56,38.015,37.397
2004-07-07,35.47,35.62,39.18,37.4,36.688
2004-07-08,35.91,37.13,40.27,38.7,38.072
2004-07-09,36.05,37.58,39.9,38.74,38.276
2004-07-12,35.83,37.73,39.3,38.515,38.201
2004-07-13,35.13,36.68,39.55,38.115,37.541
2004-07-14,35.79,37.51,40.98,39.245,38.551
2004-07-15,36.58,38.41,40.7,39.555,39.097
2004-07-16,36.81,38.49,41.1,39.795,39.273
2004-07-19,36.89,39.07,41.55,40.31,39.814
2004-07-20,36.49,38.96,40.86,39.91,39.53
2004-07-21,36.16,38.48,40.63,39.555,39.125
2004-07-22,36.6,39.16,41.51,40.335,39.865
2004-07-23,36.96,39.59,41.82,40.705,40.259
2004-07-26,37.02,39.75,41.45,40.6,40.26
2004-07-27,37.27,40.09,41.83,40.96,40.612
2004-07-28,37.95,41.08,42.81,41.945,41.599
2004-07-29,37.94,40.93,42.69,41.81,41.458
2004-07-30,38.69,41.47,43.72,42.595,42.145
2004-08-02,39.04,41.35,43.83,42.59,42.094
2004-08-03,39.33,41.82,44.13,42.975,42.513
2004-08-04,39.29,41.75,42.73,42.24,42.044
2004-08-05,39.55,42.49,44.39,43.44,43.06
2004-08-06,39.67,42.63,43.95,43.29,43.026
2004-08-09,40.04,43.21,44.86,44.035,43.705
2004-08-10,40,42.5,44.51,43.505,43.103
2004-08-11,40.08,42.45,44.72,43.585,43.131
2004-08-12,40.76,43.5,45.52,44.51,44.106
2004-08-13,41.33,44.13,46.61,45.37,44.874
2004-08-16,41.7,44.35,46.02,45.185,44.851
2004-08-17,41.75,44.05,46.75,45.4,44.86
2004-08-18,42.07,44.12,47.36,45.74,45.092
2004-08-19,42.6,44.84,48.66,46.75,45.986
2004-08-20,43.16,45.46,47.6,46.53,46.102
2004-08-23,42.27,44.39,46,45.195,44.873
2004-08-24,41.43,42.99,45.68,44.335,43.797
2004-08-25,40.45,42.39,43.83,43.11,42.822
2004-08-26,39.02,40.65,43.06,41.855,41.373
2004-08-27,39.05,40.72,43.11,41.915,41.437
2004-08-30,38.48,40.78,42.32,41.55,41.242
2004-08-31,38.15,39.8,42.23,41.015,40.529
2004-09-01,38.81,40.96,43.89,42.425,41.839
2004-09-02,39.68,42.39,44.04,43.215,42.885
2004-09-03,39.12,41.07,43.94,42.505,41.931
2004-09-06,38.66,40.4,,,
2004-09-07,38.13,40.19,43.18,41.685,41.087
2004-09-08,38.19,39.91,42.77,41.34,40.768
2004-09-09,38.74,41.45,44.53,42.99,42.374
2004-09-10,38.82,41.03,42.84,41.935,41.573
2004-09-13,38.3,40.63,43.86,42.245,41.599
2004-09-14,39.07,41.34,44.62,42.98,42.324
2004-09-15,39.02,42.03,43.83,42.93,42.57
2004-09-16,38.44,40.68,44.03,42.355,41.685
2004-09-17,39.5,43.08,45.63,44.355,43.845
2004-09-20,40.2,43.6,46.33,44.965,44.419
2004-09-21,40.71,44.56,47.11,45.835,45.325
2004-09-22,41.75,45.66,48.41,47.035,46.485
2004-09-23,42.27,46.53,48.37,47.45,47.082
2004-09-24,42.31,46.13,48.86,47.495,46.949
2004-09-27,42.9,46.87,49.56,48.215,47.677
2004-09-28,43.54,47.52,49.76,48.64,48.192
2004-09-29,43.13,46.54,49.53,48.035,47.437
2004-09-30,43.39,47.76,49.56,48.66,48.3
2004-10-01,43.29,46.86,50.16,48.51,47.85
2004-10-04,43.28,46.99,49.85,48.42,47.848
2004-10-05,43.8,47.1,51.08,49.09,48.294
2004-10-06,44.26,47.95,51.98,49.965,49.159
2004-10-07,45.08,48.98,52.56,50.77,50.054
2004-10-08,45.19,49.41,53.4,51.405,50.607
2004-10-11,46.04,50.75,53.65,52.2,51.62
2004-10-12,46.49,51.28,53.49,52.385,51.943
2004-10-13,44.99,50.42,53.86,52.14,51.452
2004-10-14,45.48,51.31,54.69,53,52.324
2004-10-15,46.14,51.02,54.89,52.955,52.181
2004-10-18,45.47,49.16,53.59,51.375,50.489
2004-10-19,44.98,49.21,53.28,51.245,50.431
2004-10-20,45.87,50.78,54.93,52.855,52.025
2004-10-21,46.61,51.06,54.51,52.785,52.095
2004-10-22,46.52,52.28,55.83,54.055,53.345
2004-10-25,46.06,51.68,55.52,53.6,52.832
2004-10-26,45.48,52.04,56.37,54.205,53.339
2004-10-27,44.75,49.99,52.52,51.255,50.749
2004-10-28,43.59,48.88,50.95,49.915,49.501
2004-10-29,43.39,48.16,51.78,49.97,49.246
2004-11-01,43.31,46.84,50.1,48.47,47.818
2004-11-02,41.98,46.25,49.6,47.925,47.255
2004-11-03,41.44,46.14,50.9,48.52,47.568
2004-11-04,40.53,45.32,48.8,47.06,46.364
2004-11-05,38.56,44.37,49.65,47.01,45.954
2004-11-08,38.67,44.78,49.1,46.94,46.076
2004-11-09,38.03,43.27,47.4,45.335,44.509
2004-11-10,37.73,42.57,48.7,45.635,44.409
2004-11-11,37.16,42.22,47.5,44.86,43.804
2004-11-12,36.96,41.33,47.3,44.315,43.121
2004-11-15,36.11,39.32,46.95,43.135,41.609
2004-11-16,35.94,40.48,46.1,43.29,42.166
2004-11-17,35.49,40.27,46.85,43.56,42.244
2004-11-18,36.2,40.8,46.3,43.55,42.45
2004-11-19,37.53,42.29,48.9,45.595,44.273
2004-11-22,38.62,42.26,48.48,45.37,44.126
2004-11-23,38.69,43.03,48.74,45.885,44.743
2004-11-24,38.95,42.62,49.14,45.88,44.576
2004-11-25,39.06,43.12,,,
2004-11-26,38.89,42.87,,,
2004-11-29,39.46,44.05,49.71,46.88,45.748
2004-11-30,39.77,44.23,49.16,46.695,45.709
2004-12-01,38.03,41.19,45.56,43.375,42.501
2004-12-02,35.42,38.49,43.31,40.9,39.936
2004-12-03,34.53,38.57,42.56,40.565,39.767
2004-12-06,34.89,38.43,42.96,40.695,39.789
2004-12-07,34.21,37.11,41.51,39.31,38.43
2004-12-08,33.78,36.9,41.96,39.43,38.418
2004-12-09,34.29,38.33,42.41,40.37,39.554
2004-12-10,33.92,37.24,40.71,38.975,38.281
2004-12-13,33.99,36.77,41.06,38.915,38.057
2004-12-14,34.72,37.03,41.76,39.395,38.449
2004-12-15,36.47,41.53,44.21,42.87,42.334
2004-12-16,36.84,41.49,44.16,42.825,42.291
2004-12-17,37.87,43.06,46.31,44.685,44.035
2004-12-20,38.34,42.67,45.57,44.12,43.54
2004-12-21,38.26,42.76,45.76,44.26,43.66
2004-12-22,37.41,40.44,44.05,42.245,41.523
2004-12-23,36.71,40.29,42.19,41.24,40.86
2004-12-24,36.58,39.6,,,
2004-12-27,35.3,39.6,41.26,40.43,40.098
2004-12-28,34.81,40.24,41.78,41.01,40.702
2004-12-29,35.54,38.93,43.69,41.31,40.358
2004-12-30,36.19,39.8,43.36,41.58,40.868
2004-12-31,36.43,40.38,,,
2005-01-03,35.67,,42.16,,
2005-01-04,36.57,40.75,43.96,42.355,41.713
2005-01-05,37.24,41,43.41,42.205,41.723
2005-01-06,38.19,43.25,45.51,44.38,43.928
2005-01-07,39.35,43.28,45.32,44.3,43.892
2005-01-10,40.12,44.71,45.31,45.01,44.89
2005-01-11,39.45,43.45,45.66,44.555,44.113
2005-01-12,39.81,43.75,46.46,45.105,44.563
2005-01-13,41.08,45.76,48.11,46.935,46.465
2005-01-14,41.8,45.26,48.41,46.835,46.205
2005-01-17,41.81,45.1,,,
2005-01-18,41.97,45.18,48.46,46.82,46.164
2005-01-19,41.52,45.16,47.61,46.385,45.895
2005-01-20,40.68,44.06,47.01,45.535,44.945
2005-01-21,41.63,45.88,48.31,47.095,46.609
2005-01-24,42.49,45.74,48.61,47.175,46.601
2005-01-25,42.68,46.14,49.43,47.785,47.127
2005-01-26,43.1,45.94,48.8,47.37,46.798
2005-01-27,43.01,46.51,48.8,47.655,47.197
2005-01-28,41.88,44.75,47.15,45.95,45.47
2005-01-31,40.95,44.51,48.25,46.38,45.632
2005-02-01,41.28,45.12,47.1,46.11,45.714
2005-02-02,40.62,44.17,46.65,45.41,44.914
2005-02-03,40.19,43.13,46.4,44.765,44.111
2005-02-04,40.73,43.26,46.45,44.855,44.217
2005-02-07,39.98,42.7,45.35,44.025,43.495
2005-02-08,39.79,42.79,45.4,44.095,43.573
2005-02-09,39.94,42.49,45.45,43.97,43.378
2005-02-10,40.54,44.04,47.05,45.545,44.943
2005-02-11,41.38,44.41,47.15,45.78,45.232
2005-02-14,41.44,44.51,47.5,46.005,45.407
2005-02-15,41.84,44.91,47.3,46.105,45.627
2005-02-16,41.87,45.42,48.35,46.885,46.299
2005-02-17,42.56,45.42,47.5,46.46,46.044
2005-02-18,42.68,45.86,48.45,47.155,46.637
2005-02-21,43.12,46.09,,,
2005-02-22,44.28,47.6,51,49.3,48.62
2005-02-23,44.72,48.16,51.73,49.945,49.231
2005-02-24,45.24,49.24,52.05,50.645,50.083
2005-02-25,45.49,50.05,52.2,51.125,50.695
2005-02-28,46.26,50.13,51.75,50.94,50.616
2005-03-01,46.17,50.47,51.67,51.07,50.83
2005-03-02,47.01,51.05,53,52.025,51.635
2005-03-03,48.36,52.89,53.6,53.245,53.103
2005-03-04,48.37,52.1,53.7,52.9,52.58
2005-03-07,48.15,51.87,53.9,52.885,52.479
2005-03-08,49.01,53.29,54.55,53.92,53.668
2005-03-09,49.87,54.11,54.75,54.43,54.302
2005-03-10,49.4,53.04,53.52,53.28,53.184
2005-03-11,49.2,53.15,54.4,53.775,53.525
2005-03-14,49.59,53.68,54.9,54.29,54.046
2005-03-15,50.21,53.97,55.05,54.51,54.294
2005-03-16,50.78,54.61,56.5,55.555,55.177
2005-03-17,51.76,56.03,56.4,56.215,56.141
2005-03-18,51.67,55.97,56.8,56.385,56.219
2005-03-21,51.76,55.79,56.7,56.245,56.063
2005-03-22,51.03,55.39,55.95,55.67,55.558
2005-03-23,49.09,51.52,49.43,50.475,50.893
2005-03-24,50.12,52.35,49.7,51.025,51.555
2005-03-28,49.26,51.75,54.06,52.905,52.443
2005-03-29,49.04,51.42,54.26,52.84,52.272
2005-03-30,48.8,50.63,53.96,52.295,51.629
2005-03-31,50.23,53.22,55.31,54.265,53.847
2005-04-01,51.65,54.14,57.26,55.7,55.076
2005-04-04,52.93,55.92,56.86,56.39,56.202
2005-04-05,52.27,54.53,55.83,55.18,54.92
2005-04-06,52.1,54.08,55.88,54.98,54.62
2005-04-07,51.85,52.57,54.16,53.365,53.047
2005-04-08,49.94,51.83,53.46,52.645,52.319
2005-04-11,49.14,51.21,53.71,52.46,51.96
2005-04-12,49.43,51.53,51.54,51.535,51.533
2005-04-13,47.84,49.67,50.21,49.94,49.832
2005-04-14,47.5,50.21,51.11,50.66,50.48
2005-04-15,47.08,49.52,50.61,50.065,49.847
2005-04-18,46.52,48.58,50.52,49.55,49.162
2005-04-19,47.71,50.79,52.33,51.56,51.252
2005-04-20,49.02,51.53,52.45,51.99,51.806
2005-04-21,49.25,51.73,52.49,52.11,51.958
2005-04-22,50.61,53.51,54.16,53.835,53.705
2005-04-25,50.17,53.1,53.16,53.13,53.118
2005-04-26,49.9,52.47,54.33,53.4,53.028
2005-04-27,48.88,51.29,51.37,51.33,51.314
2005-04-28,48.03,50.74,51.92,51.33,51.094
2005-04-29,47.9,50.61,49.2,49.905,50.187
2005-05-02,47.79,50.89,50.94,50.915,50.905
2005-05-03,47.4,49.48,49.6,49.54,49.516
2005-05-04,47.33,50.36,50.22,50.29,50.318
2005-05-05,47.63,49.81,51.12,50.465,50.203
2005-05-06,47.92,49.7,51.3,50.5,50.18
2005-05-09,47.82,49.71,52.04,50.875,50.409
2005-05-10,48.16,50.61,51.76,51.185,50.955
2005-05-11,47.39,48.91,50.39,49.65,49.354
2005-05-12,45.87,47.4,48.83,48.115,47.829
2005-05-13,45.54,46.85,48.65,47.75,47.39
2005-05-16,45.47,46.42,48.64,47.53,47.086
2005-05-17,45.6,47.31,48.97,48.14,47.808
2005-05-18,45.11,47.35,46.99,47.17,47.242
2005-05-19,44.65,46.92,47,46.96,46.944
2005-05-20,45.27,46.91,47.25,47.08,47.012
2005-05-23,45.5,47.28,48.68,47.98,47.7
2005-05-24,45.7,47.29,49.14,48.215,47.845
2005-05-25,46.41,49.24,50.37,49.805,49.579
2005-05-26,47.17,49.71,50.89,50.3,50.064
2005-05-27,47.45,49.42,51.65,50.535,50.089
2005-05-30,47.62,49.33,,,
2005-05-31,47.6,49.3,52.08,50.69,50.134
2005-06-01,49.3,50.46,54.4,52.43,51.642
2005-06-02,50.23,51.3,53.46,52.38,51.948
2005-06-03,50.72,51.9,55.08,53.49,52.854
2005-06-06,51.18,52.61,54.46,53.535,53.165
2005-06-07,50.74,51.62,53.84,52.73,52.286
2005-06-08,50.21,51.92,52.51,52.215,52.097
2005-06-09,50.55,51.36,54.36,52.86,52.26
2005-06-10,50.74,51.98,53.55,52.765,52.451
2005-06-13,50.83,52,55.47,53.735,53.041
2005-06-14,52.05,53.52,55.03,54.275,53.973
2005-06-15,52.26,54.12,55.53,54.825,54.543
2005-06-16,50.18,54.3,56.48,55.39,54.954
2005-06-17,51.58,56.92,58.4,57.66,57.364
2005-06-20,52.78,57.1,59.19,58.145,57.727
2005-06-21,52.88,57.36,58.9,58.13,57.822
2005-06-22,52.34,56.06,58.27,57.165,56.723
2005-06-23,52.69,57.03,59.23,58.13,57.69
2005-06-24,53.36,57.21,59.63,58.42,57.936
2005-06-27,54.26,58.5,59.78,59.14,58.884
2005-06-28,53.82,57.75,58.32,58.035,57.921
2005-06-29,52.5,55.42,57.23,56.325,55.963
2005-06-30,52.01,55.36,56.63,55.995,55.741
2005-07-01,52.58,56.41,59.11,57.76,57.22
2005-07-04,53.41,57.13,,,
2005-07-05,53.9,57.86,59.71,58.785,58.415
2005-07-06,54.8,58.38,61.24,59.81,59.238
2005-07-07,54.82,57.55,60.76,59.155,58.513
2005-07-08,54.94,59,59.71,59.355,59.213
2005-07-11,53.31,56.1,59.23,57.665,57.039
2005-07-12,54.31,58.95,60.49,59.72,59.412
2005-07-13,54.53,58.33,60,59.165,58.831
2005-07-14,53.37,56.79,57.83,57.31,57.102
2005-07-15,52.44,56.98,58.36,57.67,57.394
2005-07-18,52.38,56.25,57.12,56.685,56.511
2005-07-19,51.9,56.75,57.61,57.18,57.008
2005-07-20,52.15,56.39,56.73,56.56,56.492
2005-07-21,51.23,55.59,57.31,56.45,56.106
2005-07-22,51.81,56.98,57.75,57.365,57.211
2005-07-25,52.07,57.51,58.16,57.835,57.705
2005-07-26,52.69,58.58,59.05,58.815,58.721
2005-07-27,52.86,58.34,59.12,58.73,58.574
2005-07-28,53.13,58.28,59.91,59.095,58.769
2005-07-29,54.2,59.77,60.71,60.24,60.052
2005-08-01,55.12,60.56,61.51,61.035,60.845
2005-08-02,55.13,60.13,61.87,61,60.652
2005-08-03,55.43,60.04,60.76,60.4,60.256
2005-08-04,55.07,60.62,61.6,61.11,60.914
2005-08-05,55.29,60.73,62.44,61.585,61.243
2005-08-08,56.57,62.56,63.92,63.24,62.968
2005-08-09,56.45,62.79,63.13,62.96,62.892
2005-08-10,57.3,63.77,64.8,64.285,64.079
2005-08-11,58.28,65.9,65.67,65.785,65.831
2005-08-12,59.14,67.26,66.71,66.985,67.095
2005-08-15,59.05,66.68,66.21,66.445,66.539
2005-08-16,58.89,65.1,66.11,65.605,65.403
2005-08-17,57.71,63.41,63.29,63.35,63.374
2005-08-18,56.51,61.75,63.47,62.61,62.266
2005-08-19,57.53,64.21,65.51,64.86,64.6
2005-08-22,58.1,65.87,65.46,65.665,65.747
2005-08-23,58.15,65.16,65.81,65.485,65.355
2005-08-24,58.9,65.25,67.1,66.175,65.805
2005-08-25,59.75,65.88,67.29,66.585,66.303
2005-08-26,59.76,66.23,66.05,66.14,66.176
2005-08-29,60.33,64.77,67.41,66.09,65.562
2005-08-30,60.36,66.15,69.91,68.03,67.278
2005-08-31,61.1,66.8,68.63,67.715,67.349
2005-09-01,61.37,66.79,69.5,68.145,67.603
2005-09-02,60.73,65.95,66.91,66.43,66.238
2005-09-05,59.22,64.16,,,
2005-09-06,59.05,64.16,65.83,64.995,64.661
2005-09-07,58.43,63.6,64.38,63.99,63.834
2005-09-08,57.48,61.66,64.8,63.23,62.602
2005-09-09,57.58,62.62,64.21,63.415,63.097
2005-09-12,56.73,60.69,63.29,61.99,61.47
2005-09-13,55.82,61.31,63.18,62.245,61.871
2005-09-14,56.28,61.7,65.2,63.45,62.75
2005-09-15,57.53,61.9,64.64,63.27,62.722
2005-09-16,56.62,60.48,62.91,61.695,61.209
2005-09-19,57.56,64.04,67.21,65.625,64.991
2005-09-20,58.3,62.98,66.24,64.61,63.958
2005-09-21,58.9,64.31,66.96,65.635,65.105
2005-09-22,59.28,64.64,67.07,65.855,65.369
2005-09-23,57.71,62.17,64.67,63.42,62.92
2005-09-26,56.91,61.73,65.98,63.855,63.005
2005-09-27,57.71,62.56,64.94,63.75,63.274
2005-09-28,57.65,62.81,66.36,64.585,63.875
2005-09-29,58.17,62.02,66.83,64.425,63.463
2005-09-30,58.02,61.7,66.21,63.955,63.053
2005-10-03,58.11,61.64,65.36,63.5,62.756
2005-10-04,56.48,59.17,63.74,61.455,60.541
2005-10-05,55.86,59.33,62.56,60.945,60.299
2005-10-06,54.27,57.2,61.81,59.505,58.583
2005-10-07,53.72,57.29,61.81,59.55,58.646
2005-10-10,53.97,57.01,60.71,58.86,58.12
2005-10-11,54.47,58.1,63.84,60.97,59.822
2005-10-12,55.37,59.91,64.13,62.02,61.176
2005-10-13,55.23,59.48,63.05,61.265,60.551
2005-10-14,54.34,58.45,62.61,60.53,59.698
2005-10-17,55.24,59.81,64.26,62.035,61.145
2005-10-18,54.41,58.85,62.94,60.895,60.077
2005-10-19,53.64,58.13,62.11,60.12,59.324
2005-10-20,52.85,57.04,61.04,59.04,58.24
2005-10-21,52.47,56.94,61.05,58.995,58.173
2005-10-24,52.63,57.64,60.63,59.135,58.537
2005-10-25,53.29,58.72,62.83,60.775,59.953
2005-10-26,54.41,58.56,60.85,59.705,59.247
2005-10-27,53.79,58.1,61.03,59.565,58.979
2005-10-28,53.73,59.47,61.3,60.385,60.019
2005-10-31,52.99,58.47,59.8,59.135,58.869
2005-11-01,52.91,56.69,59.85,58.27,57.638
2005-11-02,52.88,58.53,59.75,59.14,58.896
2005-11-03,53.45,59.55,61.7,60.625,60.195
2005-11-04,54.25,60.48,60.6,60.54,60.516
2005-11-07,52.86,58.19,59.4,58.795,58.553
2005-11-08,52.31,57.89,59.7,58.795,58.433
2005-11-09,52.2,57.71,59.65,58.68,58.292
2005-11-10,51.3,55.85,57.8,56.825,56.435
2005-11-11,50.25,54.3,57.45,55.875,55.245
2005-11-14,50.43,54.1,57.6,55.85,55.15
2005-11-15,50.01,54.45,57.05,55.75,55.23
2005-11-16,49.73,53.68,57.85,55.765,54.931
2005-11-17,50.11,53.8,56.2,55,54.52
2005-11-18,49.49,52.84,56.3,54.57,53.878
2005-11-21,50.15,53.36,57.75,55.555,54.677
2005-11-22,50.7,54.21,58.3,56.255,55.437
2005-11-23,51.05,53.73,58.35,56.04,55.116
2005-11-24,50.89,53.41,,,
2005-11-25,50.42,53.15,,,
2005-11-28,50.04,52.91,57.36,55.135,54.245
2005-11-29,49.78,53.24,56.46,54.85,54.206
2005-11-30,49.69,53.25,57.33,55.29,54.474
2005-12-01,50.71,53.65,58.46,56.055,55.093
2005-12-02,51.87,54.91,59.31,57.11,56.23
2005-12-05,52.72,56.05,59.91,57.98,57.208
2005-12-06,52.85,55.68,59.96,57.82,56.964
2005-12-07,52.88,55.17,59.21,57.19,56.382
2005-12-08,52.94,56.26,60.66,58.46,57.58
2005-12-09,53.95,57.18,59.41,58.295,57.849
2005-12-12,53.5,57.23,61.36,59.295,58.469
2005-12-13,54.44,59.16,61.36,60.26,59.82
2005-12-14,54.62,59.59,60.86,60.225,59.971
2005-12-15,54.44,59.67,60.01,59.84,59.772
2005-12-16,53.25,58.11,58.01,58.06,58.08
2005-12-19,51.62,56.09,57.31,56.7,56.456
2005-12-20,51.37,56.08,57.81,56.945,56.599
2005-12-21,51.43,56.05,58.56,57.305,56.803
2005-12-22,51.98,57.3,58.08,57.69,57.534
2005-12-23,51.53,56.28,58.08,57.18,56.82
2005-12-26,,56.54,,,
2005-12-27,51.14,,58.16,,
2005-12-28,51.73,56.91,59.81,58.36,57.78
2005-12-29,52.9,57.72,60.26,58.99,58.482
2005-12-30,53.47,58.34,61.06,59.7,59.156
2006-01-03,55.6,61.51,63.11,62.31,61.99
2006-01-04,56.38,61.25,63.41,62.33,61.898
2006-01-05,56.61,61.68,62.81,62.245,62.019
2006-01-06,56.78,62.43,64.21,63.32,62.964
2006-01-09,57.29,62.51,63.56,63.035,62.825
2006-01-10,57.11,62.32,63.41,62.865,62.647
2006-01-11,56.87,61.54,63.91,62.725,62.251
2006-01-12,57.63,62.95,63.96,63.455,63.253
2006-01-13,57.16,61.58,63.86,62.72,62.264
2006-01-16,57.76,62.34,,,
2006-01-17,58.58,63.22,66.36,64.79,64.162
2006-01-18,59.42,63.6,65.76,64.68,64.248
2006-01-19,59.26,63.64,66.86,65.25,64.606
2006-01-20,60.63,64.92,68.16,66.54,65.892
2006-01-23,60.9,64.56,68.06,66.31,65.61
2006-01-24,60.51,63.82,66.83,65.325,64.723
2006-01-25,59.33,62.61,65.6,64.105,63.507
2006-01-26,59.3,62.93,65.8,64.365,63.791
2006-01-27,60.22,64.95,67.81,66.38,65.808
2006-01-30,60.42,65.14,68.36,66.75,66.106
2006-01-31,60.4,63.19,67.86,65.525,64.591
2006-02-01,60.77,65.64,66.61,66.125,65.931
2006-02-02,59.49,63.49,64.71,64.1,63.856
2006-02-03,58.33,62.54,65.41,63.975,63.401
2006-02-06,59.34,63.32,65.11,64.215,63.857
2006-02-07,58.17,61.64,63.01,62.325,62.051
2006-02-08,57.19,60.82,62.51,61.665,61.327
2006-02-09,57.17,60.7,62.66,61.68,61.288
2006-02-10,56.63,59.66,62.01,60.835,60.365
2006-02-13,55.85,59.16,61.26,60.21,59.79
2006-02-14,55.3,58.27,59.61,58.94,58.672
2006-02-15,54.35,57.67,57.61,57.64,57.652
2006-02-16,53.62,56.78,58.61,57.695,57.329
2006-02-17,54.58,58.34,59.76,59.05,58.766
2006-02-20,55.78,60.05,,,
2006-02-21,56.07,59.35,61.21,60.28,59.908
2006-02-22,55.72,58.71,59.03,58.87,58.806
2006-02-23,55.18,58.71,58.03,58.37,58.506
2006-02-24,56.43,60.13,61.46,60.795,60.529
2006-02-27,56.38,59.44,61.01,60.225,59.911
2006-02-28,56.01,59.78,61.37,60.575,60.257
2006-03-01,57.13,61.12,62.01,61.565,61.387
2006-03-02,58.1,62.27,63.36,62.815,62.597
2006-03-03,59.17,62.69,63.61,63.15,62.966
2006-03-06,58.64,61.41,62.46,61.935,61.725
2006-03-07,57.47,59.79,61.51,60.65,60.306
2006-03-08,56.04,58.42,60.06,59.24,58.912
2006-03-09,55.73,58.82,60.51,59.665,59.327
2006-03-10,56.18,59.04,59.91,59.475,59.301
2006-03-13,56.41,60.99,61.81,61.4,61.236
2006-03-14,57.69,62.39,63.01,62.7,62.576
2006-03-15,58.3,63.12,62.11,62.615,62.817
2006-03-16,57.45,62.07,63.46,62.765,62.487
2006-03-17,58.47,63.54,62.81,63.175,63.321
2006-03-20,57.32,62.3,60.31,61.305,61.703
2006-03-21,56.14,59.96,60.41,60.185,60.095
2006-03-22,56.78,61.23,60.03,60.63,60.87
2006-03-23,57.14,61.76,62.13,61.945,61.871
2006-03-24,58.05,62.78,63.9,63.34,63.116
2006-03-27,58.02,62.59,63.75,63.17,62.938
2006-03-28,59.05,64.31,65.65,64.98,64.712
2006-03-29,59.95,64.88,66,65.44,65.216
2006-03-30,60.64,65.95,66.7,66.325,66.175
2006-03-31,61.17,66.06,66.25,66.155,66.117
2006-04-03,61.82,67.28,66.07,66.675,66.917
2006-04-04,61.01,65.93,65.75,65.84,65.876
2006-04-05,61.08,66.74,66.76,66.75,66.746
2006-04-06,62.13,67.58,67.22,67.4,67.472
2006-04-07,61.8,67.11,67.02,67.065,67.083
2006-04-10,62.61,68.2,68.29,68.245,68.227
2006-04-11,63.61,68.52,69.03,68.775,68.673
2006-04-12,63.84,69.54,68.53,69.035,69.237
2006-04-13,63.82,69.39,69.53,69.46,69.432
2006-04-17,65.02,,70.3,,
2006-04-18,65.8,70.97,71.28,71.125,71.063
2006-04-19,66.36,72.69,72.07,72.38,72.504
2006-04-20,67,72.57,71.96,72.265,72.387
2006-04-21,66.84,73.94,73.73,73.835,73.877
2006-04-24,67.37,73.96,70.19,72.075,72.829
2006-04-25,66.21,72.86,67.43,70.145,71.231
2006-04-26,66.94,73.46,71.71,72.585,72.935
2006-04-27,65.63,71.79,70.76,71.275,71.481
2006-04-28,65.48,72.15,71.8,71.975,72.045
2006-05-01,66.2,73.37,73.75,73.56,73.484
2006-05-02,68.37,74.45,74.62,74.535,74.501
2006-05-03,68.05,73.73,72.26,72.995,73.289
2006-05-04,66.07,71.84,69.98,70.91,71.282
2006-05-05,64.98,71.22,70.09,70.655,70.881
2006-05-08,64.51,68.26,69.75,69.005,68.707
2006-05-09,65.05,70.6,70.71,70.655,70.633
2006-05-10,65.6,69.83,72.15,70.99,70.526
2006-05-11,67.27,72.2,73,72.6,72.44
2006-05-12,67.02,71.3,71.87,71.585,71.471
2006-05-15,64.67,68.69,69.25,68.97,68.858
2006-05-16,63.83,68.66,69.4,69.03,68.882
2006-05-17,63.75,67.52,68.65,68.085,67.859
2006-05-18,62.95,67.39,69.63,68.51,68.062
2006-05-19,63.42,66.93,68.44,67.685,67.383
2006-05-22,62.51,66.52,69.23,67.875,67.333
2006-05-23,64.45,68.97,70.78,69.875,69.513
2006-05-24,64.48,68.45,69.47,68.96,68.756
2006-05-25,63.91,68.51,70.92,69.715,69.233
2006-05-26,65.1,69.88,71.35,70.615,70.321
2006-05-29,65.12,69.16,,,
2006-05-30,65.41,69.82,71.85,70.835,70.429
2006-05-31,64.88,67.57,71.42,69.495,68.725
2006-06-01,64.84,68.77,70.11,69.44,69.172
2006-06-02,65.01,68.42,72.73,70.575,69.713
2006-06-05,66.48,69.13,72.5,70.815,70.141
2006-06-06,65.93,68.25,72.43,70.34,69.504
2006-06-07,65.43,67.17,70.9,69.035,68.289
2006-06-08,63.84,65.76,70.25,68.005,67.107
2006-06-09,64.85,69.13,71.62,70.375,69.877
2006-06-12,65.41,68.62,70.28,69.45,69.118
2006-06-13,63.2,65.67,68.48,67.075,66.513
2006-06-14,62.66,65.52,69.12,67.32,66.6
2006-06-15,63.1,66.04,69.78,67.91,67.162
2006-06-16,63.02,65.01,69.75,67.38,66.432
2006-06-19,62.64,66.4,69.21,67.805,67.243
2006-06-20,62.95,67.57,69.3,68.435,68.089
2006-06-21,62.87,68.17,70.07,69.12,68.74
2006-06-22,64.36,69.6,70.62,70.11,69.906
2006-06-23,64.4,69.91,70.5,70.205,70.087
2006-06-26,64.59,69.85,71.63,70.74,70.384
2006-06-27,65.79,71.26,72.05,71.655,71.497
2006-06-28,65.89,71.76,72.15,71.955,71.877
2006-06-29,66.6,73.02,73.5,73.26,73.164
2006-06-30,67.29,73.2,73.94,73.57,73.422
2006-07-03,68.28,73.94,,,
2006-07-04,67.85,73.17,,,
2006-07-05,67.92,72.88,75.2,74.04,73.576
2006-07-06,68.74,73.12,75,74.06,73.684
2006-07-07,68.77,74.14,73.76,73.95,74.026
2006-07-10,67.9,72.39,73.5,72.945,72.723
2006-07-11,68.1,73.14,74.05,73.595,73.413
2006-07-12,68.66,73.04,74.99,74.015,73.625
2006-07-13,70.27,75.23,76.7,75.965,75.671
2006-07-14,71.71,76.13,76.8,76.465,76.331
2006-07-17,71.4,75.12,75.7,75.41,75.294
2006-07-18,70.29,75.32,73.87,74.595,74.885
2006-07-19,68.46,71.62,72.79,72.205,71.971
2006-07-20,68.45,72.56,74,73.28,72.992
2006-07-21,68.44,72.96,73.52,73.24,73.128
2006-07-24,67.99,72.09,74.29,73.19,72.75
2006-07-25,68.71,72.49,73.46,72.975,72.781
2006-07-26,68.25,73.76,73.82,73.79,73.778
2006-07-27,69.07,75.36,74.5,74.93,75.102
2006-07-28,68.97,73.95,73.3,73.625,73.755
2006-07-31,68.42,74.75,74.56,74.655,74.693
2006-08-01,69.97,76.39,74.93,75.66,75.952
2006-08-02,71.2,77.63,76.16,76.895,77.189
2006-08-03,71.08,76.28,75.59,75.935,76.073
2006-08-04,71.08,76.53,74.78,75.655,76.005
2006-08-07,72.12,77.82,77.05,77.435,77.589
2006-08-08,72.68,77.93,76.29,77.11,77.438
2006-08-09,72.54,78.26,76.28,77.27,77.666
2006-08-10,70.94,75.69,74.17,74.93,75.234
2006-08-11,70.34,75.19,74.38,74.785,74.947
2006-08-14,69.54,73.78,73.33,73.555,73.645
2006-08-15,69.01,73.57,72.95,73.26,73.384
2006-08-16,68.24,72.67,71.64,72.155,72.361
2006-08-17,66.85,70.42,70.12,70.27,70.33
2006-08-18,67.02,71.3,70.93,71.115,71.189
2006-08-21,67.92,72.42,72.45,72.435,72.429
2006-08-22,67.99,72.06,72.55,72.305,72.207
2006-08-23,67.34,71.12,71.45,71.285,71.219
2006-08-24,67,71.4,72.02,71.71,71.586
2006-08-25,68.1,72.58,72.13,72.355,72.445
2006-08-28,66.03,69.44,70.47,69.955,69.749
2006-08-29,65.4,67.01,69.74,68.375,67.829
2006-08-30,65,67.15,70.2,68.675,68.065
2006-08-31,65.18,67.66,70.38,69.02,68.476
2006-09-01,65.35,70.49,69.24,69.865,70.115
2006-09-04,64.13,68.62,,,
2006-09-05,63.54,65.94,68.7,67.32,66.768
2006-09-06,63.27,65.41,67.75,66.58,66.112
2006-09-07,62.74,64.52,67.37,65.945,65.375
2006-09-08,62.04,64.3,66.3,65.3,64.9
2006-09-11,60.7,62.41,65.42,63.915,63.313
2006-09-12,60.37,62.23,63.81,63.02,62.704
2006-09-13,58.95,61.28,64.09,62.685,62.123
2006-09-14,59.22,60.75,63.27,62.01,61.506
2006-09-15,58.45,60.23,63.3,61.765,61.151
2006-09-18,58.67,61.47,63.84,62.655,62.181
2006-09-19,58.85,62.52,61.77,62.145,62.295
2006-09-20,56.23,59.09,60,59.545,59.363
2006-09-21,55.92,59.27,61.62,60.445,59.975
2006-09-22,56.15,58.81,59.79,59.3,59.104
2006-09-25,54.92,57.89,60.74,59.315,58.745
2006-09-26,55.86,58.53,60.63,59.58,59.16
2006-09-27,55.92,57.6,62.96,60.28,59.208
2006-09-28,57.57,60.68,62.46,61.57,61.214
2006-09-29,57.38,59.09,62.9,60.995,60.233
2006-10-02,57.19,58.8,60.96,59.88,59.448
2006-10-03,54.99,56.28,58.64,57.46,56.988
2006-10-04,54.1,55.82,59.53,57.675,56.933
2006-10-05,55.27,57.93,60.02,58.975,58.557
2006-10-06,55.05,56.9,59.68,58.29,57.734
2006-10-09,55.7,59.25,59.93,59.59,59.454
2006-10-10,55.31,57.8,58.5,58.15,58.01
2006-10-11,54.16,57.75,57.56,57.655,57.693
2006-10-12,54.19,57.87,58.23,58.05,57.978
2006-10-13,54.9,58.97,58.69,58.83,58.886
2006-10-16,55.34,58.22,59.91,59.065,58.727
2006-10-17,56.17,60.13,58.91,59.52,59.764
2006-10-18,55.27,58.51,57.66,58.085,58.255
2006-10-19,54.56,57.74,58.55,58.145,57.983
2006-10-20,55.07,57.94,57.35,57.645,57.763
2006-10-23,53.44,56.56,56.74,56.65,56.614
2006-10-24,53.78,56.56,57.55,57.055,56.857
2006-10-25,54.96,58.79,59.09,58.94,58.88
2006-10-26,56.12,58.76,60.27,59.515,59.213
2006-10-27,55.53,57.99,60.75,59.37,58.818
2006-10-30,54.87,57.08,58.41,57.745,57.479
2006-10-31,53.37,56.13,58.72,57.425,56.907
2006-11-01,54.25,56.37,58.64,57.505,57.051
2006-11-02,54.25,56.26,57.87,57.065,56.743
2006-11-03,54.07,56.55,59.13,57.84,57.324
2006-11-06,54.91,57.02,60.11,58.565,57.947
2006-11-07,55.64,56.99,58.94,57.965,57.575
2006-11-08,55.18,57.18,59.93,58.555,58.005
2006-11-09,56.41,59.72,61.18,60.45,60.158
2006-11-10,56.57,59.18,59.66,59.42,59.324
2006-11-13,55.42,56.88,58.59,57.735,57.393
2006-11-14,55.19,57.9,58.28,58.09,58.014
2006-11-15,55.33,57.97,58.79,58.38,58.216
2006-11-16,55.44,59.5,56.23,57.865,58.519
2006-11-17,53.9,57.01,55.9,56.455,56.677
2006-11-20,54.03,57.38,56.42,56.9,57.092
2006-11-21,54.9,59.53,58.01,58.77,59.074
2006-11-22,55.26,58.66,57.28,57.97,58.246
2006-11-23,54.98,59.7,,,
2006-11-24,55.29,60.72,,,
2006-11-27,55.76,60.52,60.3,60.41,60.454
2006-11-28,56.48,61.22,60.97,61.095,61.145
2006-11-29,57.32,62.13,62.45,62.29,62.226
2006-11-30,58.71,64.36,62.97,63.665,63.943
2006-12-01,59.66,64.74,63.43,64.085,64.347
2006-12-04,59.7,63.97,62.39,63.18,63.496
2006-12-05,59.19,63.65,62.4,63.025,63.275
2006-12-06,59.1,63.7,62.2,62.95,63.25
2006-12-07,58.66,63.17,62.54,62.855,62.981
2006-12-08,58.63,63.67,62.06,62.865,63.187
2006-12-11,57.74,62.59,61.26,61.925,62.191
2006-12-12,57.41,62.58,61.06,61.82,62.124
2006-12-13,57,61.89,61.34,61.615,61.725
2006-12-14,57.43,62.85,62.48,62.665,62.739
2006-12-15,58.39,62.91,63.4,63.155,63.057
2006-12-18,58.4,62.81,62.19,62.5,62.624
2006-12-19,57.44,62.19,62.87,62.53,62.394
2006-12-20,58.2,63.13,63.08,63.105,63.115
2006-12-21,58.05,62.13,62.05,62.09,62.106
2006-12-22,57.98,61.92,61.81,61.865,61.887
2006-12-26,57.45,,61.07,,
2006-12-27,56.43,60.7,60.31,60.505,60.583
2006-12-28,56.12,59.41,60.39,59.9,59.704
2006-12-29,55.97,58.96,60.85,59.905,59.527
2007-01-02,56.16,58.49,60.77,59.63,59.174
2007-01-03,55.42,56.63,58.31,57.47,57.134
2007-01-04,53.26,54.58,55.65,55.115,54.901
2007-01-05,51.3,52.82,56.29,54.555,53.861
2007-01-08,51.88,52.82,56.08,54.45,53.798
2007-01-09,51.2,52.38,55.65,54.015,53.361
2007-01-10,50.6,52.11,53.95,53.03,52.662
2007-01-11,49.22,51.68,51.91,51.795,51.749
2007-01-12,48.68,49.95,52.96,51.455,50.853
2007-01-15,49.36,,,,
2007-01-16,48.58,51.28,51.23,51.255,51.265
2007-01-17,47.97,51.19,52.3,51.745,51.523
2007-01-18,48.24,50.83,50.51,50.67,50.734
2007-01-19,48.3,52.29,51.98,52.135,52.197
2007-01-22,49.72,54.34,51.11,52.725,53.371
2007-01-23,49.6,53.93,53.61,53.77,53.834
2007-01-24,50.92,55.11,54.24,54.675,54.849
2007-01-25,51.27,55.67,53.49,54.58,55.016
2007-01-26,51.04,55.29,55.38,55.335,55.317
2007-01-29,51.28,54.71,54.01,54.36,54.5
2007-01-30,50.82,54.69,57.03,55.86,55.392
2007-01-31,52.62,56.52,58.17,57.345,57.015
2007-02-01,53.49,56.74,57.35,57.045,56.923
2007-02-02,53.64,56.93,59.01,57.97,57.554
2007-02-05,54.66,58.67,58.69,58.68,58.676
2007-02-06,54.68,58.04,58.91,58.475,58.301
2007-02-07,54.4,58.35,57.75,58.05,58.17
2007-02-08,53.6,57.24,59.76,58.5,57.996
2007-02-09,55.08,57.21,59.86,58.535,58.005
2007-02-12,53.99,55.52,57.76,56.64,56.192
2007-02-13,53.38,56.12,58.98,57.55,56.978
2007-02-14,53.76,55.05,58,56.525,55.935
2007-02-15,52.88,54.25,57.92,56.085,55.351
2007-02-16,53.69,56.78,59.38,58.08,57.56
2007-02-19,53.87,,,,
2007-02-20,53.42,55.91,58.32,57.115,56.633
2007-02-21,54,57.74,59.4,58.57,58.238
2007-02-22,55.14,58.62,60.28,59.45,59.118
2007-02-23,56.55,60.38,60.28,60.33,60.35
2007-02-26,57.07,60.34,61.41,60.875,60.661
2007-02-27,57.24,60.28,61.46,60.87,60.634
2007-02-28,56.69,59.39,61.78,60.585,60.107
2007-03-01,58.47,61.18,61.97,61.575,61.417
2007-03-02,58.65,61.92,61.58,61.75,61.818
2007-03-05,57.32,59.78,60.05,59.915,59.861
2007-03-06,57.21,59.68,60.66,60.17,59.974
2007-03-07,58.2,61.13,61.85,61.49,61.346
2007-03-08,58.73,60.9,61.63,61.265,61.119
2007-03-09,58.29,60.25,60.06,60.155,60.193
2007-03-12,57.37,60.59,58.94,59.765,60.095
2007-03-13,57.38,61.52,58.03,59.775,60.473
2007-03-14,57.23,60.89,58.15,59.52,60.068
2007-03-15,57.28,60.4,57.52,58.96,59.536
2007-03-16,56.86,60.93,57.06,58.995,59.769
2007-03-19,56.74,60.49,56.65,58.57,59.338
2007-03-20,56.59,60.11,56.41,58.26,59
2007-03-21,56.87,60.18,56.98,58.58,59.22
2007-03-22,57.91,61.57,60.21,60.89,61.162
2007-03-23,59.05,63.1,61.07,62.085,62.491
2007-03-26,60.16,64.43,61.77,63.1,63.632
2007-03-27,60.49,64.25,62.98,63.615,63.869
2007-03-28,61.88,66.15,64.11,65.13,65.538
2007-03-29,62.52,67.19,66.1,66.645,66.863
2007-03-30,63.79,68.47,65.94,67.205,67.711
2007-04-02,64.06,68.94,66.03,67.485,68.067
2007-04-03,63.87,68,64.59,66.295,66.977
2007-04-04,63.48,68.09,64.4,66.245,66.983
2007-04-05,64.16,69.15,64.26,66.705,67.683
2007-04-09,63.74,,61.51,,
2007-04-10,62.82,67.64,61.92,64.78,65.924
2007-04-11,63.54,68.6,61.98,65.29,66.614
2007-04-12,63.83,67.79,63.87,65.83,66.614
2007-04-13,64.88,68.78,63.63,66.205,67.235
2007-04-16,64.05,67.1,63.63,65.365,66.059
2007-04-17,63.14,66.34,63.14,64.74,65.38
2007-04-18,61.96,65.09,63.14,64.115,64.505
2007-04-19,61.98,66.17,61.81,63.99,64.862
2007-04-20,62.23,66.34,63.56,64.95,65.506
2007-04-23,63.1,66.8,65.33,66.065,66.359
2007-04-24,63.94,67.94,64.1,66.02,66.788
2007-04-25,63.69,67.44,65.33,66.385,66.807
2007-04-26,64.2,67.51,65.08,66.295,66.781
2007-04-27,64.03,67.28,66.45,66.865,67.031
2007-04-30,64.26,67.23,65.78,66.505,66.795
2007-05-01,64.81,67.4,64.43,65.915,66.509
2007-05-02,63.69,65.57,63.78,64.675,65.033
2007-05-03,63.19,64.85,63.23,64.04,64.364
2007-05-04,63.1,65.14,61.89,63.515,64.165
2007-05-07,61.93,62.7,61.48,62.09,62.334
2007-05-08,62.1,63.55,62.26,62.905,63.163
2007-05-09,62.19,63.5,61.54,62.52,62.912
2007-05-10,62.36,64.63,61.85,63.24,63.796
2007-05-11,63.15,65.18,62.35,63.765,64.331
2007-05-14,63.79,65.86,62.55,64.205,64.867
2007-05-15,63.79,66.74,63.16,64.95,65.666
2007-05-16,64.55,66.83,62.57,64.7,65.552
2007-05-17,65.29,69.08,64.83,66.955,67.805
2007-05-18,66.01,69.26,64.93,67.095,67.961
2007-05-21,66.24,69.51,66.25,67.88,68.532
2007-05-22,66.62,70.05,64.91,67.48,68.508
2007-05-23,66.36,71.01,65.1,68.055,69.237
2007-05-24,66.93,71.96,63.62,67.79,69.458
2007-05-25,66.57,70.72,64.59,67.655,68.881
2007-05-28,66.2,,,,
2007-05-29,65.49,69.31,63.19,66.25,67.474
2007-05-30,64.3,67.64,63.47,65.555,66.389
2007-05-31,64.45,68.18,64.02,66.1,66.932
2007-06-01,64.6,68.65,65.09,66.87,67.582
2007-06-04,65.81,70.9,66.17,68.535,69.481
2007-06-05,66.34,71.36,65.63,68.495,69.641
2007-06-06,66.58,71.5,65.97,68.735,69.841
2007-06-07,67.18,72.36,66.93,69.645,70.731
2007-06-08,66.23,70.04,64.78,67.41,68.462
2007-06-11,65.14,68.85,65.93,67.39,67.974
2007-06-12,65.46,68.56,65.36,66.96,67.6
2007-06-13,65.67,69.24,66.17,67.705,68.319
2007-06-14,66.87,71.18,67.62,69.4,70.112
2007-06-15,67.5,71.63,68.04,69.835,70.553
2007-06-18,68.02,72.33,69.06,70.695,71.349
2007-06-19,68.33,72.17,69.15,70.66,71.264
2007-06-20,67.7,70.55,68.5,69.525,69.935
2007-06-21,67.7,71.81,68.35,70.08,70.772
2007-06-22,67.5,72.04,68.85,70.445,71.083
2007-06-25,67.38,71.36,68.83,70.095,70.601
2007-06-26,67.53,71.41,67.78,69.595,70.321
2007-06-27,67.41,71.84,68.98,70.41,70.982
2007-06-28,67.72,71.96,69.61,70.785,71.255
2007-06-29,68.02,72.22,70.47,71.345,71.695
2007-07-02,68.73,72.9,71.11,72.005,72.363
2007-07-03,69.65,74.26,71.41,72.835,73.405
2007-07-04,69.89,,,,
2007-07-05,70.38,75.4,71.81,73.605,74.323
2007-07-06,71.33,76.58,72.8,74.69,75.446
2007-07-09,71.55,77.1,72.14,74.62,75.612
2007-07-10,71.78,77.88,72.8,75.34,76.356
2007-07-11,72.05,77.44,72.58,75.01,75.982
2007-07-12,72.15,78.24,72.55,75.395,76.533
2007-07-13,72.67,78.12,73.89,76.005,76.851
2007-07-16,72.97,78.17,74.11,76.14,76.952
2007-07-17,72.05,77.59,74.03,75.81,76.522
2007-07-18,72.2,78,75.03,76.515,77.109
2007-07-19,73.36,78.37,75.9,77.135,77.629
2007-07-20,73.8,79.09,75.53,77.31,78.022
2007-07-23,73.13,78.36,74.65,76.505,77.247
2007-07-24,72.02,75.88,73.38,74.63,75.13
2007-07-25,71.65,75.21,75.74,75.475,75.369
2007-07-26,73.01,77.28,74.96,76.12,76.584
2007-07-27,72.36,76.58,77.03,76.805,76.715
2007-07-30,72.35,76.07,76.82,76.445,76.295
2007-07-31,72.56,77.01,78.2,77.605,77.367
2007-08-01,73.17,77.11,76.49,76.8,76.924
2007-08-02,72.3,76.14,76.84,76.49,76.35
2007-08-03,72.12,75.36,75.41,75.385,75.375
2007-08-06,70.3,72.69,72.03,72.36,72.492
2007-08-07,68.34,70.42,72.25,71.335,70.969
2007-08-08,68.59,70.73,72.23,71.48,71.18
2007-08-09,68.29,70.08,71.62,70.85,70.542
2007-08-10,67.56,69.57,71.49,70.53,70.146
2007-08-13,68.36,71.3,71.6,71.45,71.39
2007-08-14,67.75,69.29,72.4,70.845,70.223
2007-08-15,68.68,71.3,73.36,72.33,71.918
2007-08-16,67.63,68.77,70.99,69.88,69.436
2007-08-17,67.83,69.8,71.9,70.85,70.43
2007-08-20,67.69,68.37,71.12,69.745,69.195
2007-08-21,67.1,67.88,69.49,68.685,68.363
2007-08-22,66.6,67.73,69.3,68.515,68.201
2007-08-23,67.07,68.73,69.86,69.295,69.069
2007-08-24,67.61,69.49,71.17,70.33,69.994
2007-08-27,67.76,68.85,71.98,70.415,69.789
2007-08-28,68.25,69.66,71.79,70.725,70.299
2007-08-29,68.41,70.48,73.52,72,71.392
2007-08-30,69.18,71.46,73.37,72.415,72.033
2007-08-31,69.7,72.29,73.98,73.135,72.797
2007-09-03,70.42,,,,
2007-09-04,70.88,74.22,75.07,74.645,74.475
2007-09-05,71.46,74.72,75.74,75.23,75.026
2007-09-06,72.1,76.21,76.34,76.275,76.249
2007-09-07,72.01,75.08,76.7,75.89,75.566
2007-09-10,72.27,74.97,77.53,76.25,75.738
2007-09-11,73.13,76.23,78.16,77.195,76.809
2007-09-12,74.21,77.15,79.85,78.5,77.96
2007-09-13,74.64,77.84,80.05,78.945,78.503
2007-09-14,74.48,78.27,79.14,78.705,78.531
2007-09-17,74.06,77.99,80.55,79.27,78.758
2007-09-18,74.92,77,81.51,79.255,78.353
2007-09-19,75.61,78.47,81.99,80.23,79.526
2007-09-20,75.78,78.48,83.85,81.165,80.091
2007-09-21,76.72,78.91,83.38,81.145,80.251
2007-09-24,76.48,77.87,82.51,80.19,79.262
2007-09-25,75.8,76.82,81.2,79.01,78.134
2007-09-26,75.11,76.21,80.31,78.26,77.44
2007-09-27,76.02,78.88,82.86,80.87,80.074
2007-09-28,77.43,80.97,81.64,81.305,81.171
2007-10-01,75.97,78.33,80.31,79.32,78.924
2007-10-02,74.66,76.87,80,78.435,77.809
2007-10-03,74.96,77.8,79.97,78.885,78.451
2007-10-04,74.83,77.84,81.48,79.66,78.932
2007-10-05,76.23,79.05,81.2,80.125,79.695
2007-10-08,75.37,76.94,78.97,77.955,77.549
2007-10-09,74.47,77.82,80.23,79.025,78.543
2007-10-10,75.36,77.85,81.3,79.575,78.885
2007-10-11,77.01,80.83,83.05,81.94,81.496
2007-10-12,77.62,80.82,83.73,82.275,81.693
2007-10-15,78.76,82.5,86.19,84.345,83.607
2007-10-16,80.87,84.43,87.58,86.005,85.375
2007-10-17,81.13,85.24,87.19,86.215,85.825
2007-10-18,81.18,85.03,89.48,87.255,86.365
2007-10-19,81.49,84.25,88.58,86.415,85.549
2007-10-22,80.15,82.72,87.6,85.16,84.184
2007-10-23,80.03,82.31,86.45,84.38,83.552
2007-10-24,80.49,83.47,88.3,85.885,84.919
2007-10-25,82.67,85.4,92.09,88.745,87.407
2007-10-26,84.82,84.71,91.73,88.22,86.816
2007-10-29,85.94,89.87,93.45,91.66,90.944
2007-10-30,85.52,89.87,90.33,90.1,90.008
2007-10-31,84.76,89.87,94.16,92.015,91.157
2007-11-01,87.47,90.36,93.53,91.945,91.311
2007-11-02,87.47,92.11,95.81,93.96,93.22
2007-11-05,88,92.16,94.06,93.11,92.73
2007-11-06,89.02,93.99,96.65,95.32,94.788
2007-11-07,90.57,94.85,96.46,95.655,95.333
2007-11-08,90.56,94.4,95.51,94.955,94.733
2007-11-09,89.58,92.32,96.36,94.34,93.532
2007-11-12,88.65,91.56,94.4,92.98,92.412
2007-11-13,86.68,89.09,91.18,90.135,89.717
2007-11-14,86.45,90.73,94.02,92.375,91.717
2007-11-15,86.87,90.32,93.37,91.845,91.235
2007-11-16,87.41,91.99,94.81,93.4,92.836
2007-11-19,88.57,91.59,95.75,93.67,92.838
2007-11-20,89.93,94.13,99.16,96.645,95.639
2007-11-21,91.77,94.97,98.57,96.77,96.05
2007-11-22,91.22,,,,
2007-11-23,91.37,95.33,98.24,96.785,96.203
2007-11-26,91.68,94.88,97.66,96.27,95.714
2007-11-27,90.08,93.23,94.39,93.81,93.578
2007-11-28,87.88,91.64,90.71,91.175,91.361
2007-11-29,87.59,92.34,90.98,91.66,91.932
2007-11-30,85.72,88.71,88.6,88.655,88.677
2007-12-03,84.13,87.85,89.29,88.57,88.282
2007-12-04,85.14,89.97,88.31,89.14,89.472
2007-12-05,85.3,90.7,87.45,89.075,89.725
2007-12-06,84.34,88.46,90.25,89.355,88.997
2007-12-07,85.07,88.46,88.23,88.345,88.391
2007-12-10,84.02,87.33,87.72,87.525,87.447
2007-12-11,84.51,87.77,90.12,88.945,88.475
2007-12-12,86.61,91.69,94.41,93.05,92.506
2007-12-13,88.46,92.57,92.35,92.46,92.504
2007-12-14,87.81,91.86,91.31,91.585,91.695
2007-12-17,87.13,90.32,90.69,90.505,90.431
2007-12-18,87.1,90.71,89.93,90.32,90.476
2007-12-19,87.24,90.98,91.11,91.045,91.019
2007-12-20,87.36,91.06,90.88,90.97,91.006
2007-12-21,87.73,91.03,93.19,92.11,91.678
2007-12-24,87.86,91.59,94,92.795,92.313
2007-12-26,89.44,,95.89,,
2007-12-27,90.29,95.66,96.63,96.145,95.951
2007-12-28,90.84,95.92,96.03,95.975,95.953
2007-12-31,90.7,93.68,95.95,94.815,94.361
2008-01-02,91.82,97.01,99.64,98.325,97.799
2008-01-03,93.67,98.45,99.17,98.81,98.666
2008-01-04,93.38,96.87,97.9,97.385,97.179
2008-01-07,91.72,94.19,95.08,94.635,94.457
2008-01-08,91.67,96.37,96.43,96.4,96.388
2008-01-09,91.98,96.76,95.64,96.2,96.424
2008-01-10,89.71,92.8,93.92,93.36,93.136
2008-01-11,88.36,91.86,92.74,92.3,92.124
2008-01-14,88.51,92.58,94.23,93.405,93.075
2008-01-15,88.33,90.87,91.87,91.37,91.17
2008-01-16,86.28,88.1,90.8,89.45,88.91
2008-01-17,86.14,88.96,90.11,89.535,89.305
2008-01-18,85.91,89.66,90.55,90.105,89.927
2008-01-21,85.06,,,,
2008-01-22,83.7,88.11,89.64,88.875,88.569
2008-01-23,84.48,87.06,87.65,87.355,87.237
2008-01-24,84.42,87.69,89.98,88.835,88.377
2008-01-25,86.87,90.96,90.37,90.665,90.783
2008-01-28,87.01,90.91,90.99,90.95,90.934
2008-01-29,88.2,92.49,91.66,92.075,92.241
2008-01-30,88.59,92.46,92.34,92.4,92.424
2008-01-31,87.92,91.58,91.67,91.625,91.607
2008-02-01,87.5,91.41,89.03,90.22,90.696
2008-02-04,86.51,91.09,90.07,90.58,90.784
2008-02-05,86.01,89.6,88.32,88.96,89.216
2008-02-06,84.66,88.73,87.16,87.945,88.259
2008-02-07,84.63,88.55,88.07,88.31,88.406
2008-02-08,86.1,91.45,91.77,91.61,91.546
2008-02-11,89.01,93.93,93.56,93.745,93.819
2008-02-12,89.63,94.28,92.82,93.55,93.842
2008-02-13,89.48,93.82,93.28,93.55,93.658
2008-02-14,90.63,95.92,95.42,95.67,95.77
2008-02-15,91.55,96.96,95.57,96.265,96.543
2008-02-18,91.21,,,,
2008-02-19,92.52,97.03,99.99,98.51,97.918
2008-02-20,94.09,97.88,100.86,99.37,98.774
2008-02-21,93.81,97.52,98.57,98.045,97.835
2008-02-22,92.48,96.07,99.03,97.55,96.958
2008-02-25,93.49,97.43,99.4,98.415,98.021
2008-02-26,93.96,99.05,100.83,99.94,99.584
2008-02-27,95.03,98.28,99.59,98.935,98.673
2008-02-28,94.87,99.83,102.6,101.215,100.661
2008-02-29,96.35,100.9,101.78,101.34,101.164
2008-03-03,97.12,101.83,102.42,102.125,102.007
2008-03-04,96.13,98.6,99.72,99.16,98.936
2008-03-05,95.86,100.95,104.45,102.7,102
2008-03-06,98.34,103.47,105.51,104.49,104.082
2008-03-07,99,104.66,105.12,104.89,104.798
2008-03-10,99.48,105.33,107.9,106.615,106.101
2008-03-11,100.57,106.78,108.73,107.755,107.365
2008-03-12,101.38,107.99,109.86,108.925,108.551
2008-03-13,102.39,109.18,110.21,109.695,109.489
2008-03-14,102.88,109.16,110.03,109.595,109.421
2008-03-17,101.41,104.41,105.74,105.075,104.809
2008-03-18,100.1,105.35,109.57,107.46,106.616
2008-03-19,99.97,102.65,103.25,102.95,102.83
2008-03-20,96.1,99.78,102.57,101.175,100.617
2008-03-24,96.15,100.93,101.7,101.315,101.161
2008-03-25,96.49,99.91,101.78,100.845,100.471
2008-03-26,98.42,102.83,105.83,104.33,103.73
2008-03-27,100.36,103.89,107.56,105.725,104.991
2008-03-28,99.77,102.68,105.59,104.135,103.553
2008-03-31,98.63,102.33,101.54,101.935,102.093
2008-04-01,95.75,98.69,100.92,99.805,99.359
2008-04-02,96.48,98.85,104.83,101.84,100.644
2008-04-03,98.63,102.31,103.92,103.115,102.793
2008-04-04,98.63,102.21,106.09,104.15,103.374
2008-04-07,101.16,105.98,108.91,107.445,106.859
2008-04-08,101.89,105.05,108.54,106.795,106.097
2008-04-09,102.38,107.46,110.89,109.175,108.489
2008-04-10,103.74,107.37,110.07,108.72,108.18
2008-04-11,103.67,107.15,110.14,108.645,108.047
2008-04-14,104.02,108.32,111.71,110.015,109.337
2008-04-15,105.73,110.84,113.77,112.305,111.719
2008-04-16,106.65,110.95,114.8,112.875,112.105
2008-04-17,107.63,111.34,114.8,113.07,112.378
2008-04-18,107.75,110.67,116.56,113.615,112.437
2008-04-21,108.93,111.35,117.48,114.415,113.189
2008-04-22,109.92,113.54,119.17,116.355,115.229
2008-04-23,111.14,115.34,119.28,117.31,116.522
2008-04-24,110.63,114.85,117.1,115.975,115.525
2008-04-25,110.01,116.62,119.64,118.13,117.526
2008-04-28,111.66,115.7,118.78,117.24,116.624
2008-04-29,109.86,113.86,115.67,114.765,114.403
2008-04-30,107.33,111.12,113.7,112.41,111.894
2008-05-01,105.93,107.3,112.6,109.95,108.89
2008-05-02,106.93,111.92,116.36,114.14,113.252
2008-05-05,111.55,115.68,119.94,117.81,116.958
2008-05-06,114.69,119.88,121.82,120.85,120.462
2008-05-07,115.97,120.27,123.56,121.915,121.257
2008-05-08,116.87,119.85,123.77,121.81,121.026
2008-05-09,119.07,123.54,125.94,124.74,124.26
2008-05-12,119.65,122.89,124.02,123.455,123.229
2008-05-13,118.73,123.11,125.83,124.47,123.926
2008-05-14,118.78,121.18,124.21,122.695,122.089
2008-05-15,118.95,122.76,124.25,123.505,123.207
2008-05-16,119.27,122.98,126.5,124.74,124.036
2008-05-19,119.24,122.19,127.15,124.67,123.678
2008-05-20,121.02,124.12,128.93,126.525,125.563
2008-05-21,124.45,127.28,132.99,130.135,128.993
2008-05-22,127.59,129.04,130.04,129.54,129.34
2008-05-23,126.37,129.72,131.58,130.65,130.278
2008-05-26,126.57,,,,
2008-05-27,125.91,128.92,128.81,128.865,128.887
2008-05-28,123.05,128.93,131,129.965,129.551
2008-05-29,124.27,129.33,126.7,128.015,128.541
2008-05-30,121.68,127.85,127.35,127.6,127.7
2008-06-02,122.09,128.5,127.75,128.125,128.275
2008-06-03,121.68,126.28,124.33,125.305,125.695
2008-06-04,118.55,121.72,122.3,122.01,121.894
2008-06-05,118.75,122.36,127.93,125.145,124.031
2008-06-06,126.09,132.81,138.51,135.66,134.52
2008-06-09,130.86,134.43,134.44,134.435,134.433
2008-06-10,128.64,135.24,131.38,133.31,134.082
2008-06-11,128.88,134.52,136.43,135.475,135.093
2008-06-12,129.75,132.11,136.91,134.51,133.55
2008-06-13,130.51,134.29,134.84,134.565,134.455
2008-06-16,129.77,133.9,134.52,134.21,134.086
2008-06-17,128.97,131.27,133.99,132.63,132.086
2008-06-18,128.44,129.12,136.54,132.83,131.346
2008-06-19,129.44,131.84,131.88,131.86,131.852
2008-06-20,128.56,134.28,134.78,134.53,134.43
2008-06-23,130.7,134.54,135.98,135.26,134.972
2008-06-24,131.34,135.37,136.49,135.93,135.706
2008-06-25,129.87,131.59,133.92,132.755,132.289
2008-06-26,130.77,136.82,138.91,137.865,137.447
2008-06-27,135.31,139.38,139.69,139.535,139.473
2008-06-30,136.03,138.4,139.96,139.18,138.868
2008-07-01,136.94,140.67,141.06,140.865,140.787
2008-07-02,137.73,141.24,143.74,142.49,141.99
2008-07-03,140.73,143.95,145.31,144.63,144.358
2008-07-04,140.13,,,,
2008-07-07,138.44,139.62,141.38,140.5,140.148
2008-07-08,135.21,134.15,136.06,135.105,134.723
2008-07-09,133.16,133.91,135.88,134.895,134.501
2008-07-10,133.68,135.81,141.47,138.64,137.508
2008-07-11,139.85,143.68,144.96,144.32,144.064
2008-07-14,139.81,142.43,145.16,143.795,143.249
2008-07-15,138,136.02,138.68,137.35,136.818
2008-07-16,133.09,133.31,134.63,133.97,133.706
2008-07-17,131.03,134.16,129.43,131.795,132.741
2008-07-18,127.93,129.34,128.94,129.14,129.22
2008-07-21,127.72,129.34,131.43,130.385,129.967
2008-07-22,127.43,127.18,127.25,127.215,127.201
2008-07-23,123.89,126.86,123.73,125.295,125.921
2008-07-24,122.42,125.43,124.62,125.025,125.187
2008-07-25,122.63,124.7,122.59,123.645,124.067
2008-07-28,123.19,125.67,124.72,125.195,125.385
2008-07-29,121.73,125.77,122.21,123.99,124.702
2008-07-30,120.88,122.46,126.74,124.6,123.744
2008-07-31,122.48,124.1,124.17,124.135,124.121
2008-08-01,121.08,124.16,125.03,124.595,124.421
2008-08-04,120.8,121.87,121.45,121.66,121.744
2008-08-05,116.22,116.5,118.71,117.605,117.163
2008-08-06,114.64,114.47,118.57,116.52,115.7
2008-08-07,115.08,116.94,119.84,118.39,117.81
2008-08-08,112.73,113.03,115.42,114.225,113.747
2008-08-11,111.27,110.54,114.44,112.49,111.71
2008-08-12,109.08,108.98,113.1,111.04,110.216
2008-08-13,109.56,110.68,115.96,113.32,112.264
2008-08-14,110.88,111.82,115.05,113.435,112.789
2008-08-15,107.88,108.8,113.46,111.13,110.198
2008-08-18,108.68,109.33,112.92,111.125,110.407
2008-08-19,108.26,109.02,114.39,111.705,110.631
2008-08-20,109.77,108.72,115.48,112.1,110.748
2008-08-21,114.07,117.24,121.23,119.235,118.437
2008-08-22,114.63,113.99,114.48,114.235,114.137
2008-08-25,110.61,109.74,114.85,112.295,111.273
2008-08-26,110.51,112.2,116.31,114.255,113.433
2008-08-27,111.79,113.05,118.17,115.61,114.586
2008-08-28,111.85,113.54,115.58,114.56,114.152
2008-08-29,111.23,113.49,115.55,114.52,114.108
2008-09-01,110.01,,,,
2008-09-02,103.4,104.94,109.63,107.285,106.347
2008-09-03,103.68,103.88,109.38,106.63,105.53
2008-09-04,103.64,103.41,107.99,105.7,104.784
2008-09-05,101.21,102.51,106.47,104.49,103.698
2008-09-08,101.08,101.08,106.35,103.715,102.661
2008-09-09,98.49,98.94,103.23,101.085,100.227
2008-09-10,96.79,96,102.66,99.33,97.998
2008-09-11,95.29,96.01,100.95,98.48,97.492
2008-09-12,95.21,94.37,101.19,97.78,96.416
2008-09-15,91.26,90.45,95.52,92.985,91.971
2008-09-16,86.27,85.85,91.49,88.67,87.542
2008-09-17,87.25,86.09,97.39,91.74,89.48
2008-09-18,89.38,90.89,97.5,94.195,92.873
2008-09-19,91.83,93.46,104.05,98.755,96.637
2008-09-22,97.95,100.43,122.61,111.52,107.084
2008-09-23,99,100.72,107.85,104.285,102.859
2008-09-24,98.88,102.09,106.84,104.465,103.515
2008-09-25,97.68,100.45,111.54,105.995,103.777
2008-09-26,97.9,100.88,106.77,103.825,102.647
2008-09-29,94.09,95.96,96.29,96.125,96.059
2008-09-30,90.32,93.52,100.7,97.11,95.674
2008-10-01,89.99,92.19,98.23,95.21,94.002
2008-10-02,89.27,88.88,93.84,91.36,90.368
2008-10-03,86.36,88.95,93.91,91.43,90.438
2008-10-06,81.56,84.71,88.15,86.43,85.742
2008-10-07,80.04,83.17,90.18,86.675,85.273
2008-10-08,77.37,80.77,88.94,84.855,83.221
2008-10-09,78.24,81.65,86.5,84.075,83.105
2008-10-10,72.67,74.58,77.44,76.01,75.438
2008-10-13,71.96,74.37,81.17,77.77,76.41
2008-10-14,73.49,74.98,78.69,76.835,76.093
2008-10-15,68.28,66.86,74.38,70.62,69.116
2008-10-16,62.77,64.14,69.81,66.975,65.841
2008-10-17,62.92,66.05,71.9,68.975,67.805
2008-10-20,64.63,67.45,74.08,70.765,69.439
2008-10-21,64.35,65.99,71.29,68.64,67.58
2008-10-22,60.82,62.95,66.92,64.935,64.141
2008-10-23,60.27,65.06,67.17,66.115,65.693
2008-10-24,57.57,60.57,63.34,61.955,61.401
2008-10-27,56.8,59.34,61.92,60.63,60.114
2008-10-28,55.9,58.87,62.8,60.835,60.049
2008-10-29,58.13,64,67.45,65.725,65.035
2008-10-30,59.92,60.86,65.79,63.325,62.339
2008-10-31,57.43,60,68.1,64.05,62.43
2008-11-03,59.03,60.32,63.93,62.125,61.403
2008-11-04,57.77,62.78,70.41,66.595,65.069
2008-11-05,58.97,61.09,65.41,63.25,62.386
2008-11-06,54.89,56.14,60.72,58.43,57.514
2008-11-07,53.49,56.84,61.06,58.95,58.106
2008-11-10,54.77,57.08,62.19,59.635,58.613
2008-11-11,52.24,54.76,59.38,57.07,56.146
2008-11-12,49.94,52.47,55.95,54.21,53.514
2008-11-13,47.73,51.32,58.31,54.815,53.417
2008-11-14,49.09,50.7,57.18,53.94,52.644
2008-11-17,47.96,50.82,55.14,52.98,52.116
2008-11-18,46.55,49.1,54.42,51.76,50.696
2008-11-19,45.89,48.35,53.64,50.995,49.937
2008-11-20,44.06,45.79,48.86,47.325,46.711
2008-11-21,42.56,44.91,49.22,47.065,46.203
2008-11-24,44.48,49.51,53.63,51.57,50.746
2008-11-25,45.53,47.51,50.02,48.765,48.263
2008-11-26,45.47,49.39,54.2,51.795,50.833
2008-11-27,47.47,,,,
2008-11-28,47.22,47.72,55.21,51.465,49.967
2008-12-01,45.26,47.58,49.34,48.46,48.108
2008-12-02,41.6,45.64,47.05,46.345,46.063
2008-12-03,40.75,44.39,46.79,45.59,45.11
2008-12-04,39.56,43.83,43.8,43.815,43.821
2008-12-05,36.67,37.04,41.01,39.025,38.231
2008-12-08,37.73,40.02,43.69,41.855,41.121
2008-12-09,38.19,39.77,42,40.885,40.439
2008-12-10,37.94,39.34,43.1,41.22,40.468
2008-12-11,40.12,43.54,47.77,45.655,44.809
2008-12-12,41.32,42.38,46.27,44.325,43.547
2008-12-15,42.53,45.02,44.61,44.815,44.897
2008-12-16,40.74,42,43.84,42.92,42.552
2008-12-17,40.95,41.84,40.17,41.005,41.339
2008-12-18,39.48,40.19,36.73,38.46,39.152
2008-12-19,37.72,39.52,33.17,36.345,37.615
2008-12-22,36.92,38.08,31.1,34.59,35.986
2008-12-23,34.49,35.27,30.28,32.775,33.773
2008-12-24,33.36,34.45,32.94,33.695,33.997
2008-12-26,,33.73,37.58,35.655,34.885
2008-12-29,34.69,34.16,39.89,37.025,35.879
2008-12-30,34.95,35.22,38.95,37.085,36.339
2008-12-31,35.58,35.82,44.6,40.21,38.454
2009-01-02,40.44,42.94,46.17,44.555,43.909
2009-01-05,43.98,45.84,48.61,47.225,46.671
2009-01-06,46.32,48.89,48.56,48.725,48.791
2009-01-07,45.43,46.23,42.75,44.49,45.186
2009-01-08,42.06,42.94,41.68,42.31,42.562
2009-01-09,41.9,42.34,40.69,41.515,41.845
2009-01-12,40.15,40.86,37.65,39.255,39.897
2009-01-13,40.13,43.05,37.77,40.41,41.466
2009-01-14,41.32,42.27,37.43,39.85,40.818
2009-01-15,40.9,42.32,35.41,38.865,40.247
2009-01-16,42.23,43.42,35.38,39.4,41.008
2009-01-19,40.33,,,,
2009-01-20,39.29,41.22,38.57,39.895,40.425
2009-01-21,39.55,39.9,42.56,41.23,40.698
2009-01-22,40.28,42.42,42.33,42.375,42.393
2009-01-23,41.03,43.13,45.12,44.125,43.727
2009-01-26,42.54,48,46.5,47.25,47.55
2009-01-27,40.48,42.86,41.67,42.265,42.503
2009-01-28,40.81,42.86,42.04,42.45,42.614
2009-01-29,41.19,43.13,41.58,42.355,42.665
2009-01-30,42.02,44.17,41.73,42.95,43.438
2009-02-02,42.58,42.96,41.35,42.155,42.477
2009-02-03,41.57,43.15,40.87,42.01,42.466
2009-02-04,41.63,43.68,40.27,41.975,42.657
2009-02-05,42.15,43.92,41.15,42.535,43.089
2009-02-06,43.29,44.49,40.24,42.365,43.215
2009-02-09,43.9,47.23,39.58,43.405,44.935
2009-02-10,43.45,45.88,37.54,41.71,43.378
2009-02-11,42.29,44.24,35.93,40.085,41.747
2009-02-12,41.81,47.23,34.03,40.63,43.27
2009-02-13,42.31,43.36,37.63,40.495,41.641
2009-02-16,41.48,,,,
2009-02-17,39.8,39.69,34.96,37.325,38.271
2009-02-18,38.1,39.41,34.67,37.04,37.988
2009-02-19,38.98,42.36,39.6,40.98,41.532
2009-02-20,39.19,42.19,39.35,40.77,41.338
2009-02-23,39.47,41.27,37.66,39.465,40.187
2009-02-24,39.03,40.18,38.86,39.52,39.784
2009-02-25,40.71,42.37,41.64,42.005,42.151
2009-02-26,43.21,45.15,43.18,44.165,44.559
2009-02-27,43.23,44.41,44.15,44.28,44.332
2009-03-02,42.61,42.6,40.07,41.335,41.841
2009-03-03,41.79,42.72,41.57,42.145,42.375
2009-03-04,43.83,46.07,45.28,45.675,45.833
2009-03-05,43.64,44.45,43.54,43.995,44.177
2009-03-06,43.15,43.48,45.43,44.455,44.065
2009-03-09,44.04,44.55,47.01,45.78,45.288
2009-03-10,43.47,44.99,45.68,45.335,45.197
2009-03-11,42.38,43.2,42.46,42.83,42.978
2009-03-12,42.24,42.19,46.91,44.55,43.606
2009-03-13,44.15,44.97,46.22,45.595,45.345
2009-03-16,43.05,44.12,47.33,45.725,45.083
2009-03-17,44.71,45.53,48.97,47.25,46.562
2009-03-18,45.64,45.22,48.12,46.67,46.09
2009-03-19,47.39,48.03,51.46,49.745,49.059
2009-03-20,48.77,49.27,51.55,50.41,49.954
2009-03-23,50.18,51.84,53.05,52.445,52.203
2009-03-24,50.44,51.32,53.36,52.34,51.932
2009-03-25,50.14,51.46,52.24,51.85,51.694
2009-03-26,50.77,51.89,53.87,52.88,52.484
2009-03-27,50.41,50.81,52.41,51.61,51.29
2009-03-30,47.72,49.05,48.49,48.77,48.882
2009-03-31,46.65,46.13,49.64,47.885,47.183
2009-04-01,47.15,45.92,48.46,47.19,46.682
2009-04-02,49.97,50.89,52.61,51.75,51.406
2009-04-03,51.2,50.48,52.52,51.5,51.092
2009-04-06,51.9,50.91,51.1,51.005,50.967
2009-04-07,50.96,50.62,49.13,49.875,50.173
2009-04-08,50.25,52.06,49.37,50.715,51.253
2009-04-09,52.26,52.33,52.24,52.285,52.303
2009-04-13,51.92,50.73,50.22,50.475,50.577
2009-04-14,51.07,52.06,49.51,50.785,51.295
2009-04-15,51.17,51.31,49.26,50.285,50.695
2009-04-16,51.55,51.83,49.97,50.9,51.272
2009-04-17,51.45,52.02,50.36,51.19,51.522
2009-04-20,49.59,49.06,45.82,47.44,48.088
2009-04-21,48.49,48.69,46.65,47.67,48.078
2009-04-22,48.51,48.5,47.41,47.955,48.173
2009-04-23,48.6,48.29,48.46,48.375,48.341
2009-04-24,49.97,50.29,50.65,50.47,50.398
2009-04-27,49.21,48.67,49.29,48.98,48.856
2009-04-28,48.7,48.64,49.01,48.825,48.751
2009-04-29,49.98,50.22,50.19,50.205,50.211
2009-04-30,50.36,50.3,50.35,50.325,50.315
2009-05-01,50.41,51.75,52.18,51.965,51.879
2009-05-04,52.11,53.26,54.45,53.855,53.617
2009-05-05,52.71,53.16,53.81,53.485,53.355
2009-05-06,54.09,55.07,56.29,55.68,55.436
2009-05-07,56.05,56.63,56.67,56.65,56.642
2009-05-08,56.35,56.02,58.58,57.3,56.788
2009-05-11,56.11,55.99,57.79,56.89,56.53
2009-05-12,56.76,56.52,58.81,57.665,57.207
2009-05-13,57.16,56.84,58,57.42,57.188
2009-05-14,55.99,56.25,58.58,57.415,56.949
2009-05-15,56.37,56.33,56.52,56.425,56.387
2009-05-18,55.86,56.51,58.99,57.75,57.254
2009-05-19,57.52,57.12,59.52,58.32,57.84
2009-05-20,58.47,59.1,61.45,60.275,59.805
2009-05-21,58.32,58.02,60.49,59.255,58.761
2009-05-22,58.75,58.7,61.15,59.925,59.435
2009-05-25,58.55,,,,
2009-05-26,58.71,59.05,62.48,60.765,60.079
2009-05-27,60.75,61.28,63.41,62.345,61.919
2009-05-28,61.77,63.47,65.09,64.28,63.956
2009-05-29,63.71,64.98,66.31,65.645,65.379
2009-06-01,66.08,66.6,68.59,67.595,67.197
2009-06-02,66.6,67.67,68.58,68.125,67.943
2009-06-03,66.14,66.15,66.14,66.145,66.147
2009-06-04,66.74,67.68,68.8,68.24,68.016
2009-06-05,67.81,67.77,68.43,68.1,67.968
2009-06-08,66.75,67.61,68.05,67.83,67.742
2009-06-09,68.42,68.94,70.02,69.48,69.264
2009-06-10,69.92,70.52,71.38,70.95,70.778
2009-06-11,70.6,71.71,72.69,72.2,72.004
2009-06-12,70.18,70.62,72.13,71.375,71.073
2009-06-15,68.98,68.49,70.54,69.515,69.105
2009-06-16,69.41,70.52,70.47,70.495,70.505
2009-06-17,69.1,68.95,71.07,70.01,69.586
2009-06-18,70.01,69.96,71.42,70.69,70.398
2009-06-19,70,70.48,69.6,70.04,70.216
2009-06-22,67.13,66.13,67.09,66.61,66.418
2009-06-23,66.34,66.36,68.81,67.585,67.095
2009-06-24,67.74,68.47,68.14,68.305,68.371
2009-06-25,68.27,68.82,69.7,69.26,69.084
2009-06-26,69.02,68.1,69.16,68.63,68.418
2009-06-29,69.16,69.75,71.47,70.61,70.266
2009-06-30,69.56,68.11,69.82,68.965,68.623
2009-07-01,69.26,68.52,69.32,68.92,68.76
2009-07-02,67.04,65.74,66.68,66.21,66.022
2009-07-03,66.12,,,,
2009-07-06,63.66,63.12,64.06,63.59,63.402
2009-07-07,62.97,61.54,62.88,62.21,61.942
2009-07-08,61.11,59.71,60.15,59.93,59.842
2009-07-09,60.58,59.17,60.36,59.765,59.527
2009-07-10,59.86,58.43,59.93,59.18,58.88
2009-07-13,59.66,58.25,59.69,58.97,58.682
2009-07-14,60.87,60.48,59.62,60.05,60.222
2009-07-15,61.73,61.25,61.49,61.37,61.322
2009-07-16,62.54,62.02,62.07,62.045,62.035
2009-07-17,63.23,63.54,63.56,63.55,63.546
2009-07-20,64.64,64.64,63.93,64.285,64.427
2009-07-21,65.04,65.93,64.81,65.37,65.594
2009-07-22,64.68,65.36,64.58,64.97,65.126
2009-07-23,66.46,68.06,66.1,67.08,67.472
2009-07-24,67.8,68.82,66.96,67.89,68.262
2009-07-27,69.01,69.78,68.34,69.06,69.348
2009-07-28,68.45,68.53,67.24,67.885,68.143
2009-07-29,65.81,65.79,63.42,64.605,65.079
2009-07-30,66.42,68.82,66.9,67.86,68.244
2009-07-31,68.59,70.08,69.26,69.67,69.834
2009-08-03,71.34,72.9,71.59,72.245,72.507
2009-08-04,71.53,73.82,71.4,72.61,73.094
2009-08-05,72.45,74.39,71.97,73.18,73.664
2009-08-06,72.92,74.61,71.96,73.285,73.815
2009-08-07,71.96,74.21,70.97,72.59,73.238
2009-08-10,71.68,73.79,70.59,72.19,72.83
2009-08-11,71.06,71.58,69.46,70.52,70.944
2009-08-12,71.04,74.03,70.08,72.055,72.845
2009-08-13,72.22,73.76,70.57,72.165,72.803
2009-08-14,71.14,71.33,67.51,69.42,70.184
2009-08-17,68.04,68.65,66.72,67.685,68.071
2009-08-18,69.47,68.66,69.22,68.94,68.828
2009-08-19,71.13,72.81,72.54,72.675,72.729
2009-08-20,72.57,73.75,72.4,73.075,73.345
2009-08-21,72.27,73.71,73.12,73.415,73.533
2009-08-24,72.89,74.34,73.68,74.01,74.142
2009-08-25,71.71,73.1,71.6,72.35,72.65
2009-08-26,70.44,70.74,71.38,71.06,70.932
2009-08-27,70.36,70.68,72.49,71.585,71.223
2009-08-28,71.72,72.8,72.72,72.76,72.776
2009-08-31,70.37,69.02,69.97,69.495,69.305
2009-09-01,68.11,68.78,68.11,68.445,68.579
2009-09-02,66.64,67.6,68.03,67.815,67.729
2009-09-03,66.65,66.78,67.9,67.34,67.116
2009-09-04,66.03,65.84,67.95,66.895,66.473
2009-09-07,66.2,,,,
2009-09-08,67.83,69.2,71.08,70.14,69.764
2009-09-09,68.97,69.76,71.27,70.515,70.213
2009-09-10,69.23,68.96,71.95,70.455,69.857
2009-09-11,68.21,68.76,69.34,69.05,68.934
2009-09-14,66.47,66.91,68.86,67.885,67.495
2009-09-15,66.95,66.53,70.81,68.67,67.814
2009-09-16,68.69,68.51,72.5,70.505,69.707
2009-09-17,70.27,71.56,72.48,72.02,71.836
2009-09-18,69.62,70.72,71.95,71.335,71.089
2009-09-21,68.42,68.11,69.74,68.925,68.599
2009-09-22,68.59,69.65,71.5,70.575,70.205
2009-09-23,67.87,67.43,68.74,68.085,67.823
2009-09-24,65.12,64.99,65.74,65.365,65.215
2009-09-25,64,64.6,65.91,65.255,64.993
2009-09-28,64.07,65.43,66.69,66.06,65.808
2009-09-29,64.25,64.63,66.56,65.595,65.209
2009-09-30,65.55,65.82,70.46,68.14,67.212
2009-10-01,67.72,67.12,70.67,68.895,68.185
2009-10-02,67.17,66.5,69.8,68.15,67.49
2009-10-05,66.81,65.26,70.26,67.76,66.76
2009-10-06,68.14,68.51,70.71,69.61,69.17
2009-10-07,67.76,67.65,69.6,68.625,68.235
2009-10-08,67.84,68.47,71.69,70.08,69.436
2009-10-09,68.86,69.45,71.75,70.6,70.14
2009-10-12,70.06,70.75,73.24,71.995,71.497
2009-10-13,70.94,70.81,74.1,72.455,71.797
2009-10-14,71.96,72.16,75.2,73.68,73.072
2009-10-15,73.2,73.14,77.55,75.345,74.463
2009-10-16,74.89,74.58,78.54,76.56,75.768
2009-10-19,75.82,75.86,79.47,77.665,76.943
2009-10-20,75.82,76.51,78.87,77.69,77.218
2009-10-21,76.37,77.74,81.03,79.385,78.727
2009-10-22,77.61,78.36,80.82,79.59,79.098
2009-10-23,77.59,77.72,80.11,78.915,78.437
2009-10-26,76.7,76.45,78.61,77.53,77.098
2009-10-27,76.43,76.69,79.45,78.07,77.518
2009-10-28,75.53,75.11,77.39,76.25,75.794
2009-10-29,75.94,77.18,79.84,78.51,77.978
2009-10-30,75.56,74.91,77.04,75.975,75.549
2009-11-02,74.95,75.56,78.08,76.82,76.316
2009-11-03,75.53,75.68,79.58,77.63,76.85
2009-11-04,77.6,78.21,80.3,79.255,78.837
2009-11-05,77.45,78.02,79.64,78.83,78.506
2009-11-06,76.25,75.51,77.4,76.455,76.077
2009-11-09,76.56,77.18,79.44,78.31,77.858
2009-11-10,76.5,77.07,79.01,78.04,77.652
2009-11-11,76.88,76.99,79.16,78.075,77.641
2009-11-12,76.06,75.18,77.25,76.215,75.801
2009-11-13,75.25,74.81,76.34,75.575,75.269
2009-11-16,76.48,77.14,78.91,78.025,77.671
2009-11-17,76.96,77.36,79.08,78.22,77.876
2009-11-18,77.86,78.64,79.55,79.095,78.913
2009-11-19,76.77,76.45,77.47,76.96,76.756
2009-11-20,75.77,75.61,76.83,76.22,75.976
2009-11-23,76.72,78.14,76.49,77.315,77.645
2009-11-24,75.22,75.35,74.88,75.115,75.209
2009-11-25,75.67,76.57,77.25,76.91,76.774
2009-11-26,75.96,,,,
2009-11-27,75.38,76,75.95,75.975,75.985
2009-11-30,76.21,77.77,77.19,77.48,77.596
2009-12-01,77.88,78.68,78.39,78.535,78.593
2009-12-02,77.31,76.96,76.62,76.79,76.858
2009-12-03,77.32,77.76,76.42,77.09,77.358
2009-12-04,76.81,77.74,75.41,76.575,77.041
2009-12-07,75.76,76.18,73.89,75.035,75.493
2009-12-08,74.8,74.93,72.59,73.76,74.228
2009-12-09,73.7,73.63,70.67,72.15,72.742
2009-12-10,71.43,70.91,70.54,70.725,70.799
2009-12-11,70.85,70.07,69.86,69.965,70.007
2009-12-14,70.64,71.19,69.48,70.335,70.677
2009-12-15,70.84,71.33,70.62,70.975,71.117
2009-12-16,72.17,73.34,72.64,72.99,73.13
2009-12-17,71.77,71.28,72.58,71.93,71.67
2009-12-18,71.78,71.87,73.3,72.585,72.299
2009-12-21,71.88,72.74,72.71,72.725,72.731
2009-12-22,71.32,71.64,73.48,72.56,72.192
2009-12-23,72.71,73.87,76.03,74.95,74.518
2009-12-24,74.33,75.15,76.83,75.99,75.654
2009-12-28,74.83,76.59,78.67,77.63,77.214
2009-12-29,76.19,76.65,78.87,77.76,77.316
2009-12-30,76.77,77.62,79.35,78.485,78.139
2009-12-31,77.16,77.91,79.39,78.65,78.354
2010-01-04,78.23,79.05,81.52,80.285,79.791
2010-01-05,79.14,79.27,81.74,80.505,80.011
2010-01-06,79.7,80.14,83.12,81.63,81.034
2010-01-07,80.19,80.57,82.6,81.585,81.179
2010-01-08,79.94,80.06,82.74,81.4,80.864
2010-01-11,80.29,80.14,82.54,81.34,80.86
2010-01-12,79.08,79.38,80.79,80.085,79.803
2010-01-13,77.15,77.57,79.66,78.615,78.197
2010-01-14,77.59,77.61,79.35,78.48,78.132
2010-01-15,76.57,76.85,77.96,77.405,77.183
2010-01-18,75.75,,,,
2010-01-19,75.53,75.18,78.98,77.08,76.32
2010-01-20,75.3,75.09,77.42,76.255,75.789
2010-01-21,74.54,74.13,75.84,74.985,74.643
2010-01-22,73.02,72.73,74.25,73.49,73.186
2010-01-25,71.97,72.18,74.9,73.54,72.996
2010-01-26,71.94,72.63,74.67,73.65,73.242
2010-01-27,71.87,72.75,73.64,73.195,73.017
2010-01-28,71.4,70.65,73.62,72.135,71.541
2010-01-29,71.01,71.2,72.85,72.025,71.695
2010-02-01,71.02,71.58,74.41,72.995,72.429
2010-02-02,73.05,73.94,77.21,75.575,74.921
2010-02-03,75.14,75.77,76.96,76.365,76.127
2010-02-04,72.73,71.3,73.13,72.215,71.849
2010-02-05,69.71,70.11,71.15,70.63,70.422
2010-02-08,68.86,69.62,71.87,70.745,70.295
2010-02-09,69.76,70.4,73.71,72.055,71.393
2010-02-10,70.78,70.4,74.48,72.44,71.624
2010-02-11,71.81,72.35,75.23,73.79,73.214
2010-02-12,71.55,71.49,74.11,72.8,72.276
2010-02-15,71.72,,,,
2010-02-16,73.06,74.82,76.98,75.9,75.468
2010-02-17,74.33,74.89,77.27,76.08,75.604
2010-02-18,74.49,76.61,78.97,77.79,77.318
2010-02-19,75.17,76.88,79.77,78.325,77.747
2010-02-22,76.14,76.95,80.04,78.495,77.877
2010-02-23,75.75,76.44,78.61,77.525,77.091
2010-02-24,75.46,77,79.75,78.375,77.825
2010-02-25,74.66,74.38,77.99,76.185,75.463
2010-02-26,74.6,76.36,79.72,78.04,77.368
2010-03-01,75.75,76.07,78.71,77.39,76.862
2010-03-02,75.51,77.5,79.62,78.56,78.136
2010-03-03,76.52,78.66,80.91,79.785,79.335
2010-03-04,76.42,77.88,80.21,79.045,78.579
2010-03-05,77.27,79.2,81.5,80.35,79.89
2010-03-08,77.86,78.94,81.85,80.395,79.813
2010-03-09,77.38,78.77,81.5,80.135,79.589
2010-03-10,77.8,80.29,82.07,81.18,80.824
2010-03-11,77.76,79.44,82.1,80.77,80.238
2010-03-12,77.74,79.38,81.26,80.32,79.944
2010-03-15,76.24,77.08,79.79,78.435,77.893
2010-03-16,76.62,79.45,81.75,80.6,80.14
2010-03-17,78.25,80.28,82.93,81.605,81.075
2010-03-18,77.9,80.09,82.16,81.125,80.711
2010-03-19,77.18,78.37,80.58,79.475,79.033
2010-03-22,76.75,78.09,81.26,79.675,79.041
2010-03-23,77.54,79.17,81.68,80.425,79.923
2010-03-24,76.9,78.03,80.29,79.16,78.708
2010-03-25,77.03,78.64,80.25,79.445,79.123
2010-03-26,76.8,77.98,79.75,78.865,78.511
2010-03-29,77.77,79.89,81.92,80.905,80.499
2010-03-30,78.21,79.46,82.14,80.8,80.264
2010-03-31,78.7,80.37,83.45,81.91,81.294
2010-04-01,79.89,82.63,84.53,83.58,83.2
2010-04-05,81.27,84.48,86.36,85.42,85.044
2010-04-06,82.55,85.05,86.54,85.795,85.497
2010-04-07,82.36,84.49,85.64,85.065,84.835
2010-04-08,81.6,82.63,85.17,83.9,83.392
2010-04-09,81.97,82.77,84.6,83.685,83.319
2010-04-12,82.2,85.21,84.07,84.64,84.868
2010-04-13,81.52,83.44,83.8,83.62,83.548
2010-04-14,82.63,85.81,85.62,85.715,85.753
2010-04-15,83.28,86.9,85.25,86.075,86.405
2010-04-16,82.86,84.81,82.97,83.89,84.258
2010-04-19,80.89,83.09,81.52,82.305,82.619
2010-04-20,81.83,84.73,82.98,83.855,84.205
2010-04-21,82.01,84.55,82.78,83.665,84.019
2010-04-22,82.36,84.58,82.89,83.735,84.073
2010-04-23,83.01,86.09,84.34,85.215,85.565
2010-04-26,83.91,86.72,84.2,85.46,85.964
2010-04-27,83.03,85.59,82.43,84.01,84.642
2010-04-28,82.13,84.59,83.22,83.905,84.179
2010-04-29,83.59,86.82,85.17,85.995,86.325
2010-04-30,84.13,86.19,86.07,86.13,86.154
2010-05-03,84.36,88.09,86.19,87.14,87.52
2010-05-04,84.16,85.39,82.73,84.06,84.592
2010-05-05,81.12,82.31,80,81.155,81.617
2010-05-06,78.52,80.21,77.18,78.695,79.301
2010-05-07,76.41,76.48,75.1,75.79,76.066
2010-05-10,78.08,78.08,76.89,77.485,77.723
2010-05-11,77.53,79,76.37,77.685,78.211
2010-05-12,78.29,78.7,75.65,77.175,77.785
2010-05-13,78.43,79.41,74.38,76.895,77.901
2010-05-14,75.95,76.43,71.61,74.02,74.984
2010-05-17,73.25,73.87,70.08,71.975,72.733
2010-05-18,72.77,75.12,69.38,72.25,73.398
2010-05-19,70.57,71.86,69.91,70.885,71.275
2010-05-20,69.64,69.56,68.28,68.92,69.176
2010-05-21,68.47,70.45,68.03,69.24,69.724
2010-05-24,68.59,69.62,68.23,68.925,69.203
2010-05-25,66.84,67.18,64.78,65.98,66.46
2010-05-26,68.21,70.59,71.52,71.055,70.869
2010-05-27,70.48,73.56,74.56,74.06,73.86
2010-05-28,70.62,73,74,73.5,73.3
2010-05-31,71.88,,,,
2010-06-01,70.96,73.08,72.7,72.89,72.966
2010-06-02,71.13,72.78,72.88,72.83,72.81
2010-06-03,72.84,73.12,74.62,73.87,73.57
2010-06-04,72.06,71.84,71.43,71.635,71.717
2010-06-07,69.61,71.09,71.55,71.32,71.228
2010-06-08,70.08,71.43,71.88,71.655,71.565
2010-06-09,71.05,73.68,74.38,74.03,73.89
2010-06-10,72.18,74.33,75.48,74.905,74.675
2010-06-11,72.26,73.28,73.89,73.585,73.463
2010-06-14,73.32,75.11,74.99,75.05,75.074
2010-06-15,73.14,75.29,76.84,76.065,75.755
2010-06-16,74.13,76.12,77.67,76.895,76.585
2010-06-17,75.21,77.52,76.82,77.17,77.31
2010-06-18,75.11,77.05,77.18,77.115,77.089
2010-06-21,75.94,78.53,77.84,78.185,78.323
2010-06-22,75.09,78.08,77.15,77.615,77.801
2010-06-23,74.06,75.22,75.9,75.56,75.424
2010-06-24,72.9,75.17,75.96,75.565,75.407
2010-06-25,73.8,76.21,78.45,77.33,76.882
2010-06-28,74.77,76.66,78.26,77.46,77.14
2010-06-29,72.66,74.21,75.93,75.07,74.726
2010-06-30,72.49,74.94,75.59,75.265,75.135
2010-07-01,70.48,71.73,72.95,72.34,72.096
2010-07-02,69.63,71.75,72.06,71.905,71.843
2010-07-05,69.05,,,,
2010-07-06,69.73,73.08,71.96,72.52,72.744
2010-07-07,69.74,72.97,74.05,73.51,73.294
2010-07-08,71.86,74.56,75.46,75.01,74.83
2010-07-09,72.79,75.2,76.08,75.64,75.464
2010-07-12,72,74.35,74.93,74.64,74.524
2010-07-13,72.58,76.45,77.16,76.805,76.663
2010-07-14,73.93,76.63,77.02,76.825,76.747
2010-07-15,73.26,75.52,76.67,76.095,75.865
2010-07-16,72.89,75.55,75.96,75.755,75.673
2010-07-19,72.94,76.29,76.53,76.41,76.362
2010-07-20,73.16,76.31,77.32,76.815,76.613
2010-07-21,73.16,75.75,76.27,76.01,75.906
2010-07-22,73.47,77.59,79.01,78.3,78.016
2010-07-23,74.44,77.27,78.68,77.975,77.693
2010-07-26,74.22,77.9,78.93,78.415,78.209
2010-07-27,73.95,75.52,77.46,76.49,76.102
2010-07-28,73.26,76.66,77.06,76.86,76.78
2010-07-29,74.19,78.6,78.3,78.45,78.51
2010-07-30,74.43,77.5,78.85,78.175,77.905
2010-08-02,77.09,81.93,81.25,81.59,81.726
2010-08-03,78.41,83.6,82.52,83.06,83.276
2010-08-04,78.88,83.76,82.49,83.125,83.379
2010-08-05,78.69,82.9,82,82.45,82.63
2010-08-06,78.15,81.28,80.67,80.975,81.097
2010-08-09,78.28,81.54,81.46,81.5,81.516
2010-08-10,76.87,79.89,80.24,80.065,79.995
2010-08-11,75.4,77.83,78.09,77.96,77.908
2010-08-12,73.73,76.63,75.68,76.155,76.345
2010-08-13,72.64,75.14,75.39,75.265,75.215
2010-08-16,72.27,74.56,75.17,74.865,74.743
2010-08-17,73.25,76.74,75.76,76.25,76.446
2010-08-18,73.05,75.1,75.39,75.245,75.187
2010-08-19,73.03,74.84,74.45,74.645,74.723
2010-08-20,71.78,73.48,73.45,73.465,73.471
2010-08-23,70.93,73.08,72.71,72.895,72.969
2010-08-24,69.69,70.61,71.24,70.925,70.799
2010-08-25,70,70.74,72.07,71.405,71.139
2010-08-26,71.4,74.5,73.36,73.93,74.158
2010-08-27,72.36,75.16,75.17,75.165,75.163
2010-08-30,73.05,76.05,74.69,75.37,75.642
2010-08-31,72.39,75.51,71.93,73.72,74.436
2010-09-01,72.49,75.53,73.97,74.75,75.062
2010-09-02,72.89,74.93,74.99,74.96,74.948
2010-09-03,73.05,75.03,74.52,74.775,74.877
2010-09-06,73.46,,,,
2010-09-07,73.03,75.78,73.98,74.88,75.24
2010-09-08,74.04,77.48,74.65,76.065,76.631
2010-09-09,74.48,77.87,74.25,76.06,76.784
2010-09-10,74.66,77.54,76.4,76.97,77.198
2010-09-13,75.06,78.52,77.17,77.845,78.115
2010-09-14,75.54,78.89,76.78,77.835,78.257
2010-09-15,75.37,78.46,75.92,77.19,77.698
2010-09-16,75.49,78.89,74.58,76.735,77.597
2010-09-17,74.95,77.43,73.63,75.53,76.29
2010-09-20,75.26,79.42,74.81,77.115,78.037
2010-09-21,75.34,78.76,72.96,75.86,77.02
2010-09-22,74.41,77.29,72.98,75.135,75.997
2010-09-23,74.28,77.69,73.4,75.545,76.403
2010-09-24,75.01,78.73,74.63,76.68,77.5
2010-09-27,75.06,77.71,76.51,77.11,77.35
2010-09-28,74.87,79.14,76.15,77.645,78.243
2010-09-29,75.74,78.79,77.85,78.32,78.508
2010-09-30,77.48,80.77,79.95,80.36,80.524
2010-10-01,79.52,82.69,81.57,82.13,82.354
2010-10-04,79.95,83.42,81.43,82.425,82.823
2010-10-05,80.14,83.35,82.83,83.09,83.194
2010-10-06,81.51,85.01,83.21,84.11,84.47
2010-10-07,81.07,83.67,81.34,82.505,82.971
2010-10-08,79.95,83.88,82.66,83.27,83.514
2010-10-11,80.44,83.08,82.18,82.63,82.81
2010-10-12,79.64,82.99,81.67,82.33,82.594
2010-10-13,80.9,84.01,83.03,83.52,83.716
2010-10-14,80.95,83.55,82.71,83.13,83.298
2010-10-15,79.86,81.94,81.23,81.585,81.727
2010-10-18,79,82.3,83.06,82.68,82.528
2010-10-19,79.25,81.12,79.57,80.345,80.655
2010-10-20,78.71,81.68,81.93,81.805,81.755
2010-10-21,79.26,81.28,80.03,80.655,80.905
2010-10-22,78.54,80.75,81.15,80.95,80.87
2010-10-25,80.03,81.91,82,81.955,81.937
2010-10-26,79.75,82.62,82.6,82.61,82.614
2010-10-27,79.19,81.27,81.9,81.585,81.459
2010-10-28,79.92,82.97,82.2,82.585,82.739
2010-10-29,79.42,82.47,81.45,81.96,82.164
2010-11-01,80.55,84.06,82.94,83.5,83.724
2010-11-02,81.9,84.71,83.91,84.31,84.47
2010-11-03,82.56,85.33,84.45,84.89,85.066
2010-11-04,84.33,86.83,86.49,86.66,86.728
2010-11-05,84.33,87.05,86.85,86.95,86.99
2010-11-08,84.62,87.15,87.07,87.11,87.126
2010-11-09,84.92,87.93,87.04,87.485,87.663
2010-11-10,85.27,87.92,87.77,87.845,87.875
2010-11-11,85.81,88.08,87.77,87.925,87.987
2010-11-12,83.67,86.07,84.89,85.48,85.716
2010-11-15,83.39,85.49,84.88,85.185,85.307
2010-11-16,82.35,83.98,82.33,83.155,83.485
2010-11-17,81.9,83.36,80.43,81.895,82.481
2010-11-18,81.09,83.7,81.88,82.79,83.154
2010-11-19,81.41,83.17,81.65,82.41,82.714
2010-11-22,80.96,82.34,81.24,81.79,82.01
2010-11-23,80.14,82.37,80.79,81.58,81.896
2010-11-24,81.16,84.53,83.21,83.87,84.134
2010-11-25,82.55,,,,
2010-11-26,82.34,84.78,83.87,84.325,84.507
2010-11-29,83.45,85.9,85.73,85.815,85.849
2010-11-30,83.65,86.02,84.12,85.07,85.45
2010-12-01,84.13,88.56,86.75,87.655,88.017
2010-12-02,86.13,89.37,87.98,88.675,88.953
2010-12-03,87.12,90.65,89.18,89.915,90.209
2010-12-06,88.13,91.25,89.33,90.29,90.674
2010-12-07,87.87,90.78,88.69,89.735,90.153
2010-12-08,87.46,89.74,88.3,89.02,89.308
2010-12-09,87.91,89.93,88.35,89.14,89.456
2010-12-10,87.65,89.54,87.81,88.675,89.021
2010-12-13,87.96,90.4,88.62,89.51,89.866
2010-12-14,88.21,90.63,88.33,89.48,89.94
2010-12-15,88.22,91.33,88.66,89.995,90.529
2010-12-16,88.76,91.09,87.71,89.4,90.076
2010-12-17,88.78,91.11,88.02,89.565,90.183
2010-12-20,88.59,91.31,88.68,89.995,90.521
2010-12-21,89.54,93.11,89.3,91.205,91.967
2010-12-22,90.02,93.55,89.83,91.69,92.434
2010-12-23,90.16,93.63,90.84,92.235,92.793
2010-12-24,90.73,,,,
2010-12-27,90.67,93.08,90.99,92.035,92.453
2010-12-28,90.08,93.52,91.48,92.5,92.908
2010-12-29,90.22,93.52,91.13,92.325,92.803
2010-12-30,89.47,92.5,89.85,91.175,91.705
2010-12-31,88.99,93.23,91.38,92.305,92.675
2011-01-03,89.81,95.82,91.59,93.705,94.551
2011-01-04,91.28,93.52,89.39,91.455,92.281
2011-01-05,90.91,95.07,90.3,92.685,93.639
2011-01-06,92.06,94.95,88.37,91.66,92.976
2011-01-07,90.83,94.25,88.07,91.16,92.396
2011-01-10,91.33,95.05,89.24,92.145,93.307
2011-01-11,92.92,96.8,91.11,93.955,95.093
2011-01-12,94.23,97.86,91.85,94.855,96.057
2011-01-13,93.96,97.86,91.39,94.625,95.919
2011-01-14,94.04,97.86,91.53,94.695,95.961
2011-01-17,93.72,,,,
2011-01-18,93.8,97.83,91.38,94.605,95.895
2011-01-19,93.99,98.42,90.85,94.635,96.149
2011-01-20,92.95,96.27,88.56,92.415,93.957
2011-01-21,92.9,96.84,88.22,92.53,94.254
2011-01-24,93.2,96.76,86.74,91.75,93.754
2011-01-25,91.8,96.76,85.08,90.92,93.256
2011-01-26,92.58,96.04,86.15,91.095,93.073
2011-01-27,93.42,96.48,84.45,90.465,92.871
2011-01-28,94.1,97.06,88.15,92.605,94.387
2011-01-31,95.53,98.97,90.99,94.98,96.576
2011-02-01,96.39,100.4,89.54,94.97,97.142
2011-02-02,97.66,101.3,89.78,95.54,97.844
2011-02-03,97.71,101.69,89.42,95.555,98.009
2011-02-04,96.85,99.43,87.87,93.65,95.962
2011-02-07,96.02,99.44,86.3,92.87,95.498
2011-02-08,96.12,99.25,85.85,92.55,95.23
2011-02-09,96.93,100.16,85.59,92.875,95.789
2011-02-10,97.59,100.74,85.44,93.09,96.15
2011-02-11,97.37,99.93,84.39,92.16,95.268
2011-02-14,98.24,103.12,83.66,93.39,97.282
2011-02-15,99,102.48,83.13,92.805,96.675
2011-02-16,98.68,102.78,83.8,93.29,97.086
2011-02-17,99.77,103.45,85.05,94.25,97.93
2011-02-18,99.08,102.2,85.03,93.615,97.049
2011-02-21,100.59,,,,
2011-02-22,104.01,106.82,92.65,99.735,102.569
2011-02-23,105.88,109.77,96.04,102.905,105.651
2011-02-24,111.01,113.91,95.83,104.87,108.486
2011-02-25,108.31,111.47,96.52,103.995,106.985
2011-02-28,108.5,112.27,97.1,104.685,107.719
2011-03-01,108.27,113.34,99.63,106.485,109.227
2011-03-02,110.83,116.89,102.27,109.58,112.504
2011-03-03,110.48,114.42,101.92,108.17,110.67
2011-03-04,111.42,115.71,104.34,110.025,112.299
2011-03-07,112.03,116.58,105.37,110.975,113.217
2011-03-08,109.55,112.32,105.06,108.69,110.142
2011-03-09,109.96,115.19,104.39,109.79,111.95
2011-03-10,110.71,114.07,102.73,108.4,110.668
2011-03-11,109.18,114.07,101.14,107.605,110.191
2011-03-14,107.87,112.95,101.2,107.075,109.425
2011-03-15,106.56,111.11,97.23,104.17,106.946
2011-03-16,105.8,110.96,97.99,104.475,107.069
2011-03-17,108.08,114.18,101.47,107.825,110.367
2011-03-18,110.54,114.13,101.06,107.595,110.209
2011-03-21,110.1,114.92,102.36,108.64,111.152
2011-03-22,110.23,115.63,104.53,110.08,112.3
2011-03-23,111.09,115.65,105.21,110.43,112.518
2011-03-24,110.81,115.41,105.04,110.225,112.299
2011-03-25,110.91,115.45,104.89,110.17,112.282
2011-03-28,110.37,115.95,103.54,109.745,112.227
2011-03-29,109.87,115.58,104.34,109.96,112.208
2011-03-30,110.18,115.35,103.8,109.575,111.885
2011-03-31,111.42,116.94,106.19,111.565,113.715
2011-04-01,113.49,118.63,107.55,113.09,115.306
2011-04-04,115.21,120.07,108.14,114.105,116.491
2011-04-05,116.73,122.87,107.82,115.345,118.355
2011-04-06,117.75,123.01,108.38,115.695,118.621
2011-04-07,117.79,122.9,109.82,116.36,118.976
2011-04-08,120.15,126.3,112.27,119.285,122.091
2011-04-11,120.44,126.46,109.5,117.98,121.372
2011-04-12,117.68,121.33,105.75,113.54,116.656
2011-04-13,116.84,122.7,106.6,114.65,117.87
2011-04-14,118.03,122.74,107.73,115.235,118.237
2011-04-15,117.99,124.63,109.17,116.9,119.992
2011-04-18,117.37,121.69,106.7,114.195,117.193
2011-04-19,116,121.35,107.18,114.265,117.099
2011-04-20,117.97,124.26,110.84,117.55,120.234
2011-04-21,119.46,123.64,111.72,117.68,120.064
2011-04-25,119.38,,111.68,,
2011-04-26,118.96,124.55,111.72,118.135,120.701
2011-04-27,119.35,124.94,112.31,118.625,121.151
2011-04-28,120.91,126.59,112.38,119.485,122.327
2011-04-29,120.35,,113.39,,
2011-05-02,119.9,126.64,113.03,119.835,122.557
2011-05-03,118.75,124.01,110.6,117.305,119.987
2011-05-04,116.96,121.55,108.79,115.17,117.722
2011-05-05,112.8,111.93,99.89,105.91,108.318
2011-05-06,104.4,113.69,96.87,105.28,108.644
2011-05-09,108.08,113.21,100.32,106.765,109.343
2011-05-10,111.48,117.82,103.39,110.605,113.491
2011-05-11,111.35,115.66,97.88,106.77,110.326
2011-05-12,107.19,112.87,98.53,105.7,108.568
2011-05-13,108.93,113.08,99.21,106.145,108.919
2011-05-16,107.79,113.72,96.91,105.315,108.677
2011-05-17,106.6,109.39,96.4,102.895,105.493
2011-05-18,107.4,112.54,99.52,106.03,108.634
2011-05-19,107.88,113.2,97.99,105.595,108.637
2011-05-20,107.42,111.25,99.15,105.2,107.62
2011-05-23,105.46,110.13,97.06,103.595,106.209
2011-05-24,107.3,112.52,99.13,105.825,108.503
2011-05-25,107.99,114.47,100.78,107.625,110.363
2011-05-26,109.83,115.06,100.18,107.62,110.596
2011-05-27,110.27,114.85,100.58,107.715,110.569
2011-05-30,109.59,,,,
2011-05-31,111.2,117.18,102.7,109.94,112.836
2011-06-01,111.44,116.15,100.3,108.225,111.395
2011-06-02,109.91,114.3,100.41,107.355,110.133
2011-06-03,110.44,115.09,100.28,107.685,110.647
2011-06-06,110.09,115.4,99.07,107.235,110.501
2011-06-07,110.66,116.14,99.18,107.66,111.052
2011-06-08,111.93,118.43,100.77,109.6,113.132
2011-06-09,113.43,119.95,101.95,110.95,114.55
2011-06-10,113.45,118.71,99.3,109.005,112.887
2011-06-13,113.33,120.49,97.2,108.845,113.503
2011-06-14,113.59,120.35,99.37,109.86,114.056
2011-06-15,112.62,114.67,94.83,104.75,108.718
2011-06-16,109.55,114.69,94.95,104.82,108.768
2011-06-17,107.51,113.74,93.02,103.38,107.524
2011-06-20,107.41,112.21,93.23,102.72,106.516
2011-06-21,107.82,112.02,93.7,102.86,106.524
2011-06-22,107.96,113.59,94.96,104.275,108.001
2011-06-23,106.08,108.27,90.7,99.485,102.999
2011-06-24,102.91,104.79,90.89,97.84,100.62
2011-06-27,101.55,104.57,90.65,97.61,100.394
2011-06-28,103.59,107.57,92.9,100.235,103.169
2011-06-29,106.19,111.49,94.85,103.17,106.498
2011-06-30,107.5,111.71,95.3,103.505,106.787
2011-07-01,106.45,109.82,94.81,102.315,105.317
2011-07-04,106.87,,,,
2011-07-05,107.12,113.21,96.92,105.065,108.323
2011-07-06,108.26,113.55,96.67,105.11,108.486
2011-07-07,110.76,117.4,98.7,108.05,111.79
2011-07-08,112.68,117.4,96.2,106.8,111.04
2011-07-11,111.35,117.35,95.16,106.255,110.693
2011-07-12,111.07,117.36,97.41,107.385,111.375
2011-07-13,113.25,118.46,98.04,108.25,112.334
2011-07-14,112.74,117.38,95.75,106.565,110.891
2011-07-15,112.2,118.06,97.24,107.65,111.814
2011-07-18,112.31,117.05,95.94,106.495,110.717
2011-07-19,112.68,118.18,97.49,107.835,111.973
2011-07-20,113.54,118.52,98.11,108.315,112.397
2011-07-21,113.2,118.25,98.96,108.605,112.463
2011-07-22,113.66,118.99,99.53,109.26,113.152
2011-07-25,113.33,118.27,98.97,108.62,112.48
2011-07-26,113.65,118.14,99.61,108.875,112.581
2011-07-27,113.4,117.99,97.4,107.695,111.813
2011-07-28,113.36,118.16,97.48,107.82,111.956
2011-07-29,112.18,115.93,95.68,105.805,109.855
2011-08-01,113.57,116.37,94.98,105.675,109.953
2011-08-02,111.85,116.02,93.78,104.9,109.348
2011-08-03,110.55,113.74,91.87,102.805,107.179
2011-08-04,107.48,110.22,86.75,98.485,103.179
2011-08-05,103.3,106.92,86.89,96.905,100.911
2011-08-08,102.37,103.06,81.27,92.165,96.523
2011-08-09,101.53,103.63,79.32,91.475,96.337
2011-08-10,101.2,103.84,83.05,93.445,97.603
2011-08-11,103.29,107.82,85.48,96.65,101.118
2011-08-12,103.81,108.17,85.19,96.68,101.276
2011-08-15,104.78,108.89,87.88,98.385,102.587
2011-08-16,105.42,109.69,86.65,98.17,102.778
2011-08-17,106.88,111.37,87.58,99.475,104.233
2011-08-18,105.42,108.36,82.38,95.37,100.566
2011-08-19,103.36,109.37,82.33,95.85,101.258
2011-08-22,103.84,108.83,84.42,96.625,101.507
2011-08-23,105.91,110.35,85.35,97.85,102.85
2011-08-24,106.53,111.91,84.99,98.45,103.834
2011-08-25,107.61,111.91,85.15,98.53,103.882
2011-08-26,107.52,112.29,85.37,98.83,104.214
2011-08-29,108.36,,87.27,,
2011-08-30,109.48,115.59,88.9,102.245,107.583
2011-08-31,111.4,116.48,88.81,102.645,108.179
2011-09-01,111.21,116.43,88.93,102.68,108.18
2011-09-02,110.37,115.92,86.45,101.185,107.079
2011-09-05,108.42,,,,
2011-09-06,108.32,113.29,85.99,99.64,105.1
2011-09-07,111.33,117.5,89.34,103.42,109.052
2011-09-08,112.15,117.99,89.05,103.52,109.308
2011-09-09,110.4,115.1,87.24,101.17,106.742
2011-09-12,107.86,114.75,88.19,101.47,106.782
2011-09-13,108.42,114.08,90.21,102.145,106.919
2011-09-14,107.91,113.1,88.91,101.005,105.843
2011-09-15,109.58,116.71,89.4,103.055,108.517
2011-09-16,110.69,116.26,87.96,102.11,107.77
2011-09-19,108.68,112.89,85.7,99.295,104.733
2011-09-20,108.29,114.39,86.92,100.655,106.149
2011-09-21,108.99,114.26,85.77,100.015,105.713
2011-09-22,105.11,109.21,80.29,94.75,100.534
2011-09-23,104.37,109.17,79.58,94.375,100.293
2011-09-26,101.81,107.9,79.97,93.935,99.521
2011-09-27,104.53,109.54,84.18,96.86,101.932
2011-09-28,104.34,108.52,80.94,94.73,100.246
2011-09-29,103.11,107.08,81.87,94.475,99.517
2011-09-30,101.57,105.42,78.93,92.175,97.473
2011-10-03,99.71,103.61,77.34,90.475,95.729
2011-10-04,98.59,101.84,75.4,88.62,93.908
2011-10-05,99.9,103.77,79.41,91.59,96.462
2011-10-06,101.63,104.38,82.32,93.35,97.762
2011-10-07,103.22,106.56,82.7,94.63,99.402
2011-10-10,104.67,109.49,85.14,97.315,102.185
2011-10-11,105.61,109.22,85.54,97.38,102.116
2011-10-12,107.68,112.44,85.3,98.87,104.298
2011-10-13,107.05,112.45,83.96,98.205,103.903
2011-10-14,109.01,114.33,86.8,100.565,106.071
2011-10-17,110.13,112.92,86.38,99.65,104.958
2011-10-18,107.94,112.08,88.34,100.21,104.958
2011-10-19,108.65,111.76,86.11,98.935,104.065
2011-10-20,107.19,109,86.07,97.535,102.121
2011-10-21,108.31,111.6,87.19,99.395,104.277
2011-10-24,109.11,111.67,91.12,101.395,105.505
2011-10-25,109.47,112.11,92.98,102.545,106.371
2011-10-26,108.83,110.43,90.2,100.315,104.361
2011-10-27,109.09,112.45,93.96,103.205,106.903
2011-10-28,109.15,110.01,93.32,101.665,105.003
2011-10-31,107.12,108.43,93.19,100.81,103.858
2011-11-01,106.35,106.97,92.19,99.58,102.536
2011-11-02,108.65,110.82,92.51,101.665,105.327
2011-11-03,107.95,110.76,94.07,102.415,105.753
2011-11-04,109.96,112.22,94.26,103.24,106.832
2011-11-07,111.08,114.75,95.52,105.135,108.981
2011-11-08,113.79,115.61,96.8,106.205,109.967
2011-11-09,113.13,115.29,95.74,105.515,109.425
2011-11-10,111.67,113.32,97.78,105.55,108.658
2011-11-11,113.01,114.43,98.99,106.71,109.798
2011-11-14,112.69,112.57,98.14,105.355,108.241
2011-11-15,112.19,111.9,99.37,105.635,108.141
2011-11-16,112.26,111.91,102.59,107.25,109.114
2011-11-17,110.82,109.25,98.82,104.035,106.121
2011-11-18,109.12,107.82,97.67,102.745,104.775
2011-11-21,107.74,105.98,96.73,101.355,103.205
2011-11-22,108.34,107.77,97.76,102.765,104.767
2011-11-23,108.32,106.83,96.16,101.495,103.629
2011-11-24,108.1,,,,
2011-11-25,107.73,106.08,96.91,101.495,103.329
2011-11-28,108.75,109.38,98.21,103.795,106.029
2011-11-29,109.74,111.25,99.79,105.52,107.812
2011-11-30,110.38,111.22,100.36,105.79,107.962
2011-12-01,109.36,108.83,100.2,104.515,106.241
2011-12-02,109.61,109.59,100.97,105.28,107.004
2011-12-05,110.3,110.18,100.94,105.56,107.408
2011-12-06,109.49,110.16,101.25,105.705,107.487
2011-12-07,110.05,110.07,100.45,105.26,107.184
2011-12-08,108.98,108.23,98.35,103.29,105.266
2011-12-09,107.45,107.91,99.4,103.655,105.357
2011-12-12,107.33,107.82,97.77,102.795,104.805
2011-12-13,107.65,109.25,100.24,104.745,106.547
2011-12-14,106.88,105.72,94.92,100.32,102.48
2011-12-15,104.6,104.52,93.84,99.18,101.316
2011-12-16,103.57,104,93.55,98.775,100.865
2011-12-19,102.91,104.55,93.86,99.205,101.343
2011-12-20,105.05,107.8,97.16,102.48,104.608
2011-12-21,106.98,108,98.54,103.27,105.162
2011-12-22,107.49,108.98,99.42,104.2,106.112
2011-12-23,107.65,109.28,99.72,104.5,106.412
2011-12-27,107.77,,101.29,,
2011-12-28,107.52,107.54,99.44,103.49,105.11
2011-12-29,106.75,106.89,99.68,103.285,104.727
2011-12-30,106.84,108.09,98.83,103.46,105.312
2012-01-03,109.4,111.12,102.96,107.04,108.672
2012-01-04,111.73,113.37,103.22,108.295,110.325
2012-01-05,113,113.59,101.81,107.7,110.056
2012-01-06,112.23,111.96,101.56,106.76,108.84
2012-01-09,112.51,111.07,101.31,106.19,108.142
2012-01-10,112.98,113.3,102.24,107.77,109.982
2012-01-11,112.9,111.66,100.89,106.275,108.429
2012-01-12,112.93,112.97,99.03,106,108.788
2012-01-13,111.75,109.88,98.69,104.285,106.523
2012-01-16,111.71,,,,
2012-01-17,112.24,110.55,100.7,105.625,107.595
2012-01-18,111.78,109.81,100.61,105.21,107.05
2012-01-19,111.59,109.54,100.32,104.93,106.774
2012-01-20,111.37,108.5,98.15,103.325,105.395
2012-01-23,111.78,109.46,99.47,104.465,106.463
2012-01-24,111.49,108.38,98.84,103.61,105.518
2012-01-25,110.7,108.48,99.23,103.855,105.705
2012-01-26,111.26,109.08,99.76,104.42,106.284
2012-01-27,111.31,110.5,99.47,104.985,107.191
2012-01-30,111.11,110.24,98.75,104.495,106.793
2012-01-31,111.21,110.26,98.46,104.36,106.72
2012-02-01,110.61,111.96,97.63,104.795,107.661
2012-02-02,110.82,110.96,96.36,103.66,106.58
2012-02-03,111.26,112.56,97.8,105.18,108.132
2012-02-06,113.39,115.47,96.89,106.18,109.896
2012-02-07,114.68,116.86,98.55,107.705,111.367
2012-02-08,115.18,117.18,98.8,107.99,111.666
2012-02-09,116.26,118.4,99.88,109.14,112.844
2012-02-10,116.41,118.13,98.68,108.405,112.295
2012-02-13,117.19,118.73,100.39,109.56,113.228
2012-02-14,116.63,118.3,100.82,109.56,113.056
2012-02-15,117.94,120.25,101.82,111.035,114.721
2012-02-16,118.13,121,102.33,111.665,115.399
2012-02-17,118.59,120.69,103.27,111.98,115.464
2012-02-20,119.19,,,,
2012-02-21,119.19,120.85,105.88,113.365,116.359
2012-02-22,120.87,123.07,105.99,114.53,117.946
2012-02-23,121.69,124.53,107.44,115.985,119.403
2012-02-24,122.86,124.89,109.39,117.14,120.24
2012-02-27,123.24,126.46,108.49,117.475,121.069
2012-02-28,122.14,124.02,106.59,115.305,118.791
2012-02-29,120.79,122.23,107.08,114.655,117.685
2012-03-01,122.12,125.76,108.76,117.26,120.66
2012-03-02,123.12,125.93,106.68,116.305,120.155
2012-03-05,122.39,126.68,106.7,116.69,120.686
2012-03-06,122.02,125.03,104.71,114.87,118.934
2012-03-07,121.81,125.37,106.16,115.765,119.607
2012-03-08,124.17,127.96,106.65,117.305,121.567
2012-03-09,124.19,128.08,107.4,117.74,121.876
2012-03-12,123.92,127.27,106.34,116.805,120.991
2012-03-13,124.64,128.14,106.7,117.42,121.708
2012-03-14,124.34,126.98,105.49,116.235,120.533
2012-03-15,123.08,123.63,105.19,114.41,118.098
2012-03-16,122.96,125.09,107.03,116.06,119.672
2012-03-19,124.12,125.76,108.09,116.925,120.459
2012-03-20,123.09,124.38,105.68,115.03,118.77
2012-03-21,122.95,123.89,106.87,115.38,118.784
2012-03-22,121.83,122.49,104.98,113.735,117.237
2012-03-23,122.81,125.21,106.43,115.82,119.576
2012-03-26,123.53,125.85,107.07,116.46,120.216
2012-03-27,123.54,125.25,107.32,116.285,119.871
2012-03-28,122.29,124.41,105.4,114.905,118.707
2012-03-29,121.61,123.23,102.79,113.01,117.098
2012-03-30,120.89,123.41,103.03,113.22,117.296
2012-04-02,121.62,124.44,105.25,114.845,118.683
2012-04-03,122.95,,104.02,,
2012-04-04,121.94,123.04,101.53,112.285,116.587
2012-04-05,121.15,123.58,103.29,113.435,117.493
2012-04-09,120.4,,102.45,,
2012-04-10,119.38,121.89,101.12,111.505,115.659
2012-04-11,117.8,120.41,102.66,111.535,115.085
2012-04-12,118.72,120.57,103.69,112.13,115.506
2012-04-13,119.1,120.62,102.84,111.73,115.286
2012-04-16,116.98,118.23,102.92,110.575,113.637
2012-04-17,116.27,117.41,104.23,110.82,113.456
2012-04-18,115.73,115.18,102.65,108.915,111.421
2012-04-19,116.24,117,102.38,109.69,112.614
2012-04-20,116.46,118.08,103.58,110.83,113.73
2012-04-23,115.5,116.66,102.68,109.67,112.466
2012-04-24,115.8,117.74,103.1,110.42,113.348
2012-04-25,116.05,117.45,103.72,110.585,113.331
2012-04-26,117.14,119.33,104.56,111.945,114.899
2012-04-27,117.25,119.3,104.86,112.08,114.968
2012-04-30,117.2,118.66,104.89,111.775,114.529
2012-05-01,117.08,119.57,106.17,112.87,115.55
2012-05-02,116.68,117.57,105.25,111.41,113.874
2012-05-03,115.31,115.91,102.56,109.235,111.905
2012-05-04,112.23,111.66,98.49,105.075,107.709
2012-05-07,110.12,,97.86,,
2012-05-08,109.58,110.48,97.13,103.805,106.475
2012-05-09,109.85,111.89,96.8,104.345,107.363
2012-05-10,110.06,112.24,97.1,104.67,107.698
2012-05-11,109.24,112.5,96.03,104.265,107.559
2012-05-14,108.14,110.79,94.75,102.77,105.978
2012-05-15,108.7,111.4,93.97,102.685,106.171
2012-05-16,108.14,109.8,92.78,101.29,104.694
2012-05-17,107.1,109.31,92.53,100.92,104.276
2012-05-18,105.16,108.03,91.51,99.77,103.074
2012-05-21,105.93,109.02,92.57,100.795,104.085
2012-05-22,106.16,109.76,91.44,100.6,104.264
2012-05-23,104.16,106.88,89.4,98.14,101.636
2012-05-24,103.49,107.2,90.36,98.78,102.148
2012-05-25,104.59,107.86,90.64,99.25,102.694
2012-05-28,105.01,,,,
2012-05-29,105.13,107.55,90.75,99.15,102.51
2012-05-30,102.75,103.85,87.79,95.82,99.032
2012-05-31,101.06,103.86,86.52,95.19,98.658
2012-06-01,97.44,98.63,83.17,90.9,93.992
2012-06-04,95.48,97.74,83.95,90.845,93.603
2012-06-05,96.19,98.65,84.31,91.48,94.348
2012-06-06,97.89,101.14,85.05,93.095,96.313
2012-06-07,97.7,100.05,84.78,92.415,95.469
2012-06-08,95.87,97.57,84.08,90.825,93.523
2012-06-11,97.34,98.6,82.58,90.59,93.794
2012-06-12,94.99,96.59,83.35,89.97,92.618
2012-06-13,95.56,97.29,82.56,89.925,92.871
2012-06-14,95.22,96.46,83.83,90.145,92.671
2012-06-15,96.02,97.13,84.03,90.58,93.2
2012-06-18,95.03,95.21,83.26,89.235,91.625
2012-06-19,93.73,95.14,83.99,89.565,91.795
2012-06-20,93.08,93.5,81.06,87.28,89.768
2012-06-21,89.48,89.22,77.91,83.565,85.827
2012-06-22,88.74,89.22,79.33,84.275,86.253
2012-06-25,88.92,88.69,78.76,83.725,85.711
2012-06-26,90.13,90.19,79.34,84.765,86.935
2012-06-27,90.91,92.06,80.27,86.165,88.523
2012-06-28,90.92,91.02,77.72,84.37,87.03
2012-06-29,92.99,94.17,85.04,89.605,91.431
2012-07-02,94.07,95.28,83.72,89.5,91.812
2012-07-03,96.44,99.89,87.74,93.815,96.245
2012-07-04,97.3,,,,
2012-07-05,98.34,101.54,87.11,94.325,97.211
2012-07-06,96.84,98.5,84.37,91.435,94.261
2012-07-09,96.83,99.94,85.93,92.935,95.737
2012-07-10,96.33,99.15,83.92,91.535,94.581
2012-07-11,96.74,99.23,85.88,92.555,95.225
2012-07-12,97.32,99.18,86.02,92.6,95.232
2012-07-13,99.1,101.91,87.15,94.53,97.482
2012-07-16,99.93,102.1,88.41,95.255,97.993
2012-07-17,101.29,104.21,89.07,96.64,99.668
2012-07-18,101.73,105.92,89.88,97.9,101.108
2012-07-19,103.71,107.79,92.78,100.285,103.287
2012-07-20,103.7,106.98,91.56,99.27,102.354
2012-07-23,100.07,103.91,87.77,95.84,99.068
2012-07-24,100.51,103.57,88.28,95.925,98.983
2012-07-25,100.21,102.35,88.8,95.575,98.285
2012-07-26,101.47,104.77,89.4,97.085,100.159
2012-07-27,102.92,106.3,90.13,98.215,101.449
2012-07-30,102.94,106.54,89.8,98.17,101.518
2012-07-31,102.22,105.93,88.08,97.005,100.575
2012-08-01,102.54,106.78,88.99,97.885,101.443
2012-08-02,103.07,107.55,87.22,97.385,101.451
2012-08-03,104.46,109.57,91.4,100.485,104.119
2012-08-06,105.67,110.01,92.3,101.155,104.697
2012-08-07,107.58,112.39,93.68,103.035,106.777
2012-08-08,108.36,113.42,93.39,103.405,107.411
2012-08-09,108.39,113.52,93.39,103.455,107.481
2012-08-10,109.1,113.13,92.94,103.035,107.073
2012-08-13,109.67,114.48,92.76,103.62,107.964
2012-08-14,110.1,113.9,93.4,103.65,107.75
2012-08-15,110.65,115.51,94.35,104.93,109.162
2012-08-16,112.11,116.12,95.66,105.89,109.982
2012-08-17,111.56,115.2,96,105.6,109.44
2012-08-20,111.49,115.5,96.03,105.765,109.659
2012-08-21,112.28,116.03,96.55,106.29,110.186
2012-08-22,112.2,115.77,96.89,106.33,110.106
2012-08-23,113.56,117.45,95.87,106.66,110.976
2012-08-24,112.12,115.76,95.78,105.77,109.766
2012-08-27,112.04,113.74,95.54,104.64,108.28
2012-08-28,110.22,112.62,96.3,104.46,107.724
2012-08-29,109.9,112.53,95.5,104.015,107.421
2012-08-30,110.66,112.28,94.61,103.445,106.979
2012-08-31,111.17,113.93,96.47,105.2,108.692
2012-09-03,112.11,,,,
2012-09-04,112.85,114.98,95.34,105.16,109.088
2012-09-05,111.2,113.32,95.37,104.345,107.935
2012-09-06,111.75,114.5,95.58,105.04,108.824
2012-09-07,111.55,113.64,96.41,105.025,108.471
2012-09-10,112.32,113.84,96.52,105.18,108.644
2012-09-11,112.68,114.86,97.03,105.945,109.511
2012-09-12,113.36,114.86,97.02,105.94,109.508
2012-09-13,113.47,116,98.3,107.15,110.69
2012-09-14,114.87,117.48,98.94,108.21,111.918
2012-09-17,113.72,116.7,96.51,106.605,110.643
2012-09-18,110.95,113.29,95.25,104.27,107.878
2012-09-19,108.43,108.49,91.97,100.23,103.534
2012-09-20,105.88,109.41,92.14,100.775,104.229
2012-09-21,108.15,111.27,92.64,101.955,105.681
2012-09-24,107.47,109.2,91.68,100.44,103.944
2012-09-25,107.99,110.77,91.07,100.92,104.86
2012-09-26,106.84,108.99,89.92,99.455,103.269
2012-09-27,108.21,111.45,91.89,101.67,105.582
2012-09-28,109.68,111.36,92.18,101.77,105.606
2012-10-01,109.29,112.58,92.44,102.51,106.538
2012-10-02,109.32,112.49,91.88,102.185,106.307
2012-10-03,107.08,109.32,88.19,98.755,102.981
2012-10-04,106.99,110.48,91.69,101.085,104.843
2012-10-05,108.77,112.17,89.87,101.02,105.48
2012-10-08,107.94,112.6,89.43,101.015,105.649
2012-10-09,109.46,114.32,92.42,103.37,107.75
2012-10-10,110.94,116.11,91.24,103.675,108.649
2012-10-11,111.35,116.18,92.19,104.185,108.983
2012-10-12,111.06,115.17,91.83,103.5,108.168
2012-10-15,110.7,115,91.84,103.42,108.052
2012-10-16,111.09,115,92.07,103.535,108.121
2012-10-17,110.24,113.49,92.04,102.765,107.055
2012-10-18,109.77,112.58,92,102.29,106.406
2012-10-19,108.99,111.89,90,100.945,105.323
2012-10-22,107.13,109.62,88.3,98.96,103.224
2012-10-23,105.94,107.53,86.65,97.09,101.266
2012-10-24,105.68,107.66,85.39,96.525,100.979
2012-10-25,105.83,107.64,85.59,96.615,101.025
2012-10-26,106.37,108.9,85.84,97.37,101.982
2012-10-29,105.97,109.33,85.52,97.425,102.187
2012-10-30,106.12,109.4,85.65,97.525,102.275
2012-10-31,106.16,109.89,86.23,98.06,102.792
2012-11-01,106.26,108.84,87.05,97.945,102.303
2012-11-02,105.06,106.79,84.9,95.845,100.223
2012-11-05,103.42,105.59,85.64,95.615,99.605
2012-11-06,105.79,109.27,88.62,98.945,103.075
2012-11-07,106.87,108.21,84.5,96.355,101.097
2012-11-08,104.58,107.23,85.07,96.15,100.582
2012-11-09,105.21,108.61,86.08,97.345,101.851
2012-11-12,106.59,110.23,85.56,97.895,102.829
2012-11-13,105.97,108.82,85.38,97.1,101.788
2012-11-14,106.21,109.66,86.32,97.99,102.658
2012-11-15,107.23,110.07,85.45,97.76,102.684
2012-11-16,107.04,106.81,86.62,96.715,100.753
2012-11-19,108.76,110.06,89.05,99.555,103.757
2012-11-20,108.33,110.01,86.46,98.235,102.945
2012-11-21,107.88,110.81,87.08,98.945,103.691
2012-11-22,107.94,,,,
2012-11-23,108.08,110.14,87.01,98.575,103.201
2012-11-26,108.48,110.18,87.28,98.73,103.31
2012-11-27,108.07,109.33,86.81,98.07,102.574
2012-11-28,106.99,108.26,86.1,97.18,101.612
2012-11-29,107.46,110.47,87.64,99.055,103.621
2012-11-30,108.59,110.84,88.54,99.69,104.15
2012-12-03,108.44,111.27,88.69,99.98,104.496
2012-12-04,107.66,109.99,88.04,99.015,103.405
2012-12-05,107.2,108.96,87.36,98.16,102.48
2012-12-06,105.64,108.01,85.47,96.74,101.248
2012-12-07,104.75,107.16,85.45,96.305,100.647
2012-12-10,105.01,108.25,85.14,96.695,101.317
2012-12-11,104.8,107.6,85.36,96.48,100.928
2012-12-12,105.83,110.17,86.35,98.26,103.024
2012-12-13,106.01,110.18,85.39,97.785,102.743
2012-12-14,105.77,109.28,86.32,97.8,102.392
2012-12-17,106.07,109.35,86.71,98.03,102.558
2012-12-18,106.38,109.96,87.46,98.71,103.21
2012-12-19,107.1,109.95,89.09,99.52,103.692
2012-12-20,107.2,110.57,89.76,100.165,104.327
2012-12-21,106.63,109.13,88.2,98.665,102.851
2012-12-24,105.91,108.44,88.29,98.365,102.395
2012-12-26,106.92,110.72,90.71,100.715,104.717
2012-12-27,108.03,110.04,90.91,100.475,104.301
2012-12-28,107.87,110.05,90.66,100.355,104.233
2012-12-31,107.76,110.8,91.83,101.315,105.109
2013-01-02,108.96,112.98,93.14,103.06,107.028
2013-01-03,109.15,113.03,92.97,103,107.012
2013-01-04,108.68,112.58,93.12,102.85,106.742
2013-01-07,108.15,112.49,93.2,102.845,106.703
2013-01-08,108.72,113.03,93.21,103.12,107.084
2013-01-09,109.01,113.07,93.08,103.075,107.073
2013-01-10,109.3,112.97,93.81,103.39,107.222
2013-01-11,108.2,110.3,93.6,101.95,105.29
2013-01-14,108.06,111.32,94.27,102.795,106.205
2013-01-15,108.35,111.72,93.26,102.49,106.182
2013-01-16,107.75,110.97,94.28,102.625,105.963
2013-01-17,108.01,111.01,95.49,103.25,106.354
2013-01-18,108.92,111.71,95.61,103.66,106.88
2013-01-21,109.32,,,,
2013-01-22,109.48,112.72,96.09,104.405,107.731
2013-01-23,109.71,113.68,95.06,104.37,108.094
2013-01-24,109.88,114.59,95.35,104.97,108.818
2013-01-25,110.2,113.88,95.15,104.515,108.261
2013-01-28,110.15,113.92,95.95,104.935,108.529
2013-01-29,110.52,115.22,97.62,106.42,109.94
2013-01-30,111.43,115.42,97.98,106.7,110.188
2013-01-31,112.3,115.55,97.65,106.6,110.18
2013-02-01,112.62,115.55,97.46,106.505,110.123
2013-02-04,112.99,116.06,96.21,106.135,110.105
2013-02-05,112.68,117.03,96.68,106.855,110.925
2013-02-06,113.1,116.61,96.44,106.525,110.559
2013-02-07,113.67,117.17,95.84,106.505,110.771
2013-02-08,114.44,118.9,95.71,107.305,111.943
2013-02-11,114.36,118.29,97.01,107.65,111.906
2013-02-12,114.3,117.89,97.48,107.685,111.767
2013-02-13,114.94,118.43,97.03,107.73,112.01
2013-02-14,114.67,118.48,97.3,107.89,112.126
2013-02-15,114.23,117.4,95.95,106.675,110.965
2013-02-18,114.18,,,,
2013-02-19,113.62,117.04,96.69,106.865,110.935
2013-02-20,113.28,116.23,94.92,105.575,109.837
2013-02-21,111.27,114.19,92.79,103.49,107.77
2013-02-22,110.94,113.74,93.12,103.43,107.554
2013-02-25,111.2,114.55,92.74,103.645,108.007
2013-02-26,110.1,112.96,92.63,102.795,106.861
2013-02-27,109.69,112.24,92.84,102.54,106.42
2013-02-28,108.62,112.2,92.03,102.115,106.149
2013-03-01,106.79,110.14,90.71,100.425,104.311
2013-03-04,106.12,109.9,90.13,100.015,103.969
2013-03-05,106.99,110.42,90.88,100.65,104.558
2013-03-06,107.64,110.27,90.47,100.37,104.33
2013-03-07,107.31,110.42,91.53,100.975,104.753
2013-03-08,107.06,108.91,92.01,100.46,103.84
2013-03-11,106.96,108.64,92.07,100.355,103.669
2013-03-12,106.51,108.48,92.44,100.46,103.668
2013-03-13,106.05,107.51,92.47,99.99,102.998
2013-03-14,105.88,108.1,93.03,100.565,103.579
2013-03-15,106.62,109.32,93.49,101.405,104.571
2013-03-18,106.36,108.54,93.71,101.125,104.091
2013-03-19,106.52,106.91,92.44,99.675,102.569
2013-03-20,105.85,108.27,93.21,100.74,103.752
2013-03-21,105.69,106.41,92.46,99.435,102.225
2013-03-22,105.13,106.51,93.41,99.96,102.58
2013-03-25,105.48,106.66,94.55,100.605,103.027
2013-03-26,105.86,107.1,95.99,101.545,103.767
2013-03-27,106.79,108.51,96.53,102.52,104.916
2013-03-28,107.23,108.46,97.24,102.85,105.094
2013-04-01,106.97,108.76,97.1,102.93,105.262
2013-04-02,108.16,109.66,97.23,103.445,105.931
2013-04-03,106.8,107.82,95.02,101.42,103.98
2013-04-04,104.21,105.09,93.26,99.175,101.541
2013-04-05,103.1,103.98,92.76,98.37,100.614
2013-04-08,102.35,103.16,93.36,98.26,100.22
2013-04-09,102.72,104.08,94.18,99.13,101.11
2013-04-10,103.26,104.8,94.59,99.695,101.737
2013-04-11,102.44,103.62,93.44,98.53,100.566
2013-04-12,100.63,100.58,91.23,95.905,97.775
2013-04-15,98.56,99.32,88.75,94.035,96.149
2013-04-16,97.15,97.88,88.73,93.305,95.135
2013-04-17,96.71,96.84,86.65,91.745,93.783
2013-04-18,96.35,97.48,87.83,92.655,94.585
2013-04-19,97.4,98.94,88.04,93.49,95.67
2013-04-22,97.75,99.07,88.81,93.94,95.992
2013-04-23,97.52,99.25,89.21,94.23,96.238
2013-04-24,98.96,100.71,91.07,95.89,97.818
2013-04-25,99.89,101.62,93.27,97.445,99.115
2013-04-26,100.7,102.39,92.63,97.51,99.462
2013-04-29,100.91,102.88,94.09,98.485,100.243
2013-04-30,100.65,101.53,93.22,97.375,99.037
2013-05-01,99.97,98.34,90.74,94.54,96.06
2013-05-02,98.97,100.32,93.7,97.01,98.334
2013-05-03,101.47,104.6,95.25,99.925,101.795
2013-05-06,102.61,105,95.8,100.4,102.24
2013-05-07,102.75,105.18,95.28,100.23,102.21
2013-05-08,102.11,103.79,96.24,100.015,101.525
2013-05-09,101.67,103.59,96.09,99.84,101.34
2013-05-10,101.07,101.31,95.81,98.56,99.66
2013-05-13,100.47,102.17,94.76,98.465,99.947
2013-05-14,100.29,102.7,93.96,98.33,100.078
2013-05-15,99.66,101.57,93.95,97.76,99.284
2013-05-16,100.85,104.27,94.85,99.56,101.444
2013-05-17,101.45,103.83,95.72,99.775,101.397
2013-05-20,101.95,104.55,96.29,100.42,102.072
2013-05-21,101.39,103.1,95.55,99.325,100.835
2013-05-22,100.36,102.14,93.98,98.06,99.692
2013-05-23,99.03,100.46,94.12,97.29,98.558
2013-05-24,99.15,101.24,93.84,97.54,99.02
2013-05-27,99.56,,,,
2013-05-28,101.11,103.77,94.65,99.21,101.034
2013-05-29,100.54,102.14,93.13,97.635,99.437
2013-05-30,99.77,101.79,93.57,97.68,99.324
2013-05-31,98.78,100.43,91.93,96.18,97.88
2013-06-03,98.88,101.63,93.41,97.52,99.164
2013-06-04,99.87,102.04,93.36,97.7,99.436
2013-06-05,101.09,103.51,93.66,98.585,100.555
2013-06-06,100.93,103.37,94.71,99.04,100.772
2013-06-07,101.64,104.07,96.11,100.09,101.682
2013-06-10,101.38,103.87,95.82,99.845,101.455
2013-06-11,100.72,101.5,95.5,98.5,99.7
2013-06-12,100.89,103.11,95.98,99.545,100.971
2013-06-13,101.26,103.38,96.66,100.02,101.364
2013-06-14,103.33,105.1,97.83,101.465,102.919
2013-06-17,103.85,105.8,97.86,101.83,103.418
2013-06-18,103.1,105.21,98.46,101.835,103.185
2013-06-19,103.78,105.56,98.24,101.9,103.364
2013-06-20,101.4,102.72,94.89,98.805,100.371
2013-06-21,99.82,100.36,93.81,97.085,98.395
2013-06-24,98.33,99.8,95.07,97.435,98.381
2013-06-25,99.79,101.51,95.25,98.38,99.632
2013-06-26,99.39,100.62,95.47,98.045,99.075
2013-06-27,100.37,102.74,97,99.87,101.018
2013-06-28,100.78,102.49,96.36,99.425,100.651
2013-07-01,100.1,103.19,97.94,100.565,101.615
2013-07-02,100.63,103.96,99.65,101.805,102.667
2013-07-03,102.24,106.12,101.92,104.02,104.86
2013-07-04,102.39,,,,
2013-07-05,103.2,107.46,103.09,105.275,106.149
2013-07-08,103.96,107.75,103.03,105.39,106.334
2013-07-09,104.06,107.9,103.46,105.68,106.568
2013-07-10,104.69,108.43,106.41,107.42,107.824
2013-07-11,104.81,108.18,104.77,106.475,107.157
2013-07-12,104.82,109.03,105.85,107.44,108.076
2013-07-15,105.31,109.05,106.2,107.625,108.195
2013-07-16,105.39,109.29,105.88,107.585,108.267
2013-07-17,105.28,109.67,106.39,108.03,108.686
2013-07-18,106.11,109.71,107.94,108.825,109.179
2013-07-19,106.4,109.34,108,108.67,108.938
2013-07-22,106.14,108.82,106.61,107.715,108.157
2013-07-23,105.95,109.27,107.13,108.2,108.628
2013-07-24,105.44,108.23,105.41,106.82,107.384
2013-07-25,105.28,108.1,105.47,106.785,107.311
2013-07-26,105.1,107.57,104.76,106.165,106.727
2013-07-29,105.21,108.1,104.61,106.355,107.053
2013-07-30,104.92,107.47,103.14,105.305,106.171
2013-07-31,104.97,107.89,105.1,106.495,107.053
2013-08-01,106.1,109.94,107.93,108.935,109.337
2013-08-02,106.65,109.63,106.94,108.285,108.823
2013-08-05,106.43,109.81,106.61,108.21,108.85
2013-08-06,105.56,108.77,105.32,107.045,107.735
2013-08-07,104.89,108.39,104.41,106.4,107.196
2013-08-08,104.47,107.32,103.45,105.385,106.159
2013-08-09,104.94,108.49,106.04,107.265,107.755
2013-08-12,105.27,109.28,106.19,107.735,108.353
2013-08-13,106.75,110.69,106.78,108.735,109.517
2013-08-14,106.69,110.26,106.89,108.575,109.249
2013-08-15,107.96,111.58,107.43,109.505,110.335
2013-08-16,107.8,111.82,107.58,109.7,110.548
2013-08-19,107.83,111.41,107.14,109.275,110.129
2013-08-20,107.06,110.74,104.9,107.82,108.988
2013-08-21,106.95,110.82,103.93,107.375,108.753
2013-08-22,107.58,110.51,104.93,107.72,108.836
2013-08-23,108.25,112.12,106.48,109.3,110.428
2013-08-26,108.36,112.23,105.88,109.055,110.325
2013-08-27,109.28,115.21,109.11,112.16,113.38
2013-08-28,112.25,116.27,110.17,113.22,114.44
2013-08-29,112.8,116.91,108.51,112.71,114.39
2013-08-30,111.55,115.97,107.98,111.975,113.573
2013-09-02,110.32,,,,
2013-09-03,111.2,115.49,108.67,112.08,113.444
2013-09-04,111.55,115.65,107.29,111.47,113.142
2013-09-05,111.47,115.81,108.5,112.155,113.617
2013-09-06,112.1,117.15,110.62,113.885,115.191
2013-09-09,111.39,115.2,109.62,112.41,113.526
2013-09-10,109.26,112.1,107.48,109.79,110.714
2013-09-11,109.4,112.37,107.65,110.01,110.954
2013-09-12,109.83,113.11,108.72,110.915,111.793
2013-09-13,109.87,113.31,108.31,110.81,111.81
2013-09-16,109.04,110.86,106.54,108.7,109.564
2013-09-17,107.64,109.05,105.36,107.205,107.943
2013-09-18,107.26,109.09,108.23,108.66,108.832
2013-09-19,108.4,110.66,106.26,108.46,109.34
2013-09-20,107.34,110.22,104.7,107.46,108.564
2013-09-23,106.52,108.56,103.62,106.09,107.078
2013-09-24,105.8,107.68,103.22,105.45,106.342
2013-09-25,106.53,109.46,102.68,106.07,107.426
2013-09-26,106.34,108.86,103.1,105.98,107.132
2013-09-27,106.47,109.45,102.86,106.155,107.473
2013-09-30,105.61,107.85,102.36,105.105,106.203
2013-10-01,105.42,107.32,102.09,104.705,105.751
2013-10-02,106.08,109.09,104.15,106.62,107.608
2013-10-03,106.79,109.49,103.29,106.39,107.63
2013-10-04,106.94,109.42,103.83,106.625,107.743
2013-10-07,106.45,109.66,103.07,106.365,107.683
2013-10-08,107.36,110.56,103.54,107.05,108.454
2013-10-09,106.94,109.02,101.63,105.325,106.803
2013-10-10,107.69,111.63,103.08,107.355,109.065
2013-10-11,108.15,110.65,102.17,106.41,108.106
2013-10-14,108,110.13,102.46,106.295,107.829
2013-10-15,107.64,110.67,101.15,105.91,107.814
2013-10-16,107.19,110.79,102.34,106.565,108.255
2013-10-17,107.02,109.55,100.72,105.135,106.901
2013-10-18,106.54,109.4,100.87,105.135,106.841
2013-10-21,106.76,109.47,99.28,104.375,106.413
2013-10-22,106.77,109.57,97.63,103.6,105.988
2013-10-23,106.34,107.74,96.9,102.32,104.488
2013-10-24,105.57,106.63,96.65,101.64,103.636
2013-10-25,104.97,105.7,97.4,101.55,103.21
2013-10-28,105.75,108.29,98.74,103.515,105.425
2013-10-29,106.36,108.04,98.29,103.165,105.115
2013-10-30,106.31,108.41,96.81,102.61,104.93
2013-10-31,106.75,107.53,96.29,101.91,104.158
2013-11-01,105.53,105.78,94.56,100.17,102.414
2013-11-04,104.22,104.85,94.58,99.715,101.769
2013-11-05,103.83,105.01,93.4,99.205,101.527
2013-11-06,103.82,105.46,94.74,100.1,102.244
2013-11-07,102.64,103.08,94.25,98.665,100.431
2013-11-08,102.12,104.29,94.56,99.425,101.371
2013-11-11,103.39,105.76,95.13,100.445,102.571
2013-11-12,103.6,106.29,93.12,99.705,102.339
2013-11-13,103.52,106.9,93.91,100.405,103.003
2013-11-14,104.67,108.29,93.76,101.025,103.931
2013-11-15,105.24,108.25,93.8,101.025,103.915
2013-11-18,105.04,108.8,93.03,100.915,104.069
2013-11-19,105.02,108.29,93.35,100.82,103.808
2013-11-20,104.58,108.27,93.34,100.805,103.791
2013-11-21,105.4,109.9,95.35,102.625,105.535
2013-11-22,106.73,111.36,94.53,102.945,106.311
2013-11-25,106.07,110.83,93.86,102.345,105.739
2013-11-26,107.36,112.04,93.41,102.725,106.451
2013-11-27,107.14,111.32,92.05,101.685,105.539
2013-11-28,107.34,,,,
2013-11-29,107.07,111.07,92.55,101.81,105.514
2013-12-02,106.74,111.49,93.61,102.55,106.126
2013-12-03,108.08,113.06,95.83,104.445,107.891
2013-12-04,108.92,113.27,96.97,105.12,108.38
2013-12-05,108.22,112.07,97.14,104.605,107.591
2013-12-06,108,111.5,97.48,104.49,107.294
2013-12-09,107.72,110.07,97.1,103.585,106.179
2013-12-10,106.83,108.91,98.32,103.615,105.733
2013-12-11,106.81,109.47,97.25,103.36,105.804
2013-12-12,106.96,108.99,97.21,103.1,105.456
2013-12-13,105.95,108.08,96.27,102.175,104.537
2013-12-16,106.92,110.3,97.18,103.74,106.364
2013-12-17,106.57,108.91,96.99,102.95,105.334
2013-12-18,106.74,109.56,97.59,103.575,105.969
2013-12-19,107.49,110.78,98.4,104.59,107.066
2013-12-20,108.15,112.15,99.11,105.63,108.238
2013-12-23,108.73,111.58,98.62,105.1,107.692
2013-12-24,108.76,111.57,98.87,105.22,107.76
2013-12-26,,111.65,99.18,105.415,107.909
2013-12-27,109.35,112.06,99.94,106,108.424
2013-12-30,108.57,110.47,98.9,104.685,106.999
2013-12-31,107.94,109.95,98.17,104.06,106.416
2014-01-02,106.85,107.94,95.14,101.54,104.1
2014-01-03,104.99,106.57,93.66,100.115,102.697
2014-01-06,104.33,106.71,93.12,99.915,102.633
2014-01-07,104.51,107.01,93.31,100.16,102.9
2014-01-08,104.43,107.42,91.9,99.66,102.764
2014-01-09,104.28,107.49,91.36,99.425,102.651
2014-01-10,104.09,106.44,92.39,99.415,102.225
2014-01-13,103.93,108.02,91.45,99.735,103.049
2014-01-14,103.92,107.12,92.15,99.635,102.629
2014-01-15,104.28,108.09,93.78,100.935,103.797
2014-01-16,104.39,107.46,93.54,100.5,103.284
2014-01-17,103.98,108.45,93.96,101.205,104.103
2014-01-20,104.17,108.01,,,
2014-01-21,105.26,109.17,94.51,101.84,104.772
2014-01-22,105.62,109.69,96.35,103.02,105.688
2014-01-23,106.11,109.69,97.23,103.46,105.952
2014-01-24,105.04,109.14,96.66,102.9,105.396
2014-01-27,104.62,108.72,95.82,102.27,104.85
2014-01-28,104.67,109.1,97.49,103.295,105.617
2014-01-29,104.57,108.83,97.34,103.085,105.383
2014-01-30,105.09,109.36,98.25,103.805,106.027
2014-01-31,104.45,108.16,97.55,102.855,104.977
2014-02-03,102.55,106.55,96.44,101.495,103.517
2014-02-04,102.55,107.04,97.24,102.14,104.1
2014-02-05,102.63,106.81,97.4,102.105,103.987
2014-02-06,103.34,108.15,97.84,102.995,105.057
2014-02-07,104.41,110.12,99.98,105.05,107.078
2014-02-10,105.52,110.18,100.12,105.15,107.162
2014-02-11,105.3,109.21,99.96,104.585,106.435
2014-02-12,105.46,108.62,100.38,104.5,106.148
2014-02-13,105.27,108.98,100.27,104.625,106.367
2014-02-14,105.58,108.63,100.31,104.47,106.134
2014-02-17,106.11,,,,
2014-02-18,106.53,110.14,102.54,106.34,107.86
2014-02-19,107.15,110.37,103.46,106.915,108.297
2014-02-20,106.79,109.42,103.2,106.31,107.554
2014-02-21,106.68,109.03,102.53,105.78,107.08
2014-02-24,106.7,109.76,103.17,106.465,107.783
2014-02-25,106.55,109.19,102.2,105.695,107.093
2014-02-26,106.49,109.39,102.93,106.16,107.452
2014-02-27,106.1,108.54,102.68,105.61,106.782
2014-02-28,105.92,108.98,102.88,105.93,107.15
2014-03-03,107.8,111.26,105.34,108.3,109.484
2014-03-04,106.3,109.17,103.64,106.405,107.511
2014-03-05,105.24,108.15,101.75,104.95,106.23
2014-03-06,104.37,107.99,101.82,104.905,106.139
2014-03-07,104.98,109.14,102.82,105.98,107.244
2014-03-10,104.48,108.27,101.39,104.83,106.206
2014-03-11,104.38,108.35,100.29,104.32,105.932
2014-03-12,103.75,107.88,98.29,103.085,105.003
2014-03-13,103.71,107.48,98.57,103.025,104.807
2014-03-14,103.83,108.08,99.23,103.655,105.425
2014-03-17,103.85,106.99,98.43,102.71,104.422
2014-03-18,103.29,106.79,100.08,103.435,104.777
2014-03-19,103.16,105.95,100.71,103.33,104.378
2014-03-20,102.37,105.73,99.68,102.705,103.915
2014-03-21,103.3,107.2,99.97,103.585,105.031
2014-03-24,103.13,106.59,100.05,103.32,104.628
2014-03-25,103.39,107.01,99.66,103.335,104.805
2014-03-26,103.62,105.9,100.61,103.255,104.313
2014-03-27,103.79,106.58,101.25,103.915,104.981
2014-03-28,104.27,106.64,101.73,104.185,105.167
2014-03-31,104.08,105.95,101.57,103.76,104.636
2014-04-01,103.25,105.7,99.69,102.695,103.897
2014-04-02,101.72,103.37,99.6,101.485,102.239
2014-04-03,101.57,104.88,100.29,102.585,103.503
2014-04-04,103.12,106.41,101.16,103.785,104.835
2014-04-07,102.16,104.89,100.43,102.66,103.552
2014-04-08,103.16,105.83,102.57,104.2,104.852
2014-04-09,104.22,107.39,103.55,105.47,106.238
2014-04-10,104.33,107.1,103.37,105.235,105.981
2014-04-11,104.07,107.34,103.68,105.51,106.242
2014-04-14,104.81,107.68,104.05,105.865,106.591
2014-04-15,105.21,109.1,103.7,106.4,107.48
2014-04-16,106.06,109.71,103.71,106.71,107.91
2014-04-17,105.53,109.79,104.33,107.06,108.152
2014-04-21,105.34,109.69,104.35,107.02,108.088
2014-04-22,105.19,108.54,101.69,105.115,106.485
2014-04-23,104.99,108.48,101.47,104.975,106.377
2014-04-24,105.2,109.79,102.2,105.995,107.513
2014-04-25,105.37,109.53,100.85,105.19,106.926
2014-04-28,105.43,109.12,101.13,105.125,106.723
2014-04-29,104.95,109.89,101.56,105.725,107.391
2014-04-30,103.95,108.63,100.07,104.35,106.062
2014-05-01,103.77,108.63,99.69,104.16,105.948
2014-05-02,104.25,109.48,100.09,104.785,106.663
2014-05-05,104.35,109.48,99.74,104.61,106.558
2014-05-06,103.69,108.3,99.81,104.055,105.753
2014-05-07,103.68,108.17,101.06,104.615,106.037
2014-05-08,103.94,108.19,100.52,104.355,105.889
2014-05-09,104.46,108.26,100.32,104.29,105.878
2014-05-12,104.21,108.37,100.89,104.63,106.126
2014-05-13,104.5,108.78,102.01,105.395,106.749
2014-05-14,105.62,109.87,102.63,106.25,107.698
2014-05-15,105.66,109.74,101.74,105.74,107.34
2014-05-16,105.95,110.9,102.31,106.605,108.323
2014-05-19,106.43,110.84,102.95,106.895,108.473
2014-05-20,106.18,110.35,102.8,106.575,108.085
2014-05-21,106.82,111.32,104.31,107.815,109.217
2014-05-22,107,110.89,104.03,107.46,108.832
2014-05-23,106.92,110.19,105.01,107.6,108.636
2014-05-26,106.73,110.01,,,
2014-05-27,106.79,109.81,104.78,107.295,108.301
2014-05-28,106.35,109.09,103.37,106.23,107.374
2014-05-29,106.45,109.98,104.26,107.12,108.264
2014-05-30,105.91,109.21,103.4,106.305,107.467
2014-06-02,105.6,109.34,103.07,106.205,107.459
2014-06-03,105.14,108.87,103.34,106.105,107.211
2014-06-04,105.56,109.07,103.27,106.17,107.33
2014-06-05,104.73,108.43,103.17,105.8,106.852
2014-06-06,105.38,109.21,103.32,106.265,107.443
2014-06-09,105.72,110.55,105.09,107.82,108.912
2014-06-10,105.89,109.18,105.02,107.1,107.932
2014-06-11,106.02,109.83,105.04,107.435,108.393
2014-06-12,107.46,112.18,107.2,109.69,110.686
2014-06-13,109.31,113.15,107.49,110.32,111.452
2014-06-16,109.09,113.42,107.52,110.47,111.65
2014-06-17,108.81,114.02,106.95,110.485,111.899
2014-06-18,109.6,114.25,106.64,110.445,111.967
2014-06-19,110.26,115.19,107.08,111.135,112.757
2014-06-20,110.48,114.55,107.95,111.25,112.57
2014-06-23,110.3,113.62,106.83,110.225,111.583
2014-06-24,109.62,113.74,106.64,110.19,111.61
2014-06-25,109.63,112.84,107.04,109.94,111.1
2014-06-26,109.38,112.61,106.49,109.55,110.774
2014-06-27,109.17,112.62,106.46,109.54,110.772
2014-06-30,108.59,111.03,106.07,108.55,109.542
2014-07-01,108.68,110.84,106.06,108.45,109.406
2014-07-02,108.35,110.18,105.18,107.68,108.68
2014-07-03,107.17,108.98,104.76,106.87,107.714
2014-07-04,107.34,,,,
2014-07-07,106.89,108.7,104.19,106.445,107.347
2014-07-08,106.25,107.65,104.06,105.855,106.573
2014-07-09,105.49,106.84,102.93,104.885,105.667
2014-07-10,105.16,106.2,103.61,104.905,105.423
2014-07-11,104.87,105.77,101.48,103.625,104.483
2014-07-14,104.12,104.73,101.73,103.23,103.83
2014-07-15,103.65,104.73,100.56,102.645,103.479
2014-07-16,104.44,105.41,101.88,103.645,104.351
2014-07-17,105.04,106.04,103.84,104.94,105.38
2014-07-18,105.54,106.03,103.83,104.93,105.37
2014-07-21,105.07,105.71,105.34,105.525,105.599
2014-07-22,105.74,106.48,104.59,105.535,105.913
2014-07-23,105.3,106.85,103.81,105.33,105.938
2014-07-24,105.22,105.78,102.76,104.27,104.874
2014-07-25,105.31,106.89,105.23,106.06,106.392
2014-07-28,105.11,106.7,105.68,106.19,106.394
2014-07-29,105.44,106.98,104.91,105.945,106.359
2014-07-30,105.21,106.47,104.29,105.38,105.816
2014-07-31,103.6,104.94,98.23,101.585,102.927
2014-08-01,102.89,103.45,97.86,100.655,101.773
2014-08-04,102.58,103.63,98.26,100.945,102.019
2014-08-05,102.23,102.82,97.34,100.08,101.176
2014-08-06,102.05,104.17,96.93,100.55,101.998
2014-08-07,102.22,104.02,97.34,100.68,102.016
2014-08-08,103.1,103.36,97.61,100.485,101.635
2014-08-11,102.29,103.47,98.09,100.78,101.856
2014-08-12,101.66,101.68,97.36,99.52,100.384
2014-08-13,100.88,102.27,97.57,99.92,100.86
2014-08-14,100.99,101.15,95.54,98.345,99.467
2014-08-15,99.94,101.13,97.3,99.215,99.981
2014-08-18,99.42,99.37,96.44,97.905,98.491
2014-08-19,98.93,99.74,94.35,97.045,98.123
2014-08-20,99.52,99.92,96.4,98.16,98.864
2014-08-21,99.03,100.28,93.97,97.125,98.387
2014-08-22,99.19,100.09,93.61,96.85,98.146
2014-08-25,99.09,100.49,95.39,97.94,98.96
2014-08-26,99.82,100.5,95.78,98.14,99.084
2014-08-27,100.06,100.4,95.82,98.11,99.026
2014-08-28,99.97,100.71,96.44,98.575,99.429
2014-08-29,99.99,101.12,97.86,99.49,100.142
2014-09-01,100.1,,,,
2014-09-02,98.95,100.21,92.92,96.565,98.023
2014-09-03,98.66,100.88,95.5,98.19,99.266
2014-09-04,99.15,101.21,94.51,97.86,99.2
2014-09-05,98.38,99.51,93.32,96.415,97.653
2014-09-08,97,99.53,92.64,96.085,97.463
2014-09-09,96.99,98.08,92.73,95.405,96.475
2014-09-10,95.93,96.26,91.71,93.985,94.895
2014-09-11,95.35,96.42,92.89,94.655,95.361
2014-09-12,95.68,96.31,92.18,94.245,95.071
2014-09-15,94.68,96.43,92.86,94.645,95.359
2014-09-16,95.3,97.39,94.91,96.15,96.646
2014-09-17,95.84,97.7,94.33,96.015,96.689
2014-09-18,95.19,96.82,93.07,94.945,95.695
2014-09-19,94.44,96.75,92.43,94.59,95.454
2014-09-22,94.37,95.37,91.46,93.415,94.197
2014-09-23,94.31,94.87,91.55,93.21,93.874
2014-09-24,94.18,94.53,93.6,94.065,94.251
2014-09-25,94.25,95.2,93.59,94.395,94.717
2014-09-26,94.13,95.08,95.55,95.315,95.221
2014-09-29,94.54,95.7,94.53,95.115,95.349
2014-09-30,94.17,94.67,91.17,92.92,93.62
2014-10-01,92.19,94.57,90.74,92.655,93.421
2014-10-02,90.4,91.29,91.02,91.155,91.209
2014-10-03,90.33,90.8,89.76,90.28,90.488
2014-10-06,90.4,90.65,90.33,90.49,90.554
2014-10-07,89.37,90.9,88.89,89.895,90.297
2014-10-08,88.32,90.25,87.29,88.77,89.362
2014-10-09,88.27,90.47,85.76,88.115,89.057
2014-10-10,86.43,88.66,85.87,87.265,87.823
2014-10-13,85.93,87.82,85.73,86.775,87.193
2014-10-14,85.14,86.36,81.72,84.04,84.968
2014-10-15,81.89,84.02,81.82,82.92,83.36
2014-10-16,81.17,84.02,82.33,83.175,83.513
2014-10-17,83.19,85.27,82.8,84.035,84.529
2014-10-20,82.37,84.42,82.76,83.59,83.922
2014-10-21,82.09,85.17,83.25,84.21,84.594
2014-10-22,81.94,86.38,80.52,83.45,84.622
2014-10-23,81.67,85.94,82.81,84.375,85.001
2014-10-24,82.48,86,81.27,83.635,84.581
2014-10-27,82.37,85.64,81.26,83.45,84.326
2014-10-28,82.44,85.57,81.36,83.465,84.307
2014-10-29,83.24,86.91,82.25,84.58,85.512
2014-10-30,82.79,85.5,81.06,83.28,84.168
2014-10-31,81.97,84.17,80.53,82.35,83.078
2014-11-03,80.64,84.9,78.77,81.835,83.061
2014-11-04,78.67,82.12,77.15,79.635,80.629
2014-11-05,78.11,82.88,78.71,80.795,81.629
2014-11-06,78.27,82.08,77.87,79.975,80.817
2014-11-07,78.67,83.2,78.71,80.955,81.853
2014-11-10,78.98,82.9,77.43,80.165,81.259
2014-11-11,77.27,80.94,77.85,79.395,80.013
2014-11-12,76.96,80.42,77.16,78.79,79.442
2014-11-13,75.15,77.74,74.13,75.935,76.657
2014-11-14,73.47,77.51,75.91,76.71,77.03
2014-11-17,73.9,76.86,75.64,76.25,76.494
2014-11-18,74.36,77.23,74.55,75.89,76.426
2014-11-19,74.05,77.21,74.55,75.88,76.412
2014-11-20,74.03,77.61,75.63,76.62,77.016
2014-11-21,75.42,79.2,76.52,77.86,78.396
2014-11-24,75.7,79.62,75.74,77.68,78.456
2014-11-25,74.28,77.62,74.04,75.83,76.546
2014-11-26,73.7,77.39,73.7,75.545,76.283
2014-11-27,70.8,,,,
2014-11-28,68.89,71.89,65.94,68.915,70.105
2014-12-01,66.44,70.87,68.98,69.925,70.303
2014-12-02,68.13,71.13,66.99,69.06,69.888
2014-12-03,67.31,70.13,67.3,68.715,69.281
2014-12-04,66.27,68.48,66.73,67.605,67.955
2014-12-05,65.32,68,65.89,66.945,67.367
2014-12-08,63.78,65.64,63.13,64.385,64.887
2014-12-09,62.33,66.11,63.74,64.925,65.399
2014-12-10,61.35,63.32,60.99,62.155,62.621
2014-12-11,60.5,63.65,60.01,61.83,62.558
2014-12-12,58.65,61.67,57.81,59.74,60.512
2014-12-15,57.92,61.09,55.96,58.525,59.551
2014-12-16,55.91,60.26,55.97,58.115,58.973
2014-12-17,55.64,59.84,56.43,58.135,58.817
2014-12-18,56.3,58.81,54.18,56.495,57.421
2014-12-19,55.52,58.87,56.91,57.89,58.282
2014-12-22,56.9,58.31,55.25,56.78,57.392
2014-12-23,55.59,59.07,56.78,57.925,58.383
2014-12-24,56.03,58.67,55.7,57.185,57.779
2014-12-26,,58.72,54.59,56.655,57.481
2014-12-29,54.44,57.86,53.46,55.66,56.54
2014-12-30,52.39,55.6,54.14,54.87,55.162
2014-12-31,52,55.27,53.45,54.36,54.724
2015-01-02,51.78,55.38,52.72,54.05,54.582
2015-01-05,48.87,51.08,50.05,50.565,50.771
2015-01-06,46.57,50.12,47.98,49.05,49.478
2015-01-07,44.79,49.06,48.69,48.875,48.949
2015-01-08,45.68,49.43,48.8,49.115,49.241
2015-01-09,45.19,47.64,48.35,47.995,47.853
2015-01-12,43.55,46.9,46.06,46.48,46.648
2015-01-13,41.5,45.13,45.92,45.525,45.367
2015-01-14,41.65,45.82,48.49,47.155,46.621
2015-01-15,43.14,47.66,46.37,47.015,47.273
2015-01-16,43.4,47.38,48.49,47.935,47.713
2015-01-19,43.87,,,,
2015-01-20,43.04,46.49,46.79,46.64,46.58
2015-01-21,43.25,46.5,47.85,47.175,46.905
2015-01-22,43.05,46.09,45.93,46.01,46.042
2015-01-23,43.69,46.69,45.26,45.975,46.261
2015-01-26,42.9,46.07,44.8,45.435,45.689
2015-01-27,43.24,46.55,45.84,46.195,46.337
2015-01-28,44.08,47.07,44.08,45.575,46.173
2015-01-29,43.88,46.61,44.12,45.365,45.863
2015-01-30,44.83,47.52,47.79,47.655,47.601
2015-02-02,48.19,51.74,49.25,50.495,50.993
2015-02-03,51.77,54.41,53.04,53.725,53.999
2015-02-04,52.22,55.07,48.45,51.76,53.084
2015-02-05,50.81,55.98,50.48,53.23,54.33
2015-02-06,53.36,55.88,51.66,53.77,54.614
2015-02-09,53.58,57,52.99,54.995,55.797
2015-02-10,53.14,55.79,50.06,52.925,54.071
2015-02-11,52.21,53.48,48.8,51.14,52.076
2015-02-12,52.86,56.23,51.17,53.7,54.712
2015-02-13,55.97,60.33,52.66,56.495,58.029
2015-02-16,56.43,61.57,,,
2015-02-17,56.69,60.78,53.56,57.17,58.614
2015-02-18,56.83,60.72,52.13,56.425,58.143
2015-02-19,56.29,58.78,51.12,54.95,56.482
2015-02-20,56.55,60.99,49.95,55.47,57.678
2015-02-23,54.09,59.78,49.56,54.67,56.714
2015-02-24,53.54,60.33,48.48,54.405,56.775
2015-02-25,53.81,59.77,50.25,55.01,56.914
2015-02-26,56.07,61.39,47.65,54.52,57.268
2015-02-27,56.83,61.89,49.84,55.865,58.275
2015-03-02,56.74,60.75,49.59,55.17,57.402
2015-03-03,55.94,61.18,50.43,55.805,57.955
2015-03-04,55.82,59.18,51.53,55.355,56.885
2015-03-05,55.77,60.33,50.76,55.545,57.459
2015-03-06,55.63,59.15,49.61,54.38,56.288
2015-03-09,54.53,58.67,49.95,54.31,56.054
2015-03-10,53.03,55.95,48.42,52.185,53.691
2015-03-11,52.25,56.46,48.06,52.26,53.94
2015-03-12,53.16,56.66,47.12,51.89,53.798
2015-03-13,51.66,54.8,44.88,49.84,51.824
2015-03-16,49.46,52,43.93,47.965,49.579
2015-03-17,48.76,52.17,43.39,47.78,49.536
2015-03-18,49.17,52.59,44.63,48.61,50.202
2015-03-19,50.17,52.96,44.02,48.49,50.278
2015-03-20,49.93,53.88,46,49.94,51.516
2015-03-23,50.3,53.82,47.4,50.61,51.894
2015-03-24,50.92,53.61,47.03,50.32,51.636
2015-03-25,50.83,54.18,48.75,51.465,52.551
2015-03-26,54.55,57.02,51.41,54.215,55.337
2015-03-27,52.93,56.44,48.83,52.635,54.157
2015-03-30,51.45,53.99,48.66,51.325,52.391
2015-03-31,51.06,53.69,47.72,50.705,51.899
2015-04-01,52.48,55.73,50.12,52.925,54.047
2015-04-02,52.93,55.73,49.13,52.43,53.75
2015-04-06,53.2,55.73,52.08,53.905,54.635
2015-04-07,54.61,57.55,53.95,55.75,56.47
2015-04-08,54.28,56.42,50.44,53.43,54.626
2015-04-09,53.52,56.04,50.79,53.415,54.465
2015-04-10,54.04,56.82,51.63,54.225,55.263
2015-04-13,55.86,57.14,51.95,54.545,55.583
2015-04-14,55.91,57.69,53.3,55.495,56.373
2015-04-15,57.01,59.32,56.25,57.785,58.399
2015-04-16,58.88,60.13,56.69,58.41,59.098
2015-04-17,59.52,61.31,55.71,58.51,59.63
2015-04-20,59.5,61.2,56.37,58.785,59.751
2015-04-21,58.84,60.12,55.58,57.85,58.758
2015-04-22,58.09,60.12,56.17,58.145,58.935
2015-04-23,59.14,62.66,56.59,59.625,60.839
2015-04-24,60.95,62.96,55.98,59.47,60.866
2015-04-27,61.06,62.86,55.56,59.21,60.67
2015-04-28,60.41,62.61,57.05,59.83,60.942
2015-04-29,60.92,63.97,58.55,61.26,62.344
2015-04-30,62.21,63.9,59.62,61.76,62.616
2015-05-01,62.23,64.13,59.1,61.615,62.621
2015-05-04,62.85,64.62,58.92,61.77,62.91
2015-05-05,63.62,65.44,60.38,62.91,63.922
2015-05-06,64.96,66.22,60.93,63.575,64.633
2015-05-07,63.98,64.93,58.99,61.96,63.148
2015-05-08,62.44,63.82,59.41,61.615,62.497
2015-05-11,62.03,62.82,59.23,61.025,61.743
2015-05-12,62.49,65.09,60.72,62.905,63.779
2015-05-13,63.77,66.33,60.5,63.415,64.581
2015-05-14,63.13,65.58,59.89,62.735,63.873
2015-05-15,62.74,64.69,59.73,62.21,63.202
2015-05-18,62.98,65.15,59.44,62.295,63.437
2015-05-19,61.11,63.48,57.3,60.39,61.626
2015-05-20,60.91,63.52,58.96,61.24,62.152
2015-05-21,61.86,64.7,60.18,62.44,63.344
2015-05-22,62.03,64.7,58.88,61.79,62.954
2015-05-25,61.18,,,,
2015-05-26,60.73,61.65,57.29,59.47,60.342
2015-05-27,60.43,61.35,57.51,59.43,60.198
2015-05-28,59.33,60.12,57.69,58.905,59.391
2015-05-29,60.47,63.16,60.25,61.705,62.287
2015-06-01,60.46,62.87,60.24,61.555,62.081
2015-06-02,62.26,63.14,61.3,62.22,62.588
2015-06-03,61.49,62.78,59.67,61.225,61.847
2015-06-04,59.61,60.34,58,59.17,59.638
2015-06-05,58.61,60.36,59.11,59.735,59.985
2015-06-08,59.42,61.33,58.15,59.74,60.376
2015-06-09,60.27,63.23,60.15,61.69,62.306
2015-06-10,62.41,64.68,61.36,63.02,63.684
2015-06-11,62.14,63.76,60.74,62.25,62.854
2015-06-12,61.17,63.19,59.96,61.575,62.221
2015-06-15,60.17,60.99,59.53,60.26,60.552
2015-06-16,60.08,60.75,60.01,60.38,60.528
2015-06-17,60.27,60.75,59.89,60.32,60.492
2015-06-18,60.56,61.37,60.41,60.89,61.082
2015-06-19,59.98,59.41,59.62,59.515,59.473
2015-06-22,59.36,60.54,60.01,60.275,60.381
2015-06-23,59.96,61.67,61.05,61.36,61.484
2015-06-24,60.68,61.63,60.01,60.82,61.144
2015-06-25,59.58,60.24,59.59,59.915,60.045
2015-06-26,59.14,60.14,59.41,59.775,59.921
2015-06-29,58.24,59.03,58.34,58.685,58.823
2015-06-30,58.79,60.31,59.48,59.895,60.061
2015-07-01,59.81,61.65,56.94,59.295,60.237
2015-07-02,59.31,61.73,56.93,59.33,60.29
2015-07-03,58.35,59.06,,,
2015-07-06,55.79,57.19,52.48,54.835,55.777
2015-07-07,54.25,54.72,52.33,53.525,54.003
2015-07-08,53.78,55.7,51.61,53.655,54.473
2015-07-09,55.54,57.83,52.76,55.295,56.309
2015-07-10,55.99,57.72,52.74,55.23,56.226
2015-07-13,55.23,57.63,52.19,54.91,55.998
2015-07-14,54.55,57.2,53.05,55.125,55.955
2015-07-15,54.94,57.34,51.4,54.37,55.558
2015-07-16,54.23,57.31,50.9,54.105,55.387
2015-07-17,53.99,56.38,50.88,53.63,54.73
2015-07-20,53.79,56.42,50.11,53.265,54.527
2015-07-21,53.57,55.94,50.59,53.265,54.335
2015-07-22,53.45,56.36,49.27,52.815,54.233
2015-07-23,53.04,55.76,48.11,51.935,53.465
2015-07-24,52.08,54.29,47.98,51.135,52.397
2015-07-27,51.3,54.07,47.17,50.62,52
2015-07-28,50.55,54.3,47.97,51.135,52.401
2015-07-29,50.83,54.73,48.77,51.75,52.942
2015-07-30,51.46,54.29,48.53,51.41,52.562
2015-07-31,50.51,53.29,47.11,50.2,51.436
2015-08-03,48.4,49.49,45.25,47.37,48.218
2015-08-04,47.9,49.08,45.75,47.415,48.081
2015-08-05,47.89,49.04,45.13,47.085,47.867
2015-08-06,47.09,47.8,44.69,46.245,46.867
2015-08-07,46.95,47.54,43.87,45.705,46.439
2015-08-10,47.32,48.3,44.94,46.62,47.292
2015-08-11,47.66,47.33,43.11,45.22,46.064
2015-08-12,47.09,48.29,43.22,45.755,46.769
2015-08-13,47.29,48.01,42.27,45.14,46.288
2015-08-14,46.62,47.79,42.45,45.12,46.188
2015-08-17,45.96,47.77,41.93,44.85,46.018
2015-08-18,45.77,47,42.58,44.79,45.674
2015-08-19,45.39,45.75,40.75,43.25,44.25
2015-08-20,44.13,45.63,41,43.315,44.241
2015-08-21,43,43.84,40.45,42.145,42.823
2015-08-24,40.67,41.59,38.22,39.905,40.579
2015-08-25,40.47,41.86,39.15,40.505,41.047
2015-08-26,40.51,41.76,38.5,40.13,40.782
2015-08-27,42.37,44.46,42.47,43.465,43.863
2015-08-28,45.19,47.97,45.29,46.63,47.166
2015-08-31,47.01,,49.2,,
2015-09-01,47.8,48.8,45.38,47.09,47.774
2015-09-02,45.56,47.67,46.3,46.985,47.259
2015-09-03,47.4,50.41,46.75,48.58,49.312
2015-09-04,46.83,48.59,46.02,47.305,47.819
2015-09-07,45.59,46.42,,,
2015-09-08,45.38,48.88,45.92,47.4,47.992
2015-09-09,45.96,48.04,44.13,46.085,46.867
2015-09-10,44.83,47.77,45.85,46.81,47.194
2015-09-11,44.64,46.87,44.75,45.81,46.234
2015-09-14,43.85,45.87,44.07,44.97,45.33
2015-09-15,43.13,45.91,44.58,45.245,45.511
2015-09-16,44.57,49.35,47.12,48.235,48.681
2015-09-17,45.1,48.27,46.93,47.6,47.868
2015-09-18,44.34,47.28,44.71,45.995,46.509
2015-09-21,43.81,47.64,46.67,47.155,47.349
2015-09-22,43.84,46.69,46.17,46.43,46.534
2015-09-23,44.69,48,44.53,46.265,46.959
2015-09-24,44.48,47.06,44.94,46,46.424
2015-09-25,43.76,47.28,45.55,46.415,46.761
2015-09-28,43.54,46.04,44.4,45.22,45.548
2015-09-29,43.51,47.58,45.24,46.41,46.878
2015-09-30,43.58,47.29,45.06,46.175,46.621
2015-10-01,44.48,47.48,44.75,46.115,46.661
2015-10-02,43.82,46.55,45.54,46.045,46.247
2015-10-05,44.95,49.45,46.28,47.865,48.499
2015-10-06,46.08,51.34,48.53,49.935,50.497
2015-10-07,48.24,51.66,47.86,49.76,50.52
2015-10-08,48.1,52.13,49.46,50.795,51.329
2015-10-09,48.79,52.08,49.67,50.875,51.357
2015-10-12,47.97,50.95,47.09,49.02,49.792
2015-10-13,46,48.94,46.7,47.82,48.268
2015-10-14,45.21,48.25,46.63,47.44,47.764
2015-10-15,45.05,47.87,46.38,47.125,47.423
2015-10-16,45.71,48.96,47.3,48.13,48.462
2015-10-19,44.92,47.51,45.91,46.71,47.03
2015-10-20,43.87,46.93,45.84,46.385,46.603
2015-10-21,43.67,46.72,45.22,45.97,46.27
2015-10-22,43.44,46.59,44.9,45.745,46.083
2015-10-23,43.45,46.3,43.91,45.105,45.583
2015-10-26,43.13,46.57,43.19,44.88,45.556
2015-10-27,42.4,45.54,43.21,44.375,44.841
2015-10-28,43.2,47.6,45.93,46.765,47.099
2015-10-29,44.34,48.04,46.02,47.03,47.434
2015-10-30,43.66,48,46.6,47.3,47.58
2015-11-02,43.95,47.91,46.12,47.015,47.373
2015-11-03,43.89,48,47.88,47.94,47.964
2015-11-04,44.43,46.96,46.32,46.64,46.768
2015-11-05,43.28,47.19,45.27,46.23,46.614
2015-11-06,42.72,46.09,44.32,45.205,45.559
2015-11-09,42.13,45.38,43.87,44.625,44.927
2015-11-10,42.26,46.44,44.23,45.335,45.777
2015-11-11,41.53,44.98,42.95,43.965,44.371
2015-11-12,40.21,44.98,41.74,43.36,44.008
2015-11-13,39.21,41.98,40.69,41.335,41.593
2015-11-16,38.18,40.28,41.68,40.98,40.7
2015-11-17,38.29,41.28,40.73,41.005,41.115
2015-11-18,38.04,41.45,40.75,41.1,41.24
2015-11-19,38.52,42.22,40.55,41.385,41.719
2015-11-20,38.37,42.49,39.39,40.94,41.56
2015-11-23,38.35,43.7,39.27,41.485,42.371
2015-11-24,39.59,44.38,40.89,42.635,43.333
2015-11-25,39.81,43.56,41.22,42.39,42.858
2015-11-26,39.65,43.55,,,
2015-11-27,39.08,43.07,40.57,41.82,42.32
2015-11-30,38.93,43.73,40.43,42.08,42.74
2015-12-01,39.25,42.97,40.58,41.775,42.253
2015-12-02,38.4,41.92,39.93,40.925,41.323
2015-12-03,37.84,42,41.08,41.54,41.724
2015-12-04,38.03,41.44,40,40.72,41.008
2015-12-07,36.4,39.69,37.64,38.665,39.075
2015-12-08,35.25,39.44,37.46,38.45,38.846
2015-12-09,34.74,39.04,37.16,38.1,38.476
2015-12-10,34.64,38.65,36.76,37.705,38.083
2015-12-11,33.71,36.99,35.65,36.32,36.588
2015-12-14,32.55,36.51,36.31,36.41,36.45
2015-12-15,32.56,37.66,37.32,37.49,37.558
2015-12-16,32.28,36.96,35.55,36.255,36.537
2015-12-17,31.49,36.29,34.98,35.635,35.897
2015-12-18,31.63,36.76,34.72,35.74,36.148
2015-12-21,30.74,35.34,34.55,34.945,35.103
2015-12-22,31.15,35.26,36.12,35.69,35.518
2015-12-23,31.25,35.79,36.76,36.275,36.081
2015-12-24,32.17,37.22,37.62,37.42,37.34
2015-12-28,31.71,37.08,36.36,36.72,36.864
2015-12-29,31.55,36.85,37.88,37.365,37.159
2015-12-30,31.42,35.65,36.59,36.12,35.932
2015-12-31,31.27,36.61,37.13,36.87,36.766
2016-01-04,31.79,36.28,36.81,36.545,36.439
2016-01-05,31.21,35.56,35.97,35.765,35.683
2016-01-06,29.71,33.89,33.97,33.93,33.914
2016-01-07,27.85,33.57,33.29,33.43,33.486
2016-01-08,28.47,31.67,33.2,32.435,32.129
2016-01-11,27.07,30.14,31.42,30.78,30.524
2016-01-12,25.76,29.14,30.42,29.78,29.524
2016-01-13,25.69,28.58,30.42,29.5,29.132
2016-01-14,25,28.84,31.22,30.03,29.554
2016-01-15,24.74,28.8,29.45,29.125,28.995
2016-01-18,23.58,27.36,,,
2016-01-19,23.85,27.36,28.47,27.915,27.693
2016-01-20,22.48,26.01,26.68,26.345,26.211
2016-01-21,22.89,27.59,29.55,28.57,28.178
2016-01-22,25.5,30.46,32.07,31.265,30.943
2016-01-25,25.58,29.82,30.31,30.065,29.967
2016-01-26,25.11,30.94,29.54,30.24,30.52
2016-01-27,26.4,31.83,32.32,32.075,31.977
2016-01-28,28.28,33.01,33.21,33.11,33.07
2016-01-29,29.11,33.14,33.66,33.4,33.296
2016-02-01,29.73,32.45,31.62,32.035,32.201
2016-02-02,28.4,30.98,29.9,30.44,30.656
2016-02-03,28.65,32.38,32.29,32.335,32.353
2016-02-04,29.93,32.76,31.63,32.195,32.421
2016-02-05,29.3,32.35,30.86,31.605,31.903
2016-02-08,29,31.64,29.71,30.675,31.061
2016-02-09,28.33,30.15,27.96,29.055,29.493
2016-02-10,25.93,29.64,27.54,28.59,29.01
2016-02-11,25.21,28.82,26.19,27.505,28.031
2016-02-12,26.74,31.8,29.32,30.56,31.056
2016-02-15,28.44,,,,
2016-02-16,29.35,31.09,29.05,30.07,30.478
2016-02-17,28.18,33.21,30.68,31.945,32.451
2016-02-18,29.96,33.2,30.77,31.985,32.471
2016-02-19,29.17,31.66,29.59,30.625,31.039
2016-02-22,29.48,33.59,31.37,32.48,32.924
2016-02-23,28.94,31.9,31.84,31.87,31.882
2016-02-24,28.3,31.5,30.35,30.925,31.155
2016-02-25,29.19,32.83,31.4,32.115,32.401
2016-02-26,30.74,35.76,31.65,33.705,34.527
2016-02-29,30.13,35.92,32.74,34.33,34.966
2016-03-01,31.65,35.73,34.39,35.06,35.328
2016-03-02,31.72,36.38,34.57,35.475,35.837
2016-03-03,31.68,35.75,34.56,35.155,35.393
2016-03-04,32.42,37.61,35.91,36.76,37.1
2016-03-07,34.43,39.02,37.9,38.46,38.684
2016-03-08,35.07,39.16,36.67,37.915,38.413
2016-03-09,35.05,40.26,37.62,38.94,39.468
2016-03-10,35.23,38.63,37.77,38.2,38.372
2016-03-11,35.62,39.41,38.51,38.96,39.14
2016-03-14,34.74,38.06,37.2,37.63,37.802
2016-03-15,33.69,37.49,36.32,36.905,37.139
2016-03-16,34.5,38.38,38.43,38.405,38.395
2016-03-17,36.36,39.29,40.17,39.73,39.554
2016-03-18,36.59,39.26,39.47,39.365,39.323
2016-03-21,36.27,39.91,39.91,39.91,39.91
2016-03-22,36.67,40.54,41.45,40.995,40.813
2016-03-23,36.19,38.84,38.28,38.56,38.672
2016-03-24,34.96,38.33,38.14,38.235,38.273
2016-03-25,34.96,,,,
2016-03-28,35.48,38.33,37.99,38.16,38.228
2016-03-29,34.5,36.75,36.91,36.83,36.798
2016-03-30,34.91,36.75,36.91,36.83,36.798
2016-03-31,34.33,36.75,36.94,36.845,36.807
2016-04-01,34.54,36.42,35.36,35.89,36.102
2016-04-04,33.4,36.05,34.3,35.175,35.525
2016-04-05,32.71,35.88,34.52,35.2,35.472
2016-04-06,33.93,37.77,37.74,37.755,37.761
2016-04-07,34.71,37.15,37.3,37.225,37.195
2016-04-08,36.01,40.71,39.74,40.225,40.419
2016-04-11,37.02,41.58,40.46,41.02,41.244
2016-04-12,38.62,43.02,42.12,42.57,42.75
2016-04-13,38.91,42.81,41.7,42.255,42.477
2016-04-14,38.58,43.02,41.45,42.235,42.549
2016-04-15,38.05,41.32,40.4,40.86,41.044
2016-04-18,36.58,41.64,39.74,40.69,41.07
2016-04-19,38.27,43.02,40.88,41.95,42.378
2016-04-20,38.46,43.09,42.72,42.905,42.979
2016-04-21,40.09,43.48,43.18,43.33,43.39
2016-04-22,39.78,43.97,42.76,43.365,43.607
2016-04-25,39.4,42.97,41.67,42.32,42.58
2016-04-26,39.88,43.94,42.52,43.23,43.514
2016-04-27,41.38,44.17,45.29,44.73,44.506
2016-04-28,42.02,45.6,46.03,45.815,45.729
2016-04-29,42.7,45.64,45.98,45.81,45.742
2016-05-02,42.48,45.82,44.75,45.285,45.499
2016-05-03,41.03,43.09,43.65,43.37,43.258
2016-05-04,40.45,43.08,43.77,43.425,43.287
2016-05-05,41.16,44.39,44.33,44.36,44.372
2016-05-06,40.57,44.6,44.58,44.59,44.594
2016-05-09,40.77,42.43,43.45,42.94,42.736
2016-05-10,40.23,44.01,44.68,44.345,44.211
2016-05-11,41.43,46.08,46.21,46.145,46.119
2016-05-12,43.33,46.43,46.64,46.535,46.493
2016-05-13,43.3,47.05,46.22,46.635,46.801
2016-05-16,44.37,48.49,47.72,48.105,48.259
2016-05-17,44.82,48.71,48.29,48.5,48.584
2016-05-18,44.88,48.93,48.12,48.525,48.687
2016-05-19,43.84,47.01,48.16,47.585,47.355
2016-05-20,44.77,48.54,47.67,48.105,48.279
2016-05-23,44.07,47.77,48.12,47.945,47.875
2016-05-24,44.02,48.42,48.04,48.23,48.306
2016-05-25,44.97,48.87,49.1,48.985,48.939
2016-05-26,45.43,49.52,49,49.26,49.364
2016-05-27,44.76,49.09,49.36,49.225,49.171
2016-05-30,44.8,,,,
2016-05-31,45.15,49.26,49.1,49.18,49.212
2016-06-01,45.28,48.81,49.07,48.94,48.888
2016-06-02,45.67,49.05,49.14,49.095,49.077
2016-06-03,45.82,48.5,48.69,48.595,48.557
2016-06-06,46.1,48.94,49.71,49.325,49.171
2016-06-07,46.63,49.76,50.37,50.065,49.943
2016-06-08,47.76,50.73,51.23,50.98,50.88
2016-06-09,48.02,50.59,50.52,50.555,50.569
2016-06-10,47.05,49.7,49.09,49.395,49.517
2016-06-13,46.25,49.36,48.89,49.125,49.219
2016-06-14,45.64,47.88,48.49,48.185,48.063
2016-06-15,45.36,47.47,47.92,47.695,47.605
2016-06-16,44.03,45.66,46.14,45.9,45.804
2016-06-17,44.18,46.57,48,47.285,46.999
2016-06-20,46.24,48.68,49.4,49.04,48.896
2016-06-21,46.02,48.18,48.95,48.565,48.411
2016-06-22,46.46,48.43,49.16,48.795,48.649
2016-06-23,46.16,48.63,49.34,48.985,48.843
2016-06-24,44.88,46.69,46.7,46.695,46.693
2016-06-27,44.32,45.07,45.8,45.435,45.289
2016-06-28,44.46,46.29,47.93,47.11,46.782
2016-06-29,45.82,48.4,49.85,49.125,48.835
2016-06-30,46.27,48.05,48.27,48.16,48.116
2016-07-01,45.42,47.65,49.02,48.335,48.061
2016-07-04,46.08,48.02,,,
2016-07-05,44.34,45.64,46.73,46.185,45.967
2016-07-06,44.35,45.7,47.37,46.535,46.201
2016-07-07,44.19,45.93,45.22,45.575,45.717
2016-07-08,42.59,44.53,45.37,44.95,44.782
2016-07-11,42.21,44.04,44.73,44.385,44.247
2016-07-12,43.22,46.72,46.82,46.77,46.75
2016-07-13,43.19,44.67,44.87,44.77,44.73
2016-07-14,42.88,46.01,45.64,45.825,45.899
2016-07-15,43.24,46.25,45.93,46.09,46.154
2016-07-18,43.36,45.35,45.23,45.29,45.314
2016-07-19,42.66,45.7,44.64,45.17,45.382
2016-07-20,42.73,45.82,44.96,45.39,45.562
2016-07-21,42.93,44.99,43.96,44.475,44.681
2016-07-22,41.71,44.24,43.41,43.825,43.991
2016-07-25,41.35,43.76,42.4,43.08,43.352
2016-07-26,40.62,43.56,42.16,42.86,43.14
2016-07-27,40.49,42.78,41.9,42.34,42.516
2016-07-28,39.79,41.87,41.13,41.5,41.648
2016-07-29,38.97,40.76,41.54,41.15,40.994
2016-08-01,39.1,40.17,40.05,40.11,40.134
2016-08-02,38.29,40,39.5,39.75,39.85
2016-08-03,38.43,40.45,40.8,40.625,40.555
2016-08-04,39.6,41.33,41.92,41.625,41.507
2016-08-05,40.08,42.47,41.83,42.15,42.278
2016-08-08,41.1,43.24,43.06,43.15,43.186
2016-08-09,41.08,43.37,42.78,43.075,43.193
2016-08-10,40.57,42.19,41.75,41.97,42.058
2016-08-11,40.62,44.23,43.51,43.87,44.014
2016-08-12,42.6,45.12,44.47,44.795,44.925
2016-08-15,43.92,47.31,45.72,46.515,46.833
2016-08-16,45.03,48.27,46.57,47.42,47.76
2016-08-17,45.34,48.58,46.81,47.695,48.049
2016-08-18,46.5,49.46,48.2,48.83,49.082
2016-08-19,46.82,49.39,48.48,48.935,49.117
2016-08-22,46.04,48.1,46.8,47.45,47.71
2016-08-23,45.34,48.7,47.54,48.12,48.352
2016-08-24,45.25,47.56,46.29,46.925,47.179
2016-08-25,45.28,49.25,46.97,48.11,48.566
2016-08-26,45.75,49.66,47.64,48.65,49.054
2016-08-29,45.44,49.66,46.97,48.315,48.853
2016-08-30,45.25,47.94,46.32,47.13,47.454
2016-08-31,43.91,47.94,44.68,46.31,46.962
2016-09-01,42,45.05,43.17,44.11,44.486
2016-09-02,41.47,45.96,44.39,45.175,45.489
2016-09-05,43.54,46.72,,,
2016-09-06,42.75,46.21,44.85,45.53,45.802
2016-09-07,43.18,47,45.47,46.235,46.541
2016-09-08,44.61,49.23,47.63,48.43,48.75
2016-09-09,44.55,48.37,45.88,47.125,47.623
2016-09-12,44.53,47.82,46.28,47.05,47.358
2016-09-13,42.91,46.48,44.91,45.695,46.009
2016-09-14,42.56,45.65,43.62,44.635,45.041
2016-09-15,41.67,45.83,43.85,44.84,45.236
2016-09-16,41.74,45.26,43.04,44.15,44.594
2016-09-19,42.09,46.04,43.34,44.69,45.23
2016-09-20,41.55,45.24,43.85,44.545,44.823
2016-09-21,42.54,45.99,45.33,45.66,45.792
2016-09-22,43.27,47.21,46.1,46.655,46.877
2016-09-23,42.89,46.71,44.36,45.535,46.005
2016-09-26,42.16,46.61,45.6,46.105,46.307
2016-09-27,42.3,44.95,44.65,44.8,44.86
2016-09-28,42.21,45.49,47.07,46.28,45.964
2016-09-29,44.34,48.43,47.72,48.075,48.217
2016-09-30,44.63,48.24,47.72,47.98,48.084
2016-10-03,46.65,48.61,48.8,48.705,48.667
2016-10-04,46.72,48.81,48.67,48.74,48.768
2016-10-05,47.75,49.57,49.75,49.66,49.624
2016-10-06,47.86,50.14,50.44,50.29,50.23
2016-10-07,48.59,50.49,49.76,50.125,50.271
2016-10-10,48.31,51.54,49.76,50.65,51.006
2016-10-11,48.81,50.48,50.72,50.6,50.552
2016-10-12,48.68,49.53,50.14,49.835,49.713
2016-10-13,48.07,49.29,50.47,49.88,49.644
2016-10-14,48.63,48.87,50.35,49.61,49.314
2016-10-17,48.22,49.31,49.97,49.64,49.508
2016-10-18,48.24,49.81,50.3,50.055,49.957
2016-10-19,49.06,51.85,51.59,51.72,51.772
2016-10-20,48.51,50.42,50.31,50.365,50.387
2016-10-21,48.08,50.28,50.61,50.445,50.379
2016-10-24,48.15,49.8,50.18,49.99,49.914
2016-10-25,47.83,49.08,49.45,49.265,49.191
2016-10-26,46.96,48.98,48.75,48.865,48.911
2016-10-27,47.23,49.13,49.71,49.42,49.304
2016-10-28,47.04,47.78,48.72,48.25,48.062
2016-10-31,45.83,46.2,46.83,46.515,46.389
2016-11-01,44.51,45.77,46.66,46.215,46.037
2016-11-02,43.1,44.26,45.32,44.79,44.578
2016-11-03,42.62,43.84,44.66,44.25,44.086
2016-11-04,41.85,43.06,44.07,43.565,43.363
2016-11-07,41.98,42.83,44.88,43.855,43.445
2016-11-08,42.22,43.47,44.96,44.215,43.917
2016-11-09,41.9,43.88,45.2,44.54,44.276
2016-11-10,42.67,43.67,44.62,44.145,43.955
2016-11-11,41.54,41.61,43.39,42.5,42.144
2016-11-14,40.94,41.83,43.29,42.56,42.268
2016-11-15,41.84,44.15,45.86,45.005,44.663
2016-11-16,42.9,45.07,45.56,45.315,45.217
2016-11-17,42.83,44.57,45.37,44.97,44.81
2016-11-18,42.33,44.41,45.69,45.05,44.794
2016-11-21,44.34,45.96,47.48,46.72,46.416
2016-11-22,45.25,46.1,48.07,47.085,46.691
2016-11-23,45.37,46.54,46.72,46.63,46.594
2016-11-24,45.22,47.54,,,
2016-11-25,44.88,46.32,46.72,46.52,46.44
2016-11-28,43.84,46.64,45.66,46.15,46.346
2016-11-29,43.87,44.68,45.29,44.985,44.863
2016-11-30,44.8,47.95,49.41,48.68,48.388
2016-12-01,49.28,52.28,51.08,51.68,51.92
2016-12-02,50.42,52.35,51.7,52.025,52.155
2016-12-05,51.25,53.3,51.72,52.51,52.826
2016-12-06,50.98,52.31,50.95,51.63,51.902
2016-12-07,50.22,51.9,49.85,50.875,51.285
2016-12-08,50.04,51.6,50.84,51.22,51.372
2016-12-09,50.95,52.19,51.51,51.85,51.986
2016-12-12,53.24,53.99,52.74,53.365,53.615
2016-12-13,52.39,53.28,52.99,53.135,53.193
2016-12-14,51.83,53.15,51.01,52.08,52.508
2016-12-15,50.96,51.72,50.9,51.31,51.474
2016-12-16,51.29,54.15,51.93,53.04,53.484
2016-12-19,52.18,53.53,52.13,52.83,53.11
2016-12-20,51.99,54.56,52.22,53.39,53.858
2016-12-21,52.25,53.01,51.44,52.225,52.539
2016-12-22,51.73,54.04,51.98,53.01,53.422
2016-12-23,51.74,53.93,52.01,52.97,53.354
2016-12-27,52.25,,52.82,,
2016-12-28,53.39,54.95,54.01,54.48,54.668
2016-12-29,53.46,54.97,53.8,54.385,54.619
2016-12-30,53.3,54.96,53.75,54.355,54.597
2017-01-03,53.13,55.05,52.36,53.705,54.243
2017-01-04,52.71,54.57,53.26,53.915,54.177
2017-01-05,53.02,54.99,53.77,54.38,54.624
2017-01-06,53.5,55.9,53.98,54.94,55.324
2017-01-09,52.85,54.39,51.95,53.17,53.658
2017-01-10,51.46,53.2,50.82,52.01,52.486
2017-01-11,50.98,53.61,52.19,52.9,53.184
2017-01-12,52.3,54.51,53.01,53.76,54.06
2017-01-13,52.64,54.37,52.36,53.365,53.767
2017-01-16,52.17,54.3,,,
2017-01-17,52.6,54.68,52.45,53.565,54.011
2017-01-18,52.22,53.77,51.12,52.445,52.975
2017-01-19,51.45,53.18,51.39,52.285,52.643
2017-01-20,51.8,55.04,52.33,53.685,54.227
2017-01-23,52.1,54.8,52.77,53.785,54.191
2017-01-24,52.51,54.7,52.38,53.54,54.004
2017-01-25,52.14,54.34,52.14,53.24,53.68
2017-01-26,52.91,55.89,53.24,54.565,55.095
2017-01-27,52.88,54.8,53.18,53.99,54.314
2017-01-30,52.78,54.77,52.63,53.7,54.128
2017-01-31,52.19,55.25,52.75,54,54.5
2017-02-01,52.76,55.79,53.9,54.845,55.223
2017-02-02,53.93,55.94,53.55,54.745,55.223
2017-02-03,54.24,55.92,53.81,54.865,55.287
2017-02-06,53.77,55.02,53.01,54.015,54.417
2017-02-07,52.78,53.79,52.19,52.99,53.31
2017-02-08,52.13,54.42,52.37,53.395,53.805
2017-02-09,52.76,53.98,52.99,53.485,53.683
2017-02-10,53.23,55.2,53.84,54.52,54.792
2017-02-13,53.47,54.15,52.96,53.555,53.793
2017-02-14,53.31,54.96,53.21,54.085,54.435
2017-02-15,53.1,54.57,53.11,53.84,54.132
2017-02-16,53.14,54.16,53.41,53.785,53.935
2017-02-17,53.11,54.48,53.41,53.945,54.159
2017-02-20,53.49,55.25,,,
2017-02-21,53.88,56.34,54.02,55.18,55.644
2017-02-22,53.48,54.9,53.61,54.255,54.513
2017-02-23,53.95,55.82,54.48,55.15,55.418
2017-02-24,53.61,54.69,53.99,54.34,54.48
2017-02-27,53.85,54.65,54.04,54.345,54.467
2017-02-28,53.4,53.36,54,53.68,53.552
2017-03-01,54.15,55.72,53.82,54.77,55.15
2017-03-02,53.74,54.16,52.63,53.395,53.701
2017-03-03,53.01,54.12,53.33,53.725,53.883
2017-03-06,53.13,54.73,53.19,53.96,54.268
2017-03-07,53.54,54.61,52.68,53.645,54.031
2017-03-08,52.69,53.3,49.83,51.565,52.259
2017-03-09,50.82,50.65,48.75,49.7,50.08
2017-03-10,49.81,50.63,48.05,49.34,49.856
2017-03-13,49,50.1,47.95,49.025,49.455
2017-03-14,48.63,49.6,47.24,48.42,48.892
2017-03-15,49.17,50.63,48.34,49.485,49.943
2017-03-16,49.7,50.56,48.3,49.43,49.882
2017-03-17,49.36,50.58,48.34,49.46,49.908
2017-03-20,49.18,50.67,47.79,49.23,49.806
2017-03-21,49.23,50.14,47.02,48.58,49.204
2017-03-22,48.28,49.56,47.29,48.425,48.879
2017-03-23,48.35,50.17,47,48.585,49.219
2017-03-24,48.26,49.97,47.3,48.635,49.169
2017-03-27,48.25,50.12,47.02,48.57,49.19
2017-03-28,48.84,50.72,48.36,49.54,50.012
2017-03-29,49.54,51.36,49.47,50.415,50.793
2017-03-30,50.2,52.25,50.3,51.275,51.665
2017-03-31,50.43,52.2,50.54,51.37,51.702
2017-04-03,50.69,52.04,50.25,51.145,51.503
2017-04-04,50.6,53.08,50.99,52.035,52.453
2017-04-05,51.96,53.41,51.14,52.275,52.729
2017-04-06,51.84,53.62,51.69,52.655,53.041
2017-04-07,52.92,54.24,52.25,53.245,53.643
2017-04-10,53.14,54.79,53.06,53.925,54.271
2017-04-11,53.37,54.73,53.38,54.055,54.325
2017-04-12,53.69,54.75,53.12,53.935,54.261
2017-04-13,53.38,55.05,53.19,54.12,54.492
2017-04-17,52.96,54.79,52.62,53.705,54.139
2017-04-18,52.3,52.6,52.46,52.53,52.558
2017-04-19,51.9,52.43,50.49,51.46,51.848
2017-04-20,50.49,50.66,50.26,50.46,50.54
2017-04-21,50.01,49.93,49.64,49.785,49.843
2017-04-24,49.66,49.45,48.9,49.175,49.285
2017-04-25,49.22,49.37,49.22,49.295,49.325
2017-04-26,49.65,49.99,49.22,49.605,49.759
2017-04-27,48.9,49.46,48.96,49.21,49.31
2017-04-28,49.33,49.46,49.31,49.385,49.415
2017-05-01,49.19,50.41,48.83,49.62,49.936
2017-05-02,49.02,49.31,47.65,48.48,48.812
2017-05-03,48.38,48.82,47.79,48.305,48.511
2017-05-04,47.49,47.53,45.55,46.54,46.936
2017-05-05,46.6,47.45,46.23,46.84,47.084
2017-05-08,46.91,46.61,46.46,46.535,46.565
2017-05-09,46.88,47.06,45.84,46.45,46.694
2017-05-10,47.35,48.09,47.28,47.685,47.847
2017-05-11,48.41,49.18,47.81,48.495,48.769
2017-05-12,48.31,49.08,47.83,48.455,48.705
2017-05-15,49.77,51.29,48.86,50.075,50.561
2017-05-16,49.75,51.21,48.64,49.925,50.439
2017-05-17,49.48,51.76,49.04,50.4,50.944
2017-05-18,49.91,51.71,49.36,50.535,51.005
2017-05-19,50.91,52.78,50.32,51.55,52.042
2017-05-22,51.54,53.35,50.81,52.08,52.588
2017-05-23,51.34,53.19,51.12,52.155,52.569
2017-05-24,51.96,53.29,50.99,52.14,52.6
2017-05-25,51.24,52.25,48.57,50.41,51.146
2017-05-26,49.48,50.84,49.58,50.21,50.462
2017-05-29,49.67,52.25,,,
2017-05-30,49.39,50.65,49.63,50.14,50.344
2017-05-31,48.69,49.4,48.29,48.845,49.067
2017-06-01,48.85,50.41,48.32,49.365,49.783
2017-06-02,47.33,48.46,47.68,48.07,48.226
2017-06-05,47.37,48.25,47.4,47.825,47.995
2017-06-06,46.98,48.11,48.13,48.12,48.116
2017-06-07,46.78,47.08,45.8,46.44,46.696
2017-06-08,45.78,46.3,45.68,45.99,46.114
2017-06-09,45.49,46.64,45.82,46.23,46.394
2017-06-12,45.94,47.18,46.1,46.64,46.856
2017-06-13,46.01,46.95,46.41,46.68,46.788
2017-06-14,45.16,45.47,44.79,45.13,45.266
2017-06-15,44.38,45.61,44.47,45.04,45.268
2017-06-16,44.58,45.7,44.73,45.215,45.409
2017-06-19,44.46,45.93,44.24,45.085,45.423
2017-06-20,43.9,43.98,43.34,43.66,43.788
2017-06-21,43.14,44.62,42.48,43.55,43.978
2017-06-22,42.58,44.46,42.53,43.495,43.881
2017-06-23,43.02,44.14,42.86,43.5,43.756
2017-06-26,43.14,44.09,43.24,43.665,43.835
2017-06-27,44.23,46.17,44.25,45.21,45.594
2017-06-28,44.48,46.45,44.74,45.595,45.937
2017-06-29,45.36,47.02,44.88,45.95,46.378
2017-06-30,45.63,47.08,46.02,46.55,46.762
2017-07-03,47.17,49.13,,,
2017-07-04,47.57,49.15,,,
2017-07-05,47.04,47.58,45.11,46.345,46.839
2017-07-06,46.52,48.53,45.52,47.025,47.627
2017-07-07,45.11,46.47,44.25,45.36,45.804
2017-07-10,44.77,46.57,44.4,45.485,45.919
2017-07-11,44.79,46.68,45.06,45.87,46.194
2017-07-12,46.02,46.73,45.48,46.105,46.355
2017-07-13,45.66,47.65,46.06,46.855,47.173
2017-07-14,46.4,47.89,46.53,47.21,47.482
2017-07-17,46.8,47.66,46.02,46.84,47.168
2017-07-18,46.45,47.92,46.4,47.16,47.464
2017-07-19,46.85,48.34,47.1,47.72,47.968
2017-07-20,47.48,48.54,46.73,47.635,47.997
2017-07-21,46.99,47.47,45.78,46.625,46.963
2017-07-24,46.01,47.81,46.21,47.01,47.33
2017-07-25,47.11,49.19,47.77,48.48,48.764
2017-07-26,48.51,50.08,48.58,49.33,49.63
2017-07-27,48.88,50.67,49.05,49.86,50.184
2017-07-28,49.46,52,49.72,50.86,51.316
2017-07-31,49.97,51.99,50.21,51.1,51.456
2017-08-01,49.61,50.77,49.19,49.98,50.296
2017-08-02,49.75,52.09,49.6,50.845,51.343
2017-08-03,50.26,52.88,49.03,50.955,51.725
2017-08-04,49.96,52.48,49.57,51.025,51.607
2017-08-07,50.06,51.42,49.37,50.395,50.805
2017-08-08,50.5,52.18,49.07,50.625,51.247
2017-08-09,50.48,52.16,49.59,50.875,51.389
2017-08-10,50.7,52.59,48.54,50.565,51.375
2017-08-11,49.37,51.47,48.81,50.14,50.672
2017-08-14,49.46,51.29,47.59,49.44,50.18
2017-08-15,48.45,49.9,47.57,48.735,49.201
2017-08-16,48.69,50.39,46.8,48.595,49.313
2017-08-17,48.07,50.37,47.07,48.72,49.38
2017-08-18,48.86,50.96,48.59,49.775,50.249
2017-08-21,49.8,51.94,47.39,49.665,50.575
2017-08-22,49.5,52.29,47.65,49.97,50.898
2017-08-23,49.49,52.31,48.45,50.38,51.152
2017-08-24,49.76,51.73,47.24,49.485,50.383
2017-08-25,49.93,51.87,47.65,49.76,50.604
2017-08-28,49.86,51.87,46.4,49.135,50.229
2017-08-29,49.51,51.64,46.46,49.05,50.086
2017-08-30,49.41,51.91,45.96,48.935,50.125
2017-08-31,49.36,52.69,47.26,49.975,51.061
2017-09-01,49.68,53.15,47.32,50.235,51.401
2017-09-04,50.36,52.6,,,
2017-09-05,50.99,53.63,48.63,51.13,52.13
2017-09-06,52.04,54.48,49.13,51.805,52.875
2017-09-07,52.48,54.16,49.1,51.63,52.642
2017-09-08,52.53,54.55,47.44,50.995,52.417
2017-09-11,51.82,54.2,48.06,51.13,52.358
2017-09-12,52.08,55.06,48.21,51.635,53.005
2017-09-13,52.92,55.52,49.3,52.41,53.654
2017-09-14,53.63,56.76,49.86,53.31,54.69
2017-09-15,53.64,56.18,49.9,53.04,54.296
2017-09-18,53.78,55.5,49.88,52.69,53.814
2017-09-19,53.81,56.58,49.54,53.06,54.468
2017-09-20,54.06,57.2,50.29,53.745,55.127
2017-09-21,54.59,57.73,50.58,54.155,55.585
2017-09-22,54.84,58.16,50.33,54.245,55.811
2017-09-25,55.62,59.42,51.85,55.635,57.149
2017-09-26,56.43,59.77,51.59,55.68,57.316
2017-09-27,56.07,58.74,52.14,55.44,56.76
2017-09-28,55.59,58.8,51.62,55.21,56.646
2017-09-29,55.2,57.02,51.67,54.345,55.415
2017-10-02,54.6,55.67,50.59,53.13,54.146
2017-10-03,54.28,56.12,50.44,53.28,54.416
2017-10-04,53.93,56,50,53,54.2
2017-10-05,54.62,57.09,50.79,53.94,55.2
2017-10-06,54.47,55.5,49.34,52.42,53.652
2017-10-09,53.7,55.29,49.58,52.435,53.577
2017-10-10,54.23,56.62,50.93,53.775,54.913
2017-10-11,54.54,56.13,51.3,53.715,54.681
2017-10-12,54.44,56.13,50.61,53.37,54.474
2017-10-13,55.12,56.86,51.43,54.145,55.231
2017-10-16,55.74,57.49,51.86,54.675,55.801
2017-10-17,55.83,57.63,51.87,54.75,55.902
2017-10-18,56.12,58.05,52.05,55.05,56.25
2017-10-19,55.52,57.82,51.29,54.555,55.861
2017-10-20,55.41,57.89,51.63,54.76,56.012
2017-10-23,55.77,57.69,51.91,54.8,55.956
2017-10-24,55.59,57.84,52.32,55.08,56.184
2017-10-25,56.33,58.45,51.97,55.21,56.506
2017-10-26,56.45,58.75,52.41,55.58,56.848
2017-10-27,57.55,60.15,53.92,57.035,58.281
2017-10-30,58.27,60.65,54.11,57.38,58.688
2017-10-31,58.53,61.35,54.36,57.855,59.253
2017-11-01,59.21,60.98,54.32,57.65,58.982
2017-11-02,58.45,60.79,54.55,57.67,58.918
2017-11-03,59.12,61.42,55.63,58.525,59.683
2017-11-06,61.02,64.27,57.34,60.805,62.191
2017-11-07,62.07,64.36,57.19,60.775,62.209
2017-11-08,61.61,63.96,56.82,60.39,61.818
2017-11-09,61.7,64.49,57.16,60.825,62.291
2017-11-10,61.91,64.35,56.75,60.55,62.07
2017-11-13,61.27,62.94,56.77,59.855,61.089
2017-11-14,60.52,60.91,55.67,58.29,59.338
2017-11-15,59.79,61.25,55.28,58.265,59.459
2017-11-16,59.98,61.18,55.14,58.16,59.368
2017-11-17,59.9,61.34,56.21,58.775,59.801
2017-11-20,60.33,61.34,56.21,58.775,59.801
2017-11-21,60.49,62.28,56.84,59.56,60.648
2017-11-22,61.09,62.92,57.88,60.4,61.408
2017-11-23,61.14,63.27,,,
2017-11-24,61.64,63.58,58.94,61.26,62.188
2017-11-27,61.51,63.25,58.1,60.675,61.705
2017-11-28,61.31,63.56,57.96,60.76,61.88
2017-11-29,61.14,63.74,57.25,60.495,61.793
2017-11-30,61.06,63.53,57.4,60.465,61.691
2017-12-01,61.71,64.57,58.35,61.46,62.704
2017-12-04,61.45,63.45,57.48,60.465,61.659
2017-12-05,60.87,63.45,57.66,60.555,61.713
2017-12-06,60.73,62.25,55.79,59.02,60.312
2017-12-07,60.12,62.37,56.5,59.435,60.609
2017-12-08,61.03,63.86,57.15,60.505,61.847
2017-12-11,61.94,65.62,57.84,61.73,63.286
2017-12-12,62.75,64.96,57.12,61.04,62.608
2017-12-13,61.5,63.66,56.59,60.125,61.539
2017-12-14,60.87,63.72,57,60.36,61.704
2017-12-15,61.48,63.81,57.29,60.55,61.854
2017-12-18,61.64,64.45,57.17,60.81,62.266
2017-12-19,61.72,63.69,57.49,60.59,61.83
2017-12-20,62.16,64.43,58.09,61.26,62.528
2017-12-21,62.66,64.64,58.34,61.49,62.75
2017-12-22,62.66,64.61,58.25,61.43,62.702
2017-12-26,63.07,,59.55,,
2017-12-27,64.24,66.03,59.67,62.85,64.122
2017-12-28,64.17,66.8,59.84,63.32,64.712
2017-12-29,64.47,66.73,60.46,63.595,64.849
2018-01-02,64.84,66.65,60.37,63.51,64.766
2018-01-03,65.13,67.85,61.61,64.73,65.978
2018-01-04,66.13,68.73,61.98,65.355,66.705
2018-01-05,65.86,68.01,61.49,64.75,66.054
2018-01-08,65.85,68.48,61.73,65.105,66.455
2018-01-09,66.39,69.08,62.92,66,67.232
2018-01-10,67.24,69.79,63.6,66.695,67.933
2018-01-11,67.38,70.36,63.81,67.085,68.395
2018-01-12,67.17,69.64,64.22,66.93,68.014
2018-01-15,67.78,70.31,,,
2018-01-16,67.54,69.4,63.82,66.61,67.726
2018-01-17,67.07,69.19,63.92,66.555,67.609
2018-01-18,67.2,69.48,63.96,66.72,67.824
2018-01-19,66.48,68.56,63.38,65.97,67.006
2018-01-22,66.89,69.32,63.66,66.49,67.622
2018-01-23,67.32,69.81,64.45,67.13,68.202
2018-01-24,67.61,69.91,65.69,67.8,68.644
2018-01-25,68.46,71.08,65.62,68.35,69.442
2018-01-26,67.94,70.08,66.27,68.175,68.937
2018-01-29,67.6,68.41,65.71,67.06,67.6
2018-01-30,66.6,67.78,64.64,66.21,66.838
2018-01-31,66.28,67.78,64.82,66.3,66.892
2018-02-01,66.88,68.6,65.92,67.26,67.796
2018-02-02,67.11,67.45,65.5,66.475,66.865
2018-02-05,65.75,67.69,64.18,65.935,66.637
2018-02-06,64.89,66.75,63.48,65.115,65.769
2018-02-07,64.36,65.74,61.91,63.825,64.591
2018-02-08,62.74,64.26,61.3,62.78,63.372
2018-02-09,61.57,63.04,59.2,61.12,61.888
2018-02-12,61.04,62.2,59.41,60.805,61.363
2018-02-13,60.52,61.94,59.33,60.635,61.157
2018-02-14,60.62,62.29,60.7,61.495,61.813
2018-02-15,62.09,62.86,61.48,62.17,62.446
2018-02-16,62.41,64.3,61.89,63.095,63.577
2018-02-19,62.89,64.95,,,
2018-02-20,62.81,64.68,61.91,63.295,63.849
2018-02-21,62.5,64.81,61.73,63.27,63.886
2018-02-22,63.08,66.12,62.72,64.42,65.1
2018-02-23,64.15,67.04,63.52,65.28,65.984
2018-02-26,65.18,67.96,63.81,65.885,66.715
2018-02-27,64.99,67.59,62.94,65.265,66.195
2018-02-28,63.97,66.08,61.43,63.755,64.685
2018-03-01,62.17,64.23,60.98,62.605,63.255
2018-03-02,61.57,64.26,61.19,62.725,63.339
2018-03-05,62.87,65.78,62.49,64.135,64.793
2018-03-06,63.24,65.67,62.54,64.105,64.731
2018-03-07,62.68,65.09,61.09,63.09,63.89
2018-03-08,61.85,63.87,60.13,62,62.748
2018-03-09,61.95,65.19,62.02,63.605,64.239
2018-03-12,62.53,64.53,61.35,62.94,63.576
2018-03-13,62.15,64.2,60.69,62.445,63.147
2018-03-14,61.97,63.61,60.89,62.25,62.794
2018-03-15,62.24,63.67,61.16,62.415,62.917
2018-03-16,62.74,64.68,62.29,63.485,63.963
2018-03-19,63.31,64.82,62.01,63.415,63.977
2018-03-20,64.11,66,63.37,64.685,65.211
2018-03-21,65.39,68.15,65.1,66.625,67.235
2018-03-22,66.19,68.98,64.25,66.615,67.561
2018-03-23,66.4,69.03,65.8,67.415,68.061
2018-03-26,66.81,68.81,65.49,67.15,67.814
2018-03-27,66.81,68.63,65.21,66.92,67.604
2018-03-28,66.06,68.13,64.3,66.215,66.981
2018-03-29,65.87,69.02,64.87,66.945,67.775
2018-04-02,66.08,,63.05,,
2018-04-03,64.97,69.02,63.41,66.215,67.337
2018-04-04,64.48,66.04,63.35,64.695,65.233
2018-04-05,65.17,66.54,63.53,65.035,65.637
2018-04-06,64.81,66.51,62.03,64.27,65.166
2018-04-09,65.08,68.19,63.4,65.795,66.753
2018-04-10,66.95,70.67,65.48,68.075,69.113
2018-04-11,68.29,72.74,66.81,69.775,70.961
2018-04-12,68.74,71.44,67.07,69.255,70.129
2018-04-13,69.29,73.18,67.35,70.265,71.431
2018-04-16,68.41,72.05,66.23,69.14,70.304
2018-04-17,68.36,71.71,66.5,69.105,70.147
2018-04-18,69.39,73.73,68.44,71.085,72.143
2018-04-19,70.96,74.85,68.3,71.575,72.885
2018-04-20,70.37,74.62,68.26,71.44,72.712
2018-04-23,70.51,74.54,67.61,71.075,72.461
2018-04-24,71.35,75.86,67.66,71.76,73.4
2018-04-25,70.5,73.79,68,70.895,72.053
2018-04-26,71,75.39,68.18,71.785,73.227
2018-04-27,71.24,75.33,68.11,71.72,73.164
2018-04-30,71.02,75.92,68.56,72.24,73.712
2018-05-01,70.57,74.85,67.28,71.065,72.579
2018-05-02,70.46,73.14,67.91,70.525,71.571
2018-05-03,70.64,73.45,68.45,70.95,71.95
2018-05-04,70.98,74.75,69.71,72.23,73.238
2018-05-07,72.44,,70.74,,
2018-05-08,72.1,74.16,68.83,71.495,72.561
2018-05-09,73.95,77.6,71.16,74.38,75.668
2018-05-10,74.45,77.59,71.36,74.475,75.721
2018-05-11,74.41,77.37,70.69,74.03,75.366
2018-05-14,74.2,78.17,71.01,74.59,76.022
2018-05-15,75.47,78.94,71.34,75.14,76.66
2018-05-16,75.18,78.19,71.43,74.81,76.162
2018-05-17,76.76,80.09,71.47,75.78,77.504
2018-05-18,76.47,78.38,71.23,74.805,76.235
2018-05-21,76.22,78.34,72.26,75.3,76.516
2018-05-22,77.19,80.42,72.09,76.255,77.921
2018-05-23,76.43,78.69,71.85,75.27,76.638
2018-05-24,76.62,78.9,70.77,74.835,76.461
2018-05-25,74.87,76.6,67.92,72.26,73.996
2018-05-28,73.37,,,,
2018-05-29,72.91,74.51,66.8,70.655,72.197
2018-05-30,73.73,75.89,68.24,72.065,73.595
2018-05-31,75.18,76.45,66.98,71.715,73.609
2018-06-01,74.25,74.54,65.81,70.175,71.921
2018-06-04,73.57,73.41,64.76,69.085,70.815
2018-06-05,72.8,72.91,65.51,69.21,70.69
2018-06-06,73.07,73.23,64.75,68.99,70.686
2018-06-07,73.63,75.23,65.96,70.595,72.449
2018-06-08,74.23,75.11,65.77,70.44,72.308
2018-06-11,73.97,74.58,66.1,70.34,72.036
2018-06-12,74.12,74.86,66.38,70.62,72.316
2018-06-13,73.36,75.07,66.63,70.85,72.538
2018-06-14,73.81,74.77,66.91,70.84,72.412
2018-06-15,72.8,72.02,65.01,68.515,69.917
2018-06-18,71.1,74.87,65.91,70.39,72.182
2018-06-19,71.88,74.92,65.09,70.005,71.971
2018-06-20,72.49,74.25,65.92,70.085,71.751
2018-06-21,70.96,72.87,65.68,69.275,70.713
2018-06-22,71.89,73.67,69.02,71.345,72.275
2018-06-25,72.16,72.82,69.91,71.365,71.947
2018-06-26,72.69,73.58,75.23,74.405,74.075
2018-06-27,74.31,76.09,77.41,76.75,76.486
2018-06-28,74.86,76.26,73.45,74.855,75.417
2018-06-29,75.68,77.44,74.13,75.785,76.447
2018-07-02,75.61,76.71,73.89,75.3,75.864
2018-07-03,74.96,75.87,74.19,75.03,75.366
2018-07-04,75.38,76.99,,,
2018-07-05,75.21,77.09,73.05,75.07,75.878
2018-07-06,74.5,74.98,73.78,74.38,74.62
2018-07-09,75.23,77.08,73.93,75.505,76.135
2018-07-10,76.34,77.8,74.11,75.955,76.693
2018-07-11,74.4,75.35,70.47,72.91,73.886
2018-07-12,72.15,72.11,70.28,71.195,71.561
2018-07-13,72.15,74.11,71.03,72.57,73.186
2018-07-16,71.9,71.03,68.22,69.625,70.187
2018-07-17,70.38,70.87,68.03,69.45,70.018
2018-07-18,69.98,70.52,68.78,69.65,69.998
2018-07-19,70.91,71.94,69.42,70.68,71.184
2018-07-20,71.57,71.99,70.31,71.15,71.486
2018-07-23,71.85,73.45,67.9,70.675,71.785
2018-07-24,72.01,73.53,70.77,72.15,72.702
2018-07-25,72.87,73.67,71.13,72.4,72.908
2018-07-26,73.62,74.51,71.59,73.05,73.634
2018-07-27,73.69,74.84,68.66,71.75,72.986
2018-07-30,73.53,74.99,71.19,73.09,73.85
2018-07-31,73.62,74.16,69.88,72.02,72.876
2018-08-01,72,72.28,68.8,70.54,71.236
2018-08-02,71.52,72.95,68.95,70.95,71.75
2018-08-03,71.98,72.48,68.49,70.485,71.283
2018-08-06,72.18,72.51,69.01,70.76,71.46
2018-08-07,72.49,72.31,69.17,70.74,71.368
2018-08-08,72.1,70.71,66.92,68.815,69.573
2018-08-09,72.03,70.55,66.81,68.68,69.428
2018-08-10,70.6,71,67.61,69.305,69.983
2018-08-13,70.97,70.62,67.25,68.935,69.609
2018-08-14,71.33,70.77,67.04,68.905,69.651
2018-08-15,69.77,68.38,65.07,66.725,67.387
2018-08-16,69.47,69.21,65.44,67.325,68.079
2018-08-17,70.27,70.14,65.93,68.035,68.877
2018-08-20,70.64,71.11,66.5,68.805,69.727
2018-08-21,71.01,71.65,67.32,69.485,70.351
2018-08-22,71.75,72.96,67.85,70.405,71.427
2018-08-23,73.01,73.73,69.13,71.43,72.35
2018-08-24,74.02,74.41,69.71,72.06,73
2018-08-27,74.09,74.41,69.97,72.19,73.078
2018-08-28,74.75,75.91,68.54,72.225,73.699
2018-08-29,74.48,76.07,69.68,72.875,74.153
2018-08-30,75.72,77.05,70.25,73.65,75.01
2018-08-31,75.74,76.94,69.84,73.39,74.81
2018-09-03,75.77,77.81,,,
2018-09-04,76.32,77.51,69.82,73.665,75.203
2018-09-05,75.18,76.68,68.69,72.685,74.283
2018-09-06,74.51,75.67,67.81,71.74,73.312
2018-09-07,74.17,75.55,67.73,71.64,73.204
2018-09-10,75.2,76.77,67.55,72.16,74.004
2018-09-11,76.02,78.22,69.29,73.755,75.541
2018-09-12,77.16,80.02,70.37,75.195,77.125
2018-09-13,76.46,77.66,68.6,73.13,74.942
2018-09-14,76.05,77.87,68.98,73.425,75.203
2018-09-17,76.19,78.22,68.86,73.54,75.412
2018-09-18,76.09,79.25,69.87,74.56,76.436
2018-09-19,77.06,79.43,71.08,75.255,76.925
2018-09-20,77.13,79.03,70.77,74.9,76.552
2018-09-21,77.08,78.9,70.8,74.85,76.47
2018-09-24,78.81,80.89,73.23,77.06,78.592
2018-09-25,80.44,82.21,73.4,77.805,79.567
2018-09-26,81.58,81.87,72.22,77.045,78.975
2018-09-27,80.88,81.54,72.18,76.86,78.732
2018-09-28,81.48,82.72,73.16,77.94,79.852
2018-10-01,81.58,84.94,75.37,80.155,82.069
2018-10-02,83.28,85.63,75.16,80.395,82.489
2018-10-03,83.64,85.45,76.4,80.925,82.735
2018-10-04,84.09,86.07,74.44,80.255,82.581
2018-10-05,83.24,85.12,74.26,79.69,81.862
2018-10-08,81.88,84.22,74.27,79.245,81.235
2018-10-09,83.17,85.16,74.95,80.055,82.097
2018-10-10,82.6,83.82,73.18,78.5,80.628
2018-10-11,80.14,81.35,70.97,76.16,78.236
2018-10-12,79.36,80.71,71.41,76.06,77.92
2018-10-15,79.31,80.91,71.84,76.375,78.189
2018-10-16,79.02,80.53,71.93,76.23,77.95
2018-10-17,79.5,79.91,69.63,74.77,76.826
2018-10-18,78.25,80.3,68.63,74.465,76.799
2018-10-19,78.15,80.38,69.16,74.77,77.014
2018-10-22,78.68,80.45,69.25,74.85,77.09
2018-10-23,77.11,78.67,66.49,72.58,75.016
2018-10-24,75.04,77.34,66.56,71.95,74.106
2018-10-25,75.33,77.3,67.25,72.275,74.285
2018-10-26,75.71,77.4,67.58,72.49,74.454
2018-10-29,76.07,77.56,67,72.28,74.392
2018-10-30,75.51,75.68,66.18,70.93,72.83
2018-10-31,75.24,74.84,65.31,70.075,71.981
2018-11-01,72.64,71.25,63.67,67.46,68.976
2018-11-02,71.35,71.11,63.12,67.115,68.713
2018-11-05,71.45,72.68,63.12,67.9,69.812
2018-11-06,70.88,70.64,62.16,66.4,68.096
2018-11-07,70.63,70.1,61.69,65.895,67.577
2018-11-08,70.68,69.29,60.71,65,66.716
2018-11-09,68.89,69.01,60.19,64.6,66.364
2018-11-12,69.82,69.81,59.85,64.83,66.822
2018-11-13,67.01,65.45,55.63,60.54,62.504
2018-11-14,64.51,64.88,56.16,60.52,62.264
2018-11-15,65.28,65.61,56.45,61.03,62.862
2018-11-16,66,65.29,56.49,60.89,62.65
2018-11-19,65.46,64.14,57.16,60.65,62.046
2018-11-20,64.02,61.5,53.39,57.445,59.067
2018-11-21,62.33,61.65,54.41,58.03,59.478
2018-11-22,62.08,61.11,,,
2018-11-23,60.27,57.69,,,
2018-11-26,59.29,59.7,51.46,55.58,57.228
2018-11-27,59.05,59.58,51.31,55.445,57.099
2018-11-28,59.25,57.97,50.06,54.015,55.597
2018-11-29,58.09,58.29,51.46,54.875,56.241
2018-11-30,58.33,57.71,50.78,54.245,55.631
2018-12-03,60.57,60.17,52.98,56.575,58.013
2018-12-04,61.09,61.22,53.21,57.215,58.817
2018-12-05,60.08,61.4,52.64,57.02,58.772
2018-12-06,58.79,57.83,51.54,54.685,55.943
2018-12-07,59.2,61.71,52.76,57.235,59.025
2018-12-10,59.72,60.29,51.07,55.68,57.524
2018-12-11,58.57,59.73,51.65,55.69,57.306
2018-12-12,59.2,59.94,51.04,55.49,57.27
2018-12-13,58.67,59.03,52.69,55.86,57.128
2018-12-14,59.07,58.56,51.26,54.91,56.37
2018-12-17,58.24,57.59,49.8,53.695,55.253
2018-12-18,56.08,55.26,46.12,50.69,52.518
2018-12-19,55.13,55.6,47.96,51.78,53.308
2018-12-20,53.92,52.84,45.64,49.24,50.68
2018-12-21,52.64,51.93,45.38,48.655,49.965
2018-12-26,50.11,,46.04,,
2018-12-27,52.35,51.49,44.48,47.985,49.387
2018-12-28,51.55,50.57,45.15,47.86,48.944
2019-01-02,52.14,54.06,46.31,50.185,51.735
2019-01-03,52.93,53.23,46.92,50.075,51.337
2019-01-04,55.13,55.64,47.76,51.7,53.276
2019-01-07,56.42,57.1,48.27,52.685,54.451
2019-01-08,56.09,56.91,49.58,53.245,54.711
2019-01-09,58.22,59.46,52.19,55.825,57.279
2019-01-10,59.46,60.47,52.42,56.445,58.055
2019-01-11,60,59.24,51.44,55.34,56.9
2019-01-14,58.39,58.8,50.31,54.555,56.253
2019-01-15,58.24,58.65,51.8,55.225,56.595
2019-01-16,59.52,59.81,52.08,55.945,57.491
2019-01-17,59.63,59.85,51.83,55.84,57.444
2019-01-18,60.9,62.04,53.6,57.82,59.508
2019-01-21,61.49,62.18,,,
2019-01-22,60.66,60.9,52.59,56.745,58.407
2019-01-23,60.52,61.05,52.44,56.745,58.467
2019-01-24,60.22,61.09,52.94,57.015,58.645
2019-01-25,60.9,61.49,53.53,57.51,59.102
2019-01-28,59.57,59.71,51.79,55.75,57.334
2019-01-29,59.71,60.98,53.07,57.025,58.607
2019-01-30,60.93,61.89,54.18,58.035,59.577
2019-01-31,61.19,62.46,53.84,58.15,59.874
2019-02-01,60.96,61.86,55.29,58.575,59.889
2019-02-04,62.33,62.26,54.57,58.415,59.953
2019-02-05,62.07,61.67,53.69,57.68,59.276
2019-02-06,62.3,62.22,53.94,58.08,59.736
2019-02-07,61.57,61.01,52.68,56.845,58.511
2019-02-08,61.37,61.37,52.75,57.06,58.784
2019-02-11,61.4,61.3,52.43,56.865,58.639
2019-02-12,61.88,62.58,53.14,57.86,59.748
2019-02-13,62.94,63.27,53.84,58.555,60.441
2019-02-14,64.28,64,54.4,59.2,61.12
2019-02-15,64.87,65.65,55.58,60.615,62.629
2019-02-18,66.03,66.41,,,
2019-02-19,65.79,65.86,56.12,60.99,62.938
2019-02-20,65.97,66.82,56.9,61.86,63.844
2019-02-21,66.5,66.91,56.95,61.93,63.922
2019-02-22,66.56,66.91,57.01,61.96,63.94
2019-02-25,65.36,64.02,55.32,59.67,61.41
2019-02-26,64.08,64.51,55.4,59.955,61.777
2019-02-27,64.97,65.55,56.92,61.235,62.961
2019-02-28,65.28,65.03,57.21,61.12,62.684
2019-03-01,65.32,63.71,55.76,59.735,61.325
2019-03-04,64.86,64.44,56.6,60.52,62.088
2019-03-05,64.98,64.24,56.55,60.395,61.933
2019-03-06,65.04,64.51,56.22,60.365,62.023
2019-03-07,65.57,64.82,56.6,60.71,62.354
2019-03-08,64.78,65.66,55.77,60.715,62.693
2019-03-11,66.01,65.06,56.79,60.925,62.579
2019-03-12,66.3,65.33,56.89,61.11,62.798
2019-03-13,66.6,65.89,58.27,62.08,63.604
2019-03-14,67.29,66.18,58.59,62.385,63.903
2019-03-15,66.91,66.11,58.51,62.31,63.83
2019-03-18,66.87,66.65,59.09,62.87,64.382
2019-03-19,67.25,67.13,59.12,63.125,64.727
2019-03-20,67.54,68.35,60.12,64.235,65.881
2019-03-21,67.78,68.3,59.98,64.14,65.804
2019-03-22,66.67,66.29,58.87,62.58,64.064
2019-03-25,66.19,67.37,58.71,63.04,64.772
2019-03-26,67.03,67.51,59.87,63.69,65.218
2019-03-27,67.15,67.35,59.39,63.37,64.962
2019-03-28,66.38,66.08,59.29,62.685,64.043
2019-03-29,67.23,67.93,60.19,64.06,65.608
2019-04-01,68.31,69.08,61.59,65.335,66.833
2019-04-02,68.83,69.68,62.53,66.105,67.535
2019-04-03,69.12,69.21,62.46,65.835,67.185
2019-04-04,68.76,69.8,62.12,65.96,67.496
2019-04-05,69.02,69.93,63.1,66.515,67.881
2019-04-08,70.33,71.12,64.37,67.745,69.095
2019-04-09,70.35,71.02,64.05,67.535,68.929
2019-04-10,70.31,71.63,64.62,68.125,69.527
2019-04-11,70.41,71.3,63.61,67.455,68.993
2019-04-12,70.44,71.57,63.86,67.715,69.257
2019-04-15,70.21,70.9,63.43,67.165,68.659
2019-04-16,70.11,70.74,64.01,67.375,68.721
2019-04-17,70.81,71.14,63.74,67.44,68.92
2019-04-18,70.83,70.71,64.02,67.365,68.703
2019-04-22,72.44,70.71,65.66,68.185,69.195
2019-04-23,73.37,74.39,66.24,70.315,71.945
2019-04-24,73.43,73.59,65.96,69.775,71.301
2019-04-25,74.04,74.94,65.23,70.085,72.027
2019-04-26,72.38,71.03,63.29,67.16,68.708
2019-04-29,71.07,71.22,63.39,67.305,68.871
2019-04-30,71.91,72.19,63.83,68.01,69.682
2019-05-01,72,72.01,63.55,67.78,69.472
2019-05-02,70.98,70.56,61.75,66.155,67.917
2019-05-03,70.61,71.95,61.98,66.965,68.959
2019-05-06,70.23,71.95,62.3,67.125,69.055
2019-05-07,70.45,70.98,61.41,66.195,68.109
2019-05-08,69.88,71.09,62.13,66.61,68.402
2019-05-09,69.66,70.61,61.58,66.095,67.901
2019-05-10,70.66,71.63,61.65,66.64,68.636
2019-05-13,71.21,72.35,60.97,66.66,68.936
2019-05-14,70.66,72.53,61.82,67.175,69.317
2019-05-15,71.26,73.09,62.03,67.56,69.772
2019-05-16,72.61,74.7,62.93,68.815,71.169
2019-05-17,72.57,73.94,62.77,68.355,70.589
2019-05-20,72.47,73.21,63.12,68.165,70.183
2019-05-21,71.71,72.94,63.02,67.98,69.964
2019-05-22,71.03,71.94,61.42,66.68,68.784
2019-05-23,68.56,68.37,57.65,63.01,65.154
2019-05-24,67.4,67.98,58.4,63.19,65.106
2019-05-27,67.42,,,,
2019-05-28,68.84,70.19,58.91,64.55,66.806
2019-05-29,67.75,70.64,58.84,64.74,67.1
2019-05-30,67.1,69.55,56.47,63.01,65.626
2019-05-31,64.15,66.78,53.49,60.135,62.793
2019-06-03,61.61,63.16,53.25,58.205,60.187
2019-06-04,61.63,63.56,53.5,58.53,60.542
2019-06-05,61.04,62.14,51.57,56.855,58.969
2019-06-06,60.88,62.77,52.59,57.68,59.716
2019-06-07,62.71,64.1,53.95,59.025,61.055
2019-06-10,63.01,64.31,53.33,58.82,61.016
2019-06-11,62.56,63.56,53.3,58.43,60.482
2019-06-12,61.01,61.66,51.13,56.395,58.501
2019-06-13,61.51,63.28,52.38,57.83,60.01
2019-06-14,61.25,63.13,52.47,57.8,59.932
2019-06-17,61.6,62.56,51.94,57.25,59.374
2019-06-18,61.43,63.35,53.86,58.605,60.503
2019-06-19,62.21,62.85,53.74,58.295,60.117
2019-06-20,63.95,65.44,56.88,61.16,62.872
2019-06-21,65.29,65.99,57.35,61.67,63.398
2019-06-24,65.05,65.16,57.73,61.445,62.931
2019-06-25,64.79,66.24,57.63,61.935,63.657
2019-06-26,65.6,66.85,59.17,63.01,64.546
2019-06-27,65.61,66.78,59.18,62.98,64.5
2019-06-28,65.6,67.52,58.2,62.86,64.724
2019-07-01,65.71,65.1,58.91,62.005,63.243
2019-07-02,63.95,62.72,56,59.36,60.704
2019-07-03,62.69,63.53,57.06,60.295,61.589
2019-07-04,63.43,63.62,,,
2019-07-05,63.55,64.23,,,
2019-07-08,64.72,64.89,57.35,61.12,62.628
2019-07-09,64.35,64.3,57.57,60.935,62.281
2019-07-10,66.1,66.41,60.28,63.345,64.571
2019-07-11,67.57,67.64,59.93,63.785,65.327
2019-07-12,67.36,66.65,59.99,63.32,64.652
2019-07-15,66.79,66.86,59.3,63.08,64.592
2019-07-16,66.13,65.87,57.44,61.655,63.341
2019-07-17,64.6,63.67,56.5,60.085,61.519
2019-07-18,63.1,60.7,55.08,57.89,59.014
2019-07-19,62.93,61.04,55.42,58.23,59.354
2019-07-22,64.27,61.96,55.87,58.915,60.133
2019-07-23,63.92,62.28,56.58,59.43,60.57
2019-07-24,64.58,63.83,55.9,59.865,61.451
2019-07-25,64.55,63.47,55.88,59.675,61.193
2019-07-26,64.02,62.46,56.04,59.25,60.534
2019-07-29,63.79,62.29,56.85,59.57,60.658
2019-07-30,64.62,62.55,58.04,60.295,61.197
2019-07-31,65.53,64.07,58.53,61.3,62.408
2019-08-01,63.37,62.9,53.64,58.27,60.122
2019-08-02,61.55,61.12,55.67,58.395,59.485
2019-08-05,60.41,59.32,54.63,56.975,57.913
2019-08-06,59.59,58.63,53.6,56.115,57.121
2019-08-07,57.7,55.03,51.14,53.085,53.863
2019-08-08,57.38,56.29,52.6,54.445,55.183
2019-08-09,57.88,57.37,54.41,55.89,56.482
2019-08-12,57.84,57.13,54.98,56.055,56.485
2019-08-13,59.34,59.9,57.05,58.475,59.045
2019-08-14,59.88,57.86,55.16,56.51,57.05
2019-08-15,58.77,57.37,54.51,55.94,56.512
2019-08-16,59.03,59,54.83,56.915,57.749
2019-08-19,59.46,59.79,56.24,58.015,58.725
2019-08-20,59.94,59.03,56.18,57.605,58.175
2019-08-21,60.66,60.6,55.65,58.125,59.115
2019-08-22,60.5,59.81,55.33,57.57,58.466
2019-08-23,59.67,58.64,54.08,56.36,57.272
2019-08-26,59.18,58.64,53.54,56.09,57.11
2019-08-27,58.98,58.44,54.99,56.715,57.405
2019-08-28,60.16,60.42,55.76,58.09,59.022
2019-08-29,60.24,60.59,56.67,58.63,59.414
2019-08-30,60.11,61.04,55.07,58.055,59.249
2019-09-02,58.76,58.55,,,
2019-09-03,57.81,57.93,53.91,55.92,56.724
2019-09-04,58.97,60.68,56.22,58.45,59.342
2019-09-05,60.58,62.7,56.33,59.515,60.789
2019-09-06,60.75,61.28,56.45,58.865,59.831
2019-09-09,62,63.99,57.88,60.935,62.157
2019-09-10,62.74,64.67,57.37,61.02,62.48
2019-09-11,62.08,63.02,55.66,59.34,60.812
2019-09-12,60.51,60.76,55.13,57.945,59.071
2019-09-13,60.02,61.25,54.76,58.005,59.303
2019-09-16,66.43,68.42,63.1,65.76,66.824
2019-09-17,67.88,65.59,59.26,62.425,63.691
2019-09-18,64.57,64.29,58.19,61.24,62.46
2019-09-19,64.39,64.25,58.19,61.22,62.432
2019-09-20,65.3,65.23,57.92,61.575,63.037
2019-09-23,64.51,64.66,58.69,61.675,62.869
2019-09-24,63.93,64.13,57.22,60.675,62.057
2019-09-25,62.35,62.41,56.38,59.395,60.601
2019-09-26,62.31,62.08,56.24,59.16,60.328
2019-09-27,62.51,62.48,55.95,59.215,60.521
2019-09-30,61.09,60.99,54.09,57.54,58.92
2019-10-01,59.68,60.06,53.6,56.83,58.122
2019-10-02,58.75,57.92,52.67,55.295,56.345
2019-10-03,57.99,58.01,52.41,55.21,56.33
2019-10-04,58.62,59.13,52.84,55.985,57.243
2019-10-07,59.12,59.46,52.76,56.11,57.45
2019-10-08,58.56,58.14,52.64,55.39,56.49
2019-10-09,58.68,59.7,52.63,56.165,57.579
2019-10-10,58.74,59.08,53.57,56.325,57.427
2019-10-11,60.97,60.59,54.76,57.675,58.841
2019-10-14,59.95,58.81,53.57,56.19,57.238
2019-10-15,59.62,59.19,52.81,56,57.276
2019-10-16,59.28,59.3,53.42,56.36,57.536
2019-10-17,59.54,59.35,53.89,56.62,57.712
2019-10-18,60.06,59.96,53.75,56.855,58.097
2019-10-21,59.5,58.95,53.28,56.115,57.249
2019-10-22,59.78,60.5,54.21,57.355,58.613
2019-10-23,60.42,60.52,55.9,58.21,59.134
2019-10-24,61.63,61.71,56.11,58.91,60.03
2019-10-25,62.16,62.06,56.52,59.29,60.398
2019-10-28,61.65,60.39,55.6,57.995,58.953
2019-10-29,61.44,61.05,55.34,58.195,59.337
2019-10-30,61.24,60.22,54.85,57.535,58.609
2019-10-31,60.52,59.3,54.02,56.66,57.716
2019-11-01,60.19,60.17,56.04,58.105,58.931
2019-11-04,62,62.52,56.33,59.425,60.663
2019-11-05,62.57,62.72,57.04,59.88,61.016
2019-11-06,62.39,62.11,56.15,59.13,60.322
2019-11-07,62.32,62.6,56.91,59.755,60.893
2019-11-08,61.98,62,57.02,59.51,60.506
2019-11-11,62.26,62.58,,,
2019-11-12,62.82,62.19,56.67,59.43,60.534
2019-11-13,62.48,62.27,56.88,59.575,60.653
2019-11-14,63,62.46,56.57,59.515,60.693
2019-11-15,63.12,63.32,57.54,60.43,61.586
2019-11-18,63.44,62.82,56.82,59.82,61.02
2019-11-19,62.51,62.37,54.93,58.65,60.138
2019-11-20,62.22,63.8,56.71,60.255,61.673
2019-11-21,63.68,64.99,58.36,61.675,63.001
2019-11-22,64.56,64.83,57.68,61.255,62.685
2019-11-25,64.21,64.67,57.79,61.23,62.606
2019-11-26,63.92,64.82,58.25,61.535,62.849
2019-11-27,64.4,65.03,58.12,61.575,62.957
2019-11-28,63.94,64.68,,,
2019-11-29,63.83,64.5,58.12,61.31,62.586
2019-12-02,62.5,63.2,55.97,59.585,61.031
2019-12-03,62.57,62.95,56.15,59.55,60.91
2019-12-04,63.39,65.25,58.46,61.855,63.213
2019-12-05,64.81,65.67,58.42,62.045,63.495
2019-12-06,65.24,66.5,59.2,62.85,64.31
2019-12-09,65.57,66.44,58.99,62.715,64.205
2019-12-10,65.66,66.57,59.22,62.895,64.365
2019-12-11,65.38,65.37,58.74,62.055,63.381
2019-12-12,65.81,66.67,59.18,62.925,64.423
2019-12-13,66.76,67.44,60.11,63.775,65.241
2019-12-16,67.22,68.04,60.21,64.125,65.691
2019-12-17,67.48,68.99,60.88,64.935,66.557
2019-12-18,67.77,69.12,60.93,65.025,66.663
2019-12-19,67.93,69.7,61.3,65.5,67.18
2019-12-20,68,68.66,60.43,64.545,66.191
2019-12-23,67.58,67.49,60.51,64,65.396
2019-12-24,67.99,69.26,61.17,65.215,66.833
2019-12-26,68.48,69.26,61.72,65.49,66.998
2019-12-27,69.07,68.91,61.76,65.335,66.765
2019-12-30,68.89,68.3,61.66,64.98,66.308
2019-12-31,67.96,67.77,61.14,64.455,65.781
2020-01-02,67.12,67.05,61.17,64.11,65.286
2020-01-03,69.38,69.08,63,66.04,67.256
2020-01-06,70.87,70.25,63.27,66.76,68.156
2020-01-07,69.6,68.74,62.7,65.72,66.928
2020-01-08,69.58,67.31,59.65,63.48,65.012
2020-01-09,67.24,66.58,59.56,63.07,64.474
2020-01-10,67.02,66.77,59.02,62.895,64.445
2020-01-13,66.07,64.14,58.17,61.155,62.349
2020-01-14,65.63,64.45,58.34,61.395,62.617
2020-01-15,65.32,63.29,57.86,60.575,61.661
2020-01-16,65.62,64.63,58.52,61.575,62.797
2020-01-17,65.58,64.05,58.55,61.3,62.4
2020-01-20,66.11,64.63,,,
2020-01-21,65.26,63.66,58.25,60.955,62.037
2020-01-22,64.66,62.11,56.76,59.435,60.505
2020-01-23,63.26,61.26,55.51,58.385,59.535
2020-01-24,62.52,59.34,54.09,56.715,57.765
2020-01-27,61.98,58.54,53.09,55.815,56.905
2020-01-28,60.67,59.37,53.33,56.35,57.558
2020-01-29,61.04,59.46,53.29,56.375,57.609
2020-01-30,58.8,57.72,52.19,54.955,56.061
2020-01-31,58.94,57.77,51.58,54.675,55.913
2020-02-03,55.53,54,50.06,52.03,52.818
2020-02-04,54.68,53.9,49.59,51.745,52.607
2020-02-05,55.01,55.36,50.87,53.115,54.013
2020-02-06,55.74,55.18,50.94,53.06,53.908
2020-02-07,55.13,54.53,50.34,52.435,53.273
2020-02-10,54.21,53.39,49.59,51.49,52.25
2020-02-11,54.2,54,50,52,52.8
2020-02-12,55.59,55.54,51.13,53.335,54.217
2020-02-13,55.9,56.34,51.41,53.875,54.861
2020-02-14,56.77,57.37,52.03,54.7,55.768
2020-02-17,57.28,57.83,,,
2020-02-18,56.72,57.35,52.1,54.725,55.775
2020-02-19,58.39,59.72,53.31,56.515,57.797
2020-02-20,58.98,59.57,53.77,56.67,57.83
2020-02-21,58.21,58.6,53.36,55.98,57.028
2020-02-24,56.14,56.71,51.36,54.035,55.105
2020-02-25,55.91,55.29,49.78,52.535,53.637
2020-02-26,54.04,54.96,48.67,51.815,53.073
2020-02-27,51.92,52.19,47.17,49.68,50.684
2020-02-28,50.19,51.31,44.83,48.07,49.366
2020-03-02,51.68,52.52,46.78,49.65,50.798
2020-03-03,52.66,52.24,47.27,49.755,50.749
2020-03-04,52.01,51.86,46.78,49.32,50.336
2020-03-05,51.75,51.29,45.9,48.595,49.673
2020-03-06,48.35,45.6,41.14,43.37,44.262
2020-03-09,34.72,35.33,31.05,33.19,34.046
2020-03-10,35.73,35.57,34.47,35.02,35.24
2020-03-11,35.56,34.45,33.13,33.79,34.054
2020-03-12,33.27,31.02,31.56,31.29,31.182
2020-03-13,34.14,32.25,31.72,31.985,32.091
2020-03-16,30.63,27.98,28.96,28.47,28.274
2020-03-17,30.36,27.97,26.96,27.465,27.667
2020-03-18,27.31,22.79,20.48,21.635,22.097
2020-03-19,26.73,23.98,25.09,24.535,24.313
2020-03-20,28.57,25.55,19.48,22.515,23.729
2020-03-23,24.72,23.75,23.33,23.54,23.624
2020-03-24,26.53,24.5,21.03,22.765,23.459
2020-03-25,26.94,25.62,20.75,23.185,24.159
2020-03-26,26.04,23.55,16.6,20.075,21.465
2020-03-27,24.26,22.39,15.48,18.935,20.317
2020-03-30,21.66,19.19,14.1,16.645,17.663
2020-03-31,22.61,14.85,20.51,17.68,16.548
2020-04-01,16.85,14.97,20.28,17.625,16.563
2020-04-02,18.91,20.24,25.18,22.71,21.722
2020-04-03,23.01,24.33,28.36,26.345,25.539
2020-04-06,23.48,22.58,26.21,24.395,23.669
2020-04-07,22.67,22.1,23.54,22.82,22.532
2020-04-08,21.19,25.22,24.97,25.095,25.145
2020-04-09,21.77,20.23,22.9,21.565,21.031
2020-04-13,21.18,,22.36,,
2020-04-14,19.7,21.74,20.15,20.945,21.263
2020-04-15,17.51,19.8,19.96,19.88,19.848
2020-04-16,17.73,18.69,19.82,19.255,19.029
2020-04-17,18.17,19.75,18.31,19.03,19.318
2020-04-20,14.19,17.36,-36.98,-9.81,1.058
2020-04-21,14.63,9.12,8.91,9.015,9.057
2020-04-22,12.22,13.77,13.64,13.705,13.731
2020-04-23,15.23,15.06,15.06,15.06,15.06
2020-04-24,14.31,15.87,15.99,15.93,15.906
2020-04-27,13.3,15.17,12.17,13.67,14.27
2020-04-28,12.41,15.6,12.4,14,14.64
2020-04-29,14.36,17.86,15.04,16.45,17.014
2020-04-30,18.05,18.11,19.23,18.67,18.446
2020-05-01,16.52,18.49,19.72,19.105,18.859
2020-05-04,18.36,20.4,20.47,20.435,20.421
2020-05-05,21.43,25.46,24.56,25.01,25.19
2020-05-06,22.4,24.2,23.88,24.04,24.104
2020-05-07,22.91,24.23,23.68,23.955,24.065
2020-05-08,22.21,,24.73,,
2020-05-11,22.71,25.53,24.02,24.775,25.077
2020-05-12,22.83,26.67,25.76,26.215,26.397
2020-05-13,23.25,27.89,25.37,26.63,27.134
2020-05-14,24.93,29.87,27.4,28.635,29.129
2020-05-15,26.54,30.95,29.44,30.195,30.497
2020-05-18,28.21,33.3,31.83,32.565,32.859
2020-05-19,28.43,33.06,32.3,32.68,32.832
2020-05-20,28.68,34.76,33.56,34.16,34.4
2020-05-21,29.7,34.78,34.3,34.54,34.636
2020-05-22,28.06,33.8,33.49,33.645,33.707
2020-05-26,29.75,33.95,34.7,34.325,34.175
2020-05-27,29.03,32.73,32.8,32.765,32.751
2020-05-28,28.45,33.98,33.67,33.825,33.887
2020-05-29,29.01,34.15,35.57,34.86,34.576
2020-06-01,33.69,36.74,35.49,36.115,36.365
2020-06-02,34.96,37.72,36.88,37.3,37.468
2020-06-03,35.47,37.98,37.33,37.655,37.785
2020-06-04,34.85,38.41,37.42,37.915,38.113
2020-06-05,36.84,41,39.49,40.245,40.547
2020-06-08,38.89,39.66,38.17,38.915,39.213
2020-06-09,37.1,40.45,38.98,39.715,40.009
2020-06-10,37.46,41.18,39.54,40.36,40.688
2020-06-11,36.56,37.76,36.43,37.095,37.361
2020-06-12,35.06,38.54,36.24,37.39,37.85
2020-06-15,35.09,39.44,37.07,38.255,38.729
2020-06-16,36.75,40.75,38.26,39.505,40.003
2020-06-17,37.59,40.47,37.91,39.19,39.702
2020-06-18,37.7,41.75,38.79,40.27,40.862
2020-06-19,39.45,42.33,39.72,41.025,41.547
2020-06-22,38.96,43.2,40.6,41.9,42.42
2020-06-23,39.85,42.72,40.4,41.56,42.024
2020-06-24,38.17,40.4,37.91,39.155,39.653
2020-06-25,37.18,41.18,38.66,39.92,40.424
2020-06-26,37.99,40.97,38.53,39.75,40.238
2020-06-29,37.34,41.58,39.67,40.625,41.007
2020-06-30,38.22,41.64,39.27,40.455,40.929
2020-07-01,42.69,42.18,39.88,41.03,41.49
2020-07-02,42.93,43.19,40.57,41.88,42.404
2020-07-03,42.96,42.92,,,
2020-07-06,43.57,42.73,40.51,41.62,42.064
2020-07-07,43.15,43.28,40.59,41.935,42.473
2020-07-08,43.44,43.67,40.91,42.29,42.842
2020-07-09,43.31,42.35,39.64,40.995,41.537
2020-07-10,43.47,43.27,40.56,41.915,42.457
2020-07-13,43.38,42.85,40.06,41.455,42.013
2020-07-14,43.02,42.97,40.3,41.635,42.169
2020-07-15,44.12,43.96,41.2,42.58,43.132
2020-07-16,43.8,43.71,40.74,42.225,42.819
2020-07-17,43.22,43.53,40.55,42.04,42.636
2020-07-20,43.03,43.3,40.83,42.065,42.559
2020-07-21,44.29,44.31,41.76,43.035,43.545
2020-07-22,44.24,43.98,41.88,42.93,43.35
2020-07-23,44.62,42.96,40.99,41.975,42.369
2020-07-24,43.38,43.29,41.23,42.26,42.672
2020-07-27,43.14,43.39,41.46,42.425,42.811
2020-07-28,43.4,43.11,40.89,42,42.444
2020-07-29,43.59,43.51,41.13,42.32,42.796
2020-07-30,42.99,42.98,39.85,41.415,42.041
2020-07-31,43.02,43.13,40.1,41.615,42.221
2020-08-03,44.02,43.76,40.83,42.295,42.881
2020-08-04,44.27,43.99,41.67,42.83,43.294
2020-08-05,45.34,44.92,42.25,43.585,44.119
2020-08-06,45.17,45.04,41.93,43.485,44.107
2020-08-07,44.87,44.07,41.16,42.615,43.197
2020-08-10,45.01,44.19,41.94,43.065,43.515
2020-08-11,45.21,43.68,41.53,42.605,43.035
2020-08-12,45.08,45.09,42.6,43.845,44.343
2020-08-13,45.34,44.87,42.26,43.565,44.087
2020-08-14,44.62,44.86,42.05,43.455,44.017
2020-08-17,44.94,44.91,42.89,43.9,44.304
2020-08-18,45.49,45.34,42.89,44.115,44.605
2020-08-19,45.19,45.21,42.91,44.06,44.52
2020-08-20,45.05,44.56,42.62,43.59,43.978
2020-08-21,44.92,43.94,42.32,43.13,43.454
2020-08-24,45.19,44.43,42.44,43.435,43.833
2020-08-25,45.87,46.01,43.17,44.59,45.158
2020-08-26,46.05,45.79,43.21,44.5,45.016
2020-08-27,45.81,44.84,42.88,43.86,44.252
2020-08-28,45.33,45.22,42.96,44.09,44.542
2020-08-31,46.27,,42.61,,
2020-09-01,45.3,45.72,42.76,44.24,44.832
2020-09-02,45.02,42.7,42.76,42.73,42.718
2020-09-03,43.36,42.72,41.39,42.055,42.321
2020-09-04,43.42,41.1,39.69,40.395,40.677
2020-09-07,41.64,40.67,,,
2020-09-08,40.29,38.53,36.87,37.7,38.032
2020-09-09,39.82,39.98,38.05,39.015,39.401
2020-09-10,39.83,39.27,37.25,38.26,38.664
2020-09-11,39.37,38.8,37.33,38.065,38.359
2020-09-14,38.96,38.57,37.23,37.9,38.168
2020-09-15,39.35,39.54,38.29,38.915,39.165
2020-09-16,41.29,41.23,40.17,40.7,40.912
2020-09-17,42.07,42.35,40.99,41.67,41.942
2020-09-18,42.98,42.16,41.09,41.625,41.839
2020-09-21,41.49,40.37,39.26,39.815,40.037
2020-09-22,41.32,40.84,39.55,40.195,40.453
2020-09-23,41.4,41.09,39.92,40.505,40.739
2020-09-24,41.22,41.24,40.11,40.675,40.901
2020-09-25,41.93,40.91,40.06,40.485,40.655
2020-09-28,41.61,41.59,40.47,41.03,41.254
2020-09-29,41.46,40.33,39.03,39.68,39.94
2020-09-30,40.65,40.3,40.05,40.175,40.225
2020-10-01,39.94,39.75,38.51,39.13,39.378
2020-10-02,38.09,38,36.9,37.45,37.67
2020-10-05,39.07,39.78,39.12,39.45,39.582
2020-10-06,40.33,41.27,40.52,40.895,41.045
2020-10-07,40.45,40.62,39.82,40.22,40.38
2020-10-08,41.06,42,41.04,41.52,41.712
2020-10-09,41.61,41.63,40.44,41.035,41.273
2020-10-12,40.57,40.5,39.22,39.86,40.116
2020-10-13,40.68,41.34,40.03,40.685,40.947
2020-10-14,41.2,41.81,40.86,41.335,41.525
2020-10-15,41.29,41.61,40.84,41.225,41.379
2020-10-16,41.37,41.34,40.7,41.02,41.148
2020-10-19,41.38,41.29,40.69,40.99,41.11
2020-10-20,41.04,41.62,41.37,41.495,41.545
2020-10-21,40.88,40.09,39.88,39.985,40.027
2020-10-22,40.91,41.28,40.46,40.87,41.034
2020-10-23,41.05,40.71,39.73,40.22,40.416
2020-10-26,39.22,39.06,38.39,38.725,38.859
2020-10-27,39.53,39.72,39.34,39.53,39.606
2020-10-28,38.42,37.86,37.27,37.565,37.683
2020-10-29,37.12,36.56,35.94,36.25,36.374
2020-10-30,36.5,36.33,35.64,35.985,36.123
2020-11-02,35.89,37.78,36.6,37.19,37.426
2020-11-03,38.44,38.17,37.44,37.805,37.951
2020-11-04,39.09,39.68,38.97,39.325,39.467
2020-11-05,39.79,39.47,38.56,39.015,39.197
2020-11-06,39.22,38.08,36.97,37.525,37.747
2020-11-09,39.97,40.93,40.05,40.49,40.666
2020-11-10,41.72,42.25,41.18,41.715,41.929
2020-11-11,43.42,42.5,41.23,41.865,42.119
2020-11-12,42.97,42.16,40.9,41.53,41.782
2020-11-13,42.05,41.51,39.93,40.72,41.036
2020-11-16,42.93,42.71,41.14,41.925,42.239
2020-11-17,42.76,42.54,41.24,41.89,42.15
2020-11-18,43.05,42.91,41.64,42.275,42.529
2020-11-19,43.12,43.09,41.57,42.33,42.634
2020-11-20,43.38,43.79,41.99,42.89,43.25
2020-11-23,44.75,45,42.91,43.955,44.373
2020-11-24,45.51,46.63,44.71,45.67,46.054
2020-11-25,46.91,47.3,45.58,46.44,46.784
2020-11-26,46.66,46.32,,,
2020-11-27,46.79,46.88,,,
2020-11-30,46.43,46.84,45.2,46.02,46.348
2020-12-01,46.73,47.03,44.54,45.785,46.283
2020-12-02,46.69,47.8,45.23,46.515,47.029
2020-12-03,47.46,48.37,45.65,47.01,47.554
2020-12-04,48.35,49.1,46.23,47.665,48.239
2020-12-07,47.77,48.63,45.72,47.175,47.757
2020-12-08,47.79,48.84,45.64,47.24,47.88
2020-12-09,48.31,48.81,45.48,47.145,47.811
2020-12-10,48.87,50.33,46.76,48.545,49.259
2020-12-11,49.58,50.01,46.59,48.3,48.984
2020-12-14,49.65,50.27,47.02,48.645,49.295
2020-12-15,49.61,50.77,47.58,49.175,49.813
2020-12-16,50.12,50.83,47.86,49.345,49.939
2020-12-17,50.78,51.2,48.34,49.77,50.342
2020-12-18,50.69,52.17,49.04,50.605,51.231
2020-12-21,49.57,50.61,47.79,49.2,49.764
2020-12-22,49.22,49.88,47.02,48.45,49.022
2020-12-23,49.46,51.05,47.94,49.495,50.117
2020-12-24,50.31,50.88,48.18,49.53,50.07
2020-12-28,50.1,50.88,47.5,49.19,49.866
2020-12-29,50.16,50.44,47.85,49.145,49.663
2020-12-30,50.22,50.74,48.24,49.49,49.99
2020-12-31,50.24,51.22,48.35,49.785,50.359
2021-01-04,51.35,50.37,47.47,48.92,49.5
2021-01-05,50.75,53.16,49.78,51.47,52.146
2021-01-06,53.29,53.8,50.45,52.125,52.795
2021-01-07,53.84,53.7,50.63,52.165,52.779
2021-01-08,54.39,55.51,52.14,53.825,54.499
2021-01-11,54.76,54.84,52.15,53.495,54.033
2021-01-12,55.41,55.98,53.08,54.53,55.11
2021-01-13,55.81,55.52,52.81,54.165,54.707
2021-01-14,55.19,55.76,53.47,54.615,55.073
2021-01-15,54.68,54.8,52.25,53.525,54.035
2021-01-18,53.92,54.21,,,
2021-01-19,54.85,55.38,52.87,54.125,54.627
2021-01-20,55.75,55.66,53.16,54.41,54.91
2021-01-21,55.14,55.68,53,54.34,54.876
2021-01-22,54.69,55.22,52.28,53.75,54.338
2021-01-25,54.85,55.44,52.78,54.11,54.642
2021-01-26,54.87,55.26,52.61,53.935,54.465
2021-01-27,55.31,55.07,52.81,53.94,54.392
2021-01-28,54.36,54.87,52.26,53.565,54.087
2021-01-29,54.41,55.25,52.16,53.705,54.323
2021-02-01,55.14,56.42,53.55,54.985,55.559
2021-02-02,56.82,57.62,54.77,56.195,56.765
2021-02-03,57.74,58.61,55.67,57.14,57.728
2021-02-04,58.26,58.98,56.19,57.585,58.143
2021-02-05,58.94,59.48,56.8,58.14,58.676
2021-02-08,59.59,60.17,57.95,59.06,59.504
2021-02-09,60.3,60.74,58.34,59.54,60.02
2021-02-10,60.47,61.17,58.69,59.93,60.426
2021-02-11,60.55,61.09,58.22,59.655,60.229
2021-02-12,60.79,62.47,59.5,60.985,61.579
2021-02-15,62.61,63.58,,,
2021-02-16,62.49,63.96,60.07,62.015,62.793
2021-02-17,63.06,65.02,61.09,63.055,63.841
2021-02-18,63.44,64.09,60.4,62.245,62.983
2021-02-19,61.32,62.84,59.12,60.98,61.724
2021-02-22,62.01,64.73,61.67,63.2,63.812
2021-02-23,63.73,65.16,61.66,63.41,64.11
2021-02-24,64,66.85,63.21,65.03,65.758
2021-02-25,65.42,66.69,63.43,65.06,65.712
2021-02-26,64.37,65.86,61.55,63.705,64.567
2021-03-01,64.21,64.56,60.54,62.55,63.354
2021-03-02,61.94,63.17,59.7,61.435,62.129
2021-03-03,62.12,64.7,61.33,63.015,63.689
2021-03-04,64.23,67.32,63.81,65.565,66.267
2021-03-05,67.03,69.95,66.08,68.015,68.789
2021-03-08,68.17,68,65.03,66.515,67.109
2021-03-09,66.38,67.03,64.02,65.525,66.127
2021-03-10,65.6,67.53,64.45,65.99,66.606
2021-03-11,67.39,69.34,66.02,67.68,68.344
2021-03-12,68.14,68.87,65.59,67.23,67.886
2021-03-15,68.18,68.78,65.36,67.07,67.754
2021-03-16,66.89,67.95,64.82,66.385,67.011
2021-03-17,66.76,67.73,64.55,66.14,66.776
2021-03-18,64.79,62.11,59.95,61.03,61.462
2021-03-19,62.47,64,61.43,62.715,63.229
2021-03-22,63.22,63.89,61.48,62.685,63.167
2021-03-23,62.27,59.96,57.75,58.855,59.297
2021-03-24,61.61,63.7,61.12,62.41,62.926
2021-03-25,61.63,61.21,58.47,59.84,60.388
2021-03-26,62.56,63.77,60.93,62.35,62.918
2021-03-29,62.86,64.06,61.49,62.775,63.289
2021-03-30,63.37,63.28,60.55,61.915,62.461
2021-03-31,63.07,63.52,59.19,61.355,62.221
2021-04-01,61.75,63.85,61.41,62.63,63.118
2021-04-05,61.68,,58.73,,
2021-04-06,61.31,61.47,59.34,60.405,60.831
2021-04-07,60.67,61.86,59.77,60.815,61.233
2021-04-08,61.2,62.09,59.61,60.85,61.346
2021-04-09,61.12,61.89,59.29,60.59,61.11
2021-04-12,61.44,62.38,59.7,61.04,61.576
2021-04-13,61.85,62.83,60.2,61.515,62.041
2021-04-14,63.39,66.11,63.15,64.63,65.222
2021-04-15,64.48,66.13,63.42,64.775,65.317
2021-04-16,65.21,65.98,63.16,64.57,65.134
2021-04-19,65.1,66.54,63.33,64.935,65.577
2021-04-20,65.36,65.34,62.61,63.975,64.521
2021-04-21,64.02,64.02,61.34,62.68,63.216
2021-04-22,63.06,65.07,61.45,63.26,63.984
2021-04-23,63.63,65.75,62.18,63.965,64.679
2021-04-26,63.22,65.5,62.02,63.76,64.456
2021-04-27,63.91,66.25,63.03,64.64,65.284
2021-04-28,64.53,67.08,63.81,65.445,66.099
2021-04-29,65.71,68.26,65,66.63,67.282
2021-04-30,65.42,67.73,63.5,65.615,66.461
2021-05-03,65.09,,64.46,,
2021-05-04,66.67,68.91,65.72,67.315,67.953
2021-05-05,68.2,69.71,65.63,67.67,68.486
2021-05-06,67.49,68.62,64.73,66.675,67.453
2021-05-07,66.57,68.73,64.96,66.845,67.599
2021-05-10,67.1,68.61,64.92,66.765,67.503
2021-05-11,66.39,68.83,65.31,67.07,67.774
2021-05-12,67.46,69.62,65.96,67.79,68.522
2021-05-13,66.78,67.36,63.82,65.59,66.298
2021-05-14,66.16,69.24,65.32,67.28,68.064
2021-05-17,67.52,69.62,66.24,67.93,68.606
2021-05-18,68.39,69.01,65.49,67.25,67.954
2021-05-19,65.95,66.88,63.28,65.08,65.8
2021-05-20,65.29,65.18,61.95,63.565,64.211
2021-05-21,64.18,66.72,63.61,65.165,65.787
2021-05-24,66.93,68.59,66.13,67.36,67.852
2021-05-25,67.41,68.8,66.27,67.535,68.041
2021-05-26,67.47,68.93,66.41,67.67,68.174
2021-05-27,67.32,69.43,66.87,68.15,68.662
2021-05-28,68.2,69.36,66.31,67.835,68.445
2021-05-31,68.53,,,,
2021-06-01,69.03,70.03,67.8,68.915,69.361
2021-06-02,69.39,70.6,68.79,69.695,70.057
2021-06-03,69.91,70.71,68.81,69.76,70.14
2021-06-04,70.23,71.3,69.57,70.435,70.781
2021-06-07,70.15,70.89,69.21,70.05,70.386
2021-06-08,69.83,71.39,70.11,70.75,71.006
2021-06-09,71.21,71.31,69.9,70.605,70.887
2021-06-10,70.9,71.65,70.34,70.995,71.257
2021-06-11,71.31,72.05,71,71.525,71.735
2021-06-14,71.99,72.27,70.94,71.605,71.871
2021-06-15,72.05,73.38,72.06,72.72,72.984
2021-06-16,73.16,73.88,72.03,72.955,73.325
2021-06-17,72.29,72.92,71.06,71.99,72.362
2021-06-18,71.56,73.1,71.64,72.37,72.662
2021-06-21,72.45,74.49,73.64,74.065,74.235
2021-06-22,73.13,74.92,73.15,74.035,74.389
2021-06-23,74.01,75.22,73.11,74.165,74.587
2021-06-24,74.09,75.95,73.31,74.63,75.158
2021-06-25,74.19,76.45,74.21,75.33,75.778
2021-06-28,73.84,74.78,72.98,73.88,74.24
2021-06-29,73.34,75.38,73.14,74.26,74.708
2021-06-30,73.6,76.94,73.52,75.23,75.914
2021-07-01,74.87,76.69,75.33,76.01,76.282
2021-07-02,75.21,77.51,75.37,76.44,76.868
2021-07-05,75.71,78.34,,,
2021-07-06,75.94,75.81,73.62,74.715,75.153
2021-07-07,73.58,74.31,72.22,73.265,73.683
2021-07-08,71.97,75.07,72.98,74.025,74.443
2021-07-09,74.18,77.14,74.56,75.85,76.366
2021-07-12,74.33,76.77,74.21,75.49,76.002
2021-07-13,75.13,77.5,75.24,76.37,76.822
2021-07-14,75.29,75.74,73.06,74.4,74.936
2021-07-15,73.15,74.53,71.67,73.1,73.672
2021-07-16,72.84,74.46,71.76,73.11,73.65
2021-07-19,70.54,69.33,66.45,67.89,68.466
2021-07-20,70.5,70.03,67.32,68.675,69.217
2021-07-21,69.93,72.54,70.26,71.4,71.856
2021-07-22,72.09,74.25,72.15,73.2,73.62
2021-07-23,73.03,74.86,72.24,73.55,74.074
2021-07-26,72.68,74.79,72.15,73.47,73.998
2021-07-27,73.62,74.87,71.68,73.275,73.913
2021-07-28,73.57,75.09,72.37,73.73,74.274
2021-07-29,74.42,76.3,73.62,74.96,75.496
2021-07-30,74.98,77.72,73.93,75.825,76.583
2021-08-02,73.89,73.91,71.31,72.61,73.13
2021-08-03,72.71,73.24,70.64,71.94,72.46
2021-08-04,71.83,70.99,68.19,69.59,70.15
2021-08-05,70.34,72.14,69.1,70.62,71.228
2021-08-06,71.3,71.02,68.26,69.64,70.192
2021-08-09,70.66,69.65,66.56,68.105,68.723
2021-08-10,70.13,71.14,68.33,69.735,70.297
2021-08-11,70.52,71.99,69.3,70.645,71.183
2021-08-12,71.32,71.79,69.12,70.455,70.989
2021-08-13,70.9,70.9,68.36,69.63,70.138
2021-08-16,69.65,70.07,67.44,68.755,69.281
2021-08-17,69.4,69.4,66.5,67.95,68.53
2021-08-18,69.32,68.61,65.36,66.985,67.635
2021-08-19,66.08,66.8,63.69,65.245,65.867
2021-08-20,66.13,65.51,62.25,63.88,64.532
2021-08-23,67.33,69.07,65.65,67.36,68.044
2021-08-24,69.71,71.21,67.5,69.355,70.097
2021-08-25,70.59,72.12,68.54,70.33,71.046
2021-08-26,70.75,70.42,67.42,68.92,69.52
2021-08-27,71.48,72.26,68.84,70.55,71.234
2021-08-30,71.88,,69.28,,
2021-08-31,71.43,73.45,68.43,70.94,71.944
2021-09-01,71.25,71.99,68.63,70.31,70.982
2021-09-02,71.63,73.56,70.07,71.815,72.513
2021-09-03,72.56,73.07,69.34,71.205,71.951
2021-09-06,71.29,72.43,,,
2021-09-07,71.34,71.52,68.49,70.005,70.611
2021-09-08,71.17,72.36,69.36,70.86,71.46
2021-09-09,71.82,71.32,68.26,69.79,70.402
2021-09-10,71.98,72.44,69.82,71.13,71.654
2021-09-13,72.77,72.97,70.54,71.755,72.241
2021-09-14,73.29,73.05,70.53,71.79,72.294
2021-09-15,73.78,74.84,72.59,73.715,74.165
2021-09-16,74.17,75.14,72.69,73.915,74.405
2021-09-17,74.14,74.64,72.09,73.365,73.875
2021-09-20,73.47,73.59,70.41,72,72.636
2021-09-21,73.68,73.65,70.51,72.08,72.708
2021-09-22,74.46,75.5,72.37,73.935,74.561
2021-09-23,75.44,76.44,73.43,74.935,75.537
2021-09-24,76.21,77.42,74.18,75.8,76.448
2021-09-27,77.73,78.85,75.54,77.195,77.857
2021-09-28,78.37,78.3,75.44,76.87,77.442
2021-09-29,77.13,77.86,75.06,76.46,77.02
2021-09-30,77.72,77.81,75.22,76.515,77.033
2021-10-01,76.36,79.4,76.01,77.705,78.383
2021-10-04,78.26,81.44,77.68,79.56,80.312
2021-10-05,80.44,82.72,79.17,80.945,81.655
2021-10-06,80.63,81.39,77.66,79.525,80.271
2021-10-07,78.58,82.34,78.46,80.4,81.176
2021-10-08,81.54,82.17,79.55,80.86,81.384
2021-10-11,82.53,83.75,80.64,82.195,82.817
2021-10-12,82.37,83.53,80.75,82.14,82.696
2021-10-13,81.79,83.53,80.67,82.1,82.672
2021-10-14,82.5,83.86,81.43,82.645,83.131
2021-10-15,83.54,84.67,82.39,83.53,83.986
2021-10-18,84.04,84.13,82.62,83.375,83.677
2021-10-19,83.48,85.02,83.19,84.105,84.471
2021-10-20,83.3,85.76,84.4,85.08,85.352
2021-10-21,83.36,84.58,82.64,83.61,83.998
2021-10-22,83.4,85.43,84.53,84.98,85.16
2021-10-25,84.66,84.85,84.64,84.745,84.787
2021-10-26,84.52,85.11,85.64,85.375,85.269
2021-10-27,83.72,84.12,82.66,83.39,83.682
2021-10-28,82.41,83.4,82.78,83.09,83.214
2021-10-29,82.87,83.1,83.5,83.3,83.22
2021-11-01,82.55,84.51,84.08,84.295,84.381
2021-11-02,83.43,84.42,83.91,84.165,84.267
2021-11-03,81.64,81.1,80.82,80.96,81.016
2021-11-04,81.48,80.15,78.88,79.515,79.769
2021-11-05,80.16,82.43,81.25,81.84,82.076
2021-11-08,82.39,83.22,81.96,82.59,82.842
2021-11-09,82.7,84.52,84.12,84.32,84.4
2021-11-10,83.75,82.91,81.23,82.07,82.406
2021-11-11,81.99,83.4,81.47,82.435,82.821
2021-11-12,81.7,82.9,80.87,81.885,82.291
2021-11-15,80.9,81.94,80.85,81.395,81.613
2021-11-16,82.01,82.85,80.76,81.805,82.223
2021-11-17,81.1,80.67,78.32,79.495,79.965
2021-11-18,79.37,82.45,78.92,80.685,81.391
2021-11-19,80.32,80.24,76.11,78.175,79.001
2021-11-22,78.9,80.97,76.74,78.855,79.701
2021-11-23,79.4,83.43,78.32,80.875,81.897
2021-11-24,81.75,82.37,78.32,80.345,81.155
2021-11-25,81.31,82.05,,,
2021-11-26,76.09,72.37,,,
2021-11-29,74.2,73.34,69.88,71.61,72.302
2021-11-30,71.01,70.86,66.14,68.5,69.444
2021-12-01,71.67,69.53,65.44,67.485,68.303
2021-12-02,70.07,70.56,66.6,68.58,69.372
2021-12-03,71.65,70.71,66.39,68.55,69.414
2021-12-06,71.45,73.38,69.62,71.5,72.252
2021-12-07,74.65,75.54,71.94,73.74,74.46
2021-12-08,75.13,75.94,72.43,74.185,74.887
2021-12-09,75.41,74.1,70.87,72.485,73.131
2021-12-10,74.07,74.98,71.71,73.345,73.999
2021-12-13,75.04,74.12,71.19,72.655,73.241
2021-12-14,74.28,73.37,70.57,71.97,72.53
2021-12-15,73.12,73.71,70.89,72.3,72.864
2021-12-16,74.66,74.64,72.34,73.49,73.95
2021-12-17,74.23,72.97,70.93,71.95,72.358
2021-12-20,70.94,70.51,68.69,69.6,69.964
2021-12-21,72.18,72.85,71.1,71.975,72.325
2021-12-22,73.99,74.69,72.82,73.755,74.129
2021-12-23,75.16,76.26,73.89,75.075,75.549
2021-12-24,75.5,75.24,,,
2021-12-27,75.63,,75.49,,
2021-12-28,77.39,,76.01,,
2021-12-29,78.17,78.63,76.58,77.605,78.015
2021-12-30,78.33,78.61,76.83,77.72,78.076
2021-12-31,77.97,77.24,75.33,76.285,76.667
2022-01-03,77.86,78.25,75.99,77.12,77.572
2022-01-04,78.78,79.39,77,78.195,78.673
2022-01-05,79.92,80.6,77.83,79.215,79.769
2022-01-06,80.65,81.99,79.47,80.73,81.234
2022-01-07,82,82.28,79,80.64,81.296
2022-01-10,81.6,81.56,78.11,79.835,80.525
2022-01-11,81.97,84.98,81.17,83.075,83.837
2022-01-12,84.19,85.83,82.51,84.17,84.834
2022-01-13,84.56,85.8,81.97,83.885,84.651
2022-01-14,85.3,87.17,83.82,85.495,86.165
2022-01-17,86.38,87.82,,,
2022-01-18,87.93,88.83,85.42,87.125,87.807
2022-01-19,88.33,89.64,86.84,88.24,88.8
2022-01-20,88.39,89.75,86.29,88.02,88.712
2022-01-21,87.3,89.75,85.16,87.455,88.373
2022-01-24,87.83,87.74,84.48,86.11,86.762
2022-01-25,87.19,89.49,86.61,88.05,88.626
2022-01-26,89.18,91.22,88.33,89.775,90.353
2022-01-27,90.04,90.7,87.61,89.155,89.773
2022-01-28,89.97,91.47,87.67,89.57,90.33
2022-01-31,90.73,92.35,89.16,90.755,91.393
2022-02-01,90.22,90.24,88.22,89.23,89.634
2022-02-02,89.94,91.43,88.16,89.795,90.449
2022-02-03,89.73,92.99,90.17,91.58,92.144
2022-02-04,92.59,96.86,92.27,94.565,95.483
2022-02-07,93.18,97.28,91.25,94.265,95.471
2022-02-08,91.92,96.07,89.32,92.695,94.045
2022-02-09,91.59,94.95,89.57,92.26,93.336
2022-02-10,92.62,96.37,89.83,93.1,94.408
2022-02-11,92.61,97.5,93.1,95.3,96.18
2022-02-14,94.92,101.66,95.52,98.59,99.818
2022-02-15,94.48,98.43,92.07,95.25,96.522
2022-02-16,95.07,97.44,93.83,95.635,96.357
2022-02-17,93.78,95.28,91.78,93.53,94.23
2022-02-18,92.55,96.18,91.26,93.72,94.704
2022-02-21,94.04,98.95,,,
2022-02-22,97.68,98.73,92.11,95.42,96.744
2022-02-23,95.84,99.29,92.14,95.715,97.145
2022-02-24,100.95,101.29,92.77,97.03,98.734
2022-02-25,96.41,98.56,91.68,95.12,96.496
2022-02-28,98.96,103.08,96.13,99.605,100.995
2022-03-01,103.7,110.93,103.66,107.295,108.749
2022-03-02,112.01,118.94,110.74,114.84,116.48
2022-03-03,116.87,115.36,107.69,111.525,113.059
2022-03-04,112.96,123.86,115.77,119.815,121.433
2022-03-07,126.32,129.02,119.26,124.14,126.092
2022-03-08,127.74,133.18,123.64,128.41,130.318
2022-03-09,128.27,116.58,108.81,112.695,114.249
2022-03-10,117.04,114.54,105.93,110.235,111.957
2022-03-11,113.1,118.11,109.31,113.71,115.47
2022-03-14,110.48,110.39,103.22,106.805,108.239
2022-03-15,102.67,105.14,96.42,100.78,102.524
2022-03-16,103.87,104.61,94.85,99.73,101.682
2022-03-17,104.77,113.5,102.97,108.235,110.341
2022-03-18,108.93,114.32,104.69,109.505,111.431
2022-03-21,113.65,122.29,112.14,117.215,119.245
2022-03-22,114.44,121.53,111.03,116.28,118.38
2022-03-23,116.79,127.52,114.89,121.205,123.731
2022-03-24,118.72,123.98,114.2,119.09,121.046
2022-03-25,115.99,122.67,116.2,119.435,120.729
2022-03-28,113.39,114.5,107.55,111.025,112.415
2022-03-29,110.05,112.79,104.25,108.52,110.228
2022-03-30,110.46,115.59,107.81,111.7,113.256
2022-03-31,107.74,107.29,100.53,103.91,105.262
2022-04-01,104.93,106.13,99.32,102.725,104.087
2022-04-04,106.26,108.15,103.29,105.72,106.692
2022-04-05,108.08,106.6,101.98,104.29,105.214
2022-04-06,106.17,100.81,96.39,98.6,99.484
2022-04-07,100.16,99.83,96.05,97.94,98.696
2022-04-08,101.06,101.26,98.35,99.805,100.387
2022-04-11,100.08,97.92,94.22,96.07,96.81
2022-04-12,102.41,104.42,100.52,102.47,103.25
2022-04-13,106.07,108.49,104.26,106.375,107.221
2022-04-14,108.52,110.83,106.84,108.835,109.633
2022-04-18,110.54,,108.24,,
2022-04-19,110.52,105.49,102.54,104.015,104.605
2022-04-20,107.97,105.05,102.56,103.805,104.303
2022-04-21,108.81,107.2,103.89,105.545,106.207
2022-04-22,107.66,105.15,102.86,104.005,104.463
2022-04-25,101.93,99.27,99.6,99.435,99.369
2022-04-26,102.94,102.89,102.62,102.755,102.809
2022-04-27,105.33,103.3,101.96,102.63,102.898
2022-04-28,105.3,105.78,105.47,105.625,105.687
2022-04-29,107.99,108.36,104.59,106.475,107.229
2022-05-02,110.09,,105.18,,
2022-05-03,109.7,104.94,102.53,103.735,104.217
2022-05-04,110.73,110.53,107.84,109.185,109.723
2022-05-05,112.94,112.11,108.17,110.14,110.928
2022-05-06,114.27,113.86,109.72,111.79,112.618
2022-05-09,112.38,106.67,103.08,104.875,105.593
2022-05-10,108.08,102.61,99.74,101.175,101.749
2022-05-11,108.92,107.7,105.5,106.6,107.04
2022-05-12,109.2,108.06,106.15,107.105,107.487
2022-05-13,112.27,112.12,110.52,111.32,111.64
2022-05-16,112.98,114.86,114.07,114.465,114.623
2022-05-17,117.1,112.89,112.31,112.6,112.716
2022-05-18,114.84,110.04,109.67,109.855,109.929
2022-05-19,111.94,113.22,112.21,112.715,112.917
2022-05-20,114.69,113.63,112.63,113.13,113.33
2022-05-23,115.95,115.13,110.32,112.725,113.687
2022-05-24,114.96,115.77,112.55,114.16,114.804
2022-05-25,115.83,116.41,112.88,114.645,115.351
2022-05-26,116.5,119.81,116.19,118,118.724
2022-05-27,118.84,121.19,114.96,118.075,119.321
2022-05-30,120.01,123.01,,,
2022-05-31,122.94,125.53,114.38,119.955,122.185
2022-06-01,117.07,122.2,115.26,118.73,120.118
2022-06-02,114.62,,116.88,,
2022-06-03,117.15,125.68,118.97,122.325,123.667
2022-06-06,119.85,124.99,118.41,121.7,123.016
2022-06-07,120.16,126.89,119.55,123.22,124.688
2022-06-08,121.54,129.2,121.94,125.57,127.022
2022-06-09,123.21,128.47,121.52,124.995,126.385
2022-06-10,123.19,127.44,120.73,124.085,125.427
2022-06-13,120.66,128.44,120.92,124.68,126.184
2022-06-14,123.73,127.02,118.92,122.97,124.59
2022-06-15,121.07,124.96,115.32,120.14,122.068
2022-06-16,119.24,125.78,117.56,121.67,123.314
2022-06-17,118.97,119.22,109.56,114.39,116.322
2022-06-20,113.39,118.25,,,
2022-06-21,115.97,118.51,110.49,114.5,116.104
2022-06-22,111,115.54,106.22,110.88,112.744
2022-06-23,111.09,114.5,105.75,110.125,111.875
2022-06-24,112.35,117.36,109.07,113.215,114.873
2022-06-27,114.88,119.69,111.44,115.565,117.215
2022-06-28,117.55,122.21,113.66,117.935,119.645
2022-06-29,117.63,120.8,111.65,116.225,118.055
2022-06-30,115.6,119.78,107.76,113.77,116.174
2022-07-01,113.15,119.21,110.3,114.755,116.537
2022-07-04,115.25,121.8,,,
2022-07-05,114.24,110.49,101.55,106.02,107.808
2022-07-06,106.67,108.54,100.31,104.425,106.071
2022-07-07,105.25,113.4,104.62,109.01,110.766
2022-07-08,109.02,113.95,106.78,110.365,111.799
2022-07-11,108.8,114.85,106.09,110.47,112.222
2022-07-12,106.81,106.98,97.69,102.335,104.193
2022-07-13,104.36,107.17,98.44,102.805,104.551
2022-07-14,102.61,107.74,97.79,102.765,104.755
2022-07-15,104.33,112.26,99.59,105.925,108.459
2022-07-18,108.7,117.27,104.48,110.875,113.433
2022-07-19,110.22,114.96,106.12,110.54,112.308
2022-07-20,109.87,115.86,104.45,110.155,112.437
2022-07-21,107.44,112.81,98.44,105.625,108.499
2022-07-22,107.6,106.77,97.71,102.24,104.052
2022-07-25,106.22,108.23,99.83,104.03,105.71
2022-07-26,109.3,107.32,97.74,102.53,104.446
2022-07-27,108.05,109.64,100.03,104.835,106.757
2022-07-28,110.79,109.68,99.11,104.395,106.509
2022-07-29,110.84,111.51,101.31,106.41,108.45
2022-08-01,106.8,106.09,96.59,101.34,103.24
2022-08-02,104.86,106.51,97.14,101.825,103.699
2022-08-03,104.18,101.82,93.25,97.535,99.249
2022-08-04,101.19,97.99,91.29,94.64,95.98
2022-08-05,100.01,100.31,91.77,96.04,97.748
2022-08-08,100.78,103.46,93.52,98.49,100.478
2022-08-09,100.92,103.81,93.18,98.495,100.621
2022-08-10,101.29,105.06,94.68,99.87,101.946
2022-08-11,103.2,107.19,97.02,102.105,104.139
2022-08-12,103.83,103.7,94.86,99.28,101.048
2022-08-15,100.04,98.25,92.24,95.245,96.447
2022-08-16,97.44,95.36,89.23,92.295,93.521
2022-08-17,95.73,97.22,90.85,94.035,95.309
2022-08-18,98.22,96.35,93.2,94.775,95.405
2022-08-19,99.66,96.45,93.55,95,95.58
2022-08-22,98.72,95.06,93.42,94.24,94.568
2022-08-23,101.93,99.49,96.46,97.975,98.581
2022-08-24,104.05,99.87,95.52,97.695,98.565
2022-08-25,104.63,98.81,93.33,96.07,97.166
2022-08-26,103.89,101.13,93.63,97.38,98.88
2022-08-29,104.85,,97.4,,
2022-08-30,106.41,99.34,92.08,95.71,97.162
2022-08-31,101.04,96.55,90.09,93.32,94.612
2022-09-01,98.19,92.24,87.09,89.665,90.695
2022-09-02,99.13,93.09,87.29,90.19,91.35
2022-09-05,99.76,94.22,,,
2022-09-06,98.95,91.43,87.35,89.39,90.206
2022-09-07,95.88,86.83,82.5,84.665,85.531
2022-09-08,92.59,87.99,84.04,86.015,86.805
2022-09-09,95.2,91.68,87.27,89.475,90.357
2022-09-12,97.42,93.45,88.18,90.815,91.869
2022-09-13,98.38,92.04,87.84,89.94,90.78
2022-09-14,97.57,92.83,88.88,90.855,91.645
2022-09-15,97.3,89.28,85.72,87.5,88.212
2022-09-16,95.7,89.43,85.57,87.5,88.272
2022-09-19,95.2,,86.15,,
2022-09-20,96.55,89.62,84.69,87.155,88.141
2022-09-21,96.31,89.86,83.38,86.62,87.916
2022-09-22,95.51,90.4,84.02,87.21,88.486
2022-09-23,92.67,84.29,79.07,81.68,82.724
2022-09-26,89.5,82.55,77.17,79.86,80.936
2022-09-27,89.81,85.97,78.91,82.44,83.852
2022-09-28,90.27,89.55,82.61,86.08,87.468
2022-09-29,92.76,89.41,81.78,85.595,87.121
2022-09-30,92.34,88.9,79.91,84.405,86.203
2022-10-03,90.69,90.68,84.05,87.365,88.691
2022-10-04,92.14,93.74,86.87,90.305,91.679
2022-10-05,94.06,94.35,88.22,91.285,92.511
2022-10-06,95.81,95.65,88.9,92.275,93.625
2022-10-07,97.44,98.88,93.07,95.975,97.137
2022-10-10,99.13,97.13,91.6,94.365,95.471
2022-10-11,96.03,95.17,89.75,92.46,93.544
2022-10-12,95.12,93.44,87.83,90.635,91.757
2022-10-13,93.66,95.16,89.59,92.375,93.489
2022-10-14,94.17,92.22,86.1,89.16,90.384
2022-10-17,92.16,91.04,86,88.52,89.528
2022-10-18,90.82,89.46,83.29,86.375,87.609
2022-10-19,89.29,91.34,86,88.67,89.738
2022-10-20,92.48,91.52,86.02,88.77,89.87
2022-10-21,92.09,91.82,85.47,88.645,89.915
2022-10-24,92.17,91.57,86.12,88.845,89.935
2022-10-25,92.56,91.76,86.93,89.345,90.311
2022-10-26,93.32,92.93,89.39,91.16,91.868
2022-10-27,94.73,94.17,89.06,91.615,92.637
2022-10-28,95.01,94.64,87.85,91.245,92.603
2022-10-31,93.17,93.3,86.54,89.92,91.272
2022-11-01,94.4,95.12,88.36,91.74,93.092
2022-11-02,94.71,96.07,90.06,93.065,94.267
2022-11-03,93.49,95.29,88.14,91.715,93.145
2022-11-04,96.12,99.53,92.58,96.055,97.445
2022-11-07,97.29,99.87,91.8,95.835,97.449
2022-11-08,95.96,96.85,88.8,92.825,94.435
2022-11-09,93.19,93.05,85.79,89.42,90.872
2022-11-10,91.29,94.25,86.52,90.385,91.931
2022-11-11,94.81,96.37,89.14,92.755,94.201
2022-11-14,94.42,93.59,85.85,89.72,91.268
2022-11-15,91.16,94.3,86.87,90.585,92.071
2022-11-16,91.72,92.61,85.62,89.115,90.513
2022-11-17,90.52,91,81.69,86.345,88.207
2022-11-18,87.65,88.93,80.07,84.5,86.272
2022-11-21,84.18,88.44,79.74,84.09,85.83
2022-11-22,86.2,88.65,80.83,84.74,86.304
2022-11-23,85.19,85.9,77.93,81.915,83.509
2022-11-24,81.52,85.59,,,
2022-11-25,83.8,83.4,76.45,79.925,81.315
2022-11-28,79.93,83.5,77.1,80.3,81.58
2022-11-29,83.42,83.22,77.96,80.59,81.642
2022-11-30,83.13,85.61,80.48,83.045,84.071
2022-12-01,84.28,86.28,81.06,83.67,84.714
2022-12-02,83.85,86.54,79.86,83.2,84.536
2022-12-05,83.04,83.36,76.83,80.095,81.401
2022-12-06,79.66,79.92,74.21,77.065,78.207
2022-12-07,77.01,77.11,71.93,74.52,75.556
2022-12-08,75.18,76.02,71.3,73.66,74.604
2022-12-09,74.66,76.37,71.05,73.71,74.774
2022-12-12,74.94,78,72.96,75.48,76.488
2022-12-13,78.34,80.14,75.44,77.79,78.73
2022-12-14,79.97,83.33,77.14,80.235,81.473
2022-12-15,80.47,82.34,75.89,79.115,80.405
2022-12-16,78.73,80.2,74.19,77.195,78.397
2022-12-19,78.11,81.66,75.05,78.355,79.677
2022-12-20,78.13,79.45,75.92,77.685,78.391
2022-12-21,79.36,80.25,78.17,79.21,79.626
2022-12-22,81.14,79.58,77.68,78.63,79.01
2022-12-23,80.58,82.45,79.57,81.01,81.586
2022-12-27,82.23,,79.45,,
2022-12-28,81.96,81.7,78.89,80.295,80.857
2022-12-29,80.39,80.96,78.43,79.695,80.201
2022-12-30,81.29,82.82,80.16,81.49,82.022
2023-01-03,82.05,80.36,76.87,78.615,79.313
2023-01-04,76.88,75.31,72.82,74.065,74.563
2023-01-05,75.77,76.73,73.61,75.17,75.794
2023-01-06,76.15,76.41,73.77,75.09,75.618
2023-01-09,77.57,77.5,74.69,76.095,76.657
2023-01-10,77,78.4,75.11,76.755,77.413
2023-01-11,78.23,81.11,77.46,79.285,80.015
2023-01-12,80.73,82.59,78.32,80.455,81.309
2023-01-13,81.86,83.43,79.9,81.665,82.371
2023-01-16,82.25,82.65,,,
2023-01-17,83.3,84.38,80.25,82.315,83.141
2023-01-18,84.62,83.78,79.53,81.655,82.505
2023-01-19,82.6,85.08,80.31,82.695,83.649
2023-01-20,84.9,86.96,81.27,84.115,85.253
2023-01-23,85.45,87.54,81.62,84.58,85.764
2023-01-24,84.89,85.25,79.86,82.555,83.633
2023-01-25,84.59,85.08,79.78,82.43,83.49
2023-01-26,84.47,86.29,80.64,83.465,84.595
2023-01-27,85.31,85.36,79.73,82.545,83.671
2023-01-30,83.45,84.9,77.97,81.435,82.821
2023-01-31,81.95,83.42,78.95,81.185,82.079
2023-02-01,82.87,81.61,76.34,78.975,80.029
2023-02-02,80.48,80.57,75.87,78.22,79.16
2023-02-03,79.42,78.85,73.4,76.125,77.215
2023-02-06,78.25,80.48,74.11,77.295,78.569
2023-02-07,80.55,82.92,77.17,80.045,81.195
2023-02-08,81.92,84.17,78.47,81.32,82.46
2023-02-09,82.84,83.46,78.04,80.75,81.834
2023-02-10,83.62,85.46,79.74,82.6,83.744
2023-02-13,84.23,85.98,80.14,83.06,84.228
2023-02-14,84.37,84.96,79.08,82.02,83.196
2023-02-15,82.95,84.11,78.57,81.34,82.448
2023-02-16,83.76,83.84,78.45,81.145,82.223
2023-02-17,81.73,81.97,76.31,79.14,80.272
2023-02-20,82.02,82.79,,,
2023-02-21,81.94,82.14,76.28,79.21,80.382
2023-02-22,80.52,79.55,73.95,76.75,77.87
2023-02-23,80.53,82.08,75.26,78.67,80.034
2023-02-24,82.04,82.31,76.19,79.25,80.474
2023-02-27,81.64,81.24,75.57,78.405,79.539
2023-02-28,81.91,83.21,76.88,80.045,81.311
2023-03-01,82.59,83.68,77.57,80.625,81.847
2023-03-02,83.22,84.15,78.05,81.1,82.32
2023-03-03,83.82,85.74,79.62,82.68,83.904
2023-03-06,84.59,85.86,80.39,83.125,84.219
2023-03-07,84.37,83.03,77.45,80.24,81.356
2023-03-08,82.12,82.1,76.56,79.33,80.438
2023-03-09,82.05,81,75.6,78.3,79.38
2023-03-10,80.72,82.3,76.55,79.425,80.575
2023-03-13,81.88,79.67,74.68,77.175,78.173
2023-03-14,78.92,76.77,71.18,73.975,75.093
2023-03-15,76.22,74.3,67.38,70.84,72.224
2023-03-16,73.75,73.12,68.15,70.635,71.629
2023-03-17,74.11,71.03,66.61,68.82,69.704
2023-03-20,70.77,72.42,67.56,69.99,70.962
2023-03-21,73.96,74.78,69.4,72.09,73.166
2023-03-22,74.75,76.08,70.71,73.395,74.469
2023-03-23,75.88,74.31,69.77,72.04,72.948
2023-03-24,74.6,73.63,69.22,71.425,72.307
2023-03-27,75.01,76.8,72.87,74.835,75.621
2023-03-28,77.63,78.07,73.12,75.595,76.585
2023-03-29,77.72,77.51,72.95,75.23,76.142
2023-03-30,77.53,78.45,74.32,76.385,77.211
2023-03-31,78.12,79.19,75.68,77.435,78.137
2023-04-03,84.84,85.81,80.4,83.105,84.187
2023-04-04,85.5,85.7,80.7,83.2,84.2
2023-04-05,85.49,85.89,80.69,83.29,84.33
2023-04-06,85.18,86.56,80.7,83.63,84.802
2023-04-10,85.5,,79.79,,
2023-04-11,85.42,87.32,81.54,84.43,85.586
2023-04-12,86.65,88.31,83.26,85.785,86.795
2023-04-13,87.77,86.51,82.16,84.335,85.205
2023-04-14,86.8,87.31,82.58,84.945,85.891
2023-04-17,86.43,85.63,80.93,83.28,84.22
2023-04-18,85.51,85.48,80.85,83.165,84.091
2023-04-19,84.41,85.34,79.18,82.26,83.492
2023-04-20,82.42,83.29,77.27,80.28,81.484
2023-04-21,81.86,83.36,77.86,80.61,81.71
2023-04-24,82.3,84.23,78.64,81.435,82.553
2023-04-25,82.95,82.13,77.05,79.59,80.606
2023-04-26,81.12,79.19,74.33,76.76,77.732
2023-04-27,78.4,80.11,74.77,77.44,78.508
2023-04-28,79.98,81.32,76.78,79.05,79.958
2023-05-01,80.1,,75.65,,
2023-05-02,78.59,76.71,71.71,74.21,75.21
2023-05-03,73.79,72.91,68.62,70.765,71.623
2023-05-04,73.3,73,68.52,70.76,71.656
2023-05-05,74.31,75.85,71.32,73.585,74.491
2023-05-08,76.56,,73.13,,
2023-05-09,76.32,77.76,73.68,75.72,76.536
2023-05-10,76.62,76.7,72.53,74.615,75.449
2023-05-11,76.71,75.32,70.81,73.065,73.967
2023-05-12,74.46,74.54,70.02,72.28,73.184
2023-05-15,74.45,75.46,71.07,73.265,74.143
2023-05-16,75.22,75.15,70.85,73,73.86
2023-05-17,74.6,76.98,72.78,74.88,75.72
2023-05-18,76.06,75.75,71.82,73.785,74.571
2023-05-19,75.71,75.42,71.57,73.495,74.265
2023-05-22,75.24,75.77,71.81,73.79,74.582
2023-05-23,75.96,76.66,72.87,74.765,75.523
2023-05-24,77.49,77.99,74.37,76.18,76.904
2023-05-25,76.94,75.66,71.68,73.67,74.466
2023-05-26,76.25,76.33,72.35,74.34,75.136
2023-05-29,76.88,,,,
2023-05-30,75.19,73.38,69.45,71.415,72.201
2023-05-31,73.07,71.98,68.11,70.045,70.819
2023-06-01,72.79,74.18,70.09,72.135,72.953
2023-06-02,73.33,76,71.76,73.88,74.728
2023-06-05,77.09,76.61,72.14,74.375,75.269
2023-06-06,75.46,76.22,71.71,73.965,74.867
2023-06-07,76.03,76.85,72.52,74.685,75.551
2023-06-08,76.55,75.88,71.28,73.58,74.5
2023-06-09,75.85,74.74,70.16,72.45,73.366
2023-06-12,72.96,71.8,67.08,69.44,70.384
2023-06-13,73.06,74.24,69.39,71.815,72.785
2023-06-14,74.84,73.39,68.22,70.805,71.839
2023-06-15,74.2,75.75,70.61,73.18,74.208
2023-06-16,75.89,76.76,71.81,74.285,75.275
2023-06-19,76.45,76.09,,,
2023-06-20,76.85,75.79,70.94,73.365,74.335
2023-06-21,77.24,76.92,72.55,74.735,75.609
2023-06-22,76.83,73.93,69.22,71.575,72.517
2023-06-23,74.14,73.56,68.91,71.235,72.165
2023-06-26,74.65,73.86,69.09,71.475,72.429
2023-06-27,75.15,71.88,67.68,69.78,70.62
2023-06-28,74.38,73.64,69.54,71.59,72.41
2023-06-29,74.34,73.86,69.85,71.855,72.657
2023-06-30,76.14,74.51,70.66,72.585,73.355
2023-07-03,76.12,74.52,69.71,72.115,73.077
2023-07-04,76.18,76.23,,,
2023-07-05,76.61,76.74,71.78,74.26,75.252
2023-07-06,77.56,76.72,71.76,74.24,75.232
2023-07-07,78.43,78.77,73.91,76.34,77.312
2023-07-10,79.09,77.83,73.05,75.44,76.396
2023-07-11,79.68,79.54,74.87,77.205,78.139
2023-07-12,80.64,80.35,75.77,78.06,78.976
2023-07-13,81.53,81.31,76.86,79.085,79.975
2023-07-14,82.06,79.9,75.44,77.67,78.562
2023-07-17,80.05,77.8,74.17,75.985,76.711
2023-07-18,80.33,79.54,75.76,77.65,78.406
2023-07-19,81.46,79.38,75.4,77.39,78.186
2023-07-20,81.28,79.62,75.65,77.635,78.429
2023-07-21,81.99,81.06,77.06,79.06,79.86
2023-07-24,83.19,82.53,78.81,80.67,81.414
2023-07-25,84.64,83.46,79.76,81.61,82.35
2023-07-26,84.82,82.98,79.11,81.045,81.819
2023-07-27,84.88,84.28,80.17,82.225,83.047
2023-07-28,85.37,84.49,80.55,82.52,83.308
2023-07-31,86.45,85.22,81.8,83.51,84.194
2023-08-01,86.63,85.34,81.37,83.355,84.149
2023-08-02,86.69,84.01,79.5,81.755,82.657
2023-08-03,85.5,86.19,81.56,83.875,84.801
2023-08-04,87.98,87.38,82.76,85.07,85.994
2023-08-07,88.25,86.47,81.94,84.205,85.111
2023-08-08,87.61,88,82.94,85.47,86.482
2023-08-09,88.2,89.31,84.35,86.83,87.822
2023-08-10,89.75,87.44,82.81,85.125,86.051
2023-08-11,88.97,87.93,83.17,85.55,86.502
2023-08-14,88.66,87.4,82.5,84.95,85.93
2023-08-15,87.82,86.28,81.06,83.67,84.714
2023-08-16,86.96,84.49,79.4,81.945,82.963
2023-08-17,86.17,85.24,80.43,82.835,83.797
2023-08-18,86.46,85.92,81.25,83.585,84.519
2023-08-21,87.58,85.44,80.71,83.075,84.021
2023-08-22,86.51,84.7,80.25,82.475,83.365
2023-08-23,85.84,83.94,78.91,81.425,82.431
2023-08-24,85.71,84.07,79.52,81.795,82.705
2023-08-25,86.89,85.42,80.47,82.945,83.935
2023-08-28,87.1,,80.65,,
2023-08-29,87.09,86.37,81.14,83.755,84.801
2023-08-30,87.76,86.62,81.64,84.13,85.126
2023-08-31,88.44,87.29,83.55,85.42,86.168
2023-09-01,89.66,89.98,85.52,87.75,88.642
2023-09-04,91.27,90.42,,,
2023-09-05,91.44,91.25,86.74,88.995,89.897
2023-09-06,92.3,91.79,87.55,89.67,90.518
2023-09-07,92.97,91.16,86.87,89.015,89.873
2023-09-08,92.84,91.85,87.51,89.68,90.548
2023-09-11,93.12,91.97,87.3,89.635,90.569
2023-09-12,94.09,93.58,88.87,91.225,92.167
2023-09-13,95.1,93.04,88.59,90.815,91.705
2023-09-14,95.7,95.2,90.13,92.665,93.679
2023-09-15,96.87,95.55,90.83,93.19,94.134
2023-09-18,96.93,95.95,91.47,93.71,94.606
2023-09-19,97,96.11,91.16,93.635,94.625
2023-09-20,95.82,94.56,89.2,91.88,92.952
2023-09-21,95.01,93.7,89.56,91.63,92.458
2023-09-22,95.73,93.99,90,91.995,92.793
2023-09-25,95.31,94.01,89.68,91.845,92.711
2023-09-26,94.47,94.46,91.43,92.945,93.551
2023-09-27,97.08,97.1,93.67,95.385,96.071
2023-09-28,97.48,96.64,91.65,94.145,95.143
2023-09-29,96.35,95.86,90.77,93.315,94.333
2023-10-02,95.02,91.21,88.81,90.01,90.49
2023-10-03,93.59,94.46,89.26,91.86,92.9
2023-10-04,92.38,89.83,84.32,87.075,88.177
2023-10-05,88.54,88.28,82.3,85.29,86.486
2023-10-06,87.33,87.86,82.83,85.345,86.351
2023-10-09,90.01,91.37,,,
2023-10-10,90.8,90.7,85.89,88.295,89.257
2023-10-11,89.89,87.58,83.7,85.64,86.416
2023-10-12,89.43,88.4,82.87,85.635,86.741
2023-10-13,91.62,94.33,87.67,91,92.332
2023-10-16,93.23,90.99,86.65,88.82,89.688
2023-10-17,92.65,92.52,86.66,89.59,90.762
2023-10-18,94.46,91.99,88.35,90.17,90.898
2023-10-19,93.63,93.12,89.35,91.235,91.989
2023-10-20,95.72,93.72,89.12,91.42,92.34
2023-10-23,94.29,91.88,85.49,88.685,89.963
2023-10-24,91.29,88,84.58,86.29,86.974
2023-10-25,90.83,90.14,86.07,88.105,88.919
2023-10-26,91.68,88.45,83.8,86.125,87.055
2023-10-27,91.6,90.73,86.04,88.385,89.323
2023-10-30,91.1,90.73,83.03,86.88,88.42
2023-10-31,90.06,86.82,81.64,84.23,85.266
2023-11-01,88.54,86.92,81.05,83.985,85.159
2023-11-02,89.08,89.02,83.04,86.03,87.226
2023-11-03,89.78,87.55,81.19,84.37,85.642
2023-11-06,88.86,87.31,81.54,84.425,85.579
2023-11-07,86.5,83.43,77.96,80.695,81.789
2023-11-08,84.27,81.46,75.85,78.655,79.777
2023-11-09,83.22,81.74,76.34,79.04,80.12
2023-11-10,83.71,83.66,,,
2023-11-13,84.08,84.09,78.86,81.475,82.521
2023-11-14,85.47,84.2,78.9,81.55,82.61
2023-11-15,84.82,82.4,77.15,79.775,80.825
2023-11-16,82.22,77.73,73.5,75.615,76.461
2023-11-17,81.08,81.22,76.47,78.845,79.795
2023-11-20,84.44,83.25,78.1,80.675,81.705
2023-11-21,84.75,82.42,78.35,80.385,81.199
2023-11-22,84.46,81.76,76.8,79.28,80.272
2023-11-23,83.78,80.85,,,
2023-11-24,84.16,79.82,74.83,77.325,78.323
2023-11-27,82.75,79.49,74.46,76.975,77.981
2023-11-28,83.4,81.66,76.09,78.875,79.989
2023-11-29,83.89,82.98,77.56,80.27,81.354
2023-11-30,85,81.72,75.66,78.69,79.902
2023-12-01,82.54,78.72,73.7,76.21,77.214
2023-12-04,79.63,78.16,72.73,75.445,76.531
2023-12-05,79.96,77.27,71.95,74.61,75.674
2023-12-06,78.26,74.33,68.98,71.655,72.725
2023-12-07,76.37,74.21,69,71.605,72.647
2023-12-08,77.42,75.94,70.87,73.405,74.419
2023-12-11,77.93,75.75,70.95,73.35,74.31
2023-12-12,77.01,74.11,68.27,71.19,72.358
2023-12-13,73.91,74.14,69.09,71.615,72.625
2023-12-14,76.77,77.05,71.21,74.13,75.298
2023-12-15,78.03,76.84,71.05,73.945,75.103
2023-12-18,78.47,78.89,72.16,75.525,76.871
2023-12-19,79.19,79.82,73.23,76.525,77.843
2023-12-20,81.24,81.1,73.87,77.485,78.931
2023-12-21,80.84,80.73,73.59,77.16,78.588
2023-12-22,81.23,80.23,73.29,76.76,78.148
2023-12-26,80.71,,75.84,,
2023-12-27,81.82,80.97,74.31,77.64,78.972
2023-12-28,80.31,79.04,72.02,75.53,76.934
2023-12-29,78.44,77.69,71.89,74.79,75.95
2024-01-02,78.36,76.24,70.62,73.43,74.554
2024-01-03,76.81,77.18,72.97,75.075,75.917
2024-01-04,78.88,75.79,72.38,74.085,74.767
2024-01-05,78.91,78.31,74,76.155,77.017
2024-01-08,78.26,75.47,71.06,73.265,74.147
2024-01-09,78.21,77.97,72.43,75.2,76.308
2024-01-10,78.93,78.46,71.57,75.015,76.393
2024-01-11,78.88,80.21,72.15,76.18,77.792
2024-01-12,80.18,79.89,72.94,76.415,77.805
2024-01-15,79.17,79.76,,,
2024-01-16,79.16,80.15,72.63,76.39,77.894
2024-01-17,78.38,78.88,72.79,75.835,77.053
2024-01-18,79.39,81.04,74.32,77.68,79.024
2024-01-19,80.27,80.71,73.69,77.2,78.604
2024-01-22,79.7,81.7,75.26,78.48,79.768
2024-01-23,81.3,82.04,74.72,78.38,79.844
2024-01-24,81.05,82.15,75.48,78.815,80.149
2024-01-25,81.98,82.33,77.91,80.12,81.004
2024-01-26,83,83.34,78.45,80.895,81.873
2024-01-29,84.19,83.99,77.25,80.62,81.968
2024-01-30,82.94,84.14,78.3,81.22,82.388
2024-01-31,82.99,82.98,76.28,79.63,80.97
2024-02-01,80.49,82.2,74.36,78.28,79.848
2024-02-02,78.64,79.54,72.72,76.13,77.494
2024-02-05,77.5,79.3,73.21,76.255,77.473
2024-02-06,78.38,80.46,73.83,77.145,78.471
2024-02-07,78.88,81.18,74.26,77.72,79.104
2024-02-08,80.18,83.01,76.67,79.84,81.108
2024-02-09,81.48,83.58,77.26,80.42,81.684
2024-02-12,81.43,83.88,77.34,80.61,81.918
2024-02-13,82.41,84.72,78.28,81.5,82.788
2024-02-14,82.52,84.41,77.09,80.75,82.214
2024-02-15,81.36,84.33,78.47,81.4,82.572
2024-02-16,82.63,84.88,79.65,82.265,83.311
2024-02-19,82.89,85.52,,,
2024-02-20,82.82,84.78,78.72,81.75,82.962
2024-02-21,81.99,84.77,78.89,81.83,83.006
2024-02-22,82.9,85.84,79.64,82.74,83.98
2024-02-23,82.23,84.18,77.6,80.89,82.206
2024-02-26,80.83,84.01,78.53,81.27,82.366
2024-02-27,82.22,83.8,79.8,81.8,82.6
2024-02-28,82.02,84.08,79.44,81.76,82.688
2024-02-29,82.01,84.57,79.22,81.895,82.965
2024-03-01,82.68,84.82,80.9,82.86,83.644
2024-03-04,83.41,86.58,79.67,83.125,84.507
2024-03-05,82.34,85.82,79.11,82.465,83.807
2024-03-06,82.68,86.59,80.08,83.335,84.637
2024-03-07,82.71,84.88,79.81,82.345,83.359
2024-03-08,83.08,84.29,78.96,81.625,82.691
2024-03-11,82.26,83.44,78.87,81.155,82.069
2024-03-12,82.61,83.66,78.51,81.085,82.115
2024-03-13,82.67,83.95,80.67,82.31,82.966
2024-03-14,84.27,86.16,82.16,84.16,84.96
2024-03-15,84.74,85.39,81.94,83.665,84.355
2024-03-18,85.71,86.47,83.68,85.075,85.633
2024-03-19,86.52,87.36,84.39,85.875,86.469
2024-03-20,86.03,85.77,82.79,84.28,84.876
2024-03-21,85.56,84.92,81.99,83.455,84.041
2024-03-22,84.88,84.87,81.1,82.985,83.739
2024-03-25,85.43,86.18,82.41,84.295,85.049
2024-03-26,85.92,85.91,82.41,84.16,84.86
2024-03-27,84.98,84.94,82.15,83.545,84.103
2024-03-28,86,86.17,83.96,85.065,85.507
2024-04-01,87.31,,84.54,,
2024-04-02,88.96,87.63,85.95,86.79,87.126
2024-04-03,89.56,90.6,86.22,88.41,89.286
2024-04-04,89.56,90.32,87.37,88.845,89.435
2024-04-05,91.11,92.81,87.69,90.25,91.274
2024-04-08,90.27,91.73,87.24,89.485,90.383
2024-04-09,90.56,92.13,86.04,89.085,90.303
2024-04-10,90.38,91.57,86.98,89.275,90.193
2024-04-11,90.62,91.49,85.79,88.64,89.78
2024-04-12,90.77,93.12,86.46,89.79,91.122
2024-04-15,89.57,90.84,86.21,88.525,89.451
2024-04-16,90.18,91.29,86.15,88.72,89.748
2024-04-17,89.64,89.54,83.58,86.56,87.752
2024-04-18,87.35,88.34,83.5,85.92,86.888
2024-04-19,87.52,87.96,83.79,85.875,86.709
2024-04-22,86.51,87.3,83.82,85.56,86.256
2024-04-23,88.17,88.29,84.17,86.23,87.054
2024-04-24,88.45,89.02,84.09,86.555,87.541
2024-04-25,88.39,88.1,84.92,86.51,87.146
2024-04-26,89.19,89.95,85.38,87.665,88.579
2024-04-29,88.72,88.44,84.26,86.35,87.186
2024-04-30,87.83,88.23,83.49,85.86,86.808
2024-05-01,87.15,83.55,80.7,82.125,82.695
2024-05-02,84.21,84.81,80.59,82.7,83.544
2024-05-03,83.77,83.6,79.65,81.625,82.415
2024-05-06,83.72,,80.1,,
2024-05-07,83.58,82.69,79.97,81.33,81.874
2024-05-08,83.03,82.44,80.57,81.505,81.879
2024-05-09,84.28,83.27,80.86,82.065,82.547
2024-05-10,84.27,83.39,79.81,81.6,82.316
2024-05-13,83.41,83.18,80.71,81.945,82.439
2024-05-14,83.06,81,79.62,80.31,80.586
2024-05-15,82.95,79.98,80.23,80.105,80.055
2024-05-16,83.3,81.65,80.85,81.25,81.41
2024-05-17,84.04,82.24,81.66,81.95,82.066
2024-05-20,84.51,81.91,81.39,81.65,81.754
2024-05-21,83.58,81.22,80.66,80.94,81.052
2024-05-22,83.27,79.9,79.15,79.525,79.675
2024-05-23,82.41,79.25,77.47,78.36,78.716
2024-05-24,81.92,78.92,78.48,78.7,78.788
2024-05-27,82.53,,,,
2024-05-28,84,81.34,80.9,81.12,81.208
2024-05-29,84.49,81.5,80.24,80.87,81.122
2024-05-30,83.08,81.42,78.96,80.19,80.682
2024-05-31,81.93,79.41,77.97,78.69,78.978
2024-06-03,81.23,76.45,75.26,75.855,76.093
2024-06-04,78.09,75.33,74.27,74.8,75.012
2024-06-05,78.31,75.41,75.08,75.245,75.311
2024-06-06,79.74,77.62,76.52,77.07,77.29
2024-06-07,80.3,78.12,76.53,77.325,77.643
2024-06-10,80.85,79.59,78.75,79.17,79.338
2024-06-11,82.28,80.15,78.88,79.515,79.769
2024-06-12,83.03,80.52,79.56,80.04,80.232
2024-06-13,82.81,81.44,79.61,80.525,80.891
2024-06-14,82.69,81.49,79.41,80.45,80.866
2024-06-17,83.07,82.45,81.33,81.89,82.114
2024-06-18,84.5,84.79,82.67,83.73,84.154
2024-06-19,85.54,85.64,,,
2024-06-20,85.68,85.92,83.34,84.63,85.146
2024-06-21,86,86.42,81.71,84.065,85.007
2024-06-24,85.98,86.75,82.63,84.69,85.514
2024-06-25,86.27,86.81,81.97,84.39,85.358
2024-06-26,85.46,85.76,82.19,83.975,84.689
2024-06-27,86.05,87,83.04,85.02,85.812
2024-06-28,86.59,87.26,82.83,85.045,85.931
2024-07-01,86.47,86.57,84.7,85.635,86.009
2024-07-02,87.38,88.28,84.09,86.185,87.023
2024-07-03,87.02,88.25,85.19,86.72,87.332
2024-07-04,87.47,88.34,,,
2024-07-05,88.11,88.66,84.44,86.55,87.394
2024-07-08,86.77,87.15,83.63,85.39,86.094
2024-07-09,85.91,86.48,82.78,84.63,85.37
2024-07-10,85.4,86.55,83.39,84.97,85.602
2024-07-11,86.11,86.49,83.92,85.205,85.719
2024-07-12,86.27,87.35,83.49,85.42,86.192
2024-07-15,85.31,86.42,83.22,84.82,85.46
2024-07-16,84.44,86.6,81.92,84.26,85.196
2024-07-17,84.56,85.76,84.16,84.96,85.28
2024-07-18,85.43,86.26,84.17,85.215,85.633
2024-07-19,84.81,85.19,81.43,83.31,84.062
2024-07-22,82.77,83.44,81.25,82.345,82.783
2024-07-23,82.19,82.2,78.24,80.22,81.012
2024-07-24,81.45,83.01,78.78,80.895,81.741
2024-07-25,81.37,82.58,79.43,81.005,81.635
2024-07-26,81.67,81.35,78.58,79.965,80.519
2024-07-29,80.66,80.94,77.27,79.105,79.839
2024-07-30,79.58,79.26,76.17,77.715,78.333
2024-07-31,80.65,81.39,79.36,80.375,80.781
2024-08-01,80.91,81.37,77.74,79.555,80.281
2024-08-02,78.97,78.35,74.99,76.67,77.342
2024-08-05,75.15,77.51,74.46,75.985,76.595
2024-08-06,75.46,76.62,74.6,75.61,76.014
2024-08-07,76.78,78.26,76.68,77.47,77.786
2024-08-08,77.96,80.76,77.64,79.2,79.824
2024-08-09,78.17,81.07,78.28,79.675,80.233
2024-08-12,79.92,83.06,81.45,82.255,82.577
2024-08-13,80.78,82.51,79.81,81.16,81.7
2024-08-14,80.07,82.15,78.47,80.31,81.046
2024-08-15,79.93,83.09,79.66,81.375,82.061
2024-08-16,79.76,81.56,78.05,79.805,80.507
2024-08-19,78.69,81.09,75.82,78.455,79.509
2024-08-20,76.73,78.85,75.27,77.06,77.776
2024-08-21,77.03,78.77,72.76,75.765,76.967
2024-08-22,76.33,78.8,73.72,76.26,77.276
2024-08-23,77.75,80.34,75.82,78.08,78.984
2024-08-26,79.43,,78.4,,
2024-08-27,80.17,81.51,76.5,79.005,80.007
2024-08-28,78.25,80.04,75.49,77.765,78.675
2024-08-29,78.1,81.55,76.9,79.225,80.155
2024-08-30,78.75,80.2,74.52,77.36,78.496
2024-09-02,77.04,77.82,,,
2024-09-03,76.3,76.46,71.28,73.87,74.906
2024-09-04,73.68,74.67,70.11,72.39,73.302
2024-09-05,73.69,74.47,70.09,72.28,73.156
2024-09-06,73.2,72.82,68.58,70.7,71.548
2024-09-09,72.23,72.37,69.65,71.01,71.554
2024-09-10,71.41,70.34,66.73,68.535,69.257
2024-09-11,70.84,70.31,68.25,69.28,69.692
2024-09-12,72.42,73.81,69.89,71.85,72.634
2024-09-13,73.05,73.68,69.59,71.635,72.453
2024-09-16,72.77,73.96,71.1,72.53,73.102
2024-09-17,73.57,74.55,72.16,73.355,73.833
2024-09-18,73.65,74.52,71.87,73.195,73.725
2024-09-19,75.15,75.93,72.86,74.395,75.009
2024-09-20,74.74,75.96,72.72,74.34,74.988
2024-09-23,74.44,74.95,71.33,73.14,73.864
2024-09-24,75.12,75.29,72.34,73.815,74.405
2024-09-25,74.9,75.4,70.42,72.91,73.906
2024-09-26,72.04,73.06,68.28,70.67,71.626
2024-09-27,72.25,71.63,68.72,70.175,70.757
2024-09-30,73,72.35,68.75,70.55,71.27
2024-10-01,71.22,75.3,70.41,72.855,73.833
2024-10-02,74.5,74.86,70.74,72.8,73.624
2024-10-03,74.79,77.57,74.33,75.95,76.598
2024-10-04,77.54,79.32,74.93,77.125,78.003
2024-10-07,78.38,81.74,77.76,79.75,80.546
2024-10-08,78.15,78.19,74.26,76.225,77.011
2024-10-09,76.92,77.06,73.85,75.455,76.097
2024-10-10,77.11,79.45,76.46,77.955,78.553
2024-10-11,78.31,80.27,76.11,78.19,79.022
2024-10-14,77.06,78.47,,,
2024-10-15,73.58,73.68,71.22,72.45,72.942
2024-10-16,73.45,73.65,70.97,72.31,72.846
2024-10-17,73.59,74.37,71.26,72.815,73.437
2024-10-18,73.21,72.75,69.78,71.265,71.859
2024-10-21,73.02,73.29,71.16,72.225,72.651
2024-10-22,73.48,75.59,72.84,74.215,74.765
2024-10-23,74.47,74.68,71.37,73.025,73.687
2024-10-24,74.7,74.27,70.58,72.425,73.163
2024-10-25,73.81,75.62,72.02,73.82,74.54
2024-10-28,71.59,71.87,67.65,69.76,70.604
2024-10-29,70.79,71.09,67.48,69.285,70.007
2024-10-30,71.27,73.21,68.91,71.06,71.92
2024-10-31,71.37,73.25,69.58,71.415,72.149
2024-11-01,73.64,73.63,69.81,71.72,72.484
2024-11-04,74.02,74.89,71.83,73.36,73.972
2024-11-05,74.76,76.98,72.26,74.62,75.564
2024-11-06,73.94,76.52,71.98,74.25,75.158
2024-11-07,74.41,75.73,72.69,74.21,74.818
2024-11-08,73.92,74.04,70.69,72.365,73.035
2024-11-11,72.92,72.19,,,
2024-11-12,71.5,72.56,68.43,70.495,71.321
2024-11-13,71.67,72.86,68.76,70.81,71.63
2024-11-14,71.84,73.39,68.99,71.19,72.07
2024-11-15,71.22,73.45,67.33,70.39,71.614
2024-11-18,71.32,74.35,69.46,71.905,72.883
2024-11-19,72.67,74.32,69.75,72.035,72.949
2024-11-20,73.16,74.33,69.25,71.79,72.806
2024-11-21,73.43,75.09,70.39,72.74,73.68
2024-11-22,74.54,76.1,71.68,73.89,74.774
2024-11-25,73.69,74.27,69.41,71.84,72.812
2024-11-26,72.96,74.56,69.05,71.805,72.907
2024-11-27,72.61,73.91,69.03,71.47,72.446
2024-11-28,71.82,73.92,,,
2024-11-29,72.45,74.16,68.26,71.21,72.39
2024-12-02,71.96,72.81,68.35,70.58,71.472
2024-12-03,72.39,74.8,70.15,72.475,73.405
2024-12-04,73.44,74.68,68.81,71.745,72.919
2024-12-05,72.21,73.78,68.58,71.18,72.22
2024-12-06,71.69,73.78,68.58,71.18,72.22
2024-12-09,71.97,73.73,68.65,71.19,72.206
2024-12-10,71.93,73.64,68.85,71.245,72.203
2024-12-11,72.45,74.38,70.57,72.475,73.237
2024-12-12,73.36,73.52,70.25,71.885,72.539
2024-12-13,73.58,74.89,71.54,73.215,73.885
2024-12-16,74.03,74.3,71.03,72.665,73.319
2024-12-17,73.43,73.16,70.31,71.735,72.305
2024-12-18,73.73,74.57,70.8,72.685,73.439
2024-12-19,72.88,73.75,70.1,71.925,72.655
2024-12-20,72.58,73.19,69.71,71.45,72.146
2024-12-23,72.76,72.12,69.5,70.81,71.334
2024-12-24,73.13,73.5,70.87,72.185,72.711
2024-12-26,73.92,,70.38,,
2024-12-27,73.91,73.77,71.28,72.525,73.023
2024-12-30,74.62,74.24,71.73,72.985,73.487
2024-12-31,74.59,74.58,72.44,73.51,73.938
2025-01-02,74.86,76.14,73.79,74.965,75.435
2025-01-03,75.82,76.72,74.64,75.68,76.096
2025-01-06,76.11,77.27,74.31,75.79,76.382
2025-01-07,76,77.84,74.99,76.415,76.985
2025-01-08,76.85,77.37,73.99,75.68,76.356
2025-01-09,76.05,78.44,,,
2025-01-10,77.87,79.76,77.27,78.515,79.013
2025-01-13,81.64,82.69,79.57,81.13,81.754
2025-01-14,81.17,82.39,78.2,80.295,81.133
2025-01-15,81.59,83.48,80.73,82.105,82.655
2025-01-16,83.07,82.39,79.35,80.87,81.478
2025-01-17,83.04,83.02,78.56,80.79,81.682
2025-01-20,82.1,81.68,,,
2025-01-21,81.66,80.57,76.79,78.68,79.436
2025-01-22,80.83,80,76.12,78.06,78.836
2025-01-23,80.69,78.62,75.03,76.825,77.543
2025-01-24,80.37,78.71,74.97,76.84,77.588
2025-01-27,80,77.3,73.51,75.405,76.163
2025-01-28,79.48,78.01,74.15,76.08,76.852
2025-01-29,79.44,77.02,72.94,74.98,75.796
2025-01-30,79.31,77.42,73.1,75.26,76.124
2025-01-31,78.41,77.11,72.84,74.975,75.829
2025-02-03,77.99,76.49,73.52,75.005,75.599
2025-02-04,76.9,76.58,73.04,74.81,75.518
2025-02-05,77.17,74.71,71.39,73.05,73.714
2025-02-06,76.45,74.54,70.97,72.755,73.469
2025-02-07,76.71,74.68,71.32,73,73.672
2025-02-10,77.22,76.23,72.73,74.48,75.18
2025-02-11,78.31,77.65,73.67,75.66,76.456
2025-02-12,77.88,75.38,71.72,73.55,74.282
2025-02-13,76.24,75.61,71.66,73.635,74.425
2025-02-14,76.79,75.19,71.05,73.12,73.948
2025-02-17,76.72,75.81,,,
2025-02-18,77.11,76.46,72.21,74.335,75.185
2025-02-19,78.19,76.34,72.58,74.46,75.212
2025-02-20,78.15,76.95,72.88,74.915,75.729
2025-02-21,77.42,74.88,70.72,72.8,73.632
2025-02-24,75.97,74.89,71.06,72.975,73.741
2025-02-25,75.93,73.11,69.15,71.13,71.922
2025-02-26,74.87,73.49,68.87,71.18,72.104
2025-02-27,74.98,75.01,70.62,72.815,73.693
2025-02-28,75.16,74.76,69.97,72.365,73.323
2025-03-03,74.97,72.85,68.63,70.74,71.584
2025-03-04,72.37,72.31,68.47,70.39,71.158
2025-03-05,72.49,70.92,66.58,68.75,69.618
2025-03-06,71.74,71.08,66.62,68.85,69.742
2025-03-07,72.54,72.49,67.29,69.89,70.93
2025-03-10,72.73,71.08,66.31,68.695,69.649
2025-03-11,72.14,71.51,66.52,69.015,70.013
2025-03-12,72.55,72.36,67.65,70.005,70.947
2025-03-13,73.34,70.82,66.82,68.82,69.62
2025-03-14,72.98,71.94,67.43,69.685,70.587
2025-03-17,73.65,71.93,67.84,69.885,70.703
2025-03-18,74.12,71.93,67.49,69.71,70.598
2025-03-19,73.13,71.94,67.4,69.67,70.578
2025-03-20,74.25,72.61,68.55,70.58,71.392
2025-03-21,74.91,72.64,68.52,70.58,71.404
2025-03-24,75.11,73.96,69.46,71.71,72.61
2025-03-25,75.74,73.78,69.48,71.63,72.49
2025-03-26,75.96,74.6,70.05,72.325,73.235
2025-03-27,76.11,74.72,70.3,72.51,73.394
2025-03-28,76.25,74.69,69.74,72.215,73.205
2025-03-31,76.89,77.23,71.87,74.55,75.622
2025-04-01,77.43,77.78,71.61,74.695,75.929
2025-04-02,77.44,77.27,72.12,74.695,75.725
2025-04-03,75.35,72.54,67.43,69.985,71.007
2025-04-04,70.85,68.36,62.42,65.39,66.578
2025-04-07,66.25,66.13,61.05,63.59,64.606
2025-04-08,66.55,64.86,60.04,62.45,63.414
2025-04-09,63.4,67.3,62.63,64.965,65.899
2025-04-10,66.41,65.37,60.57,62.97,63.93
2025-04-11,66.35,66.83,61.91,64.37,65.354
2025-04-14,67.53,67.18,61.99,64.585,65.623
2025-04-15,67.65,66.58,61.74,64.16,65.128
2025-04-16,68.06,67.94,62.88,65.41,66.422
2025-04-17,69.5,69.33,65.07,67.2,68.052
2025-04-21,69.65,,63.48,,
2025-04-22,69.94,68.93,64.6,66.765,67.631
2025-04-23,70.26,68.26,62.64,65.45,66.574
2025-04-24,68.83,67.5,63.55,65.525,66.315
2025-04-25,68.74,66.99,63.85,65.42,66.048
2025-04-28,68.16,66.13,63.3,64.715,65.281
2025-04-29,66.52,64.04,61.84,62.94,63.38
2025-04-30,63.69,63.37,59.55,61.46,62.224
2025-05-01,61.88,62.37,60.59,61.48,61.836
2025-05-02,61.79,61.57,59.67,60.62,61
2025-05-05,59.86,,58.5,,
2025-05-06,61.8,62.37,60.42,61.395,61.785
2025-05-07,62.87,60.31,59.42,59.865,60.043
2025-05-08,62.08,62.22,61.25,61.735,61.929
2025-05-09,63.87,64.26,62.37,63.315,63.693
2025-05-12,64.31,65.28,63.32,64.3,64.692
2025-05-13,65.38,66.93,65.04,65.985,66.363
2025-05-14,66.02,65.91,64.48,65.195,65.481
2025-05-15,63.62,64.36,63.03,63.695,63.961
2025-05-16,64.08,65.2,63.84,64.52,64.792
2025-05-19,64.65,66.25,63.98,65.115,65.569
2025-05-20,65.01,66.93,63.97,65.45,66.042
2025-05-21,65.6,65.86,62.93,64.395,64.981
2025-05-22,63.81,64.87,62.55,63.71,64.174
2025-05-23,63.63,65.41,62.89,64.15,64.654
2025-05-26,64.07,,,,
2025-05-27,63.78,64.32,61.61,62.965,63.507
2025-05-28,63.92,65.72,62.54,64.13,64.766
2025-05-29,64.49,64.6,61.66,63.13,63.718
2025-05-30,63.18,64.32,61.46,62.89,63.462
2025-06-02,64.5,66.55,63.27,64.91,65.566
2025-06-03,65.07,67.48,64.1,65.79,66.466
2025-06-04,65.1,66.69,63.57,65.13,65.754
2025-06-05,64.9,67.14,64.06,65.6,66.216
2025-06-06,65.32,68.02,65.3,66.66,67.204
2025-06-09,66.48,68.73,65.99,67.36,67.908
2025-06-10,67.35,68.41,65.66,67.035,67.585
2025-06-11,67.47,71.29,68.91,70.1,70.576
2025-06-12,69.15,70.84,68.73,69.785,70.207
2025-06-13,73.34,76,73.84,74.92,75.352
2025-06-16,73.15,75.05,72.53,73.79,74.294
2025-06-17,74.39,78.7,75.62,77.16,77.776
2025-06-18,75.8,78.38,75.89,77.135,77.633
2025-06-19,77.44,80.37,,,
2025-06-20,77.25,78.73,75.72,77.225,77.827
2025-06-23,76.19,74.34,69.36,71.85,72.846
2025-06-24,68.71,69.13,65.45,67.29,68.026
2025-06-25,67.99,68.4,65.98,67.19,67.674
2025-06-26,68.13,68.57,66.44,67.505,67.931
2025-06-27,68.35,69.37,66.66,68.015,68.557
2025-06-30,68.35,68.15,66.3,67.225,67.595
2025-07-01,68.13,67.63,66.64,67.135,67.333
2025-07-02,68.83,70.8,68.66,69.73,70.158
2025-07-03,69.86,70.42,68.13,69.275,69.733
2025-07-04,69.92,71.03,,,
2025-07-07,69.99,71.95,69.16,70.555,71.113
2025-07-08,70.93,72.5,69.55,71.025,71.615
2025-07-09,71.96,71.98,69.61,70.795,71.269
2025-07-10,71.23,70.38,67.78,69.08,69.6
2025-07-11,70.77,72.06,69.63,70.845,71.331
2025-07-14,72,70.96,68.19,69.575,70.129
2025-07-15,70.34,70.27,67.76,69.015,69.517
2025-07-16,69.93,69.67,67.13,68.4,68.908
2025-07-17,69.94,71.32,68.76,70.04,70.552
2025-07-18,70.97,71.06,68.53,69.795,70.301
2025-07-21,70.65,71.92,68.39,70.155,70.861
2025-07-22,70.31,69.69,67.56,68.625,69.051
2025-07-23,70.31,69.17,66.05,67.61,68.234
2025-07-24,71.19,70.42,67.16,68.79,69.442
2025-07-25,71.26,69.23,66.38,67.805,68.375
2025-07-28,70.98,70.87,67.81,69.34,69.952
2025-07-29,72.61,73.21,70.27,71.74,72.328
2025-07-30,74.94,73.98,71.09,72.535,73.113
2025-07-31,75.34,73.43,70.36,71.895,72.509
2025-08-01,73.86,70.55,68.39,69.47,69.902
2025-08-04,71.7,69.56,67.33,68.445,68.891
2025-08-05,70.85,69.14,66.2,67.67,68.258
2025-08-06,70.71,67.97,65.38,66.675,67.193
2025-08-07,69.6,66.99,64.9,65.945,66.363
2025-08-08,69.03,67.17,64.94,66.055,66.501
2025-08-11,68.76,67.36,65.03,66.195,66.661
2025-08-12,69.03,66.8,64.22,65.51,66.026
2025-08-13,67.95,66.25,63.68,64.965,65.479
2025-08-14,68.51,68.12,64.99,66.555,67.181
2025-08-15,68.76,67.3,63.78,65.54,66.244
2025-08-18,68.33,68.18,64.51,66.345,67.079
2025-08-19,68.57,66.62,63.38,65,65.648
2025-08-20,69.13,67.61,64.19,65.9,66.584
2025-08-21,70.13,68.41,64.56,66.485,67.255
2025-08-22,70.38,68.29,64.08,66.185,67.027
2025-08-25,70.57,,65.18,,
2025-08-26,70.66,66.89,63.6,65.245,65.903
2025-08-27,69.86,67.75,64.49,66.12,66.772
2025-08-28,69.77,68.61,64.96,66.785,67.515
2025-08-29,70.63,67.83,64.36,66.095,66.789
2025-09-01,71.18,67.09,,,
2025-09-02,72.13,68.09,65.95,67.02,67.448
2025-09-03,71.52,67.76,64.36,66.06,66.74
2025-09-04,69.86,66.41,63.81,65.11,65.63
2025-09-05,69.24,64.92,62.22,63.57,64.11
2025-09-08,69.57,65.44,62.6,64.02,64.588
2025-09-09,70.08,67.97,62.97,65.47,66.47
2025-09-10,70.63,67.62,64.01,65.815,66.537
2025-09-11,70.69,67.25,62.71,64.98,65.888
2025-09-12,70.13,67.87,63.02,65.445,66.415
2025-09-15,71.21,67.88,63.66,65.77,66.614
2025-09-16,71.11,69.69,64.89,67.29,68.25
2025-09-17,71.34,69.19,64.41,66.8,67.756
2025-09-18,70.95,67.83,63.91,65.87,66.654
2025-09-19,70,67.05,63.02,65.035,65.841
2025-09-22,69.58,66.87,62.99,64.93,65.706
2025-09-23,69.29,67.96,63.76,65.86,66.7
2025-09-24,71.01,69.64,65.4,67.52,68.368
2025-09-25,71.72,70.48,65.51,67.995,68.989
2025-09-26,72.04,71.15,66.5,68.825,69.755
2025-09-29,70.7,69,64.27,66.635,67.581
2025-09-30,69.42,68.52,63.17,65.845,66.915
2025-10-01,67.34,66.67,62.59,64.63,65.446
2025-10-02,65.94,65.44,61.28,63.36,64.192
2025-10-03,65.6,66.13,61.65,63.89,64.786
2025-10-06,66.38,67.09,62.49,64.79,65.71
2025-10-07,66.63,67.1,62.52,64.81,65.726
2025-10-08,67.04,67.42,63.37,65.395,66.205
2025-10-09,67.21,67.23,62.36,64.795,65.769
2025-10-10,65.44,64.41,59.75,62.08,63.012
2025-10-13,64.34,64.15,,,
2025-10-14,63.17,63,59.52,61.26,61.956
2025-10-15,63.2,62.33,59.08,60.705,61.355
2025-10-16,63.03,61.08,58.29,59.685,60.243
2025-10-17,61.92,61.23,58.3,59.765,60.351
2025-10-20,61.87,60.71,58.34,59.525,59.999
2025-10-21,62.17,61,58.66,59.83,60.298
2025-10-22,63.48,62.28,59.3,60.79,61.386
2025-10-23,67.38,66.32,62.44,64.38,65.156
2025-10-24,68.45,65.8,62.27,64.035,64.741
2025-10-27,67.67,65.52,62.13,63.825,64.503
2025-10-28,65.58,64.03,60.97,62.5,63.112
2025-10-29,65.37,65.01,61.26,63.135,63.885
2025-10-30,66.58,65.11,61.36,63.235,63.985
2025-10-31,66.84,65.44,61.75,63.595,64.333
2025-11-03,66.59,65.79,61.79,63.79,64.59
2025-11-04,65.54,65.04,61.38,63.21,63.942
2025-11-05,65.61,63.54,60.4,61.97,62.598
2025-11-06,64.63,63.41,60.24,61.825,62.459
2025-11-07,64.94,63.72,60.54,62.13,62.766
2025-11-10,65.01,63.01,60.94,61.975,62.389
2025-11-11,65.14,63.86,,,
2025-11-12,65.22,61.88,59.3,60.59,61.106
2025-11-13,63.52,62.14,59.54,60.84,61.36
2025-11-14,64.78,63.45,60.87,62.16,62.676
2025-11-17,64.75,63.16,60.66,61.91,62.41
2025-11-18,64.64,64.86,61.51,63.185,63.855
2025-11-19,64.75,63.78,60.27,62.025,62.727
2025-11-20,64.54,63.64,60.07,61.855,62.569
2025-11-21,63.1,62.78,58.86,60.82,61.604
2025-11-24,63.25,64.83,59.11,61.97,63.114
2025-11-25,63.53,63.99,58.25,61.12,62.268
2025-11-26,63.31,64.81,58.81,61.81,63.01
2025-11-27,64.02,64.18,,,
2025-11-28,64.37,64.07,58.58,61.325,62.423
2025-12-01,63.74,64.22,59.47,61.845,62.795
2025-12-02,63.39,63.37,58.81,61.09,62.002
2025-12-03,63.13,63.75,59.09,61.42,62.352
2025-12-04,63.22,64.15,59.82,61.985,62.851
2025-12-05,63.56,64.42,60.23,62.325,63.163
2025-12-08,63.82,63.3,59.04,61.17,62.022
2025-12-09,62.34,62.62,58.4,60.51,61.354
2025-12-10,61.83,63.12,58.67,60.895,61.785
2025-12-11,61.24,61.87,57.76,59.815,60.637
2025-12-12,61.3,62.11,57.61,59.86,60.76
2025-12-15,60.75,61.55,56.97,59.26,60.176
2025-12-16,59.49,59.93,55.44,57.685,58.583
2025-12-17,59.52,60.61,56.07,58.34,59.248
2025-12-18,60.01,60.69,56.22,58.455,59.349
2025-12-19,59.88,61.35,56.8,59.075,59.985
2025-12-22,61.17,62.22,58.18,60.2,61.008
2025-12-23,61.89,63.7,58.55,61.125,62.155
2025-12-24,62.1,63.7,58.72,61.21,62.206
2025-12-26,61.96,,56.6,,
2025-12-29,60.99,63.1,57.89,60.495,61.537
2025-12-30,61.08,62.3,57.79,60.045,60.947
2025-12-31,60.96,61.35,57.26,59.305,60.123
2026-01-02,59.69,61.98,57.21,59.595,60.549
2026-01-05,58.66,63,58.1,60.55,61.53
2026-01-06,59.49,62.1,56.97,59.535,60.561
2026-01-07,58.39,61.08,56.01,58.545,59.559
2026-01-08,58.64,63.34,57.74,60.54,61.66
2026-01-09,61.08,65.11,58.96,62.035,63.265
2026-01-12,61.63,65.4,59.39,62.395,63.597
2026-01-13,62.66,67.58,60.85,64.215,65.561
2026-01-14,63.18,68.87,61.84,65.355,66.761
2026-01-15,62.65,66.16,59.13,62.645,64.051
2026-01-16,62.82,66.97,59.4,63.185,64.699
2026-01-19,62.49,66.91,,,
2026-01-20,62.6,67.68,60.3,63.99,65.466
2026-01-21,62.83,66.72,60.38,63.55,64.818
2026-01-22,63.09,65.46,59.24,62.35,63.594
2026-01-23,62.8,68.16,60.7,64.43,65.922
2026-01-26,63.57,67.7,60.46,64.08,65.528
2026-01-27,63.39,70.28,62.04,66.16,67.808
2026-01-28,65.02,70.9,62.75,66.825,68.455
2026-01-29,66.89,71,64.77,67.885,69.131
2026-01-30,66.91,72.25,64.5,68.375,69.925
2026-02-02,64.94,67.72,61.6,64.66,65.884
2026-02-03,65.23,70.01,62.62,66.315,67.793
2026-02-04,66.65,71.15,64.56,67.855,69.173
2026-02-05,67,69.87,62.9,66.385,67.779
2026-02-06,67.49,70.45,63.77,67.11,68.446
2026-02-09,66.93,71.19,64.53,67.86,69.192
2026-02-10,67.86,71.01,64.2,67.605,68.967
2026-02-11,68.52,71.52,64.8,68.16,69.504
2026-02-12,68.06,69.8,63.08,66.44,67.784
2026-02-13,66.62,69.96,63.05,66.505,67.887
2026-02-16,66.81,70.81,,,
2026-02-17,66.55,69.77,62.53,66.15,67.598
2026-02-18,67.03,71.78,65.33,68.555,69.845
2026-02-19,69.79,73.17,66.66,69.915,71.217
2026-02-20,70.11,72.75,66.69,69.72,70.932
2026-02-23,69.71,71.9,66.36,69.13,70.238
2026-02-24,69.69,71.21,65.62,68.415,69.533
2026-02-25,69.29,70.69,65.3,67.995,69.073
2026-02-26,69.64,71.66,65.1,68.38,69.692
2026-02-27,70.07,71.32,66.96,69.14,70.012
2026-03-02,78.24,77.24,71.13,74.185,75.407
2026-03-03,80.92,83.28,74.48,78.88,80.64
2026-03-04,82.8,81.56,74.58,78.07,79.466
2026-03-05,90.03,88.59,80.88,84.735,86.277
2026-03-06,96.33,95.74,90.77,93.255,94.249
2026-03-09,115.54,94.35,94.65,94.5,94.44
2026-03-10,102.4,89.84,83.71,86.775,88.001
2026-03-11,105.06,90.98,86.8,88.89,89.726
2026-03-12,120.86,102.38,95.61,98.995,100.349
2026-03-13,126.9,103.23,98.48,100.855,101.805
2026-03-16,128.99,101.04,93.39,97.215,98.745
2026-03-17,132.87,108.39,96.01,102.2,104.676
2026-03-18,135.06,118.09,96.12,107.105,111.499
2026-03-19,146.05,111.05,96.11,103.58,106.568
2026-03-20,142.86,118.42,98.71,108.565,112.507
2026-03-23,145.24,103.79,89.33,96.56,99.452
2026-03-24,132.21,108.42,93.18,100.8,103.848
2026-03-25,116.96,109.14,91.51,100.325,103.851
2026-03-26,122.16,113.39,96.18,104.785,108.227
2026-03-27,118.11,121.47,101.26,111.365,115.407
2026-03-30,117.14,121.88,104.69,113.285,116.723
2026-03-31,123.21,126.69,102.86,114.775,119.541
2026-04-01,111.06,119.56,101.9,110.73,114.262
2026-04-02,121.45,127.61,113.23,120.42,123.296
2026-04-06,124.38,,114.01,,
2026-04-07,124.68,138.21,114.58,126.395,131.121
2026-04-08,107.58,122.11,96.17,109.14,114.328
2026-04-09,107.81,119.03,99.62,109.325,113.207
2026-04-10,105.78,119.07,98.34,108.705,112.851
2026-04-13,110.43,123.28,100.72,112,116.512
2026-04-14,107.19,118.69,93.07,105.88,111.004
2026-04-15,104.56,114.93,93.04,103.985,108.363
2026-04-16,104.79,116.63,96.46,106.545,110.579
2026-04-17,99.6,98.63,85.91,92.27,94.814
2026-04-20,97.74,103.4,91.06,97.23,99.698
2026-04-21,96.31,106.14,93.64,99.89,102.39
2026-04-22,103.06,113.44,94.76,104.1,107.836
2026-04-23,106.28,113.25,99.27,106.26,109.056
2026-04-24,108.33,111.86,98.42,105.14,107.828
2026-04-27,107.62,113.89,99.89,106.89,109.69
2026-04-28,109.44,117.62,103.45,110.535,113.369
2026-04-29,112.83,124.16,110.47,117.315,120.053
2026-04-30,113.71,124.24,108.64,116.44,119.56
2026-05-01,120.61,118.26,105.38,111.82,114.396
2026-05-04,116.03,,109.76,,
2026-05-05,118.33,,,,
2026-05-06,112.26,,,,
2026-05-07,106.46,,,,
2026-05-08,107.66,,,,
