date,notice_date,gasoline_adjust_cny_per_ton,diesel_adjust_cny_per_ton,beijing_gasoline_ceiling_after_cny_per_ton,beijing_diesel_ceiling_after_cny_per_ton,notice_title,source_url,avg_adjust_cny_per_ton,avg_ceiling_after_cny_per_ton,is_adjusted,adjust_direction,abs_adjust_cny_per_ton,month,basket_window_avg,basket_window_avg_valid_days,basket_window_change,basket_window_change_pct,brent_window_avg,brent_window_avg_valid_days,brent_window_change,brent_window_change_pct,wti_window_avg,wti_window_avg_valid_days,wti_window_change,wti_window_change_pct,brent_wti_avg_window_avg,brent_wti_avg_window_avg_valid_days,brent_wti_avg_window_change,brent_wti_avg_window_change_pct,brent_wti_weighted_window_avg,brent_wti_weighted_window_avg_valid_days,brent_wti_weighted_window_change,brent_wti_weighted_window_change_pct,cpi_yoy_pct,ppi_yoy_pct,nbs_manufacturing_pmi,non_manufacturing_pmi,nbs_general_pmi,import_volume_10k_tons,import_amount_10k_usd,average_price_usd_per_ton,oil_price_band,profit_deduction_factor,is_low_floor_binding,is_profit_deduction_binding,is_extreme_high_binding,theory_adjust_raw_cny_per_ton,theory_adjust_rule_cny_per_ton,carry_before_rule_cny_per_ton,carry_after_rule_cny_per_ton,theory_adjust_band_cny_per_ton,theory_adjust_band_rule_cny_per_ton,carry_before_band_cny_per_ton,carry_after_band_cny_per_ton,theory_error_band_rule_cny_per_ton,strategy,strategy_action_cny_per_ton,strategy_notes,consumer_loss_raw,refinery_loss_raw,cpi_loss_raw,volatility_loss_raw,unmet_gap,cumulative_unmet_gap,security_loss_raw,consumer_loss,refinery_loss,cpi_loss,volatility_loss,security_loss,total_loss
2016-01-14,2016-01-13,-140,-135,6925,5970,完善成品油价格机制 同步下调成品油价格,https://www.ndrc.gov.cn/xwdt/ztzl/gncpyjg/201601/t20160113_1292913.html,-137.5,6447.5,1,down,137.5,2016-01,29.61,10,-9.253,-23.809279,33.936,10,-9.007,-20.974315,34.668,10,-5.88,-14.501332,34.302,10,-7.28,-17.507575,34.1556,10,-7.84,-18.668622,1.8,-5.3,49.4,53.5,,2669,752620.9,281.99,low_floor,1,1,0,0,-372.313579,-372.313579,-372.313579,0,0,0,0,0,-137.5,S0_current,-137.5,actual historical adjustment,0,18906.25,0,0,137.5,137.5,18906.25,0,0.019097,0,0,0.001835,0.004095
2016-01-27,2016-01-27,0,0,6925,5970,1月27日国内成品油价格不作调整,https://www.ndrc.gov.cn/xwdt/ztzl/gncpyjg/201601/t20160127_1292914.html,0,6447.5,0,no_adjust,0,2016-01,24.442,10,-5.168,-17.453563,28.576,10,-5.36,-15.794437,29.813,10,-4.855,-14.004269,29.2835,10,-5.0185,-14.630342,29.0717,10,-5.0839,-14.884528,1.8,-5.3,49.4,53.5,,2669,752620.9,281.99,low_floor,1,1,0,0,-240.795213,-240.795213,-240.795213,0,0,0,0,0,0,S0_current,0.0,actual historical adjustment,0,0,0,18906.25,0,137.5,18906.25,0,0,0,0.019097,0.001835,0.00314
2016-02-15,2016-02-15,0,0,6925,5970,2月15日国内成品油价格不作调整,https://www.ndrc.gov.cn/xwdt/ztzl/gncpyjg/201602/t20160215_1292915.html,0,6447.5,0,no_adjust,0,2016-02,28.122,10,3.68,15.056051,31.297,10,2.721,9.521976,29.702,10,-0.111,-0.372321,30.4995,10,1.216,4.152509,30.8185,10,1.7468,6.008593,2.3,-4.9,49,52.7,,3180,737326.3,231.86,low_floor,1,0,0,0,85.159035,85.159035,85.159035,0,85.159035,85.159035,85.159035,0,-85.159035,S0_current,0.0,actual historical adjustment,0,7252.061242,0,0,85.159035,222.659035,49577.045867,0,0.007325,0,0,0.004815,0.002187
2016-02-29,2016-02-29,0,0,6925,5970,2月29日国内成品油价格不作调整,https://www.ndrc.gov.cn/xwdt/ztzl/gncpyjg/201602/t20160229_1292916.html,0,6447.5,0,no_adjust,0,2016-02,29.175,10,1.053,3.744399,32.654,10,1.357,4.335879,30.602,10,0.9,3.030099,31.628,10,1.1285,3.700061,32.0384,10,1.2199,3.958337,2.3,-4.9,49,52.7,,3180,737326.3,231.86,low_floor,1,0,0,0,60.015889,60.015889,60.015889,0,60.015889,60.015889,60.015889,0,-60.015889,S0_current,0.0,actual historical adjustment,0,3601.906932,0,0,60.015889,282.674924,79905.112658,0,0.003638,0,0,0.007762,0.001892
2016-03-14,2016-03-14,0,0,6925,5970,3月14日国内成品油价格不作调整,https://www.ndrc.gov.cn/xwdt/ztzl/gncpyjg/201603/t20160314_1292917.html,0,6447.5,0,no_adjust,0,2016-03,33.3,10,4.125,14.138817,37.787,10,5.133,15.719361,36.064,10,5.462,17.848507,36.9255,10,5.2975,16.749399,37.2701,10,5.2317,16.329467,2.3,-4.3,50.2,53.8,,3261,771184.3,236.49,low_floor,1,0,0,0,251.455017,251.455017,251.455017,0,251.455017,251.455017,251.455017,0,-251.455017,S0_current,0.0,actual historical adjustment,0,63229.625574,0,0,251.455017,534.129941,285294.793873,0,0.063867,0,0,0.02772,0.016931
2016-03-28,2016-03-28,0,0,6925,5970,3月28日国内成品油价格不作调整,https://www.ndrc.gov.cn/xwdt/ztzl/gncpyjg/201603/t20160328_1292918.html,0,6447.5,0,no_adjust,0,2016-03,35.493,10,2.193,6.585586,38.951,10,1.164,3.080424,38.788,10,2.724,7.553239,38.8695,10,1.944,5.264655,38.9021,10,1.632,4.378845,2.3,-4.3,50.2,53.8,,3261,771184.3,236.49,low_floor,1,0,0,0,79.680893,79.680893,79.680893,0,79.680893,79.680893,79.680893,0,-79.680893,S0_current,0.0,actual historical adjustment,0,6349.044709,0,0,79.680893,613.810834,376763.739936,0,0.006413,0,0,0.036608,0.006774
2016-04-12,2016-04-12,0,0,6925,5970,4月12日国内成品油价格不作调整,https://www.ndrc.gov.cn/xwdt/ztzl/gncpyjg/201604/t20160412_1292919.html,0,6447.5,0,no_adjust,0,2016-04,34.606,10,-0.887,-2.499084,37.581,10,-1.37,-3.51724,37.018,10,-1.77,-4.563267,37.2995,10,-1.57,-4.039157,37.4121,10,-1.49,-3.830127,2.3,-3.4,50.1,53.5,,3258,870569.7,267.21,low_floor,1,1,0,0,-69.297859,-69.297859,-69.297859,0,0,0,0,0,0,S0_current,0.0,actual historical adjustment,0,0,0,0,0,613.810834,376763.739936,0,0,0,0,0.036608,0.005491
2016-04-27,2016-04-26,165,160,7090,6130,国内成品油价格按机制上调,https://www.ndrc.gov.cn/xwdt/ztzl/gncpyjg/201604/t20160426_1292920.html,162.5,6610,1,up,162.5,2016-04,38.674,10,4.068,11.755187,42.834,10,5.253,13.977808,41.662,10,4.644,12.545248,42.248,10,4.9485,13.266934,42.4824,10,5.0703,13.552567,2.3,-3.4,50.1,53.5,,3258,870569.7,267.21,normal,1,0,0,0,243.753168,243.753168,243.753168,0,243.753168,243.753168,243.753168,0,-81.253168,S0_current,162.5,actual historical adjustment,26406.25,6602.07731,38553.125,26406.25,81.253168,695.064002,483113.966876,0.020408,0.006669,0.02483,0.026672,0.046942,0.023685
2016-05-12,2016-05-11,120,115,7210,6245,国内成品油价格按机制上调,https://www.ndrc.gov.cn/xwdt/ztzl/gncpyjg/201605/t20160511_1292921.html,117.5,6727.5,1,up,117.5,2016-05,41.279,10,2.605,6.735791,44.283,10,1.449,3.382827,44.651,10,2.989,7.174404,44.467,10,2.219,5.25232,44.3934,10,1.911,4.498333,2,-2.8,50.1,53.1,,3224,940142.9,291.61,normal,1,0,0,0,92.994497,92.994497,92.994497,0,92.994497,92.994497,92.994497,0,24.505503,S0_current,117.5,actual historical adjustment,13806.25,600.519677,19328.75,2025,-24.505503,670.558499,449648.700581,0.01067,0.000607,0.012449,0.002045,0.04369,0.012761
2016-05-26,2016-05-25,210,200,7420,6445,国内成品油价格按机制上调,https://www.ndrc.gov.cn/xwdt/ztzl/gncpyjg/201605/t20160525_1292922.html,205,6932.5,1,up,205,2016-05,43.883,10,2.604,6.308292,47.743,10,3.46,7.813382,47.519,10,2.868,6.423148,47.631,10,3.164,7.115389,47.6758,10,3.2824,7.393892,2,-2.8,50.1,53.1,,3224,940142.9,291.61,normal,1,0,0,0,158.436349,158.436349,158.436349,0,158.436349,158.436349,158.436349,0,46.563651,S0_current,205.0,actual historical adjustment,42025,2168.173594,58835,7656.25,-46.563651,623.994848,389369.570331,0.032479,0.00219,0.037892,0.007733,0.037833,0.024866
2016-06-09,2016-06-08,110,110,7530,6555,国内成品油价格按机制上调,https://www.ndrc.gov.cn/xwdt/ztzl/gncpyjg/201606/t20160608_1292923.html,110,7042.5,1,up,110,2016-06,45.461,10,1.578,3.595926,49.022,10,1.279,2.678927,49.158,10,1.639,3.449147,49.09,10,1.459,3.063131,49.0628,10,1.387,2.909233,1.9,-2.6,50,53.7,,3062,983636.1,321.24,normal,1,0,0,0,67.989735,67.989735,67.989735,0,67.989735,67.989735,67.989735,0,42.010265,S0_current,110.0,actual historical adjustment,12100,1764.862365,16698,9025,-42.010265,581.984583,338706.05485,0.009352,0.001783,0.010754,0.009116,0.03291,0.011687
2016-06-23,2016-06-23,0,0,7530,6555,6月23日国内成品油价格不作调整,https://www.ndrc.gov.cn/xwdt/ztzl/gncpyjg/201606/t20160623_1292924.html,0,7042.5,0,no_adjust,0,2016-06,45.925,10,0.464,1.020655,48.252,10,-0.77,-1.570723,48.656,10,-0.502,-1.021197,48.454,10,-0.636,-1.29558,48.3732,10,-0.6896,-1.405546,1.9,-2.6,50,53.7,,3062,983636.1,321.24,normal,1,0,0,0,-31.103563,0,-31.103563,-31.103563,-31.103563,0,-31.103563,-31.103563,0,S0_current,0.0,actual historical adjustment,0,0,0,12100,0,581.984583,338706.05485,0,0,0,0.012222,0.03291,0.00677
2016-07-07,2016-07-07,0,0,7530,6555,7月7日国内成品油价格不作调整,https://www.ndrc.gov.cn/xwdt/ztzl/gncpyjg/201607/t20160707_1292925.html,0,7042.5,0,no_adjust,0,2016-07,45.21,10,-0.715,-1.556886,47.014,10,-1.238,-2.565697,48.017,10,-0.639,-1.313302,47.536,10,-0.918,-1.89458,47.3436,10,-1.0296,-2.128451,1.8,-1.7,49.9,53.9,,3107,1061217.3,341.56,normal,1,0,0,0,-47.328027,-78.43159,-78.43159,0,-47.328027,-78.43159,-78.43159,0,78.43159,S0_current,0.0,actual historical adjustment,0,6151.51431,0,0,-78.43159,503.552993,253565.616759,0,0.006213,0,0,0.024637,0.004938
2016-07-22,2016-07-21,-155,-150,7375,6405,国内成品油价格按机制下调,https://www.ndrc.gov.cn/xwdt/ztzl/gncpyjg/201607/t20160721_1292926.html,-152.5,6890,1,down,152.5,2016-07,43.027,10,-2.183,-4.828578,45.502,10,-1.512,-3.216063,45.341,10,-2.676,-5.573026,45.4215,10,-2.1145,-4.448208,45.4537,10,-1.8899,-3.991881,1.8,-1.7,49.9,53.9,,3107,1061217.3,341.56,normal,1,0,0,0,-88.380692,-88.380692,-88.380692,0,-88.380692,-88.380692,-88.380692,0,-64.119308,S0_current,-152.5,actual historical adjustment,0,4111.285658,0,23256.25,64.119308,567.672301,322251.841323,0,0.004153,0,0.023491,0.031311,0.009051
2016-08-05,2016-08-04,-220,-215,7155,6190,国内成品油价格按机制下调,https://www.ndrc.gov.cn/xwdt/ztzl/gncpyjg/201608/t20160804_1292927.html,-217.5,6672.5,1,down,217.5,2016-08,40.168,10,-2.859,-6.644665,42.258,10,-3.244,-7.129357,41.685,10,-3.656,-8.063342,41.9715,10,-3.45,-7.595522,42.0861,10,-3.3676,-7.408858,1.3,-0.8,50.4,53.5,,3285,1071423.6,326.16,normal,1,0,0,0,-158.895074,-158.895074,-158.895074,0,-158.895074,-158.895074,-158.895074,0,-58.604926,S0_current,-217.5,actual historical adjustment,0,3434.537351,0,4225,58.604926,626.277227,392223.165059,0,0.003469,0,0.004268,0.03811,0.00705
2016-08-19,2016-08-18,175,170,7330,6360,国内成品油价格按机制上调,https://www.ndrc.gov.cn/xwdt/ztzl/gncpyjg/201608/t20160818_1292928.html,172.5,6845,1,up,172.5,2016-08,41.994,10,1.826,4.545907,44.611,10,2.353,5.568176,43.842,10,2.157,5.174523,44.2265,10,2.255,5.372693,44.3803,10,2.2942,5.451206,1.3,-0.8,50.4,53.5,,3285,1071423.6,326.16,normal,1,0,0,0,111.280422,111.280422,111.280422,0,111.280422,111.280422,111.280422,0,61.219578,S0_current,172.5,actual historical adjustment,29756.25,3747.83673,37492.875,152100,-61.219578,565.057649,319290.146693,0.022997,0.003786,0.024147,0.153632,0.031023,0.040242
2016-09-02,2016-09-01,205,200,7535,6560,国内成品油价格按机制上调,https://www.ndrc.gov.cn/xwdt/ztzl/gncpyjg/201609/t20160901_1292929.html,202.5,7047.5,1,up,202.5,2016-09,45.558,10,3.564,8.486927,48.766,10,4.155,9.313846,46.989,10,3.147,7.178048,47.8775,10,3.651,8.255232,48.2329,10,3.8526,8.680879,1.9,0.1,50.4,53.7,,3306,1051321.5,318,normal,1,0,0,0,185.645729,185.645729,185.645729,0,185.645729,185.645729,185.645729,0,16.854271,S0_current,202.5,actual historical adjustment,41006.25,284.066451,56588.625,900,-16.854271,548.203378,300526.943651,0.031692,0.000287,0.036446,0.000909,0.0292,0.021608
2016-09-19,2016-09-18,-155,-150,7380,6410,国内成品油价格按机制下调,https://www.ndrc.gov.cn/xwdt/ztzl/gncpyjg/201609/t20160918_1292930.html,-152.5,6895,1,down,152.5,2016-09,43.204,10,-2.354,-5.16704,46.857,10,-1.909,-3.914613,44.992,10,-1.997,-4.249931,45.8865,10,-1.991,-4.15853,46.2443,10,-1.9886,-4.122912,1.9,0.1,50.4,53.7,,3306,1051321.5,318,normal,1,0,0,0,-93.090558,-93.090558,-93.090558,0,-93.090558,-93.090558,-93.090558,0,-59.409442,S0_current,-152.5,actual historical adjustment,0,3529.481799,0,126025,59.409442,607.61282,369193.339028,0,0.003565,0,0.127295,0.035872,0.025188
2016-09-30,2016-09-30,0,0,7380,6410,9月30日国内成品油价格不作调整,https://www.ndrc.gov.cn/xwdt/ztzl/gncpyjg/201609/t20160930_1292931.html,0,6895,0,no_adjust,0,2016-09,42.509,10,-0.695,-1.608647,46.193,10,-0.664,-1.417077,45.106,10,0.114,0.253378,45.6495,10,-0.237,-0.516492,45.8669,10,-0.3774,-0.816101,1.9,0.1,50.4,53.7,,3306,1051321.5,318,normal,1,0,0,0,-16.205688,0,-16.205688,-16.205688,-16.205688,0,-16.205688,-16.205688,0,S0_current,0.0,actual historical adjustment,0,0,0,23256.25,0,607.61282,369193.339028,0,0,0,0.023491,0.035872,0.008904
2016-10-20,2016-10-19,355,340,7735,6750,国内成品油价格按机制上调,https://www.ndrc.gov.cn/xwdt/ztzl/gncpyjg/201610/t20161019_1292932.html,347.5,7242.5,1,up,347.5,2016-10,48.316,10,5.807,13.660637,49.903,10,3.71,8.03152,50.166,10,5.06,11.21802,50.0345,10,4.385,9.605801,49.9819,10,4.115,8.971611,2.1,1.2,51.2,54,,2879,940085,326.53,normal,1,0,0,0,198.167197,181.96151,181.96151,0,198.167197,181.96151,181.96151,0,165.53849,S0_current,347.5,actual historical adjustment,120756.25,27402.991671,171473.875,120756.25,-165.53849,442.07433,195429.713245,0.093327,0.027679,0.110437,0.121973,0.018987,0.077621
2016-11-02,2016-11-02,0,0,7735,6750,11月2日国内成品油价格不作调整,https://www.ndrc.gov.cn/xwdt/ztzl/gncpyjg/201611/t20161102_1292933.html,0,7242.5,0,no_adjust,0,2016-11,47.32,10,-0.996,-2.061429,48.929,10,-0.974,-1.951786,49.281,10,-0.885,-1.764143,49.105,10,-0.9295,-1.857718,49.0346,10,-0.9473,-1.895286,2.3,3.3,51.7,54.7,,3235,1121513.6,346.68,normal,1,0,0,0,-43.400752,0,-43.400752,-43.400752,-43.400752,0,-43.400752,-43.400752,0,S0_current,0.0,actual historical adjustment,0,0,0,120756.25,0,442.07433,195429.713245,0,0,0,0.121973,0.018987,0.021144
2016-11-17,2016-11-16,-365,-355,7370,6395,国内成品油价格按机制下调,https://www.ndrc.gov.cn/xwdt/ztzl/gncpyjg/201611/t20161116_1292934.html,-360,6882.5,1,down,360,2016-11,42.066,10,-5.254,-11.103128,43.26,10,-5.669,-11.586176,44.625,10,-4.656,-9.44786,43.9425,10,-5.1625,-10.513186,43.6695,10,-5.3651,-10.941458,2.3,3.3,51.7,54.7,,3235,1121513.6,346.68,normal,1,0,0,0,-254.213799,-297.614551,-297.614551,0,-254.213799,-297.614551,-297.614551,0,-62.385449,S0_current,-360.0,actual historical adjustment,0,3891.944247,0,129600,62.385449,504.459779,254479.668629,0,0.003931,0,0.130906,0.024725,0.024131
2016-12-01,2016-11-30,175,170,7545,6565,国内成品油价格按机制上调,https://www.ndrc.gov.cn/xwdt/ztzl/gncpyjg/201611/t20161130_1292935.html,172.5,7055,1,up,172.5,2016-12,44.083,10,2.017,4.794846,45.783,10,2.523,5.832178,46.242,10,1.617,3.623529,45.843,10,1.9005,4.32497,45.6834,10,2.0139,4.611686,2.1,5.5,51.4,54.5,,3638,1229788.7,338.04,normal,1,0,0,0,97.904783,97.904783,97.904783,0,97.904783,97.904783,97.904783,0,74.595217,S0_current,172.5,actual historical adjustment,29756.25,5564.446399,42253.875,283556.25,-74.595217,429.864562,184783.541663,0.022997,0.005621,0.027213,0.286413,0.017953,0.059332
2016-12-15,2016-12-14,435,420,7980,6985,国内成品油价格按机制上调,https://www.ndrc.gov.cn/xwdt/ztzl/gncpyjg/201612/t20161214_1292936.html,427.5,7482.5,1,up,427.5,2016-12,50.357,10,6.274,14.232244,52.115,10,6.332,13.830461,51.279,10,5.037,10.892695,51.697,10,5.854,12.76967,51.8642,10,6.1808,13.529641,2.1,5.5,51.4,54.5,,3638,1229788.7,338.04,normal,1,0,0,0,296.74513,296.74513,296.74513,0,296.74513,296.74513,296.74513,0,130.75487,S0_current,427.5,actual historical adjustment,182756.25,17096.836029,259513.875,65025,-130.75487,299.109692,89466.607848,0.141244,0.017269,0.167139,0.06568,0.008691,0.091705
2016-12-29,2016-12-28,100,95,8080,7080,国内成品油价格按机制上调,https://www.ndrc.gov.cn/xwdt/ztzl/gncpyjg/201612/t20161228_1292937.html,97.5,7580,1,up,97.5,2016-12,51.861,10,1.504,2.986675,53.536,10,1.421,2.726662,51.943,10,0.664,1.294877,52.7355,10,1.0385,2.008821,53.0557,10,1.1915,2.297346,2.1,5.5,51.4,54.5,,3638,1229788.7,338.04,normal,1,0,0,0,58.660669,58.660669,58.660669,0,58.660669,58.660669,58.660669,0,38.839331,S0_current,97.5,actual historical adjustment,9506.25,1508.493633,13498.875,108900,-38.839331,260.270361,67740.660815,0.007347,0.001524,0.008694,0.109997,0.00658,0.021801
2017-01-13,2017-01-12,70,70,8150,7150,国内成品油价格按机制上调,https://www.ndrc.gov.cn/xwdt/ztzl/gncpyjg/201701/t20170112_1292938.html,70,7650,1,up,70,2017-01,52.78,10,0.919,1.772045,54.659,10,1.123,2.097654,52.989,10,1.046,2.013746,53.824,10,1.0885,2.064074,54.158,10,1.1023,2.077628,2.5,6.9,51.3,54.6,54,3403,1296886.6,381.1,normal,1,0,0,0,54.404133,54.404133,54.404133,0,54.404133,54.404133,54.404133,0,15.595867,S0_current,70.0,actual historical adjustment,4900,243.231067,7350,756.25,-15.595867,244.674494,59865.608014,0.003787,0.000246,0.004734,0.000764,0.005815,0.003166
2017-01-26,2017-01-25,-70,-70,8080,7080,国内成品油价格按机制下调,https://www.ndrc.gov.cn/xwdt/ztzl/gncpyjg/201701/t20170125_1292939.html,-70,7580,1,down,70,2017-01,52.077,10,-0.703,-1.331944,54.296,10,-0.363,-0.664118,52.082,10,-0.907,-1.711676,53.134,10,-0.69,-1.281956,53.5548,10,-0.6032,-1.113778,2.5,6.9,51.3,54.6,54,3403,1296886.6,381.1,normal,1,0,0,0,-26.98064,0,-26.98064,-26.98064,-26.98064,0,-26.98064,-26.98064,-70,S0_current,-70.0,actual historical adjustment,0,4900,0,19600,70,314.674494,99020.037174,0,0.004949,0,0.019797,0.009619,0.005402
2017-02-15,2017-02-14,50,50,8130,7130,国内成品油价格按机制上调,https://www.ndrc.gov.cn/xwdt/ztzl/gncpyjg/201702/t20170214_1292940.html,50,7630,1,up,50,2017-02,53.126,10,1.049,2.014325,54.946,10,0.65,1.197142,53.137,10,1.055,2.025652,54.0415,10,0.9075,1.707946,54.4033,10,0.8485,1.584358,0.8,7.8,51.6,54.2,54,3178,1249189.9,393.07,normal,1,0,0,0,42.293048,0,15.312407,15.312407,42.293048,0,15.312407,15.312407,50,S0_current,50.0,actual historical adjustment,2500,2500,2900,14400,-50,264.674494,70052.587774,0.001932,0.002525,0.001868,0.014545,0.006804,0.004657
2017-02-28,2017-02-28,0,0,8130,7130,2月28日国内成品油价格不作调整,https://www.ndrc.gov.cn/xwdt/ztzl/gncpyjg/201702/t20170228_1292941.html,0,7630,0,no_adjust,0,2017-02,53.492,10,0.366,0.688928,54.982,10,0.036,0.065519,53.624,10,0.487,0.916499,54.248,10,0.2065,0.382114,54.4976,10,0.0943,0.173335,0.8,7.8,51.6,54.2,54,3178,1249189.9,393.07,normal,1,0,0,0,6.30337,0,21.615777,21.615777,6.30337,0,21.615777,21.615777,0,S0_current,0.0,actual historical adjustment,0,0,0,2500,0,264.674494,70052.587774,0,0,0,0.002525,0.006804,0.001399
2017-03-15,2017-03-14,-85,-85,8045,7045,国内成品油价格按机制下调,https://www.ndrc.gov.cn/xwdt/ztzl/gncpyjg/201703/t20170314_1292942.html,-85,7545,1,down,85,2017-03,52.329,10,-1.163,-2.174157,53.138,10,-1.844,-3.353825,51.423,10,-2.201,-4.104505,52.2805,10,-1.9675,-3.626862,52.6235,10,-1.8741,-3.438867,0.9,7.6,51.8,55.1,54.7,3895,1535754.3,394.29,normal,1,0,0,0,-87.626732,-66.010954,-66.010954,0,-87.626732,-66.010954,-66.010954,0,-18.989046,S0_current,-85.0,actual historical adjustment,0,360.583868,0,7225,18.989046,283.66354,80465.003925,0,0.000364,0,0.007298,0.007816,0.00234
2017-03-29,2017-03-28,-230,-220,7815,6825,国内成品油价格按机制下调,https://www.ndrc.gov.cn/xwdt/ztzl/gncpyjg/201703/t20170328_1292943.html,-225,7320,1,down,225,2017-03,48.841,10,-3.488,-6.66552,50.2,10,-2.938,-5.529,47.564,10,-3.859,-7.504424,48.882,10,-3.3985,-6.500512,49.4092,10,-3.2143,-6.108108,0.9,7.6,51.8,55.1,54.7,3895,1535754.3,394.29,normal,1,0,0,0,-151.57975,-151.57975,-151.57975,0,-151.57975,-151.57975,-151.57975,0,-73.42025,S0_current,-225.0,actual historical adjustment,0,5390.53311,0,19600,73.42025,357.08379,127508.833081,0,0.005445,0,0.019797,0.012388,0.005917
2017-04-13,2017-04-12,200,190,8015,7015,国内成品油价格按机制上调,https://www.ndrc.gov.cn/xwdt/ztzl/gncpyjg/201704/t20170412_1292944.html,195,7515,1,up,195,2017-04,51.469,10,2.628,5.380725,53.172,10,2.972,5.920319,51.307,10,3.743,7.869397,52.2395,10,3.3575,6.868581,52.6125,10,3.2033,6.483206,1.2,6.4,51.2,54,53.9,3439,1306318.4,379.85,normal,1,0,0,0,154.661775,154.661775,154.661775,0,154.661775,154.661775,154.661775,0,40.338225,S0_current,195.0,actual historical adjustment,38025,1627.172396,47151,176400,-40.338225,316.745565,100327.752947,0.029388,0.001644,0.030367,0.178177,0.009746,0.043456
2017-04-26,2017-04-26,0,0,8015,7015,4月26日国内成品油价格不作调整,https://www.ndrc.gov.cn/xwdt/ztzl/gncpyjg/201704/t20170426_1292945.html,0,7515,0,no_adjust,0,2017-04,51.698,10,0.229,0.444928,52.376,10,-0.796,-1.497029,51.328,10,0.021,0.04093,51.852,10,-0.3875,-0.741776,52.0616,10,-0.5509,-1.04709,1.2,6.4,51.2,54,53.9,3439,1306318.4,379.85,normal,1,0,0,0,-24.484936,0,-24.484936,-24.484936,-24.484936,0,-24.484936,-24.484936,0,S0_current,0.0,actual historical adjustment,0,0,0,38025,0,316.745565,100327.752947,0,0,0,0.038408,0.009746,0.007223
2017-05-12,2017-05-11,-250,-235,7765,6780,国内成品油价格按机制下调,https://www.ndrc.gov.cn/xwdt/ztzl/gncpyjg/201705/t20170511_1292946.html,-242.5,7272.5,1,down,242.5,2017-05,48.005,10,-3.693,-7.14341,48.42,10,-3.956,-7.553078,47.39,10,-3.938,-7.672226,47.905,10,-3.947,-7.61205,48.111,10,-3.9506,-7.588318,1.5,5.5,51.2,54.5,54.1,3720,1413334.7,379.93,normal,1,0,0,0,-186.715258,-211.200194,-211.200194,0,-186.715258,-211.200194,-211.200194,0,-31.299806,S0_current,-242.5,actual historical adjustment,0,979.677856,0,58806.25,31.299806,348.045371,121135.580275,0,0.00099,0,0.059399,0.011768,0.010873
2017-05-26,2017-05-25,140,135,7905,6915,国内成品油价格按机制上调,https://www.ndrc.gov.cn/xwdt/ztzl/gncpyjg/201705/t20170525_1292947.html,137.5,7410,1,up,137.5,2017-05,50.138,10,2.133,4.443287,51.684,10,3.264,6.741016,49.478,10,2.088,4.405993,50.581,10,2.676,5.586056,51.0222,10,2.9112,6.051007,1.5,5.5,51.2,54.5,54.1,3720,1413334.7,379.93,normal,1,0,0,0,140.723052,140.723052,140.723052,0,140.723052,140.723052,140.723052,0,-3.223052,S0_current,137.5,actual historical adjustment,18906.25,10.388064,24578.125,144400,3.223052,351.268423,123389.504997,0.014612,0.00001,0.015829,0.145855,0.011987,0.031289
2017-06-10,2017-06-09,-180,-175,7725,6740,国内成品油价格按机制下调,https://www.ndrc.gov.cn/xwdt/ztzl/gncpyjg/201706/t20170609_1292948.html,-177.5,7232.5,1,down,177.5,2017-06,48.032,10,-2.106,-4.200407,49.175,10,-2.509,-4.8545,47.908,10,-1.57,-3.173127,48.5415,10,-2.0395,-4.032146,48.7949,10,-2.2273,-4.365355,1.5,5.5,51.7,54.9,54.7,3611,1310854.3,363.02,normal,1,0,0,0,-104.481086,-104.481086,-104.481086,0,-104.481086,-104.481086,-104.481086,0,-73.018914,S0_current,-177.5,actual historical adjustment,0,5331.761802,0,99225,73.018914,424.287337,180019.744339,0,0.005385,0,0.100225,0.01749,0.018734
2017-06-24,2017-06-23,-250,-240,7475,6500,国内成品油价格按机制下调,https://www.ndrc.gov.cn/xwdt/ztzl/gncpyjg/201706/t20170623_1292949.html,-245,6987.5,1,down,245,2017-06,44.564,10,-3.468,-7.220187,45.654,10,-3.521,-7.160142,44.491,10,-3.417,-7.13242,45.0725,10,-3.469,-7.146462,45.3051,10,-3.4898,-7.151977,1.5,5.5,51.7,54.9,54.7,3611,1310854.3,363.02,normal,1,0,0,0,-164.726338,-164.726338,-164.726338,0,-164.726338,-164.726338,-164.726338,0,-80.273662,S0_current,-245.0,actual historical adjustment,0,6443.860811,0,4556.25,80.273662,504.560999,254581.801712,0,0.006509,0,0.004602,0.024735,0.005702
2017-07-07,2017-07-07,0,0,7475,6500,7月7日国内成品油价格不作调整,https://www.ndrc.gov.cn/xwdt/ztzl/gncpyjg/201707/t20170707_1292950.html,0,6987.5,0,no_adjust,0,2017-07,45.416,10,0.852,1.911857,46.934,10,1.28,2.803697,44.163,10,-0.328,-0.737228,45.0885,10,0.016,0.035498,45.4587,10,0.1536,0.339035,1.4,5.5,51.4,54.5,54.1,3474,1186558.3,341.55,normal,1,0,0,0,9.133107,0,9.133107,9.133107,9.133107,0,9.133107,9.133107,0,S0_current,0.0,actual historical adjustment,0,0,0,60025,0,504.560999,254581.801712,0,0,0,0.06063,0.024735,0.012805
2017-07-22,2017-07-21,75,75,7550,6575,国内成品油价格按机制上调,https://www.ndrc.gov.cn/xwdt/ztzl/gncpyjg/201707/t20170721_1292951.html,75,7062.5,1,up,75,2017-07,46.033,10,0.617,1.358552,47.445,10,0.511,1.088763,45.803,10,1.64,3.713516,46.624,10,1.5355,3.405525,46.9524,10,1.4937,3.28584,1.4,5.5,51.4,54.5,54.1,3474,1186558.3,341.55,normal,1,0,0,0,73.081354,82.214461,82.214461,0,73.081354,82.214461,82.214461,0,-7.214461,S0_current,75.0,actual historical adjustment,5625,52.048448,7200,5625,7.214461,511.77546,261914.121458,0.004347,0.000053,0.004637,0.005682,0.025448,0.006926
2017-08-05,2017-08-04,175,165,7725,6740,国内成品油价格按机制上调,https://www.ndrc.gov.cn/xwdt/ztzl/gncpyjg/201708/t20170804_1292952.html,170,7232.5,1,up,170,2017-08,48.655,10,2.622,5.695914,50.495,10,3.05,6.428496,48.514,10,2.711,5.918826,49.5045,10,2.8805,6.178149,49.9007,10,2.9483,6.279338,1.8,6.3,51.7,53.4,53.7,3398,1176655.2,346.28,normal,1,0,0,0,142.493427,142.493427,142.493427,0,142.493427,142.493427,142.493427,0,27.506573,S0_current,170.0,actual historical adjustment,28900,756.611558,39304,9025,-27.506573,484.268887,234516.354916,0.022335,0.000764,0.025314,0.009116,0.022786,0.01685
2017-08-18,2017-08-18,0,0,7725,6740,8月18日国内成品油价格不作调整,https://www.ndrc.gov.cn/xwdt/ztzl/gncpyjg/201708/t20170818_1292953.html,0,7232.5,0,no_adjust,0,2017-08,49.574,10,0.919,1.888809,51.425,10,0.93,1.841767,48.398,10,-0.116,-0.239106,49.9115,10,0.407,0.822147,50.5169,10,0.6162,1.234852,1.8,6.3,51.7,53.4,53.7,3398,1176655.2,346.28,normal,1,0,0,0,31.207922,0,31.207922,31.207922,31.207922,0,31.207922,31.207922,0,S0_current,0.0,actual historical adjustment,0,0,0,28900,0,484.268887,234516.354916,0,0,0,0.029191,0.022786,0.007797
2017-09-01,2017-09-01,0,0,7725,6740,9月1日国内成品油价格不作调整,https://www.ndrc.gov.cn/xwdt/ztzl/gncpyjg/201709/t20170901_1292954.html,0,7232.5,0,no_adjust,0,2017-09,49.548,10,-0.026,-0.052447,51.921,10,0.496,0.964511,47.305,10,-1.093,-2.258358,49.613,10,-0.2985,-0.598059,50.5362,10,0.0193,0.038205,1.6,6.9,52.4,55.4,55.1,3701,1360255.4,367.54,normal,1,0,0,0,2.724444,0,33.932365,33.932365,2.724444,0,33.932365,33.932365,0,S0_current,0.0,actual historical adjustment,0,0,0,0,0,484.268887,234516.354916,0,0,0,0,0.022786,0.003418
2017-09-16,2017-09-15,95,95,7820,6835,国内成品油价格按机制上调,https://www.ndrc.gov.cn/xwdt/ztzl/gncpyjg/201709/t20170915_1292955.html,95,7327.5,1,up,95,2017-09,51.853,10,2.305,4.652055,54.411,10,2.49,4.795747,48.431,10,1.126,2.380298,51.4255,10,1.8125,3.653276,52.6233,10,2.0871,4.129911,1.6,6.9,52.4,55.4,55.1,3701,1360255.4,367.54,normal,1,0,0,0,101.397815,135.33018,135.33018,0,101.397815,135.33018,135.33018,0,-40.33018,S0_current,95.0,actual historical adjustment,9025,1626.523419,11913,9025,40.33018,524.599067,275204.181097,0.006975,0.001643,0.007673,0.009116,0.026739,0.009369
2017-09-30,2017-09-29,210,195,8030,7030,国内成品油价格按机制上调,https://www.ndrc.gov.cn/xwdt/ztzl/gncpyjg/201709/t20170929_1292956.html,202.5,7530,1,up,202.5,2017-09,54.843,10,2.99,5.766301,57.808,10,3.397,6.243223,50.772,10,2.341,4.833681,54.29,10,2.8645,5.570194,55.6972,10,3.0739,5.841329,1.6,6.9,52.4,55.4,55.1,3701,1360255.4,367.54,normal,1,0,0,0,148.486935,148.486935,148.486935,0,148.486935,148.486935,148.486935,0,54.013065,S0_current,202.5,actual historical adjustment,41006.25,2917.411191,54128.25,11556.25,-54.013065,470.586002,221451.185278,0.031692,0.002947,0.034861,0.011673,0.021516,0.022206
2017-10-19,2017-10-19,0,0,8030,7030,10月19日国内成品油价格不作调整,https://www.ndrc.gov.cn/xwdt/ztzl/gncpyjg/201710/t20171019_1292957.html,0,7530,0,no_adjust,0,2017-10,54.881,10,0.038,0.069289,56.679,10,-1.129,-1.953017,50.976,10,0.204,0.401796,53.8275,10,-0.4625,-0.851906,54.9681,10,-0.7291,-1.309042,1.9,6.9,51.6,54.3,53.9,3103,1213554.1,391.09,normal,1,0,0,0,-32.988464,0,-32.988464,-32.988464,-32.988464,0,-32.988464,-32.988464,0,S0_current,0.0,actual historical adjustment,0,0,0,41006.25,0,470.586002,221451.185278,0,0,0,0.041419,0.021516,0.00944
2017-11-03,2017-11-02,150,150,8180,7180,国内成品油价格按机制上调,https://www.ndrc.gov.cn/xwdt/ztzl/gncpyjg/201711/t20171102_1292958.html,150,7680,1,up,150,2017-11,56.863,10,1.982,3.61145,59.157,10,2.478,4.37199,52.824,10,1.848,3.625235,55.9905,10,2.163,4.018392,57.2571,10,2.289,4.164233,1.7,5.8,51.8,54.8,54.6,3704,1413334.7,381.57,normal,1,0,0,0,111.032283,78.043819,78.043819,0,111.032283,78.043819,78.043819,0,71.956181,S0_current,150.0,actual historical adjustment,22500,5177.691984,30150,22500,-71.956181,398.629821,158905.73419,0.017389,0.00523,0.019418,0.022727,0.015438,0.015973
2017-11-17,2017-11-16,265,250,8445,7430,国内成品油价格按机制上调,https://www.ndrc.gov.cn/xwdt/ztzl/gncpyjg/201711/t20171116_1292959.html,257.5,7937.5,1,up,257.5,2017-11,60.746,10,3.883,6.828694,62.874,10,3.717,6.28328,56.316,10,3.492,6.610632,59.595,10,3.6045,6.437699,60.9066,10,3.6495,6.373882,1.7,5.8,51.8,54.8,54.6,3704,1413334.7,381.57,normal,1,0,0,0,175.953998,175.953998,175.953998,0,175.953998,175.953998,175.953998,0,81.546002,S0_current,257.5,actual historical adjustment,66306.25,6649.750442,88850.375,11556.25,-81.546002,317.083819,100542.148272,0.051245,0.006717,0.057224,0.011673,0.009767,0.031676
2017-11-30,2017-11-30,0,0,8445,7430,11月30日国内成品油价格不作调整,https://www.ndrc.gov.cn/xwdt/ztzl/gncpyjg/201711/t20171130_1292960.html,0,7937.5,0,no_adjust,0,2017-11,60.853,10,0.107,0.176143,62.646,10,-0.228,-0.36263,56.981,10,0.665,1.180837,59.7125,10,0.1175,0.197164,60.8051,10,-0.1015,-0.166649,1.7,5.8,51.8,54.8,54.6,3704,1413334.7,381.57,normal,1,0,0,0,-3.040013,0,-3.040013,-3.040013,-3.040013,0,-3.040013,-3.040013,0,S0_current,0.0,actual historical adjustment,0,0,0,66306.25,0,317.083819,100542.148272,0,0,0,0.066974,0.009767,0.011511
2017-12-14,2017-12-14,0,0,8445,7430,12月14日国内成品油价格不作调整,https://www.ndrc.gov.cn/xwdt/ztzl/gncpyjg/201712/t20171214_1292961.html,0,7937.5,0,no_adjust,0,2017-12,61.316,10,0.463,0.76085,63.772,10,1.126,1.797401,57.188,10,0.207,0.363279,60.48,10,0.7675,1.285326,61.7968,10,0.9917,1.630949,1.8,4.9,51.6,55,54.6,3370,1492760.9,442.96,normal,1,0,0,0,49.12641,0,46.086398,46.086398,49.12641,0,46.086398,46.086398,0,S0_current,0.0,actual historical adjustment,0,0,0,0,0,317.083819,100542.148272,0,0,0,0,0.009767,0.001465
2017-12-29,2017-12-28,70,70,8515,7500,国内成品油价格按机制上调,https://www.ndrc.gov.cn/xwdt/ztzl/gncpyjg/201712/t20171228_1292962.html,70,8007.5,1,up,70,2017-12,62.2,10,0.884,1.441712,64.4,10,0.628,0.984758,57.944,10,0.756,1.321956,61.0505,10,0.5705,0.943287,62.3903,10,0.5935,0.960406,1.8,4.9,51.6,55,54.6,3370,1492760.9,442.96,normal,1,0,0,0,30.1247,76.211098,76.211098,0,30.1247,76.211098,76.211098,0,-6.211098,S0_current,70.0,actual historical adjustment,4900,38.577738,6664,4900,6.211098,323.294917,104519.603358,0.003787,0.000039,0.004292,0.004949,0.010154,0.004293
2018-01-13,2018-01-12,180,175,8695,7675,国内成品油价格按机制上调,https://www.ndrc.gov.cn/xwdt/ztzl/gncpyjg/201801/t20180112_1292963.html,177.5,8185,1,up,177.5,2018-01,65.746,10,3.546,5.700965,68.248,10,3.848,5.975155,61.781,10,3.837,6.621911,65.0145,10,3.964,6.492985,66.3079,10,3.9176,6.279181,1.5,4.3,51.3,55.3,54.6,4064,1876820,461.82,normal,1,0,0,0,188.747464,188.747464,188.747464,0,188.747464,188.747464,188.747464,0,-11.247464,S0_current,177.5,actual historical adjustment,31506.25,126.505446,40958.125,11556.25,11.247464,334.542381,111918.604685,0.02435,0.000128,0.026379,0.011673,0.010873,0.016089
2018-01-27,2018-01-26,65,60,8760,7735,国内成品油价格按机制上调,https://www.ndrc.gov.cn/xwdt/ztzl/gncpyjg/201801/t20180126_1292964.html,62.5,8247.5,1,up,62.5,2018-01,67.352,10,1.606,2.442734,69.67,10,1.422,2.083578,64.253,10,2.472,4.00123,66.964,10,1.9495,2.998562,68.0484,10,1.7405,2.624876,1.5,4.3,51.3,55.3,54.6,4064,1876820,461.82,normal,1,0,0,0,84.858406,84.858406,84.858406,0,84.858406,84.858406,84.858406,0,-22.358406,S0_current,62.5,actual historical adjustment,3906.25,499.898319,5078.125,13225,22.358406,356.900787,127378.171761,0.003019,0.000505,0.003271,0.013358,0.012375,0.005533
2018-02-10,2018-02-09,-170,-160,8590,7575,国内成品油价格按机制下调,https://www.ndrc.gov.cn/xwdt/ztzl/gncpyjg/201802/t20180209_1292965.html,-165,8082.5,1,down,165,2018-02,66.015,10,-1.337,-1.985093,67.454,10,-2.216,-3.180709,64.373,10,0.12,0.186762,65.9135,10,-1.0505,-1.568753,66.5297,10,-1.5187,-2.231794,2.9,3.7,50.3,54.4,52.9,3226,1579220,489.53,normal,1,0,0,0,-70.667395,-70.667395,-70.667395,0,-70.667395,-70.667395,-70.667395,0,-94.332605,S0_current,-165.0,actual historical adjustment,0,8898.640366,0,51756.25,94.332605,451.233392,203611.574056,0,0.008988,0,0.052278,0.019782,0.012607
2018-03-01,2018-02-28,-190,-185,8400,7390,国内成品油价格按机制下调,https://www.ndrc.gov.cn/xwdt/ztzl/gncpyjg/201802/t20180228_1292966.html,-187.5,7895,1,down,187.5,2018-03,63.072,10,-2.943,-4.458078,65.26,10,-2.194,-3.252587,62.003,10,-2.37,-3.681668,63.481,10,-2.4325,-3.690443,64.0722,10,-2.4575,-3.693839,2.1,3.1,51.5,54.6,54,3917,1829280,467.01,normal,1,0,0,0,-115.466003,-115.466003,-115.466003,0,-115.466003,-115.466003,-115.466003,0,-72.033997,S0_current,-187.5,actual historical adjustment,0,5188.896724,0,506.25,72.033997,523.267389,273808.760391,0,0.005241,0,0.000511,0.026604,0.005115
2018-03-14,2018-03-14,0,0,8400,7390,3月14日国内成品油价格不作调整,https://www.ndrc.gov.cn/xwdt/ztzl/gncpyjg/201803/t20180314_1292967.html,0,7895,0,no_adjust,0,2018-03,62.498,10,-0.574,-0.910071,64.89,10,-0.37,-0.566963,61.391,10,-0.612,-0.987049,63.1405,10,-0.3405,-0.536381,63.8403,10,-0.2319,-0.361935,2.1,3.1,51.5,54.6,54,3917,1829280,467.01,normal,1,0,0,0,-9.262572,0,-9.262572,-9.262572,-9.262572,0,-9.262572,-9.262572,0,S0_current,0.0,actual historical adjustment,0,0,0,35156.25,0,523.267389,273808.760391,0,0,0,0.03551,0.026604,0.009317
2018-03-29,2018-03-28,170,165,8570,7555,国内成品油价格按机制上调,https://www.ndrc.gov.cn/xwdt/ztzl/gncpyjg/201803/t20180328_1292968.html,167.5,8062.5,1,up,167.5,2018-03,64.597,10,2.099,3.358507,66.638,10,1.748,2.693789,63.557,10,2.166,3.528204,65.0975,10,1.957,3.099437,65.7137,10,1.8734,2.93451,2.1,3.1,51.5,54.6,54,3917,1829280,467.01,normal,1,0,0,0,91.200262,81.937691,81.937691,0,91.200262,81.937691,81.937691,0,85.562309,S0_current,167.5,actual historical adjustment,28056.25,7320.908721,39839.875,28056.25,-85.562309,437.70508,191585.737058,0.021683,0.007395,0.025659,0.028339,0.018614,0.020357
2018-04-13,2018-04-12,55,50,8625,7605,国内成品油价格按机制上调,https://www.ndrc.gov.cn/xwdt/ztzl/gncpyjg/201804/t20180412_1292969.html,52.5,8115,1,up,52.5,2018-04,65.776,10,1.179,1.825162,68.549,10,1.911,2.867733,64.023,10,0.466,0.7332,66.394,10,1.2965,1.991628,67.256,10,1.5423,2.346999,1.8,3.4,51.4,54.8,54.1,3946,1867060,473.15,normal,1,0,0,0,75.400498,75.400498,75.400498,0,75.400498,75.400498,75.400498,0,-22.900498,S0_current,52.5,actual historical adjustment,2756.25,524.432809,3748.5,13225,22.900498,460.605578,212157.498485,0.00213,0.00053,0.002414,0.013358,0.020613,0.006338
2018-04-27,2018-04-26,255,245,8880,7850,国内成品油价格按机制上调,https://www.ndrc.gov.cn/xwdt/ztzl/gncpyjg/201804/t20180426_1292970.html,250,8365,1,up,250,2018-04,69.788,10,4.012,6.099489,73.577,10,5.028,7.334899,67.542,10,3.519,5.496462,70.5595,10,4.1655,6.27391,71.7665,10,4.5105,6.706465,1.8,3.4,51.4,54.8,54.1,3946,1867060,473.15,normal,1,0,0,0,217.040066,217.040066,217.040066,0,217.040066,217.040066,217.040066,0,32.959934,S0_current,250.0,actual historical adjustment,62500,1086.357249,85000,39006.25,-32.959934,427.645644,182880.796832,0.048303,0.001097,0.054744,0.039399,0.017768,0.034556
2018-05-01,2018-04-29,-75,-65,8805,7785,国内成品油价格因增值税税率调整相应下调,https://www.ndrc.gov.cn/xwdt/ztzl/gncpyjg/201804/t20180429_1292971.html,-70,8295,1,down,70,2018-05,70.209,10,0.421,0.603256,74.187,10,0.61,0.829063,67.729,10,0.187,0.276865,70.958,10,0.3985,0.564772,72.2496,10,0.4831,0.673155,1.8,4.1,51.9,54.9,54.6,3905,1996370,511.23,normal,1,0,0,0,24.856521,0,24.856521,24.856521,24.856521,0,24.856521,24.856521,-70,S0_current,-70.0,actual historical adjustment,0,4900,0,102400,70,497.645644,247651.186992,0,0.004949,0,0.103432,0.024062,0.020114
2018-05-12,2018-05-11,170,165,8975,7950,国内成品油价格按机制上调,https://www.ndrc.gov.cn/xwdt/ztzl/gncpyjg/201805/t20180511_1292972.html,167.5,8462.5,1,up,167.5,2018-05,71.785,10,1.576,2.244726,75.218,10,1.031,1.389731,69.211,10,1.482,2.188132,72.0865,10,1.1285,1.590377,73.3391,10,1.0895,1.507967,1.8,4.1,51.9,54.9,54.6,3905,1996370,511.23,normal,1,0,0,0,53.793329,78.649851,78.649851,0,53.793329,78.649851,78.649851,0,88.850149,S0_current,167.5,actual historical adjustment,28056.25,7894.348977,38156.5,56406.25,-88.850149,408.795495,167113.756732,0.021683,0.007974,0.024574,0.056975,0.016236,0.024141
2018-05-26,2018-05-25,260,250,9235,8200,国内成品油价格按机制上调,https://www.ndrc.gov.cn/xwdt/ztzl/gncpyjg/201805/t20180525_1292973.html,255,8717.5,1,up,255,2018-05,75.895,10,4.11,5.72543,78.749,10,3.531,4.694355,71.414,10,2.203,3.18302,75.0815,10,2.995,4.154731,76.5485,10,3.2094,4.37611,1.8,4.1,51.9,54.9,54.6,3905,1996370,511.23,normal,1,0,0,0,154.952861,154.952861,154.952861,0,154.952861,154.952861,154.952861,0,100.047139,S0_current,255.0,actual historical adjustment,65025,10009.430022,88434,7656.25,-100.047139,308.748356,95325.547333,0.050255,0.01011,0.056955,0.007733,0.00926,0.031374
2018-06-09,2018-06-08,-130,-125,9105,8075,国内成品油价格按机制下调,https://www.ndrc.gov.cn/xwdt/ztzl/gncpyjg/201806/t20180608_1292974.html,-127.5,8590,1,down,127.5,2018-06,73.738,10,-2.157,-2.842084,75.167,10,-3.582,-4.548629,66.75,10,-4.664,-6.530932,70.9585,10,-4.123,-5.491366,72.6419,10,-3.9066,-5.103431,1.9,4.7,51.5,55,54.4,3435,1863780,542.59,normal,1,0,0,0,-184.615621,-184.615621,-184.615621,0,-184.615621,-184.615621,-184.615621,0,57.115621,S0_current,-127.5,actual historical adjustment,0,3262.194162,0,146306.25,-57.115621,251.632735,63319.033324,0,0.003295,0,0.14778,0.00615,0.023749
2018-06-26,2018-06-25,-55,-55,9050,8020,国内成品油价格按机制下调,https://www.ndrc.gov.cn/xwdt/ztzl/gncpyjg/201806/t20180625_1292975.html,-55,8535,1,down,55,2018-06,72.638,10,-1.1,-1.491768,74.188,10,-0.979,-1.302433,66.265,10,-0.485,-0.726592,70.2265,10,-0.732,-1.031589,71.8111,10,-0.8308,-1.143693,1.9,4.7,51.5,55,54.4,3435,1863780,542.59,normal,1,0,0,0,-37.841487,0,-37.841487,-37.841487,-37.841487,0,-37.841487,-37.841487,-55,S0_current,-55.0,actual historical adjustment,0,3025,0,5256.25,55,306.632735,94023.634174,0,0.003055,0,0.005309,0.009134,0.002778
2018-07-10,2018-07-09,270,260,9320,8280,国内成品油价格按机制上调,https://www.ndrc.gov.cn/xwdt/ztzl/gncpyjg/201807/t20180709_1292976.html,265,8800,1,up,265,2018-07,74.536,10,1.898,2.612957,75.783,10,1.595,2.149943,73.406,10,7.141,10.776428,74.4285,10,4.202,5.983496,74.8375,10,3.0264,4.21439,2.1,4.6,51.2,54,53.6,3602,1934240,536.99,normal,1,0,0,0,146.220282,108.378795,108.378795,0,146.220282,108.378795,108.378795,0,156.621205,S0_current,265.0,actual historical adjustment,70225,24530.201856,99719.5,102400,-156.621205,150.01153,22503.459133,0.054274,0.024777,0.064224,0.103432,0.002184,0.050422
2018-07-24,2018-07-23,-125,-120,9195,8160,国内成品油价格按机制下调,https://www.ndrc.gov.cn/xwdt/ztzl/gncpyjg/201807/t20180723_1292977.html,-122.5,8677.5,1,down,122.5,2018-07,72.501,10,-2.035,-2.730224,73.28,10,-2.503,-3.302852,70.458,10,-2.948,-4.01602,71.869,10,-2.5595,-3.438871,72.4334,10,-2.4041,-3.212427,2.1,4.6,51.2,54,53.6,3602,1934240,536.99,normal,1,0,0,0,-112.917807,-112.917807,-112.917807,0,-112.917807,-112.917807,-112.917807,0,-9.582193,S0_current,-122.5,actual historical adjustment,0,91.818423,0,150156.25,9.582193,159.593723,25470.156421,0,0.000093,0,0.151669,0.002472,0.02314
2018-08-07,2018-08-06,70,70,9265,8230,国内成品油价格按机制上调,https://www.ndrc.gov.cn/xwdt/ztzl/gncpyjg/201808/t20180806_1292978.html,70,8747.5,1,up,70,2018-08,72.669,10,0.168,0.231721,73.686,10,0.406,0.554039,69.736,10,-0.722,-1.024724,71.711,10,-0.158,-0.219844,72.501,10,0.0676,0.093327,2.3,4.1,51.3,54.2,53.8,3838,2051910,534.63,normal,1,0,0,0,5.029272,0,5.029272,5.029272,5.029272,0,5.029272,5.029272,70,S0_current,70.0,actual historical adjustment,4900,4900,7154,37056.25,-70,89.593723,8027.035201,0.003787,0.004949,0.004607,0.03743,0.000777,0.00882
2018-08-21,2018-08-20,-50,-50,9215,8180,国内成品油价格按机制下调,https://www.ndrc.gov.cn/xwdt/ztzl/gncpyjg/201808/t20180820_1292979.html,-50,8697.5,1,down,50,2018-08,71.121,10,-1.548,-2.130207,70.62,10,-3.066,-4.160899,67.025,10,-2.711,-3.887519,68.8225,10,-2.8885,-4.027973,69.5415,10,-2.9595,-4.082013,2.3,4.1,51.3,54.2,53.8,3838,2051910,534.63,normal,1,0,0,0,-139.420946,-134.391674,-134.391674,0,-139.420946,-134.391674,-134.391674,0,84.391674,S0_current,-50.0,actual historical adjustment,0,7121.954641,0,14400,-84.391674,5.202049,27.061314,0,0.007194,0,0.014545,0,0.003621
2018-09-04,2018-09-03,180,170,9395,8350,国内成品油价格按机制上调,https://www.ndrc.gov.cn/xwdt/ztzl/gncpyjg/201809/t20180903_1292980.html,175,8872.5,1,up,175,2018-09,73.521,10,2.4,3.374531,74.424,10,3.804,5.386576,68.879,10,1.854,2.766132,71.6515,10,2.829,4.110574,72.7605,10,3.219,4.628891,2.5,3.6,50.8,54.9,54.1,3721,1994450,536,normal,1,0,0,0,155.410963,155.410963,155.410963,0,155.410963,155.410963,155.410963,0,19.589037,S0_current,175.0,actual historical adjustment,30625,383.730371,45937.5,50625,-19.589037,-14.386988,206.985424,0.023669,0.000388,0.029586,0.051135,0.000017,0.021064
2018-09-18,2018-09-17,145,145,9540,8495,国内成品油价格按机制上调,https://www.ndrc.gov.cn/xwdt/ztzl/gncpyjg/201809/t20180917_1292981.html,145,9017.5,1,up,145,2018-09,75.684,10,2.163,2.942017,77.376,10,2.952,3.966462,68.868,10,-0.011,-0.01597,73.0785,10,1.427,1.991584,74.7627,10,2.0022,2.751768,2.5,3.6,50.8,54.9,54.1,3721,1994450,536,normal,1,0,0,0,97.346471,97.346471,97.346471,0,97.346471,97.346471,97.346471,0,47.653529,S0_current,145.0,actual historical adjustment,21025,2270.858826,31537.5,900,-47.653529,-62.040517,3849.02575,0.016249,0.002294,0.020312,0.000909,0.000371,0.009791
2018-10-01,2018-09-30,240,230,9780,8725,国内成品油价格按机制上调,https://www.ndrc.gov.cn/xwdt/ztzl/gncpyjg/201809/t20180930_1292982.html,235,9252.5,1,up,235,2018-10,78.674,10,2.99,3.950637,80.406,10,3.03,3.915943,71.557,10,2.689,3.904571,75.9815,10,2.903,3.972441,77.7513,10,2.9886,3.997448,2.5,3.3,50.2,53.9,53.1,4080,2293980,562.25,normal,1,0,0,0,144.416503,144.416503,144.416503,0,144.416503,144.416503,144.416503,0,90.583497,S0_current,235.0,actual historical adjustment,55225,8205.369929,82837.5,8100,-90.583497,-152.624014,23294.089649,0.042681,0.008288,0.053351,0.008182,0.002261,0.027232
2018-10-20,2018-10-19,165,160,9945,8885,国内成品油价格按机制上调,https://www.ndrc.gov.cn/xwdt/ztzl/gncpyjg/201810/t20181019_1292983.html,162.5,9415,1,up,162.5,2018-10,80.647,10,1.973,2.507817,82.203,10,1.797,2.234908,72.107,10,0.55,0.768618,77.155,10,1.1735,1.544455,79.1742,10,1.4229,1.830066,2.5,3.3,50.2,53.9,53.1,4080,2293980,562.25,normal,1,0,0,0,69.702848,69.702848,69.702848,0,69.702848,69.702848,69.702848,0,92.797152,S0_current,162.5,actual historical adjustment,26406.25,8611.311419,39609.375,5256.25,-92.797152,-245.421166,60231.548721,0.020408,0.008698,0.02551,0.005309,0.00585,0.014893
2018-11-03,2018-11-02,-375,-365,9570,8520,国内成品油价格按机制下调,https://www.ndrc.gov.cn/xwdt/ztzl/gncpyjg/201811/t20181102_1292984.html,-370,9045,1,down,370,2018-11,75.948,10,-4.699,-5.826627,77.087,10,-5.116,-6.223617,66.845,10,-5.262,-7.297488,71.966,10,-5.189,-6.725423,74.0144,10,-5.1598,-6.517022,2.2,2.7,50,53.4,52.8,4287,2415680,563.49,normal,1,0,0,0,-244.417086,-244.417086,-244.417086,0,-244.417086,-244.417086,-244.417086,0,-125.582914,S0_current,-370.0,actual historical adjustment,0,15771.068289,0,283556.25,125.582914,-119.838252,14361.206642,0,0.01593,0,0.286413,0.001393,0.046357
2018-11-17,2018-11-16,-510,-490,9060,8030,国内成品油价格按机制下调,https://www.ndrc.gov.cn/xwdt/ztzl/gncpyjg/201811/t20181116_1292985.html,-500,8545,1,down,500,2018-11,69.05,10,-6.898,-9.08253,68.858,10,-8.229,-10.674952,59.908,10,-6.937,-10.37774,64.383,10,-7.583,-10.53692,66.173,10,-7.8414,-10.594425,2.2,2.7,50,53.4,52.8,4287,2415680,563.49,normal,1,0,0,0,-372.380386,-372.380386,-372.380386,0,-372.380386,-372.380386,-372.380386,0,-127.619614,S0_current,-500.0,actual historical adjustment,0,16286.765878,0,16900,127.619614,7.781362,60.549595,0,0.016451,0,0.01707,0.000003,0.005851
2018-12-01,2018-11-30,-540,-520,8520,7510,国内成品油价格按机制下调,https://www.ndrc.gov.cn/xwdt/ztzl/gncpyjg/201811/t20181130_1292986.html,-530,8015,1,down,530,2018-12,61.584,10,-7.466,-10.812455,60.692,10,-8.166,-11.859188,53.835,10,-6.073,-10.13721,57.848,10,-6.535,-10.150195,59.4532,10,-6.7198,-10.154897,1.9,0.9,49.4,53.8,52.6,4378,2130360,486.61,normal,1,0,0,0,-318.858743,-318.858743,-318.858743,0,-318.858743,-318.858743,-318.858743,0,-211.141257,S0_current,-530.0,actual historical adjustment,0,44580.630408,0,900,211.141257,218.922619,47927.11311,0,0.04503,0,0.000909,0.004654,0.00984
2018-12-15,2018-12-14,-125,-120,8395,7390,国内成品油价格按机制下调,https://www.ndrc.gov.cn/xwdt/ztzl/gncpyjg/201812/t20181214_1292987.html,-122.5,7892.5,1,down,122.5,2018-12,59.422,10,-2.162,-3.510652,59.903,10,-0.789,-1.300007,52.036,10,-1.799,-3.341692,55.9695,10,-1.8785,-3.247303,57.5429,10,-1.9103,-3.213116,1.9,0.9,49.4,53.8,52.6,4378,2130360,486.61,normal,1,0,0,0,-89.35416,-89.35416,-89.35416,0,-89.35416,-89.35416,-89.35416,0,-33.14584,S0_current,-122.5,actual historical adjustment,0,1098.646709,0,166056.25,33.14584,252.068459,63538.508023,0,0.00111,0,0.167729,0.006171,0.026307
2018-12-29,2018-12-28,-370,-355,8025,7035,国内成品油价格按机制下调,https://www.ndrc.gov.cn/xwdt/ztzl/gncpyjg/201812/t20181228_1292988.html,-362.5,7530,1,down,362.5,2018-12,55.541,10,-3.881,-6.531251,56.197,10,-3.706,-6.186668,48.041,10,-3.995,-7.677377,52.3995,10,-3.57,-6.378474,53.9185,10,-3.6244,-6.298605,1.9,0.9,49.4,53.8,52.6,4378,2130360,486.61,normal,1,0,0,0,-171.149316,-171.149316,-171.149316,0,-171.149316,-171.149316,-171.149316,0,-191.350684,S0_current,-362.5,actual historical adjustment,0,36615.084267,0,57600,191.350684,443.419143,196620.536379,0,0.036984,0,0.05818,0.019103,0.018989
2019-01-15,2019-01-14,105,105,8130,7140,国内成品油价格按机制上调,https://www.ndrc.gov.cn/xwdt/ztzl/gncpyjg/201901/t20190114_1292989.html,105,7635,1,up,105,2019-01,55.429,10,-0.112,-0.201653,55.817,10,-0.38,-0.676193,48.452,10,0.411,0.855519,52.1345,10,-0.265,-0.50573,53.6075,10,-0.311,-0.576796,1.7,0.1,49.5,54.7,53.2,4260,1867880,438.47,normal,1,0,0,0,-13.037145,0,-13.037145,-13.037145,-13.037145,0,-13.037145,-13.037145,105,S0_current,105.0,actual historical adjustment,11025,11025,14773.5,218556.25,-105,338.419143,114527.516349,0.008521,0.011136,0.009515,0.220758,0.011126,0.041519
2019-01-29,2019-01-28,245,230,8375,7370,国内成品油价格按机制上调,https://www.ndrc.gov.cn/xwdt/ztzl/gncpyjg/201901/t20190128_1292990.html,237.5,7872.5,1,up,237.5,2019-01,60.047,10,4.618,8.331379,60.586,10,4.769,8.543992,52.256,10,3.804,7.851069,56.274,10,4.1395,7.94004,57.8812,10,4.2737,7.972205,1.7,0.1,49.5,54.7,53.2,4260,1867880,438.47,normal,1,0,0,0,205.740204,192.703059,192.703059,0,205.740204,192.703059,192.703059,0,44.796941,S0_current,237.5,actual historical adjustment,56406.25,2006.765923,75584.375,17556.25,-44.796941,293.622202,86213.997507,0.043594,0.002027,0.04868,0.017733,0.008375,0.02739
2019-02-15,2019-02-14,50,50,8425,7420,国内成品油价格按机制上调,https://www.ndrc.gov.cn/xwdt/ztzl/gncpyjg/201902/t20190214_1292991.html,50,7922.5,1,up,50,2019-02,61.801,10,1.754,2.921045,62,10,1.414,2.333873,53.617,10,1.361,2.604486,57.8085,10,1.5345,2.726837,59.4851,10,1.6039,2.771021,1.5,0.1,49.2,54.3,52.4,3923,1723480,439.33,normal,1,0,0,0,78.339989,78.339989,78.339989,0,78.339989,78.339989,78.339989,0,-28.339989,S0_current,50.0,actual historical adjustment,2500,803.154977,3250,35156.25,28.339989,321.962191,103659.652434,0.001932,0.000811,0.002093,0.03551,0.01007,0.008006
2019-03-01,2019-02-28,270,260,8695,7680,国内成品油价格按机制上调,https://www.ndrc.gov.cn/xwdt/ztzl/gncpyjg/201902/t20190228_1292992.html,265,8187.5,1,up,265,2019-03,65.441,10,3.64,5.889872,65.664,10,3.664,5.909677,55.844,10,2.227,4.153533,60.597,10,2.7885,4.823685,62.4982,10,3.0131,5.065302,2.3,0.4,50.5,54.8,54,3934,1856320,471.87,normal,1,0,0,0,145.585619,145.585619,145.585619,0,145.585619,145.585619,145.585619,0,119.414381,S0_current,265.0,actual historical adjustment,70225,14259.79439,102528.5,46225,-119.414381,202.54781,41025.615336,0.054274,0.014403,0.066033,0.046691,0.003984,0.040559
2019-03-14,2019-03-14,0,0,8695,7680,3月14日国内成品油价格不作调整,https://www.ndrc.gov.cn/xwdt/ztzl/gncpyjg/201903/t20190314_1292993.html,0,8187.5,0,no_adjust,0,2019-03,65.474,10,0.033,0.050427,64.869,10,-0.795,-1.210709,56.666,10,0.822,1.471958,60.7675,10,0.1705,0.281367,62.4081,10,-0.0901,-0.144164,2.3,0.4,50.5,54.8,54,3934,1856320,471.87,normal,1,0,0,0,-2.496016,0,-2.496016,-2.496016,-2.496016,0,-2.496016,-2.496016,0,S0_current,0.0,actual historical adjustment,0,0,0,70225,0,202.54781,41025.615336,0,0,0,0.070933,0.003984,0.011237
2019-03-29,2019-03-28,80,80,8775,7760,国内成品油价格按机制上调,https://www.ndrc.gov.cn/xwdt/ztzl/gncpyjg/201903/t20190328_1292994.html,80,8267.5,1,up,80,2019-03,67.068,10,1.594,2.434554,67.124,10,2.255,3.476237,59.225,10,2.559,4.515935,63.1745,10,2.407,3.960999,64.7543,10,2.3462,3.759448,2.3,0.4,50.5,54.8,54,3934,1856320,471.87,normal,1,0,0,0,113.761811,111.265795,111.265795,0,113.761811,111.265795,111.265795,0,-31.265795,S0_current,80.0,actual historical adjustment,6400,977.549937,9344,6400,31.265795,233.813605,54668.801883,0.004946,0.000987,0.006018,0.006464,0.00531,0.004705
2019-04-01,2019-03-29,-225,-200,8550,7560,国内成品油价格因增值税税率调整相应下调,https://www.ndrc.gov.cn/xwdt/ztzl/gncpyjg/201903/t20190329_1292995.html,-212.5,8055,1,down,212.5,2019-04,66.977,10,-0.091,-0.135683,67.114,10,-0.01,-0.014898,59.295,10,0.07,0.118193,63.2045,10,0.03,0.047488,64.7683,10,0.014,0.02162,2.5,0.9,50.1,54.3,53.4,4373,2148650,491.34,normal,1,0,0,0,2.471533,0,2.471533,2.471533,2.471533,0,2.471533,2.471533,-212.5,S0_current,-212.5,actual historical adjustment,0,45156.25,0,85556.25,212.5,446.313605,199195.834008,0,0.045611,0,0.086418,0.019353,0.024988
2019-04-13,2019-04-12,155,150,8705,7710,国内成品油价格按机制上调,https://www.ndrc.gov.cn/xwdt/ztzl/gncpyjg/201904/t20190412_1292996.html,152.5,8207.5,1,up,152.5,2019-04,69.267,10,2.29,3.419084,70.07,10,2.956,4.404446,62.864,10,3.569,6.019057,66.467,10,3.2625,5.161816,67.9082,10,3.1399,4.847896,2.5,0.9,50.1,54.3,53.4,4373,2148650,491.34,normal,1,0,0,0,151.63639,154.107923,154.107923,0,151.63639,154.107923,154.107923,0,-1.607923,S0_current,152.5,actual historical adjustment,23256.25,2.585416,34884.375,133225,1.607923,447.921528,200633.695246,0.017974,0.000003,0.022467,0.134567,0.019493,0.03322
2019-04-27,2019-04-26,195,185,8900,7895,国内成品油价格按机制上调,https://www.ndrc.gov.cn/xwdt/ztzl/gncpyjg/201904/t20190426_1292997.html,190,8397.5,1,up,190,2019-04,71.609,10,2.342,3.381119,71.999,10,1.929,2.752961,64.576,10,1.712,2.723339,68.2875,10,1.8205,2.738953,69.7721,10,1.8639,2.744735,2.5,0.9,50.1,54.3,53.4,4373,2148650,491.34,normal,1,0,0,0,90.746932,90.746932,90.746932,0,90.746932,90.746932,90.746932,0,99.253068,S0_current,190.0,actual historical adjustment,36100,9851.171507,54150,1406.25,-99.253068,348.66846,121569.694999,0.0279,0.00995,0.034875,0.00142,0.01181,0.019668
2019-05-14,2019-05-13,-75,-75,8825,7820,国内成品油价格按机制下调,https://www.ndrc.gov.cn/xwdt/ztzl/gncpyjg/201905/t20190513_1292998.html,-75,8322.5,1,down,75,2019-05,70.745,10,-0.864,-1.206552,71.419,10,-0.58,-0.805567,62.357,10,-2.219,-3.436261,66.888,10,-1.3995,-2.049423,68.7004,10,-1.0717,-1.536001,2.7,0.6,49.4,54.3,53.3,4023,2107140,523.77,normal,1,0,0,0,-49.336997,0,-49.336997,-49.336997,-49.336997,0,-49.336997,-49.336997,-75,S0_current,-75.0,actual historical adjustment,0,5625,0,70225,75,423.66846,179494.963999,0,0.005682,0,0.070933,0.017439,0.014392
2019-05-28,2019-05-27,50,50,8875,7870,国内成品油价格按机制上调,https://www.ndrc.gov.cn/xwdt/ztzl/gncpyjg/201905/t20190527_1292999.html,50,8372.5,1,up,50,2019-05,70.948,10,0.203,0.286946,72.105,10,0.686,0.960529,61.413,10,-0.944,-1.513864,66.759,10,-0.129,-0.19286,68.8974,10,0.197,0.286752,2.7,0.6,49.4,54.3,53.3,4023,2107140,523.77,normal,1,0,0,0,11.204112,0,-38.132885,-38.132885,11.204112,0,-38.132885,-38.132885,50,S0_current,50.0,actual historical adjustment,2500,2500,3850,15625,-50,373.66846,139628.117999,0.001932,0.002525,0.00248,0.015782,0.013565,0.00601
2019-06-12,2019-06-11,-465,-445,8410,7425,国内成品油价格按机制下调,https://www.ndrc.gov.cn/xwdt/ztzl/gncpyjg/201906/t20190611_1293000.html,-455,7917.5,1,down,455,2019-06,63.872,10,-7.076,-9.973502,65.72,10,-6.385,-8.855142,54.59,10,-6.823,-11.110026,60.155,10,-6.604,-9.892299,62.381,10,-6.5164,-9.458122,2.7,0,49.4,54.2,53,3958,2017356.1,509.69,normal,1,0,0,0,-309.152696,-347.285581,-347.285581,0,-309.152696,-347.285581,-347.285581,0,-107.714419,S0_current,-455.0,actual historical adjustment,0,11602.396061,0,255025,107.714419,481.382879,231729.476194,0,0.011719,0,0.257595,0.022515,0.04436
2019-06-26,2019-06-25,-120,-115,8290,7310,国内成品油价格按机制下调,https://www.ndrc.gov.cn/xwdt/ztzl/gncpyjg/201906/t20190625_1293001.html,-117.5,7800,1,down,117.5,2019-06,62.586,10,-1.286,-2.013402,63.698,10,-2.022,-3.076689,54.078,10,-0.512,-0.937901,58.888,10,-1.267,-2.106226,60.812,10,-1.569,-2.515189,2.7,0,49.4,54.2,53,3958,2017356.1,509.69,normal,1,0,0,0,-73.067661,-73.067661,-73.067661,0,-73.067661,-73.067661,-73.067661,0,-44.432339,S0_current,-117.5,actual historical adjustment,0,1974.232749,0,113906.25,44.432339,525.815218,276481.64348,0,0.001994,0,0.115054,0.026863,0.021686
2019-07-10,2019-07-09,150,140,8440,7450,国内成品油价格按机制上调,https://www.ndrc.gov.cn/xwdt/ztzl/gncpyjg/201907/t20190709_1293002.html,145,7945,1,up,145,2019-07,64.565,10,1.979,3.162049,65.148,10,1.45,2.276367,57.858,10,3.78,6.989903,61.668,10,2.78,4.720826,63.192,10,2.38,3.913701,2.8,-0.3,49.7,53.7,53.1,4104,1960366.9,477.67,normal,1,0,0,0,115.374713,115.374713,115.374713,0,115.374713,115.374713,115.374713,0,29.625287,S0_current,145.0,actual historical adjustment,21025,877.65763,32799,68906.25,-29.625287,496.189931,246204.447626,0.016249,0.000887,0.021124,0.069601,0.023921,0.023549
2019-07-23,2019-07-23,0,0,8440,7450,7月23日国内成品油价格不作调整,https://www.ndrc.gov.cn/xwdt/ztzl/gncpyjg/201907/t20190723_1293003.html,0,7945,0,no_adjust,0,2019-07,65.32,10,0.755,1.169364,64.51,10,-0.638,-0.979309,57.738,10,-0.12,-0.207404,61.124,10,-0.544,-0.882143,62.4784,10,-0.7136,-1.129257,2.8,-0.3,49.7,53.7,53.1,4104,1960366.9,477.67,normal,1,0,0,0,-32.248819,0,-32.248819,-32.248819,-32.248819,0,-32.248819,-32.248819,0,S0_current,0.0,actual historical adjustment,0,0,0,21025,0,496.189931,246204.447626,0,0,0,0.021237,0.023921,0.006774
2019-08-07,2019-08-06,-80,-70,8360,7380,国内成品油价格按机制下调,https://www.ndrc.gov.cn/xwdt/ztzl/gncpyjg/201908/t20190806_1293004.html,-75,7870,1,down,75,2019-08,63.634,10,-1.686,-2.581139,62.429,10,-2.081,-3.225856,56.176,10,-1.562,-2.705324,59.3025,10,-1.8215,-2.980008,60.5531,10,-1.9253,-3.081545,2.8,-0.8,49.5,53.8,53,4217,1979320.4,469.37,normal,1,0,0,0,-90.069945,-122.318764,-122.318764,0,-90.069945,-122.318764,-122.318764,0,47.318764,S0_current,-75.0,actual historical adjustment,0,2239.065426,0,5625,-47.318764,448.871167,201485.324564,0,0.002262,0,0.005682,0.019576,0.004241
2019-08-21,2019-08-20,-210,-205,8150,7175,国内成品油价格按机制下调,https://www.ndrc.gov.cn/xwdt/ztzl/gncpyjg/201908/t20190820_1293005.html,-207.5,7662.5,1,down,207.5,2019-08,58.687,10,-4.947,-7.774146,57.837,10,-4.592,-7.355556,54.452,10,-1.724,-3.068926,56.1445,10,-3.158,-5.325239,56.8215,10,-3.7316,-6.162525,2.8,-0.8,49.5,53.8,53,4217,1979320.4,469.37,normal,1,0,0,0,-176.264794,-176.264794,-176.264794,0,-176.264794,-176.264794,-176.264794,0,-31.235206,S0_current,-207.5,actual historical adjustment,0,975.638094,0,17556.25,31.235206,480.106373,230502.129395,0,0.000985,0,0.017733,0.022395,0.006216
2019-09-04,2019-09-03,115,105,8265,7280,国内成品油价格按机制上调,https://www.ndrc.gov.cn/xwdt/ztzl/gncpyjg/201909/t20190903_1293006.html,110,7772.5,1,up,110,2019-09,59.82,10,1.133,1.930581,59.576,10,1.739,3.006726,55.351,10,0.899,1.650995,57.5255,10,1.381,2.459724,58.3953,10,1.5738,2.769726,3,-1.2,49.8,53.7,53.1,4124,1854637.8,449.72,normal,1,0,0,0,76.903647,76.903647,76.903647,0,76.903647,76.903647,76.903647,0,33.096353,S0_current,110.0,actual historical adjustment,12100,1095.368582,19360,100806.25,-33.096353,447.01002,199817.95798,0.009352,0.001106,0.012469,0.101822,0.019414,0.023862
2019-09-19,2019-09-18,125,125,8390,7405,国内成品油价格按机制上调,https://www.ndrc.gov.cn/xwdt/ztzl/gncpyjg/201909/t20190918_1293007.html,125,7897.5,1,up,125,2019-09,62.196,10,2.376,3.971916,63.236,10,3.66,6.143413,57.216,10,1.865,3.369406,60.226,10,2.7005,4.69444,61.43,10,3.0347,5.196822,3,-1.2,49.8,53.7,53.1,4124,1854637.8,449.72,normal,1,0,0,0,146.61635,146.61635,146.61635,0,146.61635,146.61635,146.61635,0,-21.61635,S0_current,125.0,actual historical adjustment,15625,467.266587,25000,225,21.61635,468.62637,219610.674659,0.012076,0.000472,0.016101,0.000227,0.021337,0.010373
2019-10-08,2019-10-08,0,0,8390,7405,10月8日国内成品油价格不作调整,https://www.ndrc.gov.cn/xwdt/ztzl/gncpyjg/201910/t20191008_1293008.html,0,7897.5,0,no_adjust,0,2019-10,60.635,10,-1.561,-2.509808,60.667,10,-2.569,-4.062559,54.416,10,-2.8,-4.893736,57.5415,10,-2.6845,-4.457377,58.7917,10,-2.6383,-4.294807,3.8,-1.6,49.3,52.8,52,4551,2073141.2,455.54,normal,1,0,0,0,-124.0936,-124.0936,-124.0936,0,-124.0936,-124.0936,-124.0936,0,124.0936,S0_current,0.0,actual historical adjustment,0,15399.221561,0,15625,-124.0936,344.53277,118702.829604,0,0.015554,0,0.015782,0.011532,0.007208
2019-10-22,2019-10-21,-150,-145,8240,7260,国内成品油价格按机制下调,https://www.ndrc.gov.cn/xwdt/ztzl/gncpyjg/201910/t20191021_1293009.html,-147.5,7750,1,down,147.5,2019-10,59.452,10,-1.183,-1.951018,59.358,10,-1.309,-2.15768,53.38,10,-1.036,-1.903852,56.369,10,-1.1725,-2.03766,57.5646,10,-1.2271,-2.087199,3.8,-1.6,49.3,52.8,52,4551,2073141.2,455.54,normal,1,0,0,0,-56.752531,-56.752531,-56.752531,0,-56.752531,-56.752531,-56.752531,0,-90.747469,S0_current,-147.5,actual historical adjustment,0,8235.10313,0,21756.25,90.747469,435.280239,189468.886464,0,0.008318,0,0.021975,0.018408,0.007721
2019-11-05,2019-11-04,105,105,8345,7365,国内成品油价格按机制上调,https://www.ndrc.gov.cn/xwdt/ztzl/gncpyjg/201911/t20191104_1293010.html,105,7855,1,up,105,2019-11,60.853,10,1.401,2.356523,60.487,10,1.129,1.902018,55.187,10,1.807,3.385163,57.837,10,1.468,2.604268,58.897,10,1.3324,2.314617,4.5,-1.4,50.2,54.4,53.7,4574,2089499.4,456.82,normal,1,0,0,0,65.384277,65.384277,65.384277,0,65.384277,65.384277,65.384277,0,39.615723,S0_current,105.0,actual historical adjustment,11025,1569.405509,20947.5,63756.25,-39.615723,395.664516,156550.409222,0.008521,0.001585,0.013491,0.064399,0.015209,0.017761
2019-11-19,2019-11-18,70,65,8415,7430,国内成品油价格按机制上调,https://www.ndrc.gov.cn/xwdt/ztzl/gncpyjg/201911/t20191118_1293011.html,67.5,7922.5,1,up,67.5,2019-11,62.494,10,1.641,2.696662,62.477,10,1.99,3.289963,56.715,10,1.528,2.768768,59.4755,10,1.6385,2.832962,60.5797,10,1.6827,2.857022,4.5,-1.4,50.2,54.4,53.7,4574,2089499.4,456.82,normal,1,0,0,0,82.100247,82.100247,82.100247,0,82.100247,82.100247,82.100247,0,-14.600247,S0_current,67.5,actual historical adjustment,4556.25,213.167212,8656.875,1406.25,14.600247,410.264763,168317.175759,0.003521,0.000215,0.005575,0.00142,0.016353,0.004983
2019-12-03,2019-12-02,55,50,8470,7480,国内成品油价格按机制上调,https://www.ndrc.gov.cn/xwdt/ztzl/gncpyjg/201912/t20191202_1293012.html,52.5,7975,1,up,52.5,2019-12,63.671,10,1.177,1.883381,64.251,10,1.774,2.839445,57.432,10,0.717,1.264216,60.7735,10,1.298,2.182411,62.1101,10,1.5304,2.526259,4.5,-0.5,50.2,53.5,53.4,4548,2192920,482.17,normal,1,0,0,0,74.832641,74.832641,74.832641,0,74.832641,74.832641,74.832641,0,-22.332641,S0_current,52.5,actual historical adjustment,2756.25,498.746854,5236.875,225,22.332641,432.597404,187140.513948,0.00213,0.000504,0.003373,0.000227,0.018182,0.004238
2019-12-16,2019-12-16,0,0,8470,7480,12月16日国内成品油价格不作调整,https://www.ndrc.gov.cn/xwdt/ztzl/gncpyjg/201912/t20191216_1293013.html,0,7975,0,no_adjust,0,2019-12,64.769,10,1.098,1.72449,65.606,10,1.355,2.108917,58.444,10,1.012,1.762084,62.025,10,1.2515,2.059286,63.4574,10,1.3473,2.169212,4.5,-0.5,50.2,53.5,53.4,4548,2192920,482.17,normal,1,0,0,0,66.095291,66.095291,66.095291,0,66.095291,66.095291,66.095291,0,-66.095291,S0_current,0.0,actual historical adjustment,0,4368.587492,0,2756.25,66.095291,498.692695,248694.404046,0,0.004413,0,0.002784,0.024163,0.004925
2019-12-31,2019-12-30,235,230,8705,7710,国内成品油价格按机制上调,https://www.ndrc.gov.cn/xwdt/ztzl/gncpyjg/201912/t20191230_1293014.html,232.5,8207.5,1,up,232.5,2019-12,67.828,10,3.059,4.722938,68.687,10,3.081,4.696217,60.902,10,2.458,4.205735,64.7945,10,2.7695,4.465135,66.3515,10,2.8941,4.560697,4.5,-0.5,50.2,53.5,53.4,4548,2192920,482.17,normal,1,0,0,0,139.907057,139.907057,139.907057,0,139.907057,139.907057,139.907057,0,92.592943,S0_current,232.5,actual historical adjustment,54056.25,8573.453093,102706.875,54056.25,-92.592943,406.099752,164917.008574,0.041778,0.00866,0.066148,0.054601,0.016022,0.039307
2020-01-14,2020-01-14,0,0,8705,7710,1月14日国内成品油价格不作调整,https://www.ndrc.gov.cn/xwdt/ztzl/gncpyjg/202001/t20200114_1293015.html,0,8207.5,0,no_adjust,0,2020-01,68.373,10,0.545,0.803503,67.599,10,-1.088,-1.583997,60.934,10,0.032,0.052543,64.2665,10,-0.528,-0.814884,65.5995,10,-0.752,-1.133358,5.4,0.1,50,54.1,53,,,,normal,1,0,0,0,-34.081229,0,-34.081229,-34.081229,-34.081229,0,-34.081229,-34.081229,0,S0_current,0.0,actual historical adjustment,0,0,0,54056.25,0,406.099752,164917.008574,0,0,0,0.054601,0.016022,0.010594
2020-02-05,2020-02-04,-420,-405,8285,7305,国内成品油价格按机制下调,https://www.ndrc.gov.cn/xwdt/ztzl/gncpyjg/202002/t20200204_1293016.html,-412.5,7795,1,down,412.5,2020-02,61.266,10,-7.107,-10.394454,59.323,10,-8.276,-12.242785,53.815,10,-7.119,-11.683133,56.569,10,-7.6975,-11.977469,57.6706,10,-7.9289,-12.08683,5.2,-0.4,35.7,29.6,28.9,8609,4218444.2,490,normal,1,0,0,0,-376.555799,-410.637029,-410.637029,0,-376.555799,-410.637029,-410.637029,0,-1.862971,S0_current,-412.5,actual historical adjustment,0,3.470661,0,170156.25,1.862971,407.962723,166433.583358,0,0.000004,0,0.171871,0.01617,0.028207
2020-02-19,2020-02-18,-415,-400,7870,6905,国内成品油价格按机制下调,https://www.ndrc.gov.cn/xwdt/ztzl/gncpyjg/202002/t20200218_1293017.html,-407.5,7387.5,1,down,407.5,2020-02,55.451,10,-5.815,-9.491398,55.344,10,-3.979,-6.707348,50.596,10,-3.219,-5.981604,52.7785,10,-3.7905,-6.700666,53.6515,10,-4.0191,-6.969062,5.2,-0.4,35.7,29.6,28.9,8609,4218444.2,490,normal,1,0,0,0,-189.98401,-189.98401,-189.98401,0,-189.98401,-189.98401,-189.98401,0,-217.51599,S0_current,-407.5,actual historical adjustment,0,47313.205906,0,25,217.51599,625.478713,391223.620416,0,0.04779,0,0.000025,0.038013,0.015264
2020-03-03,2020-03-03,0,0,7870,6905,3月3日国内成品油价格不作调整,https://www.ndrc.gov.cn/xwdt/ztzl/gncpyjg/202003/t20200303_1293018.html,0,7387.5,0,no_adjust,0,2020-03,55.218,10,-0.233,-0.420191,55.822,10,0.478,0.863689,50.113,10,-0.483,-0.954621,52.9675,10,0.189,0.3581,54.1093,10,0.4578,0.853285,4.3,-1.5,52,52.3,52.3,4110,1673864.3,407.27,normal,1,0,0,0,23.64923,0,23.64923,23.64923,23.64923,0,23.64923,23.64923,0,S0_current,0.0,actual historical adjustment,0,0,0,166056.25,0,625.478713,391223.620416,0,0,0,0.167729,0.038013,0.030861
2020-03-18,2020-03-17,-1015,-975,6855,5930,国内成品油价格按机制下调,https://www.ndrc.gov.cn/xwdt/ztzl/gncpyjg/202003/t20200317_1293019.html,-995,6392.5,1,down,995,2020-03,40.882,10,-14.336,-25.962548,39.759,10,-16.063,-28.775393,37.198,10,-12.915,-25.771756,38.4785,10,-14.489,-27.35451,38.9907,10,-15.1186,-27.940853,4.3,-1.5,52,52.3,52.3,4110,1673864.3,407.27,low_floor,1,1,0,0,-719.641173,-695.991942,-695.991942,0,0,0,23.64923,23.64923,-995,S0_current,-995.0,actual historical adjustment,0,990025,0,990025,995,1620.478713,2625951.259286,0,1,0,1,0.255163,0.388274
2020-03-31,2020-03-31,0,0,6855,5930,3月31日国内成品油价格不作调整,https://www.ndrc.gov.cn/xwdt/ztzl/gncpyjg/202003/t20200331_1293020.html,0,6392.5,0,no_adjust,0,2020-03,26.312,10,-14.57,-35.639157,23.929,10,-15.83,-39.814885,20.33,10,-16.868,-45.346524,22.1295,10,-16.349,-42.488662,22.8493,10,-16.1414,-41.398077,4.3,-1.5,52,52.3,52.3,4110,1673864.3,407.27,low_floor,1,1,0,0,-768.448177,-768.448177,-768.448177,0,0,0,23.64923,23.64923,0,S0_current,0.0,actual historical adjustment,0,0,0,990025,0,1620.478713,2625951.259286,0,0,0,1,0.255163,0.188274
2020-04-15,2020-04-15,0,0,6855,5930,4月15日国内成品油价格不作调整,https://www.ndrc.gov.cn/xwdt/ztzl/gncpyjg/202004/t20200415_1293021.html,0,6392.5,0,no_adjust,0,2020-04,21.137,10,-5.175,-19.667832,20.545,10,-3.384,-14.141836,23.446,10,3.116,15.327103,21.5825,10,-0.547,-2.471814,21.1675,10,-1.6818,-7.360401,3.3,-3.1,50.8,53.2,53.4,4043,1088790.5,269.3,low_floor,1,1,0,0,-78.450366,-78.450366,-78.450366,0,0,0,23.64923,23.64923,0,S0_current,0.0,actual historical adjustment,0,0,0,0,0,1620.478713,2625951.259286,0,0,0,0,0.255163,0.038274
2020-04-28,2020-04-28,0,0,6855,5930,4月28日国内成品油价格不作调整,https://www.ndrc.gov.cn/xwdt/ztzl/gncpyjg/202004/t20200428_1293022.html,0,6392.5,0,no_adjust,0,2020-04,15.699,10,-5.438,-25.727397,16.633,10,-3.912,-19.041129,10.703,10,-12.743,-54.350422,13.668,10,-7.9145,-36.670914,14.854,10,-6.3135,-29.826385,3.3,-3.1,50.8,53.2,53.4,4043,1088790.5,269.3,low_floor,1,1,0,0,-299.470509,-299.470509,-299.470509,0,0,0,23.64923,23.64923,0,S0_current,0.0,actual historical adjustment,0,0,0,0,0,1620.478713,2625951.259286,0,0,0,0,0.255163,0.038274
2020-05-14,2020-05-14,0,0,6855,5930,5月14日国内成品油价格不作调整,https://www.ndrc.gov.cn/xwdt/ztzl/gncpyjg/202005/t20200514_1293023.html,0,6392.5,0,no_adjust,0,2020-05,21.067,10,5.368,34.193261,22.884,10,6.251,37.581915,23.142,10,12.439,116.219751,22.5285,10,8.8605,64.826602,22.6707,10,7.8167,52.623536,2.4,-3.7,50.6,53.6,53.4,4797,946857.4,197.39,low_floor,1,0,0,0,374.80866,374.80866,374.80866,0,374.80866,398.457891,398.457891,0,-398.457891,S0_current,0.0,actual historical adjustment,0,158768.6909,0,0,398.457891,2018.936604,4076105.010971,0,0.160368,0,0,0.396076,0.091485
2020-05-28,2020-05-28,0,0,6855,5930,5月28日国内成品油价格不作调整,https://www.ndrc.gov.cn/xwdt/ztzl/gncpyjg/202005/t20200528_1293024.html,0,6392.5,0,no_adjust,0,2020-05,27.658,10,6.591,31.285897,32.509,10,9.625,42.059955,31.519,10,8.377,36.198254,32.014,10,9.4855,42.104445,32.212,10,9.5413,42.086482,2.4,-3.7,50.6,53.6,53.4,4797,946857.4,197.39,low_floor,1,0,0,0,457.104867,457.104867,457.104867,0,457.104867,457.104867,457.104867,0,-457.104867,S0_current,0.0,actual historical adjustment,0,208944.859435,0,0,457.104867,2476.041471,6130781.366112,0,0.21105,0,0,0.59573,0.13157
2020-06-11,2020-06-11,0,0,6855,5930,6月11日国内成品油价格不作调整,https://www.ndrc.gov.cn/xwdt/ztzl/gncpyjg/202006/t20200611_1293025.html,0,6392.5,0,no_adjust,0,2020-06,34.672,10,7.014,25.359751,38.127,10,5.618,17.281368,37.254,10,5.735,18.195374,37.6905,10,5.6765,17.731305,37.8651,10,5.6531,17.549671,2.5,-3,50.9,54.4,54.2,521,273937.7,525.79,low_floor,1,0,0,0,271.563808,271.563808,271.563808,0,271.563808,271.563808,271.563808,0,-271.563808,S0_current,0.0,actual historical adjustment,0,73746.901815,0,0,271.563808,2747.605279,7549334.769189,0,0.07449,0,0,0.733572,0.124934
2020-06-29,2020-06-28,120,110,6975,6040,国内成品油价格按机制上调,https://www.ndrc.gov.cn/xwdt/ztzl/gncpyjg/202006/t20200628_1293026.html,115,6507.5,1,up,115,2020-06,37.873,10,3.201,9.232234,41.321,10,3.194,8.377265,38.785,10,1.531,4.109626,40.053,10,2.3625,6.268158,40.5602,10,2.6951,7.117636,2.5,-3,50.9,54.4,54.2,521,273937.7,525.79,normal,1,0,0,0,130.410974,130.410974,130.410974,0,130.410974,130.410974,130.410974,0,-15.410974,S0_current,115.0,actual historical adjustment,13225,237.49812,19837.5,13225,15.410974,2763.016253,7634258.814342,0.010221,0.00024,0.012776,0.013358,0.741824,0.119075
2020-07-11,2020-07-10,100,100,7075,6140,国内成品油价格按机制上调,https://www.ndrc.gov.cn/xwdt/ztzl/gncpyjg/202007/t20200710_1293027.html,100,6607.5,1,up,100,2020-07,41.56,10,3.687,9.735168,42.451,10,1.13,2.734687,39.823,10,1.038,2.676292,41.05,10,0.997,2.489202,41.5408,10,0.9806,2.417641,2.7,-2.4,51.1,54.2,54.1,5129,1434135.2,279.61,normal,1,0,0,0,48.596729,0,48.596729,48.596729,48.596729,0,48.596729,48.596729,100,S0_current,100.0,actual historical adjustment,10000,10000,15400,225,-100,2663.016253,7091655.563742,0.007729,0.010101,0.009918,0.000227,0.689099,0.109831
2020-07-24,2020-07-24,0,0,7075,6140,7月24日国内成品油价格不作调整,https://www.ndrc.gov.cn/xwdt/ztzl/gncpyjg/202007/t20200724_1293028.html,0,6607.5,0,no_adjust,0,2020-07,43.719,10,2.159,5.194899,43.484,10,1.033,2.433394,40.887,10,1.064,2.671823,42.1855,10,1.1355,2.766139,42.7049,10,1.1641,2.802305,2.7,-2.4,51.1,54.2,54.1,5129,1434135.2,279.61,normal,1,0,0,0,57.353168,105.949897,105.949897,0,57.353168,105.949897,105.949897,0,-105.949897,S0_current,0.0,actual historical adjustment,0,11225.380674,0,10000,105.949897,2768.96615,7667173.539846,0,0.011338,0,0.010101,0.745022,0.115536
2020-08-07,2020-08-07,0,0,7075,6140,8月7日国内成品油价格不作调整,https://www.ndrc.gov.cn/xwdt/ztzl/gncpyjg/202008/t20200807_1293029.html,0,6607.5,0,no_adjust,0,2020-08,43.832,10,0.113,0.258469,43.712,10,0.228,0.524331,41.134,10,0.247,0.604104,42.423,10,0.2375,0.56299,42.9386,10,0.2337,0.547244,2.4,-2,51,55.2,54.5,4748,1492292.6,314.3,normal,1,0,0,0,12.9554,0,12.9554,12.9554,12.9554,0,12.9554,12.9554,0,S0_current,0.0,actual historical adjustment,0,0,0,0,0,2768.96615,7667173.539846,0,0,0,0,0.745022,0.111753
2020-08-22,2020-08-21,85,80,7160,6220,国内成品油价格按机制上调,https://www.ndrc.gov.cn/xwdt/ztzl/gncpyjg/202008/t20200821_1293030.html,82.5,6690,1,up,82.5,2020-08,45.08,10,1.248,2.847235,44.678,10,0.966,2.209919,42.285,10,1.151,2.798172,43.4815,10,1.0585,2.495109,43.9601,10,1.0215,2.378978,2.4,-2,51,55.2,54.5,4748,1492292.6,314.3,normal,1,0,0,0,50.548437,63.503837,63.503837,0,50.548437,63.503837,63.503837,0,18.996163,S0_current,82.5,actual historical adjustment,6806.25,360.854209,10073.25,6806.25,-18.996163,2749.969987,7562334.929401,0.00526,0.000364,0.006488,0.006875,0.734835,0.114266
2020-09-04,2020-09-04,0,0,7160,6220,9月4日国内成品油价格不作调整,https://www.ndrc.gov.cn/xwdt/ztzl/gncpyjg/202009/t20200904_1293031.html,0,6690,0,no_adjust,0,2020-09,45.312,10,0.232,0.514641,44.593,10,-0.085,-0.19025,42.65,10,0.365,0.86319,43.622,10,0.1405,0.323126,44.0104,10,0.0503,0.114422,1.7,-2.1,51.5,55.9,55.1,100,101019.8,1010.2,normal,1,0,0,0,4.203733,0,4.203733,4.203733,4.203733,0,4.203733,4.203733,0,S0_current,0.0,actual historical adjustment,0,0,0,6806.25,0,2749.969987,7562334.929401,0,0,0,0.006875,0.734835,0.111257
2020-09-19,2020-09-18,-315,-300,6845,5920,国内成品油价格按机制下调,https://www.ndrc.gov.cn/xwdt/ztzl/gncpyjg/202009/t20200918_1293032.html,-307.5,6382.5,1,down,307.5,2020-09,40.604,10,-4.708,-10.390184,40.004,10,-4.589,-10.290853,38.726,10,-3.924,-9.200469,39.4675,10,-4.1545,-9.523864,39.7641,10,-4.2463,-9.648401,1.7,-2.1,51.5,55.9,55.1,100,101019.8,1010.2,low_floor,1,1,0,0,-200.825769,-196.622036,-196.622036,0,0,0,4.203733,4.203733,-307.5,S0_current,-307.5,actual historical adjustment,0,94556.25,0,94556.25,307.5,3057.469987,9348122.721406,0,0.095509,0,0.095509,0.908362,0.169682
2020-10-09,2020-10-09,0,0,6845,5920,10月9日国内成品油价格不作调整,https://www.ndrc.gov.cn/xwdt/ztzl/gncpyjg/202010/t20201009_1293033.html,0,6382.5,0,no_adjust,0,2020-10,40.459,10,-0.145,-0.357108,40.455,10,0.451,1.127387,39.552,10,0.826,2.132934,40.0035,10,0.536,1.358079,40.1841,10,0.42,1.056229,0.5,-2.1,51.4,56.2,55.3,4256,1327523.7,311.92,normal,1,0,0,0,21.845452,0,21.845452,21.845452,21.845452,0,26.049185,26.049185,0,S0_current,0.0,actual historical adjustment,0,0,0,94556.25,0,3057.469987,9348122.721406,0,0,0,0.095509,0.908362,0.150581
2020-10-23,2020-10-22,80,70,6925,5990,国内成品油价格按机制上调,https://www.ndrc.gov.cn/xwdt/ztzl/gncpyjg/202010/t20201022_1293034.html,75,6457.5,1,up,75,2020-10,41.108,10,0.649,1.604093,41.323,10,0.868,2.145594,40.507,10,0.955,2.414543,40.915,10,0.9115,2.278551,41.0782,10,0.8941,2.225009,0.5,-2.1,51.4,56.2,55.3,4256,1327523.7,311.92,normal,1,0,0,0,44.469035,66.314486,66.314486,0,44.469035,70.51822,70.51822,0,4.48178,S0_current,75.0,actual historical adjustment,5625,20.086352,6187.5,5625,-4.48178,3052.988207,9320736.992081,0.004347,0.00002,0.003985,0.005682,0.905701,0.138794
2020-11-06,2020-11-05,-160,-150,6765,5840,国内成品油价格按机制下调,https://www.ndrc.gov.cn/xwdt/ztzl/gncpyjg/202011/t20201105_1293035.html,-155,6302.5,1,down,155,2020-11,38.617,10,-2.491,-6.059648,38.715,10,-2.608,-6.311255,37.978,10,-2.529,-6.243365,38.3465,10,-2.5685,-6.277649,38.4939,10,-2.5843,-6.291171,-0.5,-1.5,52.1,56.4,55.7,280,42203,150.72,low_floor,1,1,0,0,-121.516773,-121.516773,-121.516773,0,0,0,0,0,-155,S0_current,-155.0,actual historical adjustment,0,24025,0,52900,155,3207.988207,10291188.336251,0,0.024267,0,0.053433,1,0.162868
2020-11-20,2020-11-19,150,145,6915,5985,2020年11月19日24时起国内成品油价格按机制上调,https://www.ndrc.gov.cn/xwdt/ztzl/gncpyjg/202011/t20201119_1293036.html,147.5,6450,1,up,147.5,2020-11,41.788,10,3.171,8.211409,41.506,10,2.791,7.209092,40.284,10,2.306,6.071936,40.895,10,2.5485,6.645978,41.1394,10,2.6455,6.872517,-0.5,-1.5,52.1,56.4,55.7,280,42203,150.72,normal,1,0,0,0,128.044111,128.044111,128.044111,0,128.044111,128.044111,128.044111,0,19.455889,S0_current,147.5,actual historical adjustment,21756.25,378.531617,21756.25,91506.25,-19.455889,3188.532318,10166738.34293,0.016814,0.000382,0.014012,0.092428,0.987907,0.169833
2020-12-04,2020-12-03,250,240,7165,6225,2020年12月3日24时起国内成品油价格按机制上调,https://www.ndrc.gov.cn/xwdt/ztzl/gncpyjg/202012/t20201203_1293037.html,245,6695,1,up,245,2020-12,45.697,10,3.909,9.35436,46.068,10,4.562,10.991182,43.461,10,3.177,7.886506,44.377,10,3.482,8.514488,44.7434,10,3.604,8.760458,0.2,-0.4,51.9,55.7,55.1,3847,1245360,323.72,normal,1,0,0,0,173.782783,173.782783,173.782783,0,173.782783,173.782783,173.782783,0,71.217217,S0_current,245.0,actual historical adjustment,60025,5071.891997,62426,9506.25,-71.217217,3117.315101,9717653.438923,0.046391,0.005123,0.040205,0.009602,0.944269,0.165754
2020-12-18,2020-12-17,155,150,7320,6375,2020年12月17日24时起国内成品油价格按机制上调,https://www.ndrc.gov.cn/xwdt/ztzl/gncpyjg/202012/t20201217_1293038.html,152.5,6847.5,1,up,152.5,2020-12,48.751,10,3.054,6.683152,49.596,10,3.528,7.658244,46.453,10,2.992,6.884333,48.0245,10,3.6475,8.219348,48.6531,10,3.9097,8.738049,0.2,-0.4,51.9,55.7,55.1,3847,1245360,323.72,normal,1,0,0,0,188.370484,188.370484,188.370484,0,188.370484,188.370484,188.370484,0,-35.870484,S0_current,152.5,actual historical adjustment,23256.25,1286.691622,24186.5,8556.25,35.870484,3153.185585,9942579.333452,0.017974,0.0013,0.015577,0.008642,0.966125,0.154863
2021-01-01,2020-12-31,90,85,7410,6460,2020年12月31日24时起国内成品油价格按机制上调,https://www.ndrc.gov.cn/xwdt/ztzl/gncpyjg/202012/t20201231_1293039.html,87.5,6935,1,up,87.5,2021-01,50.063,10,1.312,2.691227,50.868,10,1.272,2.564723,47.976,10,1.523,3.278583,49.422,10,1.3975,2.909973,50.0004,10,1.3473,2.769197,-0.3,0.3,51.3,52.4,52.8,4459,1612834.7,3617.03,normal,1,0,0,0,66.095291,66.095291,66.095291,0,66.095291,66.095291,66.095291,0,21.404709,S0_current,87.5,actual historical adjustment,7656.25,458.161567,7656.25,4225,-21.404709,3131.780876,9808051.455279,0.005917,0.000463,0.004931,0.004268,0.953053,0.146403
2021-01-16,2021-01-15,185,180,7595,6640,2021年1月15日24时起国内成品油价格按机制上调,https://www.ndrc.gov.cn/xwdt/ztzl/gncpyjg/202101/t20210115_1293040.html,182.5,7117.5,1,up,182.5,2021-01,53.503,10,3.44,6.871342,53.986,10,3.118,6.12959,51.033,10,3.057,6.371936,52.5095,10,3.0875,6.247218,53.1001,10,3.0997,6.19935,-0.3,0.3,51.3,52.4,52.8,4459,1612834.7,3617.03,normal,1,0,0,0,149.718085,149.718085,149.718085,0,149.718085,149.718085,149.718085,0,32.781915,S0_current,182.5,actual historical adjustment,33306.25,1074.653951,33306.25,9025,-32.781915,3098.998961,9603794.560279,0.025741,0.001085,0.021451,0.009116,0.933205,0.153363
2021-01-30,2021-01-29,75,70,7670,6710,2021年1月29日24时起国内成品油价格按机制上调,https://www.ndrc.gov.cn/xwdt/ztzl/gncpyjg/202101/t20210129_1293041.html,72.5,7190,1,up,72.5,2021-01,54.842,10,1.339,2.502663,55.159,10,1.173,2.172786,52.749,10,1.716,3.36253,54.0315,10,1.522,2.898523,54.5445,10,1.4444,2.720146,-0.3,0.3,51.3,52.4,52.8,4459,1612834.7,3617.03,normal,1,0,0,0,70.728806,70.728806,70.728806,0,70.728806,70.728806,70.728806,0,1.771194,S0_current,72.5,actual historical adjustment,5256.25,3.137128,5256.25,12100,-1.771194,3097.227767,9592819.840676,0.004062,0.000003,0.003385,0.012222,0.932139,0.143517
2021-02-19,2021-02-18,275,265,7945,6975,2021年2月18日24时起国内成品油价格按机制上调,https://www.ndrc.gov.cn/xwdt/ztzl/gncpyjg/202102/t20210218_1293042.html,270,7460,1,up,270,2021-02,60.706,10,5.864,10.692535,61.666,10,6.507,11.796806,58.252,10,5.503,10.432425,59.7105,10,5.679,10.510536,60.2939,10,5.7494,10.540751,-0.2,1.7,50.6,51.4,51.6,4498,1783365.6,396.48,normal,1,0,0,0,276.159149,276.159149,276.159149,0,276.159149,276.159149,276.159149,0,-6.159149,S0_current,270.0,actual historical adjustment,72900,37.935116,72900,39006.25,6.159149,3103.386916,9631010.3504,0.056341,0.000038,0.046951,0.039399,0.93585,0.172118
2021-03-04,2021-03-03,260,250,8205,7225,2021年3月3日24时起国内成品油价格按机制上调,https://www.ndrc.gov.cn/xwdt/ztzl/gncpyjg/202103/t20210303_1293043.html,255,7715,1,up,255,2021-03,63.35,10,2.644,4.355418,64.897,10,3.231,5.239516,61.237,10,2.985,5.124288,63.067,10,3.3565,5.621289,63.799,10,3.5051,5.813358,0.4,4.4,51.9,56.3,55.3,4966,2267884.9,456.68,normal,1,0,0,0,169.063372,169.063372,169.063372,0,169.063372,169.063372,169.063372,0,85.936628,S0_current,255.0,actual historical adjustment,65025,7385.104032,70227,225,-85.936628,3017.450288,9105006.240551,0.050255,0.00746,0.045229,0.000227,0.884738,0.158108
2021-03-18,2021-03-17,235,230,8440,7455,2021年3月17日24时起国内成品油价格按机制上调,https://www.ndrc.gov.cn/xwdt/ztzl/gncpyjg/202103/t20210317_1293044.html,232.5,7947.5,1,up,232.5,2021-03,66.413,10,3.063,4.835043,67.947,10,3.05,4.699755,64.651,10,3.414,5.575061,66.299,10,3.232,5.124709,66.9582,10,3.1592,4.951802,0.4,4.4,51.9,56.3,55.3,4966,2267884.9,456.68,normal,1,0,0,0,152.557367,152.557367,152.557367,0,152.557367,152.557367,152.557367,0,79.942633,S0_current,232.5,actual historical adjustment,54056.25,6390.824571,58380.75,506.25,-79.942633,2937.507655,8628951.223184,0.041778,0.006455,0.0376,0.000511,0.838479,0.146984
2021-04-01,2021-03-31,-225,-220,8215,7235,2021年3月31日24时起国内成品油价格按机制下调,https://www.ndrc.gov.cn/xwdt/ztzl/gncpyjg/202103/t20210331_1293045.html,-222.5,7725,1,down,222.5,2021-04,63.154,10,-3.259,-4.907172,63.371,10,-4.576,-6.734661,60.772,10,-3.879,-5.999907,62.0715,10,-4.2275,-6.376416,62.5913,10,-4.3669,-6.52183,0.9,6.8,51.1,54.9,53.8,4036,1839330.1,455.73,normal,1,0,0,0,-206.580682,-206.580682,-206.580682,0,-206.580682,-206.580682,-206.580682,0,-15.919318,S0_current,-222.5,actual historical adjustment,0,253.424686,0,207025,15.919318,2953.426973,8722730.884844,0,0.000256,0,0.209111,0.847592,0.158557
2021-04-15,2021-04-15,0,0,8215,7235,2021年4月15日国内成品油价格不作调整,https://www.ndrc.gov.cn/xwdt/ztzl/gncpyjg/202104/t20210415_1293046.html,0,7725,0,no_adjust,0,2021-04,61.748,10,-1.406,-2.226304,62.928,10,-0.443,-0.699058,60.039,10,-0.733,-1.206148,61.5745,10,-0.497,-0.80069,62.1159,10,-0.4754,-0.75953,0.9,6.8,51.1,54.9,53.8,4036,1839330.1,455.73,normal,1,0,0,0,-20.882151,0,-20.882151,-20.882151,-20.882151,0,-20.882151,-20.882151,0,S0_current,0.0,actual historical adjustment,0,0,0,49506.25,0,2953.426973,8722730.884844,0,0,0,0.050005,0.847592,0.13464
2021-04-29,2021-04-28,100,95,8315,7330,2021年4月28日24时起国内成品油价格按机制上调,https://www.ndrc.gov.cn/xwdt/ztzl/gncpyjg/202104/t20210428_1293047.html,97.5,7822.5,1,up,97.5,2021-04,64.138,10,2.39,3.870571,65.669,10,2.741,4.355772,62.569,10,2.53,4.213928,64.119,10,2.5445,4.132392,64.739,10,2.6231,4.222912,0.9,6.8,51.1,54.9,53.8,4036,1839330.1,455.73,normal,1,0,0,0,126.975205,106.093054,106.093054,0,126.975205,106.093054,106.093054,0,-8.593054,S0_current,97.5,actual historical adjustment,9506.25,73.840577,11217.375,9506.25,8.593054,2962.020027,8773562.640349,0.007347,0.000075,0.007224,0.009602,0.852531,0.132978
2021-05-15,2021-05-14,100,100,8415,7430,2021年5月14日24时起国内成品油价格按机制上调,https://www.ndrc.gov.cn/xwdt/ztzl/gncpyjg/202105/t20210514_1293048.html,100,7922.5,1,up,100,2021-05,66.717,10,2.579,4.021017,68.638,10,2.969,4.521159,64.901,10,2.332,3.727085,66.7965,10,2.6775,4.175829,67.5331,10,2.7941,4.315946,1.3,9,51,55.2,54.2,4095,2039882.1,498.14,normal,1,0,0,0,135.135156,135.135156,135.135156,0,135.135156,135.135156,135.135156,0,-35.135156,S0_current,100.0,actual historical adjustment,10000,1234.479187,12600,6.25,35.135156,2997.155183,8982939.190984,0.007729,0.001247,0.008115,0.000006,0.872876,0.135143
2021-05-28,2021-05-28,0,0,8415,7430,2021年5月28日国内成品油价格不作调整,https://www.ndrc.gov.cn/xwdt/ztzl/gncpyjg/202105/t20210528_1293049.html,0,7922.5,0,no_adjust,0,2021-05,66.662,10,-0.055,-0.082438,68.24,10,-0.398,-0.579854,65.157,10,0.256,0.394447,66.6985,10,-0.098,-0.146714,67.3151,10,-0.218,-0.322805,1.3,9,51,55.2,54.2,4095,2039882.1,498.14,normal,1,0,0,0,-8.599277,0,-8.599277,-8.599277,-8.599277,0,-8.599277,-8.599277,0,S0_current,0.0,actual historical adjustment,0,0,0,10000,0,2997.155183,8982939.190984,0,0,0,0.010101,0.872876,0.132447
2021-06-12,2021-06-11,175,170,8590,7600,2021年6月11日24时起国内成品油价格按机制上调,https://www.ndrc.gov.cn/xwdt/ztzl/gncpyjg/202106/t20210611_1293050.html,172.5,8095,1,up,172.5,2021-06,69.738,10,3.076,4.614323,70.667,10,2.427,3.556565,68.771,10,3.614,5.546603,69.719,10,3.0205,4.528588,70.0982,10,2.7831,4.134436,1.1,8.8,50.9,53.5,52.9,4012,2071889.6,516.42,normal,1,0,0,0,134.610247,126.010969,126.010969,0,134.610247,126.010969,126.010969,0,46.489031,S0_current,172.5,actual historical adjustment,29756.25,2161.230003,36302.625,29756.25,-46.489031,2950.666152,8706430.740558,0.022997,0.002183,0.023381,0.030056,0.846008,0.143441
2021-06-29,2021-06-28,225,215,8815,7815,2021年6月28日24时起国内成品油价格按机制上调,https://www.ndrc.gov.cn/xwdt/ztzl/gncpyjg/202106/t20210628_1293051.html,220,8315,1,up,220,2021-06,72.892,10,3.154,4.522642,74.258,10,3.591,5.08158,72.515,10,3.744,5.444155,73.3865,10,3.6675,5.260402,73.7351,10,3.6369,5.188293,1.1,8.8,50.9,53.5,52.9,4012,2071889.6,516.42,normal,1,0,0,0,175.352738,175.352738,175.352738,0,175.352738,175.352738,175.352738,0,44.647262,S0_current,220.0,actual historical adjustment,48400,1993.378004,59048,2256.25,-44.647262,2906.01889,8444945.789037,0.037406,0.002013,0.03803,0.002279,0.820599,0.142693
2021-07-13,2021-07-12,70,65,8885,7880,2021年7月12日24时起国内成品油价格按机制上调,https://www.ndrc.gov.cn/xwdt/ztzl/gncpyjg/202107/t20210712_1293052.html,67.5,8382.5,1,up,67.5,2021-07,74.224,10,1.332,1.827361,76.197,10,1.939,2.611166,73.793,10,1.278,1.762394,74.9005,10,1.514,2.06305,75.3435,10,1.6084,2.181322,1,9,50.4,53.3,52.4,4117,2208676.2,536.48,normal,1,0,0,0,78.554724,78.554724,78.554724,0,78.554724,78.554724,78.554724,0,-11.054724,S0_current,67.5,actual historical adjustment,4556.25,122.206923,5467.5,23256.25,11.054724,2917.073614,8509318.469495,0.003521,0.000123,0.003521,0.023491,0.826854,0.129337
2021-07-27,2021-07-26,-100,-95,8785,7785,2021年7月26日24时起国内成品油价格按机制下调,https://www.ndrc.gov.cn/xwdt/ztzl/gncpyjg/202107/t20210726_1293053.html,-97.5,8285,1,down,97.5,2021-07,72.683,10,-1.541,-2.076148,74.001,10,-2.196,-2.882003,71.436,10,-2.357,-3.19407,72.7185,10,-2.182,-2.913198,73.2315,10,-2.112,-2.803162,1,9,50.4,53.3,52.4,4117,2208676.2,536.48,normal,1,0,0,0,-98.979084,-98.979084,-98.979084,0,-98.979084,-98.979084,-98.979084,0,1.479084,S0_current,-97.5,actual historical adjustment,0,2.187689,0,27225,-1.479084,2915.59453,8500691.463366,0,0.000002,0,0.027499,0.826016,0.128028
2021-08-09,2021-08-09,0,0,8785,7785,2021年8月9日国内成品油价格不作调整,https://www.ndrc.gov.cn/xwdt/ztzl/gncpyjg/202108/t20210809_1293373.html,0,8285,0,no_adjust,0,2021-08,72.934,10,0.251,0.345335,74.007,10,0.006,0.008108,71.125,10,-0.311,-0.435355,72.566,10,-0.1525,-0.209713,73.1424,10,-0.0891,-0.121669,0.8,9.5,50.1,47.5,48.9,4453,2427251.9,545.08,normal,1,0,0,0,-2.448297,0,-2.448297,-2.448297,-2.448297,0,-2.448297,-2.448297,0,S0_current,0.0,actual historical adjustment,0,0,0,9506.25,0,2915.59453,8500691.463366,0,0,0,0.009602,0.826016,0.125343
2021-08-24,2021-08-23,-250,-245,8535,7540,2021年8月23日24时起国内成品油价格按机制下调,https://www.ndrc.gov.cn/xwdt/ztzl/gncpyjg/202108/t20210823_1294332.html,-247.5,8037.5,1,down,247.5,2021-08,69.411,10,-3.523,-4.830395,69.586,10,-4.421,-5.973759,66.691,10,-4.434,-6.234095,68.1385,10,-4.4275,-6.101342,68.7175,10,-4.4249,-6.049706,0.8,9.5,50.1,47.5,48.9,4453,2427251.9,545.08,normal,1,0,0,0,-209.348385,-211.796682,-211.796682,0,-209.348385,-211.796682,-211.796682,0,-35.703318,S0_current,-247.5,actual historical adjustment,0,1274.726916,0,61256.25,35.703318,2951.297848,8710158.987609,0,0.001288,0,0.061873,0.84637,0.136494
2021-09-07,2021-09-06,140,140,8675,7680,2021年9月6日24时起国内成品油价格按机制上调,https://www.ndrc.gov.cn/xwdt/ztzl/gncpyjg/202109/t20210906_1296106.html,140,8177.5,1,up,140,2021-09,70.861,10,1.45,2.089006,71.266,10,1.68,2.414279,68.37,10,1.679,2.517581,69.4665,10,1.328,1.948972,70.1863,10,1.4688,2.137447,0.7,10.7,49.6,53.2,51.7,4104,2195876.9,535.06,normal,1,0,0,0,71.89315,71.89315,71.89315,0,71.89315,71.89315,71.89315,0,68.10685,S0_current,140.0,actual historical adjustment,19600,4638.543017,22344,150156.25,-68.10685,2883.190998,8312790.330948,0.015148,0.004685,0.014391,0.151669,0.807758,0.152236
2021-09-19,2021-09-18,90,85,8765,7765,2021年9月18日24时起国内成品油价格按机制上调,https://www.ndrc.gov.cn/xwdt/ztzl/gncpyjg/202109/t20210918_1297148.html,87.5,8265,1,up,87.5,2021-09,72.575,10,1.714,2.41882,73.071,10,1.805,2.532765,70.371,10,2.001,2.926722,71.753,10,2.2865,3.291515,72.3058,10,2.1195,3.01982,0.7,10.7,49.6,53.2,51.7,4104,2195876.9,535.06,normal,1,0,0,0,102.943911,102.943911,102.943911,0,102.943911,102.943911,102.943911,0,-15.443911,S0_current,87.5,actual historical adjustment,7656.25,238.514387,8728.125,2756.25,15.443911,2898.634909,8402084.335673,0.005917,0.000241,0.005621,0.002784,0.816434,0.125816
2021-10-10,2021-10-09,345,330,9110,8095,2021年10月9日24时起国内成品油价格按机制上调,https://www.ndrc.gov.cn/xwdt/ztzl/gncpyjg/202110/t20211009_1298893.html,337.5,8602.5,1,up,337.5,2021-10,78.676,10,6.101,8.406476,80.228,10,7.157,9.794583,76.979,10,6.608,9.390232,78.6035,10,6.8505,9.547336,79.2533,10,6.9475,9.608496,1.5,13.5,49.2,52.4,50.8,3766,2098861.3,557.32,normal,1,0,0,0,333.331296,333.331296,333.331296,0,333.331296,333.331296,333.331296,0,4.168704,S0_current,337.5,actual historical adjustment,113906.25,17.378093,148078.125,62500,-4.168704,2894.466205,8377934.611887,0.088033,0.000018,0.095369,0.06313,0.814088,0.177437
2021-10-23,2021-10-22,300,290,9410,8385,2021年10月22日24时起国内成品油价格按机制上调,https://www.ndrc.gov.cn/xwdt/ztzl/gncpyjg/202110/t20211022_1300685.html,295,8897.5,1,up,295,2021-10,82.845,10,4.169,5.298948,84.1,10,3.872,4.826245,81.828,10,4.849,6.299121,82.964,10,4.3605,5.547463,83.4184,10,4.1651,5.255428,1.5,13.5,49.2,52.4,50.8,3766,2098861.3,557.32,profit_deduction,0.931632,0,1,0,200.55792,200.55792,200.55792,0,186.846176,186.846176,186.846176,0,108.153824,S0_current,295.0,actual historical adjustment,87025,11697.249646,113132.5,1806.25,-108.153824,2786.312381,7763536.684514,0.067258,0.011815,0.072862,0.001824,0.754386,0.150825
2021-11-05,2021-11-05,0,0,9410,8385,2021年11月5日国内成品油价格不作调整,https://www.ndrc.gov.cn/xwdt/ztzl/gncpyjg/202111/t20211105_1303115.html,0,8897.5,0,no_adjust,0,2021-11,83.068,10,0.223,0.269177,83.619,10,-0.481,-0.571938,83.144,10,1.316,1.608251,83.3815,10,0.4175,0.50323,83.4765,10,0.0581,0.069649,2.3,12.9,50.1,52.3,52.2,4178,2496433.8,597.52,profit_deduction,0.93047,0,1,0,4.575942,0,4.575942,4.575942,4.257776,0,4.257776,4.257776,0,S0_current,0.0,actual historical adjustment,0,0,0,87025,0,2786.312381,7763536.684514,0,0,0,0.087902,0.754386,0.126343
2021-11-20,2021-11-19,-95,-90,9315,8295,2021年11月19日24时起国内成品油价格按机制下调,https://www.ndrc.gov.cn/xwdt/ztzl/gncpyjg/202111/t20211119_1304442.html,-92.5,8805,1,down,92.5,2021-11,81.607,10,-1.461,-1.7588,82.729,10,-0.89,-1.064351,80.975,10,-2.169,-2.608727,81.852,10,-1.5295,-1.83434,82.2028,10,-1.2737,-1.525819,2.3,12.9,50.1,52.3,52.2,4178,2496433.8,597.52,profit_deduction,0.955944,0,0,0,-58.976237,-54.400296,-54.400296,0,-58.976237,-54.718461,-54.718461,0,-37.781539,S0_current,-92.5,actual historical adjustment,0,1427.444689,0,8556.25,37.781539,2824.09392,7975506.468981,0,0.001442,0,0.008642,0.774983,0.117832
2021-12-04,2021-12-03,-430,-415,8885,7880,2021年12月3日24时起国内成品油价格按机制下调,https://www.ndrc.gov.cn/xwdt/ztzl/gncpyjg/202112/t20211203_1306844.html,-422.5,8382.5,1,down,422.5,2021-12,76.472,10,-5.135,-6.292352,76.572,10,-6.157,-7.442372,73.479,10,-7.496,-9.257178,75.4605,10,-6.3915,-7.808606,76.2531,10,-5.9497,-7.237831,1.5,10.3,50.3,52.7,52.2,4614,2690828.6,583.19,normal,1,0,0,0,-282.110333,-282.110333,-282.110333,0,-282.110333,-282.110333,-282.110333,0,-140.389667,S0_current,-422.5,actual historical adjustment,0,19709.2586,0,108900,140.389667,2964.483587,8788162.937592,0,0.019908,0,0.109997,0.85395,0.148574
2021-12-18,2021-12-17,-130,-125,8755,7755,2021年12月17日24时起国内成品油价格按机制下调,https://www.ndrc.gov.cn/xwdt/xwfb/202112/t20211217_1308356.html,-127.5,8255,1,down,127.5,2021-12,73.946,10,-2.526,-3.30317,74.049,10,-2.523,-3.294938,70.795,10,-2.684,-3.652744,72.422,10,-3.0385,-4.02661,73.0728,10,-3.1803,-4.170716,1.5,10.3,50.3,52.7,52.2,4614,2690828.6,583.19,normal,1,0,0,0,-149.957304,-149.957304,-149.957304,0,-149.957304,-149.957304,-149.957304,0,22.457304,S0_current,-127.5,actual historical adjustment,0,504.330503,0,87025,-22.457304,2942.026283,8655518.649863,0,0.000509,0,0.087902,0.841061,0.139446
2022-01-01,2021-12-31,140,135,8895,7890,2021年12月31日24时起国内成品油价格按机制上调,https://www.ndrc.gov.cn/xwdt/xwfb/202112/t20211231_1311298.html,137.5,8392.5,1,up,137.5,2022-01,75.152,10,1.206,1.63092,74.811,10,0.762,1.029048,73.468,10,2.673,3.77569,73.544,10,1.122,1.549253,73.976,10,0.9032,1.236028,0.9,9.1,50.1,51.1,51,4880,2795758.1,572.9,normal,1,0,0,0,44.903278,0,44.903278,44.903278,44.903278,0,44.903278,44.903278,137.5,S0_current,137.5,actual historical adjustment,18906.25,18906.25,22309.375,70225,-137.5,2804.526283,7865367.672038,0.014612,0.019097,0.014368,0.070933,0.764281,0.136346
2022-01-18,2022-01-17,345,330,9240,8220,2022年1月17日24时起国内成品油价格按机制上调,https://www.ndrc.gov.cn/xwdt/xwfb/202201/t20220117_1312120.html,337.5,8730,1,up,337.5,2022-01,81.683,10,6.531,8.690387,82.785,10,7.974,10.65886,79.687,10,6.219,8.46491,81.236,10,7.692,10.459045,81.8556,10,7.8796,10.651563,0.9,9.1,50.1,51.1,51,4880,2795758.1,572.9,profit_deduction,0.962888,0,1,0,377.810186,422.713464,422.713464,0,363.788894,408.692172,408.692172,0,-71.192172,S0_current,337.5,actual historical adjustment,113906.25,5068.325354,134409.375,40000,71.192172,2875.718455,8269756.632428,0.088033,0.005119,0.086566,0.040403,0.803576,0.17127
2022-01-30,2022-01-29,310,300,9550,8520,2022年1月29日24时起国内成品油价格按机制上调,https://www.ndrc.gov.cn/xwdt/xwfb/202201/t20220129_1313943.html,305,9035,1,up,305,2022-01,88.254,10,6.571,8.044514,89.641,10,6.856,8.281694,86.223,10,6.536,8.202091,87.8995,10,6.6635,8.202644,88.5701,10,6.7145,8.20286,0.9,9.1,50.1,51.1,51,4880,2795758.1,572.9,profit_deduction,0.828598,0,1,0,322.212766,322.212766,322.212766,0,266.984854,266.984854,266.984854,0,38.015146,S0_current,305.0,actual historical adjustment,93025,1445.151325,109769.5,1056.25,-38.015146,2837.703309,8052560.06991,0.071895,0.00146,0.070696,0.001067,0.782471,0.15347
2022-02-18,2022-02-17,210,200,9760,8720,2022年2月17日24时起国内成品油价格按机制上调,https://www.ndrc.gov.cn/xwdt/xwfb/202202/t20220217_1315772.html,205,9240,1,up,205,2022-02,92.871,10,4.617,5.231491,96.955,10,7.314,8.159213,91.693,10,5.47,6.344015,94.324,10,6.4245,7.308915,95.3764,10,6.8063,7.684648,0.9,8.8,50.2,51.6,51.2,3634,2271578.6,625.09,profit_deduction,0.692472,0,1,0,326.593372,326.593372,326.593372,0,226.156765,226.156765,226.156765,0,-21.156765,S0_current,205.0,actual historical adjustment,42025,447.608705,49589.5,10000,21.156765,2858.860074,8173080.922711,0.032479,0.000452,0.031938,0.010101,0.794182,0.136837
2022-03-04,2022-03-03,260,255,10020,8975,2022年3月3日24时起国内成品油价格按机制上调,https://www.ndrc.gov.cn/xwdt/xwfb/202203/t20220303_1318078.html,257.5,9497.5,1,up,257.5,2022-03,98.592,10,5.721,6.160158,102.123,10,5.168,5.330308,95.61,10,3.917,4.271864,98.791,10,4.467,4.735804,100.0634,10,4.687,4.914214,1.5,8.3,49.5,48.4,48.8,4271,3021685.3,707.49,profit_deduction,0.598732,0,1,0,225.462472,225.462472,225.462472,0,134.991597,134.991597,134.991597,0,122.508403,S0_current,257.5,actual historical adjustment,66306.25,15008.308806,86198.125,2756.25,-122.508403,2736.351671,7487620.467384,0.051245,0.01516,0.055515,0.002784,0.727575,0.139276
2022-03-18,2022-03-17,750,720,10770,9695,2022年3月17日24时起国内成品油价格按机制上调,https://www.ndrc.gov.cn/xwdt/xwfb/202203/t20220317_1319438.html,735,10232.5,1,up,735,2022-03,115.932,10,17.34,17.587634,117.079,10,14.956,14.645085,108.49,10,12.88,13.471394,112.7845,10,13.9935,14.164752,114.5023,10,14.4389,14.429752,1.5,8.3,49.5,48.4,48.8,4271,3021685.3,707.49,profit_deduction,0.309954,0,1,0,690.813495,690.813495,690.813495,0,214.120406,214.120406,214.120406,0,520.879594,S0_current,735.0,actual historical adjustment,540225,271315.551446,702292.5,228006.25,-520.879594,2215.472077,4908316.523967,0.417515,0.274049,0.452308,0.230304,0.476942,0.378352
2022-04-01,2022-03-31,110,110,10880,9805,2022年3月31日24时起国内成品油价格按机制上调,https://www.ndrc.gov.cn/xwdt/xwfb/202203/t20220331_1321429.html,110,10342.5,1,up,110,2022-04,112.719,10,-3.213,-2.771452,118.869,10,1.79,1.528882,109.573,10,1.083,0.998249,114.221,10,1.4365,1.273668,116.0802,10,1.5779,1.378051,2.1,8,47.4,41.9,42.7,4303,3422562.7,795.39,profit_deduction,0.278396,0,1,0,77.099294,77.099294,77.099294,0,21.464135,0,21.464135,21.464135,110,S0_current,110.0,actual historical adjustment,12100,12100,17182,390625,-110,2105.472077,4433012.667027,0.009352,0.012222,0.011066,0.394561,0.430757,0.131346
2022-04-16,2022-04-15,-545,-530,10335,9275,2022年4月15日24时起国内成品油价格按机制下调,https://www.ndrc.gov.cn/xwdt/xwfb/202204/t20220415_1322196.html,-537.5,9805,1,down,537.5,2022-04,104.374,10,-8.345,-7.403366,104.444,10,-14.425,-12.135208,100.122,10,-9.451,-8.6253,102.283,10,-11.938,-10.451668,103.1474,10,-12.9328,-11.141263,2.1,8,47.4,41.9,42.7,4303,3422562.7,795.39,profit_deduction,0.537052,0,0,0,-615.336958,-615.336958,-615.336958,0,-615.336958,-593.872823,-593.872823,0,56.372823,S0_current,-537.5,actual historical adjustment,0,3177.895173,0,419256.25,-56.372823,2049.099254,4198807.752743,0,0.00321,0,0.42348,0.407999,0.125364
2022-04-29,2022-04-28,205,200,10540,9475,2022年4月28日24时起国内成品油价格按机制上调,https://www.ndrc.gov.cn/xwdt/xwfb/202204/t20220428_1323651.html,202.5,10007.5,1,up,202.5,2022-04,107.029,10,2.655,2.543737,105.209,10,0.765,0.73245,103.537,10,3.415,3.410839,103.987,10,1.704,1.665966,104.4758,10,1.3284,1.287866,2.1,8,47.4,41.9,42.7,4303,3422562.7,795.39,profit_deduction,0.510484,0,1,0,65.193401,65.193401,65.193401,0,33.280188,0,33.280188,33.280188,202.5,S0_current,202.5,actual historical adjustment,41006.25,41006.25,58228.875,547600,-202.5,1846.599254,3409928.804873,0.031692,0.041419,0.037502,0.553117,0.331343,0.158251
2022-05-17,2022-05-16,285,270,10825,9745,2022年5月16日24时起国内成品油价格按机制上调,https://www.ndrc.gov.cn/xwdt/xwfb/202205/t20220516_1324609.html,277.5,10285,1,up,277.5,2022-05,110.858,10,3.829,3.577535,108.696,10,3.487,3.314355,105.843,10,2.306,2.227223,107.24,10,3.253,3.128276,107.8224,10,3.3466,3.20323,2.1,6.4,49.6,47.8,48.4,4583,3522859,768.68,profit_deduction,0.443552,0,1,0,161.499909,161.499909,161.499909,0,71.633608,104.913796,104.913796,0,172.586204,S0_current,277.5,actual historical adjustment,77006.25,29785.997811,109348.875,5625,-172.586204,1674.01305,2802319.69157,0.059515,0.030086,0.070426,0.005682,0.272301,0.0802
2022-05-31,2022-05-30,400,390,11225,10135,2022年5月30日24时起国内成品油价格按机制上调,https://www.ndrc.gov.cn/xwdt/xwfb/202205/t20220530_1326109.html,395,10680,1,up,395,2022-05,115.363,10,4.505,4.063757,115.295,10,6.599,6.071061,112.779,10,6.936,6.553102,114.037,10,6.797,6.33812,114.5402,10,6.7178,6.230431,2.1,6.4,49.6,47.8,48.4,4583,3522859,768.68,profit_deduction,0.309196,0,1,0,322.370239,322.370239,322.370239,0,99.675588,99.675588,99.675588,0,295.324412,S0_current,395.0,actual historical adjustment,156025,87216.508323,221555.5,13806.25,-295.324412,1378.688638,1900782.36055,0.120584,0.088095,0.142692,0.013945,0.184698,0.113235
2022-06-15,2022-06-14,390,375,11615,10510,2022年6月14日24时起国内成品油价格按机制上调,https://www.ndrc.gov.cn/xwdt/xwfb/202206/t20220614_1327247.html,382.5,11062.5,1,up,382.5,2022-06,120.039,10,4.676,4.053293,126.185,10,10.89,9.445336,118.856,10,6.077,5.388415,122.3335,10,8.2965,7.27527,123.8013,10,9.2611,8.085458,2.5,6.1,50.2,54.7,54.1,3582,2859140.2,798.2,profit_deduction,0.123974,0,1,0,443.734,443.734,443.734,0,55.011479,55.011479,55.011479,0,327.488521,S0_current,382.5,actual historical adjustment,146306.25,107248.731387,219459.375,156.25,-327.488521,1051.200117,1105021.685981,0.113073,0.108329,0.141342,0.000158,0.107373,0.101399
2022-06-29,2022-06-28,-320,-310,11295,10200,2022年6月28日24时起国内成品油价格按机制下调,https://www.ndrc.gov.cn/xwdt/xwfb/202206/t20220628_1328991.html,-315,10747.5,1,down,315,2022-06,116.169,10,-3.87,-3.223952,120.083,10,-6.102,-4.835757,112.525,10,-6.331,-5.326614,116.8135,10,-5.52,-4.512255,118.5289,10,-5.2724,-4.25876,2.5,6.1,50.2,54.7,54.1,3582,2859140.2,798.2,profit_deduction,0.229422,0,0,0,-249.790247,-249.790247,-249.790247,0,-249.790247,-249.790247,-249.790247,0,-65.209753,S0_current,-315.0,actual historical adjustment,0,4252.311886,0,486506.25,65.209753,1116.40987,1246370.997833,0,0.004295,0,0.491408,0.121108,0.092736
2022-07-13,2022-07-12,-360,-345,10935,9855,2022年7月12日24时起国内成品油价格按机制下调,https://www.ndrc.gov.cn/xwdt/xwfb/202207/t20220712_1330413.html,-352.5,10395,1,down,352.5,2022-07,112.316,10,-3.853,-3.31672,116.503,10,-3.58,-2.981271,107.416,10,-5.109,-4.540324,111.854,10,-4.9595,-4.245657,113.6292,10,-4.8997,-4.13376,2.7,4.2,49,53.8,52.5,3733,3017713.3,808.39,profit_deduction,0.327416,0,0,0,-232.005371,-232.005371,-232.005371,0,-232.005371,-232.005371,-232.005371,0,-120.494629,S0_current,-352.5,actual historical adjustment,0,14518.955618,0,1406.25,120.494629,1236.904499,1529932.739646,0,0.014665,0,0.00142,0.148662,0.025445
2022-07-27,2022-07-26,-300,-290,10635,9565,2022年7月26日24时起国内成品油价格按机制下调,https://www.ndrc.gov.cn/xwdt/xwfb/202207/t20220726_1331402.html,-295,10100,1,down,295,2022-07,106.816,10,-5.5,-4.896898,111.005,10,-5.498,-4.719192,100.454,10,-6.962,-6.481344,105.7295,10,-6.1245,-5.475441,107.8397,10,-5.7895,-5.095081,2.7,4.2,49,53.8,52.5,3733,3017713.3,808.39,profit_deduction,0.443206,0,0,0,-274.465747,-274.465747,-274.465747,0,-274.465747,-274.465747,-274.465747,0,-20.534253,S0_current,-295.0,actual historical adjustment,0,421.655546,0,3306.25,20.534253,1257.438752,1581152.215031,0,0.000426,0,0.00334,0.153639,0.023632
2022-08-10,2022-08-09,-130,-125,10505,9440,2022年8月9日24时起国内成品油价格按机制下调,https://www.ndrc.gov.cn/xwdt/xwfb/202208/t20220809_1332823.html,-127.5,9972.5,1,down,127.5,2022-08,105.68,10,-1.136,-1.063511,105.433,10,-5.572,-5.019594,96.175,10,-4.279,-4.259661,100.804,10,-4.9255,-4.658586,102.6556,10,-5.1841,-4.807228,2.5,2.3,49.4,52.6,51.7,4035,3050600.4,756.03,profit_deduction,0.546888,0,0,0,-245.576658,-245.576658,-245.576658,0,-245.576658,-245.576658,-245.576658,0,118.076658,S0_current,-127.5,actual historical adjustment,0,13942.097164,0,28056.25,-118.076658,1139.362094,1298145.981244,0,0.014083,0,0.028339,0.126139,0.025988
2022-08-24,2022-08-23,-205,-200,10300,9240,2022年8月23日24时起国内成品油价格按机制下调,https://www.ndrc.gov.cn/xwdt/xwfb/202208/t20220823_1333590.html,-202.5,9770,1,down,202.5,2022-08,99.905,10,-5.775,-5.46461,99.845,10,-5.588,-5.300048,93.223,10,-2.952,-3.069405,96.534,10,-4.27,-4.235943,97.8584,10,-4.7972,-4.673101,2.5,2.3,49.4,52.6,51.7,4035,3050600.4,756.03,profit_deduction,0.642832,0,0,0,-227.114173,-227.114173,-227.114173,0,-227.114173,-227.114173,-227.114173,0,24.614173,S0_current,-202.5,actual historical adjustment,0,605.857512,0,5625,-24.614173,1114.747921,1242662.927374,0,0.000612,0,0.005682,0.120748,0.019087
2022-09-07,2022-09-06,190,185,10490,9425,2022年9月6日24时起国内成品油价格按机制上调,https://www.ndrc.gov.cn/xwdt/xwfb/202209/t20220906_1335202.html,187.5,9957.5,1,up,187.5,2022-09,102.388,10,2.483,2.485361,96.98,10,-2.865,-2.869448,92.631,10,-0.592,-0.635036,94.7245,10,-1.8095,-1.874469,95.7159,10,-2.1425,-2.189388,2.8,0.9,50.1,50.6,50.9,4024,2884192.5,716.75,profit_deduction,0.685682,0,0,0,-100.434514,-100.434514,-100.434514,0,-100.434514,-100.434514,-100.434514,0,287.934514,S0_current,187.5,actual historical adjustment,35156.25,82906.284352,54843.75,152100,-287.934514,826.813407,683620.409995,0.027171,0.083742,0.035322,0.153632,0.066425,0.06538
2022-09-22,2022-09-21,-290,-280,10200,9145,2022年9月21日24时起国内成品油价格按机制下调,https://www.ndrc.gov.cn/xwdt/xwfb/202209/t20220921_1335893.html,-285,9672.5,1,down,285,2022-09,96.179,10,-6.209,-6.064187,90.458,10,-6.522,-6.725098,86.084,10,-6.547,-7.067828,88.331,10,-6.3935,-6.749574,89.1818,10,-6.5341,-6.826557,2.8,0.9,50.1,50.6,50.9,4024,2884192.5,716.75,profit_deduction,0.816364,0,0,0,-309.997323,-309.997323,-309.997323,0,-309.997323,-309.997323,-309.997323,0,24.997323,S0_current,-285.0,actual historical adjustment,0,624.866157,0,223256.25,-24.997323,801.816084,642909.032561,0,0.000631,0,0.225506,0.062469,0.043322
2022-10-10,2022-10-10,0,0,10200,9145,2022年10月10日国内成品油价格不作调整,https://www.ndrc.gov.cn/xwdt/xwfb/202210/t20221010_1338431.html,0,9672.5,0,no_adjust,0,2022-10,92.482,10,-3.697,-3.843874,90.968,10,0.51,0.563798,84.149,10,-1.935,-2.247804,87.5585,10,-0.7725,-0.874551,88.9223,10,-0.2595,-0.290979,2.1,-1.3,49.2,48.7,49,4314,2984358.1,691.78,profit_deduction,0.821554,0,0,0,-10.579616,0,-10.579616,-10.579616,-10.579616,0,-10.579616,-10.579616,0,S0_current,0.0,actual historical adjustment,0,0,0,81225,0,801.816084,642909.032561,0,0,0,0.082043,0.062469,0.021677
2022-10-25,2022-10-24,185,175,10385,9320,2022年10月24日24时起国内成品油价格按机制上调,https://www.ndrc.gov.cn/xwdt/xwfb/202210/t20221024_1338989.html,180,9852.5,1,up,180,2022-10,93.495,10,1.013,1.095348,92.83,10,1.862,2.046874,87.165,10,3.016,3.584119,89.9975,10,2.439,2.785566,91.1305,10,2.2082,2.483292,2.1,-1.3,49.2,48.7,49,4314,2984358.1,691.78,profit_deduction,0.77739,0,1,0,107.176587,96.596971,96.596971,0,83.318007,72.738391,72.738391,0,107.261609,S0_current,180.0,actual historical adjustment,32400,11505.052765,46008,32400,-107.261609,694.554475,482405.918743,0.02504,0.011621,0.029631,0.032726,0.046873,0.027932
2022-11-08,2022-11-07,155,150,10540,9470,2022年11月7日24时起国内成品油价格按机制上调,https://www.ndrc.gov.cn/xwdt/xwfb/202211/t20221107_1340921.html,152.5,10005,1,up,152.5,2022-11,93.968,10,0.473,0.505909,94.438,10,1.608,1.732199,88.503,10,1.338,1.53502,91.4705,10,1.473,1.636712,92.6575,10,1.527,1.675619,1.6,-1.3,48,46.7,47.1,4674,3158599.9,675.78,profit_deduction,0.74685,0,1,0,74.670397,74.670397,74.670397,0,55.767586,55.767586,55.767586,0,96.732414,S0_current,152.5,actual historical adjustment,23256.25,9357.159918,30698.25,756.25,-96.732414,597.822061,357391.216618,0.017974,0.009451,0.019771,0.000764,0.034725,0.01665
2022-11-22,2022-11-21,-175,-165,10365,9305,2022年11月21日24时起国内成品油价格按机制下调,https://www.ndrc.gov.cn/xwdt/xwfb/202211/t20221121_1341667.html,-170,9835,1,down,170,2022-11,92.801,10,-1.167,-1.241912,94.082,10,-0.356,-0.376967,86.215,10,-2.288,-2.585223,90.1485,10,-1.322,-1.445275,91.7219,10,-0.9356,-1.00974,1.6,-1.3,48,46.7,47.1,4674,3158599.9,675.78,profit_deduction,0.765562,0,0,0,-42.84244,0,-42.84244,-42.84244,-42.84244,0,-42.84244,-42.84244,-170,S0_current,-170.0,actual historical adjustment,0,28900,0,104006.25,170,767.822061,589550.717358,0,0.029191,0,0.105054,0.057284,0.030189
2022-12-06,2022-12-05,-440,-425,9925,8880,2022年12月5日24时起国内成品油价格按机制下调,https://www.ndrc.gov.cn/xwdt/xwfb/202212/t20221205_1343287.html,-432.5,9402.5,1,down,432.5,2022-12,83.55,10,-9.251,-9.968643,85.713,10,-8.369,-8.895432,79.148,10,-7.067,-8.196949,82.5975,10,-7.551,-8.376179,83.9773,10,-7.7446,-8.443567,1.8,-0.7,47,41.6,42.6,4807,3073177.7,639.31,profit_deduction,0.920454,0,0,0,-367.761186,-410.603625,-410.603625,0,-367.761186,-410.603625,-410.603625,0,-21.896375,S0_current,-432.5,actual historical adjustment,0,479.451238,0,68906.25,21.896375,789.718436,623655.208158,0,0.000484,0,0.069601,0.060598,0.019627
2022-12-20,2022-12-19,-480,-460,9445,8420,2022年12月19日24时起国内成品油价格按机制下调,https://www.ndrc.gov.cn/xwdt/xwfb/202212/t20221219_1343672.html,-470,8932.5,1,down,470,2022-12,78.2,10,-5.35,-6.403351,79.679,10,-6.034,-7.039772,74.094,10,-5.054,-6.385506,76.8865,10,-5.711,-6.914253,78.0035,10,-5.9738,-7.113589,1.8,-0.7,47,41.6,42.6,4807,3073177.7,639.31,normal,1,0,0,0,-283.260361,-283.260361,-283.260361,0,-283.260361,-283.260361,-283.260361,0,-186.739639,S0_current,-470.0,actual historical adjustment,0,34871.692774,0,1406.25,186.739639,976.458075,953470.372233,0,0.035223,0,0.00142,0.092647,0.021155
2023-01-04,2023-01-03,250,240,9695,8660,2023年1月3日24时起国内成品油价格按机制上调,https://www.ndrc.gov.cn/xwdt/xwfb/202301/t20230103_1345637.html,245,9177.5,1,up,245,2023-01,80.192,10,1.992,2.547315,81.141,10,1.462,1.834862,77.751,10,3.657,4.935622,79.268,10,2.3815,3.097423,80.0172,10,2.0137,2.581551,2.1,-0.8,50.1,54.4,52.9,4333,2571954.1,593.57,profit_deduction,0.999656,0,1,0,97.895239,97.895239,97.895239,0,97.861563,97.861563,97.861563,0,147.138437,S0_current,245.0,actual historical adjustment,60025,21649.719643,85235.5,511225,-147.138437,829.319638,687771.061972,0.046391,0.021868,0.054895,0.516376,0.066829,0.117176
2023-01-18,2023-01-17,-205,-195,9490,8465,2023年1月17日24时起国内成品油价格按机制下调,https://www.ndrc.gov.cn/xwdt/xwfb/202301/t20230117_1346762.html,-200,8977.5,1,down,200,2023-01,78.849,10,-1.343,-1.674731,79.449,10,-1.692,-2.085259,76.271,10,-1.48,-1.903512,77.8685,10,-1.3995,-1.76553,78.5075,10,-1.5097,-1.886719,2.1,-0.8,50.1,54.4,52.9,4333,2571954.1,593.57,normal,1,0,0,0,-70.237924,-70.237924,-70.237924,0,-70.237924,-70.237924,-70.237924,0,-129.762076,S0_current,-200.0,actual historical adjustment,0,16838.196368,0,198025,129.762076,959.081714,919837.734129,0,0.017008,0,0.20002,0.089379,0.046811
2023-02-04,2023-02-03,210,200,9700,8665,2023年2月3日24时起国内成品油价格按机制上调,https://www.ndrc.gov.cn/xwdt/xwfb/202302/t20230203_1348327.html,205,9182.5,1,up,205,2023-02,83.836,10,4.987,6.324747,84.698,10,5.249,6.606754,79.203,10,2.932,3.844187,81.9505,10,4.082,5.242171,83.0495,10,4.542,5.785435,1,-1.4,52.6,56.3,56.4,4074,2379809.1,584.15,profit_deduction,0.93901,0,1,0,218.543215,218.543215,218.543215,0,205.214264,205.214264,205.214264,0,-0.214264,S0_current,205.0,actual historical adjustment,42025,0.045909,50430,164025,0.214264,959.295978,920248.773407,0.032479,0,0.032479,0.165678,0.089419,0.054504
2023-02-17,2023-02-17,0,0,9700,8665,2023年2月17日国内成品油价格不作调整,https://www.ndrc.gov.cn/xwdt/xwfb/202302/t20230217_1348864.html,0,9182.5,0,no_adjust,0,2023-02,82.191,10,-1.645,-1.962164,83.423,10,-1.275,-1.505348,77.717,10,-1.486,-1.876192,80.57,10,-1.3805,-1.684553,81.7112,10,-1.3383,-1.611449,1,-1.4,52.6,56.3,56.4,4074,2379809.1,584.15,profit_deduction,0.965776,0,0,0,-62.058885,-62.058885,-62.058885,0,-62.058885,-62.058885,-62.058885,0,62.058885,S0_current,0.0,actual historical adjustment,0,3851.305207,0,42025,-62.058885,897.237093,805034.401055,0,0.00389,0,0.042448,0.078223,0.018879
2023-03-03,2023-03-03,0,0,9700,8665,2023年3月3日国内成品油价格不作调整,https://www.ndrc.gov.cn/xwdt/xwfb/202303/t20230303_1350622.html,0,9182.5,0,no_adjust,0,2023-03,81.814,10,-0.377,-0.458688,82.312,10,-1.111,-1.331767,76.451,10,-1.266,-1.628987,79.434,10,-1.136,-1.409954,80.6272,10,-1.084,-1.326624,0.7,-2.5,51.9,58.2,57,5231,3042961.1,581.72,profit_deduction,0.987456,0,0,0,-49.923941,0,-49.923941,-49.923941,-49.923941,0,-49.923941,-49.923941,0,S0_current,0.0,actual historical adjustment,0,0,0,0,0,897.237093,805034.401055,0,0,0,0,0.078223,0.011733
2023-03-18,2023-03-17,-100,-95,9600,8570,2023年3月17日24时起国内成品油价格按机制下调,https://www.ndrc.gov.cn/xwdt/xwfb/202303/t20230317_1351325.html,-97.5,9085,1,down,97.5,2023-03,80.844,10,-0.97,-1.185616,80.389,10,-1.923,-2.336233,74.756,10,-1.695,-2.217106,77.5725,10,-1.8615,-2.343455,78.6991,10,-1.9281,-2.391377,0.7,-2.5,51.9,58.2,57,5231,3042961.1,581.72,normal,1,0,0,0,-90.203558,-140.127499,-140.127499,0,-90.203558,-140.127499,-140.127499,0,42.627499,S0_current,-97.5,actual historical adjustment,0,1817.103671,0,9506.25,-42.627499,854.609594,730357.558157,0,0.001835,0,0.009602,0.070967,0.012452
2023-04-01,2023-03-31,-335,-320,9265,8250,2023年3月31日24时起国内成品油价格按机制下调,https://www.ndrc.gov.cn/xwdt/xwfb/202303/t20230331_1353081.html,-327.5,8757.5,1,down,327.5,2023-04,75.196,10,-5.648,-6.986295,75.308,10,-5.081,-6.320516,70.653,10,-4.103,-5.488523,72.9805,10,-4.592,-5.919624,73.9115,10,-4.7876,-6.083424,0.1,-3.6,49.2,56.4,54.4,4241,2446502.9,576.87,normal,1,0,0,0,-226.65607,-226.65607,-226.65607,0,-226.65607,-226.65607,-226.65607,0,-100.84393,S0_current,-327.5,actual historical adjustment,0,10169.498218,0,52900,100.84393,955.453524,912891.436524,0,0.010272,0,0.053433,0.088704,0.023375
2023-04-18,2023-04-17,550,525,9815,8775,2023年4月17日24时起国内成品油价格按机制上调,https://www.ndrc.gov.cn/xwdt/xwfb/202304/t20230417_1353648.html,537.5,9295,1,up,537.5,2023-04,85.127,10,9.931,13.20682,85.105,10,9.797,13.009242,80.75,10,10.097,14.290971,82.654,10,9.6735,13.254911,83.6344,10,9.7229,13.154786,0.1,-3.6,49.2,56.4,54.4,4241,2446502.9,576.87,profit_deduction,0.927312,0,1,0,465.770639,465.770639,465.770639,0,431.914703,431.914703,431.914703,0,105.585297,S0_current,537.5,actual historical adjustment,288906.25,11148.254943,294684.375,748225,-105.585297,849.868227,722276.003264,0.223282,0.011261,0.18979,0.755764,0.070181,0.229412
2023-04-29,2023-04-28,-160,-155,9655,8620,2023年4月28日24时起国内成品油价格按机制下调,https://www.ndrc.gov.cn/xwdt/xwfb/202304/t20230428_1355157.html,-157.5,9137.5,1,down,157.5,2023-04,83.22,10,-1.907,-2.240182,83.607,10,-1.498,-1.760179,78.346,10,-2.404,-2.97709,80.9765,10,-1.6775,-2.029545,82.0287,10,-1.6057,-1.919904,0.1,-3.6,49.2,56.4,54.4,4241,2446502.9,576.87,profit_deduction,0.959426,0,0,0,-74.818949,-74.818949,-74.818949,0,-74.818949,-74.818949,-74.818949,0,-82.681051,S0_current,-157.5,actual historical adjustment,0,6836.156194,0,483025,82.681051,932.549278,869648.155898,0,0.006905,0,0.487892,0.084502,0.08724
2023-05-17,2023-05-16,-380,-365,9275,8255,2023年5月16日24时起国内成品油价格按机制下调,https://www.ndrc.gov.cn/xwdt/xwfb/202305/t20230516_1355789.html,-372.5,8765,1,down,372.5,2023-05,75.511,10,-7.709,-9.263398,75.957,10,-7.65,-9.149952,71.141,10,-7.205,-9.196385,73.7315,10,-7.245,-8.94704,74.6217,10,-7.407,-9.029766,0.2,-4.6,48.8,54.5,52.9,5144,3030257.4,589.09,normal,1,0,0,0,-351.651247,-351.651247,-351.651247,0,-351.651247,-351.651247,-351.651247,0,-20.848753,S0_current,-372.5,actual historical adjustment,0,434.670502,0,46225,20.848753,953.398031,908967.805515,0,0.000439,0,0.046691,0.088322,0.02034
2023-05-31,2023-05-30,100,95,9375,8350,2023年5月30日24时起国内成品油价格按机制上调,https://www.ndrc.gov.cn/xwdt/xwfb/202305/t20230530_1356745.html,97.5,8862.5,1,up,97.5,2023-05,76.035,10,0.524,0.693939,76.117,10,0.16,0.210645,72.117,10,0.976,1.371923,74.117,10,0.3855,0.522843,74.917,10,0.2953,0.395729,0.2,-4.6,48.8,54.5,52.9,5144,3030257.4,589.09,normal,1,0,0,0,15.894891,0,15.894891,15.894891,15.894891,0,15.894891,15.894891,97.5,S0_current,97.5,actual historical adjustment,9506.25,9506.25,9886.5,220900,-97.5,855.898031,732561.43947,0.007347,0.009602,0.006367,0.223126,0.071181,0.049495
2023-06-14,2023-06-13,-55,-50,9320,8300,2023年6月13日24时起国内成品油价格按机制下调,https://www.ndrc.gov.cn/xwdt/xwfb/202306/t20230613_1357539.html,-52.5,8810,1,down,52.5,2023-06,74.832,10,-1.203,-1.582166,74.764,10,-1.353,-1.777527,70.43,10,-1.687,-2.339254,72.597,10,-1.52,-2.050812,73.4638,10,-1.4532,-1.939747,0,-5.4,49,53.2,52.3,5206,2818571.4,541.41,normal,1,0,0,0,-67.5418,-51.646909,-51.646909,0,-67.5418,-51.646909,-51.646909,0,-0.853091,S0_current,-52.5,actual historical adjustment,0,0.727764,0,22500,0.853091,856.751122,734022.485048,0,0.000001,0,0.022727,0.071323,0.014108
2023-06-29,2023-06-28,70,70,9390,8370,2023年6月28日24时起国内成品油价格按机制上调,https://www.ndrc.gov.cn/xwdt/xwfb/202306/t20230628_1357927.html,70,8880,1,up,70,2023-06,75.624,10,0.792,1.058371,74.793,10,0.029,0.038789,69.842,10,-0.588,-0.834872,72.225,10,-0.372,-0.512418,73.1782,10,-0.2856,-0.388763,0,-5.4,49,53.2,52.3,5206,2818571.4,541.41,normal,1,0,0,0,-11.825083,0,-11.825083,-11.825083,-11.825083,0,-11.825083,-11.825083,70,S0_current,70.0,actual historical adjustment,4900,4900,4900,15006.25,-70,786.751122,618977.327968,0.003787,0.004949,0.003156,0.015157,0.060144,0.014021
2023-07-13,2023-07-12,155,150,9545,8520,2023年7月12日24时起国内成品油价格按机制上调,https://www.ndrc.gov.cn/xwdt/xwfb/202307/t20230712_1358334.html,152.5,9032.5,1,up,152.5,2023-07,76.853,10,1.229,1.625145,76.236,10,1.443,1.929325,71.281,10,1.439,2.060365,73.541,10,1.316,1.822084,74.445,10,1.2668,1.731117,-0.3,-4.4,49.3,51.5,51.1,4369,2390446.7,547.14,normal,1,0,0,0,62.25391,50.428828,50.428828,0,62.25391,50.428828,50.428828,0,102.071172,S0_current,152.5,actual historical adjustment,23256.25,10418.524153,23256.25,6806.25,-102.071172,684.67995,468786.633932,0.017974,0.010523,0.014978,0.006875,0.04555,0.018206
2023-07-27,2023-07-26,275,260,9820,8780,2023年7月26日24时起国内成品油价格按机制上调,https://www.ndrc.gov.cn/xwdt/xwfb/202307/t20230726_1358699.html,267.5,9300,1,up,267.5,2023-07,81.717,10,4.864,6.328966,80.495,10,4.259,5.5866,76.468,10,5.187,7.276834,78.4815,10,4.9405,6.718021,79.2869,10,4.8419,6.503996,-0.3,-4.4,49.3,51.5,51.1,4369,2390446.7,547.14,normal,1,0,0,0,232.854146,232.854146,232.854146,0,232.854146,232.854146,232.854146,0,34.645854,S0_current,267.5,actual historical adjustment,71556.25,1200.335199,71556.25,13225,-34.645854,650.034096,422544.325963,0.055302,0.001212,0.046085,0.013358,0.041056,0.033752
2023-08-10,2023-08-09,240,230,10060,9010,2023年8月9日24时起国内成品油价格按机制上调,https://www.ndrc.gov.cn/xwdt/xwfb/202308/t20230809_1359258.html,235,9535,1,up,235,2023-08,86.418,10,4.701,5.752781,85.436,10,4.941,6.138269,81.17,10,4.702,6.148977,83.303,10,4.8215,6.143486,84.1562,10,4.8693,6.141368,0.1,-3,49.7,51,51.3,5280,3064332.6,580.37,profit_deduction,0.916876,0,1,0,234.161647,234.161647,234.161647,0,214.697194,214.697194,214.697194,0,20.302806,S0_current,235.0,actual historical adjustment,55225,412.203931,56329.5,1056.25,-20.302806,629.73129,396561.497605,0.042681,0.000416,0.036279,0.001067,0.038532,0.025763
2023-08-24,2023-08-23,55,55,10115,9065,2023年8月23日24时起国内成品油价格按机制上调,https://www.ndrc.gov.cn/xwdt/xwfb/202308/t20230823_1360025.html,55,9590,1,up,55,2023-08,87.708,10,1.29,1.492745,86.415,10,0.979,1.145887,81.593,10,0.423,0.521128,84.004,10,0.701,0.841506,84.9684,10,0.8122,0.96511,0.1,-3,49.7,51,51.3,5280,3064332.6,580.37,profit_deduction,0.900632,0,1,0,40.560848,0,40.560848,40.560848,36.530397,0,36.530397,36.530397,55,S0_current,55.0,actual historical adjustment,3025,3025,3085.5,32400,-55,574.73129,330316.055705,0.002338,0.003055,0.001987,0.032726,0.032094,0.011415
2023-09-06,2023-09-06,0,0,10115,9065,2023年9月6日国内成品油价格不作调整,https://www.ndrc.gov.cn/xwdt/xwfb/202309/t20230906_1360397.html,0,9590,0,no_adjust,0,2023-09,88.12,10,0.412,0.469741,87.006,10,0.591,0.683909,81.839,10,0.246,0.301496,84.1765,10,0.1725,0.205347,85.1091,10,0.1407,0.165591,0,-2.5,50.2,51.7,52,4574,2883165.4,630.34,profit_deduction,0.897818,0,1,0,8.517532,0,49.07838,49.07838,7.647193,0,44.177591,44.177591,0,S0_current,0.0,actual historical adjustment,0,0,0,3025,0,574.73129,330316.055705,0,0,0,0.003055,0.032094,0.005272
2023-09-21,2023-09-20,385,370,10500,9435,2023年9月20日24时起国内成品油价格按机制调整,https://www.ndrc.gov.cn/xwdt/xwfb/202309/t20230920_1360717.html,377.5,9967.5,1,up,377.5,2023-09,94.692,10,6.572,7.458012,93.62,10,6.614,7.601775,89.028,10,7.189,8.78432,91.324,10,7.1475,8.491087,92.2424,10,7.1333,8.38136,0,-2.5,50.2,51.7,52,4574,2883165.4,630.34,profit_deduction,0.755152,0,1,0,342.197488,391.275868,391.275868,0,258.411118,302.588708,302.588708,0,74.911292,S0_current,377.5,actual historical adjustment,142506.25,5611.701669,142506.25,142506.25,-74.911292,499.819998,249820.030401,0.110136,0.005668,0.09178,0.143942,0.024273,0.076845
2023-10-11,2023-10-10,-85,-80,10415,9355,2023年10月10日24时起国内成品油价格按机制调整,https://www.ndrc.gov.cn/xwdt/xwfb/202310/t20231010_1361121.html,-82.5,9885,1,down,82.5,2023-10,93.225,10,-1.467,-1.549233,92.707,10,-0.913,-0.975219,88.472,10,-0.556,-0.624523,90.7215,10,-0.6025,-0.659739,91.6213,10,-0.6211,-0.673335,-0.2,-2.6,49.5,50.6,50.7,4897,3235356,660.68,profit_deduction,0.767574,0,0,0,-27.834811,0,-27.834811,-27.834811,-27.834811,0,-27.834811,-27.834811,-82.5,S0_current,-82.5,actual historical adjustment,0,6806.25,0,211600,82.5,582.319998,339096.580071,0,0.006875,0,0.213732,0.032948,0.038377
2023-10-25,2023-10-24,-70,-70,10345,9285,2023年10月24日24时起国内成品油价格按机制调整,https://www.ndrc.gov.cn/xwdt/xwfb/202310/t20231024_1361478.html,-70,9815,1,down,70,2023-10,92.572,10,-0.653,-0.700456,91.523,10,-1.184,-1.277142,86.575,10,-1.897,-2.144181,89.049,10,-1.6725,-1.843554,90.0386,10,-1.5827,-1.727437,-0.2,-2.6,49.5,50.6,50.7,4897,3235356,660.68,profit_deduction,0.799228,0,0,0,-73.721412,-101.556222,-101.556222,0,-73.721412,-101.556222,-101.556222,0,31.556222,S0_current,-70.0,actual historical adjustment,0,995.795147,0,156.25,-31.556222,550.763776,303340.736954,0,0.001006,0,0.000158,0.029473,0.004646
2023-11-08,2023-11-07,-140,-135,10205,9150,2023年11月7日24时起国内成品油价格按机制调整,https://www.ndrc.gov.cn/xwdt/xwfb/202311/t20231107_1361829.html,-137.5,9677.5,1,down,137.5,2023-11,90.282,10,-2.29,-2.47375,88.567,10,-2.956,-3.229789,83.198,10,-3.377,-3.900664,85.8825,10,-3.1665,-3.555907,86.9563,10,-3.0823,-3.42331,-0.5,-3,49.4,50.2,50.4,4245,2755831.4,649.19,profit_deduction,0.860874,0,0,0,-145.280841,-145.280841,-145.280841,0,-145.280841,-145.280841,-145.280841,0,7.780841,S0_current,-137.5,actual historical adjustment,0,60.541487,0,4556.25,-7.780841,542.982935,294830.467701,0,0.000061,0,0.004602,0.028646,0.004999
2023-11-22,2023-11-21,-340,-330,9865,8820,2023年11月21日24时起国内成品油价格按机制调整,https://www.ndrc.gov.cn/xwdt/xwfb/202311/t20231121_1362158.html,-335,9342.5,1,down,335,2023-11,83.981,10,-6.301,-6.979243,82.318,10,-6.249,-7.055675,77.467,10,-5.731,-6.888387,80.075,10,-5.8075,-6.762146,81.1182,10,-5.8381,-6.713832,-0.5,-3,49.4,50.2,50.4,4245,2755831.4,649.19,profit_deduction,0.977636,0,0,0,-276.784891,-276.784891,-276.784891,0,-276.784891,-276.784891,-276.784891,0,-58.215109,S0_current,-335.0,actual historical adjustment,0,3388.998916,0,39006.25,58.215109,601.198044,361439.088109,0,0.003423,0,0.039399,0.035119,0.011862
2023-12-06,2023-12-05,-55,-50,9810,8770,2023年12月5日24时起国内成品油价格按机制调整,https://www.ndrc.gov.cn/xwdt/xwfb/202312/t20231205_1362437.html,-52.5,9290,1,down,52.5,2023-12,83.436,10,-0.545,-0.648956,80.758,10,-1.56,-1.89509,75.828,10,-1.639,-2.11574,78.413,10,-1.662,-2.075554,79.447,10,-1.6712,-2.060204,-0.3,-2.7,49,50.4,50.3,4836,2934162.3,606.73,normal,1,0,0,0,-77.944544,-77.944544,-77.944544,0,-77.944544,-77.944544,-77.944544,0,25.444544,S0_current,-52.5,actual historical adjustment,0,647.424819,0,79806.25,-25.444544,575.7535,331492.092762,0,0.000654,0,0.08061,0.032209,0.017054
2023-12-20,2023-12-19,-415,-400,9395,8370,2023年12月19日24时起国内成品油价格按机制调整,https://www.ndrc.gov.cn/xwdt/xwfb/202312/t20231219_1362767.html,-407.5,8882.5,1,down,407.5,2023-12,77.413,10,-6.023,-7.218707,75.853,10,-4.905,-6.073702,70.353,10,-5.475,-7.220288,73.103,10,-5.31,-6.771836,74.203,10,-5.244,-6.600627,-0.3,-2.7,49,50.4,50.3,4836,2934162.3,606.73,normal,1,0,0,0,-248.435027,-248.435027,-248.435027,0,-248.435027,-248.435027,-248.435027,0,-159.064973,S0_current,-407.5,actual historical adjustment,0,25301.665635,0,126025,159.064973,734.818473,539958.188262,0,0.025557,0,0.127295,0.052466,0.032075
2024-01-04,2024-01-03,200,190,9595,8560,2024年1月3日24时起国内成品油价格按机制调整,https://www.ndrc.gov.cn/xwdt/xwfb/202401/t20240103_1363079.html,195,9077.5,1,up,195,2024-01,80.061,10,2.648,3.420614,79.155,10,3.302,4.353157,73.082,10,2.729,3.87901,75.879,10,2.776,3.797382,77.1894,10,2.9864,4.024635,-0.8,-2.5,49.2,50.7,50.9,4417,2559588.4,579.49,normal,1,0,0,0,144.311521,144.311521,144.311521,0,144.311521,144.311521,144.311521,0,50.688479,S0_current,195.0,actual historical adjustment,38025,2569.321903,38025,363006.25,-50.688479,684.129994,468033.84869,0.029388,0.002595,0.02449,0.366664,0.045477,0.075809
2024-01-18,2024-01-17,-50,-50,9545,8510,2024年1月17日24时起国内成品油价格按机制调整,https://www.ndrc.gov.cn/xwdt/xwfb/202401/t20240117_1363439.html,-50,9027.5,1,down,50,2024-01,78.739,10,-1.322,-1.651241,78.319,10,-0.836,-1.056156,72.275,10,-0.807,-1.104239,75.121,10,-0.758,-0.998959,76.2594,10,-0.93,-1.204829,-0.8,-2.5,49.2,50.7,50.9,4417,2559588.4,579.49,normal,1,0,0,0,-42.575213,0,-42.575213,-42.575213,-42.575213,0,-42.575213,-42.575213,-50,S0_current,-50.0,actual historical adjustment,0,2500,0,60025,50,734.129994,538946.84809,0,0.002525,0,0.06063,0.052367,0.017455
2024-02-01,2024-01-31,200,200,9745,8710,2024年1月31日24时起国内成品油价格按机制上调,https://www.ndrc.gov.cn/xwdt/xwfb/202401/t20240131_1363834.html,200,9227.5,1,up,200,2024-02,81.22,10,2.481,3.150916,82.032,10,3.713,4.740867,75.817,10,3.542,4.900726,78.9245,10,3.8035,5.063165,80.1675,10,3.9081,5.124745,0.7,-2.7,49.1,51.4,50.9,4268,2569275.2,601.99,profit_deduction,0.99665,0,1,0,188.294134,145.718921,145.718921,0,187.663349,145.088135,145.088135,0,54.911865,S0_current,200.0,actual historical adjustment,40000,3015.312918,45600,62500,-54.911865,679.218129,461337.266762,0.030914,0.003046,0.029368,0.06313,0.044826,0.031873
2024-02-19,2024-02-19,0,0,9745,8710,2024年2月19日国内成品油价格按机制不作调整,https://www.ndrc.gov.cn/xwdt/xwfb/202402/t20240219_1364095.html,0,9227.5,0,no_adjust,0,2024-02,80.677,10,-0.543,-0.668555,82.975,10,0.943,1.149551,76.606,10,0.789,1.040664,79.7905,10,0.866,1.097251,81.0643,10,0.8968,1.118658,0.7,-2.7,49.1,51.4,50.9,4268,2569275.2,601.99,profit_deduction,0.978714,0,1,0,44.597876,0,44.597876,44.597876,43.648566,0,43.648566,43.648566,0,S0_current,0.0,actual historical adjustment,0,0,0,40000,0,679.218129,461337.266762,0,0,0,0.040403,0.044826,0.012784
2024-03-05,2024-03-04,125,120,9870,8830,2024年3月4日国内成品油价格按机制调整,https://www.ndrc.gov.cn/xwdt/xwfb/202403/t20240304_1364393.html,122.5,9350,1,up,122.5,2024-03,82.259,10,1.582,1.960906,84.637,10,1.662,2.003013,79.239,10,2.633,3.437068,81.906,10,2.1155,2.651318,82.9728,10,1.9085,2.354304,0.1,-2.8,50.8,53,52.7,4905,2937969.6,588.55,profit_deduction,0.940544,0,1,0,92.875199,137.473076,137.473076,0,87.353212,131.001777,131.001777,0,-8.501777,S0_current,122.5,actual historical adjustment,15006.25,72.280212,15306.375,15006.25,8.501777,687.719906,472958.669109,0.011598,0.000073,0.009858,0.015157,0.045955,0.014545
2024-03-18,2024-03-18,0,0,9870,8830,2024年3月18日国内成品油价格按机制不作调整,https://www.ndrc.gov.cn/xwdt/xwfb/202403/t20240318_1365046.html,0,9350,0,no_adjust,0,2024-03,83.077,10,0.818,0.99442,85.076,10,0.439,0.518686,79.978,10,0.739,0.932622,82.527,10,0.621,0.758186,83.5466,10,0.5738,0.691552,0.1,-2.8,50.8,53,52.7,4905,2937969.6,588.55,profit_deduction,0.929068,0,1,0,29.184636,0,29.184636,29.184636,27.114511,0,27.114511,27.114511,0,S0_current,0.0,actual historical adjustment,0,0,0,15006.25,0,687.719906,472958.669109,0,0,0,0.015157,0.045955,0.009167
2024-04-02,2024-04-01,200,190,10070,9020,2024年4月1日国内成品油价格按机制调整,https://www.ndrc.gov.cn/xwdt/xwfb/202404/t20240401_1365388.html,195,9545,1,up,195,2024-04,85.577,10,2.5,3.009256,85.798,10,0.722,0.848653,82.682,10,2.704,3.38093,84.24,10,1.713,2.075684,84.8632,10,1.3166,1.575887,0.3,-2.5,50.4,51.2,51.7,4472,2791949.1,624.32,profit_deduction,0.902736,0,1,0,64.630317,93.814952,93.814952,0,58.344114,85.458625,85.458625,0,109.541375,S0_current,195.0,actual historical adjustment,38025,11999.312837,40306.5,38025,-109.541375,578.178531,334290.413709,0.029388,0.01212,0.025959,0.038408,0.032481,0.026894
2024-04-17,2024-04-16,200,195,10270,9215,国内成品油价格按机制调整,https://www.ndrc.gov.cn/xwdt/xwfb/202404/t20240416_1365703.html,197.5,9742.5,1,up,197.5,2024-04,90.136,10,4.559,5.327366,91.224,10,5.426,6.324157,86.595,10,3.913,4.73259,88.9095,10,4.6695,5.543091,89.8353,10,4.9721,5.858959,0.3,-2.5,50.4,51.2,51.7,4472,2791949.1,624.32,profit_deduction,0.803294,0,1,0,239.067162,239.067162,239.067162,0,192.041217,192.041217,192.041217,0,5.458783,S0_current,197.5,actual historical adjustment,39006.25,29.798312,41346.625,6.25,-5.458783,572.719748,328007.909749,0.030146,0.00003,0.026629,0.000006,0.03187,0.018981
2024-04-30,2024-04-29,-70,-70,10200,9145,2024年4月29日国内成品油价格按机制调整,https://www.ndrc.gov.cn/xwdt/xwfb/202404/t20240429_1366287.html,-70,9672.5,1,down,70,2024-04,88.497,10,-1.639,-1.818363,89.063,10,-2.161,-2.368894,84.561,10,-2.034,-2.348865,86.812,10,-2.0975,-2.35914,87.7124,10,-2.1229,-2.363102,0.3,-2.5,50.4,51.2,51.7,4472,2791949.1,624.32,profit_deduction,0.845752,0,0,0,-99.499221,-99.499221,-99.499221,0,-99.499221,-99.499221,-99.499221,0,29.499221,S0_current,-70.0,actual historical adjustment,0,870.20404,0,71556.25,-29.499221,543.220527,295088.540954,0,0.000879,0,0.072277,0.028671,0.015318
2024-05-16,2024-05-15,-235,-225,9965,8920,2024年5月15日国内成品油价格按机制调整,https://www.ndrc.gov.cn/xwdt/xwfb/202405/t20240515_1386222.html,-230,9442.5,1,down,230,2024-05,84.048,10,-4.449,-5.027289,83.616,10,-5.447,-6.115895,80.258,10,-4.303,-5.088634,82.1065,10,-4.7055,-5.420334,82.7103,10,-5.0021,-5.702842,0.3,-1.4,49.5,51.1,51,4697,2972291.4,632.81,profit_deduction,0.945794,0,0,0,-236.891798,-236.891798,-236.891798,0,-236.891798,-236.891798,-236.891798,0,6.891798,S0_current,-230.0,actual historical adjustment,0,47.49688,0,25600,-6.891798,536.328729,287648.505551,0,0.000048,0,0.025858,0.027948,0.008081
2024-05-29,2024-05-29,0,0,9965,8920,2024年5月29日国内成品油价格按机制不作调整,https://www.ndrc.gov.cn/xwdt/xwfb/202405/t20240529_1386532.html,0,9442.5,0,no_adjust,0,2024-05,83.251,10,-0.797,-0.948268,80.741,10,-2.875,-3.438337,80.041,10,-0.217,-0.270378,80.391,10,-1.7155,-2.08936,80.531,10,-2.1793,-2.634859,0.3,-1.4,49.5,51.1,51,4697,2972291.4,632.81,profit_deduction,0.98938,0,0,0,-102.190574,-102.190574,-102.190574,0,-102.190574,-102.190574,-102.190574,0,102.190574,S0_current,0.0,actual historical adjustment,0,10442.913414,0,52900,-102.190574,434.138155,188475.937627,0,0.010548,0,0.053433,0.018312,0.012871
2024-06-14,2024-06-13,-190,-180,9775,8740,2024年6月13日国内成品油价格按机制调整,https://www.ndrc.gov.cn/xwdt/xwfb/202406/t20240613_1386864.html,-185,9257.5,1,down,185,2024-06,80.884,10,-2.367,-2.843209,78.402,10,-2.339,-2.896917,77.178,10,-2.863,-3.576917,77.79,10,-2.601,-3.235437,78.0348,10,-2.4962,-3.099676,0.2,-0.8,49.5,50.5,50.5,4645,2823960,607.96,normal,1,0,0,0,-117.312728,-117.312728,-117.312728,0,-117.312728,-117.312728,-117.312728,0,-67.687272,S0_current,-185.0,actual historical adjustment,0,4581.566791,0,34225,67.687272,501.825427,251828.759184,0,0.004628,0,0.03457,0.024468,0.009781
2024-06-28,2024-06-27,210,200,9985,8940,2024年6月27日国内成品油价格按机制调整,https://www.ndrc.gov.cn/xwdt/xwfb/202406/t20240627_1391342.html,205,9462.5,1,up,205,2024-06,84.8,10,3.916,4.841501,84.747,10,6.345,8.092906,81.442,10,4.264,5.524891,82.8385,10,5.0485,6.489909,83.3971,10,5.3623,6.871678,0.2,-0.8,49.5,50.5,50.5,4645,2823960,607.96,profit_deduction,0.932058,0,1,0,257.68712,257.68712,257.68712,0,240.179341,240.179341,240.179341,0,-35.179341,S0_current,205.0,actual historical adjustment,42025,1237.586033,43706,152100,35.179341,537.004768,288374.120855,0.032479,0.00125,0.028149,0.153632,0.028019,0.042655
2024-07-12,2024-07-11,110,105,10095,9045,2024年7月11日国内成品油价格按机制调整,https://www.ndrc.gov.cn/xwdt/xwfb/202407/t20240711_1391617.html,107.5,9570,1,up,107.5,2024-07,86.717,10,1.917,2.260613,87.454,10,2.707,3.194213,83.628,10,2.186,2.684119,85.412,10,2.5735,3.106647,86.1256,10,2.7285,3.271696,0.5,-0.8,49.4,50.2,50.2,4234,2578459.6,608.99,profit_deduction,0.877488,0,1,0,132.004789,132.004789,132.004789,0,115.832618,115.832618,115.832618,0,-8.332618,S0_current,107.5,actual historical adjustment,11556.25,69.432523,12711.875,9506.25,8.332618,545.337386,297392.864569,0.008931,0.00007,0.008187,0.009602,0.028895,0.010068
2024-07-26,2024-07-25,-145,-140,9950,8905,2024年7月25日国内成品油价格按机制调整,https://www.ndrc.gov.cn/xwdt/xwfb/202407/t20240725_1391947.html,-142.5,9427.5,1,down,142.5,2024-07,84.334,10,-2.383,-2.748019,85.272,10,-2.182,-2.495026,82.058,10,-1.57,-1.877362,83.665,10,-1.747,-2.04538,84.3078,10,-1.8178,-2.110638,0.5,-0.8,49.4,50.2,50.2,4234,2578459.6,608.99,profit_deduction,0.913844,0,0,0,-84.940151,-84.940151,-84.940151,0,-84.940151,-84.940151,-84.940151,0,-57.559849,S0_current,-142.5,actual historical adjustment,0,3313.136217,0,62500,57.559849,602.897235,363485.075971,0,0.003347,0,0.06313,0.035317,0.015436
2024-08-09,2024-08-08,-305,-290,9645,8615,2024年8月8日国内成品油价格按机制调整,https://www.ndrc.gov.cn/xwdt/xwfb/202408/t20240808_1392318.html,-297.5,9130,1,down,297.5,2024-08,79.12,10,-5.214,-6.18256,79.763,10,-5.509,-6.460503,76.928,10,-5.13,-6.251676,78.3455,10,-5.3195,-6.358095,78.9125,10,-5.3953,-6.399526,0.6,-1.8,49.1,50.3,50.1,4910,2936268.9,598.02,normal,1,0,0,0,-255.654913,-255.654913,-255.654913,0,-255.654913,-255.654913,-255.654913,0,-41.845087,S0_current,-297.5,actual historical adjustment,0,1751.011306,0,24025,41.845087,644.742322,415692.661778,0,0.001769,0,0.024267,0.040391,0.010052
2024-08-22,2024-08-22,0,0,9645,8615,2024年8月22日国内成品油价格按机制不作调整,https://www.ndrc.gov.cn/xwdt/xwfb/202408/t20240822_1392530.html,0,9130,0,no_adjust,0,2024-08,78.904,10,-0.216,-0.273003,81.291,10,1.528,1.915675,77.721,10,0.793,1.030834,79.506,10,1.1605,1.481259,80.22,10,1.3075,1.656898,0.6,-1.8,49.1,50.3,50.1,4910,2936268.9,598.02,profit_deduction,0.9956,0,1,0,64.196074,64.196074,64.196074,0,63.913611,63.913611,63.913611,0,-63.913611,S0_current,0.0,actual historical adjustment,0,4084.949671,0,88506.25,63.913611,708.655933,502193.231376,0,0.004126,0,0.089398,0.048796,0.021554
2024-09-06,2024-09-05,-100,-100,9545,8515,2024年9月5日国内成品油价格按机制调整,https://www.ndrc.gov.cn/xwdt/xwfb/202409/t20240905_1392834.html,-100,9030,1,down,100,2024-09,77.58,10,-1.324,-1.677988,79.016,10,-2.275,-2.798588,74.55,10,-3.171,-4.079978,76.678,10,-2.828,-3.556964,77.6544,10,-2.5656,-3.198205,0.4,-2.8,49.8,50,50.4,4549,2573473.2,565.72,normal,1,0,0,0,-120.624428,-120.624428,-120.624428,0,-120.624428,-120.624428,-120.624428,0,20.624428,S0_current,-100.0,actual historical adjustment,0,425.36703,0,10000,-20.624428,688.031505,473387.351873,0,0.00043,0,0.010101,0.045997,0.008501
2024-09-21,2024-09-20,-365,-350,9180,8165,2024年9月20日国内成品油价格按机制调整,https://www.ndrc.gov.cn/xwdt/xwfb/202409/t20240920_1393111.html,-357.5,8672.5,1,down,357.5,2024-09,72.829,10,-4.751,-6.124001,73.229,10,-5.787,-7.323833,70.068,10,-4.482,-6.012072,71.6485,10,-5.0295,-6.559248,72.2807,10,-5.3737,-6.92002,0.4,-2.8,49.8,50,50.4,4549,2573473.2,565.72,normal,1,0,0,0,-254.624182,-254.624182,-254.624182,0,-254.624182,-254.624182,-254.624182,0,-102.875818,S0_current,-357.5,actual historical adjustment,0,10583.433929,0,66306.25,102.875818,790.907323,625534.393575,0,0.01069,0,0.066974,0.060781,0.021301
2024-10-11,2024-10-10,140,135,9320,8300,2024年10月10日国内成品油价格按机制调整,https://www.ndrc.gov.cn/xwdt/xwfb/202410/t20241010_1393553.html,137.5,8810,1,up,137.5,2024-10,74.879,10,2.05,2.814813,76.108,10,2.879,3.931503,72.203,10,2.135,3.04704,74.1555,10,2.507,3.499026,74.9365,10,2.6558,3.674286,0.3,-2.9,50.1,50.2,50.8,4470,2430092.9,543.64,normal,1,0,0,0,128.535616,128.535616,128.535616,0,128.535616,128.535616,128.535616,0,8.964384,S0_current,137.5,actual historical adjustment,18906.25,80.36018,20040.625,245025,-8.964384,781.942939,611434.759852,0.014612,0.000081,0.012907,0.247494,0.059411,0.052932
2024-10-24,2024-10-23,90,85,9410,8385,2024年10月23日国内成品油价格按机制调整,https://www.ndrc.gov.cn/xwdt/xwfb/202410/t20241023_1393865.html,87.5,8897.5,1,up,87.5,2024-10,74.973,10,0.094,0.125536,75.858,10,-0.25,-0.328481,72.791,10,0.588,0.814371,74.3105,10,0.155,0.20902,74.9183,10,-0.0182,-0.024287,0.3,-2.9,50.1,50.2,50.8,4470,2430092.9,543.64,normal,1,0,0,0,0.934981,0,0.934981,0.934981,0.934981,0,0.934981,0.934981,87.5,S0_current,87.5,actual historical adjustment,7656.25,7656.25,8115.625,2500,-87.5,694.442939,482250.995527,0.005917,0.007733,0.005227,0.002525,0.046858,0.01174
2024-11-07,2024-11-06,-145,-140,9265,8245,2024年11月6日国内成品油价格按机制调整,https://www.ndrc.gov.cn/xwdt/xwfb/202411/t20241106_1394298.html,-142.5,8755,1,down,142.5,2024-11,73.042,10,-1.931,-2.575594,73.949,10,-1.909,-2.516544,70.149,10,-2.642,-3.62957,72.049,10,-2.2615,-3.043312,72.809,10,-2.1093,-2.815467,0.2,-2.5,50.3,50,50.8,4852,2627508.2,541.53,normal,1,0,0,0,-98.850243,-97.915262,-97.915262,0,-98.850243,-97.915262,-97.915262,0,-44.584738,S0_current,-142.5,actual historical adjustment,0,1987.798863,0,52900,44.584738,739.027677,546161.907372,0,0.002008,0,0.053433,0.053068,0.016377
2024-11-20,2024-11-20,0,0,9265,8245,2024年11月20日国内成品油价格不作调整,https://www.ndrc.gov.cn/xwdt/xwfb/202411/t20241120_1394603.html,0,8755,0,no_adjust,0,2024-11,72.541,10,-0.501,-0.685907,73.941,10,-0.008,-0.010818,70.034,10,-0.115,-0.163937,72.227,10,0.178,0.247054,73.1042,10,0.2952,0.405444,0.2,-2.5,50.3,50,50.8,4852,2627508.2,541.53,normal,1,0,0,0,15.890119,0,15.890119,15.890119,15.890119,0,15.890119,15.890119,0,S0_current,0.0,actual historical adjustment,0,0,0,20306.25,0,739.027677,546161.907372,0,0,0,0.020511,0.053068,0.011037
2024-12-04,2024-12-04,0,0,9265,8245,2024年12月4日国内成品油价格按机制不作调整,https://www.ndrc.gov.cn/xwdt/xwfb/202412/t20241204_1394837.html,0,8755,0,no_adjust,0,2024-12,72.901,10,0.36,0.496271,74.395,10,0.454,0.614003,69.532,10,-0.502,-0.716795,71.9835,10,-0.2435,-0.337132,72.9641,10,-0.1401,-0.191644,0.1,-2.3,50.1,52.2,52.2,4923,2678963.5,544.17,normal,1,0,0,0,-4.881966,0,11.008153,11.008153,-4.881966,0,11.008153,11.008153,0,S0_current,0.0,actual historical adjustment,0,0,0,0,0,739.027677,546161.907372,0,0,0,0,0.053068,0.00796
2024-12-18,2024-12-18,0,0,9265,8245,2024年12月18日国内成品油价格按机制不作调整,https://www.ndrc.gov.cn/xwdt/xwfb/202412/t20241218_1395064.html,0,8755,0,no_adjust,0,2024-12,72.809,10,-0.092,-0.126199,73.986,10,-0.409,-0.549768,69.717,10,0.185,0.266065,71.8515,10,-0.132,-0.183375,72.7053,10,-0.2588,-0.354695,0.1,-2.3,50.1,52.2,52.2,4923,2678963.5,544.17,normal,1,0,0,0,-10.546213,0,0.46194,0.46194,-10.546213,0,0.46194,0.46194,0,S0_current,0.0,actual historical adjustment,0,0,0,0,0,739.027677,546161.907372,0,0,0,0,0.053068,0.00796
2025-01-03,2025-01-02,70,70,9335,8315,2025年1月2日国内成品油价格按机制调整,https://www.ndrc.gov.cn/xwdt/xwfb/202501/t20250102_1395423.html,70,8825,1,up,70,2025-01,73.555,10,0.746,1.024599,73.718,10,-0.268,-0.362231,70.712,10,0.995,1.427199,72.2475,10,0.396,0.551137,72.8357,10,0.1304,0.179354,0.5,-2.3,49.1,50.2,50.1,,,,normal,1,0,0,0,8.026026,0,8.487966,8.487966,8.026026,0,8.487966,8.487966,70,S0_current,70.0,actual historical adjustment,4900,4900,5390,4900,-70,669.027677,447598.032592,0.003787,0.004949,0.003471,0.004949,0.043491,0.01007
2025-01-17,2025-01-16,340,325,9675,8640,2025年1月16日国内成品油价格按机制调整,https://www.ndrc.gov.cn/xwdt/xwfb/202501/t20250116_1395727.html,332.5,9157.5,1,up,332.5,2025-01,77.796,10,4.241,5.765754,79.21,10,5.492,7.450012,75.993,10,5.281,7.468322,77.4085,10,5.161,7.1435,77.9747,10,5.139,7.055606,0.5,-2.3,49.1,50.2,50.1,,,,normal,1,0,0,0,247.031465,255.51943,255.51943,0,247.031465,255.51943,255.51943,0,76.98057,S0_current,332.5,actual historical adjustment,110556.25,5926.008158,121611.875,68906.25,-76.98057,592.047107,350519.776907,0.085444,0.005986,0.078323,0.069601,0.034058,0.057688
2025-02-06,2025-02-06,0,0,9675,8640,2025年2月6日国内成品油价格按机制不作调整,https://www.ndrc.gov.cn/xwdt/xwfb/202502/t20250206_1396007.html,0,9157.5,0,no_adjust,0,2025-02,78.976,10,1.18,1.516787,77.197,10,-2.013,-2.541346,73.449,10,-2.544,-3.347677,75.323,10,-2.0855,-2.694149,76.0726,10,-1.9021,-2.439381,-0.7,-2.2,50.2,50.4,51.1,,,,normal,1,0,0,0,-88.962864,-88.962864,-88.962864,0,-88.962864,-88.962864,-88.962864,0,88.962864,S0_current,0.0,actual historical adjustment,0,7914.391171,0,110556.25,-88.962864,503.084243,253093.755555,0,0.007994,0,0.11167,0.024591,0.022038
2025-02-20,2025-02-19,-170,-160,9505,8480,2025年2月19日国内成品油价格按机制调整,https://www.ndrc.gov.cn/xwdt/xwfb/202502/t20250219_1396225.html,-165,8992.5,1,down,165,2025-02,77.06,10,-1.916,-2.426053,75.626,10,-1.571,-2.035053,71.976,10,-1.473,-2.005473,73.8395,10,-1.4835,-1.969518,74.5849,10,-1.4877,-1.955632,-0.7,-2.2,50.2,50.4,51.1,,,,normal,1,0,0,0,-69.188106,-69.188106,-69.188106,0,-69.188106,-69.188106,-69.188106,0,-95.811894,S0_current,-165.0,actual historical adjustment,0,9179.919032,0,27225,95.811894,598.896137,358676.582914,0,0.009272,0,0.027499,0.03485,0.011207
2025-03-06,2025-03-05,-135,-130,9370,8350,2025年3月5日国内成品油价格按机制调整,https://www.ndrc.gov.cn/xwdt/xwfb/202503/t20250305_1396430.html,-132.5,8860,1,down,132.5,2025-03,75.801,10,-1.259,-1.633792,74.459,10,-1.167,-1.54312,70.295,10,-1.681,-2.335501,72.377,10,-1.4625,-1.980647,73.2098,10,-1.3751,-1.843671,-0.1,-2.5,50.5,50.8,51.4,,,,normal,1,0,0,0,-63.814945,-63.814945,-63.814945,0,-63.814945,-63.814945,-63.814945,0,-68.685055,S0_current,-132.5,actual historical adjustment,0,4717.63678,0,1056.25,68.685055,667.581192,445664.647912,0,0.004765,0,0.001067,0.043303,0.007609
2025-03-20,2025-03-19,-280,-270,9090,8080,2025年3月19日国内成品油价格按机制调整,https://www.ndrc.gov.cn/xwdt/xwfb/202503/t20250319_1396715.html,-275,8585,1,down,275,2025-03,72.828,10,-2.973,-3.922112,71.606,10,-2.853,-3.831639,67.055,10,-3.24,-4.609147,69.3305,10,-3.0465,-4.20921,70.2407,10,-2.9691,-4.055605,-0.1,-2.5,50.5,50.8,51.4,,,,normal,1,0,0,0,-139.879049,-139.879049,-139.879049,0,-139.879049,-139.879049,-139.879049,0,-135.120951,S0_current,-275.0,actual historical adjustment,0,18257.671399,0,20306.25,135.120951,802.702143,644330.730377,0,0.018442,0,0.020511,0.062607,0.016156
2025-04-03,2025-04-02,230,220,9320,8300,2025年4月2日国内成品油价格按机制调整,https://www.ndrc.gov.cn/xwdt/xwfb/202504/t20250402_1396996.html,225,8810,1,up,225,2025-04,75.578,10,2.75,3.77602,74.395,10,2.789,3.894925,69.698,10,2.643,3.941541,72.0465,10,2.716,3.917468,72.9859,10,2.7452,3.908275,-0.1,-2.7,49,50.4,50.2,,,,normal,1,0,0,0,132.801696,132.801696,132.801696,0,132.801696,132.801696,132.801696,0,92.198304,S0_current,225.0,actual historical adjustment,50625,8500.52726,50625,250000,-92.198304,710.503839,504815.705234,0.039126,0.008586,0.032605,0.252519,0.049051,0.064885
2025-04-18,2025-04-17,-480,-465,8840,7835,2025年4月17日国内成品油价格按机制调整,https://www.ndrc.gov.cn/xwdt/xwfb/202504/t20250417_1397240.html,-472.5,8337.5,1,down,472.5,2025-04,67.84,10,-7.738,-10.238429,67.309,10,-7.086,-9.524834,62.266,10,-7.432,-10.663147,64.7875,10,-7.259,-10.075437,65.7961,10,-7.1898,-9.850944,-0.1,-2.7,49,50.4,50.2,,,,normal,1,0,0,0,-341.286678,-341.286678,-341.286678,0,-341.286678,-341.286678,-341.286678,0,-131.213322,S0_current,-472.5,actual historical adjustment,0,17216.93587,0,486506.25,131.213322,841.717161,708487.779122,0,0.01739,0,0.491408,0.068842,0.087516
2025-04-30,2025-04-30,0,0,8840,7835,2025年4月30日国内成品油价格按机制不作调整,https://www.ndrc.gov.cn/xwdt/xwfb/202504/t20250430_1397516.html,0,8337.5,0,no_adjust,0,2025-04,68.731,10,0.891,1.313384,67.288,10,-0.021,-0.031199,63.295,10,1.029,1.652587,65.217,10,0.4295,0.662937,66.0454,10,0.2493,0.378898,-0.1,-2.7,49,50.4,50.2,,,,normal,1,0,0,0,13.699816,0,13.699816,13.699816,13.699816,0,13.699816,13.699816,0,S0_current,0.0,actual historical adjustment,0,0,0,223256.25,0,841.717161,708487.779122,0,0,0,0.225506,0.068842,0.044152
2025-05-20,2025-05-19,-230,-220,8610,7615,2025年5月19日国内成品油价格按机制调整,https://www.ndrc.gov.cn/xwdt/xwfb/202505/t20250519_1397793.html,-225,8112.5,1,down,225,2025-05,63.389,10,-5.342,-7.77233,63.841,10,-3.447,-5.122756,62.167,10,-1.128,-1.782131,63.0625,10,-2.1545,-3.303586,63.3739,10,-2.6715,-4.044945,-0.1,-3.3,49.5,50.3,50.4,,,,normal,1,0,0,0,-125.677871,-111.978054,-111.978054,0,-125.677871,-111.978054,-111.978054,0,-113.021946,S0_current,-225.0,actual historical adjustment,0,12773.960278,0,50625,113.021946,954.739107,911526.762435,0,0.012903,0,0.051135,0.088571,0.023536
2025-06-04,2025-06-03,65,60,8675,7675,2025年6月3日国内成品油价格按机制调整,https://www.ndrc.gov.cn/xwdt/xwfb/202506/t20250603_1398198.html,62.5,8175,1,up,62.5,2025-06,64.199,10,0.81,1.277824,65.483,10,1.642,2.572015,62.686,10,0.519,0.834848,64.0845,10,1.022,1.620614,64.6439,10,1.27,2.00398,0.1,-3.6,49.7,50.5,50.7,,,,normal,1,0,0,0,62.406611,62.406611,62.406611,0,62.406611,62.406611,62.406611,0,0.093389,S0_current,62.5,actual historical adjustment,3906.25,0.008722,3984.375,82656.25,-0.093389,954.645718,911348.446896,0.003019,0,0.002566,0.083489,0.088554,0.027203
2025-06-18,2025-06-17,260,255,8935,7930,2025年6月17日国内成品油价格按机制调整,https://www.ndrc.gov.cn/xwdt/xwfb/202506/t20250617_1398486.html,257.5,8432.5,1,up,257.5,2025-06,67.733,10,3.534,5.504759,69.965,10,4.482,6.844525,67.269,10,4.583,7.311042,68.617,10,4.5325,7.072693,69.1562,10,4.5123,6.980241,0.1,-3.6,49.7,50.5,50.7,,,,normal,1,0,0,0,217.12596,217.12596,217.12596,0,217.12596,217.12596,217.12596,0,40.37404,S0_current,257.5,actual historical adjustment,66306.25,1630.063106,67632.375,38025,-40.37404,914.271678,835892.701193,0.051245,0.001646,0.043558,0.038408,0.081222,0.041975
2025-07-02,2025-07-01,235,225,9170,8155,2025年7月1日国内成品油价格按机制调整,https://www.ndrc.gov.cn/xwdt/xwfb/202507/t20250701_1398919.html,230,8662.5,1,up,230,2025-07,72.26,10,4.527,6.683596,73.414,10,3.449,4.929608,69.995,10,2.726,4.052387,71.4385,10,2.8215,4.111955,72.0159,10,2.8597,4.135132,0,-3.6,49.3,50.1,50.2,,,,normal,1,0,0,0,138.265523,138.265523,138.265523,0,138.265523,138.265523,138.265523,0,91.734477,S0_current,230.0,actual historical adjustment,52900,8415.21427,52900,756.25,-91.734477,822.537201,676567.447029,0.040884,0.0085,0.03407,0.000764,0.06574,0.030414
2025-07-16,2025-07-15,-130,-125,9040,8030,2025年7月15日国内成品油价格按机制调整,https://www.ndrc.gov.cn/xwdt/xwfb/202507/t20250715_1399195.html,-127.5,8535,1,down,127.5,2025-07,70.362,10,-1.898,-2.626626,70.971,10,-2.443,-3.327703,68.365,10,-1.63,-2.328738,69.524,10,-1.9145,-2.679927,69.9876,10,-2.0283,-2.816461,0,-3.6,49.3,50.1,50.2,,,,normal,1,0,0,0,-94.985003,-94.985003,-94.985003,0,-94.985003,-94.985003,-94.985003,0,-32.514997,S0_current,-127.5,actual historical adjustment,0,1057.22503,0,127806.25,32.514997,855.052198,731114.261305,0,0.001068,0,0.129094,0.07104,0.030234
2025-07-29,2025-07-29,0,0,9040,8030,2025年7月29日国内成品油价格按机制不作调整,https://www.ndrc.gov.cn/xwdt/xwfb/202507/t20250729_1399467.html,0,8535,0,no_adjust,0,2025-07,70.588,10,0.226,0.321196,70.362,10,-0.609,-0.858097,67.553,10,-0.812,-1.187742,68.9575,10,-0.5665,-0.814827,69.5193,10,-0.4683,-0.669119,0,-3.6,49.3,50.1,50.2,,,,normal,1,0,0,0,-20.543346,0,-20.543346,-20.543346,-20.543346,0,-20.543346,-20.543346,0,S0_current,0.0,actual historical adjustment,0,0,0,16256.25,0,855.052198,731114.261305,0,0,0,0.01642,0.07104,0.013119
2025-08-12,2025-08-12,0,0,9040,8030,2025年8月12日国内成品油价格按机制不作调整,https://www.ndrc.gov.cn/xwdt/xwfb/202508/t20250812_1399754.html,0,8535,0,no_adjust,0,2025-08,71.74,10,1.152,1.632005,69.936,10,-0.426,-0.60544,67.389,10,-0.164,-0.242772,68.6625,10,-0.295,-0.4278,69.1719,10,-0.3474,-0.499717,-0.4,-2.9,49.4,50.3,50.5,,,,normal,1,0,0,0,-14.774117,0,-35.317463,-35.317463,-14.774117,0,-35.317463,-35.317463,0,S0_current,0.0,actual historical adjustment,0,0,0,0,0,855.052198,731114.261305,0,0,0,0,0.07104,0.010656
2025-08-27,2025-08-26,-180,-175,8860,7855,2025年8月26日国内成品油价格按机制调整,https://www.ndrc.gov.cn/xwdt/xwfb/202508/t20250826_1400056.html,-177.5,8357.5,1,down,177.5,2025-08,69.136,10,-2.604,-3.629774,67.494,10,-2.442,-3.491764,64.257,10,-3.132,-4.647643,65.868,10,-2.7945,-4.069907,66.5184,10,-2.6535,-3.836095,-0.4,-2.9,49.4,50.3,50.5,,,,normal,1,0,0,0,-124.818929,-160.136392,-160.136392,0,-124.818929,-160.136392,-160.136392,0,-17.363608,S0_current,-177.5,actual historical adjustment,0,301.494883,0,31506.25,17.363608,872.415806,761109.338559,0,0.000305,0,0.031824,0.073955,0.015928
2025-09-09,2025-09-09,0,0,8860,7855,2025年9月9日国内成品油价格按机制不作调整,https://www.ndrc.gov.cn/xwdt/xwfb/202509/t20250909_1400343.html,0,8357.5,0,no_adjust,0,2025-09,70.442,10,1.306,1.88903,67.079,10,-0.415,-0.614869,64.153,10,-0.104,-0.16185,65.621,10,-0.247,-0.374992,66.2522,10,-0.2662,-0.40019,-0.3,-2.3,49.8,50,50.6,,,,normal,1,0,0,0,-10.899334,0,-10.899334,-10.899334,-10.899334,0,-10.899334,-10.899334,0,S0_current,0.0,actual historical adjustment,0,0,0,31506.25,0,872.415806,761109.338559,0,0,0,0.031824,0.073955,0.015867
2025-09-23,2025-09-23,0,0,8860,7855,2025年9月23日国内成品油价格按机制不作调整,https://www.ndrc.gov.cn/xwdt/xwfb/202509/t20250923_1400624.html,0,8357.5,0,no_adjust,0,2025-09,70.572,10,0.13,0.184549,67.922,10,0.843,1.256727,63.559,10,-0.594,-0.925911,65.7405,10,0.1195,0.182106,66.6131,10,0.3609,0.544737,-0.3,-2.3,49.8,50,50.6,,,,normal,1,0,0,0,19.025258,0,8.125924,8.125924,19.025258,0,8.125924,8.125924,0,S0_current,0.0,actual historical adjustment,0,0,0,0,0,872.415806,761109.338559,0,0,0,0,0.073955,0.011093
2025-10-14,2025-10-13,-75,-70,8785,7785,2025年10月13日国内成品油价格按机制调整,https://www.ndrc.gov.cn/xwdt/xwfb/202510/t20251013_1400937.html,-72.5,8285,1,down,72.5,2025-10,67.17,10,-3.402,-4.820609,66.901,10,-1.021,-1.503195,62.345,10,-1.214,-1.910036,64.623,10,-1.1175,-1.699865,65.5342,10,-1.0789,-1.619651,0.2,-2.1,49,50.1,50,,,,normal,1,0,0,0,-49.680574,0,-41.55465,-41.55465,-49.680574,0,-41.55465,-41.55465,-72.5,S0_current,-72.5,actual historical adjustment,0,5256.25,0,5256.25,72.5,944.915806,892865.880429,0,0.005309,0,0.005309,0.086758,0.014872
2025-10-28,2025-10-27,-265,-255,8520,7530,2025年10月27日国内成品油价格按机制调整,https://www.ndrc.gov.cn/xwdt/xwfb/202510/t20251027_1401193.html,-260,8025,1,down,260,2025-10,63.901,10,-3.269,-4.866756,62.79,10,-4.111,-6.144901,59.595,10,-2.75,-4.410939,61.2055,10,-3.4175,-5.288365,61.8497,10,-3.6845,-5.622255,0.2,-2.1,49,50.1,50,,,,normal,1,0,0,0,-174.017229,-215.571879,-215.571879,0,-174.017229,-215.571879,-215.571879,0,-44.428121,S0_current,-260.0,actual historical adjustment,0,1973.857936,0,35156.25,44.428121,989.343927,978801.405892,0,0.001994,0,0.03551,0.095108,0.019992
2025-11-11,2025-11-10,125,120,8645,7650,2025年11月10日国内成品油价格按机制调整,https://www.ndrc.gov.cn/xwdt/xwfb/202511/t20251110_1401464.html,122.5,8147.5,1,up,122.5,2025-11,65.935,10,2.034,3.183049,64.661,10,1.871,2.979774,61.182,10,1.587,2.662975,62.9215,10,1.716,2.80367,63.6173,10,1.7676,2.857896,0.7,-2.2,49.2,49.5,49.7,,,,normal,1,0,0,0,86.151591,86.151591,86.151591,0,86.151591,86.151591,86.151591,0,36.348409,S0_current,122.5,actual historical adjustment,15006.25,1321.206837,17107.125,146306.25,-36.348409,952.995518,908200.457328,0.011598,0.001335,0.011018,0.14778,0.088248,0.041325
2025-11-25,2025-11-24,-70,-65,8575,7585,2025年11月24日国内成品油价格按机制调整,https://www.ndrc.gov.cn/xwdt/xwfb/202511/t20251124_1401864.html,-67.5,8080,1,down,67.5,2025-11,64.545,10,-1.39,-2.108137,63.256,10,-1.405,-2.172871,60.256,10,-0.926,-1.513517,61.749,10,-1.1725,-1.863433,62.3462,10,-1.2711,-1.998041,0.7,-2.2,49.2,49.5,49.7,,,,normal,1,0,0,0,-58.852168,-58.852168,-58.852168,0,-58.852168,-58.852168,-58.852168,0,-8.647832,S0_current,-67.5,actual historical adjustment,0,74.784998,0,36100,8.647832,961.64335,924757.932599,0,0.000076,0,0.036464,0.089857,0.018963
2025-12-09,2025-12-08,-55,-55,8520,7530,2025年12月8日国内成品油价格按机制调整,https://www.ndrc.gov.cn/xwdt/xwfb/202512/t20251208_1402287.html,-55,8025,1,down,55,2025-12,63.552,10,-0.993,-1.538462,64.179,10,0.923,1.45915,59.103,10,-1.153,-1.913502,61.571,10,-0.178,-0.288264,62.5582,10,0.212,0.340037,0.8,-1.9,50.1,50.2,50.7,,,,normal,1,0,0,0,11.919897,0,11.919897,11.919897,11.919897,0,11.919897,11.919897,-55,S0_current,-55.0,actual historical adjustment,0,3025,0,156.25,55,1016.64335,1033563.701099,0,0.003055,0,0.000158,0.10043,0.015699
2025-12-23,2025-12-22,-170,-165,8350,7365,2025年12月22日国内成品油价格按机制调整,https://www.ndrc.gov.cn/xwdt/xwfb/202512/t20251222_1402523.html,-167.5,7857.5,1,down,167.5,2025-12,61.018,10,-2.534,-3.987286,61.715,10,-2.464,-3.839262,57.298,10,-1.805,-3.05399,59.5065,10,-2.0645,-3.35304,60.3899,10,-2.1683,-3.466052,0.8,-1.9,50.1,50.2,50.7,,,,normal,1,0,0,0,-101.665665,-89.745767,-89.745767,0,-101.665665,-89.745767,-89.745767,0,-77.754233,S0_current,-167.5,actual historical adjustment,0,6045.720749,0,12656.25,77.754233,1094.397583,1197706.069676,0,0.006107,0,0.012784,0.116379,0.020596
2026-01-06,2026-01-06,0,0,8350,7365,2026年1月6日国内成品油价格按机制不作调整,https://www.ndrc.gov.cn/xwdt/xwfb/202601/t20260106_1403050.html,0,7857.5,0,no_adjust,0,2026-01,60.838,10,-0.18,-0.294995,62.339,10,0.624,1.011099,57.71,10,0.412,0.719048,60.0055,10,0.499,0.838564,60.9389,10,0.549,0.909092,0.2,-1.4,49.3,49.4,49.8,,,,normal,1,0,0,0,28.001204,0,28.001204,28.001204,28.001204,0,28.001204,28.001204,0,S0_current,0.0,actual historical adjustment,0,0,0,28056.25,0,1094.397583,1197706.069676,0,0,0,0.028339,0.116379,0.021708
2026-01-21,2026-01-20,85,85,8435,7450,2026年1月20日国内成品油价格按机制调整,https://www.ndrc.gov.cn/xwdt/xwfb/202601/t20260120_1403319.html,85,7942.5,1,up,85,2026-01,61.303,10,0.465,0.764325,65.352,10,3.013,4.83325,58.839,10,1.129,1.956333,61.9,10,1.8945,3.157211,63.1244,10,2.1855,3.586379,0.2,-1.4,49.3,49.4,49.8,,,,normal,1,0,0,0,106.093366,134.09457,134.09457,0,106.093366,134.09457,134.09457,0,-49.09457,S0_current,85.0,actual historical adjustment,7225,2410.276803,7514,7225,49.09457,1143.492153,1307574.303973,0.005584,0.002435,0.004839,0.007298,0.127055,0.023246
2026-02-04,2026-02-03,205,195,8640,7645,2026年2月3日国内成品油价格按机制调整,https://www.ndrc.gov.cn/xwdt/xwfb/202602/t20260203_1403566.html,200,8142.5,1,up,200,2026-02,64.204,10,2.901,4.732232,68.787,10,3.435,5.256151,61.674,10,2.835,4.818233,65.2305,10,3.3305,5.380452,66.6531,10,3.5287,5.590073,1.3,-0.9,49,49.5,49.5,,,,normal,1,0,0,0,170.189541,170.189541,170.189541,0,170.189541,170.189541,170.189541,0,29.810459,S0_current,200.0,actual historical adjustment,40000,888.663466,50400,13225,-29.810459,1113.681694,1240286.915551,0.030914,0.000898,0.03246,0.013358,0.120517,0.036104
2026-02-25,2026-02-24,175,170,8815,7815,2026年2月24日国内成品油价格按机制调整,https://www.ndrc.gov.cn/xwdt/xwfb/202602/t20260224_1403852.html,172.5,8315,1,up,172.5,2026-02,68.106,10,3.902,6.077503,71.247,10,2.46,3.576257,64.723,10,3.049,4.943736,68.004,10,2.7735,4.251845,69.3164,10,2.6633,3.995763,1.3,-0.9,49,49.5,49.5,,,,normal,1,0,0,0,128.893509,128.893509,128.893509,0,128.893509,128.893509,128.893509,0,43.606491,S0_current,172.5,actual historical adjustment,29756.25,1901.526057,37492.875,756.25,-43.606491,1070.075203,1145060.940075,0.022997,0.001921,0.024147,0.000764,0.111264,0.028974
2026-03-10,2026-03-09,695,670,9510,8485,2026年3月9日国内成品油价格按机制调整,https://www.ndrc.gov.cn/xwdt/xwfb/202603/t20260309_1404075.html,682.5,8997.5,1,up,682.5,2026-03,77.672,10,9.566,14.045752,78.319,10,7.072,9.926032,72.118,10,7.395,11.425614,75.2185,10,7.2145,10.608935,76.4587,10,7.1423,10.303911,1,0.5,50.4,50.1,50.5,,,,normal,1,0,0,0,342.626959,342.626959,342.626959,0,342.626959,342.626959,342.626959,0,339.873041,S0_current,682.5,actual historical adjustment,465806.25,115513.683999,558967.5,260100,-339.873041,730.202162,533195.197389,0.36,0.116678,0.36,0.262721,0.051808,0.250515
2026-03-24,2026-03-23,1160,1115,10670,9600,2026年3月23日国内成品油价格调整,https://www.ndrc.gov.cn/xwdt/xwfb/202603/t20260323_1404295.html,1137.5,10135,1,up,1137.5,2026-03,125.659,10,47.987,61.781594,103.777,10,25.458,32.505522,93.959,10,21.841,30.285088,98.868,10,23.6495,31.441068,100.8316,10,24.3729,31.87721,1,0.5,50.4,50.1,50.5,,,,profit_deduction,0.583368,0,1,0,1164.85415,1164.85415,1164.85415,0,679.538636,679.538636,679.538636,0,457.961364,S0_current,1137.5,actual historical adjustment,1293906.25,209728.610917,1552687.5,207025,-457.961364,272.240798,74115.052096,1,0.211842,1,0.209111,0.007199,0.574815
2026-04-08,2026-04-07,420,400,11090,10000,2026年4月7日国家继续实施调控，成品油价格适当调整,https://www.ndrc.gov.cn/xwdt/xwfb/202604/t20260407_1404528.html,410,10545,1,up,410,2026-04,123.192,10,-2.467,-1.96325,117.037,10,13.26,12.777398,100.815,10,6.856,7.2968,108.161,10,9.293,9.399401,111.7114,10,10.8798,10.79007,1.2,2.8,50.3,49.4,50.1,,,,profit_deduction,0.365772,0,1,0,520.976763,520.976763,520.976763,0,190.558713,190.558713,190.558713,0,219.441287,S0_current,410.0,actual historical adjustment,168100,48154.47844,208444,529256.25,-219.441287,52.799511,2787.788362,0.129917,0.04864,0.134247,0.534589,0.000268,0.155997
2026-04-22,2026-04-21,-555,-530,10535,9470,2026年4月21日国内成品油价格下调,https://www.ndrc.gov.cn/xwdt/xwfb/202604/t20260421_1404789.html,-542.5,10002.5,1,down,542.5,2026-04,107.016,10,-16.176,-13.130723,117.398,10,0.361,0.308449,96.897,10,-3.918,-3.886326,107.1475,10,-1.0135,-0.937029,111.2477,10,-0.4637,-0.415087,1.2,2.8,50.3,49.4,50.1,,,,profit_deduction,0.375046,0,0,0,-20.323838,0,-20.323838,-20.323838,-20.323838,0,-20.323838,-20.323838,-542.5,S0_current,-542.5,actual historical adjustment,0,294306.25,0,907256.25,542.5,595.299511,354381.507797,0,0.297272,0,0.916397,0.034433,0.202079
2026-05-09,2026-05-08,320,310,10855,9780,2026年5月8日国内成品油价格调整,https://www.ndrc.gov.cn/xwdt/xwfb/202605/t20260508_1405100.html,315,10317.5,1,up,315,2026-05,112.562,10,5.546,5.182403,114.626,10,-2.772,-2.361199,102.368,10,5.471,5.646202,107.562,10,0.4145,0.38685,110.3876,10,-0.8601,-0.77314,,,,,,,,,profit_deduction,0.392248,0,0,0,-39.239654,-59.563493,-59.563493,0,-39.239654,-59.563493,-59.563493,0,374.563493,S0_current,315.0,actual historical adjustment,99225,140297.810288,99225,735306.25,-374.563493,220.736018,48724.389642,0.076686,0.141711,0.063905,0.742715,0.004732,0.175607
2016-01-14,2016-01-13,-140,-135,6925,5970,完善成品油价格机制 同步下调成品油价格,https://www.ndrc.gov.cn/xwdt/ztzl/gncpyjg/201601/t20160113_1292913.html,-137.5,6447.5,1,down,137.5,2016-01,29.61,10,-9.253,-23.809279,33.936,10,-9.007,-20.974315,34.668,10,-5.88,-14.501332,34.302,10,-7.28,-17.507575,34.1556,10,-7.84,-18.668622,1.8,-5.3,49.4,53.5,,2669,752620.9,281.99,low_floor,1,1,0,0,-372.313579,-372.313579,-372.313579,0,0,0,0,0,-137.5,S1_full_pass_policy_band,0.0,full pass-through after 40/80/130 policy bands,0,0,0,0,0,0,0,0,0,0,0,0,0
2016-01-27,2016-01-27,0,0,6925,5970,1月27日国内成品油价格不作调整,https://www.ndrc.gov.cn/xwdt/ztzl/gncpyjg/201601/t20160127_1292914.html,0,6447.5,0,no_adjust,0,2016-01,24.442,10,-5.168,-17.453563,28.576,10,-5.36,-15.794437,29.813,10,-4.855,-14.004269,29.2835,10,-5.0185,-14.630342,29.0717,10,-5.0839,-14.884528,1.8,-5.3,49.4,53.5,,2669,752620.9,281.99,low_floor,1,1,0,0,-240.795213,-240.795213,-240.795213,0,0,0,0,0,0,S1_full_pass_policy_band,0.0,full pass-through after 40/80/130 policy bands,0,0,0,0,0,0,0,0,0,0,0,0,0
2016-02-15,2016-02-15,0,0,6925,5970,2月15日国内成品油价格不作调整,https://www.ndrc.gov.cn/xwdt/ztzl/gncpyjg/201602/t20160215_1292915.html,0,6447.5,0,no_adjust,0,2016-02,28.122,10,3.68,15.056051,31.297,10,2.721,9.521976,29.702,10,-0.111,-0.372321,30.4995,10,1.216,4.152509,30.8185,10,1.7468,6.008593,2.3,-4.9,49,52.7,,3180,737326.3,231.86,low_floor,1,0,0,0,85.159035,85.159035,85.159035,0,85.159035,85.159035,85.159035,0,-85.159035,S1_full_pass_policy_band,85.159035,full pass-through after 40/80/130 policy bands,7252.061242,0,10588.009414,7252.061242,0,0,0,0.015705,0,0.019108,0.016721,0,0.011211
2016-02-29,2016-02-29,0,0,6925,5970,2月29日国内成品油价格不作调整,https://www.ndrc.gov.cn/xwdt/ztzl/gncpyjg/201602/t20160229_1292916.html,0,6447.5,0,no_adjust,0,2016-02,29.175,10,1.053,3.744399,32.654,10,1.357,4.335879,30.602,10,0.9,3.030099,31.628,10,1.1285,3.700061,32.0384,10,1.2199,3.958337,2.3,-4.9,49,52.7,,3180,737326.3,231.86,low_floor,1,0,0,0,60.015889,60.015889,60.015889,0,60.015889,60.015889,60.015889,0,-60.015889,S1_full_pass_policy_band,60.015889,full pass-through after 40/80/130 policy bands,3601.906932,0,5258.784121,632.177791,0,0,0,0.0078,0,0.00949,0.001458,0,0.004541
2016-03-14,2016-03-14,0,0,6925,5970,3月14日国内成品油价格不作调整,https://www.ndrc.gov.cn/xwdt/ztzl/gncpyjg/201603/t20160314_1292917.html,0,6447.5,0,no_adjust,0,2016-03,33.3,10,4.125,14.138817,37.787,10,5.133,15.719361,36.064,10,5.462,17.848507,36.9255,10,5.2975,16.749399,37.2701,10,5.2317,16.329467,2.3,-4.3,50.2,53.8,,3261,771184.3,236.49,low_floor,1,0,0,0,251.455017,251.455017,251.455017,0,251.455017,251.455017,251.455017,0,-251.455017,S1_full_pass_policy_band,251.455017,full pass-through after 40/80/130 policy bands,63229.625574,0,92315.253339,36648.939729,0,0,0,0.136928,0,0.166596,0.0845,0,0.088556
2016-03-28,2016-03-28,0,0,6925,5970,3月28日国内成品油价格不作调整,https://www.ndrc.gov.cn/xwdt/ztzl/gncpyjg/201603/t20160328_1292918.html,0,6447.5,0,no_adjust,0,2016-03,35.493,10,2.193,6.585586,38.951,10,1.164,3.080424,38.788,10,2.724,7.553239,38.8695,10,1.944,5.264655,38.9021,10,1.632,4.378845,2.3,-4.3,50.2,53.8,,3261,771184.3,236.49,low_floor,1,0,0,0,79.680893,79.680893,79.680893,0,79.680893,79.680893,79.680893,0,-79.680893,S1_full_pass_policy_band,79.680893,full pass-through after 40/80/130 policy bands,6349.044709,0,9269.605276,29506.349676,0,0,0,0.013749,0,0.016728,0.068032,0,0.017824
2016-04-12,2016-04-12,0,0,6925,5970,4月12日国内成品油价格不作调整,https://www.ndrc.gov.cn/xwdt/ztzl/gncpyjg/201604/t20160412_1292919.html,0,6447.5,0,no_adjust,0,2016-04,34.606,10,-0.887,-2.499084,37.581,10,-1.37,-3.51724,37.018,10,-1.77,-4.563267,37.2995,10,-1.57,-4.039157,37.4121,10,-1.49,-3.830127,2.3,-3.4,50.1,53.5,,3258,870569.7,267.21,low_floor,1,1,0,0,-69.297859,-69.297859,-69.297859,0,0,0,0,0,0,S1_full_pass_policy_band,0.0,full pass-through after 40/80/130 policy bands,0,0,0,6349.044709,0,0,0,0,0,0,0.014639,0,0.002196
2016-04-27,2016-04-26,165,160,7090,6130,国内成品油价格按机制上调,https://www.ndrc.gov.cn/xwdt/ztzl/gncpyjg/201604/t20160426_1292920.html,162.5,6610,1,up,162.5,2016-04,38.674,10,4.068,11.755187,42.834,10,5.253,13.977808,41.662,10,4.644,12.545248,42.248,10,4.9485,13.266934,42.4824,10,5.0703,13.552567,2.3,-3.4,50.1,53.5,,3258,870569.7,267.21,normal,1,0,0,0,243.753168,243.753168,243.753168,0,243.753168,243.753168,243.753168,0,-81.253168,S1_full_pass_policy_band,243.753168,full pass-through after 40/80/130 policy bands,59415.60691,0,86746.786089,59415.60691,0,0,0,0.128668,0,0.156547,0.136992,0,0.091853
2016-05-12,2016-05-11,120,115,7210,6245,国内成品油价格按机制上调,https://www.ndrc.gov.cn/xwdt/ztzl/gncpyjg/201605/t20160511_1292921.html,117.5,6727.5,1,up,117.5,2016-05,41.279,10,2.605,6.735791,44.283,10,1.449,3.382827,44.651,10,2.989,7.174404,44.467,10,2.219,5.25232,44.3934,10,1.911,4.498333,2,-2.8,50.1,53.1,,3224,940142.9,291.61,normal,1,0,0,0,92.994497,92.994497,92.994497,0,92.994497,92.994497,92.994497,0,24.505503,S1_full_pass_policy_band,92.994497,full pass-through after 40/80/130 policy bands,8647.976472,0,12107.167061,22728.176882,0,0,0,0.018728,0,0.021849,0.052403,0,0.018005
2016-05-26,2016-05-25,210,200,7420,6445,国内成品油价格按机制上调,https://www.ndrc.gov.cn/xwdt/ztzl/gncpyjg/201605/t20160525_1292922.html,205,6932.5,1,up,205,2016-05,43.883,10,2.604,6.308292,47.743,10,3.46,7.813382,47.519,10,2.868,6.423148,47.631,10,3.164,7.115389,47.6758,10,3.2824,7.393892,2,-2.8,50.1,53.1,,3224,940142.9,291.61,normal,1,0,0,0,158.436349,158.436349,158.436349,0,158.436349,158.436349,158.436349,0,46.563651,S1_full_pass_policy_band,158.436349,full pass-through after 40/80/130 policy bands,25102.076684,0,35142.907358,4282.635993,0,0,0,0.05436,0,0.06342,0.009874,0,0.030926
2016-06-09,2016-06-08,110,110,7530,6555,国内成品油价格按机制上调,https://www.ndrc.gov.cn/xwdt/ztzl/gncpyjg/201606/t20160608_1292923.html,110,7042.5,1,up,110,2016-06,45.461,10,1.578,3.595926,49.022,10,1.279,2.678927,49.158,10,1.639,3.449147,49.09,10,1.459,3.063131,49.0628,10,1.387,2.909233,1.9,-2.6,50,53.7,,3062,983636.1,321.24,normal,1,0,0,0,67.989735,67.989735,67.989735,0,67.989735,67.989735,67.989735,0,42.010265,S1_full_pass_policy_band,67.989735,full pass-through after 40/80/130 policy bands,4622.604065,0,6379.19361,8180.589984,0,0,0,0.010011,0,0.011512,0.018862,0,0.00821
2016-06-23,2016-06-23,0,0,7530,6555,6月23日国内成品油价格不作调整,https://www.ndrc.gov.cn/xwdt/ztzl/gncpyjg/201606/t20160623_1292924.html,0,7042.5,0,no_adjust,0,2016-06,45.925,10,0.464,1.020655,48.252,10,-0.77,-1.570723,48.656,10,-0.502,-1.021197,48.454,10,-0.636,-1.29558,48.3732,10,-0.6896,-1.405546,1.9,-2.6,50,53.7,,3062,983636.1,321.24,normal,1,0,0,0,-31.103563,0,-31.103563,-31.103563,-31.103563,0,-31.103563,-31.103563,0,S1_full_pass_policy_band,0.0,full pass-through after 40/80/130 policy bands,0,0,0,4622.604065,0,0,0,0,0,0,0.010658,0,0.001599
2016-07-07,2016-07-07,0,0,7530,6555,7月7日国内成品油价格不作调整,https://www.ndrc.gov.cn/xwdt/ztzl/gncpyjg/201607/t20160707_1292925.html,0,7042.5,0,no_adjust,0,2016-07,45.21,10,-0.715,-1.556886,47.014,10,-1.238,-2.565697,48.017,10,-0.639,-1.313302,47.536,10,-0.918,-1.89458,47.3436,10,-1.0296,-2.128451,1.8,-1.7,49.9,53.9,,3107,1061217.3,341.56,normal,1,0,0,0,-47.328027,-78.43159,-78.43159,0,-47.328027,-78.43159,-78.43159,0,78.43159,S1_full_pass_policy_band,-78.43159,full pass-through after 40/80/130 policy bands,0,0,0,6151.51431,0,0,0,0,0,0,0.014183,0,0.002127
2016-07-22,2016-07-21,-155,-150,7375,6405,国内成品油价格按机制下调,https://www.ndrc.gov.cn/xwdt/ztzl/gncpyjg/201607/t20160721_1292926.html,-152.5,6890,1,down,152.5,2016-07,43.027,10,-2.183,-4.828578,45.502,10,-1.512,-3.216063,45.341,10,-2.676,-5.573026,45.4215,10,-2.1145,-4.448208,45.4537,10,-1.8899,-3.991881,1.8,-1.7,49.9,53.9,,3107,1061217.3,341.56,normal,1,0,0,0,-88.380692,-88.380692,-88.380692,0,-88.380692,-88.380692,-88.380692,0,-64.119308,S1_full_pass_policy_band,-88.380692,full pass-through after 40/80/130 policy bands,0,0,0,98.984631,0,0,0,0,0,0,0.000228,0,0.000034
2016-08-05,2016-08-04,-220,-215,7155,6190,国内成品油价格按机制下调,https://www.ndrc.gov.cn/xwdt/ztzl/gncpyjg/201608/t20160804_1292927.html,-217.5,6672.5,1,down,217.5,2016-08,40.168,10,-2.859,-6.644665,42.258,10,-3.244,-7.129357,41.685,10,-3.656,-8.063342,41.9715,10,-3.45,-7.595522,42.0861,10,-3.3676,-7.408858,1.3,-0.8,50.4,53.5,,3285,1071423.6,326.16,normal,1,0,0,0,-158.895074,-158.895074,-158.895074,0,-158.895074,-158.895074,-158.895074,0,-58.604926,S1_full_pass_policy_band,-158.895074,full pass-through after 40/80/130 policy bands,0,0,0,4972.278069,0,0,0,0,0,0,0.011464,0,0.00172
2016-08-19,2016-08-18,175,170,7330,6360,国内成品油价格按机制上调,https://www.ndrc.gov.cn/xwdt/ztzl/gncpyjg/201608/t20160818_1292928.html,172.5,6845,1,up,172.5,2016-08,41.994,10,1.826,4.545907,44.611,10,2.353,5.568176,43.842,10,2.157,5.174523,44.2265,10,2.255,5.372693,44.3803,10,2.2942,5.451206,1.3,-0.8,50.4,53.5,,3285,1071423.6,326.16,normal,1,0,0,0,111.280422,111.280422,111.280422,0,111.280422,111.280422,111.280422,0,61.219578,S1_full_pass_policy_band,111.280422,full pass-through after 40/80/130 policy bands,12383.33232,0,15602.998724,72994.798639,0,0,0,0.026817,0,0.028158,0.168301,0,0.038989
2016-09-02,2016-09-01,205,200,7535,6560,国内成品油价格按机制上调,https://www.ndrc.gov.cn/xwdt/ztzl/gncpyjg/201609/t20160901_1292929.html,202.5,7047.5,1,up,202.5,2016-09,45.558,10,3.564,8.486927,48.766,10,4.155,9.313846,46.989,10,3.147,7.178048,47.8775,10,3.651,8.255232,48.2329,10,3.8526,8.680879,1.9,0.1,50.4,53.7,,3306,1051321.5,318,normal,1,0,0,0,185.645729,185.645729,185.645729,0,185.645729,185.645729,185.645729,0,16.854271,S1_full_pass_policy_band,185.645729,full pass-through after 40/80/130 policy bands,34464.336696,0,47560.78464,5530.198885,0,0,0,0.074635,0,0.08583,0.012751,0,0.042029
2016-09-19,2016-09-18,-155,-150,7380,6410,国内成品油价格按机制下调,https://www.ndrc.gov.cn/xwdt/ztzl/gncpyjg/201609/t20160918_1292930.html,-152.5,6895,1,down,152.5,2016-09,43.204,10,-2.354,-5.16704,46.857,10,-1.909,-3.914613,44.992,10,-1.997,-4.249931,45.8865,10,-1.991,-4.15853,46.2443,10,-1.9886,-4.122912,1.9,0.1,50.4,53.7,,3306,1051321.5,318,normal,1,0,0,0,-93.090558,-93.090558,-93.090558,0,-93.090558,-93.090558,-93.090558,0,-59.409442,S1_full_pass_policy_band,-93.090558,full pass-through after 40/80/130 policy bands,0,0,0,77693.917691,0,0,0,0,0,0,0.179136,0,0.02687
2016-09-30,2016-09-30,0,0,7380,6410,9月30日国内成品油价格不作调整,https://www.ndrc.gov.cn/xwdt/ztzl/gncpyjg/201609/t20160930_1292931.html,0,6895,0,no_adjust,0,2016-09,42.509,10,-0.695,-1.608647,46.193,10,-0.664,-1.417077,45.106,10,0.114,0.253378,45.6495,10,-0.237,-0.516492,45.8669,10,-0.3774,-0.816101,1.9,0.1,50.4,53.7,,3306,1051321.5,318,normal,1,0,0,0,-16.205688,0,-16.205688,-16.205688,-16.205688,0,-16.205688,-16.205688,0,S1_full_pass_policy_band,0.0,full pass-through after 40/80/130 policy bands,0,0,0,8665.851989,0,0,0,0,0,0,0.019981,0,0.002997
2016-10-20,2016-10-19,355,340,7735,6750,国内成品油价格按机制上调,https://www.ndrc.gov.cn/xwdt/ztzl/gncpyjg/201610/t20161019_1292932.html,347.5,7242.5,1,up,347.5,2016-10,48.316,10,5.807,13.660637,49.903,10,3.71,8.03152,50.166,10,5.06,11.21802,50.0345,10,4.385,9.605801,49.9819,10,4.115,8.971611,2.1,1.2,51.2,54,,2879,940085,326.53,normal,1,0,0,0,198.167197,181.96151,181.96151,0,198.167197,181.96151,181.96151,0,165.53849,S1_full_pass_policy_band,181.96151,full pass-through after 40/80/130 policy bands,33109.991121,0,47016.187393,33109.991121,0,0,0,0.071702,0,0.084847,0.07634,0,0.050588
2016-11-02,2016-11-02,0,0,7735,6750,11月2日国内成品油价格不作调整,https://www.ndrc.gov.cn/xwdt/ztzl/gncpyjg/201611/t20161102_1292933.html,0,7242.5,0,no_adjust,0,2016-11,47.32,10,-0.996,-2.061429,48.929,10,-0.974,-1.951786,49.281,10,-0.885,-1.764143,49.105,10,-0.9295,-1.857718,49.0346,10,-0.9473,-1.895286,2.3,3.3,51.7,54.7,,3235,1121513.6,346.68,normal,1,0,0,0,-43.400752,0,-43.400752,-43.400752,-43.400752,0,-43.400752,-43.400752,0,S1_full_pass_policy_band,0.0,full pass-through after 40/80/130 policy bands,0,0,0,33109.991121,0,0,0,0,0,0,0.07634,0,0.011451
2016-11-17,2016-11-16,-365,-355,7370,6395,国内成品油价格按机制下调,https://www.ndrc.gov.cn/xwdt/ztzl/gncpyjg/201611/t20161116_1292934.html,-360,6882.5,1,down,360,2016-11,42.066,10,-5.254,-11.103128,43.26,10,-5.669,-11.586176,44.625,10,-4.656,-9.44786,43.9425,10,-5.1625,-10.513186,43.6695,10,-5.3651,-10.941458,2.3,3.3,51.7,54.7,,3235,1121513.6,346.68,normal,1,0,0,0,-254.213799,-297.614551,-297.614551,0,-254.213799,-297.614551,-297.614551,0,-62.385449,S1_full_pass_policy_band,-297.614551,full pass-through after 40/80/130 policy bands,0,0,0,88574.420967,0,0,0,0,0,0,0.204222,0,0.030633
2016-12-01,2016-11-30,175,170,7545,6565,国内成品油价格按机制上调,https://www.ndrc.gov.cn/xwdt/ztzl/gncpyjg/201611/t20161130_1292935.html,172.5,7055,1,up,172.5,2016-12,44.083,10,2.017,4.794846,45.783,10,2.523,5.832178,46.242,10,1.617,3.623529,45.843,10,1.9005,4.32497,45.6834,10,2.0139,4.611686,2.1,5.5,51.4,54.5,,3638,1229788.7,338.04,normal,1,0,0,0,97.904783,97.904783,97.904783,0,97.904783,97.904783,97.904783,0,74.595217,S1_full_pass_policy_band,97.904783,full pass-through after 40/80/130 policy bands,9585.346534,0,13611.192079,156435.543568,0,0,0,0.020758,0,0.024563,0.360687,0,0.065433
2016-12-15,2016-12-14,435,420,7980,6985,国内成品油价格按机制上调,https://www.ndrc.gov.cn/xwdt/ztzl/gncpyjg/201612/t20161214_1292936.html,427.5,7482.5,1,up,427.5,2016-12,50.357,10,6.274,14.232244,52.115,10,6.332,13.830461,51.279,10,5.037,10.892695,51.697,10,5.854,12.76967,51.8642,10,6.1808,13.529641,2.1,5.5,51.4,54.5,,3638,1229788.7,338.04,normal,1,0,0,0,296.74513,296.74513,296.74513,0,296.74513,296.74513,296.74513,0,130.75487,S1_full_pass_policy_band,296.74513,full pass-through after 40/80/130 policy bands,88057.672179,0,125041.894494,39537.483595,0,0,0,0.190695,0,0.225656,0.09116,0,0.117762
2016-12-29,2016-12-28,100,95,8080,7080,国内成品油价格按机制上调,https://www.ndrc.gov.cn/xwdt/ztzl/gncpyjg/201612/t20161228_1292937.html,97.5,7580,1,up,97.5,2016-12,51.861,10,1.504,2.986675,53.536,10,1.421,2.726662,51.943,10,0.664,1.294877,52.7355,10,1.0385,2.008821,53.0557,10,1.1915,2.297346,2.1,5.5,51.4,54.5,,3638,1229788.7,338.04,normal,1,0,0,0,58.660669,58.660669,58.660669,0,58.660669,58.660669,58.660669,0,38.839331,S1_full_pass_policy_band,58.660669,full pass-through after 40/80/130 policy bands,3441.074088,0,4886.325204,56684.21057,0,0,0,0.007452,0,0.008818,0.130694,0,0.023672
2017-01-13,2017-01-12,70,70,8150,7150,国内成品油价格按机制上调,https://www.ndrc.gov.cn/xwdt/ztzl/gncpyjg/201701/t20170112_1292938.html,70,7650,1,up,70,2017-01,52.78,10,0.919,1.772045,54.659,10,1.123,2.097654,52.989,10,1.046,2.013746,53.824,10,1.0885,2.064074,54.158,10,1.1023,2.077628,2.5,6.9,51.3,54.6,54,3403,1296886.6,381.1,normal,1,0,0,0,54.404133,54.404133,54.404133,0,54.404133,54.404133,54.404133,0,15.595867,S1_full_pass_policy_band,54.404133,full pass-through after 40/80/130 policy bands,2959.809687,0,4439.714531,18.118099,0,0,0,0.00641,0,0.008012,0.000042,0,0.003612
2017-01-26,2017-01-25,-70,-70,8080,7080,国内成品油价格按机制下调,https://www.ndrc.gov.cn/xwdt/ztzl/gncpyjg/201701/t20170125_1292939.html,-70,7580,1,down,70,2017-01,52.077,10,-0.703,-1.331944,54.296,10,-0.363,-0.664118,52.082,10,-0.907,-1.711676,53.134,10,-0.69,-1.281956,53.5548,10,-0.6032,-1.113778,2.5,6.9,51.3,54.6,54,3403,1296886.6,381.1,normal,1,0,0,0,-26.98064,0,-26.98064,-26.98064,-26.98064,0,-26.98064,-26.98064,-70,S1_full_pass_policy_band,0.0,full pass-through after 40/80/130 policy bands,0,0,0,2959.809687,0,0,0,0,0,0,0.006824,0,0.001024
2017-02-15,2017-02-14,50,50,8130,7130,国内成品油价格按机制上调,https://www.ndrc.gov.cn/xwdt/ztzl/gncpyjg/201702/t20170214_1292940.html,50,7630,1,up,50,2017-02,53.126,10,1.049,2.014325,54.946,10,0.65,1.197142,53.137,10,1.055,2.025652,54.0415,10,0.9075,1.707946,54.4033,10,0.8485,1.584358,0.8,7.8,51.6,54.2,54,3178,1249189.9,393.07,normal,1,0,0,0,42.293048,0,15.312407,15.312407,42.293048,0,15.312407,15.312407,50,S1_full_pass_policy_band,0.0,full pass-through after 40/80/130 policy bands,0,0,0,0,0,0,0,0,0,0,0,0,0
2017-02-28,2017-02-28,0,0,8130,7130,2月28日国内成品油价格不作调整,https://www.ndrc.gov.cn/xwdt/ztzl/gncpyjg/201702/t20170228_1292941.html,0,7630,0,no_adjust,0,2017-02,53.492,10,0.366,0.688928,54.982,10,0.036,0.065519,53.624,10,0.487,0.916499,54.248,10,0.2065,0.382114,54.4976,10,0.0943,0.173335,0.8,7.8,51.6,54.2,54,3178,1249189.9,393.07,normal,1,0,0,0,6.30337,0,21.615777,21.615777,6.30337,0,21.615777,21.615777,0,S1_full_pass_policy_band,0.0,full pass-through after 40/80/130 policy bands,0,0,0,0,0,0,0,0,0,0,0,0,0
2017-03-15,2017-03-14,-85,-85,8045,7045,国内成品油价格按机制下调,https://www.ndrc.gov.cn/xwdt/ztzl/gncpyjg/201703/t20170314_1292942.html,-85,7545,1,down,85,2017-03,52.329,10,-1.163,-2.174157,53.138,10,-1.844,-3.353825,51.423,10,-2.201,-4.104505,52.2805,10,-1.9675,-3.626862,52.6235,10,-1.8741,-3.438867,0.9,7.6,51.8,55.1,54.7,3895,1535754.3,394.29,normal,1,0,0,0,-87.626732,-66.010954,-66.010954,0,-87.626732,-66.010954,-66.010954,0,-18.989046,S1_full_pass_policy_band,-66.010954,full pass-through after 40/80/130 policy bands,0,0,0,4357.446048,0,0,0,0,0,0,0.010047,0,0.001507
2017-03-29,2017-03-28,-230,-220,7815,6825,国内成品油价格按机制下调,https://www.ndrc.gov.cn/xwdt/ztzl/gncpyjg/201703/t20170328_1292943.html,-225,7320,1,down,225,2017-03,48.841,10,-3.488,-6.66552,50.2,10,-2.938,-5.529,47.564,10,-3.859,-7.504424,48.882,10,-3.3985,-6.500512,49.4092,10,-3.2143,-6.108108,0.9,7.6,51.8,55.1,54.7,3895,1535754.3,394.29,normal,1,0,0,0,-151.57975,-151.57975,-151.57975,0,-151.57975,-151.57975,-151.57975,0,-73.42025,S1_full_pass_policy_band,-151.57975,full pass-through after 40/80/130 policy bands,0,0,0,7322.018849,0,0,0,0,0,0,0.016882,0,0.002532
2017-04-13,2017-04-12,200,190,8015,7015,国内成品油价格按机制上调,https://www.ndrc.gov.cn/xwdt/ztzl/gncpyjg/201704/t20170412_1292944.html,195,7515,1,up,195,2017-04,51.469,10,2.628,5.380725,53.172,10,2.972,5.920319,51.307,10,3.743,7.869397,52.2395,10,3.3575,6.868581,52.6125,10,3.2033,6.483206,1.2,6.4,51.2,54,53.9,3439,1306318.4,379.85,normal,1,0,0,0,154.661775,154.661775,154.661775,0,154.661775,154.661775,154.661775,0,40.338225,S1_full_pass_policy_band,154.661775,full pass-through after 40/80/130 policy bands,23920.264646,0,29661.128161,93783.871634,0,0,0,0.051801,0,0.053528,0.216234,0,0.058767
2017-04-26,2017-04-26,0,0,8015,7015,4月26日国内成品油价格不作调整,https://www.ndrc.gov.cn/xwdt/ztzl/gncpyjg/201704/t20170426_1292945.html,0,7515,0,no_adjust,0,2017-04,51.698,10,0.229,0.444928,52.376,10,-0.796,-1.497029,51.328,10,0.021,0.04093,51.852,10,-0.3875,-0.741776,52.0616,10,-0.5509,-1.04709,1.2,6.4,51.2,54,53.9,3439,1306318.4,379.85,normal,1,0,0,0,-24.484936,0,-24.484936,-24.484936,-24.484936,0,-24.484936,-24.484936,0,S1_full_pass_policy_band,0.0,full pass-through after 40/80/130 policy bands,0,0,0,23920.264646,0,0,0,0,0,0,0.055152,0,0.008273
2017-05-12,2017-05-11,-250,-235,7765,6780,国内成品油价格按机制下调,https://www.ndrc.gov.cn/xwdt/ztzl/gncpyjg/201705/t20170511_1292946.html,-242.5,7272.5,1,down,242.5,2017-05,48.005,10,-3.693,-7.14341,48.42,10,-3.956,-7.553078,47.39,10,-3.938,-7.672226,47.905,10,-3.947,-7.61205,48.111,10,-3.9506,-7.588318,1.5,5.5,51.2,54.5,54.1,3720,1413334.7,379.93,normal,1,0,0,0,-186.715258,-211.200194,-211.200194,0,-186.715258,-211.200194,-211.200194,0,-31.299806,S1_full_pass_policy_band,-211.200194,full pass-through after 40/80/130 policy bands,0,0,0,44605.521946,0,0,0,0,0,0,0.102845,0,0.015427
2017-05-26,2017-05-25,140,135,7905,6915,国内成品油价格按机制上调,https://www.ndrc.gov.cn/xwdt/ztzl/gncpyjg/201705/t20170525_1292947.html,137.5,7410,1,up,137.5,2017-05,50.138,10,2.133,4.443287,51.684,10,3.264,6.741016,49.478,10,2.088,4.405993,50.581,10,2.676,5.586056,51.0222,10,2.9112,6.051007,1.5,5.5,51.2,54.5,54.1,3720,1413334.7,379.93,normal,1,0,0,0,140.723052,140.723052,140.723052,0,140.723052,140.723052,140.723052,0,-3.223052,S1_full_pass_policy_band,140.723052,full pass-through after 40/80/130 policy bands,19802.977364,0,25743.870573,123849.971075,0,0,0,0.042885,0,0.046458,0.285556,0,0.065169
2017-06-10,2017-06-09,-180,-175,7725,6740,国内成品油价格按机制下调,https://www.ndrc.gov.cn/xwdt/ztzl/gncpyjg/201706/t20170609_1292948.html,-177.5,7232.5,1,down,177.5,2017-06,48.032,10,-2.106,-4.200407,49.175,10,-2.509,-4.8545,47.908,10,-1.57,-3.173127,48.5415,10,-2.0395,-4.032146,48.7949,10,-2.2273,-4.365355,1.5,5.5,51.7,54.9,54.7,3611,1310854.3,363.02,normal,1,0,0,0,-104.481086,-104.481086,-104.481086,0,-104.481086,-104.481086,-104.481086,0,-73.018914,S1_full_pass_policy_band,-104.481086,full pass-through after 40/80/130 policy bands,0,0,0,60125.069292,0,0,0,0,0,0,0.138628,0,0.020794
2017-06-24,2017-06-23,-250,-240,7475,6500,国内成品油价格按机制下调,https://www.ndrc.gov.cn/xwdt/ztzl/gncpyjg/201706/t20170623_1292949.html,-245,6987.5,1,down,245,2017-06,44.564,10,-3.468,-7.220187,45.654,10,-3.521,-7.160142,44.491,10,-3.417,-7.13242,45.0725,10,-3.469,-7.146462,45.3051,10,-3.4898,-7.151977,1.5,5.5,51.7,54.9,54.7,3611,1310854.3,363.02,normal,1,0,0,0,-164.726338,-164.726338,-164.726338,0,-164.726338,-164.726338,-164.726338,0,-80.273662,S1_full_pass_policy_band,-164.726338,full pass-through after 40/80/130 policy bands,0,0,0,3629.490389,0,0,0,0,0,0,0.008368,0,0.001255
2017-07-07,2017-07-07,0,0,7475,6500,7月7日国内成品油价格不作调整,https://www.ndrc.gov.cn/xwdt/ztzl/gncpyjg/201707/t20170707_1292950.html,0,6987.5,0,no_adjust,0,2017-07,45.416,10,0.852,1.911857,46.934,10,1.28,2.803697,44.163,10,-0.328,-0.737228,45.0885,10,0.016,0.035498,45.4587,10,0.1536,0.339035,1.4,5.5,51.4,54.5,54.1,3474,1186558.3,341.55,normal,1,0,0,0,9.133107,0,9.133107,9.133107,9.133107,0,9.133107,9.133107,0,S1_full_pass_policy_band,0.0,full pass-through after 40/80/130 policy bands,0,0,0,27134.766431,0,0,0,0,0,0,0.062564,0,0.009385
2017-07-22,2017-07-21,75,75,7550,6575,国内成品油价格按机制上调,https://www.ndrc.gov.cn/xwdt/ztzl/gncpyjg/201707/t20170721_1292951.html,75,7062.5,1,up,75,2017-07,46.033,10,0.617,1.358552,47.445,10,0.511,1.088763,45.803,10,1.64,3.713516,46.624,10,1.5355,3.405525,46.9524,10,1.4937,3.28584,1.4,5.5,51.4,54.5,54.1,3474,1186558.3,341.55,normal,1,0,0,0,73.081354,82.214461,82.214461,0,73.081354,82.214461,82.214461,0,-7.214461,S1_full_pass_policy_band,82.214461,full pass-through after 40/80/130 policy bands,6759.217598,0,8651.798525,6759.217598,0,0,0,0.014638,0,0.015613,0.015584,0,0.0099
2017-08-05,2017-08-04,175,165,7725,6740,国内成品油价格按机制上调,https://www.ndrc.gov.cn/xwdt/ztzl/gncpyjg/201708/t20170804_1292952.html,170,7232.5,1,up,170,2017-08,48.655,10,2.622,5.695914,50.495,10,3.05,6.428496,48.514,10,2.711,5.918826,49.5045,10,2.8805,6.178149,49.9007,10,2.9483,6.279338,1.8,6.3,51.7,53.4,53.7,3398,1176655.2,346.28,normal,1,0,0,0,142.493427,142.493427,142.493427,0,142.493427,142.493427,142.493427,0,27.506573,S1_full_pass_policy_band,142.493427,full pass-through after 40/80/130 policy bands,20304.376738,0,27613.952364,3633.553742,0,0,0,0.04397,0,0.049833,0.008378,0,0.024708
2017-08-18,2017-08-18,0,0,7725,6740,8月18日国内成品油价格不作调整,https://www.ndrc.gov.cn/xwdt/ztzl/gncpyjg/201708/t20170818_1292953.html,0,7232.5,0,no_adjust,0,2017-08,49.574,10,0.919,1.888809,51.425,10,0.93,1.841767,48.398,10,-0.116,-0.239106,49.9115,10,0.407,0.822147,50.5169,10,0.6162,1.234852,1.8,6.3,51.7,53.4,53.7,3398,1176655.2,346.28,normal,1,0,0,0,31.207922,0,31.207922,31.207922,31.207922,0,31.207922,31.207922,0,S1_full_pass_policy_band,0.0,full pass-through after 40/80/130 policy bands,0,0,0,20304.376738,0,0,0,0,0,0,0.046815,0,0.007022
2017-09-01,2017-09-01,0,0,7725,6740,9月1日国内成品油价格不作调整,https://www.ndrc.gov.cn/xwdt/ztzl/gncpyjg/201709/t20170901_1292954.html,0,7232.5,0,no_adjust,0,2017-09,49.548,10,-0.026,-0.052447,51.921,10,0.496,0.964511,47.305,10,-1.093,-2.258358,49.613,10,-0.2985,-0.598059,50.5362,10,0.0193,0.038205,1.6,6.9,52.4,55.4,55.1,3701,1360255.4,367.54,normal,1,0,0,0,2.724444,0,33.932365,33.932365,2.724444,0,33.932365,33.932365,0,S1_full_pass_policy_band,0.0,full pass-through after 40/80/130 policy bands,0,0,0,0,0,0,0,0,0,0,0,0,0
2017-09-16,2017-09-15,95,95,7820,6835,国内成品油价格按机制上调,https://www.ndrc.gov.cn/xwdt/ztzl/gncpyjg/201709/t20170915_1292955.html,95,7327.5,1,up,95,2017-09,51.853,10,2.305,4.652055,54.411,10,2.49,4.795747,48.431,10,1.126,2.380298,51.4255,10,1.8125,3.653276,52.6233,10,2.0871,4.129911,1.6,6.9,52.4,55.4,55.1,3701,1360255.4,367.54,normal,1,0,0,0,101.397815,135.33018,135.33018,0,101.397815,135.33018,135.33018,0,-40.33018,S1_full_pass_policy_band,135.33018,full pass-through after 40/80/130 policy bands,18314.257619,0,24174.820057,18314.257619,0,0,0,0.039661,0,0.043627,0.042226,0,0.027156
2017-09-30,2017-09-29,210,195,8030,7030,国内成品油价格按机制上调,https://www.ndrc.gov.cn/xwdt/ztzl/gncpyjg/201709/t20170929_1292956.html,202.5,7530,1,up,202.5,2017-09,54.843,10,2.99,5.766301,57.808,10,3.397,6.243223,50.772,10,2.341,4.833681,54.29,10,2.8645,5.570194,55.6972,10,3.0739,5.841329,1.6,6.9,52.4,55.4,55.1,3701,1360255.4,367.54,normal,1,0,0,0,148.486935,148.486935,148.486935,0,148.486935,148.486935,148.486935,0,54.013065,S1_full_pass_policy_band,148.486935,full pass-through after 40/80/130 policy bands,22048.369866,0,29103.848223,173.100202,0,0,0,0.047747,0,0.052522,0.000399,0,0.025127
2017-10-19,2017-10-19,0,0,8030,7030,10月19日国内成品油价格不作调整,https://www.ndrc.gov.cn/xwdt/ztzl/gncpyjg/201710/t20171019_1292957.html,0,7530,0,no_adjust,0,2017-10,54.881,10,0.038,0.069289,56.679,10,-1.129,-1.953017,50.976,10,0.204,0.401796,53.8275,10,-0.4625,-0.851906,54.9681,10,-0.7291,-1.309042,1.9,6.9,51.6,54.3,53.9,3103,1213554.1,391.09,normal,1,0,0,0,-32.988464,0,-32.988464,-32.988464,-32.988464,0,-32.988464,-32.988464,0,S1_full_pass_policy_band,0.0,full pass-through after 40/80/130 policy bands,0,0,0,22048.369866,0,0,0,0,0,0,0.050836,0,0.007625
2017-11-03,2017-11-02,150,150,8180,7180,国内成品油价格按机制上调,https://www.ndrc.gov.cn/xwdt/ztzl/gncpyjg/201711/t20171102_1292958.html,150,7680,1,up,150,2017-11,56.863,10,1.982,3.61145,59.157,10,2.478,4.37199,52.824,10,1.848,3.625235,55.9905,10,2.163,4.018392,57.2571,10,2.289,4.164233,1.7,5.8,51.8,54.8,54.6,3704,1413334.7,381.57,normal,1,0,0,0,111.032283,78.043819,78.043819,0,111.032283,78.043819,78.043819,0,71.956181,S1_full_pass_policy_band,78.043819,full pass-through after 40/80/130 policy bands,6090.837684,0,8161.722497,6090.837684,0,0,0,0.01319,0,0.014729,0.014043,0,0.009086
2017-11-17,2017-11-16,265,250,8445,7430,国内成品油价格按机制上调,https://www.ndrc.gov.cn/xwdt/ztzl/gncpyjg/201711/t20171116_1292959.html,257.5,7937.5,1,up,257.5,2017-11,60.746,10,3.883,6.828694,62.874,10,3.717,6.28328,56.316,10,3.492,6.610632,59.595,10,3.6045,6.437699,60.9066,10,3.6495,6.373882,1.7,5.8,51.8,54.8,54.6,3704,1413334.7,381.57,normal,1,0,0,0,175.953998,175.953998,175.953998,0,175.953998,175.953998,175.953998,0,81.546002,S1_full_pass_policy_band,175.953998,full pass-through after 40/80/130 policy bands,30959.809412,0,41486.144612,9586.403152,0,0,0,0.067046,0,0.074868,0.022103,0,0.038794
2017-11-30,2017-11-30,0,0,8445,7430,11月30日国内成品油价格不作调整,https://www.ndrc.gov.cn/xwdt/ztzl/gncpyjg/201711/t20171130_1292960.html,0,7937.5,0,no_adjust,0,2017-11,60.853,10,0.107,0.176143,62.646,10,-0.228,-0.36263,56.981,10,0.665,1.180837,59.7125,10,0.1175,0.197164,60.8051,10,-0.1015,-0.166649,1.7,5.8,51.8,54.8,54.6,3704,1413334.7,381.57,normal,1,0,0,0,-3.040013,0,-3.040013,-3.040013,-3.040013,0,-3.040013,-3.040013,0,S1_full_pass_policy_band,0.0,full pass-through after 40/80/130 policy bands,0,0,0,30959.809412,0,0,0,0,0,0,0.071383,0,0.010707
2017-12-14,2017-12-14,0,0,8445,7430,12月14日国内成品油价格不作调整,https://www.ndrc.gov.cn/xwdt/ztzl/gncpyjg/201712/t20171214_1292961.html,0,7937.5,0,no_adjust,0,2017-12,61.316,10,0.463,0.76085,63.772,10,1.126,1.797401,57.188,10,0.207,0.363279,60.48,10,0.7675,1.285326,61.7968,10,0.9917,1.630949,1.8,4.9,51.6,55,54.6,3370,1492760.9,442.96,normal,1,0,0,0,49.12641,0,46.086398,46.086398,49.12641,0,46.086398,46.086398,0,S1_full_pass_policy_band,0.0,full pass-through after 40/80/130 policy bands,0,0,0,0,0,0,0,0,0,0,0,0,0
2017-12-29,2017-12-28,70,70,8515,7500,国内成品油价格按机制上调,https://www.ndrc.gov.cn/xwdt/ztzl/gncpyjg/201712/t20171228_1292962.html,70,8007.5,1,up,70,2017-12,62.2,10,0.884,1.441712,64.4,10,0.628,0.984758,57.944,10,0.756,1.321956,61.0505,10,0.5705,0.943287,62.3903,10,0.5935,0.960406,1.8,4.9,51.6,55,54.6,3370,1492760.9,442.96,normal,1,0,0,0,30.1247,76.211098,76.211098,0,30.1247,76.211098,76.211098,0,-6.211098,S1_full_pass_policy_band,76.211098,full pass-through after 40/80/130 policy bands,5808.131458,0,7899.058783,5808.131458,0,0,0,0.012578,0,0.014255,0.013392,0,0.008717
2018-01-13,2018-01-12,180,175,8695,7675,国内成品油价格按机制上调,https://www.ndrc.gov.cn/xwdt/ztzl/gncpyjg/201801/t20180112_1292963.html,177.5,8185,1,up,177.5,2018-01,65.746,10,3.546,5.700965,68.248,10,3.848,5.975155,61.781,10,3.837,6.621911,65.0145,10,3.964,6.492985,66.3079,10,3.9176,6.279181,1.5,4.3,51.3,55.3,54.6,4064,1876820,461.82,normal,1,0,0,0,188.747464,188.747464,188.747464,0,188.747464,188.747464,188.747464,0,-11.247464,S1_full_pass_policy_band,188.747464,full pass-through after 40/80/130 policy bands,35625.605166,0,46313.286716,12664.433672,0,0,0,0.07715,0,0.083579,0.0292,0,0.044562
2018-01-27,2018-01-26,65,60,8760,7735,国内成品油价格按机制上调,https://www.ndrc.gov.cn/xwdt/ztzl/gncpyjg/201801/t20180126_1292964.html,62.5,8247.5,1,up,62.5,2018-01,67.352,10,1.606,2.442734,69.67,10,1.422,2.083578,64.253,10,2.472,4.00123,66.964,10,1.9495,2.998562,68.0484,10,1.7405,2.624876,1.5,4.3,51.3,55.3,54.6,4064,1876820,461.82,normal,1,0,0,0,84.858406,84.858406,84.858406,0,84.858406,84.858406,84.858406,0,-22.358406,S1_full_pass_policy_band,84.858406,full pass-through after 40/80/130 policy bands,7200.949069,0,9361.23379,10792.936372,0,0,0,0.015594,0,0.016894,0.024885,0,0.011855
2018-02-10,2018-02-09,-170,-160,8590,7575,国内成品油价格按机制下调,https://www.ndrc.gov.cn/xwdt/ztzl/gncpyjg/201802/t20180209_1292965.html,-165,8082.5,1,down,165,2018-02,66.015,10,-1.337,-1.985093,67.454,10,-2.216,-3.180709,64.373,10,0.12,0.186762,65.9135,10,-1.0505,-1.568753,66.5297,10,-1.5187,-2.231794,2.9,3.7,50.3,54.4,52.9,3226,1579220,489.53,normal,1,0,0,0,-70.667395,-70.667395,-70.667395,0,-70.667395,-70.667395,-70.667395,0,-94.332605,S1_full_pass_policy_band,-70.667395,full pass-through after 40/80/130 policy bands,0,0,0,24188.274777,0,0,0,0,0,0,0.05577,0,0.008365
2018-03-01,2018-02-28,-190,-185,8400,7390,国内成品油价格按机制下调,https://www.ndrc.gov.cn/xwdt/ztzl/gncpyjg/201802/t20180228_1292966.html,-187.5,7895,1,down,187.5,2018-03,63.072,10,-2.943,-4.458078,65.26,10,-2.194,-3.252587,62.003,10,-2.37,-3.681668,63.481,10,-2.4325,-3.690443,64.0722,10,-2.4575,-3.693839,2.1,3.1,51.5,54.6,54,3917,1829280,467.01,normal,1,0,0,0,-115.466003,-115.466003,-115.466003,0,-115.466003,-115.466003,-115.466003,0,-72.033997,S1_full_pass_policy_band,-115.466003,full pass-through after 40/80/130 policy bands,0,0,0,2006.915279,0,0,0,0,0,0,0.004627,0,0.000694
2018-03-14,2018-03-14,0,0,8400,7390,3月14日国内成品油价格不作调整,https://www.ndrc.gov.cn/xwdt/ztzl/gncpyjg/201803/t20180314_1292967.html,0,7895,0,no_adjust,0,2018-03,62.498,10,-0.574,-0.910071,64.89,10,-0.37,-0.566963,61.391,10,-0.612,-0.987049,63.1405,10,-0.3405,-0.536381,63.8403,10,-0.2319,-0.361935,2.1,3.1,51.5,54.6,54,3917,1829280,467.01,normal,1,0,0,0,-9.262572,0,-9.262572,-9.262572,-9.262572,0,-9.262572,-9.262572,0,S1_full_pass_policy_band,0.0,full pass-through after 40/80/130 policy bands,0,0,0,13332.397849,0,0,0,0,0,0,0.03074,0,0.004611
2018-03-29,2018-03-28,170,165,8570,7555,国内成品油价格按机制上调,https://www.ndrc.gov.cn/xwdt/ztzl/gncpyjg/201803/t20180328_1292968.html,167.5,8062.5,1,up,167.5,2018-03,64.597,10,2.099,3.358507,66.638,10,1.748,2.693789,63.557,10,2.166,3.528204,65.0975,10,1.957,3.099437,65.7137,10,1.8734,2.93451,2.1,3.1,51.5,54.6,54,3917,1829280,467.01,normal,1,0,0,0,91.200262,81.937691,81.937691,0,91.200262,81.937691,81.937691,0,85.562309,S1_full_pass_policy_band,81.937691,full pass-through after 40/80/130 policy bands,6713.785206,0,9533.574993,6713.785206,0,0,0,0.014539,0,0.017205,0.01548,0,0.010258
2018-04-13,2018-04-12,55,50,8625,7605,国内成品油价格按机制上调,https://www.ndrc.gov.cn/xwdt/ztzl/gncpyjg/201804/t20180412_1292969.html,52.5,8115,1,up,52.5,2018-04,65.776,10,1.179,1.825162,68.549,10,1.911,2.867733,64.023,10,0.466,0.7332,66.394,10,1.2965,1.991628,67.256,10,1.5423,2.346999,1.8,3.4,51.4,54.8,54.1,3946,1867060,473.15,normal,1,0,0,0,75.400498,75.400498,75.400498,0,75.400498,75.400498,75.400498,0,-22.900498,S1_full_pass_policy_band,75.400498,full pass-through after 40/80/130 policy bands,5685.235099,0,7731.919734,42.734892,0,0,0,0.012312,0,0.013953,0.000099,0,0.006581
2018-04-27,2018-04-26,255,245,8880,7850,国内成品油价格按机制上调,https://www.ndrc.gov.cn/xwdt/ztzl/gncpyjg/201804/t20180426_1292970.html,250,8365,1,up,250,2018-04,69.788,10,4.012,6.099489,73.577,10,5.028,7.334899,67.542,10,3.519,5.496462,70.5595,10,4.1655,6.27391,71.7665,10,4.5105,6.706465,1.8,3.4,51.4,54.8,54.1,3946,1867060,473.15,normal,1,0,0,0,217.040066,217.040066,217.040066,0,217.040066,217.040066,217.040066,0,32.959934,S1_full_pass_policy_band,217.040066,full pass-through after 40/80/130 policy bands,47106.390249,0,64064.690739,20061.767223,0,0,0,0.102012,0,0.115614,0.046256,0,0.061345
2018-05-01,2018-04-29,-75,-65,8805,7785,国内成品油价格因增值税税率调整相应下调,https://www.ndrc.gov.cn/xwdt/ztzl/gncpyjg/201804/t20180429_1292971.html,-70,8295,1,down,70,2018-05,70.209,10,0.421,0.603256,74.187,10,0.61,0.829063,67.729,10,0.187,0.276865,70.958,10,0.3985,0.564772,72.2496,10,0.4831,0.673155,1.8,4.1,51.9,54.9,54.6,3905,1996370,511.23,normal,1,0,0,0,24.856521,0,24.856521,24.856521,24.856521,0,24.856521,24.856521,-70,S1_full_pass_policy_band,0.0,full pass-through after 40/80/130 policy bands,0,0,0,47106.390249,0,0,0,0,0,0,0.108611,0,0.016292
2018-05-12,2018-05-11,170,165,8975,7950,国内成品油价格按机制上调,https://www.ndrc.gov.cn/xwdt/ztzl/gncpyjg/201805/t20180511_1292972.html,167.5,8462.5,1,up,167.5,2018-05,71.785,10,1.576,2.244726,75.218,10,1.031,1.389731,69.211,10,1.482,2.188132,72.0865,10,1.1285,1.590377,73.3391,10,1.0895,1.507967,1.8,4.1,51.9,54.9,54.6,3905,1996370,511.23,normal,1,0,0,0,53.793329,78.649851,78.649851,0,53.793329,78.649851,78.649851,0,88.850149,S1_full_pass_policy_band,78.649851,full pass-through after 40/80/130 policy bands,6185.799062,0,8412.686725,6185.799062,0,0,0,0.013396,0,0.015182,0.014262,0,0.009284
2018-05-26,2018-05-25,260,250,9235,8200,国内成品油价格按机制上调,https://www.ndrc.gov.cn/xwdt/ztzl/gncpyjg/201805/t20180525_1292973.html,255,8717.5,1,up,255,2018-05,75.895,10,4.11,5.72543,78.749,10,3.531,4.694355,71.414,10,2.203,3.18302,75.0815,10,2.995,4.154731,76.5485,10,3.2094,4.37611,1.8,4.1,51.9,54.9,54.6,3905,1996370,511.23,normal,1,0,0,0,154.952861,154.952861,154.952861,0,154.952861,154.952861,154.952861,0,100.047139,S1_full_pass_policy_band,154.952861,full pass-through after 40/80/130 policy bands,24010.389132,0,32654.12922,5822.149335,0,0,0,0.051996,0,0.058929,0.013424,0,0.029745
2018-06-09,2018-06-08,-130,-125,9105,8075,国内成品油价格按机制下调,https://www.ndrc.gov.cn/xwdt/ztzl/gncpyjg/201806/t20180608_1292974.html,-127.5,8590,1,down,127.5,2018-06,73.738,10,-2.157,-2.842084,75.167,10,-3.582,-4.548629,66.75,10,-4.664,-6.530932,70.9585,10,-4.123,-5.491366,72.6419,10,-3.9066,-5.103431,1.9,4.7,51.5,55,54.4,3435,1863780,542.59,normal,1,0,0,0,-184.615621,-184.615621,-184.615621,0,-184.615621,-184.615621,-184.615621,0,57.115621,S1_full_pass_policy_band,-184.615621,full pass-through after 40/80/130 policy bands,0,0,0,115306.753968,0,0,0,0,0,0,0.265858,0,0.039879
2018-06-26,2018-06-25,-55,-55,9050,8020,国内成品油价格按机制下调,https://www.ndrc.gov.cn/xwdt/ztzl/gncpyjg/201806/t20180625_1292975.html,-55,8535,1,down,55,2018-06,72.638,10,-1.1,-1.491768,74.188,10,-0.979,-1.302433,66.265,10,-0.485,-0.726592,70.2265,10,-0.732,-1.031589,71.8111,10,-0.8308,-1.143693,1.9,4.7,51.5,55,54.4,3435,1863780,542.59,normal,1,0,0,0,-37.841487,0,-37.841487,-37.841487,-37.841487,0,-37.841487,-37.841487,-55,S1_full_pass_policy_band,0.0,full pass-through after 40/80/130 policy bands,0,0,0,34082.927517,0,0,0,0,0,0,0.078584,0,0.011788
2018-07-10,2018-07-09,270,260,9320,8280,国内成品油价格按机制上调,https://www.ndrc.gov.cn/xwdt/ztzl/gncpyjg/201807/t20180709_1292976.html,265,8800,1,up,265,2018-07,74.536,10,1.898,2.612957,75.783,10,1.595,2.149943,73.406,10,7.141,10.776428,74.4285,10,4.202,5.983496,74.8375,10,3.0264,4.21439,2.1,4.6,51.2,54,53.6,3602,1934240,536.99,normal,1,0,0,0,146.220282,108.378795,108.378795,0,146.220282,108.378795,108.378795,0,156.621205,S1_full_pass_policy_band,108.378795,full pass-through after 40/80/130 policy bands,11745.963206,0,16679.267752,11745.963206,0,0,0,0.025437,0,0.0301,0.027082,0,0.017947
2018-07-24,2018-07-23,-125,-120,9195,8160,国内成品油价格按机制下调,https://www.ndrc.gov.cn/xwdt/ztzl/gncpyjg/201807/t20180723_1292977.html,-122.5,8677.5,1,down,122.5,2018-07,72.501,10,-2.035,-2.730224,73.28,10,-2.503,-3.302852,70.458,10,-2.948,-4.01602,71.869,10,-2.5595,-3.438871,72.4334,10,-2.4041,-3.212427,2.1,4.6,51.2,54,53.6,3602,1934240,536.99,normal,1,0,0,0,-112.917807,-112.917807,-112.917807,0,-112.917807,-112.917807,-112.917807,0,-9.582193,S1_full_pass_policy_band,-112.917807,full pass-through after 40/80/130 policy bands,0,0,0,48972.186057,0,0,0,0,0,0,0.112913,0,0.016937
2018-08-07,2018-08-06,70,70,9265,8230,国内成品油价格按机制上调,https://www.ndrc.gov.cn/xwdt/ztzl/gncpyjg/201808/t20180806_1292978.html,70,8747.5,1,up,70,2018-08,72.669,10,0.168,0.231721,73.686,10,0.406,0.554039,69.736,10,-0.722,-1.024724,71.711,10,-0.158,-0.219844,72.501,10,0.0676,0.093327,2.3,4.1,51.3,54.2,53.8,3838,2051910,534.63,normal,1,0,0,0,5.029272,0,5.029272,5.029272,5.029272,0,5.029272,5.029272,70,S1_full_pass_policy_band,0.0,full pass-through after 40/80/130 policy bands,0,0,0,12750.431138,0,0,0,0,0,0,0.029398,0,0.00441
2018-08-21,2018-08-20,-50,-50,9215,8180,国内成品油价格按机制下调,https://www.ndrc.gov.cn/xwdt/ztzl/gncpyjg/201808/t20180820_1292979.html,-50,8697.5,1,down,50,2018-08,71.121,10,-1.548,-2.130207,70.62,10,-3.066,-4.160899,67.025,10,-2.711,-3.887519,68.8225,10,-2.8885,-4.027973,69.5415,10,-2.9595,-4.082013,2.3,4.1,51.3,54.2,53.8,3838,2051910,534.63,normal,1,0,0,0,-139.420946,-134.391674,-134.391674,0,-139.420946,-134.391674,-134.391674,0,84.391674,S1_full_pass_policy_band,-134.391674,full pass-through after 40/80/130 policy bands,0,0,0,18061.122041,0,0,0,0,0,0,0.041643,0,0.006246
2018-09-04,2018-09-03,180,170,9395,8350,国内成品油价格按机制上调,https://www.ndrc.gov.cn/xwdt/ztzl/gncpyjg/201809/t20180903_1292980.html,175,8872.5,1,up,175,2018-09,73.521,10,2.4,3.374531,74.424,10,3.804,5.386576,68.879,10,1.854,2.766132,71.6515,10,2.829,4.110574,72.7605,10,3.219,4.628891,2.5,3.6,50.8,54.9,54.1,3721,1994450,536,normal,1,0,0,0,155.410963,155.410963,155.410963,0,155.410963,155.410963,155.410963,0,19.589037,S1_full_pass_policy_band,155.410963,full pass-through after 40/80/130 policy bands,24152.567421,0,36228.851131,83985.568412,0,0,0,0.052304,0,0.06538,0.193642,0,0.058467
2018-09-18,2018-09-17,145,145,9540,8495,国内成品油价格按机制上调,https://www.ndrc.gov.cn/xwdt/ztzl/gncpyjg/201809/t20180917_1292981.html,145,9017.5,1,up,145,2018-09,75.684,10,2.163,2.942017,77.376,10,2.952,3.966462,68.868,10,-0.011,-0.01597,73.0785,10,1.427,1.991584,74.7627,10,2.0022,2.751768,2.5,3.6,50.8,54.9,54.1,3721,1994450,536,normal,1,0,0,0,97.346471,97.346471,97.346471,0,97.346471,97.346471,97.346471,0,47.653529,S1_full_pass_policy_band,97.346471,full pass-through after 40/80/130 policy bands,9476.335416,0,14214.503124,3371.485231,0,0,0,0.020522,0,0.025652,0.007773,0,0.012709
2018-10-01,2018-09-30,240,230,9780,8725,国内成品油价格按机制上调,https://www.ndrc.gov.cn/xwdt/ztzl/gncpyjg/201809/t20180930_1292982.html,235,9252.5,1,up,235,2018-10,78.674,10,2.99,3.950637,80.406,10,3.03,3.915943,71.557,10,2.689,3.904571,75.9815,10,2.903,3.972441,77.7513,10,2.9886,3.997448,2.5,3.3,50.2,53.9,53.1,4080,2293980,562.25,normal,1,0,0,0,144.416503,144.416503,144.416503,0,144.416503,144.416503,144.416503,0,90.583497,S1_full_pass_policy_band,144.416503,full pass-through after 40/80/130 policy bands,20856.126339,0,31284.189508,2215.587912,0,0,0,0.045165,0,0.056457,0.005108,0,0.026172
2018-10-20,2018-10-19,165,160,9945,8885,国内成品油价格按机制上调,https://www.ndrc.gov.cn/xwdt/ztzl/gncpyjg/201810/t20181019_1292983.html,162.5,9415,1,up,162.5,2018-10,80.647,10,1.973,2.507817,82.203,10,1.797,2.234908,72.107,10,0.55,0.768618,77.155,10,1.1735,1.544455,79.1742,10,1.4229,1.830066,2.5,3.3,50.2,53.9,53.1,4080,2293980,562.25,normal,1,0,0,0,69.702848,69.702848,69.702848,0,69.702848,69.702848,69.702848,0,92.797152,S1_full_pass_policy_band,69.702848,full pass-through after 40/80/130 policy bands,4858.487019,0,7287.730529,5582.130243,0,0,0,0.010521,0,0.013152,0.01287,0,0.007849
2018-11-03,2018-11-02,-375,-365,9570,8520,国内成品油价格按机制下调,https://www.ndrc.gov.cn/xwdt/ztzl/gncpyjg/201811/t20181102_1292984.html,-370,9045,1,down,370,2018-11,75.948,10,-4.699,-5.826627,77.087,10,-5.116,-6.223617,66.845,10,-5.262,-7.297488,71.966,10,-5.189,-6.725423,74.0144,10,-5.1598,-6.517022,2.2,2.7,50,53.4,52.8,4287,2415680,563.49,normal,1,0,0,0,-244.417086,-244.417086,-244.417086,0,-244.417086,-244.417086,-244.417086,0,-125.582914,S1_full_pass_policy_band,-244.417086,full pass-through after 40/80/130 policy bands,0,0,0,98671.332936,0,0,0,0,0,0,0.227502,0,0.034125
2018-11-17,2018-11-16,-510,-490,9060,8030,国内成品油价格按机制下调,https://www.ndrc.gov.cn/xwdt/ztzl/gncpyjg/201811/t20181116_1292985.html,-500,8545,1,down,500,2018-11,69.05,10,-6.898,-9.08253,68.858,10,-8.229,-10.674952,59.908,10,-6.937,-10.37774,64.383,10,-7.583,-10.53692,66.173,10,-7.8414,-10.594425,2.2,2.7,50,53.4,52.8,4287,2415680,563.49,normal,1,0,0,0,-372.380386,-372.380386,-372.380386,0,-372.380386,-372.380386,-372.380386,0,-127.619614,S1_full_pass_policy_band,-372.380386,full pass-through after 40/80/130 policy bands,0,0,0,16374.606147,0,0,0,0,0,0,0.037754,0,0.005663
2018-12-01,2018-11-30,-540,-520,8520,7510,国内成品油价格按机制下调,https://www.ndrc.gov.cn/xwdt/ztzl/gncpyjg/201811/t20181130_1292986.html,-530,8015,1,down,530,2018-12,61.584,10,-7.466,-10.812455,60.692,10,-8.166,-11.859188,53.835,10,-6.073,-10.13721,57.848,10,-6.535,-10.150195,59.4532,10,-6.7198,-10.154897,1.9,0.9,49.4,53.8,52.6,4378,2130360,486.61,normal,1,0,0,0,-318.858743,-318.858743,-318.858743,0,-318.858743,-318.858743,-318.858743,0,-211.141257,S1_full_pass_policy_band,-318.858743,full pass-through after 40/80/130 policy bands,0,0,0,2864.566269,0,0,0,0,0,0,0.006605,0,0.000991
2018-12-15,2018-12-14,-125,-120,8395,7390,国内成品油价格按机制下调,https://www.ndrc.gov.cn/xwdt/ztzl/gncpyjg/201812/t20181214_1292987.html,-122.5,7892.5,1,down,122.5,2018-12,59.422,10,-2.162,-3.510652,59.903,10,-0.789,-1.300007,52.036,10,-1.799,-3.341692,55.9695,10,-1.8785,-3.247303,57.5429,10,-1.9103,-3.213116,1.9,0.9,49.4,53.8,52.6,4378,2130360,486.61,normal,1,0,0,0,-89.35416,-89.35416,-89.35416,0,-89.35416,-89.35416,-89.35416,0,-33.14584,S1_full_pass_policy_band,-89.35416,full pass-through after 40/80/130 policy bands,0,0,0,52672.353618,0,0,0,0,0,0,0.121444,0,0.018217
2018-12-29,2018-12-28,-370,-355,8025,7035,国内成品油价格按机制下调,https://www.ndrc.gov.cn/xwdt/ztzl/gncpyjg/201812/t20181228_1292988.html,-362.5,7530,1,down,362.5,2018-12,55.541,10,-3.881,-6.531251,56.197,10,-3.706,-6.186668,48.041,10,-3.995,-7.677377,52.3995,10,-3.57,-6.378474,53.9185,10,-3.6244,-6.298605,1.9,0.9,49.4,53.8,52.6,4378,2130360,486.61,normal,1,0,0,0,-171.149316,-171.149316,-171.149316,0,-171.149316,-171.149316,-171.149316,0,-191.350684,S1_full_pass_policy_band,-171.149316,full pass-through after 40/80/130 policy bands,0,0,0,6690.447545,0,0,0,0,0,0,0.015426,0,0.002314
2019-01-15,2019-01-14,105,105,8130,7140,国内成品油价格按机制上调,https://www.ndrc.gov.cn/xwdt/ztzl/gncpyjg/201901/t20190114_1292989.html,105,7635,1,up,105,2019-01,55.429,10,-0.112,-0.201653,55.817,10,-0.38,-0.676193,48.452,10,0.411,0.855519,52.1345,10,-0.265,-0.50573,53.6075,10,-0.311,-0.576796,1.7,0.1,49.5,54.7,53.2,4260,1867880,438.47,normal,1,0,0,0,-13.037145,0,-13.037145,-13.037145,-13.037145,0,-13.037145,-13.037145,105,S1_full_pass_policy_band,0.0,full pass-through after 40/80/130 policy bands,0,0,0,29292.088367,0,0,0,0,0,0,0.067538,0,0.010131
2019-01-29,2019-01-28,245,230,8375,7370,国内成品油价格按机制上调,https://www.ndrc.gov.cn/xwdt/ztzl/gncpyjg/201901/t20190128_1292990.html,237.5,7872.5,1,up,237.5,2019-01,60.047,10,4.618,8.331379,60.586,10,4.769,8.543992,52.256,10,3.804,7.851069,56.274,10,4.1395,7.94004,57.8812,10,4.2737,7.972205,1.7,0.1,49.5,54.7,53.2,4260,1867880,438.47,normal,1,0,0,0,205.740204,192.703059,192.703059,0,205.740204,192.703059,192.703059,0,44.796941,S1_full_pass_policy_band,192.703059,full pass-through after 40/80/130 policy bands,37134.468948,0,49760.18839,37134.468948,0,0,0,0.080417,0,0.089799,0.085619,0,0.055397
2019-02-15,2019-02-14,50,50,8425,7420,国内成品油价格按机制上调,https://www.ndrc.gov.cn/xwdt/ztzl/gncpyjg/201902/t20190214_1292991.html,50,7922.5,1,up,50,2019-02,61.801,10,1.754,2.921045,62,10,1.414,2.333873,53.617,10,1.361,2.604486,57.8085,10,1.5345,2.726837,59.4851,10,1.6039,2.771021,1.5,0.1,49.2,54.3,52.4,3923,1723480,439.33,normal,1,0,0,0,78.339989,78.339989,78.339989,0,78.339989,78.339989,78.339989,0,-28.339989,S1_full_pass_policy_band,78.339989,full pass-through after 40/80/130 policy bands,6137.153877,0,7978.300039,13078.91178,0,0,0,0.01329,0,0.014398,0.030156,0,0.011445
2019-03-01,2019-02-28,270,260,8695,7680,国内成品油价格按机制上调,https://www.ndrc.gov.cn/xwdt/ztzl/gncpyjg/201902/t20190228_1292992.html,265,8187.5,1,up,265,2019-03,65.441,10,3.64,5.889872,65.664,10,3.664,5.909677,55.844,10,2.227,4.153533,60.597,10,2.7885,4.823685,62.4982,10,3.0131,5.065302,2.3,0.4,50.5,54.8,54,3934,1856320,471.87,normal,1,0,0,0,145.585619,145.585619,145.585619,0,145.585619,145.585619,145.585619,0,119.414381,S1_full_pass_policy_band,145.585619,full pass-through after 40/80/130 policy bands,21195.17246,0,30944.951791,4521.974754,0,0,0,0.0459,0,0.055844,0.010426,0,0.027
2019-03-14,2019-03-14,0,0,8695,7680,3月14日国内成品油价格不作调整,https://www.ndrc.gov.cn/xwdt/ztzl/gncpyjg/201903/t20190314_1292993.html,0,8187.5,0,no_adjust,0,2019-03,65.474,10,0.033,0.050427,64.869,10,-0.795,-1.210709,56.666,10,0.822,1.471958,60.7675,10,0.1705,0.281367,62.4081,10,-0.0901,-0.144164,2.3,0.4,50.5,54.8,54,3934,1856320,471.87,normal,1,0,0,0,-2.496016,0,-2.496016,-2.496016,-2.496016,0,-2.496016,-2.496016,0,S1_full_pass_policy_band,0.0,full pass-through after 40/80/130 policy bands,0,0,0,21195.17246,0,0,0,0,0,0,0.048869,0,0.00733
2019-03-29,2019-03-28,80,80,8775,7760,国内成品油价格按机制上调,https://www.ndrc.gov.cn/xwdt/ztzl/gncpyjg/201903/t20190328_1292994.html,80,8267.5,1,up,80,2019-03,67.068,10,1.594,2.434554,67.124,10,2.255,3.476237,59.225,10,2.559,4.515935,63.1745,10,2.407,3.960999,64.7543,10,2.3462,3.759448,2.3,0.4,50.5,54.8,54,3934,1856320,471.87,normal,1,0,0,0,113.761811,111.265795,111.265795,0,113.761811,111.265795,111.265795,0,-31.265795,S1_full_pass_policy_band,111.265795,full pass-through after 40/80/130 policy bands,12380.077137,0,18074.91262,12380.077137,0,0,0,0.02681,0,0.032619,0.028544,0,0.019139
2019-04-01,2019-03-29,-225,-200,8550,7560,国内成品油价格因增值税税率调整相应下调,https://www.ndrc.gov.cn/xwdt/ztzl/gncpyjg/201903/t20190329_1292995.html,-212.5,8055,1,down,212.5,2019-04,66.977,10,-0.091,-0.135683,67.114,10,-0.01,-0.014898,59.295,10,0.07,0.118193,63.2045,10,0.03,0.047488,64.7683,10,0.014,0.02162,2.5,0.9,50.1,54.3,53.4,4373,2148650,491.34,normal,1,0,0,0,2.471533,0,2.471533,2.471533,2.471533,0,2.471533,2.471533,-212.5,S1_full_pass_policy_band,0.0,full pass-through after 40/80/130 policy bands,0,0,0,12380.077137,0,0,0,0,0,0,0.028544,0,0.004282
2019-04-13,2019-04-12,155,150,8705,7710,国内成品油价格按机制上调,https://www.ndrc.gov.cn/xwdt/ztzl/gncpyjg/201904/t20190412_1292996.html,152.5,8207.5,1,up,152.5,2019-04,69.267,10,2.29,3.419084,70.07,10,2.956,4.404446,62.864,10,3.569,6.019057,66.467,10,3.2625,5.161816,67.9082,10,3.1399,4.847896,2.5,0.9,50.1,54.3,53.4,4373,2148650,491.34,normal,1,0,0,0,151.63639,154.107923,154.107923,0,151.63639,154.107923,154.107923,0,-1.607923,S1_full_pass_policy_band,154.107923,full pass-through after 40/80/130 policy bands,23749.251931,0,35623.877897,23749.251931,0,0,0,0.051431,0,0.064288,0.054758,0,0.037143
2019-04-27,2019-04-26,195,185,8900,7895,国内成品油价格按机制上调,https://www.ndrc.gov.cn/xwdt/ztzl/gncpyjg/201904/t20190426_1292997.html,190,8397.5,1,up,190,2019-04,71.609,10,2.342,3.381119,71.999,10,1.929,2.752961,64.576,10,1.712,2.723339,68.2875,10,1.8205,2.738953,69.7721,10,1.8639,2.744735,2.5,0.9,50.1,54.3,53.4,4373,2148650,491.34,normal,1,0,0,0,90.746932,90.746932,90.746932,0,90.746932,90.746932,90.746932,0,99.253068,S1_full_pass_policy_band,90.746932,full pass-through after 40/80/130 policy bands,8235.005667,0,12352.508501,4014.615181,0,0,0,0.017833,0,0.022292,0.009256,0,0.01142
2019-05-14,2019-05-13,-75,-75,8825,7820,国内成品油价格按机制下调,https://www.ndrc.gov.cn/xwdt/ztzl/gncpyjg/201905/t20190513_1292998.html,-75,8322.5,1,down,75,2019-05,70.745,10,-0.864,-1.206552,71.419,10,-0.58,-0.805567,62.357,10,-2.219,-3.436261,66.888,10,-1.3995,-2.049423,68.7004,10,-1.0717,-1.536001,2.7,0.6,49.4,54.3,53.3,4023,2107140,523.77,normal,1,0,0,0,-49.336997,0,-49.336997,-49.336997,-49.336997,0,-49.336997,-49.336997,-75,S1_full_pass_policy_band,0.0,full pass-through after 40/80/130 policy bands,0,0,0,8235.005667,0,0,0,0,0,0,0.018987,0,0.002848
2019-05-28,2019-05-27,50,50,8875,7870,国内成品油价格按机制上调,https://www.ndrc.gov.cn/xwdt/ztzl/gncpyjg/201905/t20190527_1292999.html,50,8372.5,1,up,50,2019-05,70.948,10,0.203,0.286946,72.105,10,0.686,0.960529,61.413,10,-0.944,-1.513864,66.759,10,-0.129,-0.19286,68.8974,10,0.197,0.286752,2.7,0.6,49.4,54.3,53.3,4023,2107140,523.77,normal,1,0,0,0,11.204112,0,-38.132885,-38.132885,11.204112,0,-38.132885,-38.132885,50,S1_full_pass_policy_band,0.0,full pass-through after 40/80/130 policy bands,0,0,0,0,0,0,0,0,0,0,0,0,0
2019-06-12,2019-06-11,-465,-445,8410,7425,国内成品油价格按机制下调,https://www.ndrc.gov.cn/xwdt/ztzl/gncpyjg/201906/t20190611_1293000.html,-455,7917.5,1,down,455,2019-06,63.872,10,-7.076,-9.973502,65.72,10,-6.385,-8.855142,54.59,10,-6.823,-11.110026,60.155,10,-6.604,-9.892299,62.381,10,-6.5164,-9.458122,2.7,0,49.4,54.2,53,3958,2017356.1,509.69,normal,1,0,0,0,-309.152696,-347.285581,-347.285581,0,-309.152696,-347.285581,-347.285581,0,-107.714419,S1_full_pass_policy_band,-347.285581,full pass-through after 40/80/130 policy bands,0,0,0,120607.274771,0,0,0,0,0,0,0.278079,0,0.041712
2019-06-26,2019-06-25,-120,-115,8290,7310,国内成品油价格按机制下调,https://www.ndrc.gov.cn/xwdt/ztzl/gncpyjg/201906/t20190625_1293001.html,-117.5,7800,1,down,117.5,2019-06,62.586,10,-1.286,-2.013402,63.698,10,-2.022,-3.076689,54.078,10,-0.512,-0.937901,58.888,10,-1.267,-2.106226,60.812,10,-1.569,-2.515189,2.7,0,49.4,54.2,53,3958,2017356.1,509.69,normal,1,0,0,0,-73.067661,-73.067661,-73.067661,0,-73.067661,-73.067661,-73.067661,0,-44.432339,S1_full_pass_policy_band,-73.067661,full pass-through after 40/80/130 policy bands,0,0,0,75195.467649,0,0,0,0,0,0,0.173375,0,0.026006
2019-07-10,2019-07-09,150,140,8440,7450,国内成品油价格按机制上调,https://www.ndrc.gov.cn/xwdt/ztzl/gncpyjg/201907/t20190709_1293002.html,145,7945,1,up,145,2019-07,64.565,10,1.979,3.162049,65.148,10,1.45,2.276367,57.858,10,3.78,6.989903,61.668,10,2.78,4.720826,63.192,10,2.38,3.913701,2.8,-0.3,49.7,53.7,53.1,4104,1960366.9,477.67,normal,1,0,0,0,115.374713,115.374713,115.374713,0,115.374713,115.374713,115.374713,0,29.625287,S1_full_pass_policy_band,115.374713,full pass-through after 40/80/130 policy bands,13311.3244,0,20765.666064,35510.528319,0,0,0,0.028827,0,0.037475,0.081875,0,0.028857
2019-07-23,2019-07-23,0,0,8440,7450,7月23日国内成品油价格不作调整,https://www.ndrc.gov.cn/xwdt/ztzl/gncpyjg/201907/t20190723_1293003.html,0,7945,0,no_adjust,0,2019-07,65.32,10,0.755,1.169364,64.51,10,-0.638,-0.979309,57.738,10,-0.12,-0.207404,61.124,10,-0.544,-0.882143,62.4784,10,-0.7136,-1.129257,2.8,-0.3,49.7,53.7,53.1,4104,1960366.9,477.67,normal,1,0,0,0,-32.248819,0,-32.248819,-32.248819,-32.248819,0,-32.248819,-32.248819,0,S1_full_pass_policy_band,0.0,full pass-through after 40/80/130 policy bands,0,0,0,13311.3244,0,0,0,0,0,0,0.030691,0,0.004604
2019-08-07,2019-08-06,-80,-70,8360,7380,国内成品油价格按机制下调,https://www.ndrc.gov.cn/xwdt/ztzl/gncpyjg/201908/t20190806_1293004.html,-75,7870,1,down,75,2019-08,63.634,10,-1.686,-2.581139,62.429,10,-2.081,-3.225856,56.176,10,-1.562,-2.705324,59.3025,10,-1.8215,-2.980008,60.5531,10,-1.9253,-3.081545,2.8,-0.8,49.5,53.8,53,4217,1979320.4,469.37,normal,1,0,0,0,-90.069945,-122.318764,-122.318764,0,-90.069945,-122.318764,-122.318764,0,47.318764,S1_full_pass_policy_band,-122.318764,full pass-through after 40/80/130 policy bands,0,0,0,14961.880026,0,0,0,0,0,0,0.034497,0,0.005175
2019-08-21,2019-08-20,-210,-205,8150,7175,国内成品油价格按机制下调,https://www.ndrc.gov.cn/xwdt/ztzl/gncpyjg/201908/t20190820_1293005.html,-207.5,7662.5,1,down,207.5,2019-08,58.687,10,-4.947,-7.774146,57.837,10,-4.592,-7.355556,54.452,10,-1.724,-3.068926,56.1445,10,-3.158,-5.325239,56.8215,10,-3.7316,-6.162525,2.8,-0.8,49.5,53.8,53,4217,1979320.4,469.37,normal,1,0,0,0,-176.264794,-176.264794,-176.264794,0,-176.264794,-176.264794,-176.264794,0,-31.235206,S1_full_pass_policy_band,-176.264794,full pass-through after 40/80/130 policy bands,0,0,0,2910.174153,0,0,0,0,0,0,0.00671,0,0.001006
2019-09-04,2019-09-03,115,105,8265,7280,国内成品油价格按机制上调,https://www.ndrc.gov.cn/xwdt/ztzl/gncpyjg/201909/t20190903_1293006.html,110,7772.5,1,up,110,2019-09,59.82,10,1.133,1.930581,59.576,10,1.739,3.006726,55.351,10,0.899,1.650995,57.5255,10,1.381,2.459724,58.3953,10,1.5738,2.769726,3,-1.2,49.8,53.7,53.1,4124,1854637.8,449.72,normal,1,0,0,0,76.903647,76.903647,76.903647,0,76.903647,76.903647,76.903647,0,33.096353,S1_full_pass_policy_band,76.903647,full pass-through after 40/80/130 policy bands,5914.170922,0,9462.673475,64094.259518,0,0,0,0.012808,0,0.017077,0.14778,0,0.029638
2019-09-19,2019-09-18,125,125,8390,7405,国内成品油价格按机制上调,https://www.ndrc.gov.cn/xwdt/ztzl/gncpyjg/201909/t20190918_1293007.html,125,7897.5,1,up,125,2019-09,62.196,10,2.376,3.971916,63.236,10,3.66,6.143413,57.216,10,1.865,3.369406,60.226,10,2.7005,4.69444,61.43,10,3.0347,5.196822,3,-1.2,49.8,53.7,53.1,4124,1854637.8,449.72,normal,1,0,0,0,146.61635,146.61635,146.61635,0,146.61635,146.61635,146.61635,0,-21.61635,S1_full_pass_policy_band,146.61635,full pass-through after 40/80/130 policy bands,21496.354087,0,34394.16654,4859.86096,0,0,0,0.046552,0,0.062069,0.011205,0,0.028836
2019-10-08,2019-10-08,0,0,8390,7405,10月8日国内成品油价格不作调整,https://www.ndrc.gov.cn/xwdt/ztzl/gncpyjg/201910/t20191008_1293008.html,0,7897.5,0,no_adjust,0,2019-10,60.635,10,-1.561,-2.509808,60.667,10,-2.569,-4.062559,54.416,10,-2.8,-4.893736,57.5415,10,-2.6845,-4.457377,58.7917,10,-2.6383,-4.294807,3.8,-1.6,49.3,52.8,52,4551,2073141.2,455.54,normal,1,0,0,0,-124.0936,-124.0936,-124.0936,0,-124.0936,-124.0936,-124.0936,0,124.0936,S1_full_pass_policy_band,-124.0936,full pass-through after 40/80/130 policy bands,0,0,0,73283.877029,0,0,0,0,0,0,0.168968,0,0.025345
2019-10-22,2019-10-21,-150,-145,8240,7260,国内成品油价格按机制下调,https://www.ndrc.gov.cn/xwdt/ztzl/gncpyjg/201910/t20191021_1293009.html,-147.5,7750,1,down,147.5,2019-10,59.452,10,-1.183,-1.951018,59.358,10,-1.309,-2.15768,53.38,10,-1.036,-1.903852,56.369,10,-1.1725,-2.03766,57.5646,10,-1.2271,-2.087199,3.8,-1.6,49.3,52.8,52,4551,2073141.2,455.54,normal,1,0,0,0,-56.752531,-56.752531,-56.752531,0,-56.752531,-56.752531,-56.752531,0,-90.747469,S1_full_pass_policy_band,-56.752531,full pass-through after 40/80/130 policy bands,0,0,0,4534.819574,0,0,0,0,0,0,0.010456,0,0.001568
2019-11-05,2019-11-04,105,105,8345,7365,国内成品油价格按机制上调,https://www.ndrc.gov.cn/xwdt/ztzl/gncpyjg/201911/t20191104_1293010.html,105,7855,1,up,105,2019-11,60.853,10,1.401,2.356523,60.487,10,1.129,1.902018,55.187,10,1.807,3.385163,57.837,10,1.468,2.604268,58.897,10,1.3324,2.314617,4.5,-1.4,50.2,54.4,53.7,4574,2089499.4,456.82,normal,1,0,0,0,65.384277,65.384277,65.384277,0,65.384277,65.384277,65.384277,0,39.615723,S1_full_pass_policy_band,65.384277,full pass-through after 40/80/130 policy bands,4275.103679,0,8122.69699,14917.399868,0,0,0,0.009258,0,0.014659,0.034394,0,0.011138
2019-11-19,2019-11-18,70,65,8415,7430,国内成品油价格按机制上调,https://www.ndrc.gov.cn/xwdt/ztzl/gncpyjg/201911/t20191118_1293011.html,67.5,7922.5,1,up,67.5,2019-11,62.494,10,1.641,2.696662,62.477,10,1.99,3.289963,56.715,10,1.528,2.768768,59.4755,10,1.6385,2.832962,60.5797,10,1.6827,2.857022,4.5,-1.4,50.2,54.4,53.7,4574,2089499.4,456.82,normal,1,0,0,0,82.100247,82.100247,82.100247,0,82.100247,82.100247,82.100247,0,-14.600247,S1_full_pass_policy_band,82.100247,full pass-through after 40/80/130 policy bands,6740.450557,0,12806.856059,279.423653,0,0,0,0.014597,0,0.023112,0.000644,0,0.009524
2019-12-03,2019-12-02,55,50,8470,7480,国内成品油价格按机制上调,https://www.ndrc.gov.cn/xwdt/ztzl/gncpyjg/201912/t20191202_1293012.html,52.5,7975,1,up,52.5,2019-12,63.671,10,1.177,1.883381,64.251,10,1.774,2.839445,57.432,10,0.717,1.264216,60.7735,10,1.298,2.182411,62.1101,10,1.5304,2.526259,4.5,-0.5,50.2,53.5,53.4,4548,2192920,482.17,normal,1,0,0,0,74.832641,74.832641,74.832641,0,74.832641,74.832641,74.832641,0,-22.332641,S1_full_pass_policy_band,74.832641,full pass-through after 40/80/130 policy bands,5599.924159,0,10639.855902,52.818097,0,0,0,0.012127,0,0.019201,0.000122,0,0.00785
2019-12-16,2019-12-16,0,0,8470,7480,12月16日国内成品油价格不作调整,https://www.ndrc.gov.cn/xwdt/ztzl/gncpyjg/201912/t20191216_1293013.html,0,7975,0,no_adjust,0,2019-12,64.769,10,1.098,1.72449,65.606,10,1.355,2.108917,58.444,10,1.012,1.762084,62.025,10,1.2515,2.059286,63.4574,10,1.3473,2.169212,4.5,-0.5,50.2,53.5,53.4,4548,2192920,482.17,normal,1,0,0,0,66.095291,66.095291,66.095291,0,66.095291,66.095291,66.095291,0,-66.095291,S1_full_pass_policy_band,66.095291,full pass-through after 40/80/130 policy bands,4368.587492,0,8300.316236,76.341285,0,0,0,0.00946,0,0.014979,0.000176,0,0.006136
2019-12-31,2019-12-30,235,230,8705,7710,国内成品油价格按机制上调,https://www.ndrc.gov.cn/xwdt/ztzl/gncpyjg/201912/t20191230_1293014.html,232.5,8207.5,1,up,232.5,2019-12,67.828,10,3.059,4.722938,68.687,10,3.081,4.696217,60.902,10,2.458,4.205735,64.7945,10,2.7695,4.465135,66.3515,10,2.8941,4.560697,4.5,-0.5,50.2,53.5,53.4,4548,2192920,482.17,normal,1,0,0,0,139.907057,139.907057,139.907057,0,139.907057,139.907057,139.907057,0,92.592943,S1_full_pass_policy_band,139.907057,full pass-through after 40/80/130 policy bands,19573.984598,0,37190.570737,5448.1768,0,0,0,0.042389,0,0.067116,0.012562,0,0.02926
2020-01-14,2020-01-14,0,0,8705,7710,1月14日国内成品油价格不作调整,https://www.ndrc.gov.cn/xwdt/ztzl/gncpyjg/202001/t20200114_1293015.html,0,8207.5,0,no_adjust,0,2020-01,68.373,10,0.545,0.803503,67.599,10,-1.088,-1.583997,60.934,10,0.032,0.052543,64.2665,10,-0.528,-0.814884,65.5995,10,-0.752,-1.133358,5.4,0.1,50,54.1,53,,,,normal,1,0,0,0,-34.081229,0,-34.081229,-34.081229,-34.081229,0,-34.081229,-34.081229,0,S1_full_pass_policy_band,0.0,full pass-through after 40/80/130 policy bands,0,0,0,19573.984598,0,0,0,0,0,0,0.045131,0,0.00677
2020-02-05,2020-02-04,-420,-405,8285,7305,国内成品油价格按机制下调,https://www.ndrc.gov.cn/xwdt/ztzl/gncpyjg/202002/t20200204_1293016.html,-412.5,7795,1,down,412.5,2020-02,61.266,10,-7.107,-10.394454,59.323,10,-8.276,-12.242785,53.815,10,-7.119,-11.683133,56.569,10,-7.6975,-11.977469,57.6706,10,-7.9289,-12.08683,5.2,-0.4,35.7,29.6,28.9,8609,4218444.2,490,normal,1,0,0,0,-376.555799,-410.637029,-410.637029,0,-376.555799,-410.637029,-410.637029,0,-1.862971,S1_full_pass_policy_band,-410.637029,full pass-through after 40/80/130 policy bands,0,0,0,168622.769586,0,0,0,0,0,0,0.388787,0,0.058318
2020-02-19,2020-02-18,-415,-400,7870,6905,国内成品油价格按机制下调,https://www.ndrc.gov.cn/xwdt/ztzl/gncpyjg/202002/t20200218_1293017.html,-407.5,7387.5,1,down,407.5,2020-02,55.451,10,-5.815,-9.491398,55.344,10,-3.979,-6.707348,50.596,10,-3.219,-5.981604,52.7785,10,-3.7905,-6.700666,53.6515,10,-4.0191,-6.969062,5.2,-0.4,35.7,29.6,28.9,8609,4218444.2,490,normal,1,0,0,0,-189.98401,-189.98401,-189.98401,0,-189.98401,-189.98401,-189.98401,0,-217.51599,S1_full_pass_policy_band,-189.98401,full pass-through after 40/80/130 policy bands,0,0,0,48687.754794,0,0,0,0,0,0,0.112257,0,0.016839
2020-03-03,2020-03-03,0,0,7870,6905,3月3日国内成品油价格不作调整,https://www.ndrc.gov.cn/xwdt/ztzl/gncpyjg/202003/t20200303_1293018.html,0,7387.5,0,no_adjust,0,2020-03,55.218,10,-0.233,-0.420191,55.822,10,0.478,0.863689,50.113,10,-0.483,-0.954621,52.9675,10,0.189,0.3581,54.1093,10,0.4578,0.853285,4.3,-1.5,52,52.3,52.3,4110,1673864.3,407.27,normal,1,0,0,0,23.64923,0,23.64923,23.64923,23.64923,0,23.64923,23.64923,0,S1_full_pass_policy_band,0.0,full pass-through after 40/80/130 policy bands,0,0,0,36093.924056,0,0,0,0,0,0,0.08322,0,0.012483
2020-03-18,2020-03-17,-1015,-975,6855,5930,国内成品油价格按机制下调,https://www.ndrc.gov.cn/xwdt/ztzl/gncpyjg/202003/t20200317_1293019.html,-995,6392.5,1,down,995,2020-03,40.882,10,-14.336,-25.962548,39.759,10,-16.063,-28.775393,37.198,10,-12.915,-25.771756,38.4785,10,-14.489,-27.35451,38.9907,10,-15.1186,-27.940853,4.3,-1.5,52,52.3,52.3,4110,1673864.3,407.27,low_floor,1,1,0,0,-719.641173,-695.991942,-695.991942,0,0,0,23.64923,23.64923,-995,S1_full_pass_policy_band,0.0,full pass-through after 40/80/130 policy bands,0,0,0,0,0,0,0,0,0,0,0,0,0
2020-03-31,2020-03-31,0,0,6855,5930,3月31日国内成品油价格不作调整,https://www.ndrc.gov.cn/xwdt/ztzl/gncpyjg/202003/t20200331_1293020.html,0,6392.5,0,no_adjust,0,2020-03,26.312,10,-14.57,-35.639157,23.929,10,-15.83,-39.814885,20.33,10,-16.868,-45.346524,22.1295,10,-16.349,-42.488662,22.8493,10,-16.1414,-41.398077,4.3,-1.5,52,52.3,52.3,4110,1673864.3,407.27,low_floor,1,1,0,0,-768.448177,-768.448177,-768.448177,0,0,0,23.64923,23.64923,0,S1_full_pass_policy_band,0.0,full pass-through after 40/80/130 policy bands,0,0,0,0,0,0,0,0,0,0,0,0,0
2020-04-15,2020-04-15,0,0,6855,5930,4月15日国内成品油价格不作调整,https://www.ndrc.gov.cn/xwdt/ztzl/gncpyjg/202004/t20200415_1293021.html,0,6392.5,0,no_adjust,0,2020-04,21.137,10,-5.175,-19.667832,20.545,10,-3.384,-14.141836,23.446,10,3.116,15.327103,21.5825,10,-0.547,-2.471814,21.1675,10,-1.6818,-7.360401,3.3,-3.1,50.8,53.2,53.4,4043,1088790.5,269.3,low_floor,1,1,0,0,-78.450366,-78.450366,-78.450366,0,0,0,23.64923,23.64923,0,S1_full_pass_policy_band,0.0,full pass-through after 40/80/130 policy bands,0,0,0,0,0,0,0,0,0,0,0,0,0
2020-04-28,2020-04-28,0,0,6855,5930,4月28日国内成品油价格不作调整,https://www.ndrc.gov.cn/xwdt/ztzl/gncpyjg/202004/t20200428_1293022.html,0,6392.5,0,no_adjust,0,2020-04,15.699,10,-5.438,-25.727397,16.633,10,-3.912,-19.041129,10.703,10,-12.743,-54.350422,13.668,10,-7.9145,-36.670914,14.854,10,-6.3135,-29.826385,3.3,-3.1,50.8,53.2,53.4,4043,1088790.5,269.3,low_floor,1,1,0,0,-299.470509,-299.470509,-299.470509,0,0,0,23.64923,23.64923,0,S1_full_pass_policy_band,0.0,full pass-through after 40/80/130 policy bands,0,0,0,0,0,0,0,0,0,0,0,0,0
2020-05-14,2020-05-14,0,0,6855,5930,5月14日国内成品油价格不作调整,https://www.ndrc.gov.cn/xwdt/ztzl/gncpyjg/202005/t20200514_1293023.html,0,6392.5,0,no_adjust,0,2020-05,21.067,10,5.368,34.193261,22.884,10,6.251,37.581915,23.142,10,12.439,116.219751,22.5285,10,8.8605,64.826602,22.6707,10,7.8167,52.623536,2.4,-3.7,50.6,53.6,53.4,4797,946857.4,197.39,low_floor,1,0,0,0,374.80866,374.80866,374.80866,0,374.80866,398.457891,398.457891,0,-398.457891,S1_full_pass_policy_band,398.457891,full pass-through after 40/80/130 policy bands,158768.6909,0,234977.662532,158768.6909,0,0,0,0.343824,0,0.42405,0.366066,0,0.246879
2020-05-28,2020-05-28,0,0,6855,5930,5月28日国内成品油价格不作调整,https://www.ndrc.gov.cn/xwdt/ztzl/gncpyjg/202005/t20200528_1293024.html,0,6392.5,0,no_adjust,0,2020-05,27.658,10,6.591,31.285897,32.509,10,9.625,42.059955,31.519,10,8.377,36.198254,32.014,10,9.4855,42.104445,32.212,10,9.5413,42.086482,2.4,-3.7,50.6,53.6,53.4,4797,946857.4,197.39,low_floor,1,0,0,0,457.104867,457.104867,457.104867,0,457.104867,457.104867,457.104867,0,-457.104867,S1_full_pass_policy_band,457.104867,full pass-through after 40/80/130 policy bands,208944.859435,0,309238.391964,3439.467794,0,0,0,0.452484,0,0.558064,0.00793,0,0.253827
2020-06-11,2020-06-11,0,0,6855,5930,6月11日国内成品油价格不作调整,https://www.ndrc.gov.cn/xwdt/ztzl/gncpyjg/202006/t20200611_1293025.html,0,6392.5,0,no_adjust,0,2020-06,34.672,10,7.014,25.359751,38.127,10,5.618,17.281368,37.254,10,5.735,18.195374,37.6905,10,5.6765,17.731305,37.8651,10,5.6531,17.549671,2.5,-3,50.9,54.4,54.2,521,273937.7,525.79,low_floor,1,0,0,0,271.563808,271.563808,271.563808,0,271.563808,271.563808,271.563808,0,-271.563808,S1_full_pass_policy_band,271.563808,full pass-through after 40/80/130 policy bands,73746.901815,0,110620.352723,34425.484575,0,0,0,0.159704,0,0.19963,0.079373,0,0.101739
2020-06-29,2020-06-28,120,110,6975,6040,国内成品油价格按机制上调,https://www.ndrc.gov.cn/xwdt/ztzl/gncpyjg/202006/t20200628_1293026.html,115,6507.5,1,up,115,2020-06,37.873,10,3.201,9.232234,41.321,10,3.194,8.377265,38.785,10,1.531,4.109626,40.053,10,2.3625,6.268158,40.5602,10,2.6951,7.117636,2.5,-3,50.9,54.4,54.2,521,273937.7,525.79,normal,1,0,0,0,130.410974,130.410974,130.410974,0,130.410974,130.410974,130.410974,0,-15.410974,S1_full_pass_policy_band,130.410974,full pass-through after 40/80/130 policy bands,17007.02214,0,25510.533209,19924.122546,0,0,0,0.03683,0,0.046037,0.045938,0,0.027608
2020-07-11,2020-07-10,100,100,7075,6140,国内成品油价格按机制上调,https://www.ndrc.gov.cn/xwdt/ztzl/gncpyjg/202007/t20200710_1293027.html,100,6607.5,1,up,100,2020-07,41.56,10,3.687,9.735168,42.451,10,1.13,2.734687,39.823,10,1.038,2.676292,41.05,10,0.997,2.489202,41.5408,10,0.9806,2.417641,2.7,-2.4,51.1,54.2,54.1,5129,1434135.2,279.61,normal,1,0,0,0,48.596729,0,48.596729,48.596729,48.596729,0,48.596729,48.596729,100,S1_full_pass_policy_band,0.0,full pass-through after 40/80/130 policy bands,0,0,0,17007.02214,0,0,0,0,0,0,0.039212,0,0.005882
2020-07-24,2020-07-24,0,0,7075,6140,7月24日国内成品油价格不作调整,https://www.ndrc.gov.cn/xwdt/ztzl/gncpyjg/202007/t20200724_1293028.html,0,6607.5,0,no_adjust,0,2020-07,43.719,10,2.159,5.194899,43.484,10,1.033,2.433394,40.887,10,1.064,2.671823,42.1855,10,1.1355,2.766139,42.7049,10,1.1641,2.802305,2.7,-2.4,51.1,54.2,54.1,5129,1434135.2,279.61,normal,1,0,0,0,57.353168,105.949897,105.949897,0,57.353168,105.949897,105.949897,0,-105.949897,S1_full_pass_policy_band,105.949897,full pass-through after 40/80/130 policy bands,11225.380674,0,17287.086238,11225.380674,0,0,0,0.024309,0,0.031197,0.025882,0,0.017759
2020-08-07,2020-08-07,0,0,7075,6140,8月7日国内成品油价格不作调整,https://www.ndrc.gov.cn/xwdt/ztzl/gncpyjg/202008/t20200807_1293029.html,0,6607.5,0,no_adjust,0,2020-08,43.832,10,0.113,0.258469,43.712,10,0.228,0.524331,41.134,10,0.247,0.604104,42.423,10,0.2375,0.56299,42.9386,10,0.2337,0.547244,2.4,-2,51,55.2,54.5,4748,1492292.6,314.3,normal,1,0,0,0,12.9554,0,12.9554,12.9554,12.9554,0,12.9554,12.9554,0,S1_full_pass_policy_band,0.0,full pass-through after 40/80/130 policy bands,0,0,0,11225.380674,0,0,0,0,0,0,0.025882,0,0.003882
2020-08-22,2020-08-21,85,80,7160,6220,国内成品油价格按机制上调,https://www.ndrc.gov.cn/xwdt/ztzl/gncpyjg/202008/t20200821_1293030.html,82.5,6690,1,up,82.5,2020-08,45.08,10,1.248,2.847235,44.678,10,0.966,2.209919,42.285,10,1.151,2.798172,43.4815,10,1.0585,2.495109,43.9601,10,1.0215,2.378978,2.4,-2,51,55.2,54.5,4748,1492292.6,314.3,normal,1,0,0,0,50.548437,63.503837,63.503837,0,50.548437,63.503837,63.503837,0,18.996163,S1_full_pass_policy_band,63.503837,full pass-through after 40/80/130 policy bands,4032.737314,0,5968.451224,4032.737314,0,0,0,0.008733,0,0.010771,0.009298,0,0.006271
2020-09-04,2020-09-04,0,0,7160,6220,9月4日国内成品油价格不作调整,https://www.ndrc.gov.cn/xwdt/ztzl/gncpyjg/202009/t20200904_1293031.html,0,6690,0,no_adjust,0,2020-09,45.312,10,0.232,0.514641,44.593,10,-0.085,-0.19025,42.65,10,0.365,0.86319,43.622,10,0.1405,0.323126,44.0104,10,0.0503,0.114422,1.7,-2.1,51.5,55.9,55.1,100,101019.8,1010.2,normal,1,0,0,0,4.203733,0,4.203733,4.203733,4.203733,0,4.203733,4.203733,0,S1_full_pass_policy_band,0.0,full pass-through after 40/80/130 policy bands,0,0,0,4032.737314,0,0,0,0,0,0,0.009298,0,0.001395
2020-09-19,2020-09-18,-315,-300,6845,5920,国内成品油价格按机制下调,https://www.ndrc.gov.cn/xwdt/ztzl/gncpyjg/202009/t20200918_1293032.html,-307.5,6382.5,1,down,307.5,2020-09,40.604,10,-4.708,-10.390184,40.004,10,-4.589,-10.290853,38.726,10,-3.924,-9.200469,39.4675,10,-4.1545,-9.523864,39.7641,10,-4.2463,-9.648401,1.7,-2.1,51.5,55.9,55.1,100,101019.8,1010.2,low_floor,1,1,0,0,-200.825769,-196.622036,-196.622036,0,0,0,4.203733,4.203733,-307.5,S1_full_pass_policy_band,0.0,full pass-through after 40/80/130 policy bands,0,0,0,0,0,0,0,0,0,0,0,0,0
2020-10-09,2020-10-09,0,0,6845,5920,10月9日国内成品油价格不作调整,https://www.ndrc.gov.cn/xwdt/ztzl/gncpyjg/202010/t20201009_1293033.html,0,6382.5,0,no_adjust,0,2020-10,40.459,10,-0.145,-0.357108,40.455,10,0.451,1.127387,39.552,10,0.826,2.132934,40.0035,10,0.536,1.358079,40.1841,10,0.42,1.056229,0.5,-2.1,51.4,56.2,55.3,4256,1327523.7,311.92,normal,1,0,0,0,21.845452,0,21.845452,21.845452,21.845452,0,26.049185,26.049185,0,S1_full_pass_policy_band,0.0,full pass-through after 40/80/130 policy bands,0,0,0,0,0,0,0,0,0,0,0,0,0
2020-10-23,2020-10-22,80,70,6925,5990,国内成品油价格按机制上调,https://www.ndrc.gov.cn/xwdt/ztzl/gncpyjg/202010/t20201022_1293034.html,75,6457.5,1,up,75,2020-10,41.108,10,0.649,1.604093,41.323,10,0.868,2.145594,40.507,10,0.955,2.414543,40.915,10,0.9115,2.278551,41.0782,10,0.8941,2.225009,0.5,-2.1,51.4,56.2,55.3,4256,1327523.7,311.92,normal,1,0,0,0,44.469035,66.314486,66.314486,0,44.469035,70.51822,70.51822,0,4.48178,S1_full_pass_policy_band,70.51822,full pass-through after 40/80/130 policy bands,4972.819352,0,5470.101287,4972.819352,0,0,0,0.010769,0,0.009872,0.011466,0,0.00688
2020-11-06,2020-11-05,-160,-150,6765,5840,国内成品油价格按机制下调,https://www.ndrc.gov.cn/xwdt/ztzl/gncpyjg/202011/t20201105_1293035.html,-155,6302.5,1,down,155,2020-11,38.617,10,-2.491,-6.059648,38.715,10,-2.608,-6.311255,37.978,10,-2.529,-6.243365,38.3465,10,-2.5685,-6.277649,38.4939,10,-2.5843,-6.291171,-0.5,-1.5,52.1,56.4,55.7,280,42203,150.72,low_floor,1,1,0,0,-121.516773,-121.516773,-121.516773,0,0,0,0,0,-155,S1_full_pass_policy_band,0.0,full pass-through after 40/80/130 policy bands,0,0,0,4972.819352,0,0,0,0,0,0,0.011466,0,0.00172
2020-11-20,2020-11-19,150,145,6915,5985,2020年11月19日24时起国内成品油价格按机制上调,https://www.ndrc.gov.cn/xwdt/ztzl/gncpyjg/202011/t20201119_1293036.html,147.5,6450,1,up,147.5,2020-11,41.788,10,3.171,8.211409,41.506,10,2.791,7.209092,40.284,10,2.306,6.071936,40.895,10,2.5485,6.645978,41.1394,10,2.6455,6.872517,-0.5,-1.5,52.1,56.4,55.7,280,42203,150.72,normal,1,0,0,0,128.044111,128.044111,128.044111,0,128.044111,128.044111,128.044111,0,19.455889,S1_full_pass_policy_band,128.044111,full pass-through after 40/80/130 policy bands,16395.294362,0,16395.294362,16395.294362,0,0,0,0.035505,0,0.029588,0.037802,0,0.021943
2020-12-04,2020-12-03,250,240,7165,6225,2020年12月3日24时起国内成品油价格按机制上调,https://www.ndrc.gov.cn/xwdt/ztzl/gncpyjg/202012/t20201203_1293037.html,245,6695,1,up,245,2020-12,45.697,10,3.909,9.35436,46.068,10,4.562,10.991182,43.461,10,3.177,7.886506,44.377,10,3.482,8.514488,44.7434,10,3.604,8.760458,0.2,-0.4,51.9,55.7,55.1,3847,1245360,323.72,normal,1,0,0,0,173.782783,173.782783,173.782783,0,173.782783,173.782783,173.782783,0,71.217217,S1_full_pass_policy_band,173.782783,full pass-through after 40/80/130 policy bands,30200.455667,0,31408.473894,2092.026116,0,0,0,0.065401,0,0.056681,0.004823,0,0.031244
2020-12-18,2020-12-17,155,150,7320,6375,2020年12月17日24时起国内成品油价格按机制上调,https://www.ndrc.gov.cn/xwdt/ztzl/gncpyjg/202012/t20201217_1293038.html,152.5,6847.5,1,up,152.5,2020-12,48.751,10,3.054,6.683152,49.596,10,3.528,7.658244,46.453,10,2.992,6.884333,48.0245,10,3.6475,8.219348,48.6531,10,3.9097,8.738049,0.2,-0.4,51.9,55.7,55.1,3847,1245360,323.72,normal,1,0,0,0,188.370484,188.370484,188.370484,0,188.370484,188.370484,188.370484,0,-35.870484,S1_full_pass_policy_band,188.370484,full pass-through after 40/80/130 policy bands,35483.439242,0,36902.776812,212.80102,0,0,0,0.076842,0,0.066596,0.000491,0,0.035933
2021-01-01,2020-12-31,90,85,7410,6460,2020年12月31日24时起国内成品油价格按机制上调,https://www.ndrc.gov.cn/xwdt/ztzl/gncpyjg/202012/t20201231_1293039.html,87.5,6935,1,up,87.5,2021-01,50.063,10,1.312,2.691227,50.868,10,1.272,2.564723,47.976,10,1.523,3.278583,49.422,10,1.3975,2.909973,50.0004,10,1.3473,2.769197,-0.3,0.3,51.3,52.4,52.8,4459,1612834.7,3617.03,normal,1,0,0,0,66.095291,66.095291,66.095291,0,66.095291,66.095291,66.095291,0,21.404709,S1_full_pass_policy_band,66.095291,full pass-through after 40/80/130 policy bands,4368.587492,0,4368.587492,14951.222823,0,0,0,0.00946,0,0.007884,0.034472,0,0.009507
2021-01-16,2021-01-15,185,180,7595,6640,2021年1月15日24时起国内成品油价格按机制上调,https://www.ndrc.gov.cn/xwdt/ztzl/gncpyjg/202101/t20210115_1293040.html,182.5,7117.5,1,up,182.5,2021-01,53.503,10,3.44,6.871342,53.986,10,3.118,6.12959,51.033,10,3.057,6.371936,52.5095,10,3.0875,6.247218,53.1001,10,3.0997,6.19935,-0.3,0.3,51.3,52.4,52.8,4459,1612834.7,3617.03,normal,1,0,0,0,149.718085,149.718085,149.718085,0,149.718085,149.718085,149.718085,0,32.781915,S1_full_pass_policy_band,149.718085,full pass-through after 40/80/130 policy bands,22415.504976,0,22415.504976,6992.771676,0,0,0,0.048542,0,0.040452,0.016123,0,0.024667
2021-01-30,2021-01-29,75,70,7670,6710,2021年1月29日24时起国内成品油价格按机制上调,https://www.ndrc.gov.cn/xwdt/ztzl/gncpyjg/202101/t20210129_1293041.html,72.5,7190,1,up,72.5,2021-01,54.842,10,1.339,2.502663,55.159,10,1.173,2.172786,52.749,10,1.716,3.36253,54.0315,10,1.522,2.898523,54.5445,10,1.4444,2.720146,-0.3,0.3,51.3,52.4,52.8,4459,1612834.7,3617.03,normal,1,0,0,0,70.728806,70.728806,70.728806,0,70.728806,70.728806,70.728806,0,1.771194,S1_full_pass_policy_band,70.728806,full pass-through after 40/80/130 policy bands,5002.563998,0,5002.563998,6239.306197,0,0,0,0.010833,0,0.009028,0.014386,0,0.007123
2021-02-19,2021-02-18,275,265,7945,6975,2021年2月18日24时起国内成品油价格按机制上调,https://www.ndrc.gov.cn/xwdt/ztzl/gncpyjg/202102/t20210218_1293042.html,270,7460,1,up,270,2021-02,60.706,10,5.864,10.692535,61.666,10,6.507,11.796806,58.252,10,5.503,10.432425,59.7105,10,5.679,10.510536,60.2939,10,5.7494,10.540751,-0.2,1.7,50.6,51.4,51.6,4498,1783365.6,396.48,normal,1,0,0,0,276.159149,276.159149,276.159149,0,276.159149,276.159149,276.159149,0,-6.159149,S1_full_pass_policy_band,276.159149,full pass-through after 40/80/130 policy bands,76263.875576,0,76263.875576,42201.625825,0,0,0,0.165155,0,0.137629,0.097303,0,0.090291
2021-03-04,2021-03-03,260,250,8205,7225,2021年3月3日24时起国内成品油价格按机制上调,https://www.ndrc.gov.cn/xwdt/ztzl/gncpyjg/202103/t20210303_1293043.html,255,7715,1,up,255,2021-03,63.35,10,2.644,4.355418,64.897,10,3.231,5.239516,61.237,10,2.985,5.124288,63.067,10,3.3565,5.621289,63.799,10,3.5051,5.813358,0.4,4.4,51.9,56.3,55.3,4966,2267884.9,456.68,normal,1,0,0,0,169.063372,169.063372,169.063372,0,169.063372,169.063372,169.063372,0,85.936628,S1_full_pass_policy_band,169.063372,full pass-through after 40/80/130 policy bands,28582.423752,0,30869.017652,11469.505451,0,0,0,0.061897,0,0.055707,0.026445,0,0.033368
2021-03-18,2021-03-17,235,230,8440,7455,2021年3月17日24时起国内成品油价格按机制上调,https://www.ndrc.gov.cn/xwdt/ztzl/gncpyjg/202103/t20210317_1293044.html,232.5,7947.5,1,up,232.5,2021-03,66.413,10,3.063,4.835043,67.947,10,3.05,4.699755,64.651,10,3.414,5.575061,66.299,10,3.232,5.124709,66.9582,10,3.1592,4.951802,0.4,4.4,51.9,56.3,55.3,4966,2267884.9,456.68,normal,1,0,0,0,152.557367,152.557367,152.557367,0,152.557367,152.557367,152.557367,0,79.942633,S1_full_pass_policy_band,152.557367,full pass-through after 40/80/130 policy bands,23273.750226,0,25135.650244,272.448201,0,0,0,0.050401,0,0.045361,0.000628,0,0.024035
2021-04-01,2021-03-31,-225,-220,8215,7235,2021年3月31日24时起国内成品油价格按机制下调,https://www.ndrc.gov.cn/xwdt/ztzl/gncpyjg/202103/t20210331_1293045.html,-222.5,7725,1,down,222.5,2021-04,63.154,10,-3.259,-4.907172,63.371,10,-4.576,-6.734661,60.772,10,-3.879,-5.999907,62.0715,10,-4.2275,-6.376416,62.5913,10,-4.3669,-6.52183,0.9,6.8,51.1,54.9,53.8,4036,1839330.1,455.73,normal,1,0,0,0,-206.580682,-206.580682,-206.580682,0,-206.580682,-206.580682,-206.580682,0,-15.919318,S1_full_pass_policy_band,-206.580682,full pass-through after 40/80/130 policy bands,0,0,0,128980.13824,0,0,0,0,0,0,0.297384,0,0.044608
2021-04-15,2021-04-15,0,0,8215,7235,2021年4月15日国内成品油价格不作调整,https://www.ndrc.gov.cn/xwdt/ztzl/gncpyjg/202104/t20210415_1293046.html,0,7725,0,no_adjust,0,2021-04,61.748,10,-1.406,-2.226304,62.928,10,-0.443,-0.699058,60.039,10,-0.733,-1.206148,61.5745,10,-0.497,-0.80069,62.1159,10,-0.4754,-0.75953,0.9,6.8,51.1,54.9,53.8,4036,1839330.1,455.73,normal,1,0,0,0,-20.882151,0,-20.882151,-20.882151,-20.882151,0,-20.882151,-20.882151,0,S1_full_pass_policy_band,0.0,full pass-through after 40/80/130 policy bands,0,0,0,42675.578176,0,0,0,0,0,0,0.098395,0,0.014759
2021-04-29,2021-04-28,100,95,8315,7330,2021年4月28日24时起国内成品油价格按机制上调,https://www.ndrc.gov.cn/xwdt/ztzl/gncpyjg/202104/t20210428_1293047.html,97.5,7822.5,1,up,97.5,2021-04,64.138,10,2.39,3.870571,65.669,10,2.741,4.355772,62.569,10,2.53,4.213928,64.119,10,2.5445,4.132392,64.739,10,2.6231,4.222912,0.9,6.8,51.1,54.9,53.8,4036,1839330.1,455.73,normal,1,0,0,0,126.975205,106.093054,106.093054,0,126.975205,106.093054,106.093054,0,-8.593054,S1_full_pass_policy_band,106.093054,full pass-through after 40/80/130 policy bands,11255.736107,0,13281.768606,11255.736107,0,0,0,0.024375,0,0.023969,0.025952,0,0.015979
2021-05-15,2021-05-14,100,100,8415,7430,2021年5月14日24时起国内成品油价格按机制上调,https://www.ndrc.gov.cn/xwdt/ztzl/gncpyjg/202105/t20210514_1293048.html,100,7922.5,1,up,100,2021-05,66.717,10,2.579,4.021017,68.638,10,2.969,4.521159,64.901,10,2.332,3.727085,66.7965,10,2.6775,4.175829,67.5331,10,2.7941,4.315946,1.3,9,51,55.2,54.2,4095,2039882.1,498.14,normal,1,0,0,0,135.135156,135.135156,135.135156,0,135.135156,135.135156,135.135156,0,-35.135156,S1_full_pass_policy_band,135.135156,full pass-through after 40/80/130 policy bands,18261.510387,0,23009.503088,843.443689,0,0,0,0.039547,0,0.041524,0.001945,0,0.020559
2021-05-28,2021-05-28,0,0,8415,7430,2021年5月28日国内成品油价格不作调整,https://www.ndrc.gov.cn/xwdt/ztzl/gncpyjg/202105/t20210528_1293049.html,0,7922.5,0,no_adjust,0,2021-05,66.662,10,-0.055,-0.082438,68.24,10,-0.398,-0.579854,65.157,10,0.256,0.394447,66.6985,10,-0.098,-0.146714,67.3151,10,-0.218,-0.322805,1.3,9,51,55.2,54.2,4095,2039882.1,498.14,normal,1,0,0,0,-8.599277,0,-8.599277,-8.599277,-8.599277,0,-8.599277,-8.599277,0,S1_full_pass_policy_band,0.0,full pass-through after 40/80/130 policy bands,0,0,0,18261.510387,0,0,0,0,0,0,0.042105,0,0.006316
2021-06-12,2021-06-11,175,170,8590,7600,2021年6月11日24时起国内成品油价格按机制上调,https://www.ndrc.gov.cn/xwdt/ztzl/gncpyjg/202106/t20210611_1293050.html,172.5,8095,1,up,172.5,2021-06,69.738,10,3.076,4.614323,70.667,10,2.427,3.556565,68.771,10,3.614,5.546603,69.719,10,3.0205,4.528588,70.0982,10,2.7831,4.134436,1.1,8.8,50.9,53.5,52.9,4012,2071889.6,516.42,normal,1,0,0,0,134.610247,126.010969,126.010969,0,134.610247,126.010969,126.010969,0,46.489031,S1_full_pass_policy_band,126.010969,full pass-through after 40/80/130 policy bands,15878.764308,0,19372.092456,15878.764308,0,0,0,0.034387,0,0.03496,0.036611,0,0.022828
2021-06-29,2021-06-28,225,215,8815,7815,2021年6月28日24时起国内成品油价格按机制上调,https://www.ndrc.gov.cn/xwdt/ztzl/gncpyjg/202106/t20210628_1293051.html,220,8315,1,up,220,2021-06,72.892,10,3.154,4.522642,74.258,10,3.591,5.08158,72.515,10,3.744,5.444155,73.3865,10,3.6675,5.260402,73.7351,10,3.6369,5.188293,1.1,8.8,50.9,53.5,52.9,4012,2071889.6,516.42,normal,1,0,0,0,175.352738,175.352738,175.352738,0,175.352738,175.352738,175.352738,0,44.647262,S1_full_pass_policy_band,175.352738,full pass-through after 40/80/130 policy bands,30748.582724,0,37513.270923,2434.610168,0,0,0,0.066588,0,0.067698,0.005613,0,0.034414
2021-07-13,2021-07-12,70,65,8885,7880,2021年7月12日24时起国内成品油价格按机制上调,https://www.ndrc.gov.cn/xwdt/ztzl/gncpyjg/202107/t20210712_1293052.html,67.5,8382.5,1,up,67.5,2021-07,74.224,10,1.332,1.827361,76.197,10,1.939,2.611166,73.793,10,1.278,1.762394,74.9005,10,1.514,2.06305,75.3435,10,1.6084,2.181322,1,9,50.4,53.3,52.4,4117,2208676.2,536.48,normal,1,0,0,0,78.554724,78.554724,78.554724,0,78.554724,78.554724,78.554724,0,-11.054724,S1_full_pass_policy_band,78.554724,full pass-through after 40/80/130 policy bands,6170.844663,0,7405.013595,9369.855514,0,0,0,0.013363,0,0.013363,0.021604,0,0.009922
2021-07-27,2021-07-26,-100,-95,8785,7785,2021年7月26日24时起国内成品油价格按机制下调,https://www.ndrc.gov.cn/xwdt/ztzl/gncpyjg/202107/t20210726_1293053.html,-97.5,8285,1,down,97.5,2021-07,72.683,10,-1.541,-2.076148,74.001,10,-2.196,-2.882003,71.436,10,-2.357,-3.19407,72.7185,10,-2.182,-2.913198,73.2315,10,-2.112,-2.803162,1,9,50.4,53.3,52.4,4117,2208676.2,536.48,normal,1,0,0,0,-98.979084,-98.979084,-98.979084,0,-98.979084,-98.979084,-98.979084,0,1.479084,S1_full_pass_policy_band,-98.979084,full pass-through after 40/80/130 policy bands,0,0,0,31518.252983,0,0,0,0,0,0,0.07267,0,0.010901
2021-08-09,2021-08-09,0,0,8785,7785,2021年8月9日国内成品油价格不作调整,https://www.ndrc.gov.cn/xwdt/ztzl/gncpyjg/202108/t20210809_1293373.html,0,8285,0,no_adjust,0,2021-08,72.934,10,0.251,0.345335,74.007,10,0.006,0.008108,71.125,10,-0.311,-0.435355,72.566,10,-0.1525,-0.209713,73.1424,10,-0.0891,-0.121669,0.8,9.5,50.1,47.5,48.9,4453,2427251.9,545.08,normal,1,0,0,0,-2.448297,0,-2.448297,-2.448297,-2.448297,0,-2.448297,-2.448297,0,S1_full_pass_policy_band,0.0,full pass-through after 40/80/130 policy bands,0,0,0,9796.859069,0,0,0,0,0,0,0.022588,0,0.003388
2021-08-24,2021-08-23,-250,-245,8535,7540,2021年8月23日24时起国内成品油价格按机制下调,https://www.ndrc.gov.cn/xwdt/ztzl/gncpyjg/202108/t20210823_1294332.html,-247.5,8037.5,1,down,247.5,2021-08,69.411,10,-3.523,-4.830395,69.586,10,-4.421,-5.973759,66.691,10,-4.434,-6.234095,68.1385,10,-4.4275,-6.101342,68.7175,10,-4.4249,-6.049706,0.8,9.5,50.1,47.5,48.9,4453,2427251.9,545.08,normal,1,0,0,0,-209.348385,-211.796682,-211.796682,0,-209.348385,-211.796682,-211.796682,0,-35.703318,S1_full_pass_policy_band,-211.796682,full pass-through after 40/80/130 policy bands,0,0,0,44857.834506,0,0,0,0,0,0,0.103427,0,0.015514
2021-09-07,2021-09-06,140,140,8675,7680,2021年9月6日24时起国内成品油价格按机制上调,https://www.ndrc.gov.cn/xwdt/ztzl/gncpyjg/202109/t20210906_1296106.html,140,8177.5,1,up,140,2021-09,70.861,10,1.45,2.089006,71.266,10,1.68,2.414279,68.37,10,1.679,2.517581,69.4665,10,1.328,1.948972,70.1863,10,1.4688,2.137447,0.7,10.7,49.6,53.2,51.7,4104,2195876.9,535.06,normal,1,0,0,0,71.89315,71.89315,71.89315,0,71.89315,71.89315,71.89315,0,68.10685,S1_full_pass_policy_band,71.89315,full pass-through after 40/80/130 policy bands,5168.625017,0,5892.232519,80479.92078,0,0,0,0.011193,0,0.010633,0.185559,0,0.03329
2021-09-19,2021-09-18,90,85,8765,7765,2021年9月18日24时起国内成品油价格按机制上调,https://www.ndrc.gov.cn/xwdt/ztzl/gncpyjg/202109/t20210918_1297148.html,87.5,8265,1,up,87.5,2021-09,72.575,10,1.714,2.41882,73.071,10,1.805,2.532765,70.371,10,2.001,2.926722,71.753,10,2.2865,3.291515,72.3058,10,2.1195,3.01982,0.7,10.7,49.6,53.2,51.7,4104,2195876.9,535.06,normal,1,0,0,0,102.943911,102.943911,102.943911,0,102.943911,102.943911,102.943911,0,-15.443911,S1_full_pass_policy_band,102.943911,full pass-through after 40/80/130 policy bands,10597.448812,0,12081.091646,964.149759,0,0,0,0.022949,0,0.021802,0.002223,0,0.011521
2021-10-10,2021-10-09,345,330,9110,8095,2021年10月9日24时起国内成品油价格按机制上调,https://www.ndrc.gov.cn/xwdt/ztzl/gncpyjg/202110/t20211009_1298893.html,337.5,8602.5,1,up,337.5,2021-10,78.676,10,6.101,8.406476,80.228,10,7.157,9.794583,76.979,10,6.608,9.390232,78.6035,10,6.8505,9.547336,79.2533,10,6.9475,9.608496,1.5,13.5,49.2,52.4,50.8,3766,2098861.3,557.32,normal,1,0,0,0,333.331296,333.331296,333.331296,0,333.331296,333.331296,333.331296,0,4.168704,S1_full_pass_policy_band,333.331296,full pass-through after 40/80/130 policy bands,111109.752893,0,144442.678761,53078.347167,0,0,0,0.240616,0,0.260667,0.122381,0,0.143678
2021-10-23,2021-10-22,300,290,9410,8385,2021年10月22日24时起国内成品油价格按机制上调,https://www.ndrc.gov.cn/xwdt/ztzl/gncpyjg/202110/t20211022_1300685.html,295,8897.5,1,up,295,2021-10,82.845,10,4.169,5.298948,84.1,10,3.872,4.826245,81.828,10,4.849,6.299121,82.964,10,4.3605,5.547463,83.4184,10,4.1651,5.255428,1.5,13.5,49.2,52.4,50.8,3766,2098861.3,557.32,profit_deduction,0.931632,0,1,0,200.55792,200.55792,200.55792,0,186.846176,186.846176,186.846176,0,108.153824,S1_full_pass_policy_band,186.846176,full pass-through after 40/80/130 policy bands,34911.493486,0,45384.941532,21457.890381,0,0,0,0.075603,0,0.081903,0.049475,0,0.046798
2021-11-05,2021-11-05,0,0,9410,8385,2021年11月5日国内成品油价格不作调整,https://www.ndrc.gov.cn/xwdt/ztzl/gncpyjg/202111/t20211105_1303115.html,0,8897.5,0,no_adjust,0,2021-11,83.068,10,0.223,0.269177,83.619,10,-0.481,-0.571938,83.144,10,1.316,1.608251,83.3815,10,0.4175,0.50323,83.4765,10,0.0581,0.069649,2.3,12.9,50.1,52.3,52.2,4178,2496433.8,597.52,profit_deduction,0.93047,0,1,0,4.575942,0,4.575942,4.575942,4.257776,0,4.257776,4.257776,0,S1_full_pass_policy_band,0.0,full pass-through after 40/80/130 policy bands,0,0,0,34911.493486,0,0,0,0,0,0,0.080494,0,0.012074
2021-11-20,2021-11-19,-95,-90,9315,8295,2021年11月19日24时起国内成品油价格按机制下调,https://www.ndrc.gov.cn/xwdt/ztzl/gncpyjg/202111/t20211119_1304442.html,-92.5,8805,1,down,92.5,2021-11,81.607,10,-1.461,-1.7588,82.729,10,-0.89,-1.064351,80.975,10,-2.169,-2.608727,81.852,10,-1.5295,-1.83434,82.2028,10,-1.2737,-1.525819,2.3,12.9,50.1,52.3,52.2,4178,2496433.8,597.52,profit_deduction,0.955944,0,0,0,-58.976237,-54.400296,-54.400296,0,-58.976237,-54.718461,-54.718461,0,-37.781539,S1_full_pass_policy_band,-54.718461,full pass-through after 40/80/130 policy bands,0,0,0,2994.109974,0,0,0,0,0,0,0.006903,0,0.001036
2021-12-04,2021-12-03,-430,-415,8885,7880,2021年12月3日24时起国内成品油价格按机制下调,https://www.ndrc.gov.cn/xwdt/ztzl/gncpyjg/202112/t20211203_1306844.html,-422.5,8382.5,1,down,422.5,2021-12,76.472,10,-5.135,-6.292352,76.572,10,-6.157,-7.442372,73.479,10,-7.496,-9.257178,75.4605,10,-6.3915,-7.808606,76.2531,10,-5.9497,-7.237831,1.5,10.3,50.3,52.7,52.2,4614,2690828.6,583.19,normal,1,0,0,0,-282.110333,-282.110333,-282.110333,0,-282.110333,-282.110333,-282.110333,0,-140.389667,S1_full_pass_policy_band,-282.110333,full pass-through after 40/80/130 policy bands,0,0,0,51707.063452,0,0,0,0,0,0,0.119219,0,0.017883
2021-12-18,2021-12-17,-130,-125,8755,7755,2021年12月17日24时起国内成品油价格按机制下调,https://www.ndrc.gov.cn/xwdt/xwfb/202112/t20211217_1308356.html,-127.5,8255,1,down,127.5,2021-12,73.946,10,-2.526,-3.30317,74.049,10,-2.523,-3.294938,70.795,10,-2.684,-3.652744,72.422,10,-3.0385,-4.02661,73.0728,10,-3.1803,-4.170716,1.5,10.3,50.3,52.7,52.2,4614,2690828.6,583.19,normal,1,0,0,0,-149.957304,-149.957304,-149.957304,0,-149.957304,-149.957304,-149.957304,0,22.457304,S1_full_pass_policy_band,-149.957304,full pass-through after 40/80/130 policy bands,0,0,0,17464.423074,0,0,0,0,0,0,0.040267,0,0.00604
2022-01-01,2021-12-31,140,135,8895,7890,2021年12月31日24时起国内成品油价格按机制上调,https://www.ndrc.gov.cn/xwdt/xwfb/202112/t20211231_1311298.html,137.5,8392.5,1,up,137.5,2022-01,75.152,10,1.206,1.63092,74.811,10,0.762,1.029048,73.468,10,2.673,3.77569,73.544,10,1.122,1.549253,73.976,10,0.9032,1.236028,0.9,9.1,50.1,51.1,51,4880,2795758.1,572.9,normal,1,0,0,0,44.903278,0,44.903278,44.903278,44.903278,0,44.903278,44.903278,137.5,S1_full_pass_policy_band,0.0,full pass-through after 40/80/130 policy bands,0,0,0,22487.193023,0,0,0,0,0,0,0.051848,0,0.007777
2022-01-18,2022-01-17,345,330,9240,8220,2022年1月17日24时起国内成品油价格按机制上调,https://www.ndrc.gov.cn/xwdt/xwfb/202201/t20220117_1312120.html,337.5,8730,1,up,337.5,2022-01,81.683,10,6.531,8.690387,82.785,10,7.974,10.65886,79.687,10,6.219,8.46491,81.236,10,7.692,10.459045,81.8556,10,7.8796,10.651563,0.9,9.1,50.1,51.1,51,4880,2795758.1,572.9,profit_deduction,0.962888,0,1,0,377.810186,422.713464,422.713464,0,363.788894,408.692172,408.692172,0,-71.192172,S1_full_pass_policy_band,408.692172,full pass-through after 40/80/130 policy bands,167029.291454,0,197094.563916,167029.291454,0,0,0,0.361713,0,0.355685,0.385113,0,0.237116
2022-01-30,2022-01-29,310,300,9550,8520,2022年1月29日24时起国内成品油价格按机制上调,https://www.ndrc.gov.cn/xwdt/xwfb/202201/t20220129_1313943.html,305,9035,1,up,305,2022-01,88.254,10,6.571,8.044514,89.641,10,6.856,8.281694,86.223,10,6.536,8.202091,87.8995,10,6.6635,8.202644,88.5701,10,6.7145,8.20286,0.9,9.1,50.1,51.1,51,4880,2795758.1,572.9,profit_deduction,0.828598,0,1,0,322.212766,322.212766,322.212766,0,266.984854,266.984854,266.984854,0,38.015146,S1_full_pass_policy_band,266.984854,full pass-through after 40/80/130 policy bands,71280.912265,0,84111.476473,20080.963975,0,0,0,0.154364,0,0.151791,0.0463,0,0.083484
2022-02-18,2022-02-17,210,200,9760,8720,2022年2月17日24时起国内成品油价格按机制上调,https://www.ndrc.gov.cn/xwdt/xwfb/202202/t20220217_1315772.html,205,9240,1,up,205,2022-02,92.871,10,4.617,5.231491,96.955,10,7.314,8.159213,91.693,10,5.47,6.344015,94.324,10,6.4245,7.308915,95.3764,10,6.8063,7.684648,0.9,8.8,50.2,51.6,51.2,3634,2271578.6,625.09,profit_deduction,0.692472,0,1,0,326.593372,326.593372,326.593372,0,226.156765,226.156765,226.156765,0,-21.156765,S1_full_pass_policy_band,226.156765,full pass-through after 40/80/130 policy bands,51146.882355,0,60353.321179,1666.932851,0,0,0,0.110762,0,0.108916,0.003843,0,0.055496
2022-03-04,2022-03-03,260,255,10020,8975,2022年3月3日24时起国内成品油价格按机制上调,https://www.ndrc.gov.cn/xwdt/xwfb/202203/t20220303_1318078.html,257.5,9497.5,1,up,257.5,2022-03,98.592,10,5.721,6.160158,102.123,10,5.168,5.330308,95.61,10,3.917,4.271864,98.791,10,4.467,4.735804,100.0634,10,4.687,4.914214,1.5,8.3,49.5,48.4,48.8,4271,3021685.3,707.49,profit_deduction,0.598732,0,1,0,225.462472,225.462472,225.462472,0,134.991597,134.991597,134.991597,0,122.508403,S1_full_pass_policy_band,134.991597,full pass-through after 40/80/130 policy bands,18222.731261,0,23689.550639,8311.087856,0,0,0,0.039463,0,0.042751,0.019163,0,0.023428
2022-03-18,2022-03-17,750,720,10770,9695,2022年3月17日24时起国内成品油价格按机制上调,https://www.ndrc.gov.cn/xwdt/xwfb/202203/t20220317_1319438.html,735,10232.5,1,up,735,2022-03,115.932,10,17.34,17.587634,117.079,10,14.956,14.645085,108.49,10,12.88,13.471394,112.7845,10,13.9935,14.164752,114.5023,10,14.4389,14.429752,1.5,8.3,49.5,48.4,48.8,4271,3021685.3,707.49,profit_deduction,0.309954,0,1,0,690.813495,690.813495,690.813495,0,214.120406,214.120406,214.120406,0,520.879594,S1_full_pass_policy_band,214.120406,full pass-through after 40/80/130 policy bands,45847.548266,0,59601.812745,6261.368414,0,0,0,0.099286,0,0.10756,0.014437,0,0.053877
2022-04-01,2022-03-31,110,110,10880,9805,2022年3月31日24时起国内成品油价格按机制上调,https://www.ndrc.gov.cn/xwdt/xwfb/202203/t20220331_1321429.html,110,10342.5,1,up,110,2022-04,112.719,10,-3.213,-2.771452,118.869,10,1.79,1.528882,109.573,10,1.083,0.998249,114.221,10,1.4365,1.273668,116.0802,10,1.5779,1.378051,2.1,8,47.4,41.9,42.7,4303,3422562.7,795.39,profit_deduction,0.278396,0,1,0,77.099294,77.099294,77.099294,0,21.464135,0,21.464135,21.464135,110,S1_full_pass_policy_band,0.0,full pass-through after 40/80/130 policy bands,0,0,0,45847.548266,0,0,0,0,0,0,0.105709,0,0.015856
2022-04-16,2022-04-15,-545,-530,10335,9275,2022年4月15日24时起国内成品油价格按机制下调,https://www.ndrc.gov.cn/xwdt/xwfb/202204/t20220415_1322196.html,-537.5,9805,1,down,537.5,2022-04,104.374,10,-8.345,-7.403366,104.444,10,-14.425,-12.135208,100.122,10,-9.451,-8.6253,102.283,10,-11.938,-10.451668,103.1474,10,-12.9328,-11.141263,2.1,8,47.4,41.9,42.7,4303,3422562.7,795.39,profit_deduction,0.537052,0,0,0,-615.336958,-615.336958,-615.336958,0,-615.336958,-593.872823,-593.872823,0,56.372823,S1_full_pass_policy_band,-593.872823,full pass-through after 40/80/130 policy bands,0,0,0,352684.929898,0,0,0,0,0,0,0.813171,0,0.121976
2022-04-29,2022-04-28,205,200,10540,9475,2022年4月28日24时起国内成品油价格按机制上调,https://www.ndrc.gov.cn/xwdt/xwfb/202204/t20220428_1323651.html,202.5,10007.5,1,up,202.5,2022-04,107.029,10,2.655,2.543737,105.209,10,0.765,0.73245,103.537,10,3.415,3.410839,103.987,10,1.704,1.665966,104.4758,10,1.3284,1.287866,2.1,8,47.4,41.9,42.7,4303,3422562.7,795.39,profit_deduction,0.510484,0,1,0,65.193401,65.193401,65.193401,0,33.280188,0,33.280188,33.280188,202.5,S1_full_pass_policy_band,0.0,full pass-through after 40/80/130 policy bands,0,0,0,352684.929898,0,0,0,0,0,0,0.813171,0,0.121976
2022-05-17,2022-05-16,285,270,10825,9745,2022年5月16日24时起国内成品油价格按机制上调,https://www.ndrc.gov.cn/xwdt/xwfb/202205/t20220516_1324609.html,277.5,10285,1,up,277.5,2022-05,110.858,10,3.829,3.577535,108.696,10,3.487,3.314355,105.843,10,2.306,2.227223,107.24,10,3.253,3.128276,107.8224,10,3.3466,3.20323,2.1,6.4,49.6,47.8,48.4,4583,3522859,768.68,profit_deduction,0.443552,0,1,0,161.499909,161.499909,161.499909,0,71.633608,104.913796,104.913796,0,172.586204,S1_full_pass_policy_band,104.913796,full pass-through after 40/80/130 policy bands,11006.904591,0,15629.804519,11006.904591,0,0,0,0.023836,0,0.028206,0.025378,0,0.016817
2022-05-31,2022-05-30,400,390,11225,10135,2022年5月30日24时起国内成品油价格按机制上调,https://www.ndrc.gov.cn/xwdt/xwfb/202205/t20220530_1326109.html,395,10680,1,up,395,2022-05,115.363,10,4.505,4.063757,115.295,10,6.599,6.071061,112.779,10,6.936,6.553102,114.037,10,6.797,6.33812,114.5402,10,6.7178,6.230431,2.1,6.4,49.6,47.8,48.4,4583,3522859,768.68,profit_deduction,0.309196,0,1,0,322.370239,322.370239,322.370239,0,99.675588,99.675588,99.675588,0,295.324412,S1_full_pass_policy_band,99.675588,full pass-through after 40/80/130 policy bands,9935.222843,0,14108.016437,27.438823,0,0,0,0.021515,0,0.02546,0.000063,0,0.011753
2022-06-15,2022-06-14,390,375,11615,10510,2022年6月14日24时起国内成品油价格按机制上调,https://www.ndrc.gov.cn/xwdt/xwfb/202206/t20220614_1327247.html,382.5,11062.5,1,up,382.5,2022-06,120.039,10,4.676,4.053293,126.185,10,10.89,9.445336,118.856,10,6.077,5.388415,122.3335,10,8.2965,7.27527,123.8013,10,9.2611,8.085458,2.5,6.1,50.2,54.7,54.1,3582,2859140.2,798.2,profit_deduction,0.123974,0,1,0,443.734,443.734,443.734,0,55.011479,55.011479,55.011479,0,327.488521,S1_full_pass_policy_band,55.011479,full pass-through after 40/80/130 policy bands,3026.262822,0,4539.394233,1994.882633,0,0,0,0.006554,0,0.008192,0.0046,0,0.004376
2022-06-29,2022-06-28,-320,-310,11295,10200,2022年6月28日24时起国内成品油价格按机制下调,https://www.ndrc.gov.cn/xwdt/xwfb/202206/t20220628_1328991.html,-315,10747.5,1,down,315,2022-06,116.169,10,-3.87,-3.223952,120.083,10,-6.102,-4.835757,112.525,10,-6.331,-5.326614,116.8135,10,-5.52,-4.512255,118.5289,10,-5.2724,-4.25876,2.5,6.1,50.2,54.7,54.1,3582,2859140.2,798.2,profit_deduction,0.229422,0,0,0,-249.790247,-249.790247,-249.790247,0,-249.790247,-249.790247,-249.790247,0,-65.209753,S1_full_pass_policy_band,-249.790247,full pass-through after 40/80/130 policy bands,0,0,0,92904.092173,0,0,0,0,0,0,0.214205,0,0.032131
2022-07-13,2022-07-12,-360,-345,10935,9855,2022年7月12日24时起国内成品油价格按机制下调,https://www.ndrc.gov.cn/xwdt/xwfb/202207/t20220712_1330413.html,-352.5,10395,1,down,352.5,2022-07,112.316,10,-3.853,-3.31672,116.503,10,-3.58,-2.981271,107.416,10,-5.109,-4.540324,111.854,10,-4.9595,-4.245657,113.6292,10,-4.8997,-4.13376,2.7,4.2,49,53.8,52.5,3733,3017713.3,808.39,profit_deduction,0.327416,0,0,0,-232.005371,-232.005371,-232.005371,0,-232.005371,-232.005371,-232.005371,0,-120.494629,S1_full_pass_policy_band,-232.005371,full pass-through after 40/80/130 policy bands,0,0,0,316.301814,0,0,0,0,0,0,0.000729,0,0.000109
2022-07-27,2022-07-26,-300,-290,10635,9565,2022年7月26日24时起国内成品油价格按机制下调,https://www.ndrc.gov.cn/xwdt/xwfb/202207/t20220726_1331402.html,-295,10100,1,down,295,2022-07,106.816,10,-5.5,-4.896898,111.005,10,-5.498,-4.719192,100.454,10,-6.962,-6.481344,105.7295,10,-6.1245,-5.475441,107.8397,10,-5.7895,-5.095081,2.7,4.2,49,53.8,52.5,3733,3017713.3,808.39,profit_deduction,0.443206,0,0,0,-274.465747,-274.465747,-274.465747,0,-274.465747,-274.465747,-274.465747,0,-20.534253,S1_full_pass_policy_band,-274.465747,full pass-through after 40/80/130 policy bands,0,0,0,1802.88353,0,0,0,0,0,0,0.004157,0,0.000624
2022-08-10,2022-08-09,-130,-125,10505,9440,2022年8月9日24时起国内成品油价格按机制下调,https://www.ndrc.gov.cn/xwdt/xwfb/202208/t20220809_1332823.html,-127.5,9972.5,1,down,127.5,2022-08,105.68,10,-1.136,-1.063511,105.433,10,-5.572,-5.019594,96.175,10,-4.279,-4.259661,100.804,10,-4.9255,-4.658586,102.6556,10,-5.1841,-4.807228,2.5,2.3,49.4,52.6,51.7,4035,3050600.4,756.03,profit_deduction,0.546888,0,0,0,-245.576658,-245.576658,-245.576658,0,-245.576658,-245.576658,-245.576658,0,118.076658,S1_full_pass_policy_band,-245.576658,full pass-through after 40/80/130 policy bands,0,0,0,834.579463,0,0,0,0,0,0,0.001924,0,0.000289
2022-08-24,2022-08-23,-205,-200,10300,9240,2022年8月23日24时起国内成品油价格按机制下调,https://www.ndrc.gov.cn/xwdt/xwfb/202208/t20220823_1333590.html,-202.5,9770,1,down,202.5,2022-08,99.905,10,-5.775,-5.46461,99.845,10,-5.588,-5.300048,93.223,10,-2.952,-3.069405,96.534,10,-4.27,-4.235943,97.8584,10,-4.7972,-4.673101,2.5,2.3,49.4,52.6,51.7,4035,3050600.4,756.03,profit_deduction,0.642832,0,0,0,-227.114173,-227.114173,-227.114173,0,-227.114173,-227.114173,-227.114173,0,24.614173,S1_full_pass_policy_band,-227.114173,full pass-through after 40/80/130 policy bands,0,0,0,340.863352,0,0,0,0,0,0,0.000786,0,0.000118
2022-09-07,2022-09-06,190,185,10490,9425,2022年9月6日24时起国内成品油价格按机制上调,https://www.ndrc.gov.cn/xwdt/xwfb/202209/t20220906_1335202.html,187.5,9957.5,1,up,187.5,2022-09,102.388,10,2.483,2.485361,96.98,10,-2.865,-2.869448,92.631,10,-0.592,-0.635036,94.7245,10,-1.8095,-1.874469,95.7159,10,-2.1425,-2.189388,2.8,0.9,50.1,50.6,50.9,4024,2884192.5,716.75,profit_deduction,0.685682,0,0,0,-100.434514,-100.434514,-100.434514,0,-100.434514,-100.434514,-100.434514,0,287.934514,S1_full_pass_policy_band,-100.434514,full pass-through after 40/80/130 policy bands,0,0,0,16047.736004,0,0,0,0,0,0,0.037001,0,0.00555
2022-09-22,2022-09-21,-290,-280,10200,9145,2022年9月21日24时起国内成品油价格按机制下调,https://www.ndrc.gov.cn/xwdt/xwfb/202209/t20220921_1335893.html,-285,9672.5,1,down,285,2022-09,96.179,10,-6.209,-6.064187,90.458,10,-6.522,-6.725098,86.084,10,-6.547,-7.067828,88.331,10,-6.3935,-6.749574,89.1818,10,-6.5341,-6.826557,2.8,0.9,50.1,50.6,50.9,4024,2884192.5,716.75,profit_deduction,0.816364,0,0,0,-309.997323,-309.997323,-309.997323,0,-309.997323,-309.997323,-309.997323,0,24.997323,S1_full_pass_policy_band,-309.997323,full pass-through after 40/80/130 policy bands,0,0,0,43916.570916,0,0,0,0,0,0,0.101257,0,0.015188
2022-10-10,2022-10-10,0,0,10200,9145,2022年10月10日国内成品油价格不作调整,https://www.ndrc.gov.cn/xwdt/xwfb/202210/t20221010_1338431.html,0,9672.5,0,no_adjust,0,2022-10,92.482,10,-3.697,-3.843874,90.968,10,0.51,0.563798,84.149,10,-1.935,-2.247804,87.5585,10,-0.7725,-0.874551,88.9223,10,-0.2595,-0.290979,2.1,-1.3,49.2,48.7,49,4314,2984358.1,691.78,profit_deduction,0.821554,0,0,0,-10.579616,0,-10.579616,-10.579616,-10.579616,0,-10.579616,-10.579616,0,S1_full_pass_policy_band,0.0,full pass-through after 40/80/130 policy bands,0,0,0,96098.340267,0,0,0,0,0,0,0.22157,0,0.033236
2022-10-25,2022-10-24,185,175,10385,9320,2022年10月24日24时起国内成品油价格按机制上调,https://www.ndrc.gov.cn/xwdt/xwfb/202210/t20221024_1338989.html,180,9852.5,1,up,180,2022-10,93.495,10,1.013,1.095348,92.83,10,1.862,2.046874,87.165,10,3.016,3.584119,89.9975,10,2.439,2.785566,91.1305,10,2.2082,2.483292,2.1,-1.3,49.2,48.7,49,4314,2984358.1,691.78,profit_deduction,0.77739,0,1,0,107.176587,96.596971,96.596971,0,83.318007,72.738391,72.738391,0,107.261609,S1_full_pass_policy_band,72.738391,full pass-through after 40/80/130 policy bands,5290.873525,0,7513.040406,5290.873525,0,0,0,0.011458,0,0.013558,0.012199,0,0.008084
2022-11-08,2022-11-07,155,150,10540,9470,2022年11月7日24时起国内成品油价格按机制上调,https://www.ndrc.gov.cn/xwdt/xwfb/202211/t20221107_1340921.html,152.5,10005,1,up,152.5,2022-11,93.968,10,0.473,0.505909,94.438,10,1.608,1.732199,88.503,10,1.338,1.53502,91.4705,10,1.473,1.636712,92.6575,10,1.527,1.675619,1.6,-1.3,48,46.7,47.1,4674,3158599.9,675.78,profit_deduction,0.74685,0,1,0,74.670397,74.670397,74.670397,0,55.767586,55.767586,55.767586,0,96.732414,S1_full_pass_policy_band,55.767586,full pass-through after 40/80/130 policy bands,3110.023648,0,4105.231216,288.008222,0,0,0,0.006735,0,0.007408,0.000664,0,0.003635
2022-11-22,2022-11-21,-175,-165,10365,9305,2022年11月21日24时起国内成品油价格按机制下调,https://www.ndrc.gov.cn/xwdt/xwfb/202211/t20221121_1341667.html,-170,9835,1,down,170,2022-11,92.801,10,-1.167,-1.241912,94.082,10,-0.356,-0.376967,86.215,10,-2.288,-2.585223,90.1485,10,-1.322,-1.445275,91.7219,10,-0.9356,-1.00974,1.6,-1.3,48,46.7,47.1,4674,3158599.9,675.78,profit_deduction,0.765562,0,0,0,-42.84244,0,-42.84244,-42.84244,-42.84244,0,-42.84244,-42.84244,-170,S1_full_pass_policy_band,0.0,full pass-through after 40/80/130 policy bands,0,0,0,3110.023648,0,0,0,0,0,0,0.007171,0,0.001076
2022-12-06,2022-12-05,-440,-425,9925,8880,2022年12月5日24时起国内成品油价格按机制下调,https://www.ndrc.gov.cn/xwdt/xwfb/202212/t20221205_1343287.html,-432.5,9402.5,1,down,432.5,2022-12,83.55,10,-9.251,-9.968643,85.713,10,-8.369,-8.895432,79.148,10,-7.067,-8.196949,82.5975,10,-7.551,-8.376179,83.9773,10,-7.7446,-8.443567,1.8,-0.7,47,41.6,42.6,4807,3073177.7,639.31,profit_deduction,0.920454,0,0,0,-367.761186,-410.603625,-410.603625,0,-367.761186,-410.603625,-410.603625,0,-21.896375,S1_full_pass_policy_band,-410.603625,full pass-through after 40/80/130 policy bands,0,0,0,168595.336863,0,0,0,0,0,0,0.388723,0,0.058309
2022-12-20,2022-12-19,-480,-460,9445,8420,2022年12月19日24时起国内成品油价格按机制下调,https://www.ndrc.gov.cn/xwdt/xwfb/202212/t20221219_1343672.html,-470,8932.5,1,down,470,2022-12,78.2,10,-5.35,-6.403351,79.679,10,-6.034,-7.039772,74.094,10,-5.054,-6.385506,76.8865,10,-5.711,-6.914253,78.0035,10,-5.9738,-7.113589,1.8,-0.7,47,41.6,42.6,4807,3073177.7,639.31,normal,1,0,0,0,-283.260361,-283.260361,-283.260361,0,-283.260361,-283.260361,-283.260361,0,-186.739639,S1_full_pass_policy_band,-283.260361,full pass-through after 40/80/130 policy bands,0,0,0,16216.306886,0,0,0,0,0,0,0.037389,0,0.005608
2023-01-04,2023-01-03,250,240,9695,8660,2023年1月3日24时起国内成品油价格按机制上调,https://www.ndrc.gov.cn/xwdt/xwfb/202301/t20230103_1345637.html,245,9177.5,1,up,245,2023-01,80.192,10,1.992,2.547315,81.141,10,1.462,1.834862,77.751,10,3.657,4.935622,79.268,10,2.3815,3.097423,80.0172,10,2.0137,2.581551,2.1,-0.8,50.1,54.4,52.9,4333,2571954.1,593.57,profit_deduction,0.999656,0,1,0,97.895239,97.895239,97.895239,0,97.861563,97.861563,97.861563,0,147.138437,S1_full_pass_policy_band,97.861563,full pass-through after 40/80/130 policy bands,9576.885513,0,13599.177428,145253.920953,0,0,0,0.020739,0,0.024542,0.334906,0,0.061556
2023-01-18,2023-01-17,-205,-195,9490,8465,2023年1月17日24时起国内成品油价格按机制下调,https://www.ndrc.gov.cn/xwdt/xwfb/202301/t20230117_1346762.html,-200,8977.5,1,down,200,2023-01,78.849,10,-1.343,-1.674731,79.449,10,-1.692,-2.085259,76.271,10,-1.48,-1.903512,77.8685,10,-1.3995,-1.76553,78.5075,10,-1.5097,-1.886719,2.1,-0.8,50.1,54.4,52.9,4333,2571954.1,593.57,normal,1,0,0,0,-70.237924,-70.237924,-70.237924,0,-70.237924,-70.237924,-70.237924,0,-129.762076,S1_full_pass_policy_band,-70.237924,full pass-through after 40/80/130 policy bands,0,0,0,28257.43753,0,0,0,0,0,0,0.065152,0,0.009773
2023-02-04,2023-02-03,210,200,9700,8665,2023年2月3日24时起国内成品油价格按机制上调,https://www.ndrc.gov.cn/xwdt/xwfb/202302/t20230203_1348327.html,205,9182.5,1,up,205,2023-02,83.836,10,4.987,6.324747,84.698,10,5.249,6.606754,79.203,10,2.932,3.844187,81.9505,10,4.082,5.242171,83.0495,10,4.542,5.785435,1,-1.4,52.6,56.3,56.4,4074,2379809.1,584.15,profit_deduction,0.93901,0,1,0,218.543215,218.543215,218.543215,0,205.214264,205.214264,205.214264,0,-0.214264,S1_full_pass_policy_band,205.214264,full pass-through after 40/80/130 policy bands,42112.894149,0,50535.472979,75873.907874,0,0,0,0.091198,0,0.091198,0.174939,0,0.07184
2023-02-17,2023-02-17,0,0,9700,8665,2023年2月17日国内成品油价格不作调整,https://www.ndrc.gov.cn/xwdt/xwfb/202302/t20230217_1348864.html,0,9182.5,0,no_adjust,0,2023-02,82.191,10,-1.645,-1.962164,83.423,10,-1.275,-1.505348,77.717,10,-1.486,-1.876192,80.57,10,-1.3805,-1.684553,81.7112,10,-1.3383,-1.611449,1,-1.4,52.6,56.3,56.4,4074,2379809.1,584.15,profit_deduction,0.965776,0,0,0,-62.058885,-62.058885,-62.058885,0,-62.058885,-62.058885,-62.058885,0,62.058885,S1_full_pass_policy_band,-62.058885,full pass-through after 40/80/130 policy bands,0,0,0,71434.936176,0,0,0,0,0,0,0.164705,0,0.024706
2023-03-03,2023-03-03,0,0,9700,8665,2023年3月3日国内成品油价格不作调整,https://www.ndrc.gov.cn/xwdt/xwfb/202303/t20230303_1350622.html,0,9182.5,0,no_adjust,0,2023-03,81.814,10,-0.377,-0.458688,82.312,10,-1.111,-1.331767,76.451,10,-1.266,-1.628987,79.434,10,-1.136,-1.409954,80.6272,10,-1.084,-1.326624,0.7,-2.5,51.9,58.2,57,5231,3042961.1,581.72,profit_deduction,0.987456,0,0,0,-49.923941,0,-49.923941,-49.923941,-49.923941,0,-49.923941,-49.923941,0,S1_full_pass_policy_band,0.0,full pass-through after 40/80/130 policy bands,0,0,0,3851.305207,0,0,0,0,0,0,0.00888,0,0.001332
2023-03-18,2023-03-17,-100,-95,9600,8570,2023年3月17日24时起国内成品油价格按机制下调,https://www.ndrc.gov.cn/xwdt/xwfb/202303/t20230317_1351325.html,-97.5,9085,1,down,97.5,2023-03,80.844,10,-0.97,-1.185616,80.389,10,-1.923,-2.336233,74.756,10,-1.695,-2.217106,77.5725,10,-1.8615,-2.343455,78.6991,10,-1.9281,-2.391377,0.7,-2.5,51.9,58.2,57,5231,3042961.1,581.72,normal,1,0,0,0,-90.203558,-140.127499,-140.127499,0,-90.203558,-140.127499,-140.127499,0,42.627499,S1_full_pass_policy_band,-140.127499,full pass-through after 40/80/130 policy bands,0,0,0,19635.715976,0,0,0,0,0,0,0.045273,0,0.006791
2023-04-01,2023-03-31,-335,-320,9265,8250,2023年3月31日24时起国内成品油价格按机制下调,https://www.ndrc.gov.cn/xwdt/xwfb/202303/t20230331_1353081.html,-327.5,8757.5,1,down,327.5,2023-04,75.196,10,-5.648,-6.986295,75.308,10,-5.081,-6.320516,70.653,10,-4.103,-5.488523,72.9805,10,-4.592,-5.919624,73.9115,10,-4.7876,-6.083424,0.1,-3.6,49.2,56.4,54.4,4241,2446502.9,576.87,normal,1,0,0,0,-226.65607,-226.65607,-226.65607,0,-226.65607,-226.65607,-226.65607,0,-100.84393,S1_full_pass_policy_band,-226.65607,full pass-through after 40/80/130 policy bands,0,0,0,7487.193599,0,0,0,0,0,0,0.017263,0,0.002589
2023-04-18,2023-04-17,550,525,9815,8775,2023年4月17日24时起国内成品油价格按机制上调,https://www.ndrc.gov.cn/xwdt/xwfb/202304/t20230417_1353648.html,537.5,9295,1,up,537.5,2023-04,85.127,10,9.931,13.20682,85.105,10,9.797,13.009242,80.75,10,10.097,14.290971,82.654,10,9.6735,13.254911,83.6344,10,9.7229,13.154786,0.1,-3.6,49.2,56.4,54.4,4241,2446502.9,576.87,profit_deduction,0.927312,0,1,0,465.770639,465.770639,465.770639,0,431.914703,431.914703,431.914703,0,105.585297,S1_full_pass_policy_band,431.914703,full pass-through after 40/80/130 policy bands,186550.310668,0,190281.316881,433715.46305,0,0,0,0.403987,0,0.343389,1,0,0.336844
2023-04-29,2023-04-28,-160,-155,9655,8620,2023年4月28日24时起国内成品油价格按机制下调,https://www.ndrc.gov.cn/xwdt/xwfb/202304/t20230428_1355157.html,-157.5,9137.5,1,down,157.5,2023-04,83.22,10,-1.907,-2.240182,83.607,10,-1.498,-1.760179,78.346,10,-2.404,-2.97709,80.9765,10,-1.6775,-2.029545,82.0287,10,-1.6057,-1.919904,0.1,-3.6,49.2,56.4,54.4,4241,2446502.9,576.87,profit_deduction,0.959426,0,0,0,-74.818949,-74.818949,-74.818949,0,-74.818949,-74.818949,-74.818949,0,-82.681051,S1_full_pass_policy_band,-74.818949,full pass-through after 40/80/130 policy bands,0,0,0,256778.994069,0,0,0,0,0,0,0.592045,0,0.088807
2023-05-17,2023-05-16,-380,-365,9275,8255,2023年5月16日24时起国内成品油价格按机制下调,https://www.ndrc.gov.cn/xwdt/xwfb/202305/t20230516_1355789.html,-372.5,8765,1,down,372.5,2023-05,75.511,10,-7.709,-9.263398,75.957,10,-7.65,-9.149952,71.141,10,-7.205,-9.196385,73.7315,10,-7.245,-8.94704,74.6217,10,-7.407,-9.029766,0.2,-4.6,48.8,54.5,52.9,5144,3030257.4,589.09,normal,1,0,0,0,-351.651247,-351.651247,-351.651247,0,-351.651247,-351.651247,-351.651247,0,-20.848753,S1_full_pass_policy_band,-351.651247,full pass-through after 40/80/130 policy bands,0,0,0,76636.121216,0,0,0,0,0,0,0.176697,0,0.026505
2023-05-31,2023-05-30,100,95,9375,8350,2023年5月30日24时起国内成品油价格按机制上调,https://www.ndrc.gov.cn/xwdt/xwfb/202305/t20230530_1356745.html,97.5,8862.5,1,up,97.5,2023-05,76.035,10,0.524,0.693939,76.117,10,0.16,0.210645,72.117,10,0.976,1.371923,74.117,10,0.3855,0.522843,74.917,10,0.2953,0.395729,0.2,-4.6,48.8,54.5,52.9,5144,3030257.4,589.09,normal,1,0,0,0,15.894891,0,15.894891,15.894891,15.894891,0,15.894891,15.894891,97.5,S1_full_pass_policy_band,0.0,full pass-through after 40/80/130 policy bands,0,0,0,123658.599517,0,0,0,0,0,0,0.285115,0,0.042767
2023-06-14,2023-06-13,-55,-50,9320,8300,2023年6月13日24时起国内成品油价格按机制下调,https://www.ndrc.gov.cn/xwdt/xwfb/202306/t20230613_1357539.html,-52.5,8810,1,down,52.5,2023-06,74.832,10,-1.203,-1.582166,74.764,10,-1.353,-1.777527,70.43,10,-1.687,-2.339254,72.597,10,-1.52,-2.050812,73.4638,10,-1.4532,-1.939747,0,-5.4,49,53.2,52.3,5206,2818571.4,541.41,normal,1,0,0,0,-67.5418,-51.646909,-51.646909,0,-67.5418,-51.646909,-51.646909,0,-0.853091,S1_full_pass_policy_band,-51.646909,full pass-through after 40/80/130 policy bands,0,0,0,2667.403209,0,0,0,0,0,0,0.00615,0,0.000923
2023-06-29,2023-06-28,70,70,9390,8370,2023年6月28日24时起国内成品油价格按机制上调,https://www.ndrc.gov.cn/xwdt/xwfb/202306/t20230628_1357927.html,70,8880,1,up,70,2023-06,75.624,10,0.792,1.058371,74.793,10,0.029,0.038789,69.842,10,-0.588,-0.834872,72.225,10,-0.372,-0.512418,73.1782,10,-0.2856,-0.388763,0,-5.4,49,53.2,52.3,5206,2818571.4,541.41,normal,1,0,0,0,-11.825083,0,-11.825083,-11.825083,-11.825083,0,-11.825083,-11.825083,70,S1_full_pass_policy_band,0.0,full pass-through after 40/80/130 policy bands,0,0,0,2667.403209,0,0,0,0,0,0,0.00615,0,0.000923
2023-07-13,2023-07-12,155,150,9545,8520,2023年7月12日24时起国内成品油价格按机制上调,https://www.ndrc.gov.cn/xwdt/xwfb/202307/t20230712_1358334.html,152.5,9032.5,1,up,152.5,2023-07,76.853,10,1.229,1.625145,76.236,10,1.443,1.929325,71.281,10,1.439,2.060365,73.541,10,1.316,1.822084,74.445,10,1.2668,1.731117,-0.3,-4.4,49.3,51.5,51.1,4369,2390446.7,547.14,normal,1,0,0,0,62.25391,50.428828,50.428828,0,62.25391,50.428828,50.428828,0,102.071172,S1_full_pass_policy_band,50.428828,full pass-through after 40/80/130 policy bands,2543.066693,0,2543.066693,2543.066693,0,0,0,0.005507,0,0.004589,0.005863,0,0.003404
2023-07-27,2023-07-26,275,260,9820,8780,2023年7月26日24时起国内成品油价格按机制上调,https://www.ndrc.gov.cn/xwdt/xwfb/202307/t20230726_1358699.html,267.5,9300,1,up,267.5,2023-07,81.717,10,4.864,6.328966,80.495,10,4.259,5.5866,76.468,10,5.187,7.276834,78.4815,10,4.9405,6.718021,79.2869,10,4.8419,6.503996,-0.3,-4.4,49.3,51.5,51.1,4369,2390446.7,547.14,normal,1,0,0,0,232.854146,232.854146,232.854146,0,232.854146,232.854146,232.854146,0,34.645854,S1_full_pass_policy_band,232.854146,full pass-through after 40/80/130 policy bands,54221.053309,0,54221.053309,33278.996647,0,0,0,0.117419,0,0.097849,0.07673,0,0.065327
2023-08-10,2023-08-09,240,230,10060,9010,2023年8月9日24时起国内成品油价格按机制上调,https://www.ndrc.gov.cn/xwdt/xwfb/202308/t20230809_1359258.html,235,9535,1,up,235,2023-08,86.418,10,4.701,5.752781,85.436,10,4.941,6.138269,81.17,10,4.702,6.148977,83.303,10,4.8215,6.143486,84.1562,10,4.8693,6.141368,0.1,-3,49.7,51,51.3,5280,3064332.6,580.37,profit_deduction,0.916876,0,1,0,234.161647,234.161647,234.161647,0,214.697194,214.697194,214.697194,0,20.302806,S1_full_pass_policy_band,214.697194,full pass-through after 40/80/130 policy bands,46094.885111,0,47016.782814,329.674906,0,0,0,0.099822,0,0.084848,0.00076,0,0.046281
2023-08-24,2023-08-23,55,55,10115,9065,2023年8月23日24时起国内成品油价格按机制上调,https://www.ndrc.gov.cn/xwdt/xwfb/202308/t20230823_1360025.html,55,9590,1,up,55,2023-08,87.708,10,1.29,1.492745,86.415,10,0.979,1.145887,81.593,10,0.423,0.521128,84.004,10,0.701,0.841506,84.9684,10,0.8122,0.96511,0.1,-3,49.7,51,51.3,5280,3064332.6,580.37,profit_deduction,0.900632,0,1,0,40.560848,0,40.560848,40.560848,36.530397,0,36.530397,36.530397,55,S1_full_pass_policy_band,0.0,full pass-through after 40/80/130 policy bands,0,0,0,46094.885111,0,0,0,0,0,0,0.106279,0,0.015942
2023-09-06,2023-09-06,0,0,10115,9065,2023年9月6日国内成品油价格不作调整,https://www.ndrc.gov.cn/xwdt/xwfb/202309/t20230906_1360397.html,0,9590,0,no_adjust,0,2023-09,88.12,10,0.412,0.469741,87.006,10,0.591,0.683909,81.839,10,0.246,0.301496,84.1765,10,0.1725,0.205347,85.1091,10,0.1407,0.165591,0,-2.5,50.2,51.7,52,4574,2883165.4,630.34,profit_deduction,0.897818,0,1,0,8.517532,0,49.07838,49.07838,7.647193,0,44.177591,44.177591,0,S1_full_pass_policy_band,0.0,full pass-through after 40/80/130 policy bands,0,0,0,0,0,0,0,0,0,0,0,0,0
2023-09-21,2023-09-20,385,370,10500,9435,2023年9月20日24时起国内成品油价格按机制调整,https://www.ndrc.gov.cn/xwdt/xwfb/202309/t20230920_1360717.html,377.5,9967.5,1,up,377.5,2023-09,94.692,10,6.572,7.458012,93.62,10,6.614,7.601775,89.028,10,7.189,8.78432,91.324,10,7.1475,8.491087,92.2424,10,7.1333,8.38136,0,-2.5,50.2,51.7,52,4574,2883165.4,630.34,profit_deduction,0.755152,0,1,0,342.197488,391.275868,391.275868,0,258.411118,302.588708,302.588708,0,74.911292,S1_full_pass_policy_band,302.588708,full pass-through after 40/80/130 policy bands,91559.926209,0,91559.926209,91559.926209,0,0,0,0.198279,0,0.165233,0.211106,0,0.122544
2023-10-11,2023-10-10,-85,-80,10415,9355,2023年10月10日24时起国内成品油价格按机制调整,https://www.ndrc.gov.cn/xwdt/xwfb/202310/t20231010_1361121.html,-82.5,9885,1,down,82.5,2023-10,93.225,10,-1.467,-1.549233,92.707,10,-0.913,-0.975219,88.472,10,-0.556,-0.624523,90.7215,10,-0.6025,-0.659739,91.6213,10,-0.6211,-0.673335,-0.2,-2.6,49.5,50.6,50.7,4897,3235356,660.68,profit_deduction,0.767574,0,0,0,-27.834811,0,-27.834811,-27.834811,-27.834811,0,-27.834811,-27.834811,-82.5,S1_full_pass_policy_band,0.0,full pass-through after 40/80/130 policy bands,0,0,0,91559.926209,0,0,0,0,0,0,0.211106,0,0.031666
2023-10-25,2023-10-24,-70,-70,10345,9285,2023年10月24日24时起国内成品油价格按机制调整,https://www.ndrc.gov.cn/xwdt/xwfb/202310/t20231024_1361478.html,-70,9815,1,down,70,2023-10,92.572,10,-0.653,-0.700456,91.523,10,-1.184,-1.277142,86.575,10,-1.897,-2.144181,89.049,10,-1.6725,-1.843554,90.0386,10,-1.5827,-1.727437,-0.2,-2.6,49.5,50.6,50.7,4897,3235356,660.68,profit_deduction,0.799228,0,0,0,-73.721412,-101.556222,-101.556222,0,-73.721412,-101.556222,-101.556222,0,31.556222,S1_full_pass_policy_band,-101.556222,full pass-through after 40/80/130 policy bands,0,0,0,10313.666227,0,0,0,0,0,0,0.02378,0,0.003567
2023-11-08,2023-11-07,-140,-135,10205,9150,2023年11月7日24时起国内成品油价格按机制调整,https://www.ndrc.gov.cn/xwdt/xwfb/202311/t20231107_1361829.html,-137.5,9677.5,1,down,137.5,2023-11,90.282,10,-2.29,-2.47375,88.567,10,-2.956,-3.229789,83.198,10,-3.377,-3.900664,85.8825,10,-3.1665,-3.555907,86.9563,10,-3.0823,-3.42331,-0.5,-3,49.4,50.2,50.4,4245,2755831.4,649.19,profit_deduction,0.860874,0,0,0,-145.280841,-145.280841,-145.280841,0,-145.280841,-145.280841,-145.280841,0,7.780841,S1_full_pass_policy_band,-145.280841,full pass-through after 40/80/130 policy bands,0,0,0,1911.842307,0,0,0,0,0,0,0.004408,0,0.000661
2023-11-22,2023-11-21,-340,-330,9865,8820,2023年11月21日24时起国内成品油价格按机制调整,https://www.ndrc.gov.cn/xwdt/xwfb/202311/t20231121_1362158.html,-335,9342.5,1,down,335,2023-11,83.981,10,-6.301,-6.979243,82.318,10,-6.249,-7.055675,77.467,10,-5.731,-6.888387,80.075,10,-5.8075,-6.762146,81.1182,10,-5.8381,-6.713832,-0.5,-3,49.4,50.2,50.4,4245,2755831.4,649.19,profit_deduction,0.977636,0,0,0,-276.784891,-276.784891,-276.784891,0,-276.784891,-276.784891,-276.784891,0,-58.215109,S1_full_pass_policy_band,-276.784891,full pass-through after 40/80/130 policy bands,0,0,0,17293.315166,0,0,0,0,0,0,0.039872,0,0.005981
2023-12-06,2023-12-05,-55,-50,9810,8770,2023年12月5日24时起国内成品油价格按机制调整,https://www.ndrc.gov.cn/xwdt/xwfb/202312/t20231205_1362437.html,-52.5,9290,1,down,52.5,2023-12,83.436,10,-0.545,-0.648956,80.758,10,-1.56,-1.89509,75.828,10,-1.639,-2.11574,78.413,10,-1.662,-2.075554,79.447,10,-1.6712,-2.060204,-0.3,-2.7,49,50.4,50.3,4836,2934162.3,606.73,normal,1,0,0,0,-77.944544,-77.944544,-77.944544,0,-77.944544,-77.944544,-77.944544,0,25.444544,S1_full_pass_policy_band,-77.944544,full pass-through after 40/80/130 policy bands,0,0,0,39537.483595,0,0,0,0,0,0,0.09116,0,0.013674
2023-12-20,2023-12-19,-415,-400,9395,8370,2023年12月19日24时起国内成品油价格按机制调整,https://www.ndrc.gov.cn/xwdt/xwfb/202312/t20231219_1362767.html,-407.5,8882.5,1,down,407.5,2023-12,77.413,10,-6.023,-7.218707,75.853,10,-4.905,-6.073702,70.353,10,-5.475,-7.220288,73.103,10,-5.31,-6.771836,74.203,10,-5.244,-6.600627,-0.3,-2.7,49,50.4,50.3,4836,2934162.3,606.73,normal,1,0,0,0,-248.435027,-248.435027,-248.435027,0,-248.435027,-248.435027,-248.435027,0,-159.064973,S1_full_pass_policy_band,-248.435027,full pass-through after 40/80/130 policy bands,0,0,0,29067.004794,0,0,0,0,0,0,0.067019,0,0.010053
2024-01-04,2024-01-03,200,190,9595,8560,2024年1月3日24时起国内成品油价格按机制调整,https://www.ndrc.gov.cn/xwdt/xwfb/202401/t20240103_1363079.html,195,9077.5,1,up,195,2024-01,80.061,10,2.648,3.420614,79.155,10,3.302,4.353157,73.082,10,2.729,3.87901,75.879,10,2.776,3.797382,77.1894,10,2.9864,4.024635,-0.8,-2.5,49.2,50.7,50.9,4417,2559588.4,579.49,normal,1,0,0,0,144.311521,144.311521,144.311521,0,144.311521,144.311521,144.311521,0,50.688479,S1_full_pass_policy_band,144.311521,full pass-through after 40/80/130 policy bands,20825.815093,0,20825.815093,154249.850966,0,0,0,0.0451,0,0.037583,0.355648,0,0.074018
2024-01-18,2024-01-17,-50,-50,9545,8510,2024年1月17日24时起国内成品油价格按机制调整,https://www.ndrc.gov.cn/xwdt/xwfb/202401/t20240117_1363439.html,-50,9027.5,1,down,50,2024-01,78.739,10,-1.322,-1.651241,78.319,10,-0.836,-1.056156,72.275,10,-0.807,-1.104239,75.121,10,-0.758,-0.998959,76.2594,10,-0.93,-1.204829,-0.8,-2.5,49.2,50.7,50.9,4417,2559588.4,579.49,normal,1,0,0,0,-42.575213,0,-42.575213,-42.575213,-42.575213,0,-42.575213,-42.575213,-50,S1_full_pass_policy_band,0.0,full pass-through after 40/80/130 policy bands,0,0,0,20825.815093,0,0,0,0,0,0,0.048017,0,0.007203
2024-02-01,2024-01-31,200,200,9745,8710,2024年1月31日24时起国内成品油价格按机制上调,https://www.ndrc.gov.cn/xwdt/xwfb/202401/t20240131_1363834.html,200,9227.5,1,up,200,2024-02,81.22,10,2.481,3.150916,82.032,10,3.713,4.740867,75.817,10,3.542,4.900726,78.9245,10,3.8035,5.063165,80.1675,10,3.9081,5.124745,0.7,-2.7,49.1,51.4,50.9,4268,2569275.2,601.99,profit_deduction,0.99665,0,1,0,188.294134,145.718921,145.718921,0,187.663349,145.088135,145.088135,0,54.911865,S1_full_pass_policy_band,145.088135,full pass-through after 40/80/130 policy bands,21050.566918,0,23997.646286,21050.566918,0,0,0,0.045586,0,0.043307,0.048535,0,0.029504
2024-02-19,2024-02-19,0,0,9745,8710,2024年2月19日国内成品油价格按机制不作调整,https://www.ndrc.gov.cn/xwdt/xwfb/202402/t20240219_1364095.html,0,9227.5,0,no_adjust,0,2024-02,80.677,10,-0.543,-0.668555,82.975,10,0.943,1.149551,76.606,10,0.789,1.040664,79.7905,10,0.866,1.097251,81.0643,10,0.8968,1.118658,0.7,-2.7,49.1,51.4,50.9,4268,2569275.2,601.99,profit_deduction,0.978714,0,1,0,44.597876,0,44.597876,44.597876,43.648566,0,43.648566,43.648566,0,S1_full_pass_policy_band,0.0,full pass-through after 40/80/130 policy bands,0,0,0,21050.566918,0,0,0,0,0,0,0.048535,0,0.00728
2024-03-05,2024-03-04,125,120,9870,8830,2024年3月4日国内成品油价格按机制调整,https://www.ndrc.gov.cn/xwdt/xwfb/202403/t20240304_1364393.html,122.5,9350,1,up,122.5,2024-03,82.259,10,1.582,1.960906,84.637,10,1.662,2.003013,79.239,10,2.633,3.437068,81.906,10,2.1155,2.651318,82.9728,10,1.9085,2.354304,0.1,-2.8,50.8,53,52.7,4905,2937969.6,588.55,profit_deduction,0.940544,0,1,0,92.875199,137.473076,137.473076,0,87.353212,131.001777,131.001777,0,-8.501777,S1_full_pass_policy_band,131.001777,full pass-through after 40/80/130 policy bands,17161.465577,0,17504.694889,17161.465577,0,0,0,0.037164,0,0.03159,0.039568,0,0.023124
2024-03-18,2024-03-18,0,0,9870,8830,2024年3月18日国内成品油价格按机制不作调整,https://www.ndrc.gov.cn/xwdt/xwfb/202403/t20240318_1365046.html,0,9350,0,no_adjust,0,2024-03,83.077,10,0.818,0.99442,85.076,10,0.439,0.518686,79.978,10,0.739,0.932622,82.527,10,0.621,0.758186,83.5466,10,0.5738,0.691552,0.1,-2.8,50.8,53,52.7,4905,2937969.6,588.55,profit_deduction,0.929068,0,1,0,29.184636,0,29.184636,29.184636,27.114511,0,27.114511,27.114511,0,S1_full_pass_policy_band,0.0,full pass-through after 40/80/130 policy bands,0,0,0,17161.465577,0,0,0,0,0,0,0.039568,0,0.005935
2024-04-02,2024-04-01,200,190,10070,9020,2024年4月1日国内成品油价格按机制调整,https://www.ndrc.gov.cn/xwdt/xwfb/202404/t20240401_1365388.html,195,9545,1,up,195,2024-04,85.577,10,2.5,3.009256,85.798,10,0.722,0.848653,82.682,10,2.704,3.38093,84.24,10,1.713,2.075684,84.8632,10,1.3166,1.575887,0.3,-2.5,50.4,51.2,51.7,4472,2791949.1,624.32,profit_deduction,0.902736,0,1,0,64.630317,93.814952,93.814952,0,58.344114,85.458625,85.458625,0,109.541375,S1_full_pass_policy_band,85.458625,full pass-through after 40/80/130 policy bands,7303.176587,0,7741.367182,7303.176587,0,0,0,0.015816,0,0.01397,0.016839,0,0.009972
2024-04-17,2024-04-16,200,195,10270,9215,国内成品油价格按机制调整,https://www.ndrc.gov.cn/xwdt/xwfb/202404/t20240416_1365703.html,197.5,9742.5,1,up,197.5,2024-04,90.136,10,4.559,5.327366,91.224,10,5.426,6.324157,86.595,10,3.913,4.73259,88.9095,10,4.6695,5.543091,89.8353,10,4.9721,5.858959,0.3,-2.5,50.4,51.2,51.7,4472,2791949.1,624.32,profit_deduction,0.803294,0,1,0,239.067162,239.067162,239.067162,0,192.041217,192.041217,192.041217,0,5.458783,S1_full_pass_policy_band,192.041217,full pass-through after 40/80/130 policy bands,36879.829027,0,39092.618768,11359.848917,0,0,0,0.079866,0,0.070548,0.026192,0,0.041532
2024-04-30,2024-04-29,-70,-70,10200,9145,2024年4月29日国内成品油价格按机制调整,https://www.ndrc.gov.cn/xwdt/xwfb/202404/t20240429_1366287.html,-70,9672.5,1,down,70,2024-04,88.497,10,-1.639,-1.818363,89.063,10,-2.161,-2.368894,84.561,10,-2.034,-2.348865,86.812,10,-2.0975,-2.35914,87.7124,10,-2.1229,-2.363102,0.3,-2.5,50.4,51.2,51.7,4472,2791949.1,624.32,profit_deduction,0.845752,0,0,0,-99.499221,-99.499221,-99.499221,0,-99.499221,-99.499221,-99.499221,0,29.499221,S1_full_pass_policy_band,-99.499221,full pass-through after 40/80/130 policy bands,0,0,0,84995.826989,0,0,0,0,0,0,0.195971,0,0.029396
2024-05-16,2024-05-15,-235,-225,9965,8920,2024年5月15日国内成品油价格按机制调整,https://www.ndrc.gov.cn/xwdt/xwfb/202405/t20240515_1386222.html,-230,9442.5,1,down,230,2024-05,84.048,10,-4.449,-5.027289,83.616,10,-5.447,-6.115895,80.258,10,-4.303,-5.088634,82.1065,10,-4.7055,-5.420334,82.7103,10,-5.0021,-5.702842,0.3,-1.4,49.5,51.1,51,4697,2972291.4,632.81,profit_deduction,0.945794,0,0,0,-236.891798,-236.891798,-236.891798,0,-236.891798,-236.891798,-236.891798,0,6.891798,S1_full_pass_policy_band,-236.891798,full pass-through after 40/80/130 policy bands,0,0,0,18876.720215,0,0,0,0,0,0,0.043523,0,0.006528
2024-05-29,2024-05-29,0,0,9965,8920,2024年5月29日国内成品油价格按机制不作调整,https://www.ndrc.gov.cn/xwdt/xwfb/202405/t20240529_1386532.html,0,9442.5,0,no_adjust,0,2024-05,83.251,10,-0.797,-0.948268,80.741,10,-2.875,-3.438337,80.041,10,-0.217,-0.270378,80.391,10,-1.7155,-2.08936,80.531,10,-2.1793,-2.634859,0.3,-1.4,49.5,51.1,51,4697,2972291.4,632.81,profit_deduction,0.98938,0,0,0,-102.190574,-102.190574,-102.190574,0,-102.190574,-102.190574,-102.190574,0,102.190574,S1_full_pass_policy_band,-102.190574,full pass-through after 40/80/130 policy bands,0,0,0,18144.419747,0,0,0,0,0,0,0.041835,0,0.006275
2024-06-14,2024-06-13,-190,-180,9775,8740,2024年6月13日国内成品油价格按机制调整,https://www.ndrc.gov.cn/xwdt/xwfb/202406/t20240613_1386864.html,-185,9257.5,1,down,185,2024-06,80.884,10,-2.367,-2.843209,78.402,10,-2.339,-2.896917,77.178,10,-2.863,-3.576917,77.79,10,-2.601,-3.235437,78.0348,10,-2.4962,-3.099676,0.2,-0.8,49.5,50.5,50.5,4645,2823960,607.96,normal,1,0,0,0,-117.312728,-117.312728,-117.312728,0,-117.312728,-117.312728,-117.312728,0,-67.687272,S1_full_pass_policy_band,-117.312728,full pass-through after 40/80/130 policy bands,0,0,0,228.679542,0,0,0,0,0,0,0.000527,0,0.000079
2024-06-28,2024-06-27,210,200,9985,8940,2024年6月27日国内成品油价格按机制调整,https://www.ndrc.gov.cn/xwdt/xwfb/202406/t20240627_1391342.html,205,9462.5,1,up,205,2024-06,84.8,10,3.916,4.841501,84.747,10,6.345,8.092906,81.442,10,4.264,5.524891,82.8385,10,5.0485,6.489909,83.3971,10,5.3623,6.871678,0.2,-0.8,49.5,50.5,50.5,4645,2823960,607.96,profit_deduction,0.932058,0,1,0,257.68712,257.68712,257.68712,0,240.179341,240.179341,240.179341,0,-35.179341,S1_full_pass_policy_band,240.179341,full pass-through after 40/80/130 policy bands,57686.115843,0,59993.560477,127800.579398,0,0,0,0.124923,0,0.108267,0.294665,0,0.102497
2024-07-12,2024-07-11,110,105,10095,9045,2024年7月11日国内成品油价格按机制调整,https://www.ndrc.gov.cn/xwdt/xwfb/202407/t20240711_1391617.html,107.5,9570,1,up,107.5,2024-07,86.717,10,1.917,2.260613,87.454,10,2.707,3.194213,83.628,10,2.186,2.684119,85.412,10,2.5735,3.106647,86.1256,10,2.7285,3.271696,0.5,-0.8,49.4,50.2,50.2,4234,2578459.6,608.99,profit_deduction,0.877488,0,1,0,132.004789,132.004789,132.004789,0,115.832618,115.832618,115.832618,0,-8.332618,S1_full_pass_policy_band,115.832618,full pass-through after 40/80/130 policy bands,13417.195393,0,14758.914932,15462.107521,0,0,0,0.029056,0,0.026635,0.03565,0,0.01927
2024-07-26,2024-07-25,-145,-140,9950,8905,2024年7月25日国内成品油价格按机制调整,https://www.ndrc.gov.cn/xwdt/xwfb/202407/t20240725_1391947.html,-142.5,9427.5,1,down,142.5,2024-07,84.334,10,-2.383,-2.748019,85.272,10,-2.182,-2.495026,82.058,10,-1.57,-1.877362,83.665,10,-1.747,-2.04538,84.3078,10,-1.8178,-2.110638,0.5,-0.8,49.4,50.2,50.2,4234,2578459.6,608.99,profit_deduction,0.913844,0,0,0,-84.940151,-84.940151,-84.940151,0,-84.940151,-84.940151,-84.940151,0,-57.559849,S1_full_pass_policy_band,-84.940151,full pass-through after 40/80/130 policy bands,0,0,0,40309.704772,0,0,0,0,0,0,0.09294,0,0.013941
2024-08-09,2024-08-08,-305,-290,9645,8615,2024年8月8日国内成品油价格按机制调整,https://www.ndrc.gov.cn/xwdt/xwfb/202408/t20240808_1392318.html,-297.5,9130,1,down,297.5,2024-08,79.12,10,-5.214,-6.18256,79.763,10,-5.509,-6.460503,76.928,10,-5.13,-6.251676,78.3455,10,-5.3195,-6.358095,78.9125,10,-5.3953,-6.399526,0.6,-1.8,49.1,50.3,50.1,4910,2936268.9,598.02,normal,1,0,0,0,-255.654913,-255.654913,-255.654913,0,-255.654913,-255.654913,-255.654913,0,-41.845087,S1_full_pass_policy_band,-255.654913,full pass-through after 40/80/130 policy bands,0,0,0,29143.529965,0,0,0,0,0,0,0.067195,0,0.010079
2024-08-22,2024-08-22,0,0,9645,8615,2024年8月22日国内成品油价格按机制不作调整,https://www.ndrc.gov.cn/xwdt/xwfb/202408/t20240822_1392530.html,0,9130,0,no_adjust,0,2024-08,78.904,10,-0.216,-0.273003,81.291,10,1.528,1.915675,77.721,10,0.793,1.030834,79.506,10,1.1605,1.481259,80.22,10,1.3075,1.656898,0.6,-1.8,49.1,50.3,50.1,4910,2936268.9,598.02,profit_deduction,0.9956,0,1,0,64.196074,64.196074,64.196074,0,63.913611,63.913611,63.913611,0,-63.913611,S1_full_pass_policy_band,63.913611,full pass-through after 40/80/130 policy bands,4084.949671,0,4575.143632,102124.041532,0,0,0,0.008846,0,0.008256,0.235463,0,0.039595
2024-09-06,2024-09-05,-100,-100,9545,8515,2024年9月5日国内成品油价格按机制调整,https://www.ndrc.gov.cn/xwdt/xwfb/202409/t20240905_1392834.html,-100,9030,1,down,100,2024-09,77.58,10,-1.324,-1.677988,79.016,10,-2.275,-2.798588,74.55,10,-3.171,-4.079978,76.678,10,-2.828,-3.556964,77.6544,10,-2.5656,-3.198205,0.4,-2.8,49.8,50,50.4,4549,2573473.2,565.72,normal,1,0,0,0,-120.624428,-120.624428,-120.624428,0,-120.624428,-120.624428,-120.624428,0,20.624428,S1_full_pass_policy_band,-120.624428,full pass-through after 40/80/130 policy bands,0,0,0,34054.287838,0,0,0,0,0,0,0.078518,0,0.011778
2024-09-21,2024-09-20,-365,-350,9180,8165,2024年9月20日国内成品油价格按机制调整,https://www.ndrc.gov.cn/xwdt/xwfb/202409/t20240920_1393111.html,-357.5,8672.5,1,down,357.5,2024-09,72.829,10,-4.751,-6.124001,73.229,10,-5.787,-7.323833,70.068,10,-4.482,-6.012072,71.6485,10,-5.0295,-6.559248,72.2807,10,-5.3737,-6.92002,0.4,-2.8,49.8,50,50.4,4549,2573473.2,565.72,normal,1,0,0,0,-254.624182,-254.624182,-254.624182,0,-254.624182,-254.624182,-254.624182,0,-102.875818,S1_full_pass_policy_band,-254.624182,full pass-through after 40/80/130 policy bands,0,0,0,17955.934072,0,0,0,0,0,0,0.0414,0,0.00621
2024-10-11,2024-10-10,140,135,9320,8300,2024年10月10日国内成品油价格按机制调整,https://www.ndrc.gov.cn/xwdt/xwfb/202410/t20241010_1393553.html,137.5,8810,1,up,137.5,2024-10,74.879,10,2.05,2.814813,76.108,10,2.879,3.931503,72.203,10,2.135,3.04704,74.1555,10,2.507,3.499026,74.9365,10,2.6558,3.674286,0.3,-2.9,50.1,50.2,50.8,4470,2430092.9,543.64,normal,1,0,0,0,128.535616,128.535616,128.535616,0,128.535616,128.535616,128.535616,0,8.964384,S1_full_pass_policy_band,128.535616,full pass-through after 40/80/130 policy bands,16521.40458,0,17512.688855,146811.430803,0,0,0,0.035778,0,0.031604,0.338497,0,0.06762
2024-10-24,2024-10-23,90,85,9410,8385,2024年10月23日国内成品油价格按机制调整,https://www.ndrc.gov.cn/xwdt/xwfb/202410/t20241023_1393865.html,87.5,8897.5,1,up,87.5,2024-10,74.973,10,0.094,0.125536,75.858,10,-0.25,-0.328481,72.791,10,0.588,0.814371,74.3105,10,0.155,0.20902,74.9183,10,-0.0182,-0.024287,0.3,-2.9,50.1,50.2,50.8,4470,2430092.9,543.64,normal,1,0,0,0,0.934981,0,0.934981,0.934981,0.934981,0,0.934981,0.934981,87.5,S1_full_pass_policy_band,0.0,full pass-through after 40/80/130 policy bands,0,0,0,16521.40458,0,0,0,0,0,0,0.038093,0,0.005714
2024-11-07,2024-11-06,-145,-140,9265,8245,2024年11月6日国内成品油价格按机制调整,https://www.ndrc.gov.cn/xwdt/xwfb/202411/t20241106_1394298.html,-142.5,8755,1,down,142.5,2024-11,73.042,10,-1.931,-2.575594,73.949,10,-1.909,-2.516544,70.149,10,-2.642,-3.62957,72.049,10,-2.2615,-3.043312,72.809,10,-2.1093,-2.815467,0.2,-2.5,50.3,50,50.8,4852,2627508.2,541.53,normal,1,0,0,0,-98.850243,-97.915262,-97.915262,0,-98.850243,-97.915262,-97.915262,0,-44.584738,S1_full_pass_policy_band,-97.915262,full pass-through after 40/80/130 policy bands,0,0,0,9587.398533,0,0,0,0,0,0,0.022105,0,0.003316
2024-11-20,2024-11-20,0,0,9265,8245,2024年11月20日国内成品油价格不作调整,https://www.ndrc.gov.cn/xwdt/xwfb/202411/t20241120_1394603.html,0,8755,0,no_adjust,0,2024-11,72.541,10,-0.501,-0.685907,73.941,10,-0.008,-0.010818,70.034,10,-0.115,-0.163937,72.227,10,0.178,0.247054,73.1042,10,0.2952,0.405444,0.2,-2.5,50.3,50,50.8,4852,2627508.2,541.53,normal,1,0,0,0,15.890119,0,15.890119,15.890119,15.890119,0,15.890119,15.890119,0,S1_full_pass_policy_band,0.0,full pass-through after 40/80/130 policy bands,0,0,0,9587.398533,0,0,0,0,0,0,0.022105,0,0.003316
2024-12-04,2024-12-04,0,0,9265,8245,2024年12月4日国内成品油价格按机制不作调整,https://www.ndrc.gov.cn/xwdt/xwfb/202412/t20241204_1394837.html,0,8755,0,no_adjust,0,2024-12,72.901,10,0.36,0.496271,74.395,10,0.454,0.614003,69.532,10,-0.502,-0.716795,71.9835,10,-0.2435,-0.337132,72.9641,10,-0.1401,-0.191644,0.1,-2.3,50.1,52.2,52.2,4923,2678963.5,544.17,normal,1,0,0,0,-4.881966,0,11.008153,11.008153,-4.881966,0,11.008153,11.008153,0,S1_full_pass_policy_band,0.0,full pass-through after 40/80/130 policy bands,0,0,0,0,0,0,0,0,0,0,0,0,0
2024-12-18,2024-12-18,0,0,9265,8245,2024年12月18日国内成品油价格按机制不作调整,https://www.ndrc.gov.cn/xwdt/xwfb/202412/t20241218_1395064.html,0,8755,0,no_adjust,0,2024-12,72.809,10,-0.092,-0.126199,73.986,10,-0.409,-0.549768,69.717,10,0.185,0.266065,71.8515,10,-0.132,-0.183375,72.7053,10,-0.2588,-0.354695,0.1,-2.3,50.1,52.2,52.2,4923,2678963.5,544.17,normal,1,0,0,0,-10.546213,0,0.46194,0.46194,-10.546213,0,0.46194,0.46194,0,S1_full_pass_policy_band,0.0,full pass-through after 40/80/130 policy bands,0,0,0,0,0,0,0,0,0,0,0,0,0
2025-01-03,2025-01-02,70,70,9335,8315,2025年1月2日国内成品油价格按机制调整,https://www.ndrc.gov.cn/xwdt/xwfb/202501/t20250102_1395423.html,70,8825,1,up,70,2025-01,73.555,10,0.746,1.024599,73.718,10,-0.268,-0.362231,70.712,10,0.995,1.427199,72.2475,10,0.396,0.551137,72.8357,10,0.1304,0.179354,0.5,-2.3,49.1,50.2,50.1,,,,normal,1,0,0,0,8.026026,0,8.487966,8.487966,8.026026,0,8.487966,8.487966,70,S1_full_pass_policy_band,0.0,full pass-through after 40/80/130 policy bands,0,0,0,0,0,0,0,0,0,0,0,0,0
2025-01-17,2025-01-16,340,325,9675,8640,2025年1月16日国内成品油价格按机制调整,https://www.ndrc.gov.cn/xwdt/xwfb/202501/t20250116_1395727.html,332.5,9157.5,1,up,332.5,2025-01,77.796,10,4.241,5.765754,79.21,10,5.492,7.450012,75.993,10,5.281,7.468322,77.4085,10,5.161,7.1435,77.9747,10,5.139,7.055606,0.5,-2.3,49.1,50.2,50.1,,,,normal,1,0,0,0,247.031465,255.51943,255.51943,0,247.031465,255.51943,255.51943,0,76.98057,S1_full_pass_policy_band,255.51943,full pass-through after 40/80/130 policy bands,65290.179108,0,71819.197018,65290.179108,0,0,0,0.14139,0,0.129608,0.150537,0,0.09033
2025-02-06,2025-02-06,0,0,9675,8640,2025年2月6日国内成品油价格按机制不作调整,https://www.ndrc.gov.cn/xwdt/xwfb/202502/t20250206_1396007.html,0,9157.5,0,no_adjust,0,2025-02,78.976,10,1.18,1.516787,77.197,10,-2.013,-2.541346,73.449,10,-2.544,-3.347677,75.323,10,-2.0855,-2.694149,76.0726,10,-1.9021,-2.439381,-0.7,-2.2,50.2,50.4,51.1,,,,normal,1,0,0,0,-88.962864,-88.962864,-88.962864,0,-88.962864,-88.962864,-88.962864,0,88.962864,S1_full_pass_policy_band,-88.962864,full pass-through after 40/80/130 policy bands,0,0,0,118668.05088,0,0,0,0,0,0,0.273608,0,0.041041
2025-02-20,2025-02-19,-170,-160,9505,8480,2025年2月19日国内成品油价格按机制调整,https://www.ndrc.gov.cn/xwdt/xwfb/202502/t20250219_1396225.html,-165,8992.5,1,down,165,2025-02,77.06,10,-1.916,-2.426053,75.626,10,-1.571,-2.035053,71.976,10,-1.473,-2.005473,73.8395,10,-1.4835,-1.969518,74.5849,10,-1.4877,-1.955632,-0.7,-2.2,50.2,50.4,51.1,,,,normal,1,0,0,0,-69.188106,-69.188106,-69.188106,0,-69.188106,-69.188106,-69.188106,0,-95.811894,S1_full_pass_policy_band,-69.188106,full pass-through after 40/80/130 policy bands,0,0,0,391.041054,0,0,0,0,0,0,0.000902,0,0.000135
2025-03-06,2025-03-05,-135,-130,9370,8350,2025年3月5日国内成品油价格按机制调整,https://www.ndrc.gov.cn/xwdt/xwfb/202503/t20250305_1396430.html,-132.5,8860,1,down,132.5,2025-03,75.801,10,-1.259,-1.633792,74.459,10,-1.167,-1.54312,70.295,10,-1.681,-2.335501,72.377,10,-1.4625,-1.980647,73.2098,10,-1.3751,-1.843671,-0.1,-2.5,50.5,50.8,51.4,,,,normal,1,0,0,0,-63.814945,-63.814945,-63.814945,0,-63.814945,-63.814945,-63.814945,0,-68.685055,S1_full_pass_policy_band,-63.814945,full pass-through after 40/80/130 policy bands,0,0,0,28.870859,0,0,0,0,0,0,0.000067,0,0.00001
2025-03-20,2025-03-19,-280,-270,9090,8080,2025年3月19日国内成品油价格按机制调整,https://www.ndrc.gov.cn/xwdt/xwfb/202503/t20250319_1396715.html,-275,8585,1,down,275,2025-03,72.828,10,-2.973,-3.922112,71.606,10,-2.853,-3.831639,67.055,10,-3.24,-4.609147,69.3305,10,-3.0465,-4.20921,70.2407,10,-2.9691,-4.055605,-0.1,-2.5,50.5,50.8,51.4,,,,normal,1,0,0,0,-139.879049,-139.879049,-139.879049,0,-139.879049,-139.879049,-139.879049,0,-135.120951,S1_full_pass_policy_band,-139.879049,full pass-through after 40/80/130 policy bands,0,0,0,5785.747917,0,0,0,0,0,0,0.01334,0,0.002001
2025-04-03,2025-04-02,230,220,9320,8300,2025年4月2日国内成品油价格按机制调整,https://www.ndrc.gov.cn/xwdt/xwfb/202504/t20250402_1396996.html,225,8810,1,up,225,2025-04,75.578,10,2.75,3.77602,74.395,10,2.789,3.894925,69.698,10,2.643,3.941541,72.0465,10,2.716,3.917468,72.9859,10,2.7452,3.908275,-0.1,-2.7,49,50.4,50.2,,,,normal,1,0,0,0,132.801696,132.801696,132.801696,0,132.801696,132.801696,132.801696,0,92.198304,S1_full_pass_policy_band,132.801696,full pass-through after 40/80/130 policy bands,17636.29046,0,17636.29046,74354.788694,0,0,0,0.038193,0,0.031827,0.171437,0,0.04322
2025-04-18,2025-04-17,-480,-465,8840,7835,2025年4月17日国内成品油价格按机制调整,https://www.ndrc.gov.cn/xwdt/xwfb/202504/t20250417_1397240.html,-472.5,8337.5,1,down,472.5,2025-04,67.84,10,-7.738,-10.238429,67.309,10,-7.086,-9.524834,62.266,10,-7.432,-10.663147,64.7875,10,-7.259,-10.075437,65.7961,10,-7.1898,-9.850944,-0.1,-2.7,49,50.4,50.2,,,,normal,1,0,0,0,-341.286678,-341.286678,-341.286678,0,-341.286678,-341.286678,-341.286678,0,-131.213322,S1_full_pass_policy_band,-341.286678,full pass-through after 40/80/130 policy bands,0,0,0,224759.786362,0,0,0,0,0,0,0.518219,0,0.077733
2025-04-30,2025-04-30,0,0,8840,7835,2025年4月30日国内成品油价格按机制不作调整,https://www.ndrc.gov.cn/xwdt/xwfb/202504/t20250430_1397516.html,0,8337.5,0,no_adjust,0,2025-04,68.731,10,0.891,1.313384,67.288,10,-0.021,-0.031199,63.295,10,1.029,1.652587,65.217,10,0.4295,0.662937,66.0454,10,0.2493,0.378898,-0.1,-2.7,49,50.4,50.2,,,,normal,1,0,0,0,13.699816,0,13.699816,13.699816,13.699816,0,13.699816,13.699816,0,S1_full_pass_policy_band,0.0,full pass-through after 40/80/130 policy bands,0,0,0,116476.59658,0,0,0,0,0,0,0.268555,0,0.040283
2025-05-20,2025-05-19,-230,-220,8610,7615,2025年5月19日国内成品油价格按机制调整,https://www.ndrc.gov.cn/xwdt/xwfb/202505/t20250519_1397793.html,-225,8112.5,1,down,225,2025-05,63.389,10,-5.342,-7.77233,63.841,10,-3.447,-5.122756,62.167,10,-1.128,-1.782131,63.0625,10,-2.1545,-3.303586,63.3739,10,-2.6715,-4.044945,-0.1,-3.3,49.5,50.3,50.4,,,,normal,1,0,0,0,-125.677871,-111.978054,-111.978054,0,-125.677871,-111.978054,-111.978054,0,-113.021946,S1_full_pass_policy_band,-111.978054,full pass-through after 40/80/130 policy bands,0,0,0,12539.084578,0,0,0,0,0,0,0.028911,0,0.004337
2025-06-04,2025-06-03,65,60,8675,7675,2025年6月3日国内成品油价格按机制调整,https://www.ndrc.gov.cn/xwdt/xwfb/202506/t20250603_1398198.html,62.5,8175,1,up,62.5,2025-06,64.199,10,0.81,1.277824,65.483,10,1.642,2.572015,62.686,10,0.519,0.834848,64.0845,10,1.022,1.620614,64.6439,10,1.27,2.00398,0.1,-3.6,49.7,50.5,50.7,,,,normal,1,0,0,0,62.406611,62.406611,62.406611,0,62.406611,62.406611,62.406611,0,0.093389,S1_full_pass_policy_band,62.406611,full pass-through after 40/80/130 policy bands,3894.585097,0,3972.476798,30410.011387,0,0,0,0.008434,0,0.007169,0.070115,0,0.014418
2025-06-18,2025-06-17,260,255,8935,7930,2025年6月17日国内成品油价格按机制调整,https://www.ndrc.gov.cn/xwdt/xwfb/202506/t20250617_1398486.html,257.5,8432.5,1,up,257.5,2025-06,67.733,10,3.534,5.504759,69.965,10,4.482,6.844525,67.269,10,4.583,7.311042,68.617,10,4.5325,7.072693,69.1562,10,4.5123,6.980241,0.1,-3.6,49.7,50.5,50.7,,,,normal,1,0,0,0,217.12596,217.12596,217.12596,0,217.12596,217.12596,217.12596,0,40.37404,S1_full_pass_policy_band,217.12596,full pass-through after 40/80/130 policy bands,47143.682506,0,48086.556156,23938.076955,0,0,0,0.102093,0,0.086779,0.055193,0,0.055497
2025-07-02,2025-07-01,235,225,9170,8155,2025年7月1日国内成品油价格按机制调整,https://www.ndrc.gov.cn/xwdt/xwfb/202507/t20250701_1398919.html,230,8662.5,1,up,230,2025-07,72.26,10,4.527,6.683596,73.414,10,3.449,4.929608,69.995,10,2.726,4.052387,71.4385,10,2.8215,4.111955,72.0159,10,2.8597,4.135132,0,-3.6,49.3,50.1,50.2,,,,normal,1,0,0,0,138.265523,138.265523,138.265523,0,138.265523,138.265523,138.265523,0,91.734477,S1_full_pass_policy_band,138.265523,full pass-through after 40/80/130 policy bands,19117.35485,0,19117.35485,6218.968524,0,0,0,0.0414,0,0.0345,0.014339,0,0.021126
2025-07-16,2025-07-15,-130,-125,9040,8030,2025年7月15日国内成品油价格按机制调整,https://www.ndrc.gov.cn/xwdt/xwfb/202507/t20250715_1399195.html,-127.5,8535,1,down,127.5,2025-07,70.362,10,-1.898,-2.626626,70.971,10,-2.443,-3.327703,68.365,10,-1.63,-2.328738,69.524,10,-1.9145,-2.679927,69.9876,10,-2.0283,-2.816461,0,-3.6,49.3,50.1,50.2,,,,normal,1,0,0,0,-94.985003,-94.985003,-94.985003,0,-94.985003,-94.985003,-94.985003,0,-32.514997,S1_full_pass_policy_band,-94.985003,full pass-through after 40/80/130 policy bands,0,0,0,54405.807879,0,0,0,0,0,0,0.125441,0,0.018816
2025-07-29,2025-07-29,0,0,9040,8030,2025年7月29日国内成品油价格按机制不作调整,https://www.ndrc.gov.cn/xwdt/xwfb/202507/t20250729_1399467.html,0,8535,0,no_adjust,0,2025-07,70.588,10,0.226,0.321196,70.362,10,-0.609,-0.858097,67.553,10,-0.812,-1.187742,68.9575,10,-0.5665,-0.814827,69.5193,10,-0.4683,-0.669119,0,-3.6,49.3,50.1,50.2,,,,normal,1,0,0,0,-20.543346,0,-20.543346,-20.543346,-20.543346,0,-20.543346,-20.543346,0,S1_full_pass_policy_band,0.0,full pass-through after 40/80/130 policy bands,0,0,0,9022.150795,0,0,0,0,0,0,0.020802,0,0.00312
2025-08-12,2025-08-12,0,0,9040,8030,2025年8月12日国内成品油价格按机制不作调整,https://www.ndrc.gov.cn/xwdt/xwfb/202508/t20250812_1399754.html,0,8535,0,no_adjust,0,2025-08,71.74,10,1.152,1.632005,69.936,10,-0.426,-0.60544,67.389,10,-0.164,-0.242772,68.6625,10,-0.295,-0.4278,69.1719,10,-0.3474,-0.499717,-0.4,-2.9,49.4,50.3,50.5,,,,normal,1,0,0,0,-14.774117,0,-35.317463,-35.317463,-14.774117,0,-35.317463,-35.317463,0,S1_full_pass_policy_band,0.0,full pass-through after 40/80/130 policy bands,0,0,0,0,0,0,0,0,0,0,0,0,0
2025-08-27,2025-08-26,-180,-175,8860,7855,2025年8月26日国内成品油价格按机制调整,https://www.ndrc.gov.cn/xwdt/xwfb/202508/t20250826_1400056.html,-177.5,8357.5,1,down,177.5,2025-08,69.136,10,-2.604,-3.629774,67.494,10,-2.442,-3.491764,64.257,10,-3.132,-4.647643,65.868,10,-2.7945,-4.069907,66.5184,10,-2.6535,-3.836095,-0.4,-2.9,49.4,50.3,50.5,,,,normal,1,0,0,0,-124.818929,-160.136392,-160.136392,0,-124.818929,-160.136392,-160.136392,0,-17.363608,S1_full_pass_policy_band,-160.136392,full pass-through after 40/80/130 policy bands,0,0,0,25643.664043,0,0,0,0,0,0,0.059126,0,0.008869
2025-09-09,2025-09-09,0,0,8860,7855,2025年9月9日国内成品油价格按机制不作调整,https://www.ndrc.gov.cn/xwdt/xwfb/202509/t20250909_1400343.html,0,8357.5,0,no_adjust,0,2025-09,70.442,10,1.306,1.88903,67.079,10,-0.415,-0.614869,64.153,10,-0.104,-0.16185,65.621,10,-0.247,-0.374992,66.2522,10,-0.2662,-0.40019,-0.3,-2.3,49.8,50,50.6,,,,normal,1,0,0,0,-10.899334,0,-10.899334,-10.899334,-10.899334,0,-10.899334,-10.899334,0,S1_full_pass_policy_band,0.0,full pass-through after 40/80/130 policy bands,0,0,0,25643.664043,0,0,0,0,0,0,0.059126,0,0.008869
2025-09-23,2025-09-23,0,0,8860,7855,2025年9月23日国内成品油价格按机制不作调整,https://www.ndrc.gov.cn/xwdt/xwfb/202509/t20250923_1400624.html,0,8357.5,0,no_adjust,0,2025-09,70.572,10,0.13,0.184549,67.922,10,0.843,1.256727,63.559,10,-0.594,-0.925911,65.7405,10,0.1195,0.182106,66.6131,10,0.3609,0.544737,-0.3,-2.3,49.8,50,50.6,,,,normal,1,0,0,0,19.025258,0,8.125924,8.125924,19.025258,0,8.125924,8.125924,0,S1_full_pass_policy_band,0.0,full pass-through after 40/80/130 policy bands,0,0,0,0,0,0,0,0,0,0,0,0,0
2025-10-14,2025-10-13,-75,-70,8785,7785,2025年10月13日国内成品油价格按机制调整,https://www.ndrc.gov.cn/xwdt/xwfb/202510/t20251013_1400937.html,-72.5,8285,1,down,72.5,2025-10,67.17,10,-3.402,-4.820609,66.901,10,-1.021,-1.503195,62.345,10,-1.214,-1.910036,64.623,10,-1.1175,-1.699865,65.5342,10,-1.0789,-1.619651,0.2,-2.1,49,50.1,50,,,,normal,1,0,0,0,-49.680574,0,-41.55465,-41.55465,-49.680574,0,-41.55465,-41.55465,-72.5,S1_full_pass_policy_band,0.0,full pass-through after 40/80/130 policy bands,0,0,0,0,0,0,0,0,0,0,0,0,0
2025-10-28,2025-10-27,-265,-255,8520,7530,2025年10月27日国内成品油价格按机制调整,https://www.ndrc.gov.cn/xwdt/xwfb/202510/t20251027_1401193.html,-260,8025,1,down,260,2025-10,63.901,10,-3.269,-4.866756,62.79,10,-4.111,-6.144901,59.595,10,-2.75,-4.410939,61.2055,10,-3.4175,-5.288365,61.8497,10,-3.6845,-5.622255,0.2,-2.1,49,50.1,50,,,,normal,1,0,0,0,-174.017229,-215.571879,-215.571879,0,-174.017229,-215.571879,-215.571879,0,-44.428121,S1_full_pass_policy_band,-215.571879,full pass-through after 40/80/130 policy bands,0,0,0,46471.235016,0,0,0,0,0,0,0.107147,0,0.016072
2025-11-11,2025-11-10,125,120,8645,7650,2025年11月10日国内成品油价格按机制调整,https://www.ndrc.gov.cn/xwdt/xwfb/202511/t20251110_1401464.html,122.5,8147.5,1,up,122.5,2025-11,65.935,10,2.034,3.183049,64.661,10,1.871,2.979774,61.182,10,1.587,2.662975,62.9215,10,1.716,2.80367,63.6173,10,1.7676,2.857896,0.7,-2.2,49.2,49.5,49.7,,,,normal,1,0,0,0,86.151591,86.151591,86.151591,0,86.151591,86.151591,86.151591,0,36.348409,S1_full_pass_policy_band,86.151591,full pass-through after 40/80/130 policy bands,7422.096632,0,8461.19016,91037.052349,0,0,0,0.016073,0,0.015269,0.2099,0,0.039321
2025-11-25,2025-11-24,-70,-65,8575,7585,2025年11月24日国内成品油价格按机制调整,https://www.ndrc.gov.cn/xwdt/xwfb/202511/t20251124_1401864.html,-67.5,8080,1,down,67.5,2025-11,64.545,10,-1.39,-2.108137,63.256,10,-1.405,-2.172871,60.256,10,-0.926,-1.513517,61.749,10,-1.1725,-1.863433,62.3462,10,-1.2711,-1.998041,0.7,-2.2,49.2,49.5,49.7,,,,normal,1,0,0,0,-58.852168,-58.852168,-58.852168,0,-58.852168,-58.852168,-58.852168,0,-8.647832,S1_full_pass_policy_band,-58.852168,full pass-through after 40/80/130 policy bands,0,0,0,21026.090124,0,0,0,0,0,0,0.048479,0,0.007272
2025-12-09,2025-12-08,-55,-55,8520,7530,2025年12月8日国内成品油价格按机制调整,https://www.ndrc.gov.cn/xwdt/xwfb/202512/t20251208_1402287.html,-55,8025,1,down,55,2025-12,63.552,10,-0.993,-1.538462,64.179,10,0.923,1.45915,59.103,10,-1.153,-1.913502,61.571,10,-0.178,-0.288264,62.5582,10,0.212,0.340037,0.8,-1.9,50.1,50.2,50.7,,,,normal,1,0,0,0,11.919897,0,11.919897,11.919897,11.919897,0,11.919897,11.919897,-55,S1_full_pass_policy_band,0.0,full pass-through after 40/80/130 policy bands,0,0,0,3463.577678,0,0,0,0,0,0,0.007986,0,0.001198
2025-12-23,2025-12-22,-170,-165,8350,7365,2025年12月22日国内成品油价格按机制调整,https://www.ndrc.gov.cn/xwdt/xwfb/202512/t20251222_1402523.html,-167.5,7857.5,1,down,167.5,2025-12,61.018,10,-2.534,-3.987286,61.715,10,-2.464,-3.839262,57.298,10,-1.805,-3.05399,59.5065,10,-2.0645,-3.35304,60.3899,10,-2.1683,-3.466052,0.8,-1.9,50.1,50.2,50.7,,,,normal,1,0,0,0,-101.665665,-89.745767,-89.745767,0,-101.665665,-89.745767,-89.745767,0,-77.754233,S1_full_pass_policy_band,-89.745767,full pass-through after 40/80/130 policy bands,0,0,0,8054.302694,0,0,0,0,0,0,0.01857,0,0.002786
2026-01-06,2026-01-06,0,0,8350,7365,2026年1月6日国内成品油价格按机制不作调整,https://www.ndrc.gov.cn/xwdt/xwfb/202601/t20260106_1403050.html,0,7857.5,0,no_adjust,0,2026-01,60.838,10,-0.18,-0.294995,62.339,10,0.624,1.011099,57.71,10,0.412,0.719048,60.0055,10,0.499,0.838564,60.9389,10,0.549,0.909092,0.2,-1.4,49.3,49.4,49.8,,,,normal,1,0,0,0,28.001204,0,28.001204,28.001204,28.001204,0,28.001204,28.001204,0,S1_full_pass_policy_band,0.0,full pass-through after 40/80/130 policy bands,0,0,0,8054.302694,0,0,0,0,0,0,0.01857,0,0.002786
2026-01-21,2026-01-20,85,85,8435,7450,2026年1月20日国内成品油价格按机制调整,https://www.ndrc.gov.cn/xwdt/xwfb/202601/t20260120_1403319.html,85,7942.5,1,up,85,2026-01,61.303,10,0.465,0.764325,65.352,10,3.013,4.83325,58.839,10,1.129,1.956333,61.9,10,1.8945,3.157211,63.1244,10,2.1855,3.586379,0.2,-1.4,49.3,49.4,49.8,,,,normal,1,0,0,0,106.093366,134.09457,134.09457,0,106.093366,134.09457,134.09457,0,-49.09457,S1_full_pass_policy_band,134.09457,full pass-through after 40/80/130 policy bands,17981.353703,0,18700.607852,17981.353703,0,0,0,0.03894,0,0.033748,0.041459,0,0.024391
2026-02-04,2026-02-03,205,195,8640,7645,2026年2月3日国内成品油价格按机制调整,https://www.ndrc.gov.cn/xwdt/xwfb/202602/t20260203_1403566.html,200,8142.5,1,up,200,2026-02,64.204,10,2.901,4.732232,68.787,10,3.435,5.256151,61.674,10,2.835,4.818233,65.2305,10,3.3305,5.380452,66.6531,10,3.5287,5.590073,1.3,-0.9,49,49.5,49.5,,,,normal,1,0,0,0,170.189541,170.189541,170.189541,0,170.189541,170.189541,170.189541,0,29.810459,S1_full_pass_policy_band,170.189541,full pass-through after 40/80/130 policy bands,28964.479866,0,36495.244631,1302.846931,0,0,0,0.062725,0,0.065861,0.003004,0,0.032597
2026-02-25,2026-02-24,175,170,8815,7815,2026年2月24日国内成品油价格按机制调整,https://www.ndrc.gov.cn/xwdt/xwfb/202602/t20260224_1403852.html,172.5,8315,1,up,172.5,2026-02,68.106,10,3.902,6.077503,71.247,10,2.46,3.576257,64.723,10,3.049,4.943736,68.004,10,2.7735,4.251845,69.3164,10,2.6633,3.995763,1.3,-0.9,49,49.5,49.5,,,,normal,1,0,0,0,128.893509,128.893509,128.893509,0,128.893509,128.893509,128.893509,0,43.606491,S1_full_pass_policy_band,128.893509,full pass-through after 40/80/130 policy bands,16613.536662,0,20933.056195,1705.362259,0,0,0,0.035978,0,0.037777,0.003932,0,0.019028
2026-03-10,2026-03-09,695,670,9510,8485,2026年3月9日国内成品油价格按机制调整,https://www.ndrc.gov.cn/xwdt/xwfb/202603/t20260309_1404075.html,682.5,8997.5,1,up,682.5,2026-03,77.672,10,9.566,14.045752,78.319,10,7.072,9.926032,72.118,10,7.395,11.425614,75.2185,10,7.2145,10.608935,76.4587,10,7.1423,10.303911,1,0.5,50.4,50.1,50.5,,,,normal,1,0,0,0,342.626959,342.626959,342.626959,0,342.626959,342.626959,342.626959,0,339.873041,S1_full_pass_policy_band,342.626959,full pass-through after 40/80/130 policy bands,117393.233034,0,140871.87964,45681.987649,0,0,0,0.254223,0,0.254223,0.105327,0,0.142911
2026-03-24,2026-03-23,1160,1115,10670,9600,2026年3月23日国内成品油价格调整,https://www.ndrc.gov.cn/xwdt/xwfb/202603/t20260323_1404295.html,1137.5,10135,1,up,1137.5,2026-03,125.659,10,47.987,61.781594,103.777,10,25.458,32.505522,93.959,10,21.841,30.285088,98.868,10,23.6495,31.441068,100.8316,10,24.3729,31.87721,1,0.5,50.4,50.1,50.5,,,,profit_deduction,0.583368,0,1,0,1164.85415,1164.85415,1164.85415,0,679.538636,679.538636,679.538636,0,457.961364,S1_full_pass_policy_band,679.538636,full pass-through after 40/80/130 policy bands,461772.757817,0,554127.30938,113509.478099,0,0,0,1,0,1,0.261714,0,0.539257
2026-04-08,2026-04-07,420,400,11090,10000,2026年4月7日国家继续实施调控，成品油价格适当调整,https://www.ndrc.gov.cn/xwdt/xwfb/202604/t20260407_1404528.html,410,10545,1,up,410,2026-04,123.192,10,-2.467,-1.96325,117.037,10,13.26,12.777398,100.815,10,6.856,7.2968,108.161,10,9.293,9.399401,111.7114,10,10.8798,10.79007,1.2,2.8,50.3,49.4,50.1,,,,profit_deduction,0.365772,0,1,0,520.976763,520.976763,520.976763,0,190.558713,190.558713,190.558713,0,219.441287,S1_full_pass_policy_band,190.558713,full pass-through after 40/80/130 policy bands,36312.6231,0,45027.652644,239101.365097,0,0,0,0.078637,0,0.081259,0.551286,0,0.122667
2026-04-22,2026-04-21,-555,-530,10535,9470,2026年4月21日国内成品油价格下调,https://www.ndrc.gov.cn/xwdt/xwfb/202604/t20260421_1404789.html,-542.5,10002.5,1,down,542.5,2026-04,107.016,10,-16.176,-13.130723,117.398,10,0.361,0.308449,96.897,10,-3.918,-3.886326,107.1475,10,-1.0135,-0.937029,111.2477,10,-0.4637,-0.415087,1.2,2.8,50.3,49.4,50.1,,,,profit_deduction,0.375046,0,0,0,-20.323838,0,-20.323838,-20.323838,-20.323838,0,-20.323838,-20.323838,-542.5,S1_full_pass_policy_band,0.0,full pass-through after 40/80/130 policy bands,0,0,0,36312.6231,0,0,0,0,0,0,0.083725,0,0.012559
2026-05-09,2026-05-08,320,310,10855,9780,2026年5月8日国内成品油价格调整,https://www.ndrc.gov.cn/xwdt/xwfb/202605/t20260508_1405100.html,315,10317.5,1,up,315,2026-05,112.562,10,5.546,5.182403,114.626,10,-2.772,-2.361199,102.368,10,5.471,5.646202,107.562,10,0.4145,0.38685,110.3876,10,-0.8601,-0.77314,,,,,,,,,profit_deduction,0.392248,0,0,0,-39.239654,-59.563493,-59.563493,0,-39.239654,-59.563493,-59.563493,0,374.563493,S1_full_pass_policy_band,-59.563493,full pass-through after 40/80/130 policy bands,0,0,0,3547.809698,0,0,0,0,0,0,0.00818,0,0.001227
2016-01-14,2016-01-13,-140,-135,6925,5970,完善成品油价格机制 同步下调成品油价格,https://www.ndrc.gov.cn/xwdt/ztzl/gncpyjg/201601/t20160113_1292913.html,-137.5,6447.5,1,down,137.5,2016-01,29.61,10,-9.253,-23.809279,33.936,10,-9.007,-20.974315,34.668,10,-5.88,-14.501332,34.302,10,-7.28,-17.507575,34.1556,10,-7.84,-18.668622,1.8,-5.3,49.4,53.5,,2669,752620.9,281.99,low_floor,1,1,0,0,-372.313579,-372.313579,-372.313579,0,0,0,0,0,-137.5,S5_segmented_policy_band,0.0,segmented smoothing after policy bands,0,0,0,0,0,0,0,0,0,0,0,0,0
2016-01-27,2016-01-27,0,0,6925,5970,1月27日国内成品油价格不作调整,https://www.ndrc.gov.cn/xwdt/ztzl/gncpyjg/201601/t20160127_1292914.html,0,6447.5,0,no_adjust,0,2016-01,24.442,10,-5.168,-17.453563,28.576,10,-5.36,-15.794437,29.813,10,-4.855,-14.004269,29.2835,10,-5.0185,-14.630342,29.0717,10,-5.0839,-14.884528,1.8,-5.3,49.4,53.5,,2669,752620.9,281.99,low_floor,1,1,0,0,-240.795213,-240.795213,-240.795213,0,0,0,0,0,0,S5_segmented_policy_band,0.0,segmented smoothing after policy bands,0,0,0,0,0,0,0,0,0,0,0,0,0
2016-02-15,2016-02-15,0,0,6925,5970,2月15日国内成品油价格不作调整,https://www.ndrc.gov.cn/xwdt/ztzl/gncpyjg/201602/t20160215_1292915.html,0,6447.5,0,no_adjust,0,2016-02,28.122,10,3.68,15.056051,31.297,10,2.721,9.521976,29.702,10,-0.111,-0.372321,30.4995,10,1.216,4.152509,30.8185,10,1.7468,6.008593,2.3,-4.9,49,52.7,,3180,737326.3,231.86,low_floor,1,0,0,0,85.159035,85.159035,85.159035,0,85.159035,85.159035,85.159035,0,-85.159035,S5_segmented_policy_band,76.64313150000001,segmented smoothing after policy bands,5874.169606,72.520612,8576.287625,5874.169606,8.515903,8.515903,72.520612,0.019876,0.003926,0.024183,0.019453,0.000201,0.014748
2016-02-29,2016-02-29,0,0,6925,5970,2月29日国内成品油价格不作调整,https://www.ndrc.gov.cn/xwdt/ztzl/gncpyjg/201602/t20160229_1292916.html,0,6447.5,0,no_adjust,0,2016-02,29.175,10,1.053,3.744399,32.654,10,1.357,4.335879,30.602,10,0.9,3.030099,31.628,10,1.1285,3.700061,32.0384,10,1.2199,3.958337,2.3,-4.9,49,52.7,,3180,737326.3,231.86,low_floor,1,0,0,0,60.015889,60.015889,60.015889,0,60.015889,60.015889,60.015889,0,-60.015889,S5_segmented_policy_band,54.0143001,segmented smoothing after policy bands,2917.544615,36.019069,4259.615138,512.064011,6.001589,14.517492,210.757586,0.009872,0.00195,0.012011,0.001696,0.000584,0.006203
2016-03-14,2016-03-14,0,0,6925,5970,3月14日国内成品油价格不作调整,https://www.ndrc.gov.cn/xwdt/ztzl/gncpyjg/201603/t20160314_1292917.html,0,6447.5,0,no_adjust,0,2016-03,33.3,10,4.125,14.138817,37.787,10,5.133,15.719361,36.064,10,5.462,17.848507,36.9255,10,5.2975,16.749399,37.2701,10,5.2317,16.329467,2.3,-4.3,50.2,53.8,,3261,771184.3,236.49,low_floor,1,0,0,0,251.455017,251.455017,251.455017,0,251.455017,251.455017,251.455017,0,-251.455017,S5_segmented_policy_band,226.30951530000002,segmented smoothing after policy bands,51215.996715,632.296256,74775.355204,29685.641181,25.145502,39.662994,1573.153101,0.1733,0.034232,0.210848,0.098305,0.004357,0.118283
2016-03-28,2016-03-28,0,0,6925,5970,3月28日国内成品油价格不作调整,https://www.ndrc.gov.cn/xwdt/ztzl/gncpyjg/201603/t20160328_1292918.html,0,6447.5,0,no_adjust,0,2016-03,35.493,10,2.193,6.585586,38.951,10,1.164,3.080424,38.788,10,2.724,7.553239,38.8695,10,1.944,5.264655,38.9021,10,1.632,4.378845,2.3,-4.3,50.2,53.8,,3261,771184.3,236.49,low_floor,1,0,0,0,79.680893,79.680893,79.680893,0,79.680893,79.680893,79.680893,0,-79.680893,S5_segmented_policy_band,71.7128037,segmented smoothing after policy bands,5142.726215,63.490447,7508.380273,23900.143238,7.968089,47.631083,2268.720106,0.017401,0.003437,0.021172,0.079146,0.006284,0.023145
2016-04-12,2016-04-12,0,0,6925,5970,4月12日国内成品油价格不作调整,https://www.ndrc.gov.cn/xwdt/ztzl/gncpyjg/201604/t20160412_1292919.html,0,6447.5,0,no_adjust,0,2016-04,34.606,10,-0.887,-2.499084,37.581,10,-1.37,-3.51724,37.018,10,-1.77,-4.563267,37.2995,10,-1.57,-4.039157,37.4121,10,-1.49,-3.830127,2.3,-3.4,50.1,53.5,,3258,870569.7,267.21,low_floor,1,1,0,0,-69.297859,-69.297859,-69.297859,0,0,0,0,0,0,S5_segmented_policy_band,0.0,segmented smoothing after policy bands,0,0,0,5142.726215,0,47.631083,2268.720106,0,0,0,0.01703,0.006284,0.003497
2016-04-27,2016-04-26,165,160,7090,6130,国内成品油价格按机制上调,https://www.ndrc.gov.cn/xwdt/ztzl/gncpyjg/201604/t20160426_1292920.html,162.5,6610,1,up,162.5,2016-04,38.674,10,4.068,11.755187,42.834,10,5.253,13.977808,41.662,10,4.644,12.545248,42.248,10,4.9485,13.266934,42.4824,10,5.0703,13.552567,2.3,-3.4,50.1,53.5,,3258,870569.7,267.21,normal,1,0,0,0,243.753168,243.753168,243.753168,0,243.753168,243.753168,243.753168,0,-81.253168,S5_segmented_policy_band,219.37785119999998,segmented smoothing after policy bands,48126.641597,594.156069,70264.896732,48126.641597,24.375317,72.0064,5184.92167,0.162846,0.032167,0.198129,0.159373,0.014362,0.122737
2016-05-12,2016-05-11,120,115,7210,6245,国内成品油价格按机制上调,https://www.ndrc.gov.cn/xwdt/ztzl/gncpyjg/201605/t20160511_1292921.html,117.5,6727.5,1,up,117.5,2016-05,41.279,10,2.605,6.735791,44.283,10,1.449,3.382827,44.651,10,2.989,7.174404,44.467,10,2.219,5.25232,44.3934,10,1.911,4.498333,2,-2.8,50.1,53.1,,3224,940142.9,291.61,normal,1,0,0,0,92.994497,92.994497,92.994497,0,92.994497,92.994497,92.994497,0,24.505503,S5_segmented_policy_band,83.6950473,segmented smoothing after policy bands,7004.860943,86.479765,9806.80532,18409.823274,9.29945,81.30585,6610.641228,0.023702,0.004682,0.027653,0.060965,0.018311,0.025666
2016-05-26,2016-05-25,210,200,7420,6445,国内成品油价格按机制上调,https://www.ndrc.gov.cn/xwdt/ztzl/gncpyjg/201605/t20160525_1292922.html,205,6932.5,1,up,205,2016-05,43.883,10,2.604,6.308292,47.743,10,3.46,7.813382,47.519,10,2.868,6.423148,47.631,10,3.164,7.115389,47.6758,10,3.2824,7.393892,2,-2.8,50.1,53.1,,3224,940142.9,291.61,normal,1,0,0,0,158.436349,158.436349,158.436349,0,158.436349,158.436349,158.436349,0,46.563651,S5_segmented_policy_band,142.59271410000002,segmented smoothing after policy bands,20332.682114,251.020767,28465.75496,3468.935154,15.843635,97.149485,9438.022397,0.0688,0.01359,0.080266,0.011488,0.026142,0.045629
2016-06-09,2016-06-08,110,110,7530,6555,国内成品油价格按机制上调,https://www.ndrc.gov.cn/xwdt/ztzl/gncpyjg/201606/t20160608_1292923.html,110,7042.5,1,up,110,2016-06,45.461,10,1.578,3.595926,49.022,10,1.279,2.678927,49.158,10,1.639,3.449147,49.09,10,1.459,3.063131,49.0628,10,1.387,2.909233,1.9,-2.6,50,53.7,,3062,983636.1,321.24,normal,1,0,0,0,67.989735,67.989735,67.989735,0,67.989735,67.989735,67.989735,0,42.010265,S5_segmented_policy_band,61.1907615,segmented smoothing after policy bands,3744.309293,46.226041,5167.146824,6626.277887,6.798973,103.948458,10805.281983,0.01267,0.002503,0.01457,0.021943,0.029929,0.015091
2016-06-23,2016-06-23,0,0,7530,6555,6月23日国内成品油价格不作调整,https://www.ndrc.gov.cn/xwdt/ztzl/gncpyjg/201606/t20160623_1292924.html,0,7042.5,0,no_adjust,0,2016-06,45.925,10,0.464,1.020655,48.252,10,-0.77,-1.570723,48.656,10,-0.502,-1.021197,48.454,10,-0.636,-1.29558,48.3732,10,-0.6896,-1.405546,1.9,-2.6,50,53.7,,3062,983636.1,321.24,normal,1,0,0,0,-31.103563,0,-31.103563,-31.103563,-31.103563,0,-31.103563,-31.103563,0,S5_segmented_policy_band,0.0,segmented smoothing after policy bands,0,0,0,3744.309293,0,103.948458,10805.281983,0,0,0,0.012399,0.029929,0.006349
2016-07-07,2016-07-07,0,0,7530,6555,7月7日国内成品油价格不作调整,https://www.ndrc.gov.cn/xwdt/ztzl/gncpyjg/201607/t20160707_1292925.html,0,7042.5,0,no_adjust,0,2016-07,45.21,10,-0.715,-1.556886,47.014,10,-1.238,-2.565697,48.017,10,-0.639,-1.313302,47.536,10,-0.918,-1.89458,47.3436,10,-1.0296,-2.128451,1.8,-1.7,49.9,53.9,,3107,1061217.3,341.56,normal,1,0,0,0,-47.328027,-78.43159,-78.43159,0,-47.328027,-78.43159,-78.43159,0,78.43159,S5_segmented_policy_band,-70.588431,segmented smoothing after policy bands,0,61.515143,0,4982.726591,-7.843159,96.105299,9236.228554,0,0.00333,0,0.0165,0.025583,0.006979
2016-07-22,2016-07-21,-155,-150,7375,6405,国内成品油价格按机制下调,https://www.ndrc.gov.cn/xwdt/ztzl/gncpyjg/201607/t20160721_1292926.html,-152.5,6890,1,down,152.5,2016-07,43.027,10,-2.183,-4.828578,45.502,10,-1.512,-3.216063,45.341,10,-2.676,-5.573026,45.4215,10,-2.1145,-4.448208,45.4537,10,-1.8899,-3.991881,1.8,-1.7,49.9,53.9,,3107,1061217.3,341.56,normal,1,0,0,0,-88.380692,-88.380692,-88.380692,0,-88.380692,-88.380692,-88.380692,0,-64.119308,S5_segmented_policy_band,-79.5426228,segmented smoothing after policy bands,0,78.111467,0,80.177551,-8.838069,87.26723,7615.569449,0,0.004229,0,0.000266,0.021094,0.00405
2016-08-05,2016-08-04,-220,-215,7155,6190,国内成品油价格按机制下调,https://www.ndrc.gov.cn/xwdt/ztzl/gncpyjg/201608/t20160804_1292927.html,-217.5,6672.5,1,down,217.5,2016-08,40.168,10,-2.859,-6.644665,42.258,10,-3.244,-7.129357,41.685,10,-3.656,-8.063342,41.9715,10,-3.45,-7.595522,42.0861,10,-3.3676,-7.408858,1.3,-0.8,50.4,53.5,,3285,1071423.6,326.16,normal,1,0,0,0,-158.895074,-158.895074,-158.895074,0,-158.895074,-158.895074,-158.895074,0,-58.604926,S5_segmented_policy_band,-143.0055666,segmented smoothing after policy bands,0,252.476445,0,4027.545236,-15.889507,71.377723,5094.779298,0,0.013669,0,0.013337,0.014112,0.006851
2016-08-19,2016-08-18,175,170,7330,6360,国内成品油价格按机制上调,https://www.ndrc.gov.cn/xwdt/ztzl/gncpyjg/201608/t20160818_1292928.html,172.5,6845,1,up,172.5,2016-08,41.994,10,1.826,4.545907,44.611,10,2.353,5.568176,43.842,10,2.157,5.174523,44.2265,10,2.255,5.372693,44.3803,10,2.2942,5.451206,1.3,-0.8,50.4,53.5,,3285,1071423.6,326.16,normal,1,0,0,0,111.280422,111.280422,111.280422,0,111.280422,111.280422,111.280422,0,61.219578,S5_segmented_policy_band,100.1523798,segmented smoothing after policy bands,10030.49918,123.833323,12638.428966,59125.786897,11.128042,82.505765,6807.201242,0.03394,0.006704,0.035637,0.195797,0.018855,0.050933
2016-09-02,2016-09-01,205,200,7535,6560,国内成品油价格按机制上调,https://www.ndrc.gov.cn/xwdt/ztzl/gncpyjg/201609/t20160901_1292929.html,202.5,7047.5,1,up,202.5,2016-09,45.558,10,3.564,8.486927,48.766,10,4.155,9.313846,46.989,10,3.147,7.178048,47.8775,10,3.651,8.255232,48.2329,10,3.8526,8.680879,1.9,0.1,50.4,53.7,,3306,1051321.5,318,normal,1,0,0,0,185.645729,185.645729,185.645729,0,185.645729,185.645729,185.645729,0,16.854271,S5_segmented_policy_band,167.0811561,segmented smoothing after policy bands,27916.112724,344.643367,38524.235559,4479.461097,18.564573,101.070338,10215.213183,0.09446,0.018659,0.108629,0.014834,0.028295,0.060973
2016-09-19,2016-09-18,-155,-150,7380,6410,国内成品油价格按机制下调,https://www.ndrc.gov.cn/xwdt/ztzl/gncpyjg/201609/t20160918_1292930.html,-152.5,6895,1,down,152.5,2016-09,43.204,10,-2.354,-5.16704,46.857,10,-1.909,-3.914613,44.992,10,-1.997,-4.249931,45.8865,10,-1.991,-4.15853,46.2443,10,-1.9886,-4.122912,1.9,0.1,50.4,53.7,,3306,1051321.5,318,normal,1,0,0,0,-93.090558,-93.090558,-93.090558,0,-93.090558,-93.090558,-93.090558,0,-59.409442,S5_segmented_policy_band,-83.7815022,segmented smoothing after policy bands,0,86.65852,0,62932.073329,-9.309056,91.761282,8420.132874,0,0.004692,0,0.208402,0.023323,0.035697
2016-09-30,2016-09-30,0,0,7380,6410,9月30日国内成品油价格不作调整,https://www.ndrc.gov.cn/xwdt/ztzl/gncpyjg/201609/t20160930_1292931.html,0,6895,0,no_adjust,0,2016-09,42.509,10,-0.695,-1.608647,46.193,10,-0.664,-1.417077,45.106,10,0.114,0.253378,45.6495,10,-0.237,-0.516492,45.8669,10,-0.3774,-0.816101,1.9,0.1,50.4,53.7,,3306,1051321.5,318,normal,1,0,0,0,-16.205688,0,-16.205688,-16.205688,-16.205688,0,-16.205688,-16.205688,0,S5_segmented_policy_band,0.0,segmented smoothing after policy bands,0,0,0,7019.340111,0,91.761282,8420.132874,0,0,0,0.023245,0.023323,0.006985
2016-10-20,2016-10-19,355,340,7735,6750,国内成品油价格按机制上调,https://www.ndrc.gov.cn/xwdt/ztzl/gncpyjg/201610/t20161019_1292932.html,347.5,7242.5,1,up,347.5,2016-10,48.316,10,5.807,13.660637,49.903,10,3.71,8.03152,50.166,10,5.06,11.21802,50.0345,10,4.385,9.605801,49.9819,10,4.115,8.971611,2.1,1.2,51.2,54,,2879,940085,326.53,normal,1,0,0,0,198.167197,181.96151,181.96151,0,198.167197,181.96151,181.96151,0,165.53849,S5_segmented_policy_band,163.76535900000002,segmented smoothing after policy bands,26819.092808,331.099911,38083.111788,26819.092808,18.196151,109.957433,12090.637072,0.090748,0.017925,0.107385,0.088812,0.033489,0.071464
2016-11-02,2016-11-02,0,0,7735,6750,11月2日国内成品油价格不作调整,https://www.ndrc.gov.cn/xwdt/ztzl/gncpyjg/201611/t20161102_1292933.html,0,7242.5,0,no_adjust,0,2016-11,47.32,10,-0.996,-2.061429,48.929,10,-0.974,-1.951786,49.281,10,-0.885,-1.764143,49.105,10,-0.9295,-1.857718,49.0346,10,-0.9473,-1.895286,2.3,3.3,51.7,54.7,,3235,1121513.6,346.68,normal,1,0,0,0,-43.400752,0,-43.400752,-43.400752,-43.400752,0,-43.400752,-43.400752,0,S5_segmented_policy_band,0.0,segmented smoothing after policy bands,0,0,0,26819.092808,0,109.957433,12090.637072,0,0,0,0.088812,0.033489,0.018345
2016-11-17,2016-11-16,-365,-355,7370,6395,国内成品油价格按机制下调,https://www.ndrc.gov.cn/xwdt/ztzl/gncpyjg/201611/t20161116_1292934.html,-360,6882.5,1,down,360,2016-11,42.066,10,-5.254,-11.103128,43.26,10,-5.669,-11.586176,44.625,10,-4.656,-9.44786,43.9425,10,-5.1625,-10.513186,43.6695,10,-5.3651,-10.941458,2.3,3.3,51.7,54.7,,3235,1121513.6,346.68,normal,1,0,0,0,-254.213799,-297.614551,-297.614551,0,-254.213799,-297.614551,-297.614551,0,-62.385449,S5_segmented_policy_band,-267.8530959,segmented smoothing after policy bands,0,885.74421,0,71745.280983,-29.761455,80.195978,6431.394871,0,0.047953,0,0.237587,0.017814,0.047901
2016-12-01,2016-11-30,175,170,7545,6565,国内成品油价格按机制上调,https://www.ndrc.gov.cn/xwdt/ztzl/gncpyjg/201611/t20161130_1292935.html,172.5,7055,1,up,172.5,2016-12,44.083,10,2.017,4.794846,45.783,10,2.523,5.832178,46.242,10,1.617,3.623529,45.843,10,1.9005,4.32497,45.6834,10,2.0139,4.611686,2.1,5.5,51.4,54.5,,3638,1229788.7,338.04,normal,1,0,0,0,97.904783,97.904783,97.904783,0,97.904783,97.904783,97.904783,0,74.595217,S5_segmented_policy_band,88.11430469999999,segmented smoothing after policy bands,7764.130693,95.853465,11025.065584,126712.79029,9.790478,89.986456,8097.562299,0.026271,0.005189,0.031088,0.419614,0.022429,0.081684
2016-12-15,2016-12-14,435,420,7980,6985,国内成品油价格按机制上调,https://www.ndrc.gov.cn/xwdt/ztzl/gncpyjg/201612/t20161214_1292936.html,427.5,7482.5,1,up,427.5,2016-12,50.357,10,6.274,14.232244,52.115,10,6.332,13.830461,51.279,10,5.037,10.892695,51.697,10,5.854,12.76967,51.8642,10,6.1808,13.529641,2.1,5.5,51.4,54.5,,3638,1229788.7,338.04,normal,1,0,0,0,296.74513,296.74513,296.74513,0,296.74513,296.74513,296.74513,0,130.75487,S5_segmented_policy_band,267.070617,segmented smoothing after policy bands,71326.714465,880.576722,101283.93454,32025.361712,29.674513,119.660969,14318.74755,0.241348,0.047674,0.285595,0.106053,0.039661,0.163128
2016-12-29,2016-12-28,100,95,8080,7080,国内成品油价格按机制上调,https://www.ndrc.gov.cn/xwdt/ztzl/gncpyjg/201612/t20161228_1292937.html,97.5,7580,1,up,97.5,2016-12,51.861,10,1.504,2.986675,53.536,10,1.421,2.726662,51.943,10,0.664,1.294877,52.7355,10,1.0385,2.008821,53.0557,10,1.1915,2.297346,2.1,5.5,51.4,54.5,,3638,1229788.7,338.04,normal,1,0,0,0,58.660669,58.660669,58.660669,0,58.660669,58.660669,58.660669,0,38.839331,S5_segmented_policy_band,52.7946021,segmented smoothing after policy bands,2787.270011,34.410741,3957.923415,45914.210561,5.866067,125.527036,15757.036792,0.009431,0.001863,0.01116,0.152047,0.043645,0.034874
2017-01-13,2017-01-12,70,70,8150,7150,国内成品油价格按机制上调,https://www.ndrc.gov.cn/xwdt/ztzl/gncpyjg/201701/t20170112_1292938.html,70,7650,1,up,70,2017-01,52.78,10,0.919,1.772045,54.659,10,1.123,2.097654,52.989,10,1.046,2.013746,53.824,10,1.0885,2.064074,54.158,10,1.1023,2.077628,2.5,6.9,51.3,54.6,54,3403,1296886.6,381.1,normal,1,0,0,0,54.404133,54.404133,54.404133,0,54.404133,54.404133,54.404133,0,15.595867,S5_segmented_policy_band,0.0,segmented smoothing after policy bands,0,2959.809687,0,2787.270011,54.404133,179.931169,32375.225614,0,0.160242,0,0.00923,0.089675,0.046884
2017-01-26,2017-01-25,-70,-70,8080,7080,国内成品油价格按机制下调,https://www.ndrc.gov.cn/xwdt/ztzl/gncpyjg/201701/t20170125_1292939.html,-70,7580,1,down,70,2017-01,52.077,10,-0.703,-1.331944,54.296,10,-0.363,-0.664118,52.082,10,-0.907,-1.711676,53.134,10,-0.69,-1.281956,53.5548,10,-0.6032,-1.113778,2.5,6.9,51.3,54.6,54,3403,1296886.6,381.1,normal,1,0,0,0,-26.98064,0,-26.98064,-26.98064,-26.98064,0,-26.98064,-26.98064,-70,S5_segmented_policy_band,0.0,segmented smoothing after policy bands,0,0,0,0,0,179.931169,32375.225614,0,0,0,0,0.089675,0.013451
2017-02-15,2017-02-14,50,50,8130,7130,国内成品油价格按机制上调,https://www.ndrc.gov.cn/xwdt/ztzl/gncpyjg/201702/t20170214_1292940.html,50,7630,1,up,50,2017-02,53.126,10,1.049,2.014325,54.946,10,0.65,1.197142,53.137,10,1.055,2.025652,54.0415,10,0.9075,1.707946,54.4033,10,0.8485,1.584358,0.8,7.8,51.6,54.2,54,3178,1249189.9,393.07,normal,1,0,0,0,42.293048,0,15.312407,15.312407,42.293048,0,15.312407,15.312407,50,S5_segmented_policy_band,0.0,segmented smoothing after policy bands,0,0,0,0,0,179.931169,32375.225614,0,0,0,0,0.089675,0.013451
2017-02-28,2017-02-28,0,0,8130,7130,2月28日国内成品油价格不作调整,https://www.ndrc.gov.cn/xwdt/ztzl/gncpyjg/201702/t20170228_1292941.html,0,7630,0,no_adjust,0,2017-02,53.492,10,0.366,0.688928,54.982,10,0.036,0.065519,53.624,10,0.487,0.916499,54.248,10,0.2065,0.382114,54.4976,10,0.0943,0.173335,0.8,7.8,51.6,54.2,54,3178,1249189.9,393.07,normal,1,0,0,0,6.30337,0,21.615777,21.615777,6.30337,0,21.615777,21.615777,0,S5_segmented_policy_band,0.0,segmented smoothing after policy bands,0,0,0,0,0,179.931169,32375.225614,0,0,0,0,0.089675,0.013451
2017-03-15,2017-03-14,-85,-85,8045,7045,国内成品油价格按机制下调,https://www.ndrc.gov.cn/xwdt/ztzl/gncpyjg/201703/t20170314_1292942.html,-85,7545,1,down,85,2017-03,52.329,10,-1.163,-2.174157,53.138,10,-1.844,-3.353825,51.423,10,-2.201,-4.104505,52.2805,10,-1.9675,-3.626862,52.6235,10,-1.8741,-3.438867,0.9,7.6,51.8,55.1,54.7,3895,1535754.3,394.29,normal,1,0,0,0,-87.626732,-66.010954,-66.010954,0,-87.626732,-66.010954,-66.010954,0,-18.989046,S5_segmented_policy_band,-59.4098586,segmented smoothing after policy bands,0,43.57446,0,3529.531299,-6.601095,173.330074,30043.314449,0,0.002359,0,0.011688,0.083216,0.014707
2017-03-29,2017-03-28,-230,-220,7815,6825,国内成品油价格按机制下调,https://www.ndrc.gov.cn/xwdt/ztzl/gncpyjg/201703/t20170328_1292943.html,-225,7320,1,down,225,2017-03,48.841,10,-3.488,-6.66552,50.2,10,-2.938,-5.529,47.564,10,-3.859,-7.504424,48.882,10,-3.3985,-6.500512,49.4092,10,-3.2143,-6.108108,0.9,7.6,51.8,55.1,54.7,3895,1535754.3,394.29,normal,1,0,0,0,-151.57975,-151.57975,-151.57975,0,-151.57975,-151.57975,-151.57975,0,-73.42025,S5_segmented_policy_band,-136.421775,segmented smoothing after policy bands,0,229.764206,0,5930.835268,-15.157975,158.172099,25018.412807,0,0.012439,0,0.01964,0.069298,0.015829
2017-04-13,2017-04-12,200,190,8015,7015,国内成品油价格按机制上调,https://www.ndrc.gov.cn/xwdt/ztzl/gncpyjg/201704/t20170412_1292944.html,195,7515,1,up,195,2017-04,51.469,10,2.628,5.380725,53.172,10,2.972,5.920319,51.307,10,3.743,7.869397,52.2395,10,3.3575,6.868581,52.6125,10,3.2033,6.483206,1.2,6.4,51.2,54,53.9,3439,1306318.4,379.85,normal,1,0,0,0,154.661775,154.661775,154.661775,0,154.661775,154.661775,154.661775,0,40.338225,S5_segmented_policy_band,139.19559750000002,segmented smoothing after policy bands,19375.414363,239.202646,24025.513811,75964.936024,15.466177,173.638276,30150.250962,0.065561,0.01295,0.067746,0.251561,0.083512,0.086178
2017-04-26,2017-04-26,0,0,8015,7015,4月26日国内成品油价格不作调整,https://www.ndrc.gov.cn/xwdt/ztzl/gncpyjg/201704/t20170426_1292945.html,0,7515,0,no_adjust,0,2017-04,51.698,10,0.229,0.444928,52.376,10,-0.796,-1.497029,51.328,10,0.021,0.04093,51.852,10,-0.3875,-0.741776,52.0616,10,-0.5509,-1.04709,1.2,6.4,51.2,54,53.9,3439,1306318.4,379.85,normal,1,0,0,0,-24.484936,0,-24.484936,-24.484936,-24.484936,0,-24.484936,-24.484936,0,S5_segmented_policy_band,0.0,segmented smoothing after policy bands,0,0,0,19375.414363,0,173.638276,30150.250962,0,0,0,0.064162,0.083512,0.022151
2017-05-12,2017-05-11,-250,-235,7765,6780,国内成品油价格按机制下调,https://www.ndrc.gov.cn/xwdt/ztzl/gncpyjg/201705/t20170511_1292946.html,-242.5,7272.5,1,down,242.5,2017-05,48.005,10,-3.693,-7.14341,48.42,10,-3.956,-7.553078,47.39,10,-3.938,-7.672226,47.905,10,-3.947,-7.61205,48.111,10,-3.9506,-7.588318,1.5,5.5,51.2,54.5,54.1,3720,1413334.7,379.93,normal,1,0,0,0,-186.715258,-211.200194,-211.200194,0,-186.715258,-211.200194,-211.200194,0,-31.299806,S5_segmented_policy_band,-190.08017460000002,segmented smoothing after policy bands,0,446.055219,0,36130.472776,-21.120019,152.518257,23261.818657,0,0.024149,0,0.119647,0.064432,0.032442
2017-05-26,2017-05-25,140,135,7905,6915,国内成品油价格按机制上调,https://www.ndrc.gov.cn/xwdt/ztzl/gncpyjg/201705/t20170525_1292947.html,137.5,7410,1,up,137.5,2017-05,50.138,10,2.133,4.443287,51.684,10,3.264,6.741016,49.478,10,2.088,4.405993,50.581,10,2.676,5.586056,51.0222,10,2.9112,6.051007,1.5,5.5,51.2,54.5,54.1,3720,1413334.7,379.93,normal,1,0,0,0,140.723052,140.723052,140.723052,0,140.723052,140.723052,140.723052,0,-3.223052,S5_segmented_policy_band,126.6507468,segmented smoothing after policy bands,16040.411665,198.029774,20852.535164,100318.476571,14.072305,166.590562,27752.415347,0.054276,0.010721,0.058799,0.332208,0.07687,0.091775
2017-06-10,2017-06-09,-180,-175,7725,6740,国内成品油价格按机制下调,https://www.ndrc.gov.cn/xwdt/ztzl/gncpyjg/201706/t20170609_1292948.html,-177.5,7232.5,1,down,177.5,2017-06,48.032,10,-2.106,-4.200407,49.175,10,-2.509,-4.8545,47.908,10,-1.57,-3.173127,48.5415,10,-2.0395,-4.032146,48.7949,10,-2.2273,-4.365355,1.5,5.5,51.7,54.9,54.7,3611,1310854.3,363.02,normal,1,0,0,0,-104.481086,-104.481086,-104.481086,0,-104.481086,-104.481086,-104.481086,0,-73.018914,S5_segmented_policy_band,-94.03297740000001,segmented smoothing after policy bands,0,109.162973,0,48701.306127,-10.448109,156.142453,24380.465754,0,0.00591,0,0.161276,0.067531,0.035503
2017-06-24,2017-06-23,-250,-240,7475,6500,国内成品油价格按机制下调,https://www.ndrc.gov.cn/xwdt/ztzl/gncpyjg/201706/t20170623_1292949.html,-245,6987.5,1,down,245,2017-06,44.564,10,-3.468,-7.220187,45.654,10,-3.521,-7.160142,44.491,10,-3.417,-7.13242,45.0725,10,-3.469,-7.146462,45.3051,10,-3.4898,-7.151977,1.5,5.5,51.7,54.9,54.7,3611,1310854.3,363.02,normal,1,0,0,0,-164.726338,-164.726338,-164.726338,0,-164.726338,-164.726338,-164.726338,0,-80.273662,S5_segmented_policy_band,-148.25370420000002,segmented smoothing after policy bands,0,271.347664,0,2939.887215,-16.472634,139.66982,19507.658507,0,0.014691,0,0.009736,0.054034,0.012503
2017-07-07,2017-07-07,0,0,7475,6500,7月7日国内成品油价格不作调整,https://www.ndrc.gov.cn/xwdt/ztzl/gncpyjg/201707/t20170707_1292950.html,0,6987.5,0,no_adjust,0,2017-07,45.416,10,0.852,1.911857,46.934,10,1.28,2.803697,44.163,10,-0.328,-0.737228,45.0885,10,0.016,0.035498,45.4587,10,0.1536,0.339035,1.4,5.5,51.4,54.5,54.1,3474,1186558.3,341.55,normal,1,0,0,0,9.133107,0,9.133107,9.133107,9.133107,0,9.133107,9.133107,0,S5_segmented_policy_band,0.0,segmented smoothing after policy bands,0,0,0,21979.160809,0,139.66982,19507.658507,0,0,0,0.072785,0.054034,0.019023
2017-07-22,2017-07-21,75,75,7550,6575,国内成品油价格按机制上调,https://www.ndrc.gov.cn/xwdt/ztzl/gncpyjg/201707/t20170721_1292951.html,75,7062.5,1,up,75,2017-07,46.033,10,0.617,1.358552,47.445,10,0.511,1.088763,45.803,10,1.64,3.713516,46.624,10,1.5355,3.405525,46.9524,10,1.4937,3.28584,1.4,5.5,51.4,54.5,54.1,3474,1186558.3,341.55,normal,1,0,0,0,73.081354,82.214461,82.214461,0,73.081354,82.214461,82.214461,0,-7.214461,S5_segmented_policy_band,73.9930149,segmented smoothing after policy bands,5474.966254,67.592176,7007.956805,5474.966254,8.221446,147.891266,21871.82647,0.018526,0.003659,0.019761,0.018131,0.060582,0.02211
2017-08-05,2017-08-04,175,165,7725,6740,国内成品油价格按机制上调,https://www.ndrc.gov.cn/xwdt/ztzl/gncpyjg/201708/t20170804_1292952.html,170,7232.5,1,up,170,2017-08,48.655,10,2.622,5.695914,50.495,10,3.05,6.428496,48.514,10,2.711,5.918826,49.5045,10,2.8805,6.178149,49.9007,10,2.9483,6.279338,1.8,6.3,51.7,53.4,53.7,3398,1176655.2,346.28,normal,1,0,0,0,142.493427,142.493427,142.493427,0,142.493427,142.493427,142.493427,0,27.506573,S5_segmented_policy_band,128.2440843,segmented smoothing after policy bands,16446.545158,203.043767,22367.301415,2943.178531,14.249343,162.140608,26289.576892,0.05565,0.010993,0.06307,0.009746,0.072818,0.044263
2017-08-18,2017-08-18,0,0,7725,6740,8月18日国内成品油价格不作调整,https://www.ndrc.gov.cn/xwdt/ztzl/gncpyjg/201708/t20170818_1292953.html,0,7232.5,0,no_adjust,0,2017-08,49.574,10,0.919,1.888809,51.425,10,0.93,1.841767,48.398,10,-0.116,-0.239106,49.9115,10,0.407,0.822147,50.5169,10,0.6162,1.234852,1.8,6.3,51.7,53.4,53.7,3398,1176655.2,346.28,normal,1,0,0,0,31.207922,0,31.207922,31.207922,31.207922,0,31.207922,31.207922,0,S5_segmented_policy_band,0.0,segmented smoothing after policy bands,0,0,0,16446.545158,0,162.140608,26289.576892,0,0,0,0.054463,0.072818,0.019092
2017-09-01,2017-09-01,0,0,7725,6740,9月1日国内成品油价格不作调整,https://www.ndrc.gov.cn/xwdt/ztzl/gncpyjg/201709/t20170901_1292954.html,0,7232.5,0,no_adjust,0,2017-09,49.548,10,-0.026,-0.052447,51.921,10,0.496,0.964511,47.305,10,-1.093,-2.258358,49.613,10,-0.2985,-0.598059,50.5362,10,0.0193,0.038205,1.6,6.9,52.4,55.4,55.1,3701,1360255.4,367.54,normal,1,0,0,0,2.724444,0,33.932365,33.932365,2.724444,0,33.932365,33.932365,0,S5_segmented_policy_band,0.0,segmented smoothing after policy bands,0,0,0,0,0,162.140608,26289.576892,0,0,0,0,0.072818,0.010923
2017-09-16,2017-09-15,95,95,7820,6835,国内成品油价格按机制上调,https://www.ndrc.gov.cn/xwdt/ztzl/gncpyjg/201709/t20170915_1292955.html,95,7327.5,1,up,95,2017-09,51.853,10,2.305,4.652055,54.411,10,2.49,4.795747,48.431,10,1.126,2.380298,51.4255,10,1.8125,3.653276,52.6233,10,2.0871,4.129911,1.6,6.9,52.4,55.4,55.1,3701,1360255.4,367.54,normal,1,0,0,0,101.397815,135.33018,135.33018,0,101.397815,135.33018,135.33018,0,-40.33018,S5_segmented_policy_band,121.79716200000001,segmented smoothing after policy bands,14834.548671,183.142576,19581.604246,14834.548671,13.533018,175.673626,30861.223013,0.050196,0.009915,0.055215,0.049125,0.085481,0.048527
2017-09-30,2017-09-29,210,195,8030,7030,国内成品油价格按机制上调,https://www.ndrc.gov.cn/xwdt/ztzl/gncpyjg/201709/t20170929_1292956.html,202.5,7530,1,up,202.5,2017-09,54.843,10,2.99,5.766301,57.808,10,3.397,6.243223,50.772,10,2.341,4.833681,54.29,10,2.8645,5.570194,55.6972,10,3.0739,5.841329,1.6,6.9,52.4,55.4,55.1,3701,1360255.4,367.54,normal,1,0,0,0,148.486935,148.486935,148.486935,0,148.486935,148.486935,148.486935,0,54.013065,S5_segmented_policy_band,133.6382415,segmented smoothing after policy bands,17859.179591,220.483699,23574.11706,140.211164,14.848693,190.52232,36298.75438,0.06043,0.011937,0.066473,0.000464,0.100543,0.049264
2017-10-19,2017-10-19,0,0,8030,7030,10月19日国内成品油价格不作调整,https://www.ndrc.gov.cn/xwdt/ztzl/gncpyjg/201710/t20171019_1292957.html,0,7530,0,no_adjust,0,2017-10,54.881,10,0.038,0.069289,56.679,10,-1.129,-1.953017,50.976,10,0.204,0.401796,53.8275,10,-0.4625,-0.851906,54.9681,10,-0.7291,-1.309042,1.9,6.9,51.6,54.3,53.9,3103,1213554.1,391.09,normal,1,0,0,0,-32.988464,0,-32.988464,-32.988464,-32.988464,0,-32.988464,-32.988464,0,S5_segmented_policy_band,0.0,segmented smoothing after policy bands,0,0,0,17859.179591,0,190.52232,36298.75438,0,0,0,0.059141,0.100543,0.023953
2017-11-03,2017-11-02,150,150,8180,7180,国内成品油价格按机制上调,https://www.ndrc.gov.cn/xwdt/ztzl/gncpyjg/201711/t20171102_1292958.html,150,7680,1,up,150,2017-11,56.863,10,1.982,3.61145,59.157,10,2.478,4.37199,52.824,10,1.848,3.625235,55.9905,10,2.163,4.018392,57.2571,10,2.289,4.164233,1.7,5.8,51.8,54.8,54.6,3704,1413334.7,381.57,normal,1,0,0,0,111.032283,78.043819,78.043819,0,111.032283,78.043819,78.043819,0,71.956181,S5_segmented_policy_band,70.2394371,segmented smoothing after policy bands,4933.578524,60.908377,6610.995222,4933.578524,7.804382,198.326702,39333.480647,0.016694,0.003298,0.018641,0.016338,0.108948,0.028286
2017-11-17,2017-11-16,265,250,8445,7430,国内成品油价格按机制上调,https://www.ndrc.gov.cn/xwdt/ztzl/gncpyjg/201711/t20171116_1292959.html,257.5,7937.5,1,up,257.5,2017-11,60.746,10,3.883,6.828694,62.874,10,3.717,6.28328,56.316,10,3.492,6.610632,59.595,10,3.6045,6.437699,60.9066,10,3.6495,6.373882,1.7,5.8,51.8,54.8,54.6,3704,1413334.7,381.57,normal,1,0,0,0,175.953998,175.953998,175.953998,0,175.953998,175.953998,175.953998,0,81.546002,S5_segmented_policy_band,158.35859820000002,segmented smoothing after policy bands,25077.445624,309.598094,33603.777136,7764.986553,17.5954,215.922102,46622.353959,0.084855,0.016761,0.094754,0.025714,0.129137,0.071482
2017-11-30,2017-11-30,0,0,8445,7430,11月30日国内成品油价格不作调整,https://www.ndrc.gov.cn/xwdt/ztzl/gncpyjg/201711/t20171130_1292960.html,0,7937.5,0,no_adjust,0,2017-11,60.853,10,0.107,0.176143,62.646,10,-0.228,-0.36263,56.981,10,0.665,1.180837,59.7125,10,0.1175,0.197164,60.8051,10,-0.1015,-0.166649,1.7,5.8,51.8,54.8,54.6,3704,1413334.7,381.57,normal,1,0,0,0,-3.040013,0,-3.040013,-3.040013,-3.040013,0,-3.040013,-3.040013,0,S5_segmented_policy_band,0.0,segmented smoothing after policy bands,0,0,0,25077.445624,0,215.922102,46622.353959,0,0,0,0.083045,0.129137,0.031827
2017-12-14,2017-12-14,0,0,8445,7430,12月14日国内成品油价格不作调整,https://www.ndrc.gov.cn/xwdt/ztzl/gncpyjg/201712/t20171214_1292961.html,0,7937.5,0,no_adjust,0,2017-12,61.316,10,0.463,0.76085,63.772,10,1.126,1.797401,57.188,10,0.207,0.363279,60.48,10,0.7675,1.285326,61.7968,10,0.9917,1.630949,1.8,4.9,51.6,55,54.6,3370,1492760.9,442.96,normal,1,0,0,0,49.12641,0,46.086398,46.086398,49.12641,0,46.086398,46.086398,0,S5_segmented_policy_band,0.0,segmented smoothing after policy bands,0,0,0,0,0,215.922102,46622.353959,0,0,0,0,0.129137,0.019371
2017-12-29,2017-12-28,70,70,8515,7500,国内成品油价格按机制上调,https://www.ndrc.gov.cn/xwdt/ztzl/gncpyjg/201712/t20171228_1292962.html,70,8007.5,1,up,70,2017-12,62.2,10,0.884,1.441712,64.4,10,0.628,0.984758,57.944,10,0.756,1.321956,61.0505,10,0.5705,0.943287,62.3903,10,0.5935,0.960406,1.8,4.9,51.6,55,54.6,3370,1492760.9,442.96,normal,1,0,0,0,30.1247,76.211098,76.211098,0,30.1247,76.211098,76.211098,0,-6.211098,S5_segmented_policy_band,68.58998820000001,segmented smoothing after policy bands,4704.586481,58.081315,6398.237615,4704.586481,7.62111,223.543211,49971.567363,0.015919,0.003144,0.018041,0.015579,0.138414,0.032218
2018-01-13,2018-01-12,180,175,8695,7675,国内成品油价格按机制上调,https://www.ndrc.gov.cn/xwdt/ztzl/gncpyjg/201801/t20180112_1292963.html,177.5,8185,1,up,177.5,2018-01,65.746,10,3.546,5.700965,68.248,10,3.848,5.975155,61.781,10,3.837,6.621911,65.0145,10,3.964,6.492985,66.3079,10,3.9176,6.279181,1.5,4.3,51.3,55.3,54.6,4064,1876820,461.82,normal,1,0,0,0,188.747464,188.747464,188.747464,0,188.747464,188.747464,188.747464,0,-11.247464,S5_segmented_policy_band,169.87271760000002,segmented smoothing after policy bands,28856.740185,356.256052,37513.76224,10258.191275,18.874746,242.417958,58766.466264,0.097643,0.019287,0.105779,0.03397,0.162775,0.084225
2018-01-27,2018-01-26,65,60,8760,7735,国内成品油价格按机制上调,https://www.ndrc.gov.cn/xwdt/ztzl/gncpyjg/201801/t20180126_1292964.html,62.5,8247.5,1,up,62.5,2018-01,67.352,10,1.606,2.442734,69.67,10,1.422,2.083578,64.253,10,2.472,4.00123,66.964,10,1.9495,2.998562,68.0484,10,1.7405,2.624876,1.5,4.3,51.3,55.3,54.6,4064,1876820,461.82,normal,1,0,0,0,84.858406,84.858406,84.858406,0,84.858406,84.858406,84.858406,0,-22.358406,S5_segmented_policy_band,76.3725654,segmented smoothing after policy bands,5832.768746,72.009491,7582.59937,8742.278461,8.485841,250.903798,62952.716052,0.019736,0.003899,0.021381,0.02895,0.17437,0.041557
2018-02-10,2018-02-09,-170,-160,8590,7575,国内成品油价格按机制下调,https://www.ndrc.gov.cn/xwdt/ztzl/gncpyjg/201802/t20180209_1292965.html,-165,8082.5,1,down,165,2018-02,66.015,10,-1.337,-1.985093,67.454,10,-2.216,-3.180709,64.373,10,0.12,0.186762,65.9135,10,-1.0505,-1.568753,66.5297,10,-1.5187,-2.231794,2.9,3.7,50.3,54.4,52.9,3226,1579220,489.53,normal,1,0,0,0,-70.667395,-70.667395,-70.667395,0,-70.667395,-70.667395,-70.667395,0,-94.332605,S5_segmented_policy_band,-63.6006555,segmented smoothing after policy bands,0,49.938807,0,19592.502569,-7.066739,243.837059,59456.511293,0,0.002704,0,0.064881,0.164686,0.034976
2018-03-01,2018-02-28,-190,-185,8400,7390,国内成品油价格按机制下调,https://www.ndrc.gov.cn/xwdt/ztzl/gncpyjg/201802/t20180228_1292966.html,-187.5,7895,1,down,187.5,2018-03,63.072,10,-2.943,-4.458078,65.26,10,-2.194,-3.252587,62.003,10,-2.37,-3.681668,63.481,10,-2.4325,-3.690443,64.0722,10,-2.4575,-3.693839,2.1,3.1,51.5,54.6,54,3917,1829280,467.01,normal,1,0,0,0,-115.466003,-115.466003,-115.466003,0,-115.466003,-115.466003,-115.466003,0,-72.033997,S5_segmented_policy_band,-103.9194027,segmented smoothing after policy bands,0,133.323978,0,1625.601376,-11.5466,232.290459,53958.857157,0,0.007218,0,0.005383,0.149459,0.02467
2018-03-14,2018-03-14,0,0,8400,7390,3月14日国内成品油价格不作调整,https://www.ndrc.gov.cn/xwdt/ztzl/gncpyjg/201803/t20180314_1292967.html,0,7895,0,no_adjust,0,2018-03,62.498,10,-0.574,-0.910071,64.89,10,-0.37,-0.566963,61.391,10,-0.612,-0.987049,63.1405,10,-0.3405,-0.536381,63.8403,10,-0.2319,-0.361935,2.1,3.1,51.5,54.6,54,3917,1829280,467.01,normal,1,0,0,0,-9.262572,0,-9.262572,-9.262572,-9.262572,0,-9.262572,-9.262572,0,S5_segmented_policy_band,0.0,segmented smoothing after policy bands,0,0,0,10799.242258,0,232.290459,53958.857157,0,0,0,0.035762,0.149459,0.027783
2018-03-29,2018-03-28,170,165,8570,7555,国内成品油价格按机制上调,https://www.ndrc.gov.cn/xwdt/ztzl/gncpyjg/201803/t20180328_1292968.html,167.5,8062.5,1,up,167.5,2018-03,64.597,10,2.099,3.358507,66.638,10,1.748,2.693789,63.557,10,2.166,3.528204,65.0975,10,1.957,3.099437,65.7137,10,1.8734,2.93451,2.1,3.1,51.5,54.6,54,3917,1829280,467.01,normal,1,0,0,0,91.200262,81.937691,81.937691,0,91.200262,81.937691,81.937691,0,85.562309,S5_segmented_policy_band,73.7439219,segmented smoothing after policy bands,5438.166017,67.137852,7722.195744,5438.166017,8.193769,240.484228,57832.663772,0.018401,0.003635,0.021775,0.018009,0.160188,0.0375
2018-04-13,2018-04-12,55,50,8625,7605,国内成品油价格按机制上调,https://www.ndrc.gov.cn/xwdt/ztzl/gncpyjg/201804/t20180412_1292969.html,52.5,8115,1,up,52.5,2018-04,65.776,10,1.179,1.825162,68.549,10,1.911,2.867733,64.023,10,0.466,0.7332,66.394,10,1.2965,1.991628,67.256,10,1.5423,2.346999,1.8,3.4,51.4,54.8,54.1,3946,1867060,473.15,normal,1,0,0,0,75.400498,75.400498,75.400498,0,75.400498,75.400498,75.400498,0,-22.900498,S5_segmented_policy_band,67.86044820000001,segmented smoothing after policy bands,4605.04043,56.852351,6262.854985,34.615263,7.54005,248.024278,61516.042229,0.015582,0.003078,0.01766,0.000115,0.170391,0.034502
2018-04-27,2018-04-26,255,245,8880,7850,国内成品油价格按机制上调,https://www.ndrc.gov.cn/xwdt/ztzl/gncpyjg/201804/t20180426_1292970.html,250,8365,1,up,250,2018-04,69.788,10,4.012,6.099489,73.577,10,5.028,7.334899,67.542,10,3.519,5.496462,70.5595,10,4.1655,6.27391,71.7665,10,4.5105,6.706465,1.8,3.4,51.4,54.8,54.1,3946,1867060,473.15,normal,1,0,0,0,217.040066,217.040066,217.040066,0,217.040066,217.040066,217.040066,0,32.959934,S5_segmented_policy_band,195.3360594,segmented smoothing after policy bands,38156.176102,471.063902,51892.399499,16250.031451,21.704007,269.728284,72753.347244,0.129109,0.025503,0.146324,0.053813,0.201517,0.112258
2018-05-01,2018-04-29,-75,-65,8805,7785,国内成品油价格因增值税税率调整相应下调,https://www.ndrc.gov.cn/xwdt/ztzl/gncpyjg/201804/t20180429_1292971.html,-70,8295,1,down,70,2018-05,70.209,10,0.421,0.603256,74.187,10,0.61,0.829063,67.729,10,0.187,0.276865,70.958,10,0.3985,0.564772,72.2496,10,0.4831,0.673155,1.8,4.1,51.9,54.9,54.6,3905,1996370,511.23,normal,1,0,0,0,24.856521,0,24.856521,24.856521,24.856521,0,24.856521,24.856521,-70,S5_segmented_policy_band,0.0,segmented smoothing after policy bands,0,0,0,38156.176102,0,269.728284,72753.347244,0,0,0,0.126356,0.201517,0.049181
2018-05-12,2018-05-11,170,165,8975,7950,国内成品油价格按机制上调,https://www.ndrc.gov.cn/xwdt/ztzl/gncpyjg/201805/t20180511_1292972.html,167.5,8462.5,1,up,167.5,2018-05,71.785,10,1.576,2.244726,75.218,10,1.031,1.389731,69.211,10,1.482,2.188132,72.0865,10,1.1285,1.590377,73.3391,10,1.0895,1.507967,1.8,4.1,51.9,54.9,54.6,3905,1996370,511.23,normal,1,0,0,0,53.793329,78.649851,78.649851,0,53.793329,78.649851,78.649851,0,88.850149,S5_segmented_policy_band,70.7848659,segmented smoothing after policy bands,5010.49724,61.857991,6814.276247,5010.49724,7.864985,277.593269,77058.023105,0.016954,0.003349,0.019215,0.016592,0.21344,0.044217
2018-05-26,2018-05-25,260,250,9235,8200,国内成品油价格按机制上调,https://www.ndrc.gov.cn/xwdt/ztzl/gncpyjg/201805/t20180525_1292973.html,255,8717.5,1,up,255,2018-05,75.895,10,4.11,5.72543,78.749,10,3.531,4.694355,71.414,10,2.203,3.18302,75.0815,10,2.995,4.154731,76.5485,10,3.2094,4.37611,1.8,4.1,51.9,54.9,54.6,3905,1996370,511.23,normal,1,0,0,0,154.952861,154.952861,154.952861,0,154.952861,154.952861,154.952861,0,100.047139,S5_segmented_policy_band,139.45757490000003,segmented smoothing after policy bands,19448.415197,240.103891,26449.844668,4715.940961,15.495286,293.088555,85900.901248,0.065808,0.012999,0.074582,0.015617,0.237934,0.07573
2018-06-09,2018-06-08,-130,-125,9105,8075,国内成品油价格按机制下调,https://www.ndrc.gov.cn/xwdt/ztzl/gncpyjg/201806/t20180608_1292974.html,-127.5,8590,1,down,127.5,2018-06,73.738,10,-2.157,-2.842084,75.167,10,-3.582,-4.548629,66.75,10,-4.664,-6.530932,70.9585,10,-4.123,-5.491366,72.6419,10,-3.9066,-5.103431,1.9,4.7,51.5,55,54.4,3435,1863780,542.59,normal,1,0,0,0,-184.615621,-184.615621,-184.615621,0,-184.615621,-184.615621,-184.615621,0,57.115621,S5_segmented_policy_band,-166.1540589,segmented smoothing after policy bands,0,340.829275,0,93398.470714,-18.461562,274.626993,75419.985394,0,0.018452,0,0.309292,0.208903,0.08142
2018-06-26,2018-06-25,-55,-55,9050,8020,国内成品油价格按机制下调,https://www.ndrc.gov.cn/xwdt/ztzl/gncpyjg/201806/t20180625_1292975.html,-55,8535,1,down,55,2018-06,72.638,10,-1.1,-1.491768,74.188,10,-0.979,-1.302433,66.265,10,-0.485,-0.726592,70.2265,10,-0.732,-1.031589,71.8111,10,-0.8308,-1.143693,1.9,4.7,51.5,55,54.4,3435,1863780,542.59,normal,1,0,0,0,-37.841487,0,-37.841487,-37.841487,-37.841487,0,-37.841487,-37.841487,-55,S5_segmented_policy_band,0.0,segmented smoothing after policy bands,0,0,0,27607.171289,0,274.626993,75419.985394,0,0,0,0.091422,0.208903,0.045049
2018-07-10,2018-07-09,270,260,9320,8280,国内成品油价格按机制上调,https://www.ndrc.gov.cn/xwdt/ztzl/gncpyjg/201807/t20180709_1292976.html,265,8800,1,up,265,2018-07,74.536,10,1.898,2.612957,75.783,10,1.595,2.149943,73.406,10,7.141,10.776428,74.4285,10,4.202,5.983496,74.8375,10,3.0264,4.21439,2.1,4.6,51.2,54,53.6,3602,1934240,536.99,normal,1,0,0,0,146.220282,108.378795,108.378795,0,146.220282,108.378795,108.378795,0,156.621205,S5_segmented_policy_band,97.5409155,segmented smoothing after policy bands,9514.230197,117.459632,13510.206879,9514.230197,10.837879,285.464873,81490.193546,0.032193,0.006359,0.038095,0.031507,0.225717,0.057427
2018-07-24,2018-07-23,-125,-120,9195,8160,国内成品油价格按机制下调,https://www.ndrc.gov.cn/xwdt/ztzl/gncpyjg/201807/t20180723_1292977.html,-122.5,8677.5,1,down,122.5,2018-07,72.501,10,-2.035,-2.730224,73.28,10,-2.503,-3.302852,70.458,10,-2.948,-4.01602,71.869,10,-2.5595,-3.438871,72.4334,10,-2.4041,-3.212427,2.1,4.6,51.2,54,53.6,3602,1934240,536.99,normal,1,0,0,0,-112.917807,-112.917807,-112.917807,0,-112.917807,-112.917807,-112.917807,0,-9.582193,S5_segmented_policy_band,-101.62602629999999,segmented smoothing after policy bands,0,127.504311,0,39667.470706,-11.291781,274.173092,75170.884377,0,0.006903,0,0.13136,0.208213,0.052317
2018-08-07,2018-08-06,70,70,9265,8230,国内成品油价格按机制上调,https://www.ndrc.gov.cn/xwdt/ztzl/gncpyjg/201808/t20180806_1292978.html,70,8747.5,1,up,70,2018-08,72.669,10,0.168,0.231721,73.686,10,0.406,0.554039,69.736,10,-0.722,-1.024724,71.711,10,-0.158,-0.219844,72.501,10,0.0676,0.093327,2.3,4.1,51.3,54.2,53.8,3838,2051910,534.63,normal,1,0,0,0,5.029272,0,5.029272,5.029272,5.029272,0,5.029272,5.029272,70,S5_segmented_policy_band,0.0,segmented smoothing after policy bands,0,0,0,10327.849222,0,274.173092,75170.884377,0,0,0,0.034201,0.208213,0.036362
2018-08-21,2018-08-20,-50,-50,9215,8180,国内成品油价格按机制下调,https://www.ndrc.gov.cn/xwdt/ztzl/gncpyjg/201808/t20180820_1292979.html,-50,8697.5,1,down,50,2018-08,71.121,10,-1.548,-2.130207,70.62,10,-3.066,-4.160899,67.025,10,-2.711,-3.887519,68.8225,10,-2.8885,-4.027973,69.5415,10,-2.9595,-4.082013,2.3,4.1,51.3,54.2,53.8,3838,2051910,534.63,normal,1,0,0,0,-139.420946,-134.391674,-134.391674,0,-139.420946,-134.391674,-134.391674,0,84.391674,S5_segmented_policy_band,-120.95250659999999,segmented smoothing after policy bands,0,180.61122,0,14629.508853,-13.439167,260.733925,67982.179437,0,0.009778,0,0.048446,0.188301,0.037468
2018-09-04,2018-09-03,180,170,9395,8350,国内成品油价格按机制上调,https://www.ndrc.gov.cn/xwdt/ztzl/gncpyjg/201809/t20180903_1292980.html,175,8872.5,1,up,175,2018-09,73.521,10,2.4,3.374531,74.424,10,3.804,5.386576,68.879,10,1.854,2.766132,71.6515,10,2.829,4.110574,72.7605,10,3.219,4.628891,2.5,3.6,50.8,54.9,54.1,3721,1994450,536,normal,1,0,0,0,155.410963,155.410963,155.410963,0,155.410963,155.410963,155.410963,0,19.589037,S5_segmented_policy_band,139.86986670000002,segmented smoothing after policy bands,19563.579611,241.525674,29345.369416,68028.310414,15.541096,276.275021,76327.887173,0.066197,0.013076,0.082747,0.225278,0.211418,0.105356
2018-09-18,2018-09-17,145,145,9540,8495,国内成品油价格按机制上调,https://www.ndrc.gov.cn/xwdt/ztzl/gncpyjg/201809/t20180917_1292981.html,145,9017.5,1,up,145,2018-09,75.684,10,2.163,2.942017,77.376,10,2.952,3.966462,68.868,10,-0.011,-0.01597,73.0785,10,1.427,1.991584,74.7627,10,2.0022,2.751768,2.5,3.6,50.8,54.9,54.1,3721,1994450,536,normal,1,0,0,0,97.346471,97.346471,97.346471,0,97.346471,97.346471,97.346471,0,47.653529,S5_segmented_policy_band,87.61182389999999,segmented smoothing after policy bands,7675.831687,94.763354,11513.747531,2730.903037,9.734647,286.009668,81801.530189,0.025973,0.00513,0.032466,0.009043,0.226579,0.050979
2018-10-01,2018-09-30,240,230,9780,8725,国内成品油价格按机制上调,https://www.ndrc.gov.cn/xwdt/ztzl/gncpyjg/201809/t20180930_1292982.html,235,9252.5,1,up,235,2018-10,78.674,10,2.99,3.950637,80.406,10,3.03,3.915943,71.557,10,2.689,3.904571,75.9815,10,2.903,3.972441,77.7513,10,2.9886,3.997448,2.5,3.3,50.2,53.9,53.1,4080,2293980,562.25,normal,1,0,0,0,144.416503,144.416503,144.416503,0,144.416503,144.416503,144.416503,0,90.583497,S5_segmented_policy_band,129.9748527,segmented smoothing after policy bands,16893.462334,208.561263,25340.193502,1794.626209,14.44165,300.451318,90270.994668,0.057162,0.011291,0.071453,0.005943,0.250038,0.072809
2018-10-20,2018-10-19,165,160,9945,8885,国内成品油价格按机制上调,https://www.ndrc.gov.cn/xwdt/ztzl/gncpyjg/201810/t20181019_1292983.html,162.5,9415,1,up,162.5,2018-10,80.647,10,1.973,2.507817,82.203,10,1.797,2.234908,72.107,10,0.55,0.768618,77.155,10,1.1735,1.544455,79.1742,10,1.4229,1.830066,2.5,3.3,50.2,53.9,53.1,4080,2293980,562.25,normal,1,0,0,0,69.702848,69.702848,69.702848,0,69.702848,69.702848,69.702848,0,92.797152,S5_segmented_policy_band,62.7325632,segmented smoothing after policy bands,3935.374486,48.58487,5903.061728,4521.525497,6.970285,307.421603,94508.042053,0.013316,0.00263,0.016645,0.014973,0.261774,0.049528
2018-11-03,2018-11-02,-375,-365,9570,8520,国内成品油价格按机制下调,https://www.ndrc.gov.cn/xwdt/ztzl/gncpyjg/201811/t20181102_1292984.html,-370,9045,1,down,370,2018-11,75.948,10,-4.699,-5.826627,77.087,10,-5.116,-6.223617,66.845,10,-5.262,-7.297488,71.966,10,-5.189,-6.725423,74.0144,10,-5.1598,-6.517022,2.2,2.7,50,53.4,52.8,4287,2415680,563.49,normal,1,0,0,0,-244.417086,-244.417086,-244.417086,0,-244.417086,-244.417086,-244.417086,0,-125.582914,S5_segmented_policy_band,-219.9753774,segmented smoothing after policy bands,0,597.397119,0,79923.779678,-24.441709,282.979895,80077.620691,0,0.032343,0,0.26467,0.221804,0.07944
2018-11-17,2018-11-16,-510,-490,9060,8030,国内成品油价格按机制下调,https://www.ndrc.gov.cn/xwdt/ztzl/gncpyjg/201811/t20181116_1292985.html,-500,8545,1,down,500,2018-11,69.05,10,-6.898,-9.08253,68.858,10,-8.229,-10.674952,59.908,10,-6.937,-10.37774,64.383,10,-7.583,-10.53692,66.173,10,-7.8414,-10.594425,2.2,2.7,50,53.4,52.8,4287,2415680,563.49,normal,1,0,0,0,-372.380386,-372.380386,-372.380386,0,-372.380386,-372.380386,-372.380386,0,-127.619614,S5_segmented_policy_band,-297.9043088,segmented smoothing after policy bands,0,5546.686075,0,6072.918349,-74.476077,208.503817,43473.841829,0,0.300293,0,0.020111,0.120417,0.081138
2018-12-01,2018-11-30,-540,-520,8520,7510,国内成品油价格按机制下调,https://www.ndrc.gov.cn/xwdt/ztzl/gncpyjg/201811/t20181130_1292986.html,-530,8015,1,down,530,2018-12,61.584,10,-7.466,-10.812455,60.692,10,-8.166,-11.859188,53.835,10,-6.073,-10.13721,57.848,10,-6.535,-10.150195,59.4532,10,-6.7198,-10.154897,1.9,0.9,49.4,53.8,52.6,4378,2130360,486.61,normal,1,0,0,0,-318.858743,-318.858743,-318.858743,0,-318.858743,-318.858743,-318.858743,0,-211.141257,S5_segmented_policy_band,-255.0869944,segmented smoothing after policy bands,0,4066.83592,0,1833.322412,-63.771749,144.732069,20947.37171,0,0.220175,0,0.006071,0.058021,0.053649
2018-12-15,2018-12-14,-125,-120,8395,7390,国内成品油价格按机制下调,https://www.ndrc.gov.cn/xwdt/ztzl/gncpyjg/201812/t20181214_1292987.html,-122.5,7892.5,1,down,122.5,2018-12,59.422,10,-2.162,-3.510652,59.903,10,-0.789,-1.300007,52.036,10,-1.799,-3.341692,55.9695,10,-1.8785,-3.247303,57.5429,10,-1.9103,-3.213116,1.9,0.9,49.4,53.8,52.6,4378,2130360,486.61,normal,1,0,0,0,-89.35416,-89.35416,-89.35416,0,-89.35416,-89.35416,-89.35416,0,-33.14584,S5_segmented_policy_band,-80.41874399999999,segmented smoothing after policy bands,0,79.841659,0,30508.997698,-8.935416,135.796653,18440.730885,0,0.004323,0,0.101032,0.051078,0.023681
2018-12-29,2018-12-28,-370,-355,8025,7035,国内成品油价格按机制下调,https://www.ndrc.gov.cn/xwdt/ztzl/gncpyjg/201812/t20181228_1292988.html,-362.5,7530,1,down,362.5,2018-12,55.541,10,-3.881,-6.531251,56.197,10,-3.706,-6.186668,48.041,10,-3.995,-7.677377,52.3995,10,-3.57,-6.378474,53.9185,10,-3.6244,-6.298605,1.9,0.9,49.4,53.8,52.6,4378,2130360,486.61,normal,1,0,0,0,-171.149316,-171.149316,-171.149316,0,-171.149316,-171.149316,-171.149316,0,-191.350684,S5_segmented_policy_band,-154.0343844,segmented smoothing after policy bands,0,292.920884,0,5419.262512,-17.114932,118.681721,14085.350923,0,0.015858,0,0.017946,0.039014,0.011716
2019-01-15,2019-01-14,105,105,8130,7140,国内成品油价格按机制上调,https://www.ndrc.gov.cn/xwdt/ztzl/gncpyjg/201901/t20190114_1292989.html,105,7635,1,up,105,2019-01,55.429,10,-0.112,-0.201653,55.817,10,-0.38,-0.676193,48.452,10,0.411,0.855519,52.1345,10,-0.265,-0.50573,53.6075,10,-0.311,-0.576796,1.7,0.1,49.5,54.7,53.2,4260,1867880,438.47,normal,1,0,0,0,-13.037145,0,-13.037145,-13.037145,-13.037145,0,-13.037145,-13.037145,105,S5_segmented_policy_band,0.0,segmented smoothing after policy bands,0,0,0,23726.591577,0,118.681721,14085.350923,0,0,0,0.078571,0.039014,0.017638
2019-01-29,2019-01-28,245,230,8375,7370,国内成品油价格按机制上调,https://www.ndrc.gov.cn/xwdt/ztzl/gncpyjg/201901/t20190128_1292990.html,237.5,7872.5,1,up,237.5,2019-01,60.047,10,4.618,8.331379,60.586,10,4.769,8.543992,52.256,10,3.804,7.851069,56.274,10,4.1395,7.94004,57.8812,10,4.2737,7.972205,1.7,0.1,49.5,54.7,53.2,4260,1867880,438.47,normal,1,0,0,0,205.740204,192.703059,192.703059,0,205.740204,192.703059,192.703059,0,44.796941,S5_segmented_policy_band,173.4327531,segmented smoothing after policy bands,30078.919848,371.344689,40305.752596,30078.919848,19.270306,137.952027,19030.761753,0.101778,0.020104,0.113652,0.099607,0.052713,0.080726
2019-02-15,2019-02-14,50,50,8425,7420,国内成品油价格按机制上调,https://www.ndrc.gov.cn/xwdt/ztzl/gncpyjg/201902/t20190214_1292991.html,50,7922.5,1,up,50,2019-02,61.801,10,1.754,2.921045,62,10,1.414,2.333873,53.617,10,1.361,2.604486,57.8085,10,1.5345,2.726837,59.4851,10,1.6039,2.771021,1.5,0.1,49.2,54.3,52.4,3923,1723480,439.33,normal,1,0,0,0,78.339989,78.339989,78.339989,0,78.339989,78.339989,78.339989,0,-28.339989,S5_segmented_policy_band,70.5059901,segmented smoothing after policy bands,4971.09464,61.371539,6462.423032,10593.918542,7.833999,145.786026,21253.565348,0.016821,0.003323,0.018222,0.035082,0.058869,0.023518
2019-03-01,2019-02-28,270,260,8695,7680,国内成品油价格按机制上调,https://www.ndrc.gov.cn/xwdt/ztzl/gncpyjg/201902/t20190228_1292992.html,265,8187.5,1,up,265,2019-03,65.441,10,3.64,5.889872,65.664,10,3.664,5.909677,55.844,10,2.227,4.153533,60.597,10,2.7885,4.823685,62.4982,10,3.0131,5.065302,2.3,0.4,50.5,54.8,54,3934,1856320,471.87,normal,1,0,0,0,145.585619,145.585619,145.585619,0,145.585619,145.585619,145.585619,0,119.414381,S5_segmented_policy_band,131.0270571,segmented smoothing after policy bands,17168.089692,211.951725,25065.410951,3662.799551,14.558562,160.344588,25710.386837,0.058092,0.011475,0.070678,0.012129,0.071214,0.046989
2019-03-14,2019-03-14,0,0,8695,7680,3月14日国内成品油价格不作调整,https://www.ndrc.gov.cn/xwdt/ztzl/gncpyjg/201903/t20190314_1292993.html,0,8187.5,0,no_adjust,0,2019-03,65.474,10,0.033,0.050427,64.869,10,-0.795,-1.210709,56.666,10,0.822,1.471958,60.7675,10,0.1705,0.281367,62.4081,10,-0.0901,-0.144164,2.3,0.4,50.5,54.8,54,3934,1856320,471.87,normal,1,0,0,0,-2.496016,0,-2.496016,-2.496016,-2.496016,0,-2.496016,-2.496016,0,S5_segmented_policy_band,0.0,segmented smoothing after policy bands,0,0,0,17168.089692,0,160.344588,25710.386837,0,0,0,0.056853,0.071214,0.01921
2019-03-29,2019-03-28,80,80,8775,7760,国内成品油价格按机制上调,https://www.ndrc.gov.cn/xwdt/ztzl/gncpyjg/201903/t20190328_1292994.html,80,8267.5,1,up,80,2019-03,67.068,10,1.594,2.434554,67.124,10,2.255,3.476237,59.225,10,2.559,4.515935,63.1745,10,2.407,3.960999,64.7543,10,2.3462,3.759448,2.3,0.4,50.5,54.8,54,3934,1856320,471.87,normal,1,0,0,0,113.761811,111.265795,111.265795,0,113.761811,111.265795,111.265795,0,-31.265795,S5_segmented_policy_band,100.1392155,segmented smoothing after policy bands,10027.862481,123.800771,14640.679222,10027.862481,11.126579,171.471167,29402.361215,0.033931,0.006702,0.041283,0.033208,0.08144,0.037341
2019-04-01,2019-03-29,-225,-200,8550,7560,国内成品油价格因增值税税率调整相应下调,https://www.ndrc.gov.cn/xwdt/ztzl/gncpyjg/201903/t20190329_1292995.html,-212.5,8055,1,down,212.5,2019-04,66.977,10,-0.091,-0.135683,67.114,10,-0.01,-0.014898,59.295,10,0.07,0.118193,63.2045,10,0.03,0.047488,64.7683,10,0.014,0.02162,2.5,0.9,50.1,54.3,53.4,4373,2148650,491.34,normal,1,0,0,0,2.471533,0,2.471533,2.471533,2.471533,0,2.471533,2.471533,-212.5,S5_segmented_policy_band,0.0,segmented smoothing after policy bands,0,0,0,10027.862481,0,171.471167,29402.361215,0,0,0,0.033208,0.08144,0.017197
2019-04-13,2019-04-12,155,150,8705,7710,国内成品油价格按机制上调,https://www.ndrc.gov.cn/xwdt/ztzl/gncpyjg/201904/t20190412_1292996.html,152.5,8207.5,1,up,152.5,2019-04,69.267,10,2.29,3.419084,70.07,10,2.956,4.404446,62.864,10,3.569,6.019057,66.467,10,3.2625,5.161816,67.9082,10,3.1399,4.847896,2.5,0.9,50.1,54.3,53.4,4373,2148650,491.34,normal,1,0,0,0,151.63639,154.107923,154.107923,0,151.63639,154.107923,154.107923,0,-1.607923,S5_segmented_policy_band,138.6971307,segmented smoothing after policy bands,19236.894064,237.492519,28855.341097,19236.894064,15.410792,186.88196,34924.866824,0.065092,0.012858,0.081365,0.063704,0.096737,0.063252
2019-04-27,2019-04-26,195,185,8900,7895,国内成品油价格按机制上调,https://www.ndrc.gov.cn/xwdt/ztzl/gncpyjg/201904/t20190426_1292997.html,190,8397.5,1,up,190,2019-04,71.609,10,2.342,3.381119,71.999,10,1.929,2.752961,64.576,10,1.712,2.723339,68.2875,10,1.8205,2.738953,69.7721,10,1.8639,2.744735,2.5,0.9,50.1,54.3,53.4,4373,2148650,491.34,normal,1,0,0,0,90.746932,90.746932,90.746932,0,90.746932,90.746932,90.746932,0,99.253068,S5_segmented_policy_band,81.6722388,segmented smoothing after policy bands,6670.354591,82.350057,10005.531886,3251.838296,9.074693,195.956653,38399.009777,0.02257,0.004458,0.028213,0.010769,0.10636,0.031157
2019-05-14,2019-05-13,-75,-75,8825,7820,国内成品油价格按机制下调,https://www.ndrc.gov.cn/xwdt/ztzl/gncpyjg/201905/t20190513_1292998.html,-75,8322.5,1,down,75,2019-05,70.745,10,-0.864,-1.206552,71.419,10,-0.58,-0.805567,62.357,10,-2.219,-3.436261,66.888,10,-1.3995,-2.049423,68.7004,10,-1.0717,-1.536001,2.7,0.6,49.4,54.3,53.3,4023,2107140,523.77,normal,1,0,0,0,-49.336997,0,-49.336997,-49.336997,-49.336997,0,-49.336997,-49.336997,-75,S5_segmented_policy_band,0.0,segmented smoothing after policy bands,0,0,0,6670.354591,0,195.956653,38399.009777,0,0,0,0.022089,0.10636,0.019267
2019-05-28,2019-05-27,50,50,8875,7870,国内成品油价格按机制上调,https://www.ndrc.gov.cn/xwdt/ztzl/gncpyjg/201905/t20190527_1292999.html,50,8372.5,1,up,50,2019-05,70.948,10,0.203,0.286946,72.105,10,0.686,0.960529,61.413,10,-0.944,-1.513864,66.759,10,-0.129,-0.19286,68.8974,10,0.197,0.286752,2.7,0.6,49.4,54.3,53.3,4023,2107140,523.77,normal,1,0,0,0,11.204112,0,-38.132885,-38.132885,11.204112,0,-38.132885,-38.132885,50,S5_segmented_policy_band,0.0,segmented smoothing after policy bands,0,0,0,0,0,195.956653,38399.009777,0,0,0,0,0.10636,0.015954
2019-06-12,2019-06-11,-465,-445,8410,7425,国内成品油价格按机制下调,https://www.ndrc.gov.cn/xwdt/ztzl/gncpyjg/201906/t20190611_1293000.html,-455,7917.5,1,down,455,2019-06,63.872,10,-7.076,-9.973502,65.72,10,-6.385,-8.855142,54.59,10,-6.823,-11.110026,60.155,10,-6.604,-9.892299,62.381,10,-6.5164,-9.458122,2.7,0,49.4,54.2,53,3958,2017356.1,509.69,normal,1,0,0,0,-309.152696,-347.285581,-347.285581,0,-309.152696,-347.285581,-347.285581,0,-107.714419,S5_segmented_policy_band,-277.8284648,segmented smoothing after policy bands,0,4824.290991,0,77188.655853,-69.457116,126.499537,16002.13276,0,0.261183,0,0.255613,0.044324,0.097227
2019-06-26,2019-06-25,-120,-115,8290,7310,国内成品油价格按机制下调,https://www.ndrc.gov.cn/xwdt/ztzl/gncpyjg/201906/t20190625_1293001.html,-117.5,7800,1,down,117.5,2019-06,62.586,10,-1.286,-2.013402,63.698,10,-2.022,-3.076689,54.078,10,-0.512,-0.937901,58.888,10,-1.267,-2.106226,60.812,10,-1.569,-2.515189,2.7,0,49.4,54.2,53,3958,2017356.1,509.69,normal,1,0,0,0,-73.067661,-73.067661,-73.067661,0,-73.067661,-73.067661,-73.067661,0,-44.432339,S5_segmented_policy_band,-65.7608949,segmented smoothing after policy bands,0,53.388831,0,44972.654203,-7.306766,119.192771,14206.916539,0,0.00289,0,0.148929,0.039351,0.02882
2019-07-10,2019-07-09,150,140,8440,7450,国内成品油价格按机制上调,https://www.ndrc.gov.cn/xwdt/ztzl/gncpyjg/201907/t20190709_1293002.html,145,7945,1,up,145,2019-07,64.565,10,1.979,3.162049,65.148,10,1.45,2.276367,57.858,10,3.78,6.989903,61.668,10,2.78,4.720826,63.192,10,2.38,3.913701,2.8,-0.3,49.7,53.7,53.1,4104,1960366.9,477.67,normal,1,0,0,0,115.374713,115.374713,115.374713,0,115.374713,115.374713,115.374713,0,29.625287,S5_segmented_policy_band,103.8372417,segmented smoothing after policy bands,10782.172764,133.113244,16820.189512,28763.527938,11.537471,130.730242,17090.396121,0.036484,0.007207,0.047429,0.095251,0.047338,0.043808
2019-07-23,2019-07-23,0,0,8440,7450,7月23日国内成品油价格不作调整,https://www.ndrc.gov.cn/xwdt/ztzl/gncpyjg/201907/t20190723_1293003.html,0,7945,0,no_adjust,0,2019-07,65.32,10,0.755,1.169364,64.51,10,-0.638,-0.979309,57.738,10,-0.12,-0.207404,61.124,10,-0.544,-0.882143,62.4784,10,-0.7136,-1.129257,2.8,-0.3,49.7,53.7,53.1,4104,1960366.9,477.67,normal,1,0,0,0,-32.248819,0,-32.248819,-32.248819,-32.248819,0,-32.248819,-32.248819,0,S5_segmented_policy_band,0.0,segmented smoothing after policy bands,0,0,0,10782.172764,0,130.730242,17090.396121,0,0,0,0.035706,0.047338,0.012457
2019-08-07,2019-08-06,-80,-70,8360,7380,国内成品油价格按机制下调,https://www.ndrc.gov.cn/xwdt/ztzl/gncpyjg/201908/t20190806_1293004.html,-75,7870,1,down,75,2019-08,63.634,10,-1.686,-2.581139,62.429,10,-2.081,-3.225856,56.176,10,-1.562,-2.705324,59.3025,10,-1.8215,-2.980008,60.5531,10,-1.9253,-3.081545,2.8,-0.8,49.5,53.8,53,4217,1979320.4,469.37,normal,1,0,0,0,-90.069945,-122.318764,-122.318764,0,-90.069945,-122.318764,-122.318764,0,47.318764,S5_segmented_policy_band,-110.0868876,segmented smoothing after policy bands,0,149.6188,0,12119.122821,-12.231876,118.498365,14041.862602,0,0.0081,0,0.040133,0.038894,0.013474
2019-08-21,2019-08-20,-210,-205,8150,7175,国内成品油价格按机制下调,https://www.ndrc.gov.cn/xwdt/ztzl/gncpyjg/201908/t20190820_1293005.html,-207.5,7662.5,1,down,207.5,2019-08,58.687,10,-4.947,-7.774146,57.837,10,-4.592,-7.355556,54.452,10,-1.724,-3.068926,56.1445,10,-3.158,-5.325239,56.8215,10,-3.7316,-6.162525,2.8,-0.8,49.5,53.8,53,4217,1979320.4,469.37,normal,1,0,0,0,-176.264794,-176.264794,-176.264794,0,-176.264794,-176.264794,-176.264794,0,-31.235206,S5_segmented_policy_band,-158.6383146,segmented smoothing after policy bands,0,310.692776,0,2357.241064,-17.626479,100.871886,10175.137385,0,0.016821,0,0.007806,0.028184,0.008763
2019-09-04,2019-09-03,115,105,8265,7280,国内成品油价格按机制上调,https://www.ndrc.gov.cn/xwdt/ztzl/gncpyjg/201909/t20190903_1293006.html,110,7772.5,1,up,110,2019-09,59.82,10,1.133,1.930581,59.576,10,1.739,3.006726,55.351,10,0.899,1.650995,57.5255,10,1.381,2.459724,58.3953,10,1.5738,2.769726,3,-1.2,49.8,53.7,53.1,4124,1854637.8,449.72,normal,1,0,0,0,76.903647,76.903647,76.903647,0,76.903647,76.903647,76.903647,0,33.096353,S5_segmented_policy_band,69.2132823,segmented smoothing after policy bands,4790.478447,59.141709,7664.765515,51916.35021,7.690365,108.562251,11785.762277,0.01621,0.003202,0.021613,0.171923,0.032645,0.040781
2019-09-19,2019-09-18,125,125,8390,7405,国内成品油价格按机制上调,https://www.ndrc.gov.cn/xwdt/ztzl/gncpyjg/201909/t20190918_1293007.html,125,7897.5,1,up,125,2019-09,62.196,10,2.376,3.971916,63.236,10,3.66,6.143413,57.216,10,1.865,3.369406,60.226,10,2.7005,4.69444,61.43,10,3.0347,5.196822,3,-1.2,49.8,53.7,53.1,4124,1854637.8,449.72,normal,1,0,0,0,146.61635,146.61635,146.61635,0,146.61635,146.61635,146.61635,0,-21.61635,S5_segmented_policy_band,131.95471500000002,segmented smoothing after policy bands,17412.046811,214.963541,27859.274897,3936.487377,14.661635,123.223886,15184.126007,0.058917,0.011638,0.078556,0.013036,0.042058,0.04496
2019-10-08,2019-10-08,0,0,8390,7405,10月8日国内成品油价格不作调整,https://www.ndrc.gov.cn/xwdt/ztzl/gncpyjg/201910/t20191008_1293008.html,0,7897.5,0,no_adjust,0,2019-10,60.635,10,-1.561,-2.509808,60.667,10,-2.569,-4.062559,54.416,10,-2.8,-4.893736,57.5415,10,-2.6845,-4.457377,58.7917,10,-2.6383,-4.294807,3.8,-1.6,49.3,52.8,52,4551,2073141.2,455.54,normal,1,0,0,0,-124.0936,-124.0936,-124.0936,0,-124.0936,-124.0936,-124.0936,0,124.0936,S5_segmented_policy_band,-111.68424,segmented smoothing after policy bands,0,153.992216,0,59359.940393,-12.40936,110.814526,12279.859106,0,0.008337,0,0.196573,0.034014,0.036255
2019-10-22,2019-10-21,-150,-145,8240,7260,国内成品油价格按机制下调,https://www.ndrc.gov.cn/xwdt/ztzl/gncpyjg/201910/t20191021_1293009.html,-147.5,7750,1,down,147.5,2019-10,59.452,10,-1.183,-1.951018,59.358,10,-1.309,-2.15768,53.38,10,-1.036,-1.903852,56.369,10,-1.1725,-2.03766,57.5646,10,-1.2271,-2.087199,3.8,-1.6,49.3,52.8,52,4551,2073141.2,455.54,normal,1,0,0,0,-56.752531,-56.752531,-56.752531,0,-56.752531,-56.752531,-56.752531,0,-90.747469,S5_segmented_policy_band,-51.0772779,segmented smoothing after policy bands,0,32.208498,0,3673.203855,-5.675253,105.139273,11054.266643,0,0.001744,0,0.012164,0.030619,0.006766
2019-11-05,2019-11-04,105,105,8345,7365,国内成品油价格按机制上调,https://www.ndrc.gov.cn/xwdt/ztzl/gncpyjg/201911/t20191104_1293010.html,105,7855,1,up,105,2019-11,60.853,10,1.401,2.356523,60.487,10,1.129,1.902018,55.187,10,1.807,3.385163,57.837,10,1.468,2.604268,58.897,10,1.3324,2.314617,4.5,-1.4,50.2,54.4,53.7,4574,2089499.4,456.82,normal,1,0,0,0,65.384277,65.384277,65.384277,0,65.384277,65.384277,65.384277,0,39.615723,S5_segmented_policy_band,58.8458493,segmented smoothing after policy bands,3462.83398,42.751037,6579.384562,12083.093893,6.538428,111.6777,12471.908744,0.011717,0.002315,0.018552,0.040014,0.034545,0.019214
2019-11-19,2019-11-18,70,65,8415,7430,国内成品油价格按机制上调,https://www.ndrc.gov.cn/xwdt/ztzl/gncpyjg/201911/t20191118_1293011.html,67.5,7922.5,1,up,67.5,2019-11,62.494,10,1.641,2.696662,62.477,10,1.99,3.289963,56.715,10,1.528,2.768768,59.4755,10,1.6385,2.832962,60.5797,10,1.6827,2.857022,4.5,-1.4,50.2,54.4,53.7,4574,2089499.4,456.82,normal,1,0,0,0,82.100247,82.100247,82.100247,0,82.100247,82.100247,82.100247,0,-14.600247,S5_segmented_policy_band,73.8902223,segmented smoothing after policy bands,5459.764952,67.404506,10373.553408,226.333159,8.210025,119.887725,14373.066606,0.018474,0.003649,0.029251,0.00075,0.039811,0.018745
2019-12-03,2019-12-02,55,50,8470,7480,国内成品油价格按机制上调,https://www.ndrc.gov.cn/xwdt/ztzl/gncpyjg/201912/t20191202_1293012.html,52.5,7975,1,up,52.5,2019-12,63.671,10,1.177,1.883381,64.251,10,1.774,2.839445,57.432,10,0.717,1.264216,60.7735,10,1.298,2.182411,62.1101,10,1.5304,2.526259,4.5,-0.5,50.2,53.5,53.4,4548,2192920,482.17,normal,1,0,0,0,74.832641,74.832641,74.832641,0,74.832641,74.832641,74.832641,0,-22.332641,S5_segmented_policy_band,67.3493769,segmented smoothing after policy bands,4535.938569,55.999242,8618.283281,42.782659,7.483264,127.370989,16223.368864,0.015348,0.003032,0.024301,0.000142,0.044936,0.01728
2019-12-16,2019-12-16,0,0,8470,7480,12月16日国内成品油价格不作调整,https://www.ndrc.gov.cn/xwdt/ztzl/gncpyjg/201912/t20191216_1293013.html,0,7975,0,no_adjust,0,2019-12,64.769,10,1.098,1.72449,65.606,10,1.355,2.108917,58.444,10,1.012,1.762084,62.025,10,1.2515,2.059286,63.4574,10,1.3473,2.169212,4.5,-0.5,50.2,53.5,53.4,4548,2192920,482.17,normal,1,0,0,0,66.095291,66.095291,66.095291,0,66.095291,66.095291,66.095291,0,-66.095291,S5_segmented_policy_band,59.48576190000001,segmented smoothing after policy bands,3538.555869,43.685875,6723.256151,61.836441,6.609529,133.980518,17950.779257,0.011973,0.002365,0.018958,0.000205,0.049721,0.015695
2019-12-31,2019-12-30,235,230,8705,7710,国内成品油价格按机制上调,https://www.ndrc.gov.cn/xwdt/ztzl/gncpyjg/201912/t20191230_1293014.html,232.5,8207.5,1,up,232.5,2019-12,67.828,10,3.059,4.722938,68.687,10,3.081,4.696217,60.902,10,2.458,4.205735,64.7945,10,2.7695,4.465135,66.3515,10,2.8941,4.560697,4.5,-0.5,50.2,53.5,53.4,4548,2192920,482.17,normal,1,0,0,0,139.907057,139.907057,139.907057,0,139.907057,139.907057,139.907057,0,92.592943,S5_segmented_policy_band,125.91635130000002,segmented smoothing after policy bands,15854.927525,195.739846,30124.362297,4413.023208,13.990706,147.971224,21895.483102,0.053648,0.010597,0.084943,0.014614,0.060647,0.048057
2020-01-14,2020-01-14,0,0,8705,7710,1月14日国内成品油价格不作调整,https://www.ndrc.gov.cn/xwdt/ztzl/gncpyjg/202001/t20200114_1293015.html,0,8207.5,0,no_adjust,0,2020-01,68.373,10,0.545,0.803503,67.599,10,-1.088,-1.583997,60.934,10,0.032,0.052543,64.2665,10,-0.528,-0.814884,65.5995,10,-0.752,-1.133358,5.4,0.1,50,54.1,53,,,,normal,1,0,0,0,-34.081229,0,-34.081229,-34.081229,-34.081229,0,-34.081229,-34.081229,0,S5_segmented_policy_band,0.0,segmented smoothing after policy bands,0,0,0,15854.927525,0,147.971224,21895.483102,0,0,0,0.052504,0.060647,0.016973
2020-02-05,2020-02-04,-420,-405,8285,7305,国内成品油价格按机制下调,https://www.ndrc.gov.cn/xwdt/ztzl/gncpyjg/202002/t20200204_1293016.html,-412.5,7795,1,down,412.5,2020-02,61.266,10,-7.107,-10.394454,59.323,10,-8.276,-12.242785,53.815,10,-7.119,-11.683133,56.569,10,-7.6975,-11.977469,57.6706,10,-7.9289,-12.08683,5.2,-0.4,35.7,29.6,28.9,8609,4218444.2,490,normal,1,0,0,0,-376.555799,-410.637029,-410.637029,0,-376.555799,-410.637029,-410.637029,0,-1.862971,S5_segmented_policy_band,-328.5096232,segmented smoothing after policy bands,0,6744.910783,0,107918.572535,-82.127406,65.843818,4335.408382,0,0.365164,0,0.357376,0.012008,0.12844
2020-02-19,2020-02-18,-415,-400,7870,6905,国内成品油价格按机制下调,https://www.ndrc.gov.cn/xwdt/ztzl/gncpyjg/202002/t20200218_1293017.html,-407.5,7387.5,1,down,407.5,2020-02,55.451,10,-5.815,-9.491398,55.344,10,-3.979,-6.707348,50.596,10,-3.219,-5.981604,52.7785,10,-3.7905,-6.700666,53.6515,10,-4.0191,-6.969062,5.2,-0.4,35.7,29.6,28.9,8609,4218444.2,490,normal,1,0,0,0,-189.98401,-189.98401,-189.98401,0,-189.98401,-189.98401,-189.98401,0,-217.51599,S5_segmented_policy_band,-170.985609,segmented smoothing after policy bands,0,360.939241,0,24813.81505,-18.998401,46.845417,2194.493103,0,0.019541,0,0.082172,0.006078,0.017146
2020-03-03,2020-03-03,0,0,7870,6905,3月3日国内成品油价格不作调整,https://www.ndrc.gov.cn/xwdt/ztzl/gncpyjg/202003/t20200303_1293018.html,0,7387.5,0,no_adjust,0,2020-03,55.218,10,-0.233,-0.420191,55.822,10,0.478,0.863689,50.113,10,-0.483,-0.954621,52.9675,10,0.189,0.3581,54.1093,10,0.4578,0.853285,4.3,-1.5,52,52.3,52.3,4110,1673864.3,407.27,normal,1,0,0,0,23.64923,0,23.64923,23.64923,23.64923,0,23.64923,23.64923,0,S5_segmented_policy_band,0.0,segmented smoothing after policy bands,0,0,0,29236.078485,0,46.845417,2194.493103,0,0,0,0.096816,0.006078,0.015434
2020-03-18,2020-03-17,-1015,-975,6855,5930,国内成品油价格按机制下调,https://www.ndrc.gov.cn/xwdt/ztzl/gncpyjg/202003/t20200317_1293019.html,-995,6392.5,1,down,995,2020-03,40.882,10,-14.336,-25.962548,39.759,10,-16.063,-28.775393,37.198,10,-12.915,-25.771756,38.4785,10,-14.489,-27.35451,38.9907,10,-15.1186,-27.940853,4.3,-1.5,52,52.3,52.3,4110,1673864.3,407.27,low_floor,1,1,0,0,-719.641173,-695.991942,-695.991942,0,0,0,23.64923,23.64923,-995,S5_segmented_policy_band,0.0,segmented smoothing after policy bands,0,0,0,0,0,46.845417,2194.493103,0,0,0,0,0.006078,0.000912
2020-03-31,2020-03-31,0,0,6855,5930,3月31日国内成品油价格不作调整,https://www.ndrc.gov.cn/xwdt/ztzl/gncpyjg/202003/t20200331_1293020.html,0,6392.5,0,no_adjust,0,2020-03,26.312,10,-14.57,-35.639157,23.929,10,-15.83,-39.814885,20.33,10,-16.868,-45.346524,22.1295,10,-16.349,-42.488662,22.8493,10,-16.1414,-41.398077,4.3,-1.5,52,52.3,52.3,4110,1673864.3,407.27,low_floor,1,1,0,0,-768.448177,-768.448177,-768.448177,0,0,0,23.64923,23.64923,0,S5_segmented_policy_band,0.0,segmented smoothing after policy bands,0,0,0,0,0,46.845417,2194.493103,0,0,0,0,0.006078,0.000912
2020-04-15,2020-04-15,0,0,6855,5930,4月15日国内成品油价格不作调整,https://www.ndrc.gov.cn/xwdt/ztzl/gncpyjg/202004/t20200415_1293021.html,0,6392.5,0,no_adjust,0,2020-04,21.137,10,-5.175,-19.667832,20.545,10,-3.384,-14.141836,23.446,10,3.116,15.327103,21.5825,10,-0.547,-2.471814,21.1675,10,-1.6818,-7.360401,3.3,-3.1,50.8,53.2,53.4,4043,1088790.5,269.3,low_floor,1,1,0,0,-78.450366,-78.450366,-78.450366,0,0,0,23.64923,23.64923,0,S5_segmented_policy_band,0.0,segmented smoothing after policy bands,0,0,0,0,0,46.845417,2194.493103,0,0,0,0,0.006078,0.000912
2020-04-28,2020-04-28,0,0,6855,5930,4月28日国内成品油价格不作调整,https://www.ndrc.gov.cn/xwdt/ztzl/gncpyjg/202004/t20200428_1293022.html,0,6392.5,0,no_adjust,0,2020-04,15.699,10,-5.438,-25.727397,16.633,10,-3.912,-19.041129,10.703,10,-12.743,-54.350422,13.668,10,-7.9145,-36.670914,14.854,10,-6.3135,-29.826385,3.3,-3.1,50.8,53.2,53.4,4043,1088790.5,269.3,low_floor,1,1,0,0,-299.470509,-299.470509,-299.470509,0,0,0,23.64923,23.64923,0,S5_segmented_policy_band,0.0,segmented smoothing after policy bands,0,0,0,0,0,46.845417,2194.493103,0,0,0,0,0.006078,0.000912
2020-05-14,2020-05-14,0,0,6855,5930,5月14日国内成品油价格不作调整,https://www.ndrc.gov.cn/xwdt/ztzl/gncpyjg/202005/t20200514_1293023.html,0,6392.5,0,no_adjust,0,2020-05,21.067,10,5.368,34.193261,22.884,10,6.251,37.581915,23.142,10,12.439,116.219751,22.5285,10,8.8605,64.826602,22.6707,10,7.8167,52.623536,2.4,-3.7,50.6,53.6,53.4,4797,946857.4,197.39,low_floor,1,0,0,0,374.80866,374.80866,374.80866,0,374.80866,398.457891,398.457891,0,-398.457891,S5_segmented_policy_band,318.76631280000004,segmented smoothing after policy bands,101611.962176,6350.747636,150385.704021,101611.962176,79.691578,126.536995,16011.61118,0.343824,0.343824,0.42405,0.336492,0.04435,0.31786
2020-05-28,2020-05-28,0,0,6855,5930,5月28日国内成品油价格不作调整,https://www.ndrc.gov.cn/xwdt/ztzl/gncpyjg/202005/t20200528_1293024.html,0,6392.5,0,no_adjust,0,2020-05,27.658,10,6.591,31.285897,32.509,10,9.625,42.059955,31.519,10,8.377,36.198254,32.014,10,9.4855,42.104445,32.212,10,9.5413,42.086482,2.4,-3.7,50.6,53.6,53.4,4797,946857.4,197.39,low_floor,1,0,0,0,457.104867,457.104867,457.104867,0,457.104867,457.104867,457.104867,0,-457.104867,S5_segmented_policy_band,365.68389360000003,segmented smoothing after policy bands,133724.710038,8357.794377,197912.570857,2201.259388,91.420973,217.957969,47505.67612,0.452484,0.452484,0.558064,0.00729,0.131584,0.363965
2020-06-11,2020-06-11,0,0,6855,5930,6月11日国内成品油价格不作调整,https://www.ndrc.gov.cn/xwdt/ztzl/gncpyjg/202006/t20200611_1293025.html,0,6392.5,0,no_adjust,0,2020-06,34.672,10,7.014,25.359751,38.127,10,5.618,17.281368,37.254,10,5.735,18.195374,37.6905,10,5.6765,17.731305,37.8651,10,5.6531,17.549671,2.5,-3,50.9,54.4,54.2,521,273937.7,525.79,low_floor,1,0,0,0,271.563808,271.563808,271.563808,0,271.563808,271.563808,271.563808,0,-271.563808,S5_segmented_policy_band,244.4074272,segmented smoothing after policy bands,59734.990471,737.469018,89602.485706,14707.981302,27.156381,245.11435,60081.044331,0.202125,0.039926,0.252657,0.048706,0.166416,0.153949
2020-06-29,2020-06-28,120,110,6975,6040,国内成品油价格按机制上调,https://www.ndrc.gov.cn/xwdt/ztzl/gncpyjg/202006/t20200628_1293026.html,115,6507.5,1,up,115,2020-06,37.873,10,3.201,9.232234,41.321,10,3.194,8.377265,38.785,10,1.531,4.109626,40.053,10,2.3625,6.268158,40.5602,10,2.6951,7.117636,2.5,-3,50.9,54.4,54.2,521,273937.7,525.79,normal,1,0,0,0,130.410974,130.410974,130.410974,0,130.410974,130.410974,130.410974,0,-15.410974,S5_segmented_policy_band,117.36987660000001,segmented smoothing after policy bands,13775.687933,170.070221,20663.5319,16138.539262,13.041097,258.155447,66644.234764,0.046613,0.009207,0.058266,0.053443,0.184595,0.063767
2020-07-11,2020-07-10,100,100,7075,6140,国内成品油价格按机制上调,https://www.ndrc.gov.cn/xwdt/ztzl/gncpyjg/202007/t20200710_1293027.html,100,6607.5,1,up,100,2020-07,41.56,10,3.687,9.735168,42.451,10,1.13,2.734687,39.823,10,1.038,2.676292,41.05,10,0.997,2.489202,41.5408,10,0.9806,2.417641,2.7,-2.4,51.1,54.2,54.1,5129,1434135.2,279.61,normal,1,0,0,0,48.596729,0,48.596729,48.596729,48.596729,0,48.596729,48.596729,100,S5_segmented_policy_band,0.0,segmented smoothing after policy bands,0,0,0,13775.687933,0,258.155447,66644.234764,0,0,0,0.045619,0.184595,0.034532
2020-07-24,2020-07-24,0,0,7075,6140,7月24日国内成品油价格不作调整,https://www.ndrc.gov.cn/xwdt/ztzl/gncpyjg/202007/t20200724_1293028.html,0,6607.5,0,no_adjust,0,2020-07,43.719,10,2.159,5.194899,43.484,10,1.033,2.433394,40.887,10,1.064,2.671823,42.1855,10,1.1355,2.766139,42.7049,10,1.1641,2.802305,2.7,-2.4,51.1,54.2,54.1,5129,1434135.2,279.61,normal,1,0,0,0,57.353168,105.949897,105.949897,0,57.353168,105.949897,105.949897,0,-105.949897,S5_segmented_policy_band,95.35490730000001,segmented smoothing after policy bands,9092.558346,112.253807,14002.539853,9092.558346,10.59499,268.750437,72226.797173,0.030766,0.006077,0.039484,0.03011,0.200058,0.053303
2020-08-07,2020-08-07,0,0,7075,6140,8月7日国内成品油价格不作调整,https://www.ndrc.gov.cn/xwdt/ztzl/gncpyjg/202008/t20200807_1293029.html,0,6607.5,0,no_adjust,0,2020-08,43.832,10,0.113,0.258469,43.712,10,0.228,0.524331,41.134,10,0.247,0.604104,42.423,10,0.2375,0.56299,42.9386,10,0.2337,0.547244,2.4,-2,51,55.2,54.5,4748,1492292.6,314.3,normal,1,0,0,0,12.9554,0,12.9554,12.9554,12.9554,0,12.9554,12.9554,0,S5_segmented_policy_band,0.0,segmented smoothing after policy bands,0,0,0,9092.558346,0,268.750437,72226.797173,0,0,0,0.03011,0.200058,0.034525
2020-08-22,2020-08-21,85,80,7160,6220,国内成品油价格按机制上调,https://www.ndrc.gov.cn/xwdt/ztzl/gncpyjg/202008/t20200821_1293030.html,82.5,6690,1,up,82.5,2020-08,45.08,10,1.248,2.847235,44.678,10,0.966,2.209919,42.285,10,1.151,2.798172,43.4815,10,1.0585,2.495109,43.9601,10,1.0215,2.378978,2.4,-2,51,55.2,54.5,4748,1492292.6,314.3,normal,1,0,0,0,50.548437,63.503837,63.503837,0,50.548437,63.503837,63.503837,0,18.996163,S5_segmented_policy_band,57.153453299999995,segmented smoothing after policy bands,3266.517224,40.327373,4834.445492,3266.517224,6.350384,275.10082,75680.46133,0.011053,0.002183,0.013632,0.010817,0.209624,0.039674
2020-09-04,2020-09-04,0,0,7160,6220,9月4日国内成品油价格不作调整,https://www.ndrc.gov.cn/xwdt/ztzl/gncpyjg/202009/t20200904_1293031.html,0,6690,0,no_adjust,0,2020-09,45.312,10,0.232,0.514641,44.593,10,-0.085,-0.19025,42.65,10,0.365,0.86319,43.622,10,0.1405,0.323126,44.0104,10,0.0503,0.114422,1.7,-2.1,51.5,55.9,55.1,100,101019.8,1010.2,normal,1,0,0,0,4.203733,0,4.203733,4.203733,4.203733,0,4.203733,4.203733,0,S5_segmented_policy_band,0.0,segmented smoothing after policy bands,0,0,0,3266.517224,0,275.10082,75680.46133,0,0,0,0.010817,0.209624,0.033066
2020-09-19,2020-09-18,-315,-300,6845,5920,国内成品油价格按机制下调,https://www.ndrc.gov.cn/xwdt/ztzl/gncpyjg/202009/t20200918_1293032.html,-307.5,6382.5,1,down,307.5,2020-09,40.604,10,-4.708,-10.390184,40.004,10,-4.589,-10.290853,38.726,10,-3.924,-9.200469,39.4675,10,-4.1545,-9.523864,39.7641,10,-4.2463,-9.648401,1.7,-2.1,51.5,55.9,55.1,100,101019.8,1010.2,low_floor,1,1,0,0,-200.825769,-196.622036,-196.622036,0,0,0,4.203733,4.203733,-307.5,S5_segmented_policy_band,0.0,segmented smoothing after policy bands,0,0,0,0,0,275.10082,75680.46133,0,0,0,0,0.209624,0.031444
2020-10-09,2020-10-09,0,0,6845,5920,10月9日国内成品油价格不作调整,https://www.ndrc.gov.cn/xwdt/ztzl/gncpyjg/202010/t20201009_1293033.html,0,6382.5,0,no_adjust,0,2020-10,40.459,10,-0.145,-0.357108,40.455,10,0.451,1.127387,39.552,10,0.826,2.132934,40.0035,10,0.536,1.358079,40.1841,10,0.42,1.056229,0.5,-2.1,51.4,56.2,55.3,4256,1327523.7,311.92,normal,1,0,0,0,21.845452,0,21.845452,21.845452,21.845452,0,26.049185,26.049185,0,S5_segmented_policy_band,0.0,segmented smoothing after policy bands,0,0,0,0,0,275.10082,75680.46133,0,0,0,0,0.209624,0.031444
2020-10-23,2020-10-22,80,70,6925,5990,国内成品油价格按机制上调,https://www.ndrc.gov.cn/xwdt/ztzl/gncpyjg/202010/t20201022_1293034.html,75,6457.5,1,up,75,2020-10,41.108,10,0.649,1.604093,41.323,10,0.868,2.145594,40.507,10,0.955,2.414543,40.915,10,0.9115,2.278551,41.0782,10,0.8941,2.225009,0.5,-2.1,51.4,56.2,55.3,4256,1327523.7,311.92,normal,1,0,0,0,44.469035,66.314486,66.314486,0,44.469035,70.51822,70.51822,0,4.48178,S5_segmented_policy_band,63.466398,segmented smoothing after policy bands,4027.983675,49.728194,4430.782043,4027.983675,7.051822,282.152642,79610.113557,0.013629,0.002692,0.012494,0.013339,0.220509,0.042146
2020-11-06,2020-11-05,-160,-150,6765,5840,国内成品油价格按机制下调,https://www.ndrc.gov.cn/xwdt/ztzl/gncpyjg/202011/t20201105_1293035.html,-155,6302.5,1,down,155,2020-11,38.617,10,-2.491,-6.059648,38.715,10,-2.608,-6.311255,37.978,10,-2.529,-6.243365,38.3465,10,-2.5685,-6.277649,38.4939,10,-2.5843,-6.291171,-0.5,-1.5,52.1,56.4,55.7,280,42203,150.72,low_floor,1,1,0,0,-121.516773,-121.516773,-121.516773,0,0,0,0,0,-155,S5_segmented_policy_band,0.0,segmented smoothing after policy bands,0,0,0,4027.983675,0,282.152642,79610.113557,0,0,0,0.013339,0.220509,0.035077
2020-11-20,2020-11-19,150,145,6915,5985,2020年11月19日24时起国内成品油价格按机制上调,https://www.ndrc.gov.cn/xwdt/ztzl/gncpyjg/202011/t20201119_1293036.html,147.5,6450,1,up,147.5,2020-11,41.788,10,3.171,8.211409,41.506,10,2.791,7.209092,40.284,10,2.306,6.071936,40.895,10,2.5485,6.645978,41.1394,10,2.6455,6.872517,-0.5,-1.5,52.1,56.4,55.7,280,42203,150.72,normal,1,0,0,0,128.044111,128.044111,128.044111,0,128.044111,128.044111,128.044111,0,19.455889,S5_segmented_policy_band,115.23969989999999,segmented smoothing after policy bands,13280.188433,163.952944,13280.188433,13280.188433,12.804411,294.957053,86999.66335,0.044936,0.008876,0.037447,0.043978,0.240977,0.065114
2020-12-04,2020-12-03,250,240,7165,6225,2020年12月3日24时起国内成品油价格按机制上调,https://www.ndrc.gov.cn/xwdt/ztzl/gncpyjg/202012/t20201203_1293037.html,245,6695,1,up,245,2020-12,45.697,10,3.909,9.35436,46.068,10,4.562,10.991182,43.461,10,3.177,7.886506,44.377,10,3.482,8.514488,44.7434,10,3.604,8.760458,0.2,-0.4,51.9,55.7,55.1,3847,1245360,323.72,normal,1,0,0,0,173.782783,173.782783,173.782783,0,173.782783,173.782783,173.782783,0,71.217217,S5_segmented_policy_band,156.4045047,segmented smoothing after policy bands,24462.36909,302.004557,25440.863854,1694.541154,17.378278,312.335332,97553.359428,0.082773,0.01635,0.071737,0.005612,0.270209,0.083271
2020-12-18,2020-12-17,155,150,7320,6375,2020年12月17日24时起国内成品油价格按机制上调,https://www.ndrc.gov.cn/xwdt/ztzl/gncpyjg/202012/t20201217_1293038.html,152.5,6847.5,1,up,152.5,2020-12,48.751,10,3.054,6.683152,49.596,10,3.528,7.658244,46.453,10,2.992,6.884333,48.0245,10,3.6475,8.219348,48.6531,10,3.9097,8.738049,0.2,-0.4,51.9,55.7,55.1,3847,1245360,323.72,normal,1,0,0,0,188.370484,188.370484,188.370484,0,188.370484,188.370484,188.370484,0,-35.870484,S5_segmented_policy_band,169.53343560000002,segmented smoothing after policy bands,28741.585786,354.834392,29891.249218,172.368827,18.837048,331.17238,109675.145341,0.097253,0.01921,0.084286,0.000571,0.303785,0.09488
2021-01-01,2020-12-31,90,85,7410,6460,2020年12月31日24时起国内成品油价格按机制上调,https://www.ndrc.gov.cn/xwdt/ztzl/gncpyjg/202012/t20201231_1293039.html,87.5,6935,1,up,87.5,2021-01,50.063,10,1.312,2.691227,50.868,10,1.272,2.564723,47.976,10,1.523,3.278583,49.422,10,1.3975,2.909973,50.0004,10,1.3473,2.769197,-0.3,0.3,51.3,52.4,52.8,4459,1612834.7,3617.03,normal,1,0,0,0,66.095291,66.095291,66.095291,0,66.095291,66.095291,66.095291,0,21.404709,S5_segmented_policy_band,59.48576190000001,segmented smoothing after policy bands,3538.555869,43.685875,3538.555869,12110.490487,6.609529,337.781909,114096.618183,0.011973,0.002365,0.009978,0.040104,0.316032,0.059381
2021-01-16,2021-01-15,185,180,7595,6640,2021年1月15日24时起国内成品油价格按机制上调,https://www.ndrc.gov.cn/xwdt/ztzl/gncpyjg/202101/t20210115_1293040.html,182.5,7117.5,1,up,182.5,2021-01,53.503,10,3.44,6.871342,53.986,10,3.118,6.12959,51.033,10,3.057,6.371936,52.5095,10,3.0875,6.247218,53.1001,10,3.0997,6.19935,-0.3,0.3,51.3,52.4,52.8,4459,1612834.7,3617.03,normal,1,0,0,0,149.718085,149.718085,149.718085,0,149.718085,149.718085,149.718085,0,32.781915,S5_segmented_policy_band,134.7462765,segmented smoothing after policy bands,18156.559031,224.15505,18156.559031,5664.145058,14.971809,352.753718,124435.185351,0.061436,0.012136,0.051197,0.018757,0.344668,0.085099
2021-01-30,2021-01-29,75,70,7670,6710,2021年1月29日24时起国内成品油价格按机制上调,https://www.ndrc.gov.cn/xwdt/ztzl/gncpyjg/202101/t20210129_1293041.html,72.5,7190,1,up,72.5,2021-01,54.842,10,1.339,2.502663,55.159,10,1.173,2.172786,52.749,10,1.716,3.36253,54.0315,10,1.522,2.898523,54.5445,10,1.4444,2.720146,-0.3,0.3,51.3,52.4,52.8,4459,1612834.7,3617.03,normal,1,0,0,0,70.728806,70.728806,70.728806,0,70.728806,70.728806,70.728806,0,1.771194,S5_segmented_policy_band,63.65592540000001,segmented smoothing after policy bands,4052.076839,50.02564,4052.076839,5053.83802,7.072881,359.826598,129475.180844,0.013711,0.002708,0.011426,0.016736,0.358628,0.063131
2021-02-19,2021-02-18,275,265,7945,6975,2021年2月18日24时起国内成品油价格按机制上调,https://www.ndrc.gov.cn/xwdt/ztzl/gncpyjg/202102/t20210218_1293042.html,270,7460,1,up,270,2021-02,60.706,10,5.864,10.692535,61.666,10,6.507,11.796806,58.252,10,5.503,10.432425,59.7105,10,5.679,10.510536,60.2939,10,5.7494,10.540751,-0.2,1.7,50.6,51.4,51.6,4498,1783365.6,396.48,normal,1,0,0,0,276.159149,276.159149,276.159149,0,276.159149,276.159149,276.159149,0,-6.159149,S5_segmented_policy_band,248.5432341,segmented smoothing after policy bands,61773.739217,762.638756,61773.739217,34183.316918,27.615915,387.442513,150111.701035,0.209024,0.041289,0.174186,0.113199,0.415789,0.183408
2021-03-04,2021-03-03,260,250,8205,7225,2021年3月3日24时起国内成品油价格按机制上调,https://www.ndrc.gov.cn/xwdt/ztzl/gncpyjg/202103/t20210303_1293043.html,255,7715,1,up,255,2021-03,63.35,10,2.644,4.355418,64.897,10,3.231,5.239516,61.237,10,2.985,5.124288,63.067,10,3.3565,5.621289,63.799,10,3.5051,5.813358,0.4,4.4,51.9,56.3,55.3,4966,2267884.9,456.68,normal,1,0,0,0,169.063372,169.063372,169.063372,0,169.063372,169.063372,169.063372,0,85.936628,S5_segmented_policy_band,152.1570348,segmented smoothing after policy bands,23151.763239,285.824238,25003.904298,9290.299415,16.906337,404.34885,163497.99282,0.078339,0.015474,0.070505,0.030765,0.452867,0.11285
2021-03-18,2021-03-17,235,230,8440,7455,2021年3月17日24时起国内成品油价格按机制上调,https://www.ndrc.gov.cn/xwdt/ztzl/gncpyjg/202103/t20210317_1293044.html,232.5,7947.5,1,up,232.5,2021-03,66.413,10,3.063,4.835043,67.947,10,3.05,4.699755,64.651,10,3.414,5.575061,66.299,10,3.232,5.124709,66.9582,10,3.1592,4.951802,0.4,4.4,51.9,56.3,55.3,4966,2267884.9,456.68,normal,1,0,0,0,152.557367,152.557367,152.557367,0,152.557367,152.557367,152.557367,0,79.942633,S5_segmented_policy_band,137.3016303,segmented smoothing after policy bands,18851.737683,232.737502,20359.876698,220.683043,15.255737,419.604587,176068.009515,0.063789,0.0126,0.05741,0.000731,0.487684,0.106082
2021-04-01,2021-03-31,-225,-220,8215,7235,2021年3月31日24时起国内成品油价格按机制下调,https://www.ndrc.gov.cn/xwdt/ztzl/gncpyjg/202103/t20210331_1293045.html,-222.5,7725,1,down,222.5,2021-04,63.154,10,-3.259,-4.907172,63.371,10,-4.576,-6.734661,60.772,10,-3.879,-5.999907,62.0715,10,-4.2275,-6.376416,62.5913,10,-4.3669,-6.52183,0.9,6.8,51.1,54.9,53.8,4036,1839330.1,455.73,normal,1,0,0,0,-206.580682,-206.580682,-206.580682,0,-206.580682,-206.580682,-206.580682,0,-15.919318,S5_segmented_policy_band,-185.9226138,segmented smoothing after policy bands,0,426.755782,0,104473.911974,-20.658068,398.946519,159158.324942,0,0.023104,0,0.345969,0.440847,0.122643
2021-04-15,2021-04-15,0,0,8215,7235,2021年4月15日国内成品油价格不作调整,https://www.ndrc.gov.cn/xwdt/ztzl/gncpyjg/202104/t20210415_1293046.html,0,7725,0,no_adjust,0,2021-04,61.748,10,-1.406,-2.226304,62.928,10,-0.443,-0.699058,60.039,10,-0.733,-1.206148,61.5745,10,-0.497,-0.80069,62.1159,10,-0.4754,-0.75953,0.9,6.8,51.1,54.9,53.8,4036,1839330.1,455.73,normal,1,0,0,0,-20.882151,0,-20.882151,-20.882151,-20.882151,0,-20.882151,-20.882151,0,S5_segmented_policy_band,0.0,segmented smoothing after policy bands,0,0,0,34567.218322,0,398.946519,159158.324942,0,0,0,0.114471,0.440847,0.083298
2021-04-29,2021-04-28,100,95,8315,7330,2021年4月28日24时起国内成品油价格按机制上调,https://www.ndrc.gov.cn/xwdt/ztzl/gncpyjg/202104/t20210428_1293047.html,97.5,7822.5,1,up,97.5,2021-04,64.138,10,2.39,3.870571,65.669,10,2.741,4.355772,62.569,10,2.53,4.213928,64.119,10,2.5445,4.132392,64.739,10,2.6231,4.222912,0.9,6.8,51.1,54.9,53.8,4036,1839330.1,455.73,normal,1,0,0,0,126.975205,106.093054,106.093054,0,126.975205,106.093054,106.093054,0,-8.593054,S5_segmented_policy_band,95.4837486,segmented smoothing after policy bands,9117.146247,112.557361,10758.232571,9117.146247,10.609305,409.555824,167735.973218,0.03085,0.006094,0.030336,0.030192,0.464605,0.090735
2021-05-15,2021-05-14,100,100,8415,7430,2021年5月14日24时起国内成品油价格按机制上调,https://www.ndrc.gov.cn/xwdt/ztzl/gncpyjg/202105/t20210514_1293048.html,100,7922.5,1,up,100,2021-05,66.717,10,2.579,4.021017,68.638,10,2.969,4.521159,64.901,10,2.332,3.727085,66.7965,10,2.6775,4.175829,67.5331,10,2.7941,4.315946,1.3,9,51,55.2,54.2,4095,2039882.1,498.14,normal,1,0,0,0,135.135156,135.135156,135.135156,0,135.135156,135.135156,135.135156,0,-35.135156,S5_segmented_policy_band,121.6216404,segmented smoothing after policy bands,14791.823414,182.615104,18637.697501,683.189388,13.513516,423.06934,178987.666363,0.050051,0.009887,0.052554,0.002262,0.495771,0.102334
2021-05-28,2021-05-28,0,0,8415,7430,2021年5月28日国内成品油价格不作调整,https://www.ndrc.gov.cn/xwdt/ztzl/gncpyjg/202105/t20210528_1293049.html,0,7922.5,0,no_adjust,0,2021-05,66.662,10,-0.055,-0.082438,68.24,10,-0.398,-0.579854,65.157,10,0.256,0.394447,66.6985,10,-0.098,-0.146714,67.3151,10,-0.218,-0.322805,1.3,9,51,55.2,54.2,4095,2039882.1,498.14,normal,1,0,0,0,-8.599277,0,-8.599277,-8.599277,-8.599277,0,-8.599277,-8.599277,0,S5_segmented_policy_band,0.0,segmented smoothing after policy bands,0,0,0,14791.823414,0,423.06934,178987.666363,0,0,0,0.048984,0.495771,0.081713
2021-06-12,2021-06-11,175,170,8590,7600,2021年6月11日24时起国内成品油价格按机制上调,https://www.ndrc.gov.cn/xwdt/ztzl/gncpyjg/202106/t20210611_1293050.html,172.5,8095,1,up,172.5,2021-06,69.738,10,3.076,4.614323,70.667,10,2.427,3.556565,68.771,10,3.614,5.546603,69.719,10,3.0205,4.528588,70.0982,10,2.7831,4.134436,1.1,8.8,50.9,53.5,52.9,4012,2071889.6,516.42,normal,1,0,0,0,134.610247,126.010969,126.010969,0,134.610247,126.010969,126.010969,0,46.489031,S5_segmented_policy_band,113.4098721,segmented smoothing after policy bands,12861.79909,158.787643,15691.394889,12861.79909,12.601097,435.670437,189808.729502,0.04352,0.008597,0.044246,0.042592,0.525744,0.108911
2021-06-29,2021-06-28,225,215,8815,7815,2021年6月28日24时起国内成品油价格按机制上调,https://www.ndrc.gov.cn/xwdt/ztzl/gncpyjg/202106/t20210628_1293051.html,220,8315,1,up,220,2021-06,72.892,10,3.154,4.522642,74.258,10,3.591,5.08158,72.515,10,3.744,5.444155,73.3865,10,3.6675,5.260402,73.7351,10,3.6369,5.188293,1.1,8.8,50.9,53.5,52.9,4012,2071889.6,516.42,normal,1,0,0,0,175.352738,175.352738,175.352738,0,175.352738,175.352738,175.352738,0,44.647262,S5_segmented_policy_band,157.8174642,segmented smoothing after policy bands,24906.352007,307.485827,30385.749448,1972.034236,17.535274,453.205711,205395.41612,0.084276,0.016647,0.08568,0.00653,0.568917,0.132135
2021-07-13,2021-07-12,70,65,8885,7880,2021年7月12日24时起国内成品油价格按机制上调,https://www.ndrc.gov.cn/xwdt/ztzl/gncpyjg/202107/t20210712_1293052.html,67.5,8382.5,1,up,67.5,2021-07,74.224,10,1.332,1.827361,76.197,10,1.939,2.611166,73.793,10,1.278,1.762394,74.9005,10,1.514,2.06305,75.3435,10,1.6084,2.181322,1,9,50.4,53.3,52.4,4117,2208676.2,536.48,normal,1,0,0,0,78.554724,78.554724,78.554724,0,78.554724,78.554724,78.554724,0,-11.054724,S5_segmented_policy_band,70.6992516,segmented smoothing after policy bands,4998.384177,61.708447,5998.061012,7589.582967,7.855472,461.061183,212577.414469,0.016913,0.003341,0.016913,0.025133,0.58881,0.101216
2021-07-27,2021-07-26,-100,-95,8785,7785,2021年7月26日24时起国内成品油价格按机制下调,https://www.ndrc.gov.cn/xwdt/ztzl/gncpyjg/202107/t20210726_1293053.html,-97.5,8285,1,down,97.5,2021-07,72.683,10,-1.541,-2.076148,74.001,10,-2.196,-2.882003,71.436,10,-2.357,-3.19407,72.7185,10,-2.182,-2.913198,73.2315,10,-2.112,-2.803162,1,9,50.4,53.3,52.4,4117,2208676.2,536.48,normal,1,0,0,0,-98.979084,-98.979084,-98.979084,0,-98.979084,-98.979084,-98.979084,0,1.479084,S5_segmented_policy_band,-89.08117560000001,segmented smoothing after policy bands,0,97.968591,0,25529.784916,-9.897908,451.163275,203548.300348,0,0.005304,0,0.084543,0.563801,0.098312
2021-08-09,2021-08-09,0,0,8785,7785,2021年8月9日国内成品油价格不作调整,https://www.ndrc.gov.cn/xwdt/ztzl/gncpyjg/202108/t20210809_1293373.html,0,8285,0,no_adjust,0,2021-08,72.934,10,0.251,0.345335,74.007,10,0.006,0.008108,71.125,10,-0.311,-0.435355,72.566,10,-0.1525,-0.209713,73.1424,10,-0.0891,-0.121669,0.8,9.5,50.1,47.5,48.9,4453,2427251.9,545.08,normal,1,0,0,0,-2.448297,0,-2.448297,-2.448297,-2.448297,0,-2.448297,-2.448297,0,S5_segmented_policy_band,0.0,segmented smoothing after policy bands,0,0,0,7935.455846,0,451.163275,203548.300348,0,0,0,0.026279,0.563801,0.088512
2021-08-24,2021-08-23,-250,-245,8535,7540,2021年8月23日24时起国内成品油价格按机制下调,https://www.ndrc.gov.cn/xwdt/ztzl/gncpyjg/202108/t20210823_1294332.html,-247.5,8037.5,1,down,247.5,2021-08,69.411,10,-3.523,-4.830395,69.586,10,-4.421,-5.973759,66.691,10,-4.434,-6.234095,68.1385,10,-4.4275,-6.101342,68.7175,10,-4.4249,-6.049706,0.8,9.5,50.1,47.5,48.9,4453,2427251.9,545.08,normal,1,0,0,0,-209.348385,-211.796682,-211.796682,0,-209.348385,-211.796682,-211.796682,0,-35.703318,S5_segmented_policy_band,-190.6170138,segmented smoothing after policy bands,0,448.578345,0,36334.84595,-21.179668,429.983606,184885.901773,0,0.024286,0,0.120324,0.512108,0.099722
2021-09-07,2021-09-06,140,140,8675,7680,2021年9月6日24时起国内成品油价格按机制上调,https://www.ndrc.gov.cn/xwdt/ztzl/gncpyjg/202109/t20210906_1296106.html,140,8177.5,1,up,140,2021-09,70.861,10,1.45,2.089006,71.266,10,1.68,2.414279,68.37,10,1.679,2.517581,69.4665,10,1.328,1.948972,70.1863,10,1.4688,2.137447,0.7,10.7,49.6,53.2,51.7,4104,2195876.9,535.06,normal,1,0,0,0,71.89315,71.89315,71.89315,0,71.89315,71.89315,71.89315,0,68.10685,S5_segmented_policy_band,64.70383500000001,segmented smoothing after policy bands,4186.586264,51.68625,4772.708341,65188.735832,7.189315,437.172921,191120.163205,0.014166,0.002798,0.013458,0.215875,0.529376,0.119253
2021-09-19,2021-09-18,90,85,8765,7765,2021年9月18日24时起国内成品油价格按机制上调,https://www.ndrc.gov.cn/xwdt/ztzl/gncpyjg/202109/t20210918_1297148.html,87.5,8265,1,up,87.5,2021-09,72.575,10,1.714,2.41882,73.071,10,1.805,2.532765,70.371,10,2.001,2.926722,71.753,10,2.2865,3.291515,72.3058,10,2.1195,3.01982,0.7,10.7,49.6,53.2,51.7,4104,2195876.9,535.06,normal,1,0,0,0,102.943911,102.943911,102.943911,0,102.943911,102.943911,102.943911,0,-15.443911,S5_segmented_policy_band,92.6495199,segmented smoothing after policy bands,8583.933538,105.974488,9785.684233,780.961305,10.294391,447.467312,200226.995756,0.029045,0.005737,0.027593,0.002586,0.554601,0.098885
2021-10-10,2021-10-09,345,330,9110,8095,2021年10月9日24时起国内成品油价格按机制上调,https://www.ndrc.gov.cn/xwdt/ztzl/gncpyjg/202110/t20211009_1298893.html,337.5,8602.5,1,up,337.5,2021-10,78.676,10,6.101,8.406476,80.228,10,7.157,9.794583,76.979,10,6.608,9.390232,78.6035,10,6.8505,9.547336,79.2533,10,6.9475,9.608496,1.5,13.5,49.2,52.4,50.8,3766,2098861.3,557.32,normal,1,0,0,0,333.331296,333.331296,333.331296,0,333.331296,333.331296,333.331296,0,4.168704,S5_segmented_policy_band,266.6650368,segmented smoothing after policy bands,71110.241852,4444.390116,92443.314407,30281.400122,66.666259,514.133572,264333.329549,0.240616,0.240616,0.260667,0.100278,0.732167,0.29831
2021-10-23,2021-10-22,300,290,9410,8385,2021年10月22日24时起国内成品油价格按机制上调,https://www.ndrc.gov.cn/xwdt/ztzl/gncpyjg/202110/t20211022_1300685.html,295,8897.5,1,up,295,2021-10,82.845,10,4.169,5.298948,84.1,10,3.872,4.826245,81.828,10,4.849,6.299121,82.964,10,4.3605,5.547463,83.4184,10,4.1651,5.255428,1.5,13.5,49.2,52.4,50.8,3766,2098861.3,557.32,profit_deduction,0.931632,0,1,0,200.55792,200.55792,200.55792,0,186.846176,186.846176,186.846176,0,108.153824,S5_segmented_policy_band,168.16155840000002,segmented smoothing after policy bands,28278.309724,349.114935,36761.802641,9702.935257,18.684618,532.818189,283895.222849,0.095685,0.018901,0.103659,0.032132,0.786351,0.176389
2021-11-05,2021-11-05,0,0,9410,8385,2021年11月5日国内成品油价格不作调整,https://www.ndrc.gov.cn/xwdt/ztzl/gncpyjg/202111/t20211105_1303115.html,0,8897.5,0,no_adjust,0,2021-11,83.068,10,0.223,0.269177,83.619,10,-0.481,-0.571938,83.144,10,1.316,1.608251,83.3815,10,0.4175,0.50323,83.4765,10,0.0581,0.069649,2.3,12.9,50.1,52.3,52.2,4178,2496433.8,597.52,profit_deduction,0.93047,0,1,0,4.575942,0,4.575942,4.575942,4.257776,0,4.257776,4.257776,0,S5_segmented_policy_band,0.0,segmented smoothing after policy bands,0,0,0,28278.309724,0,532.818189,283895.222849,0,0,0,0.093645,0.786351,0.131999
2021-11-20,2021-11-19,-95,-90,9315,8295,2021年11月19日24时起国内成品油价格按机制下调,https://www.ndrc.gov.cn/xwdt/ztzl/gncpyjg/202111/t20211119_1304442.html,-92.5,8805,1,down,92.5,2021-11,81.607,10,-1.461,-1.7588,82.729,10,-0.89,-1.064351,80.975,10,-2.169,-2.608727,81.852,10,-1.5295,-1.83434,82.2028,10,-1.2737,-1.525819,2.3,12.9,50.1,52.3,52.2,4178,2496433.8,597.52,profit_deduction,0.955944,0,0,0,-58.976237,-54.400296,-54.400296,0,-58.976237,-54.718461,-54.718461,0,-37.781539,S5_segmented_policy_band,0.0,segmented smoothing after policy bands,0,2994.109974,0,0,-54.718461,478.099728,228579.350201,0,0.162099,0,0,0.633133,0.12739
2021-12-04,2021-12-03,-430,-415,8885,7880,2021年12月3日24时起国内成品油价格按机制下调,https://www.ndrc.gov.cn/xwdt/ztzl/gncpyjg/202112/t20211203_1306844.html,-422.5,8382.5,1,down,422.5,2021-12,76.472,10,-5.135,-6.292352,76.572,10,-6.157,-7.442372,73.479,10,-7.496,-9.257178,75.4605,10,-6.3915,-7.808606,76.2531,10,-5.9497,-7.237831,1.5,10.3,50.3,52.7,52.2,4614,2690828.6,583.19,normal,1,0,0,0,-282.110333,-282.110333,-282.110333,0,-282.110333,-282.110333,-282.110333,0,-140.389667,S5_segmented_policy_band,-253.89929970000003,segmented smoothing after policy bands,0,795.8624,0,64464.854388,-28.211033,449.888695,202399.837889,0,0.043087,0,0.213478,0.56062,0.124732
2021-12-18,2021-12-17,-130,-125,8755,7755,2021年12月17日24时起国内成品油价格按机制下调,https://www.ndrc.gov.cn/xwdt/xwfb/202112/t20211217_1308356.html,-127.5,8255,1,down,127.5,2021-12,73.946,10,-2.526,-3.30317,74.049,10,-2.523,-3.294938,70.795,10,-2.684,-3.652744,72.422,10,-3.0385,-4.02661,73.0728,10,-3.1803,-4.170716,1.5,10.3,50.3,52.7,52.2,4614,2690828.6,583.19,normal,1,0,0,0,-149.957304,-149.957304,-149.957304,0,-149.957304,-149.957304,-149.957304,0,22.457304,S5_segmented_policy_band,-134.9615736,segmented smoothing after policy bands,0,224.87193,0,14146.18269,-14.99573,434.892965,189131.890659,0,0.012174,0,0.046846,0.523869,0.088042
2022-01-01,2021-12-31,140,135,8895,7890,2021年12月31日24时起国内成品油价格按机制上调,https://www.ndrc.gov.cn/xwdt/xwfb/202112/t20211231_1311298.html,137.5,8392.5,1,up,137.5,2022-01,75.152,10,1.206,1.63092,74.811,10,0.762,1.029048,73.468,10,2.673,3.77569,73.544,10,1.122,1.549253,73.976,10,0.9032,1.236028,0.9,9.1,50.1,51.1,51,4880,2795758.1,572.9,normal,1,0,0,0,44.903278,0,44.903278,44.903278,44.903278,0,44.903278,44.903278,137.5,S5_segmented_policy_band,0.0,segmented smoothing after policy bands,0,0,0,18214.626349,0,434.892965,189131.890659,0,0,0,0.060318,0.523869,0.087628
2022-01-18,2022-01-17,345,330,9240,8220,2022年1月17日24时起国内成品油价格按机制上调,https://www.ndrc.gov.cn/xwdt/xwfb/202201/t20220117_1312120.html,337.5,8730,1,up,337.5,2022-01,81.683,10,6.531,8.690387,82.785,10,7.974,10.65886,79.687,10,6.219,8.46491,81.236,10,7.692,10.459045,81.8556,10,7.8796,10.651563,0.9,9.1,50.1,51.1,51,4880,2795758.1,572.9,profit_deduction,0.962888,0,1,0,377.810186,422.713464,422.713464,0,363.788894,408.692172,408.692172,0,-71.192172,S5_segmented_policy_band,326.95373760000007,segmented smoothing after policy bands,106898.746531,6681.171658,126140.520906,106898.746531,81.738434,516.631399,266908.002433,0.361713,0.361713,0.355685,0.353999,0.739298,0.415687
2022-01-30,2022-01-29,310,300,9550,8520,2022年1月29日24时起国内成品油价格按机制上调,https://www.ndrc.gov.cn/xwdt/xwfb/202201/t20220129_1313943.html,305,9035,1,up,305,2022-01,88.254,10,6.571,8.044514,89.641,10,6.856,8.281694,86.223,10,6.536,8.202091,87.8995,10,6.6635,8.202644,88.5701,10,6.7145,8.20286,0.9,9.1,50.1,51.1,51,4880,2795758.1,572.9,profit_deduction,0.828598,0,1,0,322.212766,322.212766,322.212766,0,266.984854,266.984854,266.984854,0,38.015146,S5_segmented_policy_band,240.2863686,segmented smoothing after policy bands,57737.538935,712.809123,68130.295943,7511.232849,26.698485,543.329884,295207.363282,0.195366,0.038591,0.19211,0.024874,0.817684,0.230971
2022-02-18,2022-02-17,210,200,9760,8720,2022年2月17日24时起国内成品油价格按机制上调,https://www.ndrc.gov.cn/xwdt/xwfb/202202/t20220217_1315772.html,205,9240,1,up,205,2022-02,92.871,10,4.617,5.231491,96.955,10,7.314,8.159213,91.693,10,5.47,6.344015,94.324,10,6.4245,7.308915,95.3764,10,6.8063,7.684648,0.9,8.8,50.2,51.6,51.2,3634,2271578.6,625.09,profit_deduction,0.692472,0,1,0,326.593372,326.593372,326.593372,0,226.156765,226.156765,226.156765,0,-21.156765,S5_segmented_policy_band,203.5410885,segmented smoothing after policy bands,41428.974708,511.468824,48886.190155,1350.21561,22.615677,565.945561,320294.377902,0.140183,0.027691,0.137847,0.004471,0.887171,0.208792
2022-03-04,2022-03-03,260,255,10020,8975,2022年3月3日24时起国内成品油价格按机制上调,https://www.ndrc.gov.cn/xwdt/xwfb/202203/t20220303_1318078.html,257.5,9497.5,1,up,257.5,2022-03,98.592,10,5.721,6.160158,102.123,10,5.168,5.330308,95.61,10,3.917,4.271864,98.791,10,4.467,4.735804,100.0634,10,4.687,4.914214,1.5,8.3,49.5,48.4,48.8,4271,3021685.3,707.49,profit_deduction,0.598732,0,1,0,225.462472,225.462472,225.462472,0,134.991597,134.991597,134.991597,0,122.508403,S5_segmented_policy_band,121.49243730000002,segmented smoothing after policy bands,14760.412321,182.227313,19188.536017,6731.981164,13.49916,579.444721,335756.184231,0.049945,0.009866,0.054107,0.022293,0.929998,0.17083
2022-03-18,2022-03-17,750,720,10770,9695,2022年3月17日24时起国内成品油价格按机制上调,https://www.ndrc.gov.cn/xwdt/xwfb/202203/t20220317_1319438.html,735,10232.5,1,up,735,2022-03,115.932,10,17.34,17.587634,117.079,10,14.956,14.645085,108.49,10,12.88,13.471394,112.7845,10,13.9935,14.164752,114.5023,10,14.4389,14.429752,1.5,8.3,49.5,48.4,48.8,4271,3021685.3,707.49,profit_deduction,0.309954,0,1,0,690.813495,690.813495,690.813495,0,214.120406,214.120406,214.120406,0,520.879594,S5_segmented_policy_band,192.70836540000002,segmented smoothing after policy bands,37136.514095,458.475483,48277.468324,5071.708415,21.412041,600.856761,361028.84748,0.125659,0.024821,0.13613,0.016795,1,0.222931
2022-04-01,2022-03-31,110,110,10880,9805,2022年3月31日24时起国内成品油价格按机制上调,https://www.ndrc.gov.cn/xwdt/xwfb/202203/t20220331_1321429.html,110,10342.5,1,up,110,2022-04,112.719,10,-3.213,-2.771452,118.869,10,1.79,1.528882,109.573,10,1.083,0.998249,114.221,10,1.4365,1.273668,116.0802,10,1.5779,1.378051,2.1,8,47.4,41.9,42.7,4303,3422562.7,795.39,profit_deduction,0.278396,0,1,0,77.099294,77.099294,77.099294,0,21.464135,0,21.464135,21.464135,110,S5_segmented_policy_band,0.0,segmented smoothing after policy bands,0,0,0,37136.514095,0,600.856761,361028.84748,0,0,0,0.122979,1,0.168447
2022-04-16,2022-04-15,-545,-530,10335,9275,2022年4月15日24时起国内成品油价格按机制下调,https://www.ndrc.gov.cn/xwdt/xwfb/202204/t20220415_1322196.html,-537.5,9805,1,down,537.5,2022-04,104.374,10,-8.345,-7.403366,104.444,10,-14.425,-12.135208,100.122,10,-9.451,-8.6253,102.283,10,-11.938,-10.451668,103.1474,10,-12.9328,-11.141263,2.1,8,47.4,41.9,42.7,4303,3422562.7,795.39,profit_deduction,0.537052,0,0,0,-615.336958,-615.336958,-615.336958,0,-615.336958,-593.872823,-593.872823,0,56.372823,S5_segmented_policy_band,-475.0982584000001,segmented smoothing after policy bands,0,14107.397196,0,225718.355135,-118.774565,482.082197,232403.244279,0,0.763763,0,0.747474,0.643725,0.361432
2022-04-29,2022-04-28,205,200,10540,9475,2022年4月28日24时起国内成品油价格按机制上调,https://www.ndrc.gov.cn/xwdt/xwfb/202204/t20220428_1323651.html,202.5,10007.5,1,up,202.5,2022-04,107.029,10,2.655,2.543737,105.209,10,0.765,0.73245,103.537,10,3.415,3.410839,103.987,10,1.704,1.665966,104.4758,10,1.3284,1.287866,2.1,8,47.4,41.9,42.7,4303,3422562.7,795.39,profit_deduction,0.510484,0,1,0,65.193401,65.193401,65.193401,0,33.280188,0,33.280188,33.280188,202.5,S5_segmented_policy_band,0.0,segmented smoothing after policy bands,0,0,0,225718.355135,0,482.082197,232403.244279,0,0,0,0.747474,0.643725,0.20868
2022-05-17,2022-05-16,285,270,10825,9745,2022年5月16日24时起国内成品油价格按机制上调,https://www.ndrc.gov.cn/xwdt/xwfb/202205/t20220516_1324609.html,277.5,10285,1,up,277.5,2022-05,110.858,10,3.829,3.577535,108.696,10,3.487,3.314355,105.843,10,2.306,2.227223,107.24,10,3.253,3.128276,107.8224,10,3.3466,3.20323,2.1,6.4,49.6,47.8,48.4,4583,3522859,768.68,profit_deduction,0.443552,0,1,0,161.499909,161.499909,161.499909,0,71.633608,104.913796,104.913796,0,172.586204,S5_segmented_policy_band,94.4224164,segmented smoothing after policy bands,8915.592719,110.069046,12660.141661,8915.592719,10.49138,492.573576,242628.72797,0.030168,0.005959,0.035698,0.029524,0.672048,0.122894
2022-05-31,2022-05-30,400,390,11225,10135,2022年5月30日24时起国内成品油价格按机制上调,https://www.ndrc.gov.cn/xwdt/xwfb/202205/t20220530_1326109.html,395,10680,1,up,395,2022-05,115.363,10,4.505,4.063757,115.295,10,6.599,6.071061,112.779,10,6.936,6.553102,114.037,10,6.797,6.33812,114.5402,10,6.7178,6.230431,2.1,6.4,49.6,47.8,48.4,4583,3522859,768.68,profit_deduction,0.309196,0,1,0,322.370239,322.370239,322.370239,0,99.675588,99.675588,99.675588,0,295.324412,S5_segmented_policy_band,89.70802920000001,segmented smoothing after policy bands,8047.530503,99.352228,11427.493314,22.225447,9.967559,502.541135,252547.592367,0.02723,0.005379,0.032223,0.000074,0.699522,0.120878
2022-06-15,2022-06-14,390,375,11615,10510,2022年6月14日24时起国内成品油价格按机制上调,https://www.ndrc.gov.cn/xwdt/xwfb/202206/t20220614_1327247.html,382.5,11062.5,1,up,382.5,2022-06,120.039,10,4.676,4.053293,126.185,10,10.89,9.445336,118.856,10,6.077,5.388415,122.3335,10,8.2965,7.27527,123.8013,10,9.2611,8.085458,2.5,6.1,50.2,54.7,54.1,3582,2859140.2,798.2,profit_deduction,0.123974,0,1,0,443.734,443.734,443.734,0,55.011479,55.011479,55.011479,0,327.488521,S5_segmented_policy_band,0.0,segmented smoothing after policy bands,0,3026.262822,0,8047.530503,55.011479,557.552614,310864.917378,0,0.163839,0,0.02665,0.861053,0.165923
2022-06-29,2022-06-28,-320,-310,11295,10200,2022年6月28日24时起国内成品油价格按机制下调,https://www.ndrc.gov.cn/xwdt/xwfb/202206/t20220628_1328991.html,-315,10747.5,1,down,315,2022-06,116.169,10,-3.87,-3.223952,120.083,10,-6.102,-4.835757,112.525,10,-6.331,-5.326614,116.8135,10,-5.52,-4.512255,118.5289,10,-5.2724,-4.25876,2.5,6.1,50.2,54.7,54.1,3582,2859140.2,798.2,profit_deduction,0.229422,0,0,0,-249.790247,-249.790247,-249.790247,0,-249.790247,-249.790247,-249.790247,0,-65.209753,S5_segmented_policy_band,-224.8112223,segmented smoothing after policy bands,0,623.951675,0,50540.085672,-24.979025,532.573589,283634.62802,0,0.03378,0,0.167365,0.785629,0.149705
2022-07-13,2022-07-12,-360,-345,10935,9855,2022年7月12日24时起国内成品油价格按机制下调,https://www.ndrc.gov.cn/xwdt/xwfb/202207/t20220712_1330413.html,-352.5,10395,1,down,352.5,2022-07,112.316,10,-3.853,-3.31672,116.503,10,-3.58,-2.981271,107.416,10,-5.109,-4.540324,111.854,10,-4.9595,-4.245657,113.6292,10,-4.8997,-4.13376,2.7,4.2,49,53.8,52.5,3733,3017713.3,808.39,profit_deduction,0.327416,0,0,0,-232.005371,-232.005371,-232.005371,0,-232.005371,-232.005371,-232.005371,0,-120.494629,S5_segmented_policy_band,-208.8048339,segmented smoothing after policy bands,0,538.264922,0,256.20447,-23.200537,509.373052,259460.906308,0,0.029141,0,0.000848,0.718671,0.113756
2022-07-27,2022-07-26,-300,-290,10635,9565,2022年7月26日24时起国内成品油价格按机制下调,https://www.ndrc.gov.cn/xwdt/xwfb/202207/t20220726_1331402.html,-295,10100,1,down,295,2022-07,106.816,10,-5.5,-4.896898,111.005,10,-5.498,-4.719192,100.454,10,-6.962,-6.481344,105.7295,10,-6.1245,-5.475441,107.8397,10,-5.7895,-5.095081,2.7,4.2,49,53.8,52.5,3733,3017713.3,808.39,profit_deduction,0.443206,0,0,0,-274.465747,-274.465747,-274.465747,0,-274.465747,-274.465747,-274.465747,0,-20.534253,S5_segmented_policy_band,-247.01917230000004,segmented smoothing after policy bands,0,753.314463,0,1460.335659,-27.446575,481.926477,232253.129716,0,0.040784,0,0.004836,0.643309,0.105379
2022-08-10,2022-08-09,-130,-125,10505,9440,2022年8月9日24时起国内成品油价格按机制下调,https://www.ndrc.gov.cn/xwdt/xwfb/202208/t20220809_1332823.html,-127.5,9972.5,1,down,127.5,2022-08,105.68,10,-1.136,-1.063511,105.433,10,-5.572,-5.019594,96.175,10,-4.279,-4.259661,100.804,10,-4.9255,-4.658586,102.6556,10,-5.1841,-4.807228,2.5,2.3,49.4,52.6,51.7,4035,3050600.4,756.03,profit_deduction,0.546888,0,0,0,-245.576658,-245.576658,-245.576658,0,-245.576658,-245.576658,-245.576658,0,118.076658,S5_segmented_policy_band,-221.0189922,segmented smoothing after policy bands,0,603.07895,0,676.009365,-24.557666,457.368812,209186.229916,0,0.03265,0,0.002239,0.579417,0.093778
2022-08-24,2022-08-23,-205,-200,10300,9240,2022年8月23日24时起国内成品油价格按机制下调,https://www.ndrc.gov.cn/xwdt/xwfb/202208/t20220823_1333590.html,-202.5,9770,1,down,202.5,2022-08,99.905,10,-5.775,-5.46461,99.845,10,-5.588,-5.300048,93.223,10,-2.952,-3.069405,96.534,10,-4.27,-4.235943,97.8584,10,-4.7972,-4.673101,2.5,2.3,49.4,52.6,51.7,4035,3050600.4,756.03,profit_deduction,0.642832,0,0,0,-227.114173,-227.114173,-227.114173,0,-227.114173,-227.114173,-227.114173,0,24.614173,S5_segmented_policy_band,-204.4027557,segmented smoothing after policy bands,0,515.808476,0,276.099315,-22.711417,434.657394,188927.050507,0,0.027925,0,0.000914,0.523302,0.084218
2022-09-07,2022-09-06,190,185,10490,9425,2022年9月6日24时起国内成品油价格按机制上调,https://www.ndrc.gov.cn/xwdt/xwfb/202209/t20220906_1335202.html,187.5,9957.5,1,up,187.5,2022-09,102.388,10,2.483,2.485361,96.98,10,-2.865,-2.869448,92.631,10,-0.592,-0.635036,94.7245,10,-1.8095,-1.874469,95.7159,10,-2.1425,-2.189388,2.8,0.9,50.1,50.6,50.9,4024,2884192.5,716.75,profit_deduction,0.685682,0,0,0,-100.434514,-100.434514,-100.434514,0,-100.434514,-100.434514,-100.434514,0,287.934514,S5_segmented_policy_band,-90.3910626,segmented smoothing after policy bands,0,100.870916,0,12998.666164,-10.043451,424.613943,180297.00059,0,0.005461,0,0.043046,0.499398,0.082459
2022-09-22,2022-09-21,-290,-280,10200,9145,2022年9月21日24时起国内成品油价格按机制下调,https://www.ndrc.gov.cn/xwdt/xwfb/202209/t20220921_1335893.html,-285,9672.5,1,down,285,2022-09,96.179,10,-6.209,-6.064187,90.458,10,-6.522,-6.725098,86.084,10,-6.547,-7.067828,88.331,10,-6.3935,-6.749574,89.1818,10,-6.5341,-6.826557,2.8,0.9,50.1,50.6,50.9,4024,2884192.5,716.75,profit_deduction,0.816364,0,0,0,-309.997323,-309.997323,-309.997323,0,-309.997323,-309.997323,-309.997323,0,24.997323,S5_segmented_policy_band,-247.9978584,segmented smoothing after policy bands,0,3843.933611,0,24839.902082,-61.999465,362.614478,131489.259945,0,0.208107,0,0.082258,0.364207,0.108591
2022-10-10,2022-10-10,0,0,10200,9145,2022年10月10日国内成品油价格不作调整,https://www.ndrc.gov.cn/xwdt/xwfb/202210/t20221010_1338431.html,0,9672.5,0,no_adjust,0,2022-10,92.482,10,-3.697,-3.843874,90.968,10,0.51,0.563798,84.149,10,-1.935,-2.247804,87.5585,10,-0.7725,-0.874551,88.9223,10,-0.2595,-0.290979,2.1,-1.3,49.2,48.7,49,4314,2984358.1,691.78,profit_deduction,0.821554,0,0,0,-10.579616,0,-10.579616,-10.579616,-10.579616,0,-10.579616,-10.579616,0,S5_segmented_policy_band,0.0,segmented smoothing after policy bands,0,0,0,61502.937771,0,362.614478,131489.259945,0,0,0,0.203669,0.364207,0.085181
2022-10-25,2022-10-24,185,175,10385,9320,2022年10月24日24时起国内成品油价格按机制上调,https://www.ndrc.gov.cn/xwdt/xwfb/202210/t20221024_1338989.html,180,9852.5,1,up,180,2022-10,93.495,10,1.013,1.095348,92.83,10,1.862,2.046874,87.165,10,3.016,3.584119,89.9975,10,2.439,2.785566,91.1305,10,2.2082,2.483292,2.1,-1.3,49.2,48.7,49,4314,2984358.1,691.78,profit_deduction,0.77739,0,1,0,107.176587,96.596971,96.596971,0,83.318007,72.738391,72.738391,0,107.261609,S5_segmented_policy_band,65.46455189999999,segmented smoothing after policy bands,4285.607555,52.908735,6085.562729,4285.607555,7.273839,369.888317,136817.367423,0.014501,0.002864,0.01716,0.014192,0.378965,0.067462
2022-11-08,2022-11-07,155,150,10540,9470,2022年11月7日24时起国内成品油价格按机制上调,https://www.ndrc.gov.cn/xwdt/xwfb/202211/t20221107_1340921.html,152.5,10005,1,up,152.5,2022-11,93.968,10,0.473,0.505909,94.438,10,1.608,1.732199,88.503,10,1.338,1.53502,91.4705,10,1.473,1.636712,92.6575,10,1.527,1.675619,1.6,-1.3,48,46.7,47.1,4674,3158599.9,675.78,profit_deduction,0.74685,0,1,0,74.670397,74.670397,74.670397,0,55.767586,55.767586,55.767586,0,96.732414,S5_segmented_policy_band,50.1908274,segmented smoothing after policy bands,2519.119155,31.100236,3325.237285,233.28666,5.576759,375.465076,140974.023371,0.008524,0.001684,0.009376,0.000773,0.390479,0.063499
2022-11-22,2022-11-21,-175,-165,10365,9305,2022年11月21日24时起国内成品油价格按机制下调,https://www.ndrc.gov.cn/xwdt/xwfb/202211/t20221121_1341667.html,-170,9835,1,down,170,2022-11,92.801,10,-1.167,-1.241912,94.082,10,-0.356,-0.376967,86.215,10,-2.288,-2.585223,90.1485,10,-1.322,-1.445275,91.7219,10,-0.9356,-1.00974,1.6,-1.3,48,46.7,47.1,4674,3158599.9,675.78,profit_deduction,0.765562,0,0,0,-42.84244,0,-42.84244,-42.84244,-42.84244,0,-42.84244,-42.84244,-170,S5_segmented_policy_band,0.0,segmented smoothing after policy bands,0,0,0,2519.119155,0,375.465076,140974.023371,0,0,0,0.008342,0.390479,0.059823
2022-12-06,2022-12-05,-440,-425,9925,8880,2022年12月5日24时起国内成品油价格按机制下调,https://www.ndrc.gov.cn/xwdt/xwfb/202212/t20221205_1343287.html,-432.5,9402.5,1,down,432.5,2022-12,83.55,10,-9.251,-9.968643,85.713,10,-8.369,-8.895432,79.148,10,-7.067,-8.196949,82.5975,10,-7.551,-8.376179,83.9773,10,-7.7446,-8.443567,1.8,-0.7,47,41.6,42.6,4807,3073177.7,639.31,profit_deduction,0.920454,0,0,0,-367.761186,-410.603625,-410.603625,0,-367.761186,-410.603625,-410.603625,0,-21.896375,S5_segmented_policy_band,-328.48290000000003,segmented smoothing after policy bands,0,6743.813475,0,107901.015592,-82.120725,293.344351,86050.908322,0,0.365105,0,0.357318,0.238349,0.162371
2022-12-20,2022-12-19,-480,-460,9445,8420,2022年12月19日24时起国内成品油价格按机制下调,https://www.ndrc.gov.cn/xwdt/xwfb/202212/t20221219_1343672.html,-470,8932.5,1,down,470,2022-12,78.2,10,-5.35,-6.403351,79.679,10,-6.034,-7.039772,74.094,10,-5.054,-6.385506,76.8865,10,-5.711,-6.914253,78.0035,10,-5.9738,-7.113589,1.8,-0.7,47,41.6,42.6,4807,3073177.7,639.31,normal,1,0,0,0,-283.260361,-283.260361,-283.260361,0,-283.260361,-283.260361,-283.260361,0,-186.739639,S5_segmented_policy_band,-254.9343249,segmented smoothing after policy bands,0,802.364321,0,5409.392899,-28.326036,265.018315,70234.707285,0,0.043439,0,0.017913,0.19454,0.040556
2023-01-04,2023-01-03,250,240,9695,8660,2023年1月3日24时起国内成品油价格按机制上调,https://www.ndrc.gov.cn/xwdt/xwfb/202301/t20230103_1345637.html,245,9177.5,1,up,245,2023-01,80.192,10,1.992,2.547315,81.141,10,1.462,1.834862,77.751,10,3.657,4.935622,79.268,10,2.3815,3.097423,80.0172,10,2.0137,2.581551,2.1,-0.8,50.1,54.4,52.9,4333,2571954.1,593.57,profit_deduction,0.999656,0,1,0,97.895239,97.895239,97.895239,0,97.861563,97.861563,97.861563,0,147.138437,S5_segmented_policy_band,88.0754067,segmented smoothing after policy bands,7757.277265,95.768855,11015.333717,117655.675972,9.786156,274.804471,75517.497446,0.026248,0.005185,0.03106,0.389621,0.209173,0.105183
2023-01-18,2023-01-17,-205,-195,9490,8465,2023年1月17日24时起国内成品油价格按机制下调,https://www.ndrc.gov.cn/xwdt/xwfb/202301/t20230117_1346762.html,-200,8977.5,1,down,200,2023-01,78.849,10,-1.343,-1.674731,79.449,10,-1.692,-2.085259,76.271,10,-1.48,-1.903512,77.8685,10,-1.3995,-1.76553,78.5075,10,-1.5097,-1.886719,2.1,-0.8,50.1,54.4,52.9,4333,2571954.1,593.57,normal,1,0,0,0,-70.237924,-70.237924,-70.237924,0,-70.237924,-70.237924,-70.237924,0,-129.762076,S5_segmented_policy_band,-63.21413160000001,segmented smoothing after policy bands,0,49.33366,0,22888.524399,-7.023792,267.780679,71706.491992,0,0.002671,0,0.075796,0.198617,0.041696
2023-02-04,2023-02-03,210,200,9700,8665,2023年2月3日24时起国内成品油价格按机制上调,https://www.ndrc.gov.cn/xwdt/xwfb/202302/t20230203_1348327.html,205,9182.5,1,up,205,2023-02,83.836,10,4.987,6.324747,84.698,10,5.249,6.606754,79.203,10,2.932,3.844187,81.9505,10,4.082,5.242171,83.0495,10,4.542,5.785435,1,-1.4,52.6,56.3,56.4,4074,2379809.1,584.15,profit_deduction,0.93901,0,1,0,218.543215,218.543215,218.543215,0,205.214264,205.214264,205.214264,0,-0.214264,S5_segmented_policy_band,184.6928376,segmented smoothing after policy bands,34111.444261,421.128941,40933.733113,61457.865378,20.521426,288.302105,83118.10392,0.115423,0.0228,0.115423,0.20352,0.230226,0.127333
2023-02-17,2023-02-17,0,0,9700,8665,2023年2月17日国内成品油价格不作调整,https://www.ndrc.gov.cn/xwdt/xwfb/202302/t20230217_1348864.html,0,9182.5,0,no_adjust,0,2023-02,82.191,10,-1.645,-1.962164,83.423,10,-1.275,-1.505348,77.717,10,-1.486,-1.876192,80.57,10,-1.3805,-1.684553,81.7112,10,-1.3383,-1.611449,1,-1.4,52.6,56.3,56.4,4074,2379809.1,584.15,profit_deduction,0.965776,0,0,0,-62.058885,-62.058885,-62.058885,0,-62.058885,-62.058885,-62.058885,0,62.058885,S5_segmented_policy_band,-55.852996499999996,segmented smoothing after policy bands,0,38.513052,0,57862.298303,-6.205889,282.096217,79578.275533,0,0.002085,0,0.191613,0.220421,0.062222
2023-03-03,2023-03-03,0,0,9700,8665,2023年3月3日国内成品油价格不作调整,https://www.ndrc.gov.cn/xwdt/xwfb/202303/t20230303_1350622.html,0,9182.5,0,no_adjust,0,2023-03,81.814,10,-0.377,-0.458688,82.312,10,-1.111,-1.331767,76.451,10,-1.266,-1.628987,79.434,10,-1.136,-1.409954,80.6272,10,-1.084,-1.326624,0.7,-2.5,51.9,58.2,57,5231,3042961.1,581.72,profit_deduction,0.987456,0,0,0,-49.923941,0,-49.923941,-49.923941,-49.923941,0,-49.923941,-49.923941,0,S5_segmented_policy_band,0.0,segmented smoothing after policy bands,0,0,0,3119.557218,0,282.096217,79578.275533,0,0,0,0.010331,0.220421,0.034613
2023-03-18,2023-03-17,-100,-95,9600,8570,2023年3月17日24时起国内成品油价格按机制下调,https://www.ndrc.gov.cn/xwdt/xwfb/202303/t20230317_1351325.html,-97.5,9085,1,down,97.5,2023-03,80.844,10,-0.97,-1.185616,80.389,10,-1.923,-2.336233,74.756,10,-1.695,-2.217106,77.5725,10,-1.8615,-2.343455,78.6991,10,-1.9281,-2.391377,0.7,-2.5,51.9,58.2,57,5231,3042961.1,581.72,normal,1,0,0,0,-90.203558,-140.127499,-140.127499,0,-90.203558,-140.127499,-140.127499,0,42.627499,S5_segmented_policy_band,-126.1147491,segmented smoothing after policy bands,0,196.35716,0,15904.929941,-14.01275,268.083467,71868.745225,0,0.010631,0,0.05267,0.199066,0.039887
2023-04-01,2023-03-31,-335,-320,9265,8250,2023年3月31日24时起国内成品油价格按机制下调,https://www.ndrc.gov.cn/xwdt/xwfb/202303/t20230331_1353081.html,-327.5,8757.5,1,down,327.5,2023-04,75.196,10,-5.648,-6.986295,75.308,10,-5.081,-6.320516,70.653,10,-4.103,-5.488523,72.9805,10,-4.592,-5.919624,73.9115,10,-4.7876,-6.083424,0.1,-3.6,49.2,56.4,54.4,4241,2446502.9,576.87,normal,1,0,0,0,-226.65607,-226.65607,-226.65607,0,-226.65607,-226.65607,-226.65607,0,-100.84393,S5_segmented_policy_band,-203.990463,segmented smoothing after policy bands,0,513.729741,0,6064.626815,-22.665607,245.41786,60229.925958,0,0.027813,0,0.020083,0.166829,0.033599
2023-04-18,2023-04-17,550,525,9815,8775,2023年4月17日24时起国内成品油价格按机制上调,https://www.ndrc.gov.cn/xwdt/xwfb/202304/t20230417_1353648.html,537.5,9295,1,up,537.5,2023-04,85.127,10,9.931,13.20682,85.105,10,9.797,13.009242,80.75,10,10.097,14.290971,82.654,10,9.6735,13.254911,83.6344,10,9.7229,13.154786,0.1,-3.6,49.2,56.4,54.4,4241,2446502.9,576.87,profit_deduction,0.927312,0,1,0,465.770639,465.770639,465.770639,0,431.914703,431.914703,431.914703,0,105.585297,S5_segmented_policy_band,345.5317624,segmented smoothing after policy bands,119392.198827,7462.012427,121780.042804,301974.676209,86.382941,331.800801,110091.771212,0.403987,0.403987,0.343389,1,0.304939,0.463382
2023-04-29,2023-04-28,-160,-155,9655,8620,2023年4月28日24时起国内成品油价格按机制下调,https://www.ndrc.gov.cn/xwdt/xwfb/202304/t20230428_1355157.html,-157.5,9137.5,1,down,157.5,2023-04,83.22,10,-1.907,-2.240182,83.607,10,-1.498,-1.760179,78.346,10,-2.404,-2.97709,80.9765,10,-1.6775,-2.029545,82.0287,10,-1.6057,-1.919904,0.1,-3.6,49.2,56.4,54.4,4241,2446502.9,576.87,profit_deduction,0.959426,0,0,0,-74.818949,-74.818949,-74.818949,0,-74.818949,-74.818949,-74.818949,0,-82.681051,S5_segmented_policy_band,-67.3370541,segmented smoothing after policy bands,0,55.978751,0,170460.659638,-7.481895,324.318906,105182.75253,0,0.003031,0,0.564487,0.291342,0.12898
2023-05-17,2023-05-16,-380,-365,9275,8255,2023年5月16日24时起国内成品油价格按机制下调,https://www.ndrc.gov.cn/xwdt/xwfb/202305/t20230516_1355789.html,-372.5,8765,1,down,372.5,2023-05,75.511,10,-7.709,-9.263398,75.957,10,-7.65,-9.149952,71.141,10,-7.205,-9.196385,73.7315,10,-7.245,-8.94704,74.6217,10,-7.407,-9.029766,0.2,-4.6,48.8,54.5,52.9,5144,3030257.4,589.09,normal,1,0,0,0,-351.651247,-351.651247,-351.651247,0,-351.651247,-351.651247,-351.651247,0,-20.848753,S5_segmented_policy_band,-281.3209976,segmented smoothing after policy bands,0,4946.343981,0,45789.128076,-70.330249,253.988656,64510.237478,0,0.267791,0,0.151632,0.178684,0.103106
2023-05-31,2023-05-30,100,95,9375,8350,2023年5月30日24时起国内成品油价格按机制上调,https://www.ndrc.gov.cn/xwdt/xwfb/202305/t20230530_1356745.html,97.5,8862.5,1,up,97.5,2023-05,76.035,10,0.524,0.693939,76.117,10,0.16,0.210645,72.117,10,0.976,1.371923,74.117,10,0.3855,0.522843,74.917,10,0.2953,0.395729,0.2,-4.6,48.8,54.5,52.9,5144,3030257.4,589.09,normal,1,0,0,0,15.894891,0,15.894891,15.894891,15.894891,0,15.894891,15.894891,97.5,S5_segmented_policy_band,0.0,segmented smoothing after policy bands,0,0,0,79141.503691,0,253.988656,64510.237478,0,0,0,0.26208,0.178684,0.066115
2023-06-14,2023-06-13,-55,-50,9320,8300,2023年6月13日24时起国内成品油价格按机制下调,https://www.ndrc.gov.cn/xwdt/xwfb/202306/t20230613_1357539.html,-52.5,8810,1,down,52.5,2023-06,74.832,10,-1.203,-1.582166,74.764,10,-1.353,-1.777527,70.43,10,-1.687,-2.339254,72.597,10,-1.52,-2.050812,73.4638,10,-1.4532,-1.939747,0,-5.4,49,53.2,52.3,5206,2818571.4,541.41,normal,1,0,0,0,-67.5418,-51.646909,-51.646909,0,-67.5418,-51.646909,-51.646909,0,-0.853091,S5_segmented_policy_band,0.0,segmented smoothing after policy bands,0,2667.403209,0,0,-51.646909,202.341747,40942.18266,0,0.144411,0,0,0.113404,0.045893
2023-06-29,2023-06-28,70,70,9390,8370,2023年6月28日24时起国内成品油价格按机制上调,https://www.ndrc.gov.cn/xwdt/xwfb/202306/t20230628_1357927.html,70,8880,1,up,70,2023-06,75.624,10,0.792,1.058371,74.793,10,0.029,0.038789,69.842,10,-0.588,-0.834872,72.225,10,-0.372,-0.512418,73.1782,10,-0.2856,-0.388763,0,-5.4,49,53.2,52.3,5206,2818571.4,541.41,normal,1,0,0,0,-11.825083,0,-11.825083,-11.825083,-11.825083,0,-11.825083,-11.825083,70,S5_segmented_policy_band,0.0,segmented smoothing after policy bands,0,0,0,0,0,202.341747,40942.18266,0,0,0,0,0.113404,0.017011
2023-07-13,2023-07-12,155,150,9545,8520,2023年7月12日24时起国内成品油价格按机制上调,https://www.ndrc.gov.cn/xwdt/xwfb/202307/t20230712_1358334.html,152.5,9032.5,1,up,152.5,2023-07,76.853,10,1.229,1.625145,76.236,10,1.443,1.929325,71.281,10,1.439,2.060365,73.541,10,1.316,1.822084,74.445,10,1.2668,1.731117,-0.3,-4.4,49.3,51.5,51.1,4369,2390446.7,547.14,normal,1,0,0,0,62.25391,50.428828,50.428828,0,62.25391,50.428828,50.428828,0,102.071172,S5_segmented_policy_band,0.0,segmented smoothing after policy bands,0,2543.066693,0,0,50.428828,252.770575,63892.963687,0,0.13768,0,0,0.176975,0.054082
2023-07-27,2023-07-26,275,260,9820,8780,2023年7月26日24时起国内成品油价格按机制上调,https://www.ndrc.gov.cn/xwdt/xwfb/202307/t20230726_1358699.html,267.5,9300,1,up,267.5,2023-07,81.717,10,4.864,6.328966,80.495,10,4.259,5.5866,76.468,10,5.187,7.276834,78.4815,10,4.9405,6.718021,79.2869,10,4.8419,6.503996,-0.3,-4.4,49.3,51.5,51.1,4369,2390446.7,547.14,normal,1,0,0,0,232.854146,232.854146,232.854146,0,232.854146,232.854146,232.854146,0,34.645854,S5_segmented_policy_band,209.5687314,segmented smoothing after policy bands,43919.053181,542.210533,43919.053181,43919.053181,23.285415,276.05599,76206.909504,0.148609,0.029355,0.123841,0.14544,0.211083,0.127462
2023-08-10,2023-08-09,240,230,10060,9010,2023年8月9日24时起国内成品油价格按机制上调,https://www.ndrc.gov.cn/xwdt/xwfb/202308/t20230809_1359258.html,235,9535,1,up,235,2023-08,86.418,10,4.701,5.752781,85.436,10,4.941,6.138269,81.17,10,4.702,6.148977,83.303,10,4.8215,6.143486,84.1562,10,4.8693,6.141368,0.1,-3,49.7,51,51.3,5280,3064332.6,580.37,profit_deduction,0.916876,0,1,0,234.161647,234.161647,234.161647,0,214.697194,214.697194,214.697194,0,20.302806,S5_segmented_policy_band,193.2274746,segmented smoothing after policy bands,37336.85694,460.948851,38083.594079,267.036674,21.469719,297.525709,88521.547635,0.126337,0.024955,0.107386,0.000884,0.245192,0.100333
2023-08-24,2023-08-23,55,55,10115,9065,2023年8月23日24时起国内成品油价格按机制上调,https://www.ndrc.gov.cn/xwdt/xwfb/202308/t20230823_1360025.html,55,9590,1,up,55,2023-08,87.708,10,1.29,1.492745,86.415,10,0.979,1.145887,81.593,10,0.423,0.521128,84.004,10,0.701,0.841506,84.9684,10,0.8122,0.96511,0.1,-3,49.7,51,51.3,5280,3064332.6,580.37,profit_deduction,0.900632,0,1,0,40.560848,0,40.560848,40.560848,36.530397,0,36.530397,36.530397,55,S5_segmented_policy_band,0.0,segmented smoothing after policy bands,0,0,0,37336.85694,0,297.525709,88521.547635,0,0,0,0.123642,0.245192,0.055325
2023-09-06,2023-09-06,0,0,10115,9065,2023年9月6日国内成品油价格不作调整,https://www.ndrc.gov.cn/xwdt/xwfb/202309/t20230906_1360397.html,0,9590,0,no_adjust,0,2023-09,88.12,10,0.412,0.469741,87.006,10,0.591,0.683909,81.839,10,0.246,0.301496,84.1765,10,0.1725,0.205347,85.1091,10,0.1407,0.165591,0,-2.5,50.2,51.7,52,4574,2883165.4,630.34,profit_deduction,0.897818,0,1,0,8.517532,0,49.07838,49.07838,7.647193,0,44.177591,44.177591,0,S5_segmented_policy_band,0.0,segmented smoothing after policy bands,0,0,0,0,0,297.525709,88521.547635,0,0,0,0,0.245192,0.036779
2023-09-21,2023-09-20,385,370,10500,9435,2023年9月20日24时起国内成品油价格按机制调整,https://www.ndrc.gov.cn/xwdt/xwfb/202309/t20230920_1360717.html,377.5,9967.5,1,up,377.5,2023-09,94.692,10,6.572,7.458012,93.62,10,6.614,7.601775,89.028,10,7.189,8.78432,91.324,10,7.1475,8.491087,92.2424,10,7.1333,8.38136,0,-2.5,50.2,51.7,52,4574,2883165.4,630.34,profit_deduction,0.755152,0,1,0,342.197488,391.275868,391.275868,0,258.411118,302.588708,302.588708,0,74.911292,S5_segmented_policy_band,242.0709664,segmented smoothing after policy bands,58598.352774,3662.397048,58598.352774,58598.352774,60.517742,358.043451,128195.112661,0.198279,0.198279,0.165233,0.194051,0.355083,0.212904
2023-10-11,2023-10-10,-85,-80,10415,9355,2023年10月10日24时起国内成品油价格按机制调整,https://www.ndrc.gov.cn/xwdt/xwfb/202310/t20231010_1361121.html,-82.5,9885,1,down,82.5,2023-10,93.225,10,-1.467,-1.549233,92.707,10,-0.913,-0.975219,88.472,10,-0.556,-0.624523,90.7215,10,-0.6025,-0.659739,91.6213,10,-0.6211,-0.673335,-0.2,-2.6,49.5,50.6,50.7,4897,3235356,660.68,profit_deduction,0.767574,0,0,0,-27.834811,0,-27.834811,-27.834811,-27.834811,0,-27.834811,-27.834811,-82.5,S5_segmented_policy_band,0.0,segmented smoothing after policy bands,0,0,0,58598.352774,0,358.043451,128195.112661,0,0,0,0.194051,0.355083,0.08237
2023-10-25,2023-10-24,-70,-70,10345,9285,2023年10月24日24时起国内成品油价格按机制调整,https://www.ndrc.gov.cn/xwdt/xwfb/202310/t20231024_1361478.html,-70,9815,1,down,70,2023-10,92.572,10,-0.653,-0.700456,91.523,10,-1.184,-1.277142,86.575,10,-1.897,-2.144181,89.049,10,-1.6725,-1.843554,90.0386,10,-1.5827,-1.727437,-0.2,-2.6,49.5,50.6,50.7,4897,3235356,660.68,profit_deduction,0.799228,0,0,0,-73.721412,-101.556222,-101.556222,0,-73.721412,-101.556222,-101.556222,0,31.556222,S5_segmented_policy_band,-91.40059980000001,segmented smoothing after policy bands,0,103.136662,0,8354.069644,-10.155622,347.887829,121025.941288,0,0.005584,0,0.027665,0.335225,0.05555
2023-11-08,2023-11-07,-140,-135,10205,9150,2023年11月7日24时起国内成品油价格按机制调整,https://www.ndrc.gov.cn/xwdt/xwfb/202311/t20231107_1361829.html,-137.5,9677.5,1,down,137.5,2023-11,90.282,10,-2.29,-2.47375,88.567,10,-2.956,-3.229789,83.198,10,-3.377,-3.900664,85.8825,10,-3.1665,-3.555907,86.9563,10,-3.0823,-3.42331,-0.5,-3,49.4,50.2,50.4,4245,2755831.4,649.19,profit_deduction,0.860874,0,0,0,-145.280841,-145.280841,-145.280841,0,-145.280841,-145.280841,-145.280841,0,7.780841,S5_segmented_policy_band,-130.7527569,segmented smoothing after policy bands,0,211.065228,0,1548.592268,-14.528084,333.359745,111128.719253,0,0.011427,0,0.005128,0.307811,0.049226
2023-11-22,2023-11-21,-340,-330,9865,8820,2023年11月21日24时起国内成品油价格按机制调整,https://www.ndrc.gov.cn/xwdt/xwfb/202311/t20231121_1362158.html,-335,9342.5,1,down,335,2023-11,83.981,10,-6.301,-6.979243,82.318,10,-6.249,-7.055675,77.467,10,-5.731,-6.888387,80.075,10,-5.8075,-6.762146,81.1182,10,-5.8381,-6.713832,-0.5,-3,49.4,50.2,50.4,4245,2755831.4,649.19,profit_deduction,0.977636,0,0,0,-276.784891,-276.784891,-276.784891,0,-276.784891,-276.784891,-276.784891,0,-58.215109,S5_segmented_policy_band,-249.1064019,segmented smoothing after policy bands,0,766.098759,0,14007.585285,-27.678489,305.681255,93441.029903,0,0.041476,0,0.046387,0.258819,0.054076
2023-12-06,2023-12-05,-55,-50,9810,8770,2023年12月5日24时起国内成品油价格按机制调整,https://www.ndrc.gov.cn/xwdt/xwfb/202312/t20231205_1362437.html,-52.5,9290,1,down,52.5,2023-12,83.436,10,-0.545,-0.648956,80.758,10,-1.56,-1.89509,75.828,10,-1.639,-2.11574,78.413,10,-1.662,-2.075554,79.447,10,-1.6712,-2.060204,-0.3,-2.7,49,50.4,50.3,4836,2934162.3,606.73,normal,1,0,0,0,-77.944544,-77.944544,-77.944544,0,-77.944544,-77.944544,-77.944544,0,25.444544,S5_segmented_policy_band,-70.1500896,segmented smoothing after policy bands,0,60.753519,0,32025.361712,-7.794454,297.886801,88736.54621,0,0.003289,0,0.106053,0.245788,0.053434
2023-12-20,2023-12-19,-415,-400,9395,8370,2023年12月19日24时起国内成品油价格按机制调整,https://www.ndrc.gov.cn/xwdt/xwfb/202312/t20231219_1362767.html,-407.5,8882.5,1,down,407.5,2023-12,77.413,10,-6.023,-7.218707,75.853,10,-4.905,-6.073702,70.353,10,-5.475,-7.220288,73.103,10,-5.31,-6.771836,74.203,10,-5.244,-6.600627,-0.3,-2.7,49,50.4,50.3,4836,2934162.3,606.73,normal,1,0,0,0,-248.435027,-248.435027,-248.435027,0,-248.435027,-248.435027,-248.435027,0,-159.064973,S5_segmented_policy_band,-223.5915243,segmented smoothing after policy bands,0,617.199626,0,23544.273883,-24.843503,273.043298,74552.642747,0,0.033415,0,0.077968,0.206501,0.049353
2024-01-04,2024-01-03,200,190,9595,8560,2024年1月3日24时起国内成品油价格按机制调整,https://www.ndrc.gov.cn/xwdt/xwfb/202401/t20240103_1363079.html,195,9077.5,1,up,195,2024-01,80.061,10,2.648,3.420614,79.155,10,3.302,4.353157,73.082,10,2.729,3.87901,75.879,10,2.776,3.797382,77.1894,10,2.9864,4.024635,-0.8,-2.5,49.2,50.7,50.9,4417,2559588.4,579.49,normal,1,0,0,0,144.311521,144.311521,144.311521,0,144.311521,144.311521,144.311521,0,50.688479,S5_segmented_policy_band,129.8803689,segmented smoothing after policy bands,16868.910226,208.258151,16868.910226,124942.379282,14.431152,287.47445,82641.559633,0.057079,0.011275,0.047566,0.413751,0.228906,0.124815
2024-01-18,2024-01-17,-50,-50,9545,8510,2024年1月17日24时起国内成品油价格按机制调整,https://www.ndrc.gov.cn/xwdt/xwfb/202401/t20240117_1363439.html,-50,9027.5,1,down,50,2024-01,78.739,10,-1.322,-1.651241,78.319,10,-0.836,-1.056156,72.275,10,-0.807,-1.104239,75.121,10,-0.758,-0.998959,76.2594,10,-0.93,-1.204829,-0.8,-2.5,49.2,50.7,50.9,4417,2559588.4,579.49,normal,1,0,0,0,-42.575213,0,-42.575213,-42.575213,-42.575213,0,-42.575213,-42.575213,-50,S5_segmented_policy_band,0.0,segmented smoothing after policy bands,0,0,0,16868.910226,0,287.47445,82641.559633,0,0,0,0.055862,0.228906,0.042715
2024-02-01,2024-01-31,200,200,9745,8710,2024年1月31日24时起国内成品油价格按机制上调,https://www.ndrc.gov.cn/xwdt/xwfb/202401/t20240131_1363834.html,200,9227.5,1,up,200,2024-02,81.22,10,2.481,3.150916,82.032,10,3.713,4.740867,75.817,10,3.542,4.900726,78.9245,10,3.8035,5.063165,80.1675,10,3.9081,5.124745,0.7,-2.7,49.1,51.4,50.9,4268,2569275.2,601.99,profit_deduction,0.99665,0,1,0,188.294134,145.718921,145.718921,0,187.663349,145.088135,145.088135,0,54.911865,S5_segmented_policy_band,130.5793215,segmented smoothing after policy bands,17050.959203,210.505669,19438.093492,17050.959203,14.508814,301.983264,91193.891676,0.057695,0.011397,0.054811,0.056465,0.252594,0.076765
2024-02-19,2024-02-19,0,0,9745,8710,2024年2月19日国内成品油价格按机制不作调整,https://www.ndrc.gov.cn/xwdt/xwfb/202402/t20240219_1364095.html,0,9227.5,0,no_adjust,0,2024-02,80.677,10,-0.543,-0.668555,82.975,10,0.943,1.149551,76.606,10,0.789,1.040664,79.7905,10,0.866,1.097251,81.0643,10,0.8968,1.118658,0.7,-2.7,49.1,51.4,50.9,4268,2569275.2,601.99,profit_deduction,0.978714,0,1,0,44.597876,0,44.597876,44.597876,43.648566,0,43.648566,43.648566,0,S5_segmented_policy_band,0.0,segmented smoothing after policy bands,0,0,0,17050.959203,0,301.983264,91193.891676,0,0,0,0.056465,0.252594,0.046359
2024-03-05,2024-03-04,125,120,9870,8830,2024年3月4日国内成品油价格按机制调整,https://www.ndrc.gov.cn/xwdt/xwfb/202403/t20240304_1364393.html,122.5,9350,1,up,122.5,2024-03,82.259,10,1.582,1.960906,84.637,10,1.662,2.003013,79.239,10,2.633,3.437068,81.906,10,2.1155,2.651318,82.9728,10,1.9085,2.354304,0.1,-2.8,50.8,53,52.7,4905,2937969.6,588.55,profit_deduction,0.940544,0,1,0,92.875199,137.473076,137.473076,0,87.353212,131.001777,131.001777,0,-8.501777,S5_segmented_policy_band,117.9015993,segmented smoothing after policy bands,13900.787117,171.614656,14178.80286,13900.787117,13.100178,315.083442,99277.575171,0.047036,0.009291,0.039981,0.046033,0.274985,0.071765
2024-03-18,2024-03-18,0,0,9870,8830,2024年3月18日国内成品油价格按机制不作调整,https://www.ndrc.gov.cn/xwdt/xwfb/202403/t20240318_1365046.html,0,9350,0,no_adjust,0,2024-03,83.077,10,0.818,0.99442,85.076,10,0.439,0.518686,79.978,10,0.739,0.932622,82.527,10,0.621,0.758186,83.5466,10,0.5738,0.691552,0.1,-2.8,50.8,53,52.7,4905,2937969.6,588.55,profit_deduction,0.929068,0,1,0,29.184636,0,29.184636,29.184636,27.114511,0,27.114511,27.114511,0,S5_segmented_policy_band,0.0,segmented smoothing after policy bands,0,0,0,13900.787117,0,315.083442,99277.575171,0,0,0,0.046033,0.274985,0.048153
2024-04-02,2024-04-01,200,190,10070,9020,2024年4月1日国内成品油价格按机制调整,https://www.ndrc.gov.cn/xwdt/xwfb/202404/t20240401_1365388.html,195,9545,1,up,195,2024-04,85.577,10,2.5,3.009256,85.798,10,0.722,0.848653,82.682,10,2.704,3.38093,84.24,10,1.713,2.075684,84.8632,10,1.3166,1.575887,0.3,-2.5,50.4,51.2,51.7,4472,2791949.1,624.32,profit_deduction,0.902736,0,1,0,64.630317,93.814952,93.814952,0,58.344114,85.458625,85.458625,0,109.541375,S5_segmented_policy_band,76.9127625,segmented smoothing after policy bands,5915.573035,73.031766,6270.507418,5915.573035,8.545862,323.629304,104735.926472,0.020017,0.003954,0.017681,0.01959,0.290104,0.056669
2024-04-17,2024-04-16,200,195,10270,9215,国内成品油价格按机制调整,https://www.ndrc.gov.cn/xwdt/xwfb/202404/t20240416_1365703.html,197.5,9742.5,1,up,197.5,2024-04,90.136,10,4.559,5.327366,91.224,10,5.426,6.324157,86.595,10,3.913,4.73259,88.9095,10,4.6695,5.543091,89.8353,10,4.9721,5.858959,0.3,-2.5,50.4,51.2,51.7,4472,2791949.1,624.32,profit_deduction,0.803294,0,1,0,239.067162,239.067162,239.067162,0,192.041217,192.041217,192.041217,0,5.458783,S5_segmented_policy_band,172.8370953,segmented smoothing after policy bands,29872.661512,368.79829,31665.021202,9201.477623,19.204122,342.833426,117534.757846,0.10108,0.019966,0.089287,0.030471,0.325555,0.104989
2024-04-30,2024-04-29,-70,-70,10200,9145,2024年4月29日国内成品油价格按机制调整,https://www.ndrc.gov.cn/xwdt/xwfb/202404/t20240429_1366287.html,-70,9672.5,1,down,70,2024-04,88.497,10,-1.639,-1.818363,89.063,10,-2.161,-2.368894,84.561,10,-2.034,-2.348865,86.812,10,-2.0975,-2.35914,87.7124,10,-2.1229,-2.363102,0.3,-2.5,50.4,51.2,51.7,4472,2791949.1,624.32,profit_deduction,0.845752,0,0,0,-99.499221,-99.499221,-99.499221,0,-99.499221,-99.499221,-99.499221,0,29.499221,S5_segmented_policy_band,-89.54929890000001,segmented smoothing after policy bands,0,99.00095,0,68846.619861,-9.949922,332.883504,110811.427036,0,0.00536,0,0.227988,0.306932,0.08131
2024-05-16,2024-05-15,-235,-225,9965,8920,2024年5月15日国内成品油价格按机制调整,https://www.ndrc.gov.cn/xwdt/xwfb/202405/t20240515_1386222.html,-230,9442.5,1,down,230,2024-05,84.048,10,-4.449,-5.027289,83.616,10,-5.447,-6.115895,80.258,10,-4.303,-5.088634,82.1065,10,-4.7055,-5.420334,82.7103,10,-5.0021,-5.702842,0.3,-1.4,49.5,51.1,51,4697,2972291.4,632.81,profit_deduction,0.945794,0,0,0,-236.891798,-236.891798,-236.891798,0,-236.891798,-236.891798,-236.891798,0,6.891798,S5_segmented_policy_band,-213.2026182,segmented smoothing after policy bands,0,561.17724,0,15290.143374,-23.68918,309.194324,95601.129932,0,0.030382,0,0.050634,0.264802,0.053392
2024-05-29,2024-05-29,0,0,9965,8920,2024年5月29日国内成品油价格按机制不作调整,https://www.ndrc.gov.cn/xwdt/xwfb/202405/t20240529_1386532.html,0,9442.5,0,no_adjust,0,2024-05,83.251,10,-0.797,-0.948268,80.741,10,-2.875,-3.438337,80.041,10,-0.217,-0.270378,80.391,10,-1.7155,-2.08936,80.531,10,-2.1793,-2.634859,0.3,-1.4,49.5,51.1,51,4697,2972291.4,632.81,profit_deduction,0.98938,0,0,0,-102.190574,-102.190574,-102.190574,0,-102.190574,-102.190574,-102.190574,0,102.190574,S5_segmented_policy_band,-91.9715166,segmented smoothing after policy bands,0,104.429134,0,14696.979995,-10.219057,298.975266,89386.209979,0,0.005654,0,0.04867,0.247587,0.045569
2024-06-14,2024-06-13,-190,-180,9775,8740,2024年6月13日国内成品油价格按机制调整,https://www.ndrc.gov.cn/xwdt/xwfb/202406/t20240613_1386864.html,-185,9257.5,1,down,185,2024-06,80.884,10,-2.367,-2.843209,78.402,10,-2.339,-2.896917,77.178,10,-2.863,-3.576917,77.79,10,-2.601,-3.235437,78.0348,10,-2.4962,-3.099676,0.2,-0.8,49.5,50.5,50.5,4645,2823960,607.96,normal,1,0,0,0,-117.312728,-117.312728,-117.312728,0,-117.312728,-117.312728,-117.312728,0,-67.687272,S5_segmented_policy_band,-105.58145520000001,segmented smoothing after policy bands,0,137.622762,0,185.230429,-11.731273,287.243994,82509.111917,0,0.007451,0,0.000613,0.228539,0.035863
2024-06-28,2024-06-27,210,200,9985,8940,2024年6月27日国内成品油价格按机制调整,https://www.ndrc.gov.cn/xwdt/xwfb/202406/t20240627_1391342.html,205,9462.5,1,up,205,2024-06,84.8,10,3.916,4.841501,84.747,10,6.345,8.092906,81.442,10,4.264,5.524891,82.8385,10,5.0485,6.489909,83.3971,10,5.3623,6.871678,0.2,-0.8,49.5,50.5,50.5,4645,2823960,607.96,profit_deduction,0.932058,0,1,0,257.68712,257.68712,257.68712,0,240.179341,240.179341,240.179341,0,-35.179341,S5_segmented_policy_band,216.1614069,segmented smoothing after policy bands,46725.753833,576.861158,48594.783986,103518.469312,24.017934,311.261928,96883.987698,0.158106,0.031231,0.137025,0.342805,0.268355,0.171703
2024-07-12,2024-07-11,110,105,10095,9045,2024年7月11日国内成品油价格按机制调整,https://www.ndrc.gov.cn/xwdt/xwfb/202407/t20240711_1391617.html,107.5,9570,1,up,107.5,2024-07,86.717,10,1.917,2.260613,87.454,10,2.707,3.194213,83.628,10,2.186,2.684119,85.412,10,2.5735,3.106647,86.1256,10,2.7285,3.271696,0.5,-0.8,49.4,50.2,50.2,4234,2578459.6,608.99,profit_deduction,0.877488,0,1,0,132.004789,132.004789,132.004789,0,115.832618,115.832618,115.832618,0,-8.332618,S5_segmented_policy_band,104.2493562,segmented smoothing after policy bands,10867.928268,134.171954,11954.721095,12524.307092,11.583262,322.84519,104229.016448,0.036774,0.007264,0.033709,0.041475,0.2887,0.0686
2024-07-26,2024-07-25,-145,-140,9950,8905,2024年7月25日国内成品油价格按机制调整,https://www.ndrc.gov.cn/xwdt/xwfb/202407/t20240725_1391947.html,-142.5,9427.5,1,down,142.5,2024-07,84.334,10,-2.383,-2.748019,85.272,10,-2.182,-2.495026,82.058,10,-1.57,-1.877362,83.665,10,-1.747,-2.04538,84.3078,10,-1.8178,-2.110638,0.5,-0.8,49.4,50.2,50.2,4234,2578459.6,608.99,profit_deduction,0.913844,0,0,0,-84.940151,-84.940151,-84.940151,0,-84.940151,-84.940151,-84.940151,0,-57.559849,S5_segmented_policy_band,-76.4461359,segmented smoothing after policy bands,0,72.148293,0,32650.860865,-8.494015,314.351174,98816.66091,0,0.003906,0,0.108124,0.273708,0.058056
2024-08-09,2024-08-08,-305,-290,9645,8615,2024年8月8日国内成品油价格按机制调整,https://www.ndrc.gov.cn/xwdt/xwfb/202408/t20240808_1392318.html,-297.5,9130,1,down,297.5,2024-08,79.12,10,-5.214,-6.18256,79.763,10,-5.509,-6.460503,76.928,10,-5.13,-6.251676,78.3455,10,-5.3195,-6.358095,78.9125,10,-5.3953,-6.399526,0.6,-1.8,49.1,50.3,50.1,4910,2936268.9,598.02,normal,1,0,0,0,-255.654913,-255.654913,-255.654913,0,-255.654913,-255.654913,-255.654913,0,-41.845087,S5_segmented_policy_band,-230.0894217,segmented smoothing after policy bands,0,653.594345,0,23606.259271,-25.565491,288.785683,83397.170821,0,0.035385,0,0.078173,0.230999,0.053453
2024-08-22,2024-08-22,0,0,9645,8615,2024年8月22日国内成品油价格按机制不作调整,https://www.ndrc.gov.cn/xwdt/xwfb/202408/t20240822_1392530.html,0,9130,0,no_adjust,0,2024-08,78.904,10,-0.216,-0.273003,81.291,10,1.528,1.915675,77.721,10,0.793,1.030834,79.506,10,1.1605,1.481259,80.22,10,1.3075,1.656898,0.6,-1.8,49.1,50.3,50.1,4910,2936268.9,598.02,profit_deduction,0.9956,0,1,0,64.196074,64.196074,64.196074,0,63.913611,63.913611,63.913611,0,-63.913611,S5_segmented_policy_band,57.522249900000006,segmented smoothing after policy bands,3308.809234,40.849497,3705.866342,82720.473641,6.391361,295.177044,87129.487482,0.011196,0.002212,0.01045,0.273932,0.241337,0.083144
2024-09-06,2024-09-05,-100,-100,9545,8515,2024年9月5日国内成品油价格按机制调整,https://www.ndrc.gov.cn/xwdt/xwfb/202409/t20240905_1392834.html,-100,9030,1,down,100,2024-09,77.58,10,-1.324,-1.677988,79.016,10,-2.275,-2.798588,74.55,10,-3.171,-4.079978,76.678,10,-2.828,-3.556964,77.6544,10,-2.5656,-3.198205,0.4,-2.8,49.8,50,50.4,4549,2573473.2,565.72,normal,1,0,0,0,-120.624428,-120.624428,-120.624428,0,-120.624428,-120.624428,-120.624428,0,20.624428,S5_segmented_policy_band,-108.5619852,segmented smoothing after policy bands,0,145.502526,0,27583.973149,-12.062443,283.114601,80153.877583,0,0.007877,0,0.091345,0.222015,0.04858
2024-09-21,2024-09-20,-365,-350,9180,8165,2024年9月20日国内成品油价格按机制调整,https://www.ndrc.gov.cn/xwdt/xwfb/202409/t20240920_1393111.html,-357.5,8672.5,1,down,357.5,2024-09,72.829,10,-4.751,-6.124001,73.229,10,-5.787,-7.323833,70.068,10,-4.482,-6.012072,71.6485,10,-5.0295,-6.559248,72.2807,10,-5.3737,-6.92002,0.4,-2.8,49.8,50,50.4,4549,2573473.2,565.72,normal,1,0,0,0,-254.624182,-254.624182,-254.624182,0,-254.624182,-254.624182,-254.624182,0,-102.875818,S5_segmented_policy_band,-229.1617638,segmented smoothing after policy bands,0,648.334741,0,14544.306598,-25.462418,257.652183,66384.647559,0,0.0351,0,0.048164,0.183876,0.041826
2024-10-11,2024-10-10,140,135,9320,8300,2024年10月10日国内成品油价格按机制调整,https://www.ndrc.gov.cn/xwdt/xwfb/202410/t20241010_1393553.html,137.5,8810,1,up,137.5,2024-10,74.879,10,2.05,2.814813,76.108,10,2.879,3.931503,72.203,10,2.135,3.04704,74.1555,10,2.507,3.499026,74.9365,10,2.6558,3.674286,0.3,-2.9,50.1,50.2,50.8,4470,2430092.9,543.64,normal,1,0,0,0,128.535616,128.535616,128.535616,0,128.535616,128.535616,128.535616,0,8.964384,S5_segmented_policy_band,115.68205440000001,segmented smoothing after policy bands,13382.33771,165.214046,14185.277973,118917.258951,12.853562,270.505745,73173.358024,0.045282,0.008945,0.039999,0.393799,0.20268,0.112581
2024-10-24,2024-10-23,90,85,9410,8385,2024年10月23日国内成品油价格按机制调整,https://www.ndrc.gov.cn/xwdt/xwfb/202410/t20241023_1393865.html,87.5,8897.5,1,up,87.5,2024-10,74.973,10,0.094,0.125536,75.858,10,-0.25,-0.328481,72.791,10,0.588,0.814371,74.3105,10,0.155,0.20902,74.9183,10,-0.0182,-0.024287,0.3,-2.9,50.1,50.2,50.8,4470,2430092.9,543.64,normal,1,0,0,0,0.934981,0,0.934981,0.934981,0.934981,0,0.934981,0.934981,87.5,S5_segmented_policy_band,0.0,segmented smoothing after policy bands,0,0,0,13382.33771,0,270.505745,73173.358024,0,0,0,0.044316,0.20268,0.037049
2024-11-07,2024-11-06,-145,-140,9265,8245,2024年11月6日国内成品油价格按机制调整,https://www.ndrc.gov.cn/xwdt/xwfb/202411/t20241106_1394298.html,-142.5,8755,1,down,142.5,2024-11,73.042,10,-1.931,-2.575594,73.949,10,-1.909,-2.516544,70.149,10,-2.642,-3.62957,72.049,10,-2.2615,-3.043312,72.809,10,-2.1093,-2.815467,0.2,-2.5,50.3,50,50.8,4852,2627508.2,541.53,normal,1,0,0,0,-98.850243,-97.915262,-97.915262,0,-98.850243,-97.915262,-97.915262,0,-44.584738,S5_segmented_policy_band,-88.1237358,segmented smoothing after policy bands,0,95.873985,0,7765.792811,-9.791526,260.714219,67971.903832,0,0.005191,0,0.025717,0.188273,0.033137
2024-11-20,2024-11-20,0,0,9265,8245,2024年11月20日国内成品油价格不作调整,https://www.ndrc.gov.cn/xwdt/xwfb/202411/t20241120_1394603.html,0,8755,0,no_adjust,0,2024-11,72.541,10,-0.501,-0.685907,73.941,10,-0.008,-0.010818,70.034,10,-0.115,-0.163937,72.227,10,0.178,0.247054,73.1042,10,0.2952,0.405444,0.2,-2.5,50.3,50,50.8,4852,2627508.2,541.53,normal,1,0,0,0,15.890119,0,15.890119,15.890119,15.890119,0,15.890119,15.890119,0,S5_segmented_policy_band,0.0,segmented smoothing after policy bands,0,0,0,7765.792811,0,260.714219,67971.903832,0,0,0,0.025717,0.188273,0.032098
2024-12-04,2024-12-04,0,0,9265,8245,2024年12月4日国内成品油价格按机制不作调整,https://www.ndrc.gov.cn/xwdt/xwfb/202412/t20241204_1394837.html,0,8755,0,no_adjust,0,2024-12,72.901,10,0.36,0.496271,74.395,10,0.454,0.614003,69.532,10,-0.502,-0.716795,71.9835,10,-0.2435,-0.337132,72.9641,10,-0.1401,-0.191644,0.1,-2.3,50.1,52.2,52.2,4923,2678963.5,544.17,normal,1,0,0,0,-4.881966,0,11.008153,11.008153,-4.881966,0,11.008153,11.008153,0,S5_segmented_policy_band,0.0,segmented smoothing after policy bands,0,0,0,0,0,260.714219,67971.903832,0,0,0,0,0.188273,0.028241
2024-12-18,2024-12-18,0,0,9265,8245,2024年12月18日国内成品油价格按机制不作调整,https://www.ndrc.gov.cn/xwdt/xwfb/202412/t20241218_1395064.html,0,8755,0,no_adjust,0,2024-12,72.809,10,-0.092,-0.126199,73.986,10,-0.409,-0.549768,69.717,10,0.185,0.266065,71.8515,10,-0.132,-0.183375,72.7053,10,-0.2588,-0.354695,0.1,-2.3,50.1,52.2,52.2,4923,2678963.5,544.17,normal,1,0,0,0,-10.546213,0,0.46194,0.46194,-10.546213,0,0.46194,0.46194,0,S5_segmented_policy_band,0.0,segmented smoothing after policy bands,0,0,0,0,0,260.714219,67971.903832,0,0,0,0,0.188273,0.028241
2025-01-03,2025-01-02,70,70,9335,8315,2025年1月2日国内成品油价格按机制调整,https://www.ndrc.gov.cn/xwdt/xwfb/202501/t20250102_1395423.html,70,8825,1,up,70,2025-01,73.555,10,0.746,1.024599,73.718,10,-0.268,-0.362231,70.712,10,0.995,1.427199,72.2475,10,0.396,0.551137,72.8357,10,0.1304,0.179354,0.5,-2.3,49.1,50.2,50.1,,,,normal,1,0,0,0,8.026026,0,8.487966,8.487966,8.026026,0,8.487966,8.487966,70,S5_segmented_policy_band,0.0,segmented smoothing after policy bands,0,0,0,0,0,260.714219,67971.903832,0,0,0,0,0.188273,0.028241
2025-01-17,2025-01-16,340,325,9675,8640,2025年1月16日国内成品油价格按机制调整,https://www.ndrc.gov.cn/xwdt/xwfb/202501/t20250116_1395727.html,332.5,9157.5,1,up,332.5,2025-01,77.796,10,4.241,5.765754,79.21,10,5.492,7.450012,75.993,10,5.281,7.468322,77.4085,10,5.161,7.1435,77.9747,10,5.139,7.055606,0.5,-2.3,49.1,50.2,50.1,,,,normal,1,0,0,0,247.031465,255.51943,255.51943,0,247.031465,255.51943,255.51943,0,76.98057,S5_segmented_policy_band,229.967487,segmented smoothing after policy bands,52885.045077,652.901791,58173.549585,52885.045077,25.551943,286.266162,81948.315334,0.178947,0.035348,0.164035,0.175131,0.226986,0.153132
2025-02-06,2025-02-06,0,0,9675,8640,2025年2月6日国内成品油价格按机制不作调整,https://www.ndrc.gov.cn/xwdt/xwfb/202502/t20250206_1396007.html,0,9157.5,0,no_adjust,0,2025-02,78.976,10,1.18,1.516787,77.197,10,-2.013,-2.541346,73.449,10,-2.544,-3.347677,75.323,10,-2.0855,-2.694149,76.0726,10,-1.9021,-2.439381,-0.7,-2.2,50.2,50.4,51.1,,,,normal,1,0,0,0,-88.962864,-88.962864,-88.962864,0,-88.962864,-88.962864,-88.962864,0,88.962864,S5_segmented_policy_band,-80.0665776,segmented smoothing after policy bands,0,79.143912,0,96121.121212,-8.896286,277.369875,76934.047724,0,0.004285,0,0.318309,0.213097,0.080568
2025-02-20,2025-02-19,-170,-160,9505,8480,2025年2月19日国内成品油价格按机制调整,https://www.ndrc.gov.cn/xwdt/xwfb/202502/t20250219_1396225.html,-165,8992.5,1,down,165,2025-02,77.06,10,-1.916,-2.426053,75.626,10,-1.571,-2.035053,71.976,10,-1.473,-2.005473,73.8395,10,-1.4835,-1.969518,74.5849,10,-1.4877,-1.955632,-0.7,-2.2,50.2,50.4,51.1,,,,normal,1,0,0,0,-69.188106,-69.188106,-69.188106,0,-69.188106,-69.188106,-69.188106,0,-95.811894,S5_segmented_policy_band,-62.269295400000004,segmented smoothing after policy bands,0,47.86994,0,316.743254,-6.918811,270.451065,73143.778397,0,0.002592,0,0.001049,0.202598,0.031065
2025-03-06,2025-03-05,-135,-130,9370,8350,2025年3月5日国内成品油价格按机制调整,https://www.ndrc.gov.cn/xwdt/xwfb/202503/t20250305_1396430.html,-132.5,8860,1,down,132.5,2025-03,75.801,10,-1.259,-1.633792,74.459,10,-1.167,-1.54312,70.295,10,-1.681,-2.335501,72.377,10,-1.4625,-1.980647,73.2098,10,-1.3751,-1.843671,-0.1,-2.5,50.5,50.8,51.4,,,,normal,1,0,0,0,-63.814945,-63.814945,-63.814945,0,-63.814945,-63.814945,-63.814945,0,-68.685055,S5_segmented_policy_band,-57.4334505,segmented smoothing after policy bands,0,40.723472,0,23.385396,-6.381495,264.06957,69732.737906,0,0.002205,0,0.000077,0.19315,0.029425
2025-03-20,2025-03-19,-280,-270,9090,8080,2025年3月19日国内成品油价格按机制调整,https://www.ndrc.gov.cn/xwdt/xwfb/202503/t20250319_1396715.html,-275,8585,1,down,275,2025-03,72.828,10,-2.973,-3.922112,71.606,10,-2.853,-3.831639,67.055,10,-3.24,-4.609147,69.3305,10,-3.0465,-4.20921,70.2407,10,-2.9691,-4.055605,-0.1,-2.5,50.5,50.8,51.4,,,,normal,1,0,0,0,-139.879049,-139.879049,-139.879049,0,-139.879049,-139.879049,-139.879049,0,-135.120951,S5_segmented_policy_band,-125.8911441,segmented smoothing after policy bands,0,195.661483,0,4686.455813,-13.987905,250.081665,62540.839319,0,0.010593,0,0.015519,0.173229,0.030431
2025-04-03,2025-04-02,230,220,9320,8300,2025年4月2日国内成品油价格按机制调整,https://www.ndrc.gov.cn/xwdt/xwfb/202504/t20250402_1396996.html,225,8810,1,up,225,2025-04,75.578,10,2.75,3.77602,74.395,10,2.789,3.894925,69.698,10,2.643,3.941541,72.0465,10,2.716,3.917468,72.9859,10,2.7452,3.908275,-0.1,-2.7,49,50.4,50.2,,,,normal,1,0,0,0,132.801696,132.801696,132.801696,0,132.801696,132.801696,132.801696,0,92.198304,S5_segmented_policy_band,119.5215264,segmented smoothing after policy bands,14285.395273,176.362905,14285.395273,60227.378842,13.28017,263.361835,69359.456082,0.048337,0.009548,0.040281,0.199445,0.192116,0.082798
2025-04-18,2025-04-17,-480,-465,8840,7835,2025年4月17日国内成品油价格按机制调整,https://www.ndrc.gov.cn/xwdt/xwfb/202504/t20250417_1397240.html,-472.5,8337.5,1,down,472.5,2025-04,67.84,10,-7.738,-10.238429,67.309,10,-7.086,-9.524834,62.266,10,-7.432,-10.663147,64.7875,10,-7.259,-10.075437,65.7961,10,-7.1898,-9.850944,-0.1,-2.7,49,50.4,50.2,,,,normal,1,0,0,0,-341.286678,-341.286678,-341.286678,0,-341.286678,-341.286678,-341.286678,0,-131.213322,S5_segmented_policy_band,-273.0293424,segmented smoothing after policy bands,0,4659.063863,0,154096.184596,-68.257336,195.104499,38065.765647,0,0.252238,0,0.510295,0.105437,0.142807
2025-04-30,2025-04-30,0,0,8840,7835,2025年4月30日国内成品油价格按机制不作调整,https://www.ndrc.gov.cn/xwdt/xwfb/202504/t20250430_1397516.html,0,8337.5,0,no_adjust,0,2025-04,68.731,10,0.891,1.313384,67.288,10,-0.021,-0.031199,63.295,10,1.029,1.652587,65.217,10,0.4295,0.662937,66.0454,10,0.2493,0.378898,-0.1,-2.7,49,50.4,50.2,,,,normal,1,0,0,0,13.699816,0,13.699816,13.699816,13.699816,0,13.699816,13.699816,0,S5_segmented_policy_band,0.0,segmented smoothing after policy bands,0,0,0,74545.021811,0,195.104499,38065.765647,0,0,0,0.246859,0.105437,0.052844
2025-05-20,2025-05-19,-230,-220,8610,7615,2025年5月19日国内成品油价格按机制调整,https://www.ndrc.gov.cn/xwdt/xwfb/202505/t20250519_1397793.html,-225,8112.5,1,down,225,2025-05,63.389,10,-5.342,-7.77233,63.841,10,-3.447,-5.122756,62.167,10,-1.128,-1.782131,63.0625,10,-2.1545,-3.303586,63.3739,10,-2.6715,-4.044945,-0.1,-3.3,49.5,50.3,50.4,,,,normal,1,0,0,0,-125.677871,-111.978054,-111.978054,0,-125.677871,-111.978054,-111.978054,0,-113.021946,S5_segmented_policy_band,-100.78024860000001,segmented smoothing after policy bands,0,125.390846,0,10156.658508,-11.197805,183.906694,33821.672061,0,0.006789,0,0.033634,0.093681,0.020455
2025-06-04,2025-06-03,65,60,8675,7675,2025年6月3日国内成品油价格按机制调整,https://www.ndrc.gov.cn/xwdt/xwfb/202506/t20250603_1398198.html,62.5,8175,1,up,62.5,2025-06,64.199,10,0.81,1.277824,65.483,10,1.642,2.572015,62.686,10,0.519,0.834848,64.0845,10,1.022,1.620614,64.6439,10,1.27,2.00398,0.1,-3.6,49.7,50.5,50.7,,,,normal,1,0,0,0,62.406611,62.406611,62.406611,0,62.406611,62.406611,62.406611,0,0.093389,S5_segmented_policy_band,56.1659499,segmented smoothing after policy bands,3154.613928,38.945851,3217.706207,24632.109224,6.240661,190.147355,36156.016613,0.010674,0.002108,0.009073,0.08157,0.100147,0.032616
2025-06-18,2025-06-17,260,255,8935,7930,2025年6月17日国内成品油价格按机制调整,https://www.ndrc.gov.cn/xwdt/xwfb/202506/t20250617_1398486.html,257.5,8432.5,1,up,257.5,2025-06,67.733,10,3.534,5.504759,69.965,10,4.482,6.844525,67.269,10,4.583,7.311042,68.617,10,4.5325,7.072693,69.1562,10,4.5123,6.980241,0.1,-3.6,49.7,50.5,50.7,,,,normal,1,0,0,0,217.12596,217.12596,217.12596,0,217.12596,217.12596,217.12596,0,40.37404,S5_segmented_policy_band,195.413364,segmented smoothing after policy bands,38186.38283,471.436825,38950.110486,19389.842334,21.712596,211.859951,44884.638838,0.129211,0.025523,0.10983,0.06421,0.124324,0.093145
2025-07-02,2025-07-01,235,225,9170,8155,2025年7月1日国内成品油价格按机制调整,https://www.ndrc.gov.cn/xwdt/xwfb/202507/t20250701_1398919.html,230,8662.5,1,up,230,2025-07,72.26,10,4.527,6.683596,73.414,10,3.449,4.929608,69.995,10,2.726,4.052387,71.4385,10,2.8215,4.111955,72.0159,10,2.8597,4.135132,0,-3.6,49.3,50.1,50.2,,,,normal,1,0,0,0,138.265523,138.265523,138.265523,0,138.265523,138.265523,138.265523,0,91.734477,S5_segmented_policy_band,124.4389707,segmented smoothing after policy bands,15485.057429,191.173549,15485.057429,5037.364504,13.826552,225.686503,50934.397772,0.052397,0.01035,0.043664,0.016681,0.141081,0.04975
2025-07-16,2025-07-15,-130,-125,9040,8030,2025年7月15日国内成品油价格按机制调整,https://www.ndrc.gov.cn/xwdt/xwfb/202507/t20250715_1399195.html,-127.5,8535,1,down,127.5,2025-07,70.362,10,-1.898,-2.626626,70.971,10,-2.443,-3.327703,68.365,10,-1.63,-2.328738,69.524,10,-1.9145,-2.679927,69.9876,10,-2.0283,-2.816461,0,-3.6,49.3,50.1,50.2,,,,normal,1,0,0,0,-94.985003,-94.985003,-94.985003,0,-94.985003,-94.985003,-94.985003,0,-32.514997,S5_segmented_policy_band,-85.4865027,segmented smoothing after policy bands,0,90.221508,0,44068.704382,-9.4985,216.188003,46737.252641,0,0.004885,0,0.145935,0.129456,0.042286
2025-07-29,2025-07-29,0,0,9040,8030,2025年7月29日国内成品油价格按机制不作调整,https://www.ndrc.gov.cn/xwdt/xwfb/202507/t20250729_1399467.html,0,8535,0,no_adjust,0,2025-07,70.588,10,0.226,0.321196,70.362,10,-0.609,-0.858097,67.553,10,-0.812,-1.187742,68.9575,10,-0.5665,-0.814827,69.5193,10,-0.4683,-0.669119,0,-3.6,49.3,50.1,50.2,,,,normal,1,0,0,0,-20.543346,0,-20.543346,-20.543346,-20.543346,0,-20.543346,-20.543346,0,S5_segmented_policy_band,0.0,segmented smoothing after policy bands,0,0,0,7307.942144,0,216.188003,46737.252641,0,0,0,0.024201,0.129456,0.023048
2025-08-12,2025-08-12,0,0,9040,8030,2025年8月12日国内成品油价格按机制不作调整,https://www.ndrc.gov.cn/xwdt/xwfb/202508/t20250812_1399754.html,0,8535,0,no_adjust,0,2025-08,71.74,10,1.152,1.632005,69.936,10,-0.426,-0.60544,67.389,10,-0.164,-0.242772,68.6625,10,-0.295,-0.4278,69.1719,10,-0.3474,-0.499717,-0.4,-2.9,49.4,50.3,50.5,,,,normal,1,0,0,0,-14.774117,0,-35.317463,-35.317463,-14.774117,0,-35.317463,-35.317463,0,S5_segmented_policy_band,0.0,segmented smoothing after policy bands,0,0,0,0,0,216.188003,46737.252641,0,0,0,0,0.129456,0.019418
2025-08-27,2025-08-26,-180,-175,8860,7855,2025年8月26日国内成品油价格按机制调整,https://www.ndrc.gov.cn/xwdt/xwfb/202508/t20250826_1400056.html,-177.5,8357.5,1,down,177.5,2025-08,69.136,10,-2.604,-3.629774,67.494,10,-2.442,-3.491764,64.257,10,-3.132,-4.647643,65.868,10,-2.7945,-4.069907,66.5184,10,-2.6535,-3.836095,-0.4,-2.9,49.4,50.3,50.5,,,,normal,1,0,0,0,-124.818929,-160.136392,-160.136392,0,-124.818929,-160.136392,-160.136392,0,-17.363608,S5_segmented_policy_band,-144.1227528,segmented smoothing after policy bands,0,256.43664,0,20771.367875,-16.013639,200.174364,40069.775923,0,0.013883,0,0.068785,0.110988,0.029743
2025-09-09,2025-09-09,0,0,8860,7855,2025年9月9日国内成品油价格按机制不作调整,https://www.ndrc.gov.cn/xwdt/xwfb/202509/t20250909_1400343.html,0,8357.5,0,no_adjust,0,2025-09,70.442,10,1.306,1.88903,67.079,10,-0.415,-0.614869,64.153,10,-0.104,-0.16185,65.621,10,-0.247,-0.374992,66.2522,10,-0.2662,-0.40019,-0.3,-2.3,49.8,50,50.6,,,,normal,1,0,0,0,-10.899334,0,-10.899334,-10.899334,-10.899334,0,-10.899334,-10.899334,0,S5_segmented_policy_band,0.0,segmented smoothing after policy bands,0,0,0,20771.367875,0,200.174364,40069.775923,0,0,0,0.068785,0.110988,0.026966
2025-09-23,2025-09-23,0,0,8860,7855,2025年9月23日国内成品油价格按机制不作调整,https://www.ndrc.gov.cn/xwdt/xwfb/202509/t20250923_1400624.html,0,8357.5,0,no_adjust,0,2025-09,70.572,10,0.13,0.184549,67.922,10,0.843,1.256727,63.559,10,-0.594,-0.925911,65.7405,10,0.1195,0.182106,66.6131,10,0.3609,0.544737,-0.3,-2.3,49.8,50,50.6,,,,normal,1,0,0,0,19.025258,0,8.125924,8.125924,19.025258,0,8.125924,8.125924,0,S5_segmented_policy_band,0.0,segmented smoothing after policy bands,0,0,0,0,0,200.174364,40069.775923,0,0,0,0,0.110988,0.016648
2025-10-14,2025-10-13,-75,-70,8785,7785,2025年10月13日国内成品油价格按机制调整,https://www.ndrc.gov.cn/xwdt/xwfb/202510/t20251013_1400937.html,-72.5,8285,1,down,72.5,2025-10,67.17,10,-3.402,-4.820609,66.901,10,-1.021,-1.503195,62.345,10,-1.214,-1.910036,64.623,10,-1.1175,-1.699865,65.5342,10,-1.0789,-1.619651,0.2,-2.1,49,50.1,50,,,,normal,1,0,0,0,-49.680574,0,-41.55465,-41.55465,-49.680574,0,-41.55465,-41.55465,-72.5,S5_segmented_policy_band,0.0,segmented smoothing after policy bands,0,0,0,0,0,200.174364,40069.775923,0,0,0,0,0.110988,0.016648
2025-10-28,2025-10-27,-265,-255,8520,7530,2025年10月27日国内成品油价格按机制调整,https://www.ndrc.gov.cn/xwdt/xwfb/202510/t20251027_1401193.html,-260,8025,1,down,260,2025-10,63.901,10,-3.269,-4.866756,62.79,10,-4.111,-6.144901,59.595,10,-2.75,-4.410939,61.2055,10,-3.4175,-5.288365,61.8497,10,-3.6845,-5.622255,0.2,-2.1,49,50.1,50,,,,normal,1,0,0,0,-174.017229,-215.571879,-215.571879,0,-174.017229,-215.571879,-215.571879,0,-44.428121,S5_segmented_policy_band,-194.0146911,segmented smoothing after policy bands,0,464.71235,0,37641.700363,-21.557188,178.617176,31904.095526,0,0.025159,0,0.124652,0.08837,0.036985
2025-11-11,2025-11-10,125,120,8645,7650,2025年11月10日国内成品油价格按机制调整,https://www.ndrc.gov.cn/xwdt/xwfb/202511/t20251110_1401464.html,122.5,8147.5,1,up,122.5,2025-11,65.935,10,2.034,3.183049,64.661,10,1.871,2.979774,61.182,10,1.587,2.662975,62.9215,10,1.716,2.80367,63.6173,10,1.7676,2.857896,0.7,-2.2,49.2,49.5,49.7,,,,normal,1,0,0,0,86.151591,86.151591,86.151591,0,86.151591,86.151591,86.151591,0,36.348409,S5_segmented_policy_band,77.5364319,segmented smoothing after policy bands,6011.898272,74.220966,6853.56403,73740.012403,8.615159,187.232335,35055.94727,0.020342,0.004018,0.019325,0.244193,0.0971,0.061915
2025-11-25,2025-11-24,-70,-65,8575,7585,2025年11月24日国内成品油价格按机制调整,https://www.ndrc.gov.cn/xwdt/xwfb/202511/t20251124_1401864.html,-67.5,8080,1,down,67.5,2025-11,64.545,10,-1.39,-2.108137,63.256,10,-1.405,-2.172871,60.256,10,-0.926,-1.513517,61.749,10,-1.1725,-1.863433,62.3462,10,-1.2711,-1.998041,0.7,-2.2,49.2,49.5,49.7,,,,normal,1,0,0,0,-58.852168,-58.852168,-58.852168,0,-58.852168,-58.852168,-58.852168,0,-8.647832,S5_segmented_policy_band,-52.9669512,segmented smoothing after policy bands,0,34.635777,0,17031.133001,-5.885217,181.347118,32886.777279,0,0.001875,0,0.056399,0.091092,0.022499
2025-12-09,2025-12-08,-55,-55,8520,7530,2025年12月8日国内成品油价格按机制调整,https://www.ndrc.gov.cn/xwdt/xwfb/202512/t20251208_1402287.html,-55,8025,1,down,55,2025-12,63.552,10,-0.993,-1.538462,64.179,10,0.923,1.45915,59.103,10,-1.153,-1.913502,61.571,10,-0.178,-0.288264,62.5582,10,0.212,0.340037,0.8,-1.9,50.1,50.2,50.7,,,,normal,1,0,0,0,11.919897,0,11.919897,11.919897,11.919897,0,11.919897,11.919897,-55,S5_segmented_policy_band,0.0,segmented smoothing after policy bands,0,0,0,2805.497919,0,181.347118,32886.777279,0,0,0,0.009291,0.091092,0.015057
2025-12-23,2025-12-22,-170,-165,8350,7365,2025年12月22日国内成品油价格按机制调整,https://www.ndrc.gov.cn/xwdt/xwfb/202512/t20251222_1402523.html,-167.5,7857.5,1,down,167.5,2025-12,61.018,10,-2.534,-3.987286,61.715,10,-2.464,-3.839262,57.298,10,-1.805,-3.05399,59.5065,10,-2.0645,-3.35304,60.3899,10,-2.1683,-3.466052,0.8,-1.9,50.1,50.2,50.7,,,,normal,1,0,0,0,-101.665665,-89.745767,-89.745767,0,-101.665665,-89.745767,-89.745767,0,-77.754233,S5_segmented_policy_band,-80.7711903,segmented smoothing after policy bands,0,80.543027,0,6523.985182,-8.974577,172.372541,29712.293063,0,0.004361,0,0.021604,0.082299,0.016458
2026-01-06,2026-01-06,0,0,8350,7365,2026年1月6日国内成品油价格按机制不作调整,https://www.ndrc.gov.cn/xwdt/xwfb/202601/t20260106_1403050.html,0,7857.5,0,no_adjust,0,2026-01,60.838,10,-0.18,-0.294995,62.339,10,0.624,1.011099,57.71,10,0.412,0.719048,60.0055,10,0.499,0.838564,60.9389,10,0.549,0.909092,0.2,-1.4,49.3,49.4,49.8,,,,normal,1,0,0,0,28.001204,0,28.001204,28.001204,28.001204,0,28.001204,28.001204,0,S5_segmented_policy_band,0.0,segmented smoothing after policy bands,0,0,0,6523.985182,0,172.372541,29712.293063,0,0,0,0.021604,0.082299,0.015586
2026-01-21,2026-01-20,85,85,8435,7450,2026年1月20日国内成品油价格按机制调整,https://www.ndrc.gov.cn/xwdt/xwfb/202601/t20260120_1403319.html,85,7942.5,1,up,85,2026-01,61.303,10,0.465,0.764325,65.352,10,3.013,4.83325,58.839,10,1.129,1.956333,61.9,10,1.8945,3.157211,63.1244,10,2.1855,3.586379,0.2,-1.4,49.3,49.4,49.8,,,,normal,1,0,0,0,106.093366,134.09457,134.09457,0,106.093366,134.09457,134.09457,0,-49.09457,S5_segmented_policy_band,120.685113,segmented smoothing after policy bands,14564.8965,179.813537,15147.49236,14564.8965,13.409457,185.781998,34514.950967,0.049283,0.009735,0.042712,0.048232,0.095602,0.046521
2026-02-04,2026-02-03,205,195,8640,7645,2026年2月3日国内成品油价格按机制调整,https://www.ndrc.gov.cn/xwdt/xwfb/202602/t20260203_1403566.html,200,8142.5,1,up,200,2026-02,64.204,10,2.901,4.732232,68.787,10,3.435,5.256151,61.674,10,2.835,4.818233,65.2305,10,3.3305,5.380452,66.6531,10,3.5287,5.590073,1.3,-0.9,49,49.5,49.5,,,,normal,1,0,0,0,170.189541,170.189541,170.189541,0,170.189541,170.189541,170.189541,0,29.810459,S5_segmented_policy_band,153.1705869,segmented smoothing after policy bands,23461.228691,289.644799,29561.148151,1055.306015,17.018954,202.800953,41128.226375,0.079386,0.015681,0.083355,0.003495,0.11392,0.061434
2026-02-25,2026-02-24,175,170,8815,7815,2026年2月24日国内成品油价格按机制调整,https://www.ndrc.gov.cn/xwdt/xwfb/202602/t20260224_1403852.html,172.5,8315,1,up,172.5,2026-02,68.106,10,3.902,6.077503,71.247,10,2.46,3.576257,64.723,10,3.049,4.943736,68.004,10,2.7735,4.251845,69.3164,10,2.6633,3.995763,1.3,-0.9,49,49.5,49.5,,,,normal,1,0,0,0,128.893509,128.893509,128.893509,0,128.893509,128.893509,128.893509,0,43.606491,S5_segmented_policy_band,116.0041581,segmented smoothing after policy bands,13456.964696,166.135367,16955.775518,1381.34343,12.889351,215.690303,46522.307024,0.045534,0.008994,0.047811,0.004574,0.12886,0.04515
2026-03-10,2026-03-09,695,670,9510,8485,2026年3月9日国内成品油价格按机制调整,https://www.ndrc.gov.cn/xwdt/xwfb/202603/t20260309_1404075.html,682.5,8997.5,1,up,682.5,2026-03,77.672,10,9.566,14.045752,78.319,10,7.072,9.926032,72.118,10,7.395,11.425614,75.2185,10,7.2145,10.608935,76.4587,10,7.1423,10.303911,1,0.5,50.4,50.1,50.5,,,,normal,1,0,0,0,342.626959,342.626959,342.626959,0,342.626959,342.626959,342.626959,0,339.873041,S5_segmented_policy_band,274.10156720000003,segmented smoothing after policy bands,75131.669141,4695.729321,90158.00297,24994.790764,68.525392,284.215695,80778.561455,0.254223,0.254223,0.254223,0.082771,0.223745,0.223934
2026-03-24,2026-03-23,1160,1115,10670,9600,2026年3月23日国内成品油价格调整,https://www.ndrc.gov.cn/xwdt/xwfb/202603/t20260323_1404295.html,1137.5,10135,1,up,1137.5,2026-03,125.659,10,47.987,61.781594,103.777,10,25.458,32.505522,93.959,10,21.841,30.285088,98.868,10,23.6495,31.441068,100.8316,10,24.3729,31.87721,1,0.5,50.4,50.1,50.5,,,,profit_deduction,0.583368,0,1,0,1164.85415,1164.85415,1164.85415,0,679.538636,679.538636,679.538636,0,457.961364,S5_segmented_policy_band,543.6309088,segmented smoothing after policy bands,295534.565003,18470.910313,354641.478003,72646.065983,135.907727,420.123422,176503.690133,1,1,1,0.24057,0.488891,0.809419
2026-04-08,2026-04-07,420,400,11090,10000,2026年4月7日国家继续实施调控，成品油价格适当调整,https://www.ndrc.gov.cn/xwdt/xwfb/202604/t20260407_1404528.html,410,10545,1,up,410,2026-04,123.192,10,-2.467,-1.96325,117.037,10,13.26,12.777398,100.815,10,6.856,7.2968,108.161,10,9.293,9.399401,111.7114,10,10.8798,10.79007,1.2,2.8,50.3,49.4,50.1,,,,profit_deduction,0.365772,0,1,0,520.976763,520.976763,520.976763,0,190.558713,190.558713,190.558713,0,219.441287,S5_segmented_policy_band,171.5028417,segmented smoothing after policy bands,29413.224711,363.126231,36472.398642,138479.298324,19.055871,439.179294,192878.452103,0.099525,0.019659,0.102843,0.458579,0.534247,0.203448
2026-04-22,2026-04-21,-555,-530,10535,9470,2026年4月21日国内成品油价格下调,https://www.ndrc.gov.cn/xwdt/xwfb/202604/t20260421_1404789.html,-542.5,10002.5,1,down,542.5,2026-04,107.016,10,-16.176,-13.130723,117.398,10,0.361,0.308449,96.897,10,-3.918,-3.886326,107.1475,10,-1.0135,-0.937029,111.2477,10,-0.4637,-0.415087,1.2,2.8,50.3,49.4,50.1,,,,profit_deduction,0.375046,0,0,0,-20.323838,0,-20.323838,-20.323838,-20.323838,0,-20.323838,-20.323838,-542.5,S5_segmented_policy_band,0.0,segmented smoothing after policy bands,0,0,0,29413.224711,0,439.179294,192878.452103,0,0,0,0.097403,0.534247,0.094747
2026-05-09,2026-05-08,320,310,10855,9780,2026年5月8日国内成品油价格调整,https://www.ndrc.gov.cn/xwdt/xwfb/202605/t20260508_1405100.html,315,10317.5,1,up,315,2026-05,112.562,10,5.546,5.182403,114.626,10,-2.772,-2.361199,102.368,10,5.471,5.646202,107.562,10,0.4145,0.38685,110.3876,10,-0.8601,-0.77314,,,,,,,,,profit_deduction,0.392248,0,0,0,-39.239654,-59.563493,-59.563493,0,-39.239654,-59.563493,-59.563493,0,374.563493,S5_segmented_policy_band,-53.6071437,segmented smoothing after policy bands,0,35.478097,0,2873.725856,-5.956349,433.222944,187682.119641,0,0.001921,0,0.009516,0.519854,0.07979
2016-01-14,2016-01-13,-140,-135,6925,5970,完善成品油价格机制 同步下调成品油价格,https://www.ndrc.gov.cn/xwdt/ztzl/gncpyjg/201601/t20160113_1292913.html,-137.5,6447.5,1,down,137.5,2016-01,29.61,10,-9.253,-23.809279,33.936,10,-9.007,-20.974315,34.668,10,-5.88,-14.501332,34.302,10,-7.28,-17.507575,34.1556,10,-7.84,-18.668622,1.8,-5.3,49.4,53.5,,2669,752620.9,281.99,low_floor,1,1,0,0,-372.313579,-372.313579,-372.313579,0,0,0,0,0,-137.5,S6_policy_acceptability_rule,0.0,S5 plus CPI/high-adjustment caps,0,0,0,0,0,0,0,0,0,0,0,0,0
2016-01-27,2016-01-27,0,0,6925,5970,1月27日国内成品油价格不作调整,https://www.ndrc.gov.cn/xwdt/ztzl/gncpyjg/201601/t20160127_1292914.html,0,6447.5,0,no_adjust,0,2016-01,24.442,10,-5.168,-17.453563,28.576,10,-5.36,-15.794437,29.813,10,-4.855,-14.004269,29.2835,10,-5.0185,-14.630342,29.0717,10,-5.0839,-14.884528,1.8,-5.3,49.4,53.5,,2669,752620.9,281.99,low_floor,1,1,0,0,-240.795213,-240.795213,-240.795213,0,0,0,0,0,0,S6_policy_acceptability_rule,0.0,S5 plus CPI/high-adjustment caps,0,0,0,0,0,0,0,0,0,0,0,0,0
2016-02-15,2016-02-15,0,0,6925,5970,2月15日国内成品油价格不作调整,https://www.ndrc.gov.cn/xwdt/ztzl/gncpyjg/201602/t20160215_1292915.html,0,6447.5,0,no_adjust,0,2016-02,28.122,10,3.68,15.056051,31.297,10,2.721,9.521976,29.702,10,-0.111,-0.372321,30.4995,10,1.216,4.152509,30.8185,10,1.7468,6.008593,2.3,-4.9,49,52.7,,3180,737326.3,231.86,low_floor,1,0,0,0,85.159035,85.159035,85.159035,0,85.159035,85.159035,85.159035,0,-85.159035,S6_policy_acceptability_rule,76.64313150000001,S5 plus CPI/high-adjustment caps,5874.169606,72.520612,8576.287625,5874.169606,8.515903,8.515903,72.520612,0.019876,0.003926,0.024183,0.019453,0.000201,0.014748
2016-02-29,2016-02-29,0,0,6925,5970,2月29日国内成品油价格不作调整,https://www.ndrc.gov.cn/xwdt/ztzl/gncpyjg/201602/t20160229_1292916.html,0,6447.5,0,no_adjust,0,2016-02,29.175,10,1.053,3.744399,32.654,10,1.357,4.335879,30.602,10,0.9,3.030099,31.628,10,1.1285,3.700061,32.0384,10,1.2199,3.958337,2.3,-4.9,49,52.7,,3180,737326.3,231.86,low_floor,1,0,0,0,60.015889,60.015889,60.015889,0,60.015889,60.015889,60.015889,0,-60.015889,S6_policy_acceptability_rule,54.0143001,S5 plus CPI/high-adjustment caps,2917.544615,36.019069,4259.615138,512.064011,6.001589,14.517492,210.757586,0.009872,0.00195,0.012011,0.001696,0.000584,0.006203
2016-03-14,2016-03-14,0,0,6925,5970,3月14日国内成品油价格不作调整,https://www.ndrc.gov.cn/xwdt/ztzl/gncpyjg/201603/t20160314_1292917.html,0,6447.5,0,no_adjust,0,2016-03,33.3,10,4.125,14.138817,37.787,10,5.133,15.719361,36.064,10,5.462,17.848507,36.9255,10,5.2975,16.749399,37.2701,10,5.2317,16.329467,2.3,-4.3,50.2,53.8,,3261,771184.3,236.49,low_floor,1,0,0,0,251.455017,251.455017,251.455017,0,251.455017,251.455017,251.455017,0,-251.455017,S6_policy_acceptability_rule,226.30951530000002,S5 plus CPI/high-adjustment caps,51215.996715,632.296256,74775.355204,29685.641181,25.145502,39.662994,1573.153101,0.1733,0.034232,0.210848,0.098305,0.004357,0.118283
2016-03-28,2016-03-28,0,0,6925,5970,3月28日国内成品油价格不作调整,https://www.ndrc.gov.cn/xwdt/ztzl/gncpyjg/201603/t20160328_1292918.html,0,6447.5,0,no_adjust,0,2016-03,35.493,10,2.193,6.585586,38.951,10,1.164,3.080424,38.788,10,2.724,7.553239,38.8695,10,1.944,5.264655,38.9021,10,1.632,4.378845,2.3,-4.3,50.2,53.8,,3261,771184.3,236.49,low_floor,1,0,0,0,79.680893,79.680893,79.680893,0,79.680893,79.680893,79.680893,0,-79.680893,S6_policy_acceptability_rule,71.7128037,S5 plus CPI/high-adjustment caps,5142.726215,63.490447,7508.380273,23900.143238,7.968089,47.631083,2268.720106,0.017401,0.003437,0.021172,0.079146,0.006284,0.023145
2016-04-12,2016-04-12,0,0,6925,5970,4月12日国内成品油价格不作调整,https://www.ndrc.gov.cn/xwdt/ztzl/gncpyjg/201604/t20160412_1292919.html,0,6447.5,0,no_adjust,0,2016-04,34.606,10,-0.887,-2.499084,37.581,10,-1.37,-3.51724,37.018,10,-1.77,-4.563267,37.2995,10,-1.57,-4.039157,37.4121,10,-1.49,-3.830127,2.3,-3.4,50.1,53.5,,3258,870569.7,267.21,low_floor,1,1,0,0,-69.297859,-69.297859,-69.297859,0,0,0,0,0,0,S6_policy_acceptability_rule,0.0,S5 plus CPI/high-adjustment caps,0,0,0,5142.726215,0,47.631083,2268.720106,0,0,0,0.01703,0.006284,0.003497
2016-04-27,2016-04-26,165,160,7090,6130,国内成品油价格按机制上调,https://www.ndrc.gov.cn/xwdt/ztzl/gncpyjg/201604/t20160426_1292920.html,162.5,6610,1,up,162.5,2016-04,38.674,10,4.068,11.755187,42.834,10,5.253,13.977808,41.662,10,4.644,12.545248,42.248,10,4.9485,13.266934,42.4824,10,5.0703,13.552567,2.3,-3.4,50.1,53.5,,3258,870569.7,267.21,normal,1,0,0,0,243.753168,243.753168,243.753168,0,243.753168,243.753168,243.753168,0,-81.253168,S6_policy_acceptability_rule,219.37785119999998,S5 plus CPI/high-adjustment caps,48126.641597,594.156069,70264.896732,48126.641597,24.375317,72.0064,5184.92167,0.162846,0.032167,0.198129,0.159373,0.014362,0.122737
2016-05-12,2016-05-11,120,115,7210,6245,国内成品油价格按机制上调,https://www.ndrc.gov.cn/xwdt/ztzl/gncpyjg/201605/t20160511_1292921.html,117.5,6727.5,1,up,117.5,2016-05,41.279,10,2.605,6.735791,44.283,10,1.449,3.382827,44.651,10,2.989,7.174404,44.467,10,2.219,5.25232,44.3934,10,1.911,4.498333,2,-2.8,50.1,53.1,,3224,940142.9,291.61,normal,1,0,0,0,92.994497,92.994497,92.994497,0,92.994497,92.994497,92.994497,0,24.505503,S6_policy_acceptability_rule,83.6950473,S5 plus CPI/high-adjustment caps,7004.860943,86.479765,9806.80532,18409.823274,9.29945,81.30585,6610.641228,0.023702,0.004682,0.027653,0.060965,0.018311,0.025666
2016-05-26,2016-05-25,210,200,7420,6445,国内成品油价格按机制上调,https://www.ndrc.gov.cn/xwdt/ztzl/gncpyjg/201605/t20160525_1292922.html,205,6932.5,1,up,205,2016-05,43.883,10,2.604,6.308292,47.743,10,3.46,7.813382,47.519,10,2.868,6.423148,47.631,10,3.164,7.115389,47.6758,10,3.2824,7.393892,2,-2.8,50.1,53.1,,3224,940142.9,291.61,normal,1,0,0,0,158.436349,158.436349,158.436349,0,158.436349,158.436349,158.436349,0,46.563651,S6_policy_acceptability_rule,142.59271410000002,S5 plus CPI/high-adjustment caps,20332.682114,251.020767,28465.75496,3468.935154,15.843635,97.149485,9438.022397,0.0688,0.01359,0.080266,0.011488,0.026142,0.045629
2016-06-09,2016-06-08,110,110,7530,6555,国内成品油价格按机制上调,https://www.ndrc.gov.cn/xwdt/ztzl/gncpyjg/201606/t20160608_1292923.html,110,7042.5,1,up,110,2016-06,45.461,10,1.578,3.595926,49.022,10,1.279,2.678927,49.158,10,1.639,3.449147,49.09,10,1.459,3.063131,49.0628,10,1.387,2.909233,1.9,-2.6,50,53.7,,3062,983636.1,321.24,normal,1,0,0,0,67.989735,67.989735,67.989735,0,67.989735,67.989735,67.989735,0,42.010265,S6_policy_acceptability_rule,61.1907615,S5 plus CPI/high-adjustment caps,3744.309293,46.226041,5167.146824,6626.277887,6.798973,103.948458,10805.281983,0.01267,0.002503,0.01457,0.021943,0.029929,0.015091
2016-06-23,2016-06-23,0,0,7530,6555,6月23日国内成品油价格不作调整,https://www.ndrc.gov.cn/xwdt/ztzl/gncpyjg/201606/t20160623_1292924.html,0,7042.5,0,no_adjust,0,2016-06,45.925,10,0.464,1.020655,48.252,10,-0.77,-1.570723,48.656,10,-0.502,-1.021197,48.454,10,-0.636,-1.29558,48.3732,10,-0.6896,-1.405546,1.9,-2.6,50,53.7,,3062,983636.1,321.24,normal,1,0,0,0,-31.103563,0,-31.103563,-31.103563,-31.103563,0,-31.103563,-31.103563,0,S6_policy_acceptability_rule,0.0,S5 plus CPI/high-adjustment caps,0,0,0,3744.309293,0,103.948458,10805.281983,0,0,0,0.012399,0.029929,0.006349
2016-07-07,2016-07-07,0,0,7530,6555,7月7日国内成品油价格不作调整,https://www.ndrc.gov.cn/xwdt/ztzl/gncpyjg/201607/t20160707_1292925.html,0,7042.5,0,no_adjust,0,2016-07,45.21,10,-0.715,-1.556886,47.014,10,-1.238,-2.565697,48.017,10,-0.639,-1.313302,47.536,10,-0.918,-1.89458,47.3436,10,-1.0296,-2.128451,1.8,-1.7,49.9,53.9,,3107,1061217.3,341.56,normal,1,0,0,0,-47.328027,-78.43159,-78.43159,0,-47.328027,-78.43159,-78.43159,0,78.43159,S6_policy_acceptability_rule,-70.588431,S5 plus CPI/high-adjustment caps,0,61.515143,0,4982.726591,-7.843159,96.105299,9236.228554,0,0.00333,0,0.0165,0.025583,0.006979
2016-07-22,2016-07-21,-155,-150,7375,6405,国内成品油价格按机制下调,https://www.ndrc.gov.cn/xwdt/ztzl/gncpyjg/201607/t20160721_1292926.html,-152.5,6890,1,down,152.5,2016-07,43.027,10,-2.183,-4.828578,45.502,10,-1.512,-3.216063,45.341,10,-2.676,-5.573026,45.4215,10,-2.1145,-4.448208,45.4537,10,-1.8899,-3.991881,1.8,-1.7,49.9,53.9,,3107,1061217.3,341.56,normal,1,0,0,0,-88.380692,-88.380692,-88.380692,0,-88.380692,-88.380692,-88.380692,0,-64.119308,S6_policy_acceptability_rule,-79.5426228,S5 plus CPI/high-adjustment caps,0,78.111467,0,80.177551,-8.838069,87.26723,7615.569449,0,0.004229,0,0.000266,0.021094,0.00405
2016-08-05,2016-08-04,-220,-215,7155,6190,国内成品油价格按机制下调,https://www.ndrc.gov.cn/xwdt/ztzl/gncpyjg/201608/t20160804_1292927.html,-217.5,6672.5,1,down,217.5,2016-08,40.168,10,-2.859,-6.644665,42.258,10,-3.244,-7.129357,41.685,10,-3.656,-8.063342,41.9715,10,-3.45,-7.595522,42.0861,10,-3.3676,-7.408858,1.3,-0.8,50.4,53.5,,3285,1071423.6,326.16,normal,1,0,0,0,-158.895074,-158.895074,-158.895074,0,-158.895074,-158.895074,-158.895074,0,-58.604926,S6_policy_acceptability_rule,-143.0055666,S5 plus CPI/high-adjustment caps,0,252.476445,0,4027.545236,-15.889507,71.377723,5094.779298,0,0.013669,0,0.013337,0.014112,0.006851
2016-08-19,2016-08-18,175,170,7330,6360,国内成品油价格按机制上调,https://www.ndrc.gov.cn/xwdt/ztzl/gncpyjg/201608/t20160818_1292928.html,172.5,6845,1,up,172.5,2016-08,41.994,10,1.826,4.545907,44.611,10,2.353,5.568176,43.842,10,2.157,5.174523,44.2265,10,2.255,5.372693,44.3803,10,2.2942,5.451206,1.3,-0.8,50.4,53.5,,3285,1071423.6,326.16,normal,1,0,0,0,111.280422,111.280422,111.280422,0,111.280422,111.280422,111.280422,0,61.219578,S6_policy_acceptability_rule,100.1523798,S5 plus CPI/high-adjustment caps,10030.49918,123.833323,12638.428966,59125.786897,11.128042,82.505765,6807.201242,0.03394,0.006704,0.035637,0.195797,0.018855,0.050933
2016-09-02,2016-09-01,205,200,7535,6560,国内成品油价格按机制上调,https://www.ndrc.gov.cn/xwdt/ztzl/gncpyjg/201609/t20160901_1292929.html,202.5,7047.5,1,up,202.5,2016-09,45.558,10,3.564,8.486927,48.766,10,4.155,9.313846,46.989,10,3.147,7.178048,47.8775,10,3.651,8.255232,48.2329,10,3.8526,8.680879,1.9,0.1,50.4,53.7,,3306,1051321.5,318,normal,1,0,0,0,185.645729,185.645729,185.645729,0,185.645729,185.645729,185.645729,0,16.854271,S6_policy_acceptability_rule,167.0811561,S5 plus CPI/high-adjustment caps,27916.112724,344.643367,38524.235559,4479.461097,18.564573,101.070338,10215.213183,0.09446,0.018659,0.108629,0.014834,0.028295,0.060973
2016-09-19,2016-09-18,-155,-150,7380,6410,国内成品油价格按机制下调,https://www.ndrc.gov.cn/xwdt/ztzl/gncpyjg/201609/t20160918_1292930.html,-152.5,6895,1,down,152.5,2016-09,43.204,10,-2.354,-5.16704,46.857,10,-1.909,-3.914613,44.992,10,-1.997,-4.249931,45.8865,10,-1.991,-4.15853,46.2443,10,-1.9886,-4.122912,1.9,0.1,50.4,53.7,,3306,1051321.5,318,normal,1,0,0,0,-93.090558,-93.090558,-93.090558,0,-93.090558,-93.090558,-93.090558,0,-59.409442,S6_policy_acceptability_rule,-83.7815022,S5 plus CPI/high-adjustment caps,0,86.65852,0,62932.073329,-9.309056,91.761282,8420.132874,0,0.004692,0,0.208402,0.023323,0.035697
2016-09-30,2016-09-30,0,0,7380,6410,9月30日国内成品油价格不作调整,https://www.ndrc.gov.cn/xwdt/ztzl/gncpyjg/201609/t20160930_1292931.html,0,6895,0,no_adjust,0,2016-09,42.509,10,-0.695,-1.608647,46.193,10,-0.664,-1.417077,45.106,10,0.114,0.253378,45.6495,10,-0.237,-0.516492,45.8669,10,-0.3774,-0.816101,1.9,0.1,50.4,53.7,,3306,1051321.5,318,normal,1,0,0,0,-16.205688,0,-16.205688,-16.205688,-16.205688,0,-16.205688,-16.205688,0,S6_policy_acceptability_rule,0.0,S5 plus CPI/high-adjustment caps,0,0,0,7019.340111,0,91.761282,8420.132874,0,0,0,0.023245,0.023323,0.006985
2016-10-20,2016-10-19,355,340,7735,6750,国内成品油价格按机制上调,https://www.ndrc.gov.cn/xwdt/ztzl/gncpyjg/201610/t20161019_1292932.html,347.5,7242.5,1,up,347.5,2016-10,48.316,10,5.807,13.660637,49.903,10,3.71,8.03152,50.166,10,5.06,11.21802,50.0345,10,4.385,9.605801,49.9819,10,4.115,8.971611,2.1,1.2,51.2,54,,2879,940085,326.53,normal,1,0,0,0,198.167197,181.96151,181.96151,0,198.167197,181.96151,181.96151,0,165.53849,S6_policy_acceptability_rule,163.76535900000002,S5 plus CPI/high-adjustment caps,26819.092808,331.099911,38083.111788,26819.092808,18.196151,109.957433,12090.637072,0.090748,0.017925,0.107385,0.088812,0.033489,0.071464
2016-11-02,2016-11-02,0,0,7735,6750,11月2日国内成品油价格不作调整,https://www.ndrc.gov.cn/xwdt/ztzl/gncpyjg/201611/t20161102_1292933.html,0,7242.5,0,no_adjust,0,2016-11,47.32,10,-0.996,-2.061429,48.929,10,-0.974,-1.951786,49.281,10,-0.885,-1.764143,49.105,10,-0.9295,-1.857718,49.0346,10,-0.9473,-1.895286,2.3,3.3,51.7,54.7,,3235,1121513.6,346.68,normal,1,0,0,0,-43.400752,0,-43.400752,-43.400752,-43.400752,0,-43.400752,-43.400752,0,S6_policy_acceptability_rule,0.0,S5 plus CPI/high-adjustment caps,0,0,0,26819.092808,0,109.957433,12090.637072,0,0,0,0.088812,0.033489,0.018345
2016-11-17,2016-11-16,-365,-355,7370,6395,国内成品油价格按机制下调,https://www.ndrc.gov.cn/xwdt/ztzl/gncpyjg/201611/t20161116_1292934.html,-360,6882.5,1,down,360,2016-11,42.066,10,-5.254,-11.103128,43.26,10,-5.669,-11.586176,44.625,10,-4.656,-9.44786,43.9425,10,-5.1625,-10.513186,43.6695,10,-5.3651,-10.941458,2.3,3.3,51.7,54.7,,3235,1121513.6,346.68,normal,1,0,0,0,-254.213799,-297.614551,-297.614551,0,-254.213799,-297.614551,-297.614551,0,-62.385449,S6_policy_acceptability_rule,-267.8530959,S5 plus CPI/high-adjustment caps,0,885.74421,0,71745.280983,-29.761455,80.195978,6431.394871,0,0.047953,0,0.237587,0.017814,0.047901
2016-12-01,2016-11-30,175,170,7545,6565,国内成品油价格按机制上调,https://www.ndrc.gov.cn/xwdt/ztzl/gncpyjg/201611/t20161130_1292935.html,172.5,7055,1,up,172.5,2016-12,44.083,10,2.017,4.794846,45.783,10,2.523,5.832178,46.242,10,1.617,3.623529,45.843,10,1.9005,4.32497,45.6834,10,2.0139,4.611686,2.1,5.5,51.4,54.5,,3638,1229788.7,338.04,normal,1,0,0,0,97.904783,97.904783,97.904783,0,97.904783,97.904783,97.904783,0,74.595217,S6_policy_acceptability_rule,88.11430469999999,S5 plus CPI/high-adjustment caps,7764.130693,95.853465,11025.065584,126712.79029,9.790478,89.986456,8097.562299,0.026271,0.005189,0.031088,0.419614,0.022429,0.081684
2016-12-15,2016-12-14,435,420,7980,6985,国内成品油价格按机制上调,https://www.ndrc.gov.cn/xwdt/ztzl/gncpyjg/201612/t20161214_1292936.html,427.5,7482.5,1,up,427.5,2016-12,50.357,10,6.274,14.232244,52.115,10,6.332,13.830461,51.279,10,5.037,10.892695,51.697,10,5.854,12.76967,51.8642,10,6.1808,13.529641,2.1,5.5,51.4,54.5,,3638,1229788.7,338.04,normal,1,0,0,0,296.74513,296.74513,296.74513,0,296.74513,296.74513,296.74513,0,130.75487,S6_policy_acceptability_rule,267.070617,S5 plus CPI/high-adjustment caps,71326.714465,880.576722,101283.93454,32025.361712,29.674513,119.660969,14318.74755,0.241348,0.047674,0.285595,0.106053,0.039661,0.163128
2016-12-29,2016-12-28,100,95,8080,7080,国内成品油价格按机制上调,https://www.ndrc.gov.cn/xwdt/ztzl/gncpyjg/201612/t20161228_1292937.html,97.5,7580,1,up,97.5,2016-12,51.861,10,1.504,2.986675,53.536,10,1.421,2.726662,51.943,10,0.664,1.294877,52.7355,10,1.0385,2.008821,53.0557,10,1.1915,2.297346,2.1,5.5,51.4,54.5,,3638,1229788.7,338.04,normal,1,0,0,0,58.660669,58.660669,58.660669,0,58.660669,58.660669,58.660669,0,38.839331,S6_policy_acceptability_rule,52.7946021,S5 plus CPI/high-adjustment caps,2787.270011,34.410741,3957.923415,45914.210561,5.866067,125.527036,15757.036792,0.009431,0.001863,0.01116,0.152047,0.043645,0.034874
2017-01-13,2017-01-12,70,70,8150,7150,国内成品油价格按机制上调,https://www.ndrc.gov.cn/xwdt/ztzl/gncpyjg/201701/t20170112_1292938.html,70,7650,1,up,70,2017-01,52.78,10,0.919,1.772045,54.659,10,1.123,2.097654,52.989,10,1.046,2.013746,53.824,10,1.0885,2.064074,54.158,10,1.1023,2.077628,2.5,6.9,51.3,54.6,54,3403,1296886.6,381.1,normal,1,0,0,0,54.404133,54.404133,54.404133,0,54.404133,54.404133,54.404133,0,15.595867,S6_policy_acceptability_rule,0.0,S5 plus CPI/high-adjustment caps,0,2959.809687,0,2787.270011,54.404133,179.931169,32375.225614,0,0.160242,0,0.00923,0.089675,0.046884
2017-01-26,2017-01-25,-70,-70,8080,7080,国内成品油价格按机制下调,https://www.ndrc.gov.cn/xwdt/ztzl/gncpyjg/201701/t20170125_1292939.html,-70,7580,1,down,70,2017-01,52.077,10,-0.703,-1.331944,54.296,10,-0.363,-0.664118,52.082,10,-0.907,-1.711676,53.134,10,-0.69,-1.281956,53.5548,10,-0.6032,-1.113778,2.5,6.9,51.3,54.6,54,3403,1296886.6,381.1,normal,1,0,0,0,-26.98064,0,-26.98064,-26.98064,-26.98064,0,-26.98064,-26.98064,-70,S6_policy_acceptability_rule,0.0,S5 plus CPI/high-adjustment caps,0,0,0,0,0,179.931169,32375.225614,0,0,0,0,0.089675,0.013451
2017-02-15,2017-02-14,50,50,8130,7130,国内成品油价格按机制上调,https://www.ndrc.gov.cn/xwdt/ztzl/gncpyjg/201702/t20170214_1292940.html,50,7630,1,up,50,2017-02,53.126,10,1.049,2.014325,54.946,10,0.65,1.197142,53.137,10,1.055,2.025652,54.0415,10,0.9075,1.707946,54.4033,10,0.8485,1.584358,0.8,7.8,51.6,54.2,54,3178,1249189.9,393.07,normal,1,0,0,0,42.293048,0,15.312407,15.312407,42.293048,0,15.312407,15.312407,50,S6_policy_acceptability_rule,0.0,S5 plus CPI/high-adjustment caps,0,0,0,0,0,179.931169,32375.225614,0,0,0,0,0.089675,0.013451
2017-02-28,2017-02-28,0,0,8130,7130,2月28日国内成品油价格不作调整,https://www.ndrc.gov.cn/xwdt/ztzl/gncpyjg/201702/t20170228_1292941.html,0,7630,0,no_adjust,0,2017-02,53.492,10,0.366,0.688928,54.982,10,0.036,0.065519,53.624,10,0.487,0.916499,54.248,10,0.2065,0.382114,54.4976,10,0.0943,0.173335,0.8,7.8,51.6,54.2,54,3178,1249189.9,393.07,normal,1,0,0,0,6.30337,0,21.615777,21.615777,6.30337,0,21.615777,21.615777,0,S6_policy_acceptability_rule,0.0,S5 plus CPI/high-adjustment caps,0,0,0,0,0,179.931169,32375.225614,0,0,0,0,0.089675,0.013451
2017-03-15,2017-03-14,-85,-85,8045,7045,国内成品油价格按机制下调,https://www.ndrc.gov.cn/xwdt/ztzl/gncpyjg/201703/t20170314_1292942.html,-85,7545,1,down,85,2017-03,52.329,10,-1.163,-2.174157,53.138,10,-1.844,-3.353825,51.423,10,-2.201,-4.104505,52.2805,10,-1.9675,-3.626862,52.6235,10,-1.8741,-3.438867,0.9,7.6,51.8,55.1,54.7,3895,1535754.3,394.29,normal,1,0,0,0,-87.626732,-66.010954,-66.010954,0,-87.626732,-66.010954,-66.010954,0,-18.989046,S6_policy_acceptability_rule,-59.4098586,S5 plus CPI/high-adjustment caps,0,43.57446,0,3529.531299,-6.601095,173.330074,30043.314449,0,0.002359,0,0.011688,0.083216,0.014707
2017-03-29,2017-03-28,-230,-220,7815,6825,国内成品油价格按机制下调,https://www.ndrc.gov.cn/xwdt/ztzl/gncpyjg/201703/t20170328_1292943.html,-225,7320,1,down,225,2017-03,48.841,10,-3.488,-6.66552,50.2,10,-2.938,-5.529,47.564,10,-3.859,-7.504424,48.882,10,-3.3985,-6.500512,49.4092,10,-3.2143,-6.108108,0.9,7.6,51.8,55.1,54.7,3895,1535754.3,394.29,normal,1,0,0,0,-151.57975,-151.57975,-151.57975,0,-151.57975,-151.57975,-151.57975,0,-73.42025,S6_policy_acceptability_rule,-136.421775,S5 plus CPI/high-adjustment caps,0,229.764206,0,5930.835268,-15.157975,158.172099,25018.412807,0,0.012439,0,0.01964,0.069298,0.015829
2017-04-13,2017-04-12,200,190,8015,7015,国内成品油价格按机制上调,https://www.ndrc.gov.cn/xwdt/ztzl/gncpyjg/201704/t20170412_1292944.html,195,7515,1,up,195,2017-04,51.469,10,2.628,5.380725,53.172,10,2.972,5.920319,51.307,10,3.743,7.869397,52.2395,10,3.3575,6.868581,52.6125,10,3.2033,6.483206,1.2,6.4,51.2,54,53.9,3439,1306318.4,379.85,normal,1,0,0,0,154.661775,154.661775,154.661775,0,154.661775,154.661775,154.661775,0,40.338225,S6_policy_acceptability_rule,139.19559750000002,S5 plus CPI/high-adjustment caps,19375.414363,239.202646,24025.513811,75964.936024,15.466177,173.638276,30150.250962,0.065561,0.01295,0.067746,0.251561,0.083512,0.086178
2017-04-26,2017-04-26,0,0,8015,7015,4月26日国内成品油价格不作调整,https://www.ndrc.gov.cn/xwdt/ztzl/gncpyjg/201704/t20170426_1292945.html,0,7515,0,no_adjust,0,2017-04,51.698,10,0.229,0.444928,52.376,10,-0.796,-1.497029,51.328,10,0.021,0.04093,51.852,10,-0.3875,-0.741776,52.0616,10,-0.5509,-1.04709,1.2,6.4,51.2,54,53.9,3439,1306318.4,379.85,normal,1,0,0,0,-24.484936,0,-24.484936,-24.484936,-24.484936,0,-24.484936,-24.484936,0,S6_policy_acceptability_rule,0.0,S5 plus CPI/high-adjustment caps,0,0,0,19375.414363,0,173.638276,30150.250962,0,0,0,0.064162,0.083512,0.022151
2017-05-12,2017-05-11,-250,-235,7765,6780,国内成品油价格按机制下调,https://www.ndrc.gov.cn/xwdt/ztzl/gncpyjg/201705/t20170511_1292946.html,-242.5,7272.5,1,down,242.5,2017-05,48.005,10,-3.693,-7.14341,48.42,10,-3.956,-7.553078,47.39,10,-3.938,-7.672226,47.905,10,-3.947,-7.61205,48.111,10,-3.9506,-7.588318,1.5,5.5,51.2,54.5,54.1,3720,1413334.7,379.93,normal,1,0,0,0,-186.715258,-211.200194,-211.200194,0,-186.715258,-211.200194,-211.200194,0,-31.299806,S6_policy_acceptability_rule,-190.08017460000002,S5 plus CPI/high-adjustment caps,0,446.055219,0,36130.472776,-21.120019,152.518257,23261.818657,0,0.024149,0,0.119647,0.064432,0.032442
2017-05-26,2017-05-25,140,135,7905,6915,国内成品油价格按机制上调,https://www.ndrc.gov.cn/xwdt/ztzl/gncpyjg/201705/t20170525_1292947.html,137.5,7410,1,up,137.5,2017-05,50.138,10,2.133,4.443287,51.684,10,3.264,6.741016,49.478,10,2.088,4.405993,50.581,10,2.676,5.586056,51.0222,10,2.9112,6.051007,1.5,5.5,51.2,54.5,54.1,3720,1413334.7,379.93,normal,1,0,0,0,140.723052,140.723052,140.723052,0,140.723052,140.723052,140.723052,0,-3.223052,S6_policy_acceptability_rule,126.6507468,S5 plus CPI/high-adjustment caps,16040.411665,198.029774,20852.535164,100318.476571,14.072305,166.590562,27752.415347,0.054276,0.010721,0.058799,0.332208,0.07687,0.091775
2017-06-10,2017-06-09,-180,-175,7725,6740,国内成品油价格按机制下调,https://www.ndrc.gov.cn/xwdt/ztzl/gncpyjg/201706/t20170609_1292948.html,-177.5,7232.5,1,down,177.5,2017-06,48.032,10,-2.106,-4.200407,49.175,10,-2.509,-4.8545,47.908,10,-1.57,-3.173127,48.5415,10,-2.0395,-4.032146,48.7949,10,-2.2273,-4.365355,1.5,5.5,51.7,54.9,54.7,3611,1310854.3,363.02,normal,1,0,0,0,-104.481086,-104.481086,-104.481086,0,-104.481086,-104.481086,-104.481086,0,-73.018914,S6_policy_acceptability_rule,-94.03297740000001,S5 plus CPI/high-adjustment caps,0,109.162973,0,48701.306127,-10.448109,156.142453,24380.465754,0,0.00591,0,0.161276,0.067531,0.035503
2017-06-24,2017-06-23,-250,-240,7475,6500,国内成品油价格按机制下调,https://www.ndrc.gov.cn/xwdt/ztzl/gncpyjg/201706/t20170623_1292949.html,-245,6987.5,1,down,245,2017-06,44.564,10,-3.468,-7.220187,45.654,10,-3.521,-7.160142,44.491,10,-3.417,-7.13242,45.0725,10,-3.469,-7.146462,45.3051,10,-3.4898,-7.151977,1.5,5.5,51.7,54.9,54.7,3611,1310854.3,363.02,normal,1,0,0,0,-164.726338,-164.726338,-164.726338,0,-164.726338,-164.726338,-164.726338,0,-80.273662,S6_policy_acceptability_rule,-148.25370420000002,S5 plus CPI/high-adjustment caps,0,271.347664,0,2939.887215,-16.472634,139.66982,19507.658507,0,0.014691,0,0.009736,0.054034,0.012503
2017-07-07,2017-07-07,0,0,7475,6500,7月7日国内成品油价格不作调整,https://www.ndrc.gov.cn/xwdt/ztzl/gncpyjg/201707/t20170707_1292950.html,0,6987.5,0,no_adjust,0,2017-07,45.416,10,0.852,1.911857,46.934,10,1.28,2.803697,44.163,10,-0.328,-0.737228,45.0885,10,0.016,0.035498,45.4587,10,0.1536,0.339035,1.4,5.5,51.4,54.5,54.1,3474,1186558.3,341.55,normal,1,0,0,0,9.133107,0,9.133107,9.133107,9.133107,0,9.133107,9.133107,0,S6_policy_acceptability_rule,0.0,S5 plus CPI/high-adjustment caps,0,0,0,21979.160809,0,139.66982,19507.658507,0,0,0,0.072785,0.054034,0.019023
2017-07-22,2017-07-21,75,75,7550,6575,国内成品油价格按机制上调,https://www.ndrc.gov.cn/xwdt/ztzl/gncpyjg/201707/t20170721_1292951.html,75,7062.5,1,up,75,2017-07,46.033,10,0.617,1.358552,47.445,10,0.511,1.088763,45.803,10,1.64,3.713516,46.624,10,1.5355,3.405525,46.9524,10,1.4937,3.28584,1.4,5.5,51.4,54.5,54.1,3474,1186558.3,341.55,normal,1,0,0,0,73.081354,82.214461,82.214461,0,73.081354,82.214461,82.214461,0,-7.214461,S6_policy_acceptability_rule,73.9930149,S5 plus CPI/high-adjustment caps,5474.966254,67.592176,7007.956805,5474.966254,8.221446,147.891266,21871.82647,0.018526,0.003659,0.019761,0.018131,0.060582,0.02211
2017-08-05,2017-08-04,175,165,7725,6740,国内成品油价格按机制上调,https://www.ndrc.gov.cn/xwdt/ztzl/gncpyjg/201708/t20170804_1292952.html,170,7232.5,1,up,170,2017-08,48.655,10,2.622,5.695914,50.495,10,3.05,6.428496,48.514,10,2.711,5.918826,49.5045,10,2.8805,6.178149,49.9007,10,2.9483,6.279338,1.8,6.3,51.7,53.4,53.7,3398,1176655.2,346.28,normal,1,0,0,0,142.493427,142.493427,142.493427,0,142.493427,142.493427,142.493427,0,27.506573,S6_policy_acceptability_rule,128.2440843,S5 plus CPI/high-adjustment caps,16446.545158,203.043767,22367.301415,2943.178531,14.249343,162.140608,26289.576892,0.05565,0.010993,0.06307,0.009746,0.072818,0.044263
2017-08-18,2017-08-18,0,0,7725,6740,8月18日国内成品油价格不作调整,https://www.ndrc.gov.cn/xwdt/ztzl/gncpyjg/201708/t20170818_1292953.html,0,7232.5,0,no_adjust,0,2017-08,49.574,10,0.919,1.888809,51.425,10,0.93,1.841767,48.398,10,-0.116,-0.239106,49.9115,10,0.407,0.822147,50.5169,10,0.6162,1.234852,1.8,6.3,51.7,53.4,53.7,3398,1176655.2,346.28,normal,1,0,0,0,31.207922,0,31.207922,31.207922,31.207922,0,31.207922,31.207922,0,S6_policy_acceptability_rule,0.0,S5 plus CPI/high-adjustment caps,0,0,0,16446.545158,0,162.140608,26289.576892,0,0,0,0.054463,0.072818,0.019092
2017-09-01,2017-09-01,0,0,7725,6740,9月1日国内成品油价格不作调整,https://www.ndrc.gov.cn/xwdt/ztzl/gncpyjg/201709/t20170901_1292954.html,0,7232.5,0,no_adjust,0,2017-09,49.548,10,-0.026,-0.052447,51.921,10,0.496,0.964511,47.305,10,-1.093,-2.258358,49.613,10,-0.2985,-0.598059,50.5362,10,0.0193,0.038205,1.6,6.9,52.4,55.4,55.1,3701,1360255.4,367.54,normal,1,0,0,0,2.724444,0,33.932365,33.932365,2.724444,0,33.932365,33.932365,0,S6_policy_acceptability_rule,0.0,S5 plus CPI/high-adjustment caps,0,0,0,0,0,162.140608,26289.576892,0,0,0,0,0.072818,0.010923
2017-09-16,2017-09-15,95,95,7820,6835,国内成品油价格按机制上调,https://www.ndrc.gov.cn/xwdt/ztzl/gncpyjg/201709/t20170915_1292955.html,95,7327.5,1,up,95,2017-09,51.853,10,2.305,4.652055,54.411,10,2.49,4.795747,48.431,10,1.126,2.380298,51.4255,10,1.8125,3.653276,52.6233,10,2.0871,4.129911,1.6,6.9,52.4,55.4,55.1,3701,1360255.4,367.54,normal,1,0,0,0,101.397815,135.33018,135.33018,0,101.397815,135.33018,135.33018,0,-40.33018,S6_policy_acceptability_rule,121.79716200000001,S5 plus CPI/high-adjustment caps,14834.548671,183.142576,19581.604246,14834.548671,13.533018,175.673626,30861.223013,0.050196,0.009915,0.055215,0.049125,0.085481,0.048527
2017-09-30,2017-09-29,210,195,8030,7030,国内成品油价格按机制上调,https://www.ndrc.gov.cn/xwdt/ztzl/gncpyjg/201709/t20170929_1292956.html,202.5,7530,1,up,202.5,2017-09,54.843,10,2.99,5.766301,57.808,10,3.397,6.243223,50.772,10,2.341,4.833681,54.29,10,2.8645,5.570194,55.6972,10,3.0739,5.841329,1.6,6.9,52.4,55.4,55.1,3701,1360255.4,367.54,normal,1,0,0,0,148.486935,148.486935,148.486935,0,148.486935,148.486935,148.486935,0,54.013065,S6_policy_acceptability_rule,133.6382415,S5 plus CPI/high-adjustment caps,17859.179591,220.483699,23574.11706,140.211164,14.848693,190.52232,36298.75438,0.06043,0.011937,0.066473,0.000464,0.100543,0.049264
2017-10-19,2017-10-19,0,0,8030,7030,10月19日国内成品油价格不作调整,https://www.ndrc.gov.cn/xwdt/ztzl/gncpyjg/201710/t20171019_1292957.html,0,7530,0,no_adjust,0,2017-10,54.881,10,0.038,0.069289,56.679,10,-1.129,-1.953017,50.976,10,0.204,0.401796,53.8275,10,-0.4625,-0.851906,54.9681,10,-0.7291,-1.309042,1.9,6.9,51.6,54.3,53.9,3103,1213554.1,391.09,normal,1,0,0,0,-32.988464,0,-32.988464,-32.988464,-32.988464,0,-32.988464,-32.988464,0,S6_policy_acceptability_rule,0.0,S5 plus CPI/high-adjustment caps,0,0,0,17859.179591,0,190.52232,36298.75438,0,0,0,0.059141,0.100543,0.023953
2017-11-03,2017-11-02,150,150,8180,7180,国内成品油价格按机制上调,https://www.ndrc.gov.cn/xwdt/ztzl/gncpyjg/201711/t20171102_1292958.html,150,7680,1,up,150,2017-11,56.863,10,1.982,3.61145,59.157,10,2.478,4.37199,52.824,10,1.848,3.625235,55.9905,10,2.163,4.018392,57.2571,10,2.289,4.164233,1.7,5.8,51.8,54.8,54.6,3704,1413334.7,381.57,normal,1,0,0,0,111.032283,78.043819,78.043819,0,111.032283,78.043819,78.043819,0,71.956181,S6_policy_acceptability_rule,70.2394371,S5 plus CPI/high-adjustment caps,4933.578524,60.908377,6610.995222,4933.578524,7.804382,198.326702,39333.480647,0.016694,0.003298,0.018641,0.016338,0.108948,0.028286
2017-11-17,2017-11-16,265,250,8445,7430,国内成品油价格按机制上调,https://www.ndrc.gov.cn/xwdt/ztzl/gncpyjg/201711/t20171116_1292959.html,257.5,7937.5,1,up,257.5,2017-11,60.746,10,3.883,6.828694,62.874,10,3.717,6.28328,56.316,10,3.492,6.610632,59.595,10,3.6045,6.437699,60.9066,10,3.6495,6.373882,1.7,5.8,51.8,54.8,54.6,3704,1413334.7,381.57,normal,1,0,0,0,175.953998,175.953998,175.953998,0,175.953998,175.953998,175.953998,0,81.546002,S6_policy_acceptability_rule,158.35859820000002,S5 plus CPI/high-adjustment caps,25077.445624,309.598094,33603.777136,7764.986553,17.5954,215.922102,46622.353959,0.084855,0.016761,0.094754,0.025714,0.129137,0.071482
2017-11-30,2017-11-30,0,0,8445,7430,11月30日国内成品油价格不作调整,https://www.ndrc.gov.cn/xwdt/ztzl/gncpyjg/201711/t20171130_1292960.html,0,7937.5,0,no_adjust,0,2017-11,60.853,10,0.107,0.176143,62.646,10,-0.228,-0.36263,56.981,10,0.665,1.180837,59.7125,10,0.1175,0.197164,60.8051,10,-0.1015,-0.166649,1.7,5.8,51.8,54.8,54.6,3704,1413334.7,381.57,normal,1,0,0,0,-3.040013,0,-3.040013,-3.040013,-3.040013,0,-3.040013,-3.040013,0,S6_policy_acceptability_rule,0.0,S5 plus CPI/high-adjustment caps,0,0,0,25077.445624,0,215.922102,46622.353959,0,0,0,0.083045,0.129137,0.031827
2017-12-14,2017-12-14,0,0,8445,7430,12月14日国内成品油价格不作调整,https://www.ndrc.gov.cn/xwdt/ztzl/gncpyjg/201712/t20171214_1292961.html,0,7937.5,0,no_adjust,0,2017-12,61.316,10,0.463,0.76085,63.772,10,1.126,1.797401,57.188,10,0.207,0.363279,60.48,10,0.7675,1.285326,61.7968,10,0.9917,1.630949,1.8,4.9,51.6,55,54.6,3370,1492760.9,442.96,normal,1,0,0,0,49.12641,0,46.086398,46.086398,49.12641,0,46.086398,46.086398,0,S6_policy_acceptability_rule,0.0,S5 plus CPI/high-adjustment caps,0,0,0,0,0,215.922102,46622.353959,0,0,0,0,0.129137,0.019371
2017-12-29,2017-12-28,70,70,8515,7500,国内成品油价格按机制上调,https://www.ndrc.gov.cn/xwdt/ztzl/gncpyjg/201712/t20171228_1292962.html,70,8007.5,1,up,70,2017-12,62.2,10,0.884,1.441712,64.4,10,0.628,0.984758,57.944,10,0.756,1.321956,61.0505,10,0.5705,0.943287,62.3903,10,0.5935,0.960406,1.8,4.9,51.6,55,54.6,3370,1492760.9,442.96,normal,1,0,0,0,30.1247,76.211098,76.211098,0,30.1247,76.211098,76.211098,0,-6.211098,S6_policy_acceptability_rule,68.58998820000001,S5 plus CPI/high-adjustment caps,4704.586481,58.081315,6398.237615,4704.586481,7.62111,223.543211,49971.567363,0.015919,0.003144,0.018041,0.015579,0.138414,0.032218
2018-01-13,2018-01-12,180,175,8695,7675,国内成品油价格按机制上调,https://www.ndrc.gov.cn/xwdt/ztzl/gncpyjg/201801/t20180112_1292963.html,177.5,8185,1,up,177.5,2018-01,65.746,10,3.546,5.700965,68.248,10,3.848,5.975155,61.781,10,3.837,6.621911,65.0145,10,3.964,6.492985,66.3079,10,3.9176,6.279181,1.5,4.3,51.3,55.3,54.6,4064,1876820,461.82,normal,1,0,0,0,188.747464,188.747464,188.747464,0,188.747464,188.747464,188.747464,0,-11.247464,S6_policy_acceptability_rule,169.87271760000002,S5 plus CPI/high-adjustment caps,28856.740185,356.256052,37513.76224,10258.191275,18.874746,242.417958,58766.466264,0.097643,0.019287,0.105779,0.03397,0.162775,0.084225
2018-01-27,2018-01-26,65,60,8760,7735,国内成品油价格按机制上调,https://www.ndrc.gov.cn/xwdt/ztzl/gncpyjg/201801/t20180126_1292964.html,62.5,8247.5,1,up,62.5,2018-01,67.352,10,1.606,2.442734,69.67,10,1.422,2.083578,64.253,10,2.472,4.00123,66.964,10,1.9495,2.998562,68.0484,10,1.7405,2.624876,1.5,4.3,51.3,55.3,54.6,4064,1876820,461.82,normal,1,0,0,0,84.858406,84.858406,84.858406,0,84.858406,84.858406,84.858406,0,-22.358406,S6_policy_acceptability_rule,76.3725654,S5 plus CPI/high-adjustment caps,5832.768746,72.009491,7582.59937,8742.278461,8.485841,250.903798,62952.716052,0.019736,0.003899,0.021381,0.02895,0.17437,0.041557
2018-02-10,2018-02-09,-170,-160,8590,7575,国内成品油价格按机制下调,https://www.ndrc.gov.cn/xwdt/ztzl/gncpyjg/201802/t20180209_1292965.html,-165,8082.5,1,down,165,2018-02,66.015,10,-1.337,-1.985093,67.454,10,-2.216,-3.180709,64.373,10,0.12,0.186762,65.9135,10,-1.0505,-1.568753,66.5297,10,-1.5187,-2.231794,2.9,3.7,50.3,54.4,52.9,3226,1579220,489.53,normal,1,0,0,0,-70.667395,-70.667395,-70.667395,0,-70.667395,-70.667395,-70.667395,0,-94.332605,S6_policy_acceptability_rule,-63.6006555,S5 plus CPI/high-adjustment caps,0,49.938807,0,19592.502569,-7.066739,243.837059,59456.511293,0,0.002704,0,0.064881,0.164686,0.034976
2018-03-01,2018-02-28,-190,-185,8400,7390,国内成品油价格按机制下调,https://www.ndrc.gov.cn/xwdt/ztzl/gncpyjg/201802/t20180228_1292966.html,-187.5,7895,1,down,187.5,2018-03,63.072,10,-2.943,-4.458078,65.26,10,-2.194,-3.252587,62.003,10,-2.37,-3.681668,63.481,10,-2.4325,-3.690443,64.0722,10,-2.4575,-3.693839,2.1,3.1,51.5,54.6,54,3917,1829280,467.01,normal,1,0,0,0,-115.466003,-115.466003,-115.466003,0,-115.466003,-115.466003,-115.466003,0,-72.033997,S6_policy_acceptability_rule,-103.9194027,S5 plus CPI/high-adjustment caps,0,133.323978,0,1625.601376,-11.5466,232.290459,53958.857157,0,0.007218,0,0.005383,0.149459,0.02467
2018-03-14,2018-03-14,0,0,8400,7390,3月14日国内成品油价格不作调整,https://www.ndrc.gov.cn/xwdt/ztzl/gncpyjg/201803/t20180314_1292967.html,0,7895,0,no_adjust,0,2018-03,62.498,10,-0.574,-0.910071,64.89,10,-0.37,-0.566963,61.391,10,-0.612,-0.987049,63.1405,10,-0.3405,-0.536381,63.8403,10,-0.2319,-0.361935,2.1,3.1,51.5,54.6,54,3917,1829280,467.01,normal,1,0,0,0,-9.262572,0,-9.262572,-9.262572,-9.262572,0,-9.262572,-9.262572,0,S6_policy_acceptability_rule,0.0,S5 plus CPI/high-adjustment caps,0,0,0,10799.242258,0,232.290459,53958.857157,0,0,0,0.035762,0.149459,0.027783
2018-03-29,2018-03-28,170,165,8570,7555,国内成品油价格按机制上调,https://www.ndrc.gov.cn/xwdt/ztzl/gncpyjg/201803/t20180328_1292968.html,167.5,8062.5,1,up,167.5,2018-03,64.597,10,2.099,3.358507,66.638,10,1.748,2.693789,63.557,10,2.166,3.528204,65.0975,10,1.957,3.099437,65.7137,10,1.8734,2.93451,2.1,3.1,51.5,54.6,54,3917,1829280,467.01,normal,1,0,0,0,91.200262,81.937691,81.937691,0,91.200262,81.937691,81.937691,0,85.562309,S6_policy_acceptability_rule,73.7439219,S5 plus CPI/high-adjustment caps,5438.166017,67.137852,7722.195744,5438.166017,8.193769,240.484228,57832.663772,0.018401,0.003635,0.021775,0.018009,0.160188,0.0375
2018-04-13,2018-04-12,55,50,8625,7605,国内成品油价格按机制上调,https://www.ndrc.gov.cn/xwdt/ztzl/gncpyjg/201804/t20180412_1292969.html,52.5,8115,1,up,52.5,2018-04,65.776,10,1.179,1.825162,68.549,10,1.911,2.867733,64.023,10,0.466,0.7332,66.394,10,1.2965,1.991628,67.256,10,1.5423,2.346999,1.8,3.4,51.4,54.8,54.1,3946,1867060,473.15,normal,1,0,0,0,75.400498,75.400498,75.400498,0,75.400498,75.400498,75.400498,0,-22.900498,S6_policy_acceptability_rule,67.86044820000001,S5 plus CPI/high-adjustment caps,4605.04043,56.852351,6262.854985,34.615263,7.54005,248.024278,61516.042229,0.015582,0.003078,0.01766,0.000115,0.170391,0.034502
2018-04-27,2018-04-26,255,245,8880,7850,国内成品油价格按机制上调,https://www.ndrc.gov.cn/xwdt/ztzl/gncpyjg/201804/t20180426_1292970.html,250,8365,1,up,250,2018-04,69.788,10,4.012,6.099489,73.577,10,5.028,7.334899,67.542,10,3.519,5.496462,70.5595,10,4.1655,6.27391,71.7665,10,4.5105,6.706465,1.8,3.4,51.4,54.8,54.1,3946,1867060,473.15,normal,1,0,0,0,217.040066,217.040066,217.040066,0,217.040066,217.040066,217.040066,0,32.959934,S6_policy_acceptability_rule,195.3360594,S5 plus CPI/high-adjustment caps,38156.176102,471.063902,51892.399499,16250.031451,21.704007,269.728284,72753.347244,0.129109,0.025503,0.146324,0.053813,0.201517,0.112258
2018-05-01,2018-04-29,-75,-65,8805,7785,国内成品油价格因增值税税率调整相应下调,https://www.ndrc.gov.cn/xwdt/ztzl/gncpyjg/201804/t20180429_1292971.html,-70,8295,1,down,70,2018-05,70.209,10,0.421,0.603256,74.187,10,0.61,0.829063,67.729,10,0.187,0.276865,70.958,10,0.3985,0.564772,72.2496,10,0.4831,0.673155,1.8,4.1,51.9,54.9,54.6,3905,1996370,511.23,normal,1,0,0,0,24.856521,0,24.856521,24.856521,24.856521,0,24.856521,24.856521,-70,S6_policy_acceptability_rule,0.0,S5 plus CPI/high-adjustment caps,0,0,0,38156.176102,0,269.728284,72753.347244,0,0,0,0.126356,0.201517,0.049181
2018-05-12,2018-05-11,170,165,8975,7950,国内成品油价格按机制上调,https://www.ndrc.gov.cn/xwdt/ztzl/gncpyjg/201805/t20180511_1292972.html,167.5,8462.5,1,up,167.5,2018-05,71.785,10,1.576,2.244726,75.218,10,1.031,1.389731,69.211,10,1.482,2.188132,72.0865,10,1.1285,1.590377,73.3391,10,1.0895,1.507967,1.8,4.1,51.9,54.9,54.6,3905,1996370,511.23,normal,1,0,0,0,53.793329,78.649851,78.649851,0,53.793329,78.649851,78.649851,0,88.850149,S6_policy_acceptability_rule,70.7848659,S5 plus CPI/high-adjustment caps,5010.49724,61.857991,6814.276247,5010.49724,7.864985,277.593269,77058.023105,0.016954,0.003349,0.019215,0.016592,0.21344,0.044217
2018-05-26,2018-05-25,260,250,9235,8200,国内成品油价格按机制上调,https://www.ndrc.gov.cn/xwdt/ztzl/gncpyjg/201805/t20180525_1292973.html,255,8717.5,1,up,255,2018-05,75.895,10,4.11,5.72543,78.749,10,3.531,4.694355,71.414,10,2.203,3.18302,75.0815,10,2.995,4.154731,76.5485,10,3.2094,4.37611,1.8,4.1,51.9,54.9,54.6,3905,1996370,511.23,normal,1,0,0,0,154.952861,154.952861,154.952861,0,154.952861,154.952861,154.952861,0,100.047139,S6_policy_acceptability_rule,139.45757490000003,S5 plus CPI/high-adjustment caps,19448.415197,240.103891,26449.844668,4715.940961,15.495286,293.088555,85900.901248,0.065808,0.012999,0.074582,0.015617,0.237934,0.07573
2018-06-09,2018-06-08,-130,-125,9105,8075,国内成品油价格按机制下调,https://www.ndrc.gov.cn/xwdt/ztzl/gncpyjg/201806/t20180608_1292974.html,-127.5,8590,1,down,127.5,2018-06,73.738,10,-2.157,-2.842084,75.167,10,-3.582,-4.548629,66.75,10,-4.664,-6.530932,70.9585,10,-4.123,-5.491366,72.6419,10,-3.9066,-5.103431,1.9,4.7,51.5,55,54.4,3435,1863780,542.59,normal,1,0,0,0,-184.615621,-184.615621,-184.615621,0,-184.615621,-184.615621,-184.615621,0,57.115621,S6_policy_acceptability_rule,-166.1540589,S5 plus CPI/high-adjustment caps,0,340.829275,0,93398.470714,-18.461562,274.626993,75419.985394,0,0.018452,0,0.309292,0.208903,0.08142
2018-06-26,2018-06-25,-55,-55,9050,8020,国内成品油价格按机制下调,https://www.ndrc.gov.cn/xwdt/ztzl/gncpyjg/201806/t20180625_1292975.html,-55,8535,1,down,55,2018-06,72.638,10,-1.1,-1.491768,74.188,10,-0.979,-1.302433,66.265,10,-0.485,-0.726592,70.2265,10,-0.732,-1.031589,71.8111,10,-0.8308,-1.143693,1.9,4.7,51.5,55,54.4,3435,1863780,542.59,normal,1,0,0,0,-37.841487,0,-37.841487,-37.841487,-37.841487,0,-37.841487,-37.841487,-55,S6_policy_acceptability_rule,0.0,S5 plus CPI/high-adjustment caps,0,0,0,27607.171289,0,274.626993,75419.985394,0,0,0,0.091422,0.208903,0.045049
2018-07-10,2018-07-09,270,260,9320,8280,国内成品油价格按机制上调,https://www.ndrc.gov.cn/xwdt/ztzl/gncpyjg/201807/t20180709_1292976.html,265,8800,1,up,265,2018-07,74.536,10,1.898,2.612957,75.783,10,1.595,2.149943,73.406,10,7.141,10.776428,74.4285,10,4.202,5.983496,74.8375,10,3.0264,4.21439,2.1,4.6,51.2,54,53.6,3602,1934240,536.99,normal,1,0,0,0,146.220282,108.378795,108.378795,0,146.220282,108.378795,108.378795,0,156.621205,S6_policy_acceptability_rule,97.5409155,S5 plus CPI/high-adjustment caps,9514.230197,117.459632,13510.206879,9514.230197,10.837879,285.464873,81490.193546,0.032193,0.006359,0.038095,0.031507,0.225717,0.057427
2018-07-24,2018-07-23,-125,-120,9195,8160,国内成品油价格按机制下调,https://www.ndrc.gov.cn/xwdt/ztzl/gncpyjg/201807/t20180723_1292977.html,-122.5,8677.5,1,down,122.5,2018-07,72.501,10,-2.035,-2.730224,73.28,10,-2.503,-3.302852,70.458,10,-2.948,-4.01602,71.869,10,-2.5595,-3.438871,72.4334,10,-2.4041,-3.212427,2.1,4.6,51.2,54,53.6,3602,1934240,536.99,normal,1,0,0,0,-112.917807,-112.917807,-112.917807,0,-112.917807,-112.917807,-112.917807,0,-9.582193,S6_policy_acceptability_rule,-101.62602629999999,S5 plus CPI/high-adjustment caps,0,127.504311,0,39667.470706,-11.291781,274.173092,75170.884377,0,0.006903,0,0.13136,0.208213,0.052317
2018-08-07,2018-08-06,70,70,9265,8230,国内成品油价格按机制上调,https://www.ndrc.gov.cn/xwdt/ztzl/gncpyjg/201808/t20180806_1292978.html,70,8747.5,1,up,70,2018-08,72.669,10,0.168,0.231721,73.686,10,0.406,0.554039,69.736,10,-0.722,-1.024724,71.711,10,-0.158,-0.219844,72.501,10,0.0676,0.093327,2.3,4.1,51.3,54.2,53.8,3838,2051910,534.63,normal,1,0,0,0,5.029272,0,5.029272,5.029272,5.029272,0,5.029272,5.029272,70,S6_policy_acceptability_rule,0.0,S5 plus CPI/high-adjustment caps,0,0,0,10327.849222,0,274.173092,75170.884377,0,0,0,0.034201,0.208213,0.036362
2018-08-21,2018-08-20,-50,-50,9215,8180,国内成品油价格按机制下调,https://www.ndrc.gov.cn/xwdt/ztzl/gncpyjg/201808/t20180820_1292979.html,-50,8697.5,1,down,50,2018-08,71.121,10,-1.548,-2.130207,70.62,10,-3.066,-4.160899,67.025,10,-2.711,-3.887519,68.8225,10,-2.8885,-4.027973,69.5415,10,-2.9595,-4.082013,2.3,4.1,51.3,54.2,53.8,3838,2051910,534.63,normal,1,0,0,0,-139.420946,-134.391674,-134.391674,0,-139.420946,-134.391674,-134.391674,0,84.391674,S6_policy_acceptability_rule,-120.95250659999999,S5 plus CPI/high-adjustment caps,0,180.61122,0,14629.508853,-13.439167,260.733925,67982.179437,0,0.009778,0,0.048446,0.188301,0.037468
2018-09-04,2018-09-03,180,170,9395,8350,国内成品油价格按机制上调,https://www.ndrc.gov.cn/xwdt/ztzl/gncpyjg/201809/t20180903_1292980.html,175,8872.5,1,up,175,2018-09,73.521,10,2.4,3.374531,74.424,10,3.804,5.386576,68.879,10,1.854,2.766132,71.6515,10,2.829,4.110574,72.7605,10,3.219,4.628891,2.5,3.6,50.8,54.9,54.1,3721,1994450,536,normal,1,0,0,0,155.410963,155.410963,155.410963,0,155.410963,155.410963,155.410963,0,19.589037,S6_policy_acceptability_rule,139.86986670000002,S5 plus CPI/high-adjustment caps,19563.579611,241.525674,29345.369416,68028.310414,15.541096,276.275021,76327.887173,0.066197,0.013076,0.082747,0.225278,0.211418,0.105356
2018-09-18,2018-09-17,145,145,9540,8495,国内成品油价格按机制上调,https://www.ndrc.gov.cn/xwdt/ztzl/gncpyjg/201809/t20180917_1292981.html,145,9017.5,1,up,145,2018-09,75.684,10,2.163,2.942017,77.376,10,2.952,3.966462,68.868,10,-0.011,-0.01597,73.0785,10,1.427,1.991584,74.7627,10,2.0022,2.751768,2.5,3.6,50.8,54.9,54.1,3721,1994450,536,normal,1,0,0,0,97.346471,97.346471,97.346471,0,97.346471,97.346471,97.346471,0,47.653529,S6_policy_acceptability_rule,87.61182389999999,S5 plus CPI/high-adjustment caps,7675.831687,94.763354,11513.747531,2730.903037,9.734647,286.009668,81801.530189,0.025973,0.00513,0.032466,0.009043,0.226579,0.050979
2018-10-01,2018-09-30,240,230,9780,8725,国内成品油价格按机制上调,https://www.ndrc.gov.cn/xwdt/ztzl/gncpyjg/201809/t20180930_1292982.html,235,9252.5,1,up,235,2018-10,78.674,10,2.99,3.950637,80.406,10,3.03,3.915943,71.557,10,2.689,3.904571,75.9815,10,2.903,3.972441,77.7513,10,2.9886,3.997448,2.5,3.3,50.2,53.9,53.1,4080,2293980,562.25,normal,1,0,0,0,144.416503,144.416503,144.416503,0,144.416503,144.416503,144.416503,0,90.583497,S6_policy_acceptability_rule,129.9748527,S5 plus CPI/high-adjustment caps,16893.462334,208.561263,25340.193502,1794.626209,14.44165,300.451318,90270.994668,0.057162,0.011291,0.071453,0.005943,0.250038,0.072809
2018-10-20,2018-10-19,165,160,9945,8885,国内成品油价格按机制上调,https://www.ndrc.gov.cn/xwdt/ztzl/gncpyjg/201810/t20181019_1292983.html,162.5,9415,1,up,162.5,2018-10,80.647,10,1.973,2.507817,82.203,10,1.797,2.234908,72.107,10,0.55,0.768618,77.155,10,1.1735,1.544455,79.1742,10,1.4229,1.830066,2.5,3.3,50.2,53.9,53.1,4080,2293980,562.25,normal,1,0,0,0,69.702848,69.702848,69.702848,0,69.702848,69.702848,69.702848,0,92.797152,S6_policy_acceptability_rule,62.7325632,S5 plus CPI/high-adjustment caps,3935.374486,48.58487,5903.061728,4521.525497,6.970285,307.421603,94508.042053,0.013316,0.00263,0.016645,0.014973,0.261774,0.049528
2018-11-03,2018-11-02,-375,-365,9570,8520,国内成品油价格按机制下调,https://www.ndrc.gov.cn/xwdt/ztzl/gncpyjg/201811/t20181102_1292984.html,-370,9045,1,down,370,2018-11,75.948,10,-4.699,-5.826627,77.087,10,-5.116,-6.223617,66.845,10,-5.262,-7.297488,71.966,10,-5.189,-6.725423,74.0144,10,-5.1598,-6.517022,2.2,2.7,50,53.4,52.8,4287,2415680,563.49,normal,1,0,0,0,-244.417086,-244.417086,-244.417086,0,-244.417086,-244.417086,-244.417086,0,-125.582914,S6_policy_acceptability_rule,-219.9753774,S5 plus CPI/high-adjustment caps,0,597.397119,0,79923.779678,-24.441709,282.979895,80077.620691,0,0.032343,0,0.26467,0.221804,0.07944
2018-11-17,2018-11-16,-510,-490,9060,8030,国内成品油价格按机制下调,https://www.ndrc.gov.cn/xwdt/ztzl/gncpyjg/201811/t20181116_1292985.html,-500,8545,1,down,500,2018-11,69.05,10,-6.898,-9.08253,68.858,10,-8.229,-10.674952,59.908,10,-6.937,-10.37774,64.383,10,-7.583,-10.53692,66.173,10,-7.8414,-10.594425,2.2,2.7,50,53.4,52.8,4287,2415680,563.49,normal,1,0,0,0,-372.380386,-372.380386,-372.380386,0,-372.380386,-372.380386,-372.380386,0,-127.619614,S6_policy_acceptability_rule,-297.9043088,S5 plus CPI/high-adjustment caps,0,5546.686075,0,6072.918349,-74.476077,208.503817,43473.841829,0,0.300293,0,0.020111,0.120417,0.081138
2018-12-01,2018-11-30,-540,-520,8520,7510,国内成品油价格按机制下调,https://www.ndrc.gov.cn/xwdt/ztzl/gncpyjg/201811/t20181130_1292986.html,-530,8015,1,down,530,2018-12,61.584,10,-7.466,-10.812455,60.692,10,-8.166,-11.859188,53.835,10,-6.073,-10.13721,57.848,10,-6.535,-10.150195,59.4532,10,-6.7198,-10.154897,1.9,0.9,49.4,53.8,52.6,4378,2130360,486.61,normal,1,0,0,0,-318.858743,-318.858743,-318.858743,0,-318.858743,-318.858743,-318.858743,0,-211.141257,S6_policy_acceptability_rule,-255.0869944,S5 plus CPI/high-adjustment caps,0,4066.83592,0,1833.322412,-63.771749,144.732069,20947.37171,0,0.220175,0,0.006071,0.058021,0.053649
2018-12-15,2018-12-14,-125,-120,8395,7390,国内成品油价格按机制下调,https://www.ndrc.gov.cn/xwdt/ztzl/gncpyjg/201812/t20181214_1292987.html,-122.5,7892.5,1,down,122.5,2018-12,59.422,10,-2.162,-3.510652,59.903,10,-0.789,-1.300007,52.036,10,-1.799,-3.341692,55.9695,10,-1.8785,-3.247303,57.5429,10,-1.9103,-3.213116,1.9,0.9,49.4,53.8,52.6,4378,2130360,486.61,normal,1,0,0,0,-89.35416,-89.35416,-89.35416,0,-89.35416,-89.35416,-89.35416,0,-33.14584,S6_policy_acceptability_rule,-80.41874399999999,S5 plus CPI/high-adjustment caps,0,79.841659,0,30508.997698,-8.935416,135.796653,18440.730885,0,0.004323,0,0.101032,0.051078,0.023681
2018-12-29,2018-12-28,-370,-355,8025,7035,国内成品油价格按机制下调,https://www.ndrc.gov.cn/xwdt/ztzl/gncpyjg/201812/t20181228_1292988.html,-362.5,7530,1,down,362.5,2018-12,55.541,10,-3.881,-6.531251,56.197,10,-3.706,-6.186668,48.041,10,-3.995,-7.677377,52.3995,10,-3.57,-6.378474,53.9185,10,-3.6244,-6.298605,1.9,0.9,49.4,53.8,52.6,4378,2130360,486.61,normal,1,0,0,0,-171.149316,-171.149316,-171.149316,0,-171.149316,-171.149316,-171.149316,0,-191.350684,S6_policy_acceptability_rule,-154.0343844,S5 plus CPI/high-adjustment caps,0,292.920884,0,5419.262512,-17.114932,118.681721,14085.350923,0,0.015858,0,0.017946,0.039014,0.011716
2019-01-15,2019-01-14,105,105,8130,7140,国内成品油价格按机制上调,https://www.ndrc.gov.cn/xwdt/ztzl/gncpyjg/201901/t20190114_1292989.html,105,7635,1,up,105,2019-01,55.429,10,-0.112,-0.201653,55.817,10,-0.38,-0.676193,48.452,10,0.411,0.855519,52.1345,10,-0.265,-0.50573,53.6075,10,-0.311,-0.576796,1.7,0.1,49.5,54.7,53.2,4260,1867880,438.47,normal,1,0,0,0,-13.037145,0,-13.037145,-13.037145,-13.037145,0,-13.037145,-13.037145,105,S6_policy_acceptability_rule,0.0,S5 plus CPI/high-adjustment caps,0,0,0,23726.591577,0,118.681721,14085.350923,0,0,0,0.078571,0.039014,0.017638
2019-01-29,2019-01-28,245,230,8375,7370,国内成品油价格按机制上调,https://www.ndrc.gov.cn/xwdt/ztzl/gncpyjg/201901/t20190128_1292990.html,237.5,7872.5,1,up,237.5,2019-01,60.047,10,4.618,8.331379,60.586,10,4.769,8.543992,52.256,10,3.804,7.851069,56.274,10,4.1395,7.94004,57.8812,10,4.2737,7.972205,1.7,0.1,49.5,54.7,53.2,4260,1867880,438.47,normal,1,0,0,0,205.740204,192.703059,192.703059,0,205.740204,192.703059,192.703059,0,44.796941,S6_policy_acceptability_rule,173.4327531,S5 plus CPI/high-adjustment caps,30078.919848,371.344689,40305.752596,30078.919848,19.270306,137.952027,19030.761753,0.101778,0.020104,0.113652,0.099607,0.052713,0.080726
2019-02-15,2019-02-14,50,50,8425,7420,国内成品油价格按机制上调,https://www.ndrc.gov.cn/xwdt/ztzl/gncpyjg/201902/t20190214_1292991.html,50,7922.5,1,up,50,2019-02,61.801,10,1.754,2.921045,62,10,1.414,2.333873,53.617,10,1.361,2.604486,57.8085,10,1.5345,2.726837,59.4851,10,1.6039,2.771021,1.5,0.1,49.2,54.3,52.4,3923,1723480,439.33,normal,1,0,0,0,78.339989,78.339989,78.339989,0,78.339989,78.339989,78.339989,0,-28.339989,S6_policy_acceptability_rule,70.5059901,S5 plus CPI/high-adjustment caps,4971.09464,61.371539,6462.423032,10593.918542,7.833999,145.786026,21253.565348,0.016821,0.003323,0.018222,0.035082,0.058869,0.023518
2019-03-01,2019-02-28,270,260,8695,7680,国内成品油价格按机制上调,https://www.ndrc.gov.cn/xwdt/ztzl/gncpyjg/201902/t20190228_1292992.html,265,8187.5,1,up,265,2019-03,65.441,10,3.64,5.889872,65.664,10,3.664,5.909677,55.844,10,2.227,4.153533,60.597,10,2.7885,4.823685,62.4982,10,3.0131,5.065302,2.3,0.4,50.5,54.8,54,3934,1856320,471.87,normal,1,0,0,0,145.585619,145.585619,145.585619,0,145.585619,145.585619,145.585619,0,119.414381,S6_policy_acceptability_rule,131.0270571,S5 plus CPI/high-adjustment caps,17168.089692,211.951725,25065.410951,3662.799551,14.558562,160.344588,25710.386837,0.058092,0.011475,0.070678,0.012129,0.071214,0.046989
2019-03-14,2019-03-14,0,0,8695,7680,3月14日国内成品油价格不作调整,https://www.ndrc.gov.cn/xwdt/ztzl/gncpyjg/201903/t20190314_1292993.html,0,8187.5,0,no_adjust,0,2019-03,65.474,10,0.033,0.050427,64.869,10,-0.795,-1.210709,56.666,10,0.822,1.471958,60.7675,10,0.1705,0.281367,62.4081,10,-0.0901,-0.144164,2.3,0.4,50.5,54.8,54,3934,1856320,471.87,normal,1,0,0,0,-2.496016,0,-2.496016,-2.496016,-2.496016,0,-2.496016,-2.496016,0,S6_policy_acceptability_rule,0.0,S5 plus CPI/high-adjustment caps,0,0,0,17168.089692,0,160.344588,25710.386837,0,0,0,0.056853,0.071214,0.01921
2019-03-29,2019-03-28,80,80,8775,7760,国内成品油价格按机制上调,https://www.ndrc.gov.cn/xwdt/ztzl/gncpyjg/201903/t20190328_1292994.html,80,8267.5,1,up,80,2019-03,67.068,10,1.594,2.434554,67.124,10,2.255,3.476237,59.225,10,2.559,4.515935,63.1745,10,2.407,3.960999,64.7543,10,2.3462,3.759448,2.3,0.4,50.5,54.8,54,3934,1856320,471.87,normal,1,0,0,0,113.761811,111.265795,111.265795,0,113.761811,111.265795,111.265795,0,-31.265795,S6_policy_acceptability_rule,100.1392155,S5 plus CPI/high-adjustment caps,10027.862481,123.800771,14640.679222,10027.862481,11.126579,171.471167,29402.361215,0.033931,0.006702,0.041283,0.033208,0.08144,0.037341
2019-04-01,2019-03-29,-225,-200,8550,7560,国内成品油价格因增值税税率调整相应下调,https://www.ndrc.gov.cn/xwdt/ztzl/gncpyjg/201903/t20190329_1292995.html,-212.5,8055,1,down,212.5,2019-04,66.977,10,-0.091,-0.135683,67.114,10,-0.01,-0.014898,59.295,10,0.07,0.118193,63.2045,10,0.03,0.047488,64.7683,10,0.014,0.02162,2.5,0.9,50.1,54.3,53.4,4373,2148650,491.34,normal,1,0,0,0,2.471533,0,2.471533,2.471533,2.471533,0,2.471533,2.471533,-212.5,S6_policy_acceptability_rule,0.0,S5 plus CPI/high-adjustment caps,0,0,0,10027.862481,0,171.471167,29402.361215,0,0,0,0.033208,0.08144,0.017197
2019-04-13,2019-04-12,155,150,8705,7710,国内成品油价格按机制上调,https://www.ndrc.gov.cn/xwdt/ztzl/gncpyjg/201904/t20190412_1292996.html,152.5,8207.5,1,up,152.5,2019-04,69.267,10,2.29,3.419084,70.07,10,2.956,4.404446,62.864,10,3.569,6.019057,66.467,10,3.2625,5.161816,67.9082,10,3.1399,4.847896,2.5,0.9,50.1,54.3,53.4,4373,2148650,491.34,normal,1,0,0,0,151.63639,154.107923,154.107923,0,151.63639,154.107923,154.107923,0,-1.607923,S6_policy_acceptability_rule,138.6971307,S5 plus CPI/high-adjustment caps,19236.894064,237.492519,28855.341097,19236.894064,15.410792,186.88196,34924.866824,0.065092,0.012858,0.081365,0.063704,0.096737,0.063252
2019-04-27,2019-04-26,195,185,8900,7895,国内成品油价格按机制上调,https://www.ndrc.gov.cn/xwdt/ztzl/gncpyjg/201904/t20190426_1292997.html,190,8397.5,1,up,190,2019-04,71.609,10,2.342,3.381119,71.999,10,1.929,2.752961,64.576,10,1.712,2.723339,68.2875,10,1.8205,2.738953,69.7721,10,1.8639,2.744735,2.5,0.9,50.1,54.3,53.4,4373,2148650,491.34,normal,1,0,0,0,90.746932,90.746932,90.746932,0,90.746932,90.746932,90.746932,0,99.253068,S6_policy_acceptability_rule,81.6722388,S5 plus CPI/high-adjustment caps,6670.354591,82.350057,10005.531886,3251.838296,9.074693,195.956653,38399.009777,0.02257,0.004458,0.028213,0.010769,0.10636,0.031157
2019-05-14,2019-05-13,-75,-75,8825,7820,国内成品油价格按机制下调,https://www.ndrc.gov.cn/xwdt/ztzl/gncpyjg/201905/t20190513_1292998.html,-75,8322.5,1,down,75,2019-05,70.745,10,-0.864,-1.206552,71.419,10,-0.58,-0.805567,62.357,10,-2.219,-3.436261,66.888,10,-1.3995,-2.049423,68.7004,10,-1.0717,-1.536001,2.7,0.6,49.4,54.3,53.3,4023,2107140,523.77,normal,1,0,0,0,-49.336997,0,-49.336997,-49.336997,-49.336997,0,-49.336997,-49.336997,-75,S6_policy_acceptability_rule,0.0,S5 plus CPI/high-adjustment caps,0,0,0,6670.354591,0,195.956653,38399.009777,0,0,0,0.022089,0.10636,0.019267
2019-05-28,2019-05-27,50,50,8875,7870,国内成品油价格按机制上调,https://www.ndrc.gov.cn/xwdt/ztzl/gncpyjg/201905/t20190527_1292999.html,50,8372.5,1,up,50,2019-05,70.948,10,0.203,0.286946,72.105,10,0.686,0.960529,61.413,10,-0.944,-1.513864,66.759,10,-0.129,-0.19286,68.8974,10,0.197,0.286752,2.7,0.6,49.4,54.3,53.3,4023,2107140,523.77,normal,1,0,0,0,11.204112,0,-38.132885,-38.132885,11.204112,0,-38.132885,-38.132885,50,S6_policy_acceptability_rule,0.0,S5 plus CPI/high-adjustment caps,0,0,0,0,0,195.956653,38399.009777,0,0,0,0,0.10636,0.015954
2019-06-12,2019-06-11,-465,-445,8410,7425,国内成品油价格按机制下调,https://www.ndrc.gov.cn/xwdt/ztzl/gncpyjg/201906/t20190611_1293000.html,-455,7917.5,1,down,455,2019-06,63.872,10,-7.076,-9.973502,65.72,10,-6.385,-8.855142,54.59,10,-6.823,-11.110026,60.155,10,-6.604,-9.892299,62.381,10,-6.5164,-9.458122,2.7,0,49.4,54.2,53,3958,2017356.1,509.69,normal,1,0,0,0,-309.152696,-347.285581,-347.285581,0,-309.152696,-347.285581,-347.285581,0,-107.714419,S6_policy_acceptability_rule,-277.8284648,S5 plus CPI/high-adjustment caps,0,4824.290991,0,77188.655853,-69.457116,126.499537,16002.13276,0,0.261183,0,0.255613,0.044324,0.097227
2019-06-26,2019-06-25,-120,-115,8290,7310,国内成品油价格按机制下调,https://www.ndrc.gov.cn/xwdt/ztzl/gncpyjg/201906/t20190625_1293001.html,-117.5,7800,1,down,117.5,2019-06,62.586,10,-1.286,-2.013402,63.698,10,-2.022,-3.076689,54.078,10,-0.512,-0.937901,58.888,10,-1.267,-2.106226,60.812,10,-1.569,-2.515189,2.7,0,49.4,54.2,53,3958,2017356.1,509.69,normal,1,0,0,0,-73.067661,-73.067661,-73.067661,0,-73.067661,-73.067661,-73.067661,0,-44.432339,S6_policy_acceptability_rule,-65.7608949,S5 plus CPI/high-adjustment caps,0,53.388831,0,44972.654203,-7.306766,119.192771,14206.916539,0,0.00289,0,0.148929,0.039351,0.02882
2019-07-10,2019-07-09,150,140,8440,7450,国内成品油价格按机制上调,https://www.ndrc.gov.cn/xwdt/ztzl/gncpyjg/201907/t20190709_1293002.html,145,7945,1,up,145,2019-07,64.565,10,1.979,3.162049,65.148,10,1.45,2.276367,57.858,10,3.78,6.989903,61.668,10,2.78,4.720826,63.192,10,2.38,3.913701,2.8,-0.3,49.7,53.7,53.1,4104,1960366.9,477.67,normal,1,0,0,0,115.374713,115.374713,115.374713,0,115.374713,115.374713,115.374713,0,29.625287,S6_policy_acceptability_rule,103.8372417,S5 plus CPI/high-adjustment caps,10782.172764,133.113244,16820.189512,28763.527938,11.537471,130.730242,17090.396121,0.036484,0.007207,0.047429,0.095251,0.047338,0.043808
2019-07-23,2019-07-23,0,0,8440,7450,7月23日国内成品油价格不作调整,https://www.ndrc.gov.cn/xwdt/ztzl/gncpyjg/201907/t20190723_1293003.html,0,7945,0,no_adjust,0,2019-07,65.32,10,0.755,1.169364,64.51,10,-0.638,-0.979309,57.738,10,-0.12,-0.207404,61.124,10,-0.544,-0.882143,62.4784,10,-0.7136,-1.129257,2.8,-0.3,49.7,53.7,53.1,4104,1960366.9,477.67,normal,1,0,0,0,-32.248819,0,-32.248819,-32.248819,-32.248819,0,-32.248819,-32.248819,0,S6_policy_acceptability_rule,0.0,S5 plus CPI/high-adjustment caps,0,0,0,10782.172764,0,130.730242,17090.396121,0,0,0,0.035706,0.047338,0.012457
2019-08-07,2019-08-06,-80,-70,8360,7380,国内成品油价格按机制下调,https://www.ndrc.gov.cn/xwdt/ztzl/gncpyjg/201908/t20190806_1293004.html,-75,7870,1,down,75,2019-08,63.634,10,-1.686,-2.581139,62.429,10,-2.081,-3.225856,56.176,10,-1.562,-2.705324,59.3025,10,-1.8215,-2.980008,60.5531,10,-1.9253,-3.081545,2.8,-0.8,49.5,53.8,53,4217,1979320.4,469.37,normal,1,0,0,0,-90.069945,-122.318764,-122.318764,0,-90.069945,-122.318764,-122.318764,0,47.318764,S6_policy_acceptability_rule,-110.0868876,S5 plus CPI/high-adjustment caps,0,149.6188,0,12119.122821,-12.231876,118.498365,14041.862602,0,0.0081,0,0.040133,0.038894,0.013474
2019-08-21,2019-08-20,-210,-205,8150,7175,国内成品油价格按机制下调,https://www.ndrc.gov.cn/xwdt/ztzl/gncpyjg/201908/t20190820_1293005.html,-207.5,7662.5,1,down,207.5,2019-08,58.687,10,-4.947,-7.774146,57.837,10,-4.592,-7.355556,54.452,10,-1.724,-3.068926,56.1445,10,-3.158,-5.325239,56.8215,10,-3.7316,-6.162525,2.8,-0.8,49.5,53.8,53,4217,1979320.4,469.37,normal,1,0,0,0,-176.264794,-176.264794,-176.264794,0,-176.264794,-176.264794,-176.264794,0,-31.235206,S6_policy_acceptability_rule,-158.6383146,S5 plus CPI/high-adjustment caps,0,310.692776,0,2357.241064,-17.626479,100.871886,10175.137385,0,0.016821,0,0.007806,0.028184,0.008763
2019-09-04,2019-09-03,115,105,8265,7280,国内成品油价格按机制上调,https://www.ndrc.gov.cn/xwdt/ztzl/gncpyjg/201909/t20190903_1293006.html,110,7772.5,1,up,110,2019-09,59.82,10,1.133,1.930581,59.576,10,1.739,3.006726,55.351,10,0.899,1.650995,57.5255,10,1.381,2.459724,58.3953,10,1.5738,2.769726,3,-1.2,49.8,53.7,53.1,4124,1854637.8,449.72,normal,1,0,0,0,76.903647,76.903647,76.903647,0,76.903647,76.903647,76.903647,0,33.096353,S6_policy_acceptability_rule,69.2132823,S5 plus CPI/high-adjustment caps,4790.478447,59.141709,7664.765515,51916.35021,7.690365,108.562251,11785.762277,0.01621,0.003202,0.021613,0.171923,0.032645,0.040781
2019-09-19,2019-09-18,125,125,8390,7405,国内成品油价格按机制上调,https://www.ndrc.gov.cn/xwdt/ztzl/gncpyjg/201909/t20190918_1293007.html,125,7897.5,1,up,125,2019-09,62.196,10,2.376,3.971916,63.236,10,3.66,6.143413,57.216,10,1.865,3.369406,60.226,10,2.7005,4.69444,61.43,10,3.0347,5.196822,3,-1.2,49.8,53.7,53.1,4124,1854637.8,449.72,normal,1,0,0,0,146.61635,146.61635,146.61635,0,146.61635,146.61635,146.61635,0,-21.61635,S6_policy_acceptability_rule,131.95471500000002,S5 plus CPI/high-adjustment caps,17412.046811,214.963541,27859.274897,3936.487377,14.661635,123.223886,15184.126007,0.058917,0.011638,0.078556,0.013036,0.042058,0.04496
2019-10-08,2019-10-08,0,0,8390,7405,10月8日国内成品油价格不作调整,https://www.ndrc.gov.cn/xwdt/ztzl/gncpyjg/201910/t20191008_1293008.html,0,7897.5,0,no_adjust,0,2019-10,60.635,10,-1.561,-2.509808,60.667,10,-2.569,-4.062559,54.416,10,-2.8,-4.893736,57.5415,10,-2.6845,-4.457377,58.7917,10,-2.6383,-4.294807,3.8,-1.6,49.3,52.8,52,4551,2073141.2,455.54,normal,1,0,0,0,-124.0936,-124.0936,-124.0936,0,-124.0936,-124.0936,-124.0936,0,124.0936,S6_policy_acceptability_rule,-111.68424,S5 plus CPI/high-adjustment caps,0,153.992216,0,59359.940393,-12.40936,110.814526,12279.859106,0,0.008337,0,0.196573,0.034014,0.036255
2019-10-22,2019-10-21,-150,-145,8240,7260,国内成品油价格按机制下调,https://www.ndrc.gov.cn/xwdt/ztzl/gncpyjg/201910/t20191021_1293009.html,-147.5,7750,1,down,147.5,2019-10,59.452,10,-1.183,-1.951018,59.358,10,-1.309,-2.15768,53.38,10,-1.036,-1.903852,56.369,10,-1.1725,-2.03766,57.5646,10,-1.2271,-2.087199,3.8,-1.6,49.3,52.8,52,4551,2073141.2,455.54,normal,1,0,0,0,-56.752531,-56.752531,-56.752531,0,-56.752531,-56.752531,-56.752531,0,-90.747469,S6_policy_acceptability_rule,-51.0772779,S5 plus CPI/high-adjustment caps,0,32.208498,0,3673.203855,-5.675253,105.139273,11054.266643,0,0.001744,0,0.012164,0.030619,0.006766
2019-11-05,2019-11-04,105,105,8345,7365,国内成品油价格按机制上调,https://www.ndrc.gov.cn/xwdt/ztzl/gncpyjg/201911/t20191104_1293010.html,105,7855,1,up,105,2019-11,60.853,10,1.401,2.356523,60.487,10,1.129,1.902018,55.187,10,1.807,3.385163,57.837,10,1.468,2.604268,58.897,10,1.3324,2.314617,4.5,-1.4,50.2,54.4,53.7,4574,2089499.4,456.82,normal,1,0,0,0,65.384277,65.384277,65.384277,0,65.384277,65.384277,65.384277,0,39.615723,S6_policy_acceptability_rule,58.8458493,S5 plus CPI/high-adjustment caps,3462.83398,42.751037,6579.384562,12083.093893,6.538428,111.6777,12471.908744,0.011717,0.002315,0.018552,0.040014,0.034545,0.019214
2019-11-19,2019-11-18,70,65,8415,7430,国内成品油价格按机制上调,https://www.ndrc.gov.cn/xwdt/ztzl/gncpyjg/201911/t20191118_1293011.html,67.5,7922.5,1,up,67.5,2019-11,62.494,10,1.641,2.696662,62.477,10,1.99,3.289963,56.715,10,1.528,2.768768,59.4755,10,1.6385,2.832962,60.5797,10,1.6827,2.857022,4.5,-1.4,50.2,54.4,53.7,4574,2089499.4,456.82,normal,1,0,0,0,82.100247,82.100247,82.100247,0,82.100247,82.100247,82.100247,0,-14.600247,S6_policy_acceptability_rule,73.8902223,S5 plus CPI/high-adjustment caps,5459.764952,67.404506,10373.553408,226.333159,8.210025,119.887725,14373.066606,0.018474,0.003649,0.029251,0.00075,0.039811,0.018745
2019-12-03,2019-12-02,55,50,8470,7480,国内成品油价格按机制上调,https://www.ndrc.gov.cn/xwdt/ztzl/gncpyjg/201912/t20191202_1293012.html,52.5,7975,1,up,52.5,2019-12,63.671,10,1.177,1.883381,64.251,10,1.774,2.839445,57.432,10,0.717,1.264216,60.7735,10,1.298,2.182411,62.1101,10,1.5304,2.526259,4.5,-0.5,50.2,53.5,53.4,4548,2192920,482.17,normal,1,0,0,0,74.832641,74.832641,74.832641,0,74.832641,74.832641,74.832641,0,-22.332641,S6_policy_acceptability_rule,67.3493769,S5 plus CPI/high-adjustment caps,4535.938569,55.999242,8618.283281,42.782659,7.483264,127.370989,16223.368864,0.015348,0.003032,0.024301,0.000142,0.044936,0.01728
2019-12-16,2019-12-16,0,0,8470,7480,12月16日国内成品油价格不作调整,https://www.ndrc.gov.cn/xwdt/ztzl/gncpyjg/201912/t20191216_1293013.html,0,7975,0,no_adjust,0,2019-12,64.769,10,1.098,1.72449,65.606,10,1.355,2.108917,58.444,10,1.012,1.762084,62.025,10,1.2515,2.059286,63.4574,10,1.3473,2.169212,4.5,-0.5,50.2,53.5,53.4,4548,2192920,482.17,normal,1,0,0,0,66.095291,66.095291,66.095291,0,66.095291,66.095291,66.095291,0,-66.095291,S6_policy_acceptability_rule,59.48576190000001,S5 plus CPI/high-adjustment caps,3538.555869,43.685875,6723.256151,61.836441,6.609529,133.980518,17950.779257,0.011973,0.002365,0.018958,0.000205,0.049721,0.015695
2019-12-31,2019-12-30,235,230,8705,7710,国内成品油价格按机制上调,https://www.ndrc.gov.cn/xwdt/ztzl/gncpyjg/201912/t20191230_1293014.html,232.5,8207.5,1,up,232.5,2019-12,67.828,10,3.059,4.722938,68.687,10,3.081,4.696217,60.902,10,2.458,4.205735,64.7945,10,2.7695,4.465135,66.3515,10,2.8941,4.560697,4.5,-0.5,50.2,53.5,53.4,4548,2192920,482.17,normal,1,0,0,0,139.907057,139.907057,139.907057,0,139.907057,139.907057,139.907057,0,92.592943,S6_policy_acceptability_rule,125.91635130000002,S5 plus CPI/high-adjustment caps,15854.927525,195.739846,30124.362297,4413.023208,13.990706,147.971224,21895.483102,0.053648,0.010597,0.084943,0.014614,0.060647,0.048057
2020-01-14,2020-01-14,0,0,8705,7710,1月14日国内成品油价格不作调整,https://www.ndrc.gov.cn/xwdt/ztzl/gncpyjg/202001/t20200114_1293015.html,0,8207.5,0,no_adjust,0,2020-01,68.373,10,0.545,0.803503,67.599,10,-1.088,-1.583997,60.934,10,0.032,0.052543,64.2665,10,-0.528,-0.814884,65.5995,10,-0.752,-1.133358,5.4,0.1,50,54.1,53,,,,normal,1,0,0,0,-34.081229,0,-34.081229,-34.081229,-34.081229,0,-34.081229,-34.081229,0,S6_policy_acceptability_rule,0.0,S5 plus CPI/high-adjustment caps,0,0,0,15854.927525,0,147.971224,21895.483102,0,0,0,0.052504,0.060647,0.016973
2020-02-05,2020-02-04,-420,-405,8285,7305,国内成品油价格按机制下调,https://www.ndrc.gov.cn/xwdt/ztzl/gncpyjg/202002/t20200204_1293016.html,-412.5,7795,1,down,412.5,2020-02,61.266,10,-7.107,-10.394454,59.323,10,-8.276,-12.242785,53.815,10,-7.119,-11.683133,56.569,10,-7.6975,-11.977469,57.6706,10,-7.9289,-12.08683,5.2,-0.4,35.7,29.6,28.9,8609,4218444.2,490,normal,1,0,0,0,-376.555799,-410.637029,-410.637029,0,-376.555799,-410.637029,-410.637029,0,-1.862971,S6_policy_acceptability_rule,-328.5096232,S5 plus CPI/high-adjustment caps,0,6744.910783,0,107918.572535,-82.127406,65.843818,4335.408382,0,0.365164,0,0.357376,0.012008,0.12844
2020-02-19,2020-02-18,-415,-400,7870,6905,国内成品油价格按机制下调,https://www.ndrc.gov.cn/xwdt/ztzl/gncpyjg/202002/t20200218_1293017.html,-407.5,7387.5,1,down,407.5,2020-02,55.451,10,-5.815,-9.491398,55.344,10,-3.979,-6.707348,50.596,10,-3.219,-5.981604,52.7785,10,-3.7905,-6.700666,53.6515,10,-4.0191,-6.969062,5.2,-0.4,35.7,29.6,28.9,8609,4218444.2,490,normal,1,0,0,0,-189.98401,-189.98401,-189.98401,0,-189.98401,-189.98401,-189.98401,0,-217.51599,S6_policy_acceptability_rule,-170.985609,S5 plus CPI/high-adjustment caps,0,360.939241,0,24813.81505,-18.998401,46.845417,2194.493103,0,0.019541,0,0.082172,0.006078,0.017146
2020-03-03,2020-03-03,0,0,7870,6905,3月3日国内成品油价格不作调整,https://www.ndrc.gov.cn/xwdt/ztzl/gncpyjg/202003/t20200303_1293018.html,0,7387.5,0,no_adjust,0,2020-03,55.218,10,-0.233,-0.420191,55.822,10,0.478,0.863689,50.113,10,-0.483,-0.954621,52.9675,10,0.189,0.3581,54.1093,10,0.4578,0.853285,4.3,-1.5,52,52.3,52.3,4110,1673864.3,407.27,normal,1,0,0,0,23.64923,0,23.64923,23.64923,23.64923,0,23.64923,23.64923,0,S6_policy_acceptability_rule,0.0,S5 plus CPI/high-adjustment caps,0,0,0,29236.078485,0,46.845417,2194.493103,0,0,0,0.096816,0.006078,0.015434
2020-03-18,2020-03-17,-1015,-975,6855,5930,国内成品油价格按机制下调,https://www.ndrc.gov.cn/xwdt/ztzl/gncpyjg/202003/t20200317_1293019.html,-995,6392.5,1,down,995,2020-03,40.882,10,-14.336,-25.962548,39.759,10,-16.063,-28.775393,37.198,10,-12.915,-25.771756,38.4785,10,-14.489,-27.35451,38.9907,10,-15.1186,-27.940853,4.3,-1.5,52,52.3,52.3,4110,1673864.3,407.27,low_floor,1,1,0,0,-719.641173,-695.991942,-695.991942,0,0,0,23.64923,23.64923,-995,S6_policy_acceptability_rule,0.0,S5 plus CPI/high-adjustment caps,0,0,0,0,0,46.845417,2194.493103,0,0,0,0,0.006078,0.000912
2020-03-31,2020-03-31,0,0,6855,5930,3月31日国内成品油价格不作调整,https://www.ndrc.gov.cn/xwdt/ztzl/gncpyjg/202003/t20200331_1293020.html,0,6392.5,0,no_adjust,0,2020-03,26.312,10,-14.57,-35.639157,23.929,10,-15.83,-39.814885,20.33,10,-16.868,-45.346524,22.1295,10,-16.349,-42.488662,22.8493,10,-16.1414,-41.398077,4.3,-1.5,52,52.3,52.3,4110,1673864.3,407.27,low_floor,1,1,0,0,-768.448177,-768.448177,-768.448177,0,0,0,23.64923,23.64923,0,S6_policy_acceptability_rule,0.0,S5 plus CPI/high-adjustment caps,0,0,0,0,0,46.845417,2194.493103,0,0,0,0,0.006078,0.000912
2020-04-15,2020-04-15,0,0,6855,5930,4月15日国内成品油价格不作调整,https://www.ndrc.gov.cn/xwdt/ztzl/gncpyjg/202004/t20200415_1293021.html,0,6392.5,0,no_adjust,0,2020-04,21.137,10,-5.175,-19.667832,20.545,10,-3.384,-14.141836,23.446,10,3.116,15.327103,21.5825,10,-0.547,-2.471814,21.1675,10,-1.6818,-7.360401,3.3,-3.1,50.8,53.2,53.4,4043,1088790.5,269.3,low_floor,1,1,0,0,-78.450366,-78.450366,-78.450366,0,0,0,23.64923,23.64923,0,S6_policy_acceptability_rule,0.0,S5 plus CPI/high-adjustment caps,0,0,0,0,0,46.845417,2194.493103,0,0,0,0,0.006078,0.000912
2020-04-28,2020-04-28,0,0,6855,5930,4月28日国内成品油价格不作调整,https://www.ndrc.gov.cn/xwdt/ztzl/gncpyjg/202004/t20200428_1293022.html,0,6392.5,0,no_adjust,0,2020-04,15.699,10,-5.438,-25.727397,16.633,10,-3.912,-19.041129,10.703,10,-12.743,-54.350422,13.668,10,-7.9145,-36.670914,14.854,10,-6.3135,-29.826385,3.3,-3.1,50.8,53.2,53.4,4043,1088790.5,269.3,low_floor,1,1,0,0,-299.470509,-299.470509,-299.470509,0,0,0,23.64923,23.64923,0,S6_policy_acceptability_rule,0.0,S5 plus CPI/high-adjustment caps,0,0,0,0,0,46.845417,2194.493103,0,0,0,0,0.006078,0.000912
2020-05-14,2020-05-14,0,0,6855,5930,5月14日国内成品油价格不作调整,https://www.ndrc.gov.cn/xwdt/ztzl/gncpyjg/202005/t20200514_1293023.html,0,6392.5,0,no_adjust,0,2020-05,21.067,10,5.368,34.193261,22.884,10,6.251,37.581915,23.142,10,12.439,116.219751,22.5285,10,8.8605,64.826602,22.6707,10,7.8167,52.623536,2.4,-3.7,50.6,53.6,53.4,4797,946857.4,197.39,low_floor,1,0,0,0,374.80866,374.80866,374.80866,0,374.80866,398.457891,398.457891,0,-398.457891,S6_policy_acceptability_rule,318.76631280000004,S5 plus CPI/high-adjustment caps,101611.962176,6350.747636,150385.704021,101611.962176,79.691578,126.536995,16011.61118,0.343824,0.343824,0.42405,0.336492,0.04435,0.31786
2020-05-28,2020-05-28,0,0,6855,5930,5月28日国内成品油价格不作调整,https://www.ndrc.gov.cn/xwdt/ztzl/gncpyjg/202005/t20200528_1293024.html,0,6392.5,0,no_adjust,0,2020-05,27.658,10,6.591,31.285897,32.509,10,9.625,42.059955,31.519,10,8.377,36.198254,32.014,10,9.4855,42.104445,32.212,10,9.5413,42.086482,2.4,-3.7,50.6,53.6,53.4,4797,946857.4,197.39,low_floor,1,0,0,0,457.104867,457.104867,457.104867,0,457.104867,457.104867,457.104867,0,-457.104867,S6_policy_acceptability_rule,365.68389360000003,S5 plus CPI/high-adjustment caps,133724.710038,8357.794377,197912.570857,2201.259388,91.420973,217.957969,47505.67612,0.452484,0.452484,0.558064,0.00729,0.131584,0.363965
2020-06-11,2020-06-11,0,0,6855,5930,6月11日国内成品油价格不作调整,https://www.ndrc.gov.cn/xwdt/ztzl/gncpyjg/202006/t20200611_1293025.html,0,6392.5,0,no_adjust,0,2020-06,34.672,10,7.014,25.359751,38.127,10,5.618,17.281368,37.254,10,5.735,18.195374,37.6905,10,5.6765,17.731305,37.8651,10,5.6531,17.549671,2.5,-3,50.9,54.4,54.2,521,273937.7,525.79,low_floor,1,0,0,0,271.563808,271.563808,271.563808,0,271.563808,271.563808,271.563808,0,-271.563808,S6_policy_acceptability_rule,244.4074272,S5 plus CPI/high-adjustment caps,59734.990471,737.469018,89602.485706,14707.981302,27.156381,245.11435,60081.044331,0.202125,0.039926,0.252657,0.048706,0.166416,0.153949
2020-06-29,2020-06-28,120,110,6975,6040,国内成品油价格按机制上调,https://www.ndrc.gov.cn/xwdt/ztzl/gncpyjg/202006/t20200628_1293026.html,115,6507.5,1,up,115,2020-06,37.873,10,3.201,9.232234,41.321,10,3.194,8.377265,38.785,10,1.531,4.109626,40.053,10,2.3625,6.268158,40.5602,10,2.6951,7.117636,2.5,-3,50.9,54.4,54.2,521,273937.7,525.79,normal,1,0,0,0,130.410974,130.410974,130.410974,0,130.410974,130.410974,130.410974,0,-15.410974,S6_policy_acceptability_rule,117.36987660000001,S5 plus CPI/high-adjustment caps,13775.687933,170.070221,20663.5319,16138.539262,13.041097,258.155447,66644.234764,0.046613,0.009207,0.058266,0.053443,0.184595,0.063767
2020-07-11,2020-07-10,100,100,7075,6140,国内成品油价格按机制上调,https://www.ndrc.gov.cn/xwdt/ztzl/gncpyjg/202007/t20200710_1293027.html,100,6607.5,1,up,100,2020-07,41.56,10,3.687,9.735168,42.451,10,1.13,2.734687,39.823,10,1.038,2.676292,41.05,10,0.997,2.489202,41.5408,10,0.9806,2.417641,2.7,-2.4,51.1,54.2,54.1,5129,1434135.2,279.61,normal,1,0,0,0,48.596729,0,48.596729,48.596729,48.596729,0,48.596729,48.596729,100,S6_policy_acceptability_rule,0.0,S5 plus CPI/high-adjustment caps,0,0,0,13775.687933,0,258.155447,66644.234764,0,0,0,0.045619,0.184595,0.034532
2020-07-24,2020-07-24,0,0,7075,6140,7月24日国内成品油价格不作调整,https://www.ndrc.gov.cn/xwdt/ztzl/gncpyjg/202007/t20200724_1293028.html,0,6607.5,0,no_adjust,0,2020-07,43.719,10,2.159,5.194899,43.484,10,1.033,2.433394,40.887,10,1.064,2.671823,42.1855,10,1.1355,2.766139,42.7049,10,1.1641,2.802305,2.7,-2.4,51.1,54.2,54.1,5129,1434135.2,279.61,normal,1,0,0,0,57.353168,105.949897,105.949897,0,57.353168,105.949897,105.949897,0,-105.949897,S6_policy_acceptability_rule,95.35490730000001,S5 plus CPI/high-adjustment caps,9092.558346,112.253807,14002.539853,9092.558346,10.59499,268.750437,72226.797173,0.030766,0.006077,0.039484,0.03011,0.200058,0.053303
2020-08-07,2020-08-07,0,0,7075,6140,8月7日国内成品油价格不作调整,https://www.ndrc.gov.cn/xwdt/ztzl/gncpyjg/202008/t20200807_1293029.html,0,6607.5,0,no_adjust,0,2020-08,43.832,10,0.113,0.258469,43.712,10,0.228,0.524331,41.134,10,0.247,0.604104,42.423,10,0.2375,0.56299,42.9386,10,0.2337,0.547244,2.4,-2,51,55.2,54.5,4748,1492292.6,314.3,normal,1,0,0,0,12.9554,0,12.9554,12.9554,12.9554,0,12.9554,12.9554,0,S6_policy_acceptability_rule,0.0,S5 plus CPI/high-adjustment caps,0,0,0,9092.558346,0,268.750437,72226.797173,0,0,0,0.03011,0.200058,0.034525
2020-08-22,2020-08-21,85,80,7160,6220,国内成品油价格按机制上调,https://www.ndrc.gov.cn/xwdt/ztzl/gncpyjg/202008/t20200821_1293030.html,82.5,6690,1,up,82.5,2020-08,45.08,10,1.248,2.847235,44.678,10,0.966,2.209919,42.285,10,1.151,2.798172,43.4815,10,1.0585,2.495109,43.9601,10,1.0215,2.378978,2.4,-2,51,55.2,54.5,4748,1492292.6,314.3,normal,1,0,0,0,50.548437,63.503837,63.503837,0,50.548437,63.503837,63.503837,0,18.996163,S6_policy_acceptability_rule,57.153453299999995,S5 plus CPI/high-adjustment caps,3266.517224,40.327373,4834.445492,3266.517224,6.350384,275.10082,75680.46133,0.011053,0.002183,0.013632,0.010817,0.209624,0.039674
2020-09-04,2020-09-04,0,0,7160,6220,9月4日国内成品油价格不作调整,https://www.ndrc.gov.cn/xwdt/ztzl/gncpyjg/202009/t20200904_1293031.html,0,6690,0,no_adjust,0,2020-09,45.312,10,0.232,0.514641,44.593,10,-0.085,-0.19025,42.65,10,0.365,0.86319,43.622,10,0.1405,0.323126,44.0104,10,0.0503,0.114422,1.7,-2.1,51.5,55.9,55.1,100,101019.8,1010.2,normal,1,0,0,0,4.203733,0,4.203733,4.203733,4.203733,0,4.203733,4.203733,0,S6_policy_acceptability_rule,0.0,S5 plus CPI/high-adjustment caps,0,0,0,3266.517224,0,275.10082,75680.46133,0,0,0,0.010817,0.209624,0.033066
2020-09-19,2020-09-18,-315,-300,6845,5920,国内成品油价格按机制下调,https://www.ndrc.gov.cn/xwdt/ztzl/gncpyjg/202009/t20200918_1293032.html,-307.5,6382.5,1,down,307.5,2020-09,40.604,10,-4.708,-10.390184,40.004,10,-4.589,-10.290853,38.726,10,-3.924,-9.200469,39.4675,10,-4.1545,-9.523864,39.7641,10,-4.2463,-9.648401,1.7,-2.1,51.5,55.9,55.1,100,101019.8,1010.2,low_floor,1,1,0,0,-200.825769,-196.622036,-196.622036,0,0,0,4.203733,4.203733,-307.5,S6_policy_acceptability_rule,0.0,S5 plus CPI/high-adjustment caps,0,0,0,0,0,275.10082,75680.46133,0,0,0,0,0.209624,0.031444
2020-10-09,2020-10-09,0,0,6845,5920,10月9日国内成品油价格不作调整,https://www.ndrc.gov.cn/xwdt/ztzl/gncpyjg/202010/t20201009_1293033.html,0,6382.5,0,no_adjust,0,2020-10,40.459,10,-0.145,-0.357108,40.455,10,0.451,1.127387,39.552,10,0.826,2.132934,40.0035,10,0.536,1.358079,40.1841,10,0.42,1.056229,0.5,-2.1,51.4,56.2,55.3,4256,1327523.7,311.92,normal,1,0,0,0,21.845452,0,21.845452,21.845452,21.845452,0,26.049185,26.049185,0,S6_policy_acceptability_rule,0.0,S5 plus CPI/high-adjustment caps,0,0,0,0,0,275.10082,75680.46133,0,0,0,0,0.209624,0.031444
2020-10-23,2020-10-22,80,70,6925,5990,国内成品油价格按机制上调,https://www.ndrc.gov.cn/xwdt/ztzl/gncpyjg/202010/t20201022_1293034.html,75,6457.5,1,up,75,2020-10,41.108,10,0.649,1.604093,41.323,10,0.868,2.145594,40.507,10,0.955,2.414543,40.915,10,0.9115,2.278551,41.0782,10,0.8941,2.225009,0.5,-2.1,51.4,56.2,55.3,4256,1327523.7,311.92,normal,1,0,0,0,44.469035,66.314486,66.314486,0,44.469035,70.51822,70.51822,0,4.48178,S6_policy_acceptability_rule,63.466398,S5 plus CPI/high-adjustment caps,4027.983675,49.728194,4430.782043,4027.983675,7.051822,282.152642,79610.113557,0.013629,0.002692,0.012494,0.013339,0.220509,0.042146
2020-11-06,2020-11-05,-160,-150,6765,5840,国内成品油价格按机制下调,https://www.ndrc.gov.cn/xwdt/ztzl/gncpyjg/202011/t20201105_1293035.html,-155,6302.5,1,down,155,2020-11,38.617,10,-2.491,-6.059648,38.715,10,-2.608,-6.311255,37.978,10,-2.529,-6.243365,38.3465,10,-2.5685,-6.277649,38.4939,10,-2.5843,-6.291171,-0.5,-1.5,52.1,56.4,55.7,280,42203,150.72,low_floor,1,1,0,0,-121.516773,-121.516773,-121.516773,0,0,0,0,0,-155,S6_policy_acceptability_rule,0.0,S5 plus CPI/high-adjustment caps,0,0,0,4027.983675,0,282.152642,79610.113557,0,0,0,0.013339,0.220509,0.035077
2020-11-20,2020-11-19,150,145,6915,5985,2020年11月19日24时起国内成品油价格按机制上调,https://www.ndrc.gov.cn/xwdt/ztzl/gncpyjg/202011/t20201119_1293036.html,147.5,6450,1,up,147.5,2020-11,41.788,10,3.171,8.211409,41.506,10,2.791,7.209092,40.284,10,2.306,6.071936,40.895,10,2.5485,6.645978,41.1394,10,2.6455,6.872517,-0.5,-1.5,52.1,56.4,55.7,280,42203,150.72,normal,1,0,0,0,128.044111,128.044111,128.044111,0,128.044111,128.044111,128.044111,0,19.455889,S6_policy_acceptability_rule,115.23969989999999,S5 plus CPI/high-adjustment caps,13280.188433,163.952944,13280.188433,13280.188433,12.804411,294.957053,86999.66335,0.044936,0.008876,0.037447,0.043978,0.240977,0.065114
2020-12-04,2020-12-03,250,240,7165,6225,2020年12月3日24时起国内成品油价格按机制上调,https://www.ndrc.gov.cn/xwdt/ztzl/gncpyjg/202012/t20201203_1293037.html,245,6695,1,up,245,2020-12,45.697,10,3.909,9.35436,46.068,10,4.562,10.991182,43.461,10,3.177,7.886506,44.377,10,3.482,8.514488,44.7434,10,3.604,8.760458,0.2,-0.4,51.9,55.7,55.1,3847,1245360,323.72,normal,1,0,0,0,173.782783,173.782783,173.782783,0,173.782783,173.782783,173.782783,0,71.217217,S6_policy_acceptability_rule,156.4045047,S5 plus CPI/high-adjustment caps,24462.36909,302.004557,25440.863854,1694.541154,17.378278,312.335332,97553.359428,0.082773,0.01635,0.071737,0.005612,0.270209,0.083271
2020-12-18,2020-12-17,155,150,7320,6375,2020年12月17日24时起国内成品油价格按机制上调,https://www.ndrc.gov.cn/xwdt/ztzl/gncpyjg/202012/t20201217_1293038.html,152.5,6847.5,1,up,152.5,2020-12,48.751,10,3.054,6.683152,49.596,10,3.528,7.658244,46.453,10,2.992,6.884333,48.0245,10,3.6475,8.219348,48.6531,10,3.9097,8.738049,0.2,-0.4,51.9,55.7,55.1,3847,1245360,323.72,normal,1,0,0,0,188.370484,188.370484,188.370484,0,188.370484,188.370484,188.370484,0,-35.870484,S6_policy_acceptability_rule,169.53343560000002,S5 plus CPI/high-adjustment caps,28741.585786,354.834392,29891.249218,172.368827,18.837048,331.17238,109675.145341,0.097253,0.01921,0.084286,0.000571,0.303785,0.09488
2021-01-01,2020-12-31,90,85,7410,6460,2020年12月31日24时起国内成品油价格按机制上调,https://www.ndrc.gov.cn/xwdt/ztzl/gncpyjg/202012/t20201231_1293039.html,87.5,6935,1,up,87.5,2021-01,50.063,10,1.312,2.691227,50.868,10,1.272,2.564723,47.976,10,1.523,3.278583,49.422,10,1.3975,2.909973,50.0004,10,1.3473,2.769197,-0.3,0.3,51.3,52.4,52.8,4459,1612834.7,3617.03,normal,1,0,0,0,66.095291,66.095291,66.095291,0,66.095291,66.095291,66.095291,0,21.404709,S6_policy_acceptability_rule,59.48576190000001,S5 plus CPI/high-adjustment caps,3538.555869,43.685875,3538.555869,12110.490487,6.609529,337.781909,114096.618183,0.011973,0.002365,0.009978,0.040104,0.316032,0.059381
2021-01-16,2021-01-15,185,180,7595,6640,2021年1月15日24时起国内成品油价格按机制上调,https://www.ndrc.gov.cn/xwdt/ztzl/gncpyjg/202101/t20210115_1293040.html,182.5,7117.5,1,up,182.5,2021-01,53.503,10,3.44,6.871342,53.986,10,3.118,6.12959,51.033,10,3.057,6.371936,52.5095,10,3.0875,6.247218,53.1001,10,3.0997,6.19935,-0.3,0.3,51.3,52.4,52.8,4459,1612834.7,3617.03,normal,1,0,0,0,149.718085,149.718085,149.718085,0,149.718085,149.718085,149.718085,0,32.781915,S6_policy_acceptability_rule,134.7462765,S5 plus CPI/high-adjustment caps,18156.559031,224.15505,18156.559031,5664.145058,14.971809,352.753718,124435.185351,0.061436,0.012136,0.051197,0.018757,0.344668,0.085099
2021-01-30,2021-01-29,75,70,7670,6710,2021年1月29日24时起国内成品油价格按机制上调,https://www.ndrc.gov.cn/xwdt/ztzl/gncpyjg/202101/t20210129_1293041.html,72.5,7190,1,up,72.5,2021-01,54.842,10,1.339,2.502663,55.159,10,1.173,2.172786,52.749,10,1.716,3.36253,54.0315,10,1.522,2.898523,54.5445,10,1.4444,2.720146,-0.3,0.3,51.3,52.4,52.8,4459,1612834.7,3617.03,normal,1,0,0,0,70.728806,70.728806,70.728806,0,70.728806,70.728806,70.728806,0,1.771194,S6_policy_acceptability_rule,63.65592540000001,S5 plus CPI/high-adjustment caps,4052.076839,50.02564,4052.076839,5053.83802,7.072881,359.826598,129475.180844,0.013711,0.002708,0.011426,0.016736,0.358628,0.063131
2021-02-19,2021-02-18,275,265,7945,6975,2021年2月18日24时起国内成品油价格按机制上调,https://www.ndrc.gov.cn/xwdt/ztzl/gncpyjg/202102/t20210218_1293042.html,270,7460,1,up,270,2021-02,60.706,10,5.864,10.692535,61.666,10,6.507,11.796806,58.252,10,5.503,10.432425,59.7105,10,5.679,10.510536,60.2939,10,5.7494,10.540751,-0.2,1.7,50.6,51.4,51.6,4498,1783365.6,396.48,normal,1,0,0,0,276.159149,276.159149,276.159149,0,276.159149,276.159149,276.159149,0,-6.159149,S6_policy_acceptability_rule,248.5432341,S5 plus CPI/high-adjustment caps,61773.739217,762.638756,61773.739217,34183.316918,27.615915,387.442513,150111.701035,0.209024,0.041289,0.174186,0.113199,0.415789,0.183408
2021-03-04,2021-03-03,260,250,8205,7225,2021年3月3日24时起国内成品油价格按机制上调,https://www.ndrc.gov.cn/xwdt/ztzl/gncpyjg/202103/t20210303_1293043.html,255,7715,1,up,255,2021-03,63.35,10,2.644,4.355418,64.897,10,3.231,5.239516,61.237,10,2.985,5.124288,63.067,10,3.3565,5.621289,63.799,10,3.5051,5.813358,0.4,4.4,51.9,56.3,55.3,4966,2267884.9,456.68,normal,1,0,0,0,169.063372,169.063372,169.063372,0,169.063372,169.063372,169.063372,0,85.936628,S6_policy_acceptability_rule,152.1570348,S5 plus CPI/high-adjustment caps,23151.763239,285.824238,25003.904298,9290.299415,16.906337,404.34885,163497.99282,0.078339,0.015474,0.070505,0.030765,0.452867,0.11285
2021-03-18,2021-03-17,235,230,8440,7455,2021年3月17日24时起国内成品油价格按机制上调,https://www.ndrc.gov.cn/xwdt/ztzl/gncpyjg/202103/t20210317_1293044.html,232.5,7947.5,1,up,232.5,2021-03,66.413,10,3.063,4.835043,67.947,10,3.05,4.699755,64.651,10,3.414,5.575061,66.299,10,3.232,5.124709,66.9582,10,3.1592,4.951802,0.4,4.4,51.9,56.3,55.3,4966,2267884.9,456.68,normal,1,0,0,0,152.557367,152.557367,152.557367,0,152.557367,152.557367,152.557367,0,79.942633,S6_policy_acceptability_rule,137.3016303,S5 plus CPI/high-adjustment caps,18851.737683,232.737502,20359.876698,220.683043,15.255737,419.604587,176068.009515,0.063789,0.0126,0.05741,0.000731,0.487684,0.106082
2021-04-01,2021-03-31,-225,-220,8215,7235,2021年3月31日24时起国内成品油价格按机制下调,https://www.ndrc.gov.cn/xwdt/ztzl/gncpyjg/202103/t20210331_1293045.html,-222.5,7725,1,down,222.5,2021-04,63.154,10,-3.259,-4.907172,63.371,10,-4.576,-6.734661,60.772,10,-3.879,-5.999907,62.0715,10,-4.2275,-6.376416,62.5913,10,-4.3669,-6.52183,0.9,6.8,51.1,54.9,53.8,4036,1839330.1,455.73,normal,1,0,0,0,-206.580682,-206.580682,-206.580682,0,-206.580682,-206.580682,-206.580682,0,-15.919318,S6_policy_acceptability_rule,-185.9226138,S5 plus CPI/high-adjustment caps,0,426.755782,0,104473.911974,-20.658068,398.946519,159158.324942,0,0.023104,0,0.345969,0.440847,0.122643
2021-04-15,2021-04-15,0,0,8215,7235,2021年4月15日国内成品油价格不作调整,https://www.ndrc.gov.cn/xwdt/ztzl/gncpyjg/202104/t20210415_1293046.html,0,7725,0,no_adjust,0,2021-04,61.748,10,-1.406,-2.226304,62.928,10,-0.443,-0.699058,60.039,10,-0.733,-1.206148,61.5745,10,-0.497,-0.80069,62.1159,10,-0.4754,-0.75953,0.9,6.8,51.1,54.9,53.8,4036,1839330.1,455.73,normal,1,0,0,0,-20.882151,0,-20.882151,-20.882151,-20.882151,0,-20.882151,-20.882151,0,S6_policy_acceptability_rule,0.0,S5 plus CPI/high-adjustment caps,0,0,0,34567.218322,0,398.946519,159158.324942,0,0,0,0.114471,0.440847,0.083298
2021-04-29,2021-04-28,100,95,8315,7330,2021年4月28日24时起国内成品油价格按机制上调,https://www.ndrc.gov.cn/xwdt/ztzl/gncpyjg/202104/t20210428_1293047.html,97.5,7822.5,1,up,97.5,2021-04,64.138,10,2.39,3.870571,65.669,10,2.741,4.355772,62.569,10,2.53,4.213928,64.119,10,2.5445,4.132392,64.739,10,2.6231,4.222912,0.9,6.8,51.1,54.9,53.8,4036,1839330.1,455.73,normal,1,0,0,0,126.975205,106.093054,106.093054,0,126.975205,106.093054,106.093054,0,-8.593054,S6_policy_acceptability_rule,95.4837486,S5 plus CPI/high-adjustment caps,9117.146247,112.557361,10758.232571,9117.146247,10.609305,409.555824,167735.973218,0.03085,0.006094,0.030336,0.030192,0.464605,0.090735
2021-05-15,2021-05-14,100,100,8415,7430,2021年5月14日24时起国内成品油价格按机制上调,https://www.ndrc.gov.cn/xwdt/ztzl/gncpyjg/202105/t20210514_1293048.html,100,7922.5,1,up,100,2021-05,66.717,10,2.579,4.021017,68.638,10,2.969,4.521159,64.901,10,2.332,3.727085,66.7965,10,2.6775,4.175829,67.5331,10,2.7941,4.315946,1.3,9,51,55.2,54.2,4095,2039882.1,498.14,normal,1,0,0,0,135.135156,135.135156,135.135156,0,135.135156,135.135156,135.135156,0,-35.135156,S6_policy_acceptability_rule,121.6216404,S5 plus CPI/high-adjustment caps,14791.823414,182.615104,18637.697501,683.189388,13.513516,423.06934,178987.666363,0.050051,0.009887,0.052554,0.002262,0.495771,0.102334
2021-05-28,2021-05-28,0,0,8415,7430,2021年5月28日国内成品油价格不作调整,https://www.ndrc.gov.cn/xwdt/ztzl/gncpyjg/202105/t20210528_1293049.html,0,7922.5,0,no_adjust,0,2021-05,66.662,10,-0.055,-0.082438,68.24,10,-0.398,-0.579854,65.157,10,0.256,0.394447,66.6985,10,-0.098,-0.146714,67.3151,10,-0.218,-0.322805,1.3,9,51,55.2,54.2,4095,2039882.1,498.14,normal,1,0,0,0,-8.599277,0,-8.599277,-8.599277,-8.599277,0,-8.599277,-8.599277,0,S6_policy_acceptability_rule,0.0,S5 plus CPI/high-adjustment caps,0,0,0,14791.823414,0,423.06934,178987.666363,0,0,0,0.048984,0.495771,0.081713
2021-06-12,2021-06-11,175,170,8590,7600,2021年6月11日24时起国内成品油价格按机制上调,https://www.ndrc.gov.cn/xwdt/ztzl/gncpyjg/202106/t20210611_1293050.html,172.5,8095,1,up,172.5,2021-06,69.738,10,3.076,4.614323,70.667,10,2.427,3.556565,68.771,10,3.614,5.546603,69.719,10,3.0205,4.528588,70.0982,10,2.7831,4.134436,1.1,8.8,50.9,53.5,52.9,4012,2071889.6,516.42,normal,1,0,0,0,134.610247,126.010969,126.010969,0,134.610247,126.010969,126.010969,0,46.489031,S6_policy_acceptability_rule,113.4098721,S5 plus CPI/high-adjustment caps,12861.79909,158.787643,15691.394889,12861.79909,12.601097,435.670437,189808.729502,0.04352,0.008597,0.044246,0.042592,0.525744,0.108911
2021-06-29,2021-06-28,225,215,8815,7815,2021年6月28日24时起国内成品油价格按机制上调,https://www.ndrc.gov.cn/xwdt/ztzl/gncpyjg/202106/t20210628_1293051.html,220,8315,1,up,220,2021-06,72.892,10,3.154,4.522642,74.258,10,3.591,5.08158,72.515,10,3.744,5.444155,73.3865,10,3.6675,5.260402,73.7351,10,3.6369,5.188293,1.1,8.8,50.9,53.5,52.9,4012,2071889.6,516.42,normal,1,0,0,0,175.352738,175.352738,175.352738,0,175.352738,175.352738,175.352738,0,44.647262,S6_policy_acceptability_rule,157.8174642,S5 plus CPI/high-adjustment caps,24906.352007,307.485827,30385.749448,1972.034236,17.535274,453.205711,205395.41612,0.084276,0.016647,0.08568,0.00653,0.568917,0.132135
2021-07-13,2021-07-12,70,65,8885,7880,2021年7月12日24时起国内成品油价格按机制上调,https://www.ndrc.gov.cn/xwdt/ztzl/gncpyjg/202107/t20210712_1293052.html,67.5,8382.5,1,up,67.5,2021-07,74.224,10,1.332,1.827361,76.197,10,1.939,2.611166,73.793,10,1.278,1.762394,74.9005,10,1.514,2.06305,75.3435,10,1.6084,2.181322,1,9,50.4,53.3,52.4,4117,2208676.2,536.48,normal,1,0,0,0,78.554724,78.554724,78.554724,0,78.554724,78.554724,78.554724,0,-11.054724,S6_policy_acceptability_rule,70.6992516,S5 plus CPI/high-adjustment caps,4998.384177,61.708447,5998.061012,7589.582967,7.855472,461.061183,212577.414469,0.016913,0.003341,0.016913,0.025133,0.58881,0.101216
2021-07-27,2021-07-26,-100,-95,8785,7785,2021年7月26日24时起国内成品油价格按机制下调,https://www.ndrc.gov.cn/xwdt/ztzl/gncpyjg/202107/t20210726_1293053.html,-97.5,8285,1,down,97.5,2021-07,72.683,10,-1.541,-2.076148,74.001,10,-2.196,-2.882003,71.436,10,-2.357,-3.19407,72.7185,10,-2.182,-2.913198,73.2315,10,-2.112,-2.803162,1,9,50.4,53.3,52.4,4117,2208676.2,536.48,normal,1,0,0,0,-98.979084,-98.979084,-98.979084,0,-98.979084,-98.979084,-98.979084,0,1.479084,S6_policy_acceptability_rule,-89.08117560000001,S5 plus CPI/high-adjustment caps,0,97.968591,0,25529.784916,-9.897908,451.163275,203548.300348,0,0.005304,0,0.084543,0.563801,0.098312
2021-08-09,2021-08-09,0,0,8785,7785,2021年8月9日国内成品油价格不作调整,https://www.ndrc.gov.cn/xwdt/ztzl/gncpyjg/202108/t20210809_1293373.html,0,8285,0,no_adjust,0,2021-08,72.934,10,0.251,0.345335,74.007,10,0.006,0.008108,71.125,10,-0.311,-0.435355,72.566,10,-0.1525,-0.209713,73.1424,10,-0.0891,-0.121669,0.8,9.5,50.1,47.5,48.9,4453,2427251.9,545.08,normal,1,0,0,0,-2.448297,0,-2.448297,-2.448297,-2.448297,0,-2.448297,-2.448297,0,S6_policy_acceptability_rule,0.0,S5 plus CPI/high-adjustment caps,0,0,0,7935.455846,0,451.163275,203548.300348,0,0,0,0.026279,0.563801,0.088512
2021-08-24,2021-08-23,-250,-245,8535,7540,2021年8月23日24时起国内成品油价格按机制下调,https://www.ndrc.gov.cn/xwdt/ztzl/gncpyjg/202108/t20210823_1294332.html,-247.5,8037.5,1,down,247.5,2021-08,69.411,10,-3.523,-4.830395,69.586,10,-4.421,-5.973759,66.691,10,-4.434,-6.234095,68.1385,10,-4.4275,-6.101342,68.7175,10,-4.4249,-6.049706,0.8,9.5,50.1,47.5,48.9,4453,2427251.9,545.08,normal,1,0,0,0,-209.348385,-211.796682,-211.796682,0,-209.348385,-211.796682,-211.796682,0,-35.703318,S6_policy_acceptability_rule,-190.6170138,S5 plus CPI/high-adjustment caps,0,448.578345,0,36334.84595,-21.179668,429.983606,184885.901773,0,0.024286,0,0.120324,0.512108,0.099722
2021-09-07,2021-09-06,140,140,8675,7680,2021年9月6日24时起国内成品油价格按机制上调,https://www.ndrc.gov.cn/xwdt/ztzl/gncpyjg/202109/t20210906_1296106.html,140,8177.5,1,up,140,2021-09,70.861,10,1.45,2.089006,71.266,10,1.68,2.414279,68.37,10,1.679,2.517581,69.4665,10,1.328,1.948972,70.1863,10,1.4688,2.137447,0.7,10.7,49.6,53.2,51.7,4104,2195876.9,535.06,normal,1,0,0,0,71.89315,71.89315,71.89315,0,71.89315,71.89315,71.89315,0,68.10685,S6_policy_acceptability_rule,64.70383500000001,S5 plus CPI/high-adjustment caps,4186.586264,51.68625,4772.708341,65188.735832,7.189315,437.172921,191120.163205,0.014166,0.002798,0.013458,0.215875,0.529376,0.119253
2021-09-19,2021-09-18,90,85,8765,7765,2021年9月18日24时起国内成品油价格按机制上调,https://www.ndrc.gov.cn/xwdt/ztzl/gncpyjg/202109/t20210918_1297148.html,87.5,8265,1,up,87.5,2021-09,72.575,10,1.714,2.41882,73.071,10,1.805,2.532765,70.371,10,2.001,2.926722,71.753,10,2.2865,3.291515,72.3058,10,2.1195,3.01982,0.7,10.7,49.6,53.2,51.7,4104,2195876.9,535.06,normal,1,0,0,0,102.943911,102.943911,102.943911,0,102.943911,102.943911,102.943911,0,-15.443911,S6_policy_acceptability_rule,92.6495199,S5 plus CPI/high-adjustment caps,8583.933538,105.974488,9785.684233,780.961305,10.294391,447.467312,200226.995756,0.029045,0.005737,0.027593,0.002586,0.554601,0.098885
2021-10-10,2021-10-09,345,330,9110,8095,2021年10月9日24时起国内成品油价格按机制上调,https://www.ndrc.gov.cn/xwdt/ztzl/gncpyjg/202110/t20211009_1298893.html,337.5,8602.5,1,up,337.5,2021-10,78.676,10,6.101,8.406476,80.228,10,7.157,9.794583,76.979,10,6.608,9.390232,78.6035,10,6.8505,9.547336,79.2533,10,6.9475,9.608496,1.5,13.5,49.2,52.4,50.8,3766,2098861.3,557.32,normal,1,0,0,0,333.331296,333.331296,333.331296,0,333.331296,333.331296,333.331296,0,4.168704,S6_policy_acceptability_rule,266.6650368,S5 plus CPI/high-adjustment caps,71110.241852,4444.390116,92443.314407,30281.400122,66.666259,514.133572,264333.329549,0.240616,0.240616,0.260667,0.100278,0.732167,0.29831
2021-10-23,2021-10-22,300,290,9410,8385,2021年10月22日24时起国内成品油价格按机制上调,https://www.ndrc.gov.cn/xwdt/ztzl/gncpyjg/202110/t20211022_1300685.html,295,8897.5,1,up,295,2021-10,82.845,10,4.169,5.298948,84.1,10,3.872,4.826245,81.828,10,4.849,6.299121,82.964,10,4.3605,5.547463,83.4184,10,4.1651,5.255428,1.5,13.5,49.2,52.4,50.8,3766,2098861.3,557.32,profit_deduction,0.931632,0,1,0,200.55792,200.55792,200.55792,0,186.846176,186.846176,186.846176,0,108.153824,S6_policy_acceptability_rule,168.16155840000002,S5 plus CPI/high-adjustment caps,28278.309724,349.114935,36761.802641,9702.935257,18.684618,532.818189,283895.222849,0.095685,0.018901,0.103659,0.032132,0.786351,0.176389
2021-11-05,2021-11-05,0,0,9410,8385,2021年11月5日国内成品油价格不作调整,https://www.ndrc.gov.cn/xwdt/ztzl/gncpyjg/202111/t20211105_1303115.html,0,8897.5,0,no_adjust,0,2021-11,83.068,10,0.223,0.269177,83.619,10,-0.481,-0.571938,83.144,10,1.316,1.608251,83.3815,10,0.4175,0.50323,83.4765,10,0.0581,0.069649,2.3,12.9,50.1,52.3,52.2,4178,2496433.8,597.52,profit_deduction,0.93047,0,1,0,4.575942,0,4.575942,4.575942,4.257776,0,4.257776,4.257776,0,S6_policy_acceptability_rule,0.0,S5 plus CPI/high-adjustment caps,0,0,0,28278.309724,0,532.818189,283895.222849,0,0,0,0.093645,0.786351,0.131999
2021-11-20,2021-11-19,-95,-90,9315,8295,2021年11月19日24时起国内成品油价格按机制下调,https://www.ndrc.gov.cn/xwdt/ztzl/gncpyjg/202111/t20211119_1304442.html,-92.5,8805,1,down,92.5,2021-11,81.607,10,-1.461,-1.7588,82.729,10,-0.89,-1.064351,80.975,10,-2.169,-2.608727,81.852,10,-1.5295,-1.83434,82.2028,10,-1.2737,-1.525819,2.3,12.9,50.1,52.3,52.2,4178,2496433.8,597.52,profit_deduction,0.955944,0,0,0,-58.976237,-54.400296,-54.400296,0,-58.976237,-54.718461,-54.718461,0,-37.781539,S6_policy_acceptability_rule,0.0,S5 plus CPI/high-adjustment caps,0,2994.109974,0,0,-54.718461,478.099728,228579.350201,0,0.162099,0,0,0.633133,0.12739
2021-12-04,2021-12-03,-430,-415,8885,7880,2021年12月3日24时起国内成品油价格按机制下调,https://www.ndrc.gov.cn/xwdt/ztzl/gncpyjg/202112/t20211203_1306844.html,-422.5,8382.5,1,down,422.5,2021-12,76.472,10,-5.135,-6.292352,76.572,10,-6.157,-7.442372,73.479,10,-7.496,-9.257178,75.4605,10,-6.3915,-7.808606,76.2531,10,-5.9497,-7.237831,1.5,10.3,50.3,52.7,52.2,4614,2690828.6,583.19,normal,1,0,0,0,-282.110333,-282.110333,-282.110333,0,-282.110333,-282.110333,-282.110333,0,-140.389667,S6_policy_acceptability_rule,-253.89929970000003,S5 plus CPI/high-adjustment caps,0,795.8624,0,64464.854388,-28.211033,449.888695,202399.837889,0,0.043087,0,0.213478,0.56062,0.124732
2021-12-18,2021-12-17,-130,-125,8755,7755,2021年12月17日24时起国内成品油价格按机制下调,https://www.ndrc.gov.cn/xwdt/xwfb/202112/t20211217_1308356.html,-127.5,8255,1,down,127.5,2021-12,73.946,10,-2.526,-3.30317,74.049,10,-2.523,-3.294938,70.795,10,-2.684,-3.652744,72.422,10,-3.0385,-4.02661,73.0728,10,-3.1803,-4.170716,1.5,10.3,50.3,52.7,52.2,4614,2690828.6,583.19,normal,1,0,0,0,-149.957304,-149.957304,-149.957304,0,-149.957304,-149.957304,-149.957304,0,22.457304,S6_policy_acceptability_rule,-134.9615736,S5 plus CPI/high-adjustment caps,0,224.87193,0,14146.18269,-14.99573,434.892965,189131.890659,0,0.012174,0,0.046846,0.523869,0.088042
2022-01-01,2021-12-31,140,135,8895,7890,2021年12月31日24时起国内成品油价格按机制上调,https://www.ndrc.gov.cn/xwdt/xwfb/202112/t20211231_1311298.html,137.5,8392.5,1,up,137.5,2022-01,75.152,10,1.206,1.63092,74.811,10,0.762,1.029048,73.468,10,2.673,3.77569,73.544,10,1.122,1.549253,73.976,10,0.9032,1.236028,0.9,9.1,50.1,51.1,51,4880,2795758.1,572.9,normal,1,0,0,0,44.903278,0,44.903278,44.903278,44.903278,0,44.903278,44.903278,137.5,S6_policy_acceptability_rule,0.0,S5 plus CPI/high-adjustment caps,0,0,0,18214.626349,0,434.892965,189131.890659,0,0,0,0.060318,0.523869,0.087628
2022-01-18,2022-01-17,345,330,9240,8220,2022年1月17日24时起国内成品油价格按机制上调,https://www.ndrc.gov.cn/xwdt/xwfb/202201/t20220117_1312120.html,337.5,8730,1,up,337.5,2022-01,81.683,10,6.531,8.690387,82.785,10,7.974,10.65886,79.687,10,6.219,8.46491,81.236,10,7.692,10.459045,81.8556,10,7.8796,10.651563,0.9,9.1,50.1,51.1,51,4880,2795758.1,572.9,profit_deduction,0.962888,0,1,0,377.810186,422.713464,422.713464,0,363.788894,408.692172,408.692172,0,-71.192172,S6_policy_acceptability_rule,326.95373760000007,S5 plus CPI/high-adjustment caps,106898.746531,6681.171658,126140.520906,106898.746531,81.738434,516.631399,266908.002433,0.361713,0.361713,0.355685,0.353999,0.739298,0.415687
2022-01-30,2022-01-29,310,300,9550,8520,2022年1月29日24时起国内成品油价格按机制上调,https://www.ndrc.gov.cn/xwdt/xwfb/202201/t20220129_1313943.html,305,9035,1,up,305,2022-01,88.254,10,6.571,8.044514,89.641,10,6.856,8.281694,86.223,10,6.536,8.202091,87.8995,10,6.6635,8.202644,88.5701,10,6.7145,8.20286,0.9,9.1,50.1,51.1,51,4880,2795758.1,572.9,profit_deduction,0.828598,0,1,0,322.212766,322.212766,322.212766,0,266.984854,266.984854,266.984854,0,38.015146,S6_policy_acceptability_rule,240.2863686,S5 plus CPI/high-adjustment caps,57737.538935,712.809123,68130.295943,7511.232849,26.698485,543.329884,295207.363282,0.195366,0.038591,0.19211,0.024874,0.817684,0.230971
2022-02-18,2022-02-17,210,200,9760,8720,2022年2月17日24时起国内成品油价格按机制上调,https://www.ndrc.gov.cn/xwdt/xwfb/202202/t20220217_1315772.html,205,9240,1,up,205,2022-02,92.871,10,4.617,5.231491,96.955,10,7.314,8.159213,91.693,10,5.47,6.344015,94.324,10,6.4245,7.308915,95.3764,10,6.8063,7.684648,0.9,8.8,50.2,51.6,51.2,3634,2271578.6,625.09,profit_deduction,0.692472,0,1,0,326.593372,326.593372,326.593372,0,226.156765,226.156765,226.156765,0,-21.156765,S6_policy_acceptability_rule,203.5410885,S5 plus CPI/high-adjustment caps,41428.974708,511.468824,48886.190155,1350.21561,22.615677,565.945561,320294.377902,0.140183,0.027691,0.137847,0.004471,0.887171,0.208792
2022-03-04,2022-03-03,260,255,10020,8975,2022年3月3日24时起国内成品油价格按机制上调,https://www.ndrc.gov.cn/xwdt/xwfb/202203/t20220303_1318078.html,257.5,9497.5,1,up,257.5,2022-03,98.592,10,5.721,6.160158,102.123,10,5.168,5.330308,95.61,10,3.917,4.271864,98.791,10,4.467,4.735804,100.0634,10,4.687,4.914214,1.5,8.3,49.5,48.4,48.8,4271,3021685.3,707.49,profit_deduction,0.598732,0,1,0,225.462472,225.462472,225.462472,0,134.991597,134.991597,134.991597,0,122.508403,S6_policy_acceptability_rule,121.49243730000002,S5 plus CPI/high-adjustment caps,14760.412321,182.227313,19188.536017,6731.981164,13.49916,579.444721,335756.184231,0.049945,0.009866,0.054107,0.022293,0.929998,0.17083
2022-03-18,2022-03-17,750,720,10770,9695,2022年3月17日24时起国内成品油价格按机制上调,https://www.ndrc.gov.cn/xwdt/xwfb/202203/t20220317_1319438.html,735,10232.5,1,up,735,2022-03,115.932,10,17.34,17.587634,117.079,10,14.956,14.645085,108.49,10,12.88,13.471394,112.7845,10,13.9935,14.164752,114.5023,10,14.4389,14.429752,1.5,8.3,49.5,48.4,48.8,4271,3021685.3,707.49,profit_deduction,0.309954,0,1,0,690.813495,690.813495,690.813495,0,214.120406,214.120406,214.120406,0,520.879594,S6_policy_acceptability_rule,192.70836540000002,S5 plus CPI/high-adjustment caps,37136.514095,458.475483,48277.468324,5071.708415,21.412041,600.856761,361028.84748,0.125659,0.024821,0.13613,0.016795,1,0.222931
2022-04-01,2022-03-31,110,110,10880,9805,2022年3月31日24时起国内成品油价格按机制上调,https://www.ndrc.gov.cn/xwdt/xwfb/202203/t20220331_1321429.html,110,10342.5,1,up,110,2022-04,112.719,10,-3.213,-2.771452,118.869,10,1.79,1.528882,109.573,10,1.083,0.998249,114.221,10,1.4365,1.273668,116.0802,10,1.5779,1.378051,2.1,8,47.4,41.9,42.7,4303,3422562.7,795.39,profit_deduction,0.278396,0,1,0,77.099294,77.099294,77.099294,0,21.464135,0,21.464135,21.464135,110,S6_policy_acceptability_rule,0.0,S5 plus CPI/high-adjustment caps,0,0,0,37136.514095,0,600.856761,361028.84748,0,0,0,0.122979,1,0.168447
2022-04-16,2022-04-15,-545,-530,10335,9275,2022年4月15日24时起国内成品油价格按机制下调,https://www.ndrc.gov.cn/xwdt/xwfb/202204/t20220415_1322196.html,-537.5,9805,1,down,537.5,2022-04,104.374,10,-8.345,-7.403366,104.444,10,-14.425,-12.135208,100.122,10,-9.451,-8.6253,102.283,10,-11.938,-10.451668,103.1474,10,-12.9328,-11.141263,2.1,8,47.4,41.9,42.7,4303,3422562.7,795.39,profit_deduction,0.537052,0,0,0,-615.336958,-615.336958,-615.336958,0,-615.336958,-593.872823,-593.872823,0,56.372823,S6_policy_acceptability_rule,-475.0982584000001,S5 plus CPI/high-adjustment caps,0,14107.397196,0,225718.355135,-118.774565,482.082197,232403.244279,0,0.763763,0,0.747474,0.643725,0.361432
2022-04-29,2022-04-28,205,200,10540,9475,2022年4月28日24时起国内成品油价格按机制上调,https://www.ndrc.gov.cn/xwdt/xwfb/202204/t20220428_1323651.html,202.5,10007.5,1,up,202.5,2022-04,107.029,10,2.655,2.543737,105.209,10,0.765,0.73245,103.537,10,3.415,3.410839,103.987,10,1.704,1.665966,104.4758,10,1.3284,1.287866,2.1,8,47.4,41.9,42.7,4303,3422562.7,795.39,profit_deduction,0.510484,0,1,0,65.193401,65.193401,65.193401,0,33.280188,0,33.280188,33.280188,202.5,S6_policy_acceptability_rule,0.0,S5 plus CPI/high-adjustment caps,0,0,0,225718.355135,0,482.082197,232403.244279,0,0,0,0.747474,0.643725,0.20868
2022-05-17,2022-05-16,285,270,10825,9745,2022年5月16日24时起国内成品油价格按机制上调,https://www.ndrc.gov.cn/xwdt/xwfb/202205/t20220516_1324609.html,277.5,10285,1,up,277.5,2022-05,110.858,10,3.829,3.577535,108.696,10,3.487,3.314355,105.843,10,2.306,2.227223,107.24,10,3.253,3.128276,107.8224,10,3.3466,3.20323,2.1,6.4,49.6,47.8,48.4,4583,3522859,768.68,profit_deduction,0.443552,0,1,0,161.499909,161.499909,161.499909,0,71.633608,104.913796,104.913796,0,172.586204,S6_policy_acceptability_rule,94.4224164,S5 plus CPI/high-adjustment caps,8915.592719,110.069046,12660.141661,8915.592719,10.49138,492.573576,242628.72797,0.030168,0.005959,0.035698,0.029524,0.672048,0.122894
2022-05-31,2022-05-30,400,390,11225,10135,2022年5月30日24时起国内成品油价格按机制上调,https://www.ndrc.gov.cn/xwdt/xwfb/202205/t20220530_1326109.html,395,10680,1,up,395,2022-05,115.363,10,4.505,4.063757,115.295,10,6.599,6.071061,112.779,10,6.936,6.553102,114.037,10,6.797,6.33812,114.5402,10,6.7178,6.230431,2.1,6.4,49.6,47.8,48.4,4583,3522859,768.68,profit_deduction,0.309196,0,1,0,322.370239,322.370239,322.370239,0,99.675588,99.675588,99.675588,0,295.324412,S6_policy_acceptability_rule,89.70802920000001,S5 plus CPI/high-adjustment caps,8047.530503,99.352228,11427.493314,22.225447,9.967559,502.541135,252547.592367,0.02723,0.005379,0.032223,0.000074,0.699522,0.120878
2022-06-15,2022-06-14,390,375,11615,10510,2022年6月14日24时起国内成品油价格按机制上调,https://www.ndrc.gov.cn/xwdt/xwfb/202206/t20220614_1327247.html,382.5,11062.5,1,up,382.5,2022-06,120.039,10,4.676,4.053293,126.185,10,10.89,9.445336,118.856,10,6.077,5.388415,122.3335,10,8.2965,7.27527,123.8013,10,9.2611,8.085458,2.5,6.1,50.2,54.7,54.1,3582,2859140.2,798.2,profit_deduction,0.123974,0,1,0,443.734,443.734,443.734,0,55.011479,55.011479,55.011479,0,327.488521,S6_policy_acceptability_rule,0.0,S5 plus CPI/high-adjustment caps,0,3026.262822,0,8047.530503,55.011479,557.552614,310864.917378,0,0.163839,0,0.02665,0.861053,0.165923
2022-06-29,2022-06-28,-320,-310,11295,10200,2022年6月28日24时起国内成品油价格按机制下调,https://www.ndrc.gov.cn/xwdt/xwfb/202206/t20220628_1328991.html,-315,10747.5,1,down,315,2022-06,116.169,10,-3.87,-3.223952,120.083,10,-6.102,-4.835757,112.525,10,-6.331,-5.326614,116.8135,10,-5.52,-4.512255,118.5289,10,-5.2724,-4.25876,2.5,6.1,50.2,54.7,54.1,3582,2859140.2,798.2,profit_deduction,0.229422,0,0,0,-249.790247,-249.790247,-249.790247,0,-249.790247,-249.790247,-249.790247,0,-65.209753,S6_policy_acceptability_rule,-224.8112223,S5 plus CPI/high-adjustment caps,0,623.951675,0,50540.085672,-24.979025,532.573589,283634.62802,0,0.03378,0,0.167365,0.785629,0.149705
2022-07-13,2022-07-12,-360,-345,10935,9855,2022年7月12日24时起国内成品油价格按机制下调,https://www.ndrc.gov.cn/xwdt/xwfb/202207/t20220712_1330413.html,-352.5,10395,1,down,352.5,2022-07,112.316,10,-3.853,-3.31672,116.503,10,-3.58,-2.981271,107.416,10,-5.109,-4.540324,111.854,10,-4.9595,-4.245657,113.6292,10,-4.8997,-4.13376,2.7,4.2,49,53.8,52.5,3733,3017713.3,808.39,profit_deduction,0.327416,0,0,0,-232.005371,-232.005371,-232.005371,0,-232.005371,-232.005371,-232.005371,0,-120.494629,S6_policy_acceptability_rule,-208.8048339,S5 plus CPI/high-adjustment caps,0,538.264922,0,256.20447,-23.200537,509.373052,259460.906308,0,0.029141,0,0.000848,0.718671,0.113756
2022-07-27,2022-07-26,-300,-290,10635,9565,2022年7月26日24时起国内成品油价格按机制下调,https://www.ndrc.gov.cn/xwdt/xwfb/202207/t20220726_1331402.html,-295,10100,1,down,295,2022-07,106.816,10,-5.5,-4.896898,111.005,10,-5.498,-4.719192,100.454,10,-6.962,-6.481344,105.7295,10,-6.1245,-5.475441,107.8397,10,-5.7895,-5.095081,2.7,4.2,49,53.8,52.5,3733,3017713.3,808.39,profit_deduction,0.443206,0,0,0,-274.465747,-274.465747,-274.465747,0,-274.465747,-274.465747,-274.465747,0,-20.534253,S6_policy_acceptability_rule,-247.01917230000004,S5 plus CPI/high-adjustment caps,0,753.314463,0,1460.335659,-27.446575,481.926477,232253.129716,0,0.040784,0,0.004836,0.643309,0.105379
2022-08-10,2022-08-09,-130,-125,10505,9440,2022年8月9日24时起国内成品油价格按机制下调,https://www.ndrc.gov.cn/xwdt/xwfb/202208/t20220809_1332823.html,-127.5,9972.5,1,down,127.5,2022-08,105.68,10,-1.136,-1.063511,105.433,10,-5.572,-5.019594,96.175,10,-4.279,-4.259661,100.804,10,-4.9255,-4.658586,102.6556,10,-5.1841,-4.807228,2.5,2.3,49.4,52.6,51.7,4035,3050600.4,756.03,profit_deduction,0.546888,0,0,0,-245.576658,-245.576658,-245.576658,0,-245.576658,-245.576658,-245.576658,0,118.076658,S6_policy_acceptability_rule,-221.0189922,S5 plus CPI/high-adjustment caps,0,603.07895,0,676.009365,-24.557666,457.368812,209186.229916,0,0.03265,0,0.002239,0.579417,0.093778
2022-08-24,2022-08-23,-205,-200,10300,9240,2022年8月23日24时起国内成品油价格按机制下调,https://www.ndrc.gov.cn/xwdt/xwfb/202208/t20220823_1333590.html,-202.5,9770,1,down,202.5,2022-08,99.905,10,-5.775,-5.46461,99.845,10,-5.588,-5.300048,93.223,10,-2.952,-3.069405,96.534,10,-4.27,-4.235943,97.8584,10,-4.7972,-4.673101,2.5,2.3,49.4,52.6,51.7,4035,3050600.4,756.03,profit_deduction,0.642832,0,0,0,-227.114173,-227.114173,-227.114173,0,-227.114173,-227.114173,-227.114173,0,24.614173,S6_policy_acceptability_rule,-204.4027557,S5 plus CPI/high-adjustment caps,0,515.808476,0,276.099315,-22.711417,434.657394,188927.050507,0,0.027925,0,0.000914,0.523302,0.084218
2022-09-07,2022-09-06,190,185,10490,9425,2022年9月6日24时起国内成品油价格按机制上调,https://www.ndrc.gov.cn/xwdt/xwfb/202209/t20220906_1335202.html,187.5,9957.5,1,up,187.5,2022-09,102.388,10,2.483,2.485361,96.98,10,-2.865,-2.869448,92.631,10,-0.592,-0.635036,94.7245,10,-1.8095,-1.874469,95.7159,10,-2.1425,-2.189388,2.8,0.9,50.1,50.6,50.9,4024,2884192.5,716.75,profit_deduction,0.685682,0,0,0,-100.434514,-100.434514,-100.434514,0,-100.434514,-100.434514,-100.434514,0,287.934514,S6_policy_acceptability_rule,-90.3910626,S5 plus CPI/high-adjustment caps,0,100.870916,0,12998.666164,-10.043451,424.613943,180297.00059,0,0.005461,0,0.043046,0.499398,0.082459
2022-09-22,2022-09-21,-290,-280,10200,9145,2022年9月21日24时起国内成品油价格按机制下调,https://www.ndrc.gov.cn/xwdt/xwfb/202209/t20220921_1335893.html,-285,9672.5,1,down,285,2022-09,96.179,10,-6.209,-6.064187,90.458,10,-6.522,-6.725098,86.084,10,-6.547,-7.067828,88.331,10,-6.3935,-6.749574,89.1818,10,-6.5341,-6.826557,2.8,0.9,50.1,50.6,50.9,4024,2884192.5,716.75,profit_deduction,0.816364,0,0,0,-309.997323,-309.997323,-309.997323,0,-309.997323,-309.997323,-309.997323,0,24.997323,S6_policy_acceptability_rule,-247.9978584,S5 plus CPI/high-adjustment caps,0,3843.933611,0,24839.902082,-61.999465,362.614478,131489.259945,0,0.208107,0,0.082258,0.364207,0.108591
2022-10-10,2022-10-10,0,0,10200,9145,2022年10月10日国内成品油价格不作调整,https://www.ndrc.gov.cn/xwdt/xwfb/202210/t20221010_1338431.html,0,9672.5,0,no_adjust,0,2022-10,92.482,10,-3.697,-3.843874,90.968,10,0.51,0.563798,84.149,10,-1.935,-2.247804,87.5585,10,-0.7725,-0.874551,88.9223,10,-0.2595,-0.290979,2.1,-1.3,49.2,48.7,49,4314,2984358.1,691.78,profit_deduction,0.821554,0,0,0,-10.579616,0,-10.579616,-10.579616,-10.579616,0,-10.579616,-10.579616,0,S6_policy_acceptability_rule,0.0,S5 plus CPI/high-adjustment caps,0,0,0,61502.937771,0,362.614478,131489.259945,0,0,0,0.203669,0.364207,0.085181
2022-10-25,2022-10-24,185,175,10385,9320,2022年10月24日24时起国内成品油价格按机制上调,https://www.ndrc.gov.cn/xwdt/xwfb/202210/t20221024_1338989.html,180,9852.5,1,up,180,2022-10,93.495,10,1.013,1.095348,92.83,10,1.862,2.046874,87.165,10,3.016,3.584119,89.9975,10,2.439,2.785566,91.1305,10,2.2082,2.483292,2.1,-1.3,49.2,48.7,49,4314,2984358.1,691.78,profit_deduction,0.77739,0,1,0,107.176587,96.596971,96.596971,0,83.318007,72.738391,72.738391,0,107.261609,S6_policy_acceptability_rule,65.46455189999999,S5 plus CPI/high-adjustment caps,4285.607555,52.908735,6085.562729,4285.607555,7.273839,369.888317,136817.367423,0.014501,0.002864,0.01716,0.014192,0.378965,0.067462
2022-11-08,2022-11-07,155,150,10540,9470,2022年11月7日24时起国内成品油价格按机制上调,https://www.ndrc.gov.cn/xwdt/xwfb/202211/t20221107_1340921.html,152.5,10005,1,up,152.5,2022-11,93.968,10,0.473,0.505909,94.438,10,1.608,1.732199,88.503,10,1.338,1.53502,91.4705,10,1.473,1.636712,92.6575,10,1.527,1.675619,1.6,-1.3,48,46.7,47.1,4674,3158599.9,675.78,profit_deduction,0.74685,0,1,0,74.670397,74.670397,74.670397,0,55.767586,55.767586,55.767586,0,96.732414,S6_policy_acceptability_rule,50.1908274,S5 plus CPI/high-adjustment caps,2519.119155,31.100236,3325.237285,233.28666,5.576759,375.465076,140974.023371,0.008524,0.001684,0.009376,0.000773,0.390479,0.063499
2022-11-22,2022-11-21,-175,-165,10365,9305,2022年11月21日24时起国内成品油价格按机制下调,https://www.ndrc.gov.cn/xwdt/xwfb/202211/t20221121_1341667.html,-170,9835,1,down,170,2022-11,92.801,10,-1.167,-1.241912,94.082,10,-0.356,-0.376967,86.215,10,-2.288,-2.585223,90.1485,10,-1.322,-1.445275,91.7219,10,-0.9356,-1.00974,1.6,-1.3,48,46.7,47.1,4674,3158599.9,675.78,profit_deduction,0.765562,0,0,0,-42.84244,0,-42.84244,-42.84244,-42.84244,0,-42.84244,-42.84244,-170,S6_policy_acceptability_rule,0.0,S5 plus CPI/high-adjustment caps,0,0,0,2519.119155,0,375.465076,140974.023371,0,0,0,0.008342,0.390479,0.059823
2022-12-06,2022-12-05,-440,-425,9925,8880,2022年12月5日24时起国内成品油价格按机制下调,https://www.ndrc.gov.cn/xwdt/xwfb/202212/t20221205_1343287.html,-432.5,9402.5,1,down,432.5,2022-12,83.55,10,-9.251,-9.968643,85.713,10,-8.369,-8.895432,79.148,10,-7.067,-8.196949,82.5975,10,-7.551,-8.376179,83.9773,10,-7.7446,-8.443567,1.8,-0.7,47,41.6,42.6,4807,3073177.7,639.31,profit_deduction,0.920454,0,0,0,-367.761186,-410.603625,-410.603625,0,-367.761186,-410.603625,-410.603625,0,-21.896375,S6_policy_acceptability_rule,-328.48290000000003,S5 plus CPI/high-adjustment caps,0,6743.813475,0,107901.015592,-82.120725,293.344351,86050.908322,0,0.365105,0,0.357318,0.238349,0.162371
2022-12-20,2022-12-19,-480,-460,9445,8420,2022年12月19日24时起国内成品油价格按机制下调,https://www.ndrc.gov.cn/xwdt/xwfb/202212/t20221219_1343672.html,-470,8932.5,1,down,470,2022-12,78.2,10,-5.35,-6.403351,79.679,10,-6.034,-7.039772,74.094,10,-5.054,-6.385506,76.8865,10,-5.711,-6.914253,78.0035,10,-5.9738,-7.113589,1.8,-0.7,47,41.6,42.6,4807,3073177.7,639.31,normal,1,0,0,0,-283.260361,-283.260361,-283.260361,0,-283.260361,-283.260361,-283.260361,0,-186.739639,S6_policy_acceptability_rule,-254.9343249,S5 plus CPI/high-adjustment caps,0,802.364321,0,5409.392899,-28.326036,265.018315,70234.707285,0,0.043439,0,0.017913,0.19454,0.040556
2023-01-04,2023-01-03,250,240,9695,8660,2023年1月3日24时起国内成品油价格按机制上调,https://www.ndrc.gov.cn/xwdt/xwfb/202301/t20230103_1345637.html,245,9177.5,1,up,245,2023-01,80.192,10,1.992,2.547315,81.141,10,1.462,1.834862,77.751,10,3.657,4.935622,79.268,10,2.3815,3.097423,80.0172,10,2.0137,2.581551,2.1,-0.8,50.1,54.4,52.9,4333,2571954.1,593.57,profit_deduction,0.999656,0,1,0,97.895239,97.895239,97.895239,0,97.861563,97.861563,97.861563,0,147.138437,S6_policy_acceptability_rule,88.0754067,S5 plus CPI/high-adjustment caps,7757.277265,95.768855,11015.333717,117655.675972,9.786156,274.804471,75517.497446,0.026248,0.005185,0.03106,0.389621,0.209173,0.105183
2023-01-18,2023-01-17,-205,-195,9490,8465,2023年1月17日24时起国内成品油价格按机制下调,https://www.ndrc.gov.cn/xwdt/xwfb/202301/t20230117_1346762.html,-200,8977.5,1,down,200,2023-01,78.849,10,-1.343,-1.674731,79.449,10,-1.692,-2.085259,76.271,10,-1.48,-1.903512,77.8685,10,-1.3995,-1.76553,78.5075,10,-1.5097,-1.886719,2.1,-0.8,50.1,54.4,52.9,4333,2571954.1,593.57,normal,1,0,0,0,-70.237924,-70.237924,-70.237924,0,-70.237924,-70.237924,-70.237924,0,-129.762076,S6_policy_acceptability_rule,-63.21413160000001,S5 plus CPI/high-adjustment caps,0,49.33366,0,22888.524399,-7.023792,267.780679,71706.491992,0,0.002671,0,0.075796,0.198617,0.041696
2023-02-04,2023-02-03,210,200,9700,8665,2023年2月3日24时起国内成品油价格按机制上调,https://www.ndrc.gov.cn/xwdt/xwfb/202302/t20230203_1348327.html,205,9182.5,1,up,205,2023-02,83.836,10,4.987,6.324747,84.698,10,5.249,6.606754,79.203,10,2.932,3.844187,81.9505,10,4.082,5.242171,83.0495,10,4.542,5.785435,1,-1.4,52.6,56.3,56.4,4074,2379809.1,584.15,profit_deduction,0.93901,0,1,0,218.543215,218.543215,218.543215,0,205.214264,205.214264,205.214264,0,-0.214264,S6_policy_acceptability_rule,184.6928376,S5 plus CPI/high-adjustment caps,34111.444261,421.128941,40933.733113,61457.865378,20.521426,288.302105,83118.10392,0.115423,0.0228,0.115423,0.20352,0.230226,0.127333
2023-02-17,2023-02-17,0,0,9700,8665,2023年2月17日国内成品油价格不作调整,https://www.ndrc.gov.cn/xwdt/xwfb/202302/t20230217_1348864.html,0,9182.5,0,no_adjust,0,2023-02,82.191,10,-1.645,-1.962164,83.423,10,-1.275,-1.505348,77.717,10,-1.486,-1.876192,80.57,10,-1.3805,-1.684553,81.7112,10,-1.3383,-1.611449,1,-1.4,52.6,56.3,56.4,4074,2379809.1,584.15,profit_deduction,0.965776,0,0,0,-62.058885,-62.058885,-62.058885,0,-62.058885,-62.058885,-62.058885,0,62.058885,S6_policy_acceptability_rule,-55.852996499999996,S5 plus CPI/high-adjustment caps,0,38.513052,0,57862.298303,-6.205889,282.096217,79578.275533,0,0.002085,0,0.191613,0.220421,0.062222
2023-03-03,2023-03-03,0,0,9700,8665,2023年3月3日国内成品油价格不作调整,https://www.ndrc.gov.cn/xwdt/xwfb/202303/t20230303_1350622.html,0,9182.5,0,no_adjust,0,2023-03,81.814,10,-0.377,-0.458688,82.312,10,-1.111,-1.331767,76.451,10,-1.266,-1.628987,79.434,10,-1.136,-1.409954,80.6272,10,-1.084,-1.326624,0.7,-2.5,51.9,58.2,57,5231,3042961.1,581.72,profit_deduction,0.987456,0,0,0,-49.923941,0,-49.923941,-49.923941,-49.923941,0,-49.923941,-49.923941,0,S6_policy_acceptability_rule,0.0,S5 plus CPI/high-adjustment caps,0,0,0,3119.557218,0,282.096217,79578.275533,0,0,0,0.010331,0.220421,0.034613
2023-03-18,2023-03-17,-100,-95,9600,8570,2023年3月17日24时起国内成品油价格按机制下调,https://www.ndrc.gov.cn/xwdt/xwfb/202303/t20230317_1351325.html,-97.5,9085,1,down,97.5,2023-03,80.844,10,-0.97,-1.185616,80.389,10,-1.923,-2.336233,74.756,10,-1.695,-2.217106,77.5725,10,-1.8615,-2.343455,78.6991,10,-1.9281,-2.391377,0.7,-2.5,51.9,58.2,57,5231,3042961.1,581.72,normal,1,0,0,0,-90.203558,-140.127499,-140.127499,0,-90.203558,-140.127499,-140.127499,0,42.627499,S6_policy_acceptability_rule,-126.1147491,S5 plus CPI/high-adjustment caps,0,196.35716,0,15904.929941,-14.01275,268.083467,71868.745225,0,0.010631,0,0.05267,0.199066,0.039887
2023-04-01,2023-03-31,-335,-320,9265,8250,2023年3月31日24时起国内成品油价格按机制下调,https://www.ndrc.gov.cn/xwdt/xwfb/202303/t20230331_1353081.html,-327.5,8757.5,1,down,327.5,2023-04,75.196,10,-5.648,-6.986295,75.308,10,-5.081,-6.320516,70.653,10,-4.103,-5.488523,72.9805,10,-4.592,-5.919624,73.9115,10,-4.7876,-6.083424,0.1,-3.6,49.2,56.4,54.4,4241,2446502.9,576.87,normal,1,0,0,0,-226.65607,-226.65607,-226.65607,0,-226.65607,-226.65607,-226.65607,0,-100.84393,S6_policy_acceptability_rule,-203.990463,S5 plus CPI/high-adjustment caps,0,513.729741,0,6064.626815,-22.665607,245.41786,60229.925958,0,0.027813,0,0.020083,0.166829,0.033599
2023-04-18,2023-04-17,550,525,9815,8775,2023年4月17日24时起国内成品油价格按机制上调,https://www.ndrc.gov.cn/xwdt/xwfb/202304/t20230417_1353648.html,537.5,9295,1,up,537.5,2023-04,85.127,10,9.931,13.20682,85.105,10,9.797,13.009242,80.75,10,10.097,14.290971,82.654,10,9.6735,13.254911,83.6344,10,9.7229,13.154786,0.1,-3.6,49.2,56.4,54.4,4241,2446502.9,576.87,profit_deduction,0.927312,0,1,0,465.770639,465.770639,465.770639,0,431.914703,431.914703,431.914703,0,105.585297,S6_policy_acceptability_rule,345.5317624,S5 plus CPI/high-adjustment caps,119392.198827,7462.012427,121780.042804,301974.676209,86.382941,331.800801,110091.771212,0.403987,0.403987,0.343389,1,0.304939,0.463382
2023-04-29,2023-04-28,-160,-155,9655,8620,2023年4月28日24时起国内成品油价格按机制下调,https://www.ndrc.gov.cn/xwdt/xwfb/202304/t20230428_1355157.html,-157.5,9137.5,1,down,157.5,2023-04,83.22,10,-1.907,-2.240182,83.607,10,-1.498,-1.760179,78.346,10,-2.404,-2.97709,80.9765,10,-1.6775,-2.029545,82.0287,10,-1.6057,-1.919904,0.1,-3.6,49.2,56.4,54.4,4241,2446502.9,576.87,profit_deduction,0.959426,0,0,0,-74.818949,-74.818949,-74.818949,0,-74.818949,-74.818949,-74.818949,0,-82.681051,S6_policy_acceptability_rule,-67.3370541,S5 plus CPI/high-adjustment caps,0,55.978751,0,170460.659638,-7.481895,324.318906,105182.75253,0,0.003031,0,0.564487,0.291342,0.12898
2023-05-17,2023-05-16,-380,-365,9275,8255,2023年5月16日24时起国内成品油价格按机制下调,https://www.ndrc.gov.cn/xwdt/xwfb/202305/t20230516_1355789.html,-372.5,8765,1,down,372.5,2023-05,75.511,10,-7.709,-9.263398,75.957,10,-7.65,-9.149952,71.141,10,-7.205,-9.196385,73.7315,10,-7.245,-8.94704,74.6217,10,-7.407,-9.029766,0.2,-4.6,48.8,54.5,52.9,5144,3030257.4,589.09,normal,1,0,0,0,-351.651247,-351.651247,-351.651247,0,-351.651247,-351.651247,-351.651247,0,-20.848753,S6_policy_acceptability_rule,-281.3209976,S5 plus CPI/high-adjustment caps,0,4946.343981,0,45789.128076,-70.330249,253.988656,64510.237478,0,0.267791,0,0.151632,0.178684,0.103106
2023-05-31,2023-05-30,100,95,9375,8350,2023年5月30日24时起国内成品油价格按机制上调,https://www.ndrc.gov.cn/xwdt/xwfb/202305/t20230530_1356745.html,97.5,8862.5,1,up,97.5,2023-05,76.035,10,0.524,0.693939,76.117,10,0.16,0.210645,72.117,10,0.976,1.371923,74.117,10,0.3855,0.522843,74.917,10,0.2953,0.395729,0.2,-4.6,48.8,54.5,52.9,5144,3030257.4,589.09,normal,1,0,0,0,15.894891,0,15.894891,15.894891,15.894891,0,15.894891,15.894891,97.5,S6_policy_acceptability_rule,0.0,S5 plus CPI/high-adjustment caps,0,0,0,79141.503691,0,253.988656,64510.237478,0,0,0,0.26208,0.178684,0.066115
2023-06-14,2023-06-13,-55,-50,9320,8300,2023年6月13日24时起国内成品油价格按机制下调,https://www.ndrc.gov.cn/xwdt/xwfb/202306/t20230613_1357539.html,-52.5,8810,1,down,52.5,2023-06,74.832,10,-1.203,-1.582166,74.764,10,-1.353,-1.777527,70.43,10,-1.687,-2.339254,72.597,10,-1.52,-2.050812,73.4638,10,-1.4532,-1.939747,0,-5.4,49,53.2,52.3,5206,2818571.4,541.41,normal,1,0,0,0,-67.5418,-51.646909,-51.646909,0,-67.5418,-51.646909,-51.646909,0,-0.853091,S6_policy_acceptability_rule,0.0,S5 plus CPI/high-adjustment caps,0,2667.403209,0,0,-51.646909,202.341747,40942.18266,0,0.144411,0,0,0.113404,0.045893
2023-06-29,2023-06-28,70,70,9390,8370,2023年6月28日24时起国内成品油价格按机制上调,https://www.ndrc.gov.cn/xwdt/xwfb/202306/t20230628_1357927.html,70,8880,1,up,70,2023-06,75.624,10,0.792,1.058371,74.793,10,0.029,0.038789,69.842,10,-0.588,-0.834872,72.225,10,-0.372,-0.512418,73.1782,10,-0.2856,-0.388763,0,-5.4,49,53.2,52.3,5206,2818571.4,541.41,normal,1,0,0,0,-11.825083,0,-11.825083,-11.825083,-11.825083,0,-11.825083,-11.825083,70,S6_policy_acceptability_rule,0.0,S5 plus CPI/high-adjustment caps,0,0,0,0,0,202.341747,40942.18266,0,0,0,0,0.113404,0.017011
2023-07-13,2023-07-12,155,150,9545,8520,2023年7月12日24时起国内成品油价格按机制上调,https://www.ndrc.gov.cn/xwdt/xwfb/202307/t20230712_1358334.html,152.5,9032.5,1,up,152.5,2023-07,76.853,10,1.229,1.625145,76.236,10,1.443,1.929325,71.281,10,1.439,2.060365,73.541,10,1.316,1.822084,74.445,10,1.2668,1.731117,-0.3,-4.4,49.3,51.5,51.1,4369,2390446.7,547.14,normal,1,0,0,0,62.25391,50.428828,50.428828,0,62.25391,50.428828,50.428828,0,102.071172,S6_policy_acceptability_rule,0.0,S5 plus CPI/high-adjustment caps,0,2543.066693,0,0,50.428828,252.770575,63892.963687,0,0.13768,0,0,0.176975,0.054082
2023-07-27,2023-07-26,275,260,9820,8780,2023年7月26日24时起国内成品油价格按机制上调,https://www.ndrc.gov.cn/xwdt/xwfb/202307/t20230726_1358699.html,267.5,9300,1,up,267.5,2023-07,81.717,10,4.864,6.328966,80.495,10,4.259,5.5866,76.468,10,5.187,7.276834,78.4815,10,4.9405,6.718021,79.2869,10,4.8419,6.503996,-0.3,-4.4,49.3,51.5,51.1,4369,2390446.7,547.14,normal,1,0,0,0,232.854146,232.854146,232.854146,0,232.854146,232.854146,232.854146,0,34.645854,S6_policy_acceptability_rule,209.5687314,S5 plus CPI/high-adjustment caps,43919.053181,542.210533,43919.053181,43919.053181,23.285415,276.05599,76206.909504,0.148609,0.029355,0.123841,0.14544,0.211083,0.127462
2023-08-10,2023-08-09,240,230,10060,9010,2023年8月9日24时起国内成品油价格按机制上调,https://www.ndrc.gov.cn/xwdt/xwfb/202308/t20230809_1359258.html,235,9535,1,up,235,2023-08,86.418,10,4.701,5.752781,85.436,10,4.941,6.138269,81.17,10,4.702,6.148977,83.303,10,4.8215,6.143486,84.1562,10,4.8693,6.141368,0.1,-3,49.7,51,51.3,5280,3064332.6,580.37,profit_deduction,0.916876,0,1,0,234.161647,234.161647,234.161647,0,214.697194,214.697194,214.697194,0,20.302806,S6_policy_acceptability_rule,193.2274746,S5 plus CPI/high-adjustment caps,37336.85694,460.948851,38083.594079,267.036674,21.469719,297.525709,88521.547635,0.126337,0.024955,0.107386,0.000884,0.245192,0.100333
2023-08-24,2023-08-23,55,55,10115,9065,2023年8月23日24时起国内成品油价格按机制上调,https://www.ndrc.gov.cn/xwdt/xwfb/202308/t20230823_1360025.html,55,9590,1,up,55,2023-08,87.708,10,1.29,1.492745,86.415,10,0.979,1.145887,81.593,10,0.423,0.521128,84.004,10,0.701,0.841506,84.9684,10,0.8122,0.96511,0.1,-3,49.7,51,51.3,5280,3064332.6,580.37,profit_deduction,0.900632,0,1,0,40.560848,0,40.560848,40.560848,36.530397,0,36.530397,36.530397,55,S6_policy_acceptability_rule,0.0,S5 plus CPI/high-adjustment caps,0,0,0,37336.85694,0,297.525709,88521.547635,0,0,0,0.123642,0.245192,0.055325
2023-09-06,2023-09-06,0,0,10115,9065,2023年9月6日国内成品油价格不作调整,https://www.ndrc.gov.cn/xwdt/xwfb/202309/t20230906_1360397.html,0,9590,0,no_adjust,0,2023-09,88.12,10,0.412,0.469741,87.006,10,0.591,0.683909,81.839,10,0.246,0.301496,84.1765,10,0.1725,0.205347,85.1091,10,0.1407,0.165591,0,-2.5,50.2,51.7,52,4574,2883165.4,630.34,profit_deduction,0.897818,0,1,0,8.517532,0,49.07838,49.07838,7.647193,0,44.177591,44.177591,0,S6_policy_acceptability_rule,0.0,S5 plus CPI/high-adjustment caps,0,0,0,0,0,297.525709,88521.547635,0,0,0,0,0.245192,0.036779
2023-09-21,2023-09-20,385,370,10500,9435,2023年9月20日24时起国内成品油价格按机制调整,https://www.ndrc.gov.cn/xwdt/xwfb/202309/t20230920_1360717.html,377.5,9967.5,1,up,377.5,2023-09,94.692,10,6.572,7.458012,93.62,10,6.614,7.601775,89.028,10,7.189,8.78432,91.324,10,7.1475,8.491087,92.2424,10,7.1333,8.38136,0,-2.5,50.2,51.7,52,4574,2883165.4,630.34,profit_deduction,0.755152,0,1,0,342.197488,391.275868,391.275868,0,258.411118,302.588708,302.588708,0,74.911292,S6_policy_acceptability_rule,242.0709664,S5 plus CPI/high-adjustment caps,58598.352774,3662.397048,58598.352774,58598.352774,60.517742,358.043451,128195.112661,0.198279,0.198279,0.165233,0.194051,0.355083,0.212904
2023-10-11,2023-10-10,-85,-80,10415,9355,2023年10月10日24时起国内成品油价格按机制调整,https://www.ndrc.gov.cn/xwdt/xwfb/202310/t20231010_1361121.html,-82.5,9885,1,down,82.5,2023-10,93.225,10,-1.467,-1.549233,92.707,10,-0.913,-0.975219,88.472,10,-0.556,-0.624523,90.7215,10,-0.6025,-0.659739,91.6213,10,-0.6211,-0.673335,-0.2,-2.6,49.5,50.6,50.7,4897,3235356,660.68,profit_deduction,0.767574,0,0,0,-27.834811,0,-27.834811,-27.834811,-27.834811,0,-27.834811,-27.834811,-82.5,S6_policy_acceptability_rule,0.0,S5 plus CPI/high-adjustment caps,0,0,0,58598.352774,0,358.043451,128195.112661,0,0,0,0.194051,0.355083,0.08237
2023-10-25,2023-10-24,-70,-70,10345,9285,2023年10月24日24时起国内成品油价格按机制调整,https://www.ndrc.gov.cn/xwdt/xwfb/202310/t20231024_1361478.html,-70,9815,1,down,70,2023-10,92.572,10,-0.653,-0.700456,91.523,10,-1.184,-1.277142,86.575,10,-1.897,-2.144181,89.049,10,-1.6725,-1.843554,90.0386,10,-1.5827,-1.727437,-0.2,-2.6,49.5,50.6,50.7,4897,3235356,660.68,profit_deduction,0.799228,0,0,0,-73.721412,-101.556222,-101.556222,0,-73.721412,-101.556222,-101.556222,0,31.556222,S6_policy_acceptability_rule,-91.40059980000001,S5 plus CPI/high-adjustment caps,0,103.136662,0,8354.069644,-10.155622,347.887829,121025.941288,0,0.005584,0,0.027665,0.335225,0.05555
2023-11-08,2023-11-07,-140,-135,10205,9150,2023年11月7日24时起国内成品油价格按机制调整,https://www.ndrc.gov.cn/xwdt/xwfb/202311/t20231107_1361829.html,-137.5,9677.5,1,down,137.5,2023-11,90.282,10,-2.29,-2.47375,88.567,10,-2.956,-3.229789,83.198,10,-3.377,-3.900664,85.8825,10,-3.1665,-3.555907,86.9563,10,-3.0823,-3.42331,-0.5,-3,49.4,50.2,50.4,4245,2755831.4,649.19,profit_deduction,0.860874,0,0,0,-145.280841,-145.280841,-145.280841,0,-145.280841,-145.280841,-145.280841,0,7.780841,S6_policy_acceptability_rule,-130.7527569,S5 plus CPI/high-adjustment caps,0,211.065228,0,1548.592268,-14.528084,333.359745,111128.719253,0,0.011427,0,0.005128,0.307811,0.049226
2023-11-22,2023-11-21,-340,-330,9865,8820,2023年11月21日24时起国内成品油价格按机制调整,https://www.ndrc.gov.cn/xwdt/xwfb/202311/t20231121_1362158.html,-335,9342.5,1,down,335,2023-11,83.981,10,-6.301,-6.979243,82.318,10,-6.249,-7.055675,77.467,10,-5.731,-6.888387,80.075,10,-5.8075,-6.762146,81.1182,10,-5.8381,-6.713832,-0.5,-3,49.4,50.2,50.4,4245,2755831.4,649.19,profit_deduction,0.977636,0,0,0,-276.784891,-276.784891,-276.784891,0,-276.784891,-276.784891,-276.784891,0,-58.215109,S6_policy_acceptability_rule,-249.1064019,S5 plus CPI/high-adjustment caps,0,766.098759,0,14007.585285,-27.678489,305.681255,93441.029903,0,0.041476,0,0.046387,0.258819,0.054076
2023-12-06,2023-12-05,-55,-50,9810,8770,2023年12月5日24时起国内成品油价格按机制调整,https://www.ndrc.gov.cn/xwdt/xwfb/202312/t20231205_1362437.html,-52.5,9290,1,down,52.5,2023-12,83.436,10,-0.545,-0.648956,80.758,10,-1.56,-1.89509,75.828,10,-1.639,-2.11574,78.413,10,-1.662,-2.075554,79.447,10,-1.6712,-2.060204,-0.3,-2.7,49,50.4,50.3,4836,2934162.3,606.73,normal,1,0,0,0,-77.944544,-77.944544,-77.944544,0,-77.944544,-77.944544,-77.944544,0,25.444544,S6_policy_acceptability_rule,-70.1500896,S5 plus CPI/high-adjustment caps,0,60.753519,0,32025.361712,-7.794454,297.886801,88736.54621,0,0.003289,0,0.106053,0.245788,0.053434
2023-12-20,2023-12-19,-415,-400,9395,8370,2023年12月19日24时起国内成品油价格按机制调整,https://www.ndrc.gov.cn/xwdt/xwfb/202312/t20231219_1362767.html,-407.5,8882.5,1,down,407.5,2023-12,77.413,10,-6.023,-7.218707,75.853,10,-4.905,-6.073702,70.353,10,-5.475,-7.220288,73.103,10,-5.31,-6.771836,74.203,10,-5.244,-6.600627,-0.3,-2.7,49,50.4,50.3,4836,2934162.3,606.73,normal,1,0,0,0,-248.435027,-248.435027,-248.435027,0,-248.435027,-248.435027,-248.435027,0,-159.064973,S6_policy_acceptability_rule,-223.5915243,S5 plus CPI/high-adjustment caps,0,617.199626,0,23544.273883,-24.843503,273.043298,74552.642747,0,0.033415,0,0.077968,0.206501,0.049353
2024-01-04,2024-01-03,200,190,9595,8560,2024年1月3日24时起国内成品油价格按机制调整,https://www.ndrc.gov.cn/xwdt/xwfb/202401/t20240103_1363079.html,195,9077.5,1,up,195,2024-01,80.061,10,2.648,3.420614,79.155,10,3.302,4.353157,73.082,10,2.729,3.87901,75.879,10,2.776,3.797382,77.1894,10,2.9864,4.024635,-0.8,-2.5,49.2,50.7,50.9,4417,2559588.4,579.49,normal,1,0,0,0,144.311521,144.311521,144.311521,0,144.311521,144.311521,144.311521,0,50.688479,S6_policy_acceptability_rule,129.8803689,S5 plus CPI/high-adjustment caps,16868.910226,208.258151,16868.910226,124942.379282,14.431152,287.47445,82641.559633,0.057079,0.011275,0.047566,0.413751,0.228906,0.124815
2024-01-18,2024-01-17,-50,-50,9545,8510,2024年1月17日24时起国内成品油价格按机制调整,https://www.ndrc.gov.cn/xwdt/xwfb/202401/t20240117_1363439.html,-50,9027.5,1,down,50,2024-01,78.739,10,-1.322,-1.651241,78.319,10,-0.836,-1.056156,72.275,10,-0.807,-1.104239,75.121,10,-0.758,-0.998959,76.2594,10,-0.93,-1.204829,-0.8,-2.5,49.2,50.7,50.9,4417,2559588.4,579.49,normal,1,0,0,0,-42.575213,0,-42.575213,-42.575213,-42.575213,0,-42.575213,-42.575213,-50,S6_policy_acceptability_rule,0.0,S5 plus CPI/high-adjustment caps,0,0,0,16868.910226,0,287.47445,82641.559633,0,0,0,0.055862,0.228906,0.042715
2024-02-01,2024-01-31,200,200,9745,8710,2024年1月31日24时起国内成品油价格按机制上调,https://www.ndrc.gov.cn/xwdt/xwfb/202401/t20240131_1363834.html,200,9227.5,1,up,200,2024-02,81.22,10,2.481,3.150916,82.032,10,3.713,4.740867,75.817,10,3.542,4.900726,78.9245,10,3.8035,5.063165,80.1675,10,3.9081,5.124745,0.7,-2.7,49.1,51.4,50.9,4268,2569275.2,601.99,profit_deduction,0.99665,0,1,0,188.294134,145.718921,145.718921,0,187.663349,145.088135,145.088135,0,54.911865,S6_policy_acceptability_rule,130.5793215,S5 plus CPI/high-adjustment caps,17050.959203,210.505669,19438.093492,17050.959203,14.508814,301.983264,91193.891676,0.057695,0.011397,0.054811,0.056465,0.252594,0.076765
2024-02-19,2024-02-19,0,0,9745,8710,2024年2月19日国内成品油价格按机制不作调整,https://www.ndrc.gov.cn/xwdt/xwfb/202402/t20240219_1364095.html,0,9227.5,0,no_adjust,0,2024-02,80.677,10,-0.543,-0.668555,82.975,10,0.943,1.149551,76.606,10,0.789,1.040664,79.7905,10,0.866,1.097251,81.0643,10,0.8968,1.118658,0.7,-2.7,49.1,51.4,50.9,4268,2569275.2,601.99,profit_deduction,0.978714,0,1,0,44.597876,0,44.597876,44.597876,43.648566,0,43.648566,43.648566,0,S6_policy_acceptability_rule,0.0,S5 plus CPI/high-adjustment caps,0,0,0,17050.959203,0,301.983264,91193.891676,0,0,0,0.056465,0.252594,0.046359
2024-03-05,2024-03-04,125,120,9870,8830,2024年3月4日国内成品油价格按机制调整,https://www.ndrc.gov.cn/xwdt/xwfb/202403/t20240304_1364393.html,122.5,9350,1,up,122.5,2024-03,82.259,10,1.582,1.960906,84.637,10,1.662,2.003013,79.239,10,2.633,3.437068,81.906,10,2.1155,2.651318,82.9728,10,1.9085,2.354304,0.1,-2.8,50.8,53,52.7,4905,2937969.6,588.55,profit_deduction,0.940544,0,1,0,92.875199,137.473076,137.473076,0,87.353212,131.001777,131.001777,0,-8.501777,S6_policy_acceptability_rule,117.9015993,S5 plus CPI/high-adjustment caps,13900.787117,171.614656,14178.80286,13900.787117,13.100178,315.083442,99277.575171,0.047036,0.009291,0.039981,0.046033,0.274985,0.071765
2024-03-18,2024-03-18,0,0,9870,8830,2024年3月18日国内成品油价格按机制不作调整,https://www.ndrc.gov.cn/xwdt/xwfb/202403/t20240318_1365046.html,0,9350,0,no_adjust,0,2024-03,83.077,10,0.818,0.99442,85.076,10,0.439,0.518686,79.978,10,0.739,0.932622,82.527,10,0.621,0.758186,83.5466,10,0.5738,0.691552,0.1,-2.8,50.8,53,52.7,4905,2937969.6,588.55,profit_deduction,0.929068,0,1,0,29.184636,0,29.184636,29.184636,27.114511,0,27.114511,27.114511,0,S6_policy_acceptability_rule,0.0,S5 plus CPI/high-adjustment caps,0,0,0,13900.787117,0,315.083442,99277.575171,0,0,0,0.046033,0.274985,0.048153
2024-04-02,2024-04-01,200,190,10070,9020,2024年4月1日国内成品油价格按机制调整,https://www.ndrc.gov.cn/xwdt/xwfb/202404/t20240401_1365388.html,195,9545,1,up,195,2024-04,85.577,10,2.5,3.009256,85.798,10,0.722,0.848653,82.682,10,2.704,3.38093,84.24,10,1.713,2.075684,84.8632,10,1.3166,1.575887,0.3,-2.5,50.4,51.2,51.7,4472,2791949.1,624.32,profit_deduction,0.902736,0,1,0,64.630317,93.814952,93.814952,0,58.344114,85.458625,85.458625,0,109.541375,S6_policy_acceptability_rule,76.9127625,S5 plus CPI/high-adjustment caps,5915.573035,73.031766,6270.507418,5915.573035,8.545862,323.629304,104735.926472,0.020017,0.003954,0.017681,0.01959,0.290104,0.056669
2024-04-17,2024-04-16,200,195,10270,9215,国内成品油价格按机制调整,https://www.ndrc.gov.cn/xwdt/xwfb/202404/t20240416_1365703.html,197.5,9742.5,1,up,197.5,2024-04,90.136,10,4.559,5.327366,91.224,10,5.426,6.324157,86.595,10,3.913,4.73259,88.9095,10,4.6695,5.543091,89.8353,10,4.9721,5.858959,0.3,-2.5,50.4,51.2,51.7,4472,2791949.1,624.32,profit_deduction,0.803294,0,1,0,239.067162,239.067162,239.067162,0,192.041217,192.041217,192.041217,0,5.458783,S6_policy_acceptability_rule,172.8370953,S5 plus CPI/high-adjustment caps,29872.661512,368.79829,31665.021202,9201.477623,19.204122,342.833426,117534.757846,0.10108,0.019966,0.089287,0.030471,0.325555,0.104989
2024-04-30,2024-04-29,-70,-70,10200,9145,2024年4月29日国内成品油价格按机制调整,https://www.ndrc.gov.cn/xwdt/xwfb/202404/t20240429_1366287.html,-70,9672.5,1,down,70,2024-04,88.497,10,-1.639,-1.818363,89.063,10,-2.161,-2.368894,84.561,10,-2.034,-2.348865,86.812,10,-2.0975,-2.35914,87.7124,10,-2.1229,-2.363102,0.3,-2.5,50.4,51.2,51.7,4472,2791949.1,624.32,profit_deduction,0.845752,0,0,0,-99.499221,-99.499221,-99.499221,0,-99.499221,-99.499221,-99.499221,0,29.499221,S6_policy_acceptability_rule,-89.54929890000001,S5 plus CPI/high-adjustment caps,0,99.00095,0,68846.619861,-9.949922,332.883504,110811.427036,0,0.00536,0,0.227988,0.306932,0.08131
2024-05-16,2024-05-15,-235,-225,9965,8920,2024年5月15日国内成品油价格按机制调整,https://www.ndrc.gov.cn/xwdt/xwfb/202405/t20240515_1386222.html,-230,9442.5,1,down,230,2024-05,84.048,10,-4.449,-5.027289,83.616,10,-5.447,-6.115895,80.258,10,-4.303,-5.088634,82.1065,10,-4.7055,-5.420334,82.7103,10,-5.0021,-5.702842,0.3,-1.4,49.5,51.1,51,4697,2972291.4,632.81,profit_deduction,0.945794,0,0,0,-236.891798,-236.891798,-236.891798,0,-236.891798,-236.891798,-236.891798,0,6.891798,S6_policy_acceptability_rule,-213.2026182,S5 plus CPI/high-adjustment caps,0,561.17724,0,15290.143374,-23.68918,309.194324,95601.129932,0,0.030382,0,0.050634,0.264802,0.053392
2024-05-29,2024-05-29,0,0,9965,8920,2024年5月29日国内成品油价格按机制不作调整,https://www.ndrc.gov.cn/xwdt/xwfb/202405/t20240529_1386532.html,0,9442.5,0,no_adjust,0,2024-05,83.251,10,-0.797,-0.948268,80.741,10,-2.875,-3.438337,80.041,10,-0.217,-0.270378,80.391,10,-1.7155,-2.08936,80.531,10,-2.1793,-2.634859,0.3,-1.4,49.5,51.1,51,4697,2972291.4,632.81,profit_deduction,0.98938,0,0,0,-102.190574,-102.190574,-102.190574,0,-102.190574,-102.190574,-102.190574,0,102.190574,S6_policy_acceptability_rule,-91.9715166,S5 plus CPI/high-adjustment caps,0,104.429134,0,14696.979995,-10.219057,298.975266,89386.209979,0,0.005654,0,0.04867,0.247587,0.045569
2024-06-14,2024-06-13,-190,-180,9775,8740,2024年6月13日国内成品油价格按机制调整,https://www.ndrc.gov.cn/xwdt/xwfb/202406/t20240613_1386864.html,-185,9257.5,1,down,185,2024-06,80.884,10,-2.367,-2.843209,78.402,10,-2.339,-2.896917,77.178,10,-2.863,-3.576917,77.79,10,-2.601,-3.235437,78.0348,10,-2.4962,-3.099676,0.2,-0.8,49.5,50.5,50.5,4645,2823960,607.96,normal,1,0,0,0,-117.312728,-117.312728,-117.312728,0,-117.312728,-117.312728,-117.312728,0,-67.687272,S6_policy_acceptability_rule,-105.58145520000001,S5 plus CPI/high-adjustment caps,0,137.622762,0,185.230429,-11.731273,287.243994,82509.111917,0,0.007451,0,0.000613,0.228539,0.035863
2024-06-28,2024-06-27,210,200,9985,8940,2024年6月27日国内成品油价格按机制调整,https://www.ndrc.gov.cn/xwdt/xwfb/202406/t20240627_1391342.html,205,9462.5,1,up,205,2024-06,84.8,10,3.916,4.841501,84.747,10,6.345,8.092906,81.442,10,4.264,5.524891,82.8385,10,5.0485,6.489909,83.3971,10,5.3623,6.871678,0.2,-0.8,49.5,50.5,50.5,4645,2823960,607.96,profit_deduction,0.932058,0,1,0,257.68712,257.68712,257.68712,0,240.179341,240.179341,240.179341,0,-35.179341,S6_policy_acceptability_rule,216.1614069,S5 plus CPI/high-adjustment caps,46725.753833,576.861158,48594.783986,103518.469312,24.017934,311.261928,96883.987698,0.158106,0.031231,0.137025,0.342805,0.268355,0.171703
2024-07-12,2024-07-11,110,105,10095,9045,2024年7月11日国内成品油价格按机制调整,https://www.ndrc.gov.cn/xwdt/xwfb/202407/t20240711_1391617.html,107.5,9570,1,up,107.5,2024-07,86.717,10,1.917,2.260613,87.454,10,2.707,3.194213,83.628,10,2.186,2.684119,85.412,10,2.5735,3.106647,86.1256,10,2.7285,3.271696,0.5,-0.8,49.4,50.2,50.2,4234,2578459.6,608.99,profit_deduction,0.877488,0,1,0,132.004789,132.004789,132.004789,0,115.832618,115.832618,115.832618,0,-8.332618,S6_policy_acceptability_rule,104.2493562,S5 plus CPI/high-adjustment caps,10867.928268,134.171954,11954.721095,12524.307092,11.583262,322.84519,104229.016448,0.036774,0.007264,0.033709,0.041475,0.2887,0.0686
2024-07-26,2024-07-25,-145,-140,9950,8905,2024年7月25日国内成品油价格按机制调整,https://www.ndrc.gov.cn/xwdt/xwfb/202407/t20240725_1391947.html,-142.5,9427.5,1,down,142.5,2024-07,84.334,10,-2.383,-2.748019,85.272,10,-2.182,-2.495026,82.058,10,-1.57,-1.877362,83.665,10,-1.747,-2.04538,84.3078,10,-1.8178,-2.110638,0.5,-0.8,49.4,50.2,50.2,4234,2578459.6,608.99,profit_deduction,0.913844,0,0,0,-84.940151,-84.940151,-84.940151,0,-84.940151,-84.940151,-84.940151,0,-57.559849,S6_policy_acceptability_rule,-76.4461359,S5 plus CPI/high-adjustment caps,0,72.148293,0,32650.860865,-8.494015,314.351174,98816.66091,0,0.003906,0,0.108124,0.273708,0.058056
2024-08-09,2024-08-08,-305,-290,9645,8615,2024年8月8日国内成品油价格按机制调整,https://www.ndrc.gov.cn/xwdt/xwfb/202408/t20240808_1392318.html,-297.5,9130,1,down,297.5,2024-08,79.12,10,-5.214,-6.18256,79.763,10,-5.509,-6.460503,76.928,10,-5.13,-6.251676,78.3455,10,-5.3195,-6.358095,78.9125,10,-5.3953,-6.399526,0.6,-1.8,49.1,50.3,50.1,4910,2936268.9,598.02,normal,1,0,0,0,-255.654913,-255.654913,-255.654913,0,-255.654913,-255.654913,-255.654913,0,-41.845087,S6_policy_acceptability_rule,-230.0894217,S5 plus CPI/high-adjustment caps,0,653.594345,0,23606.259271,-25.565491,288.785683,83397.170821,0,0.035385,0,0.078173,0.230999,0.053453
2024-08-22,2024-08-22,0,0,9645,8615,2024年8月22日国内成品油价格按机制不作调整,https://www.ndrc.gov.cn/xwdt/xwfb/202408/t20240822_1392530.html,0,9130,0,no_adjust,0,2024-08,78.904,10,-0.216,-0.273003,81.291,10,1.528,1.915675,77.721,10,0.793,1.030834,79.506,10,1.1605,1.481259,80.22,10,1.3075,1.656898,0.6,-1.8,49.1,50.3,50.1,4910,2936268.9,598.02,profit_deduction,0.9956,0,1,0,64.196074,64.196074,64.196074,0,63.913611,63.913611,63.913611,0,-63.913611,S6_policy_acceptability_rule,57.522249900000006,S5 plus CPI/high-adjustment caps,3308.809234,40.849497,3705.866342,82720.473641,6.391361,295.177044,87129.487482,0.011196,0.002212,0.01045,0.273932,0.241337,0.083144
2024-09-06,2024-09-05,-100,-100,9545,8515,2024年9月5日国内成品油价格按机制调整,https://www.ndrc.gov.cn/xwdt/xwfb/202409/t20240905_1392834.html,-100,9030,1,down,100,2024-09,77.58,10,-1.324,-1.677988,79.016,10,-2.275,-2.798588,74.55,10,-3.171,-4.079978,76.678,10,-2.828,-3.556964,77.6544,10,-2.5656,-3.198205,0.4,-2.8,49.8,50,50.4,4549,2573473.2,565.72,normal,1,0,0,0,-120.624428,-120.624428,-120.624428,0,-120.624428,-120.624428,-120.624428,0,20.624428,S6_policy_acceptability_rule,-108.5619852,S5 plus CPI/high-adjustment caps,0,145.502526,0,27583.973149,-12.062443,283.114601,80153.877583,0,0.007877,0,0.091345,0.222015,0.04858
2024-09-21,2024-09-20,-365,-350,9180,8165,2024年9月20日国内成品油价格按机制调整,https://www.ndrc.gov.cn/xwdt/xwfb/202409/t20240920_1393111.html,-357.5,8672.5,1,down,357.5,2024-09,72.829,10,-4.751,-6.124001,73.229,10,-5.787,-7.323833,70.068,10,-4.482,-6.012072,71.6485,10,-5.0295,-6.559248,72.2807,10,-5.3737,-6.92002,0.4,-2.8,49.8,50,50.4,4549,2573473.2,565.72,normal,1,0,0,0,-254.624182,-254.624182,-254.624182,0,-254.624182,-254.624182,-254.624182,0,-102.875818,S6_policy_acceptability_rule,-229.1617638,S5 plus CPI/high-adjustment caps,0,648.334741,0,14544.306598,-25.462418,257.652183,66384.647559,0,0.0351,0,0.048164,0.183876,0.041826
2024-10-11,2024-10-10,140,135,9320,8300,2024年10月10日国内成品油价格按机制调整,https://www.ndrc.gov.cn/xwdt/xwfb/202410/t20241010_1393553.html,137.5,8810,1,up,137.5,2024-10,74.879,10,2.05,2.814813,76.108,10,2.879,3.931503,72.203,10,2.135,3.04704,74.1555,10,2.507,3.499026,74.9365,10,2.6558,3.674286,0.3,-2.9,50.1,50.2,50.8,4470,2430092.9,543.64,normal,1,0,0,0,128.535616,128.535616,128.535616,0,128.535616,128.535616,128.535616,0,8.964384,S6_policy_acceptability_rule,115.68205440000001,S5 plus CPI/high-adjustment caps,13382.33771,165.214046,14185.277973,118917.258951,12.853562,270.505745,73173.358024,0.045282,0.008945,0.039999,0.393799,0.20268,0.112581
2024-10-24,2024-10-23,90,85,9410,8385,2024年10月23日国内成品油价格按机制调整,https://www.ndrc.gov.cn/xwdt/xwfb/202410/t20241023_1393865.html,87.5,8897.5,1,up,87.5,2024-10,74.973,10,0.094,0.125536,75.858,10,-0.25,-0.328481,72.791,10,0.588,0.814371,74.3105,10,0.155,0.20902,74.9183,10,-0.0182,-0.024287,0.3,-2.9,50.1,50.2,50.8,4470,2430092.9,543.64,normal,1,0,0,0,0.934981,0,0.934981,0.934981,0.934981,0,0.934981,0.934981,87.5,S6_policy_acceptability_rule,0.0,S5 plus CPI/high-adjustment caps,0,0,0,13382.33771,0,270.505745,73173.358024,0,0,0,0.044316,0.20268,0.037049
2024-11-07,2024-11-06,-145,-140,9265,8245,2024年11月6日国内成品油价格按机制调整,https://www.ndrc.gov.cn/xwdt/xwfb/202411/t20241106_1394298.html,-142.5,8755,1,down,142.5,2024-11,73.042,10,-1.931,-2.575594,73.949,10,-1.909,-2.516544,70.149,10,-2.642,-3.62957,72.049,10,-2.2615,-3.043312,72.809,10,-2.1093,-2.815467,0.2,-2.5,50.3,50,50.8,4852,2627508.2,541.53,normal,1,0,0,0,-98.850243,-97.915262,-97.915262,0,-98.850243,-97.915262,-97.915262,0,-44.584738,S6_policy_acceptability_rule,-88.1237358,S5 plus CPI/high-adjustment caps,0,95.873985,0,7765.792811,-9.791526,260.714219,67971.903832,0,0.005191,0,0.025717,0.188273,0.033137
2024-11-20,2024-11-20,0,0,9265,8245,2024年11月20日国内成品油价格不作调整,https://www.ndrc.gov.cn/xwdt/xwfb/202411/t20241120_1394603.html,0,8755,0,no_adjust,0,2024-11,72.541,10,-0.501,-0.685907,73.941,10,-0.008,-0.010818,70.034,10,-0.115,-0.163937,72.227,10,0.178,0.247054,73.1042,10,0.2952,0.405444,0.2,-2.5,50.3,50,50.8,4852,2627508.2,541.53,normal,1,0,0,0,15.890119,0,15.890119,15.890119,15.890119,0,15.890119,15.890119,0,S6_policy_acceptability_rule,0.0,S5 plus CPI/high-adjustment caps,0,0,0,7765.792811,0,260.714219,67971.903832,0,0,0,0.025717,0.188273,0.032098
2024-12-04,2024-12-04,0,0,9265,8245,2024年12月4日国内成品油价格按机制不作调整,https://www.ndrc.gov.cn/xwdt/xwfb/202412/t20241204_1394837.html,0,8755,0,no_adjust,0,2024-12,72.901,10,0.36,0.496271,74.395,10,0.454,0.614003,69.532,10,-0.502,-0.716795,71.9835,10,-0.2435,-0.337132,72.9641,10,-0.1401,-0.191644,0.1,-2.3,50.1,52.2,52.2,4923,2678963.5,544.17,normal,1,0,0,0,-4.881966,0,11.008153,11.008153,-4.881966,0,11.008153,11.008153,0,S6_policy_acceptability_rule,0.0,S5 plus CPI/high-adjustment caps,0,0,0,0,0,260.714219,67971.903832,0,0,0,0,0.188273,0.028241
2024-12-18,2024-12-18,0,0,9265,8245,2024年12月18日国内成品油价格按机制不作调整,https://www.ndrc.gov.cn/xwdt/xwfb/202412/t20241218_1395064.html,0,8755,0,no_adjust,0,2024-12,72.809,10,-0.092,-0.126199,73.986,10,-0.409,-0.549768,69.717,10,0.185,0.266065,71.8515,10,-0.132,-0.183375,72.7053,10,-0.2588,-0.354695,0.1,-2.3,50.1,52.2,52.2,4923,2678963.5,544.17,normal,1,0,0,0,-10.546213,0,0.46194,0.46194,-10.546213,0,0.46194,0.46194,0,S6_policy_acceptability_rule,0.0,S5 plus CPI/high-adjustment caps,0,0,0,0,0,260.714219,67971.903832,0,0,0,0,0.188273,0.028241
2025-01-03,2025-01-02,70,70,9335,8315,2025年1月2日国内成品油价格按机制调整,https://www.ndrc.gov.cn/xwdt/xwfb/202501/t20250102_1395423.html,70,8825,1,up,70,2025-01,73.555,10,0.746,1.024599,73.718,10,-0.268,-0.362231,70.712,10,0.995,1.427199,72.2475,10,0.396,0.551137,72.8357,10,0.1304,0.179354,0.5,-2.3,49.1,50.2,50.1,,,,normal,1,0,0,0,8.026026,0,8.487966,8.487966,8.026026,0,8.487966,8.487966,70,S6_policy_acceptability_rule,0.0,S5 plus CPI/high-adjustment caps,0,0,0,0,0,260.714219,67971.903832,0,0,0,0,0.188273,0.028241
2025-01-17,2025-01-16,340,325,9675,8640,2025年1月16日国内成品油价格按机制调整,https://www.ndrc.gov.cn/xwdt/xwfb/202501/t20250116_1395727.html,332.5,9157.5,1,up,332.5,2025-01,77.796,10,4.241,5.765754,79.21,10,5.492,7.450012,75.993,10,5.281,7.468322,77.4085,10,5.161,7.1435,77.9747,10,5.139,7.055606,0.5,-2.3,49.1,50.2,50.1,,,,normal,1,0,0,0,247.031465,255.51943,255.51943,0,247.031465,255.51943,255.51943,0,76.98057,S6_policy_acceptability_rule,229.967487,S5 plus CPI/high-adjustment caps,52885.045077,652.901791,58173.549585,52885.045077,25.551943,286.266162,81948.315334,0.178947,0.035348,0.164035,0.175131,0.226986,0.153132
2025-02-06,2025-02-06,0,0,9675,8640,2025年2月6日国内成品油价格按机制不作调整,https://www.ndrc.gov.cn/xwdt/xwfb/202502/t20250206_1396007.html,0,9157.5,0,no_adjust,0,2025-02,78.976,10,1.18,1.516787,77.197,10,-2.013,-2.541346,73.449,10,-2.544,-3.347677,75.323,10,-2.0855,-2.694149,76.0726,10,-1.9021,-2.439381,-0.7,-2.2,50.2,50.4,51.1,,,,normal,1,0,0,0,-88.962864,-88.962864,-88.962864,0,-88.962864,-88.962864,-88.962864,0,88.962864,S6_policy_acceptability_rule,-80.0665776,S5 plus CPI/high-adjustment caps,0,79.143912,0,96121.121212,-8.896286,277.369875,76934.047724,0,0.004285,0,0.318309,0.213097,0.080568
2025-02-20,2025-02-19,-170,-160,9505,8480,2025年2月19日国内成品油价格按机制调整,https://www.ndrc.gov.cn/xwdt/xwfb/202502/t20250219_1396225.html,-165,8992.5,1,down,165,2025-02,77.06,10,-1.916,-2.426053,75.626,10,-1.571,-2.035053,71.976,10,-1.473,-2.005473,73.8395,10,-1.4835,-1.969518,74.5849,10,-1.4877,-1.955632,-0.7,-2.2,50.2,50.4,51.1,,,,normal,1,0,0,0,-69.188106,-69.188106,-69.188106,0,-69.188106,-69.188106,-69.188106,0,-95.811894,S6_policy_acceptability_rule,-62.269295400000004,S5 plus CPI/high-adjustment caps,0,47.86994,0,316.743254,-6.918811,270.451065,73143.778397,0,0.002592,0,0.001049,0.202598,0.031065
2025-03-06,2025-03-05,-135,-130,9370,8350,2025年3月5日国内成品油价格按机制调整,https://www.ndrc.gov.cn/xwdt/xwfb/202503/t20250305_1396430.html,-132.5,8860,1,down,132.5,2025-03,75.801,10,-1.259,-1.633792,74.459,10,-1.167,-1.54312,70.295,10,-1.681,-2.335501,72.377,10,-1.4625,-1.980647,73.2098,10,-1.3751,-1.843671,-0.1,-2.5,50.5,50.8,51.4,,,,normal,1,0,0,0,-63.814945,-63.814945,-63.814945,0,-63.814945,-63.814945,-63.814945,0,-68.685055,S6_policy_acceptability_rule,-57.4334505,S5 plus CPI/high-adjustment caps,0,40.723472,0,23.385396,-6.381495,264.06957,69732.737906,0,0.002205,0,0.000077,0.19315,0.029425
2025-03-20,2025-03-19,-280,-270,9090,8080,2025年3月19日国内成品油价格按机制调整,https://www.ndrc.gov.cn/xwdt/xwfb/202503/t20250319_1396715.html,-275,8585,1,down,275,2025-03,72.828,10,-2.973,-3.922112,71.606,10,-2.853,-3.831639,67.055,10,-3.24,-4.609147,69.3305,10,-3.0465,-4.20921,70.2407,10,-2.9691,-4.055605,-0.1,-2.5,50.5,50.8,51.4,,,,normal,1,0,0,0,-139.879049,-139.879049,-139.879049,0,-139.879049,-139.879049,-139.879049,0,-135.120951,S6_policy_acceptability_rule,-125.8911441,S5 plus CPI/high-adjustment caps,0,195.661483,0,4686.455813,-13.987905,250.081665,62540.839319,0,0.010593,0,0.015519,0.173229,0.030431
2025-04-03,2025-04-02,230,220,9320,8300,2025年4月2日国内成品油价格按机制调整,https://www.ndrc.gov.cn/xwdt/xwfb/202504/t20250402_1396996.html,225,8810,1,up,225,2025-04,75.578,10,2.75,3.77602,74.395,10,2.789,3.894925,69.698,10,2.643,3.941541,72.0465,10,2.716,3.917468,72.9859,10,2.7452,3.908275,-0.1,-2.7,49,50.4,50.2,,,,normal,1,0,0,0,132.801696,132.801696,132.801696,0,132.801696,132.801696,132.801696,0,92.198304,S6_policy_acceptability_rule,119.5215264,S5 plus CPI/high-adjustment caps,14285.395273,176.362905,14285.395273,60227.378842,13.28017,263.361835,69359.456082,0.048337,0.009548,0.040281,0.199445,0.192116,0.082798
2025-04-18,2025-04-17,-480,-465,8840,7835,2025年4月17日国内成品油价格按机制调整,https://www.ndrc.gov.cn/xwdt/xwfb/202504/t20250417_1397240.html,-472.5,8337.5,1,down,472.5,2025-04,67.84,10,-7.738,-10.238429,67.309,10,-7.086,-9.524834,62.266,10,-7.432,-10.663147,64.7875,10,-7.259,-10.075437,65.7961,10,-7.1898,-9.850944,-0.1,-2.7,49,50.4,50.2,,,,normal,1,0,0,0,-341.286678,-341.286678,-341.286678,0,-341.286678,-341.286678,-341.286678,0,-131.213322,S6_policy_acceptability_rule,-273.0293424,S5 plus CPI/high-adjustment caps,0,4659.063863,0,154096.184596,-68.257336,195.104499,38065.765647,0,0.252238,0,0.510295,0.105437,0.142807
2025-04-30,2025-04-30,0,0,8840,7835,2025年4月30日国内成品油价格按机制不作调整,https://www.ndrc.gov.cn/xwdt/xwfb/202504/t20250430_1397516.html,0,8337.5,0,no_adjust,0,2025-04,68.731,10,0.891,1.313384,67.288,10,-0.021,-0.031199,63.295,10,1.029,1.652587,65.217,10,0.4295,0.662937,66.0454,10,0.2493,0.378898,-0.1,-2.7,49,50.4,50.2,,,,normal,1,0,0,0,13.699816,0,13.699816,13.699816,13.699816,0,13.699816,13.699816,0,S6_policy_acceptability_rule,0.0,S5 plus CPI/high-adjustment caps,0,0,0,74545.021811,0,195.104499,38065.765647,0,0,0,0.246859,0.105437,0.052844
2025-05-20,2025-05-19,-230,-220,8610,7615,2025年5月19日国内成品油价格按机制调整,https://www.ndrc.gov.cn/xwdt/xwfb/202505/t20250519_1397793.html,-225,8112.5,1,down,225,2025-05,63.389,10,-5.342,-7.77233,63.841,10,-3.447,-5.122756,62.167,10,-1.128,-1.782131,63.0625,10,-2.1545,-3.303586,63.3739,10,-2.6715,-4.044945,-0.1,-3.3,49.5,50.3,50.4,,,,normal,1,0,0,0,-125.677871,-111.978054,-111.978054,0,-125.677871,-111.978054,-111.978054,0,-113.021946,S6_policy_acceptability_rule,-100.78024860000001,S5 plus CPI/high-adjustment caps,0,125.390846,0,10156.658508,-11.197805,183.906694,33821.672061,0,0.006789,0,0.033634,0.093681,0.020455
2025-06-04,2025-06-03,65,60,8675,7675,2025年6月3日国内成品油价格按机制调整,https://www.ndrc.gov.cn/xwdt/xwfb/202506/t20250603_1398198.html,62.5,8175,1,up,62.5,2025-06,64.199,10,0.81,1.277824,65.483,10,1.642,2.572015,62.686,10,0.519,0.834848,64.0845,10,1.022,1.620614,64.6439,10,1.27,2.00398,0.1,-3.6,49.7,50.5,50.7,,,,normal,1,0,0,0,62.406611,62.406611,62.406611,0,62.406611,62.406611,62.406611,0,0.093389,S6_policy_acceptability_rule,56.1659499,S5 plus CPI/high-adjustment caps,3154.613928,38.945851,3217.706207,24632.109224,6.240661,190.147355,36156.016613,0.010674,0.002108,0.009073,0.08157,0.100147,0.032616
2025-06-18,2025-06-17,260,255,8935,7930,2025年6月17日国内成品油价格按机制调整,https://www.ndrc.gov.cn/xwdt/xwfb/202506/t20250617_1398486.html,257.5,8432.5,1,up,257.5,2025-06,67.733,10,3.534,5.504759,69.965,10,4.482,6.844525,67.269,10,4.583,7.311042,68.617,10,4.5325,7.072693,69.1562,10,4.5123,6.980241,0.1,-3.6,49.7,50.5,50.7,,,,normal,1,0,0,0,217.12596,217.12596,217.12596,0,217.12596,217.12596,217.12596,0,40.37404,S6_policy_acceptability_rule,195.413364,S5 plus CPI/high-adjustment caps,38186.38283,471.436825,38950.110486,19389.842334,21.712596,211.859951,44884.638838,0.129211,0.025523,0.10983,0.06421,0.124324,0.093145
2025-07-02,2025-07-01,235,225,9170,8155,2025年7月1日国内成品油价格按机制调整,https://www.ndrc.gov.cn/xwdt/xwfb/202507/t20250701_1398919.html,230,8662.5,1,up,230,2025-07,72.26,10,4.527,6.683596,73.414,10,3.449,4.929608,69.995,10,2.726,4.052387,71.4385,10,2.8215,4.111955,72.0159,10,2.8597,4.135132,0,-3.6,49.3,50.1,50.2,,,,normal,1,0,0,0,138.265523,138.265523,138.265523,0,138.265523,138.265523,138.265523,0,91.734477,S6_policy_acceptability_rule,124.4389707,S5 plus CPI/high-adjustment caps,15485.057429,191.173549,15485.057429,5037.364504,13.826552,225.686503,50934.397772,0.052397,0.01035,0.043664,0.016681,0.141081,0.04975
2025-07-16,2025-07-15,-130,-125,9040,8030,2025年7月15日国内成品油价格按机制调整,https://www.ndrc.gov.cn/xwdt/xwfb/202507/t20250715_1399195.html,-127.5,8535,1,down,127.5,2025-07,70.362,10,-1.898,-2.626626,70.971,10,-2.443,-3.327703,68.365,10,-1.63,-2.328738,69.524,10,-1.9145,-2.679927,69.9876,10,-2.0283,-2.816461,0,-3.6,49.3,50.1,50.2,,,,normal,1,0,0,0,-94.985003,-94.985003,-94.985003,0,-94.985003,-94.985003,-94.985003,0,-32.514997,S6_policy_acceptability_rule,-85.4865027,S5 plus CPI/high-adjustment caps,0,90.221508,0,44068.704382,-9.4985,216.188003,46737.252641,0,0.004885,0,0.145935,0.129456,0.042286
2025-07-29,2025-07-29,0,0,9040,8030,2025年7月29日国内成品油价格按机制不作调整,https://www.ndrc.gov.cn/xwdt/xwfb/202507/t20250729_1399467.html,0,8535,0,no_adjust,0,2025-07,70.588,10,0.226,0.321196,70.362,10,-0.609,-0.858097,67.553,10,-0.812,-1.187742,68.9575,10,-0.5665,-0.814827,69.5193,10,-0.4683,-0.669119,0,-3.6,49.3,50.1,50.2,,,,normal,1,0,0,0,-20.543346,0,-20.543346,-20.543346,-20.543346,0,-20.543346,-20.543346,0,S6_policy_acceptability_rule,0.0,S5 plus CPI/high-adjustment caps,0,0,0,7307.942144,0,216.188003,46737.252641,0,0,0,0.024201,0.129456,0.023048
2025-08-12,2025-08-12,0,0,9040,8030,2025年8月12日国内成品油价格按机制不作调整,https://www.ndrc.gov.cn/xwdt/xwfb/202508/t20250812_1399754.html,0,8535,0,no_adjust,0,2025-08,71.74,10,1.152,1.632005,69.936,10,-0.426,-0.60544,67.389,10,-0.164,-0.242772,68.6625,10,-0.295,-0.4278,69.1719,10,-0.3474,-0.499717,-0.4,-2.9,49.4,50.3,50.5,,,,normal,1,0,0,0,-14.774117,0,-35.317463,-35.317463,-14.774117,0,-35.317463,-35.317463,0,S6_policy_acceptability_rule,0.0,S5 plus CPI/high-adjustment caps,0,0,0,0,0,216.188003,46737.252641,0,0,0,0,0.129456,0.019418
2025-08-27,2025-08-26,-180,-175,8860,7855,2025年8月26日国内成品油价格按机制调整,https://www.ndrc.gov.cn/xwdt/xwfb/202508/t20250826_1400056.html,-177.5,8357.5,1,down,177.5,2025-08,69.136,10,-2.604,-3.629774,67.494,10,-2.442,-3.491764,64.257,10,-3.132,-4.647643,65.868,10,-2.7945,-4.069907,66.5184,10,-2.6535,-3.836095,-0.4,-2.9,49.4,50.3,50.5,,,,normal,1,0,0,0,-124.818929,-160.136392,-160.136392,0,-124.818929,-160.136392,-160.136392,0,-17.363608,S6_policy_acceptability_rule,-144.1227528,S5 plus CPI/high-adjustment caps,0,256.43664,0,20771.367875,-16.013639,200.174364,40069.775923,0,0.013883,0,0.068785,0.110988,0.029743
2025-09-09,2025-09-09,0,0,8860,7855,2025年9月9日国内成品油价格按机制不作调整,https://www.ndrc.gov.cn/xwdt/xwfb/202509/t20250909_1400343.html,0,8357.5,0,no_adjust,0,2025-09,70.442,10,1.306,1.88903,67.079,10,-0.415,-0.614869,64.153,10,-0.104,-0.16185,65.621,10,-0.247,-0.374992,66.2522,10,-0.2662,-0.40019,-0.3,-2.3,49.8,50,50.6,,,,normal,1,0,0,0,-10.899334,0,-10.899334,-10.899334,-10.899334,0,-10.899334,-10.899334,0,S6_policy_acceptability_rule,0.0,S5 plus CPI/high-adjustment caps,0,0,0,20771.367875,0,200.174364,40069.775923,0,0,0,0.068785,0.110988,0.026966
2025-09-23,2025-09-23,0,0,8860,7855,2025年9月23日国内成品油价格按机制不作调整,https://www.ndrc.gov.cn/xwdt/xwfb/202509/t20250923_1400624.html,0,8357.5,0,no_adjust,0,2025-09,70.572,10,0.13,0.184549,67.922,10,0.843,1.256727,63.559,10,-0.594,-0.925911,65.7405,10,0.1195,0.182106,66.6131,10,0.3609,0.544737,-0.3,-2.3,49.8,50,50.6,,,,normal,1,0,0,0,19.025258,0,8.125924,8.125924,19.025258,0,8.125924,8.125924,0,S6_policy_acceptability_rule,0.0,S5 plus CPI/high-adjustment caps,0,0,0,0,0,200.174364,40069.775923,0,0,0,0,0.110988,0.016648
2025-10-14,2025-10-13,-75,-70,8785,7785,2025年10月13日国内成品油价格按机制调整,https://www.ndrc.gov.cn/xwdt/xwfb/202510/t20251013_1400937.html,-72.5,8285,1,down,72.5,2025-10,67.17,10,-3.402,-4.820609,66.901,10,-1.021,-1.503195,62.345,10,-1.214,-1.910036,64.623,10,-1.1175,-1.699865,65.5342,10,-1.0789,-1.619651,0.2,-2.1,49,50.1,50,,,,normal,1,0,0,0,-49.680574,0,-41.55465,-41.55465,-49.680574,0,-41.55465,-41.55465,-72.5,S6_policy_acceptability_rule,0.0,S5 plus CPI/high-adjustment caps,0,0,0,0,0,200.174364,40069.775923,0,0,0,0,0.110988,0.016648
2025-10-28,2025-10-27,-265,-255,8520,7530,2025年10月27日国内成品油价格按机制调整,https://www.ndrc.gov.cn/xwdt/xwfb/202510/t20251027_1401193.html,-260,8025,1,down,260,2025-10,63.901,10,-3.269,-4.866756,62.79,10,-4.111,-6.144901,59.595,10,-2.75,-4.410939,61.2055,10,-3.4175,-5.288365,61.8497,10,-3.6845,-5.622255,0.2,-2.1,49,50.1,50,,,,normal,1,0,0,0,-174.017229,-215.571879,-215.571879,0,-174.017229,-215.571879,-215.571879,0,-44.428121,S6_policy_acceptability_rule,-194.0146911,S5 plus CPI/high-adjustment caps,0,464.71235,0,37641.700363,-21.557188,178.617176,31904.095526,0,0.025159,0,0.124652,0.08837,0.036985
2025-11-11,2025-11-10,125,120,8645,7650,2025年11月10日国内成品油价格按机制调整,https://www.ndrc.gov.cn/xwdt/xwfb/202511/t20251110_1401464.html,122.5,8147.5,1,up,122.5,2025-11,65.935,10,2.034,3.183049,64.661,10,1.871,2.979774,61.182,10,1.587,2.662975,62.9215,10,1.716,2.80367,63.6173,10,1.7676,2.857896,0.7,-2.2,49.2,49.5,49.7,,,,normal,1,0,0,0,86.151591,86.151591,86.151591,0,86.151591,86.151591,86.151591,0,36.348409,S6_policy_acceptability_rule,77.5364319,S5 plus CPI/high-adjustment caps,6011.898272,74.220966,6853.56403,73740.012403,8.615159,187.232335,35055.94727,0.020342,0.004018,0.019325,0.244193,0.0971,0.061915
2025-11-25,2025-11-24,-70,-65,8575,7585,2025年11月24日国内成品油价格按机制调整,https://www.ndrc.gov.cn/xwdt/xwfb/202511/t20251124_1401864.html,-67.5,8080,1,down,67.5,2025-11,64.545,10,-1.39,-2.108137,63.256,10,-1.405,-2.172871,60.256,10,-0.926,-1.513517,61.749,10,-1.1725,-1.863433,62.3462,10,-1.2711,-1.998041,0.7,-2.2,49.2,49.5,49.7,,,,normal,1,0,0,0,-58.852168,-58.852168,-58.852168,0,-58.852168,-58.852168,-58.852168,0,-8.647832,S6_policy_acceptability_rule,-52.9669512,S5 plus CPI/high-adjustment caps,0,34.635777,0,17031.133001,-5.885217,181.347118,32886.777279,0,0.001875,0,0.056399,0.091092,0.022499
2025-12-09,2025-12-08,-55,-55,8520,7530,2025年12月8日国内成品油价格按机制调整,https://www.ndrc.gov.cn/xwdt/xwfb/202512/t20251208_1402287.html,-55,8025,1,down,55,2025-12,63.552,10,-0.993,-1.538462,64.179,10,0.923,1.45915,59.103,10,-1.153,-1.913502,61.571,10,-0.178,-0.288264,62.5582,10,0.212,0.340037,0.8,-1.9,50.1,50.2,50.7,,,,normal,1,0,0,0,11.919897,0,11.919897,11.919897,11.919897,0,11.919897,11.919897,-55,S6_policy_acceptability_rule,0.0,S5 plus CPI/high-adjustment caps,0,0,0,2805.497919,0,181.347118,32886.777279,0,0,0,0.009291,0.091092,0.015057
2025-12-23,2025-12-22,-170,-165,8350,7365,2025年12月22日国内成品油价格按机制调整,https://www.ndrc.gov.cn/xwdt/xwfb/202512/t20251222_1402523.html,-167.5,7857.5,1,down,167.5,2025-12,61.018,10,-2.534,-3.987286,61.715,10,-2.464,-3.839262,57.298,10,-1.805,-3.05399,59.5065,10,-2.0645,-3.35304,60.3899,10,-2.1683,-3.466052,0.8,-1.9,50.1,50.2,50.7,,,,normal,1,0,0,0,-101.665665,-89.745767,-89.745767,0,-101.665665,-89.745767,-89.745767,0,-77.754233,S6_policy_acceptability_rule,-80.7711903,S5 plus CPI/high-adjustment caps,0,80.543027,0,6523.985182,-8.974577,172.372541,29712.293063,0,0.004361,0,0.021604,0.082299,0.016458
2026-01-06,2026-01-06,0,0,8350,7365,2026年1月6日国内成品油价格按机制不作调整,https://www.ndrc.gov.cn/xwdt/xwfb/202601/t20260106_1403050.html,0,7857.5,0,no_adjust,0,2026-01,60.838,10,-0.18,-0.294995,62.339,10,0.624,1.011099,57.71,10,0.412,0.719048,60.0055,10,0.499,0.838564,60.9389,10,0.549,0.909092,0.2,-1.4,49.3,49.4,49.8,,,,normal,1,0,0,0,28.001204,0,28.001204,28.001204,28.001204,0,28.001204,28.001204,0,S6_policy_acceptability_rule,0.0,S5 plus CPI/high-adjustment caps,0,0,0,6523.985182,0,172.372541,29712.293063,0,0,0,0.021604,0.082299,0.015586
2026-01-21,2026-01-20,85,85,8435,7450,2026年1月20日国内成品油价格按机制调整,https://www.ndrc.gov.cn/xwdt/xwfb/202601/t20260120_1403319.html,85,7942.5,1,up,85,2026-01,61.303,10,0.465,0.764325,65.352,10,3.013,4.83325,58.839,10,1.129,1.956333,61.9,10,1.8945,3.157211,63.1244,10,2.1855,3.586379,0.2,-1.4,49.3,49.4,49.8,,,,normal,1,0,0,0,106.093366,134.09457,134.09457,0,106.093366,134.09457,134.09457,0,-49.09457,S6_policy_acceptability_rule,120.685113,S5 plus CPI/high-adjustment caps,14564.8965,179.813537,15147.49236,14564.8965,13.409457,185.781998,34514.950967,0.049283,0.009735,0.042712,0.048232,0.095602,0.046521
2026-02-04,2026-02-03,205,195,8640,7645,2026年2月3日国内成品油价格按机制调整,https://www.ndrc.gov.cn/xwdt/xwfb/202602/t20260203_1403566.html,200,8142.5,1,up,200,2026-02,64.204,10,2.901,4.732232,68.787,10,3.435,5.256151,61.674,10,2.835,4.818233,65.2305,10,3.3305,5.380452,66.6531,10,3.5287,5.590073,1.3,-0.9,49,49.5,49.5,,,,normal,1,0,0,0,170.189541,170.189541,170.189541,0,170.189541,170.189541,170.189541,0,29.810459,S6_policy_acceptability_rule,153.1705869,S5 plus CPI/high-adjustment caps,23461.228691,289.644799,29561.148151,1055.306015,17.018954,202.800953,41128.226375,0.079386,0.015681,0.083355,0.003495,0.11392,0.061434
2026-02-25,2026-02-24,175,170,8815,7815,2026年2月24日国内成品油价格按机制调整,https://www.ndrc.gov.cn/xwdt/xwfb/202602/t20260224_1403852.html,172.5,8315,1,up,172.5,2026-02,68.106,10,3.902,6.077503,71.247,10,2.46,3.576257,64.723,10,3.049,4.943736,68.004,10,2.7735,4.251845,69.3164,10,2.6633,3.995763,1.3,-0.9,49,49.5,49.5,,,,normal,1,0,0,0,128.893509,128.893509,128.893509,0,128.893509,128.893509,128.893509,0,43.606491,S6_policy_acceptability_rule,116.0041581,S5 plus CPI/high-adjustment caps,13456.964696,166.135367,16955.775518,1381.34343,12.889351,215.690303,46522.307024,0.045534,0.008994,0.047811,0.004574,0.12886,0.04515
2026-03-10,2026-03-09,695,670,9510,8485,2026年3月9日国内成品油价格按机制调整,https://www.ndrc.gov.cn/xwdt/xwfb/202603/t20260309_1404075.html,682.5,8997.5,1,up,682.5,2026-03,77.672,10,9.566,14.045752,78.319,10,7.072,9.926032,72.118,10,7.395,11.425614,75.2185,10,7.2145,10.608935,76.4587,10,7.1423,10.303911,1,0.5,50.4,50.1,50.5,,,,normal,1,0,0,0,342.626959,342.626959,342.626959,0,342.626959,342.626959,342.626959,0,339.873041,S6_policy_acceptability_rule,274.10156720000003,S5 plus CPI/high-adjustment caps,75131.669141,4695.729321,90158.00297,24994.790764,68.525392,284.215695,80778.561455,0.254223,0.254223,0.254223,0.082771,0.223745,0.223934
2026-03-24,2026-03-23,1160,1115,10670,9600,2026年3月23日国内成品油价格调整,https://www.ndrc.gov.cn/xwdt/xwfb/202603/t20260323_1404295.html,1137.5,10135,1,up,1137.5,2026-03,125.659,10,47.987,61.781594,103.777,10,25.458,32.505522,93.959,10,21.841,30.285088,98.868,10,23.6495,31.441068,100.8316,10,24.3729,31.87721,1,0.5,50.4,50.1,50.5,,,,profit_deduction,0.583368,0,1,0,1164.85415,1164.85415,1164.85415,0,679.538636,679.538636,679.538636,0,457.961364,S6_policy_acceptability_rule,543.6309088,S5 plus CPI/high-adjustment caps,295534.565003,18470.910313,354641.478003,72646.065983,135.907727,420.123422,176503.690133,1,1,1,0.24057,0.488891,0.809419
2026-04-08,2026-04-07,420,400,11090,10000,2026年4月7日国家继续实施调控，成品油价格适当调整,https://www.ndrc.gov.cn/xwdt/xwfb/202604/t20260407_1404528.html,410,10545,1,up,410,2026-04,123.192,10,-2.467,-1.96325,117.037,10,13.26,12.777398,100.815,10,6.856,7.2968,108.161,10,9.293,9.399401,111.7114,10,10.8798,10.79007,1.2,2.8,50.3,49.4,50.1,,,,profit_deduction,0.365772,0,1,0,520.976763,520.976763,520.976763,0,190.558713,190.558713,190.558713,0,219.441287,S6_policy_acceptability_rule,171.5028417,S5 plus CPI/high-adjustment caps,29413.224711,363.126231,36472.398642,138479.298324,19.055871,439.179294,192878.452103,0.099525,0.019659,0.102843,0.458579,0.534247,0.203448
2026-04-22,2026-04-21,-555,-530,10535,9470,2026年4月21日国内成品油价格下调,https://www.ndrc.gov.cn/xwdt/xwfb/202604/t20260421_1404789.html,-542.5,10002.5,1,down,542.5,2026-04,107.016,10,-16.176,-13.130723,117.398,10,0.361,0.308449,96.897,10,-3.918,-3.886326,107.1475,10,-1.0135,-0.937029,111.2477,10,-0.4637,-0.415087,1.2,2.8,50.3,49.4,50.1,,,,profit_deduction,0.375046,0,0,0,-20.323838,0,-20.323838,-20.323838,-20.323838,0,-20.323838,-20.323838,-542.5,S6_policy_acceptability_rule,0.0,S5 plus CPI/high-adjustment caps,0,0,0,29413.224711,0,439.179294,192878.452103,0,0,0,0.097403,0.534247,0.094747
2026-05-09,2026-05-08,320,310,10855,9780,2026年5月8日国内成品油价格调整,https://www.ndrc.gov.cn/xwdt/xwfb/202605/t20260508_1405100.html,315,10317.5,1,up,315,2026-05,112.562,10,5.546,5.182403,114.626,10,-2.772,-2.361199,102.368,10,5.471,5.646202,107.562,10,0.4145,0.38685,110.3876,10,-0.8601,-0.77314,,,,,,,,,profit_deduction,0.392248,0,0,0,-39.239654,-59.563493,-59.563493,0,-39.239654,-59.563493,-59.563493,0,374.563493,S6_policy_acceptability_rule,-53.6071437,S5 plus CPI/high-adjustment caps,0,35.478097,0,2873.725856,-5.956349,433.222944,187682.119641,0,0.001921,0,0.009516,0.519854,0.07979
