date,notice_date,gasoline_adjust_cny_per_ton,diesel_adjust_cny_per_ton,beijing_gasoline_ceiling_after_cny_per_ton,beijing_diesel_ceiling_after_cny_per_ton,notice_title,source_url,avg_adjust_cny_per_ton,avg_ceiling_after_cny_per_ton,is_adjusted,adjust_direction,abs_adjust_cny_per_ton,month,basket_window_avg,basket_window_avg_valid_days,basket_window_change,basket_window_change_pct,brent_window_avg,brent_window_avg_valid_days,brent_window_change,brent_window_change_pct,wti_window_avg,wti_window_avg_valid_days,wti_window_change,wti_window_change_pct,brent_wti_avg_window_avg,brent_wti_avg_window_avg_valid_days,brent_wti_avg_window_change,brent_wti_avg_window_change_pct,brent_wti_weighted_window_avg,brent_wti_weighted_window_avg_valid_days,brent_wti_weighted_window_change,brent_wti_weighted_window_change_pct,cpi_yoy_pct,ppi_yoy_pct,nbs_manufacturing_pmi,non_manufacturing_pmi,nbs_general_pmi,import_volume_10k_tons,import_amount_10k_usd,average_price_usd_per_ton,theory_adjust_raw_cny_per_ton,carry_before_decision_cny_per_ton,theory_adjust_rule_cny_per_ton,carry_after_decision_cny_per_ton,theory_error_raw_cny_per_ton,theory_error_rule_cny_per_ton,theory_direction_raw,theory_direction_rule,actual_direction,is_theory_adjusted_rule,is_actual_adjusted,pass_through_ratio,pass_through_gap,is_under_transmitted,is_over_transmitted,strategy,strategy_action_cny_per_ton,strategy_notes,consumer_loss_raw,refinery_loss_raw,cpi_loss_raw,volatility_loss_raw,unmet_gap,cumulative_unmet_gap,security_loss_raw,consumer_loss,refinery_loss,cpi_loss,volatility_loss,security_loss,total_loss
2016-01-14,2016-01-13,-140,-135,6925,5970,完善成品油价格机制 同步下调成品油价格,https://www.ndrc.gov.cn/xwdt/ztzl/gncpyjg/201601/t20160113_1292913.html,-137.5,6447.5,1,down,137.5,2016-01,29.61,10,-9.253,-23.809279,33.936,10,-9.007,-20.974315,34.668,10,-5.88,-14.501332,34.302,10,-7.28,-17.507575,34.1556,10,-7.84,-18.668622,1.8,-5.3,49.4,53.5,,2669,752620.9,281.99,-372.313579,-372.313579,-372.313579,0,234.813579,234.813579,down,down,down,1,1,0.369312,-234.813579,1,0,S0_current,-137.5,actual historical adjustment,0,55137.416883,0,0,-234.813579,-234.813579,55137.416883,0,0.093372,0,0,0.064049,0.028282
2016-01-27,2016-01-27,0,0,6925,5970,1月27日国内成品油价格不作调整,https://www.ndrc.gov.cn/xwdt/ztzl/gncpyjg/201601/t20160127_1292914.html,0,6447.5,0,no_adjust,0,2016-01,24.442,10,-5.168,-17.453563,28.576,10,-5.36,-15.794437,29.813,10,-4.855,-14.004269,29.2835,10,-5.0185,-14.630342,29.0717,10,-5.0839,-14.884528,1.8,-5.3,49.4,53.5,,2669,752620.9,281.99,-240.795213,-240.795213,-240.795213,0,240.795213,240.795213,down,down,no_adjust,1,0,0,-240.795213,1,0,S0_current,0.0,actual historical adjustment,0,57982.334604,0,18906.25,-240.795213,-475.608792,226203.723028,0,0.09819,0,0.019097,0.262763,0.061917
2016-02-15,2016-02-15,0,0,6925,5970,2月15日国内成品油价格不作调整,https://www.ndrc.gov.cn/xwdt/ztzl/gncpyjg/201602/t20160215_1292915.html,0,6447.5,0,no_adjust,0,2016-02,28.122,10,3.68,15.056051,31.297,10,2.721,9.521976,29.702,10,-0.111,-0.372321,30.4995,10,1.216,4.152509,30.8185,10,1.7468,6.008593,2.3,-4.9,49,52.7,,3180,737326.3,231.86,85.159035,85.159035,85.159035,0,-85.159035,-85.159035,up,up,no_adjust,1,0,0,85.159035,1,0,S0_current,0.0,actual historical adjustment,0,7252.061242,0,0,85.159035,-390.449757,152451.012741,0,0.012281,0,0,0.177091,0.02902
2016-02-29,2016-02-29,0,0,6925,5970,2月29日国内成品油价格不作调整,https://www.ndrc.gov.cn/xwdt/ztzl/gncpyjg/201602/t20160229_1292916.html,0,6447.5,0,no_adjust,0,2016-02,29.175,10,1.053,3.744399,32.654,10,1.357,4.335879,30.602,10,0.9,3.030099,31.628,10,1.1285,3.700061,32.0384,10,1.2199,3.958337,2.3,-4.9,49,52.7,,3180,737326.3,231.86,60.015889,60.015889,60.015889,0,-60.015889,-60.015889,up,up,no_adjust,1,0,0,60.015889,1,0,S0_current,0.0,actual historical adjustment,0,3601.906932,0,0,60.015889,-330.433868,109186.541121,0,0.0061,0,0,0.126834,0.020245
2016-03-14,2016-03-14,0,0,6925,5970,3月14日国内成品油价格不作调整,https://www.ndrc.gov.cn/xwdt/ztzl/gncpyjg/201603/t20160314_1292917.html,0,6447.5,0,no_adjust,0,2016-03,33.3,10,4.125,14.138817,37.787,10,5.133,15.719361,36.064,10,5.462,17.848507,36.9255,10,5.2975,16.749399,37.2701,10,5.2317,16.329467,2.3,-4.3,50.2,53.8,,3261,771184.3,236.49,251.455017,251.455017,251.455017,0,-251.455017,-251.455017,up,up,no_adjust,1,0,0,251.455017,1,0,S0_current,0.0,actual historical adjustment,0,63229.625574,0,0,251.455017,-78.978851,6237.658905,0,0.107076,0,0,0.007246,0.022502
2016-03-28,2016-03-28,0,0,6925,5970,3月28日国内成品油价格不作调整,https://www.ndrc.gov.cn/xwdt/ztzl/gncpyjg/201603/t20160328_1292918.html,0,6447.5,0,no_adjust,0,2016-03,35.493,10,2.193,6.585586,38.951,10,1.164,3.080424,38.788,10,2.724,7.553239,38.8695,10,1.944,5.264655,38.9021,10,1.632,4.378845,2.3,-4.3,50.2,53.8,,3261,771184.3,236.49,79.680893,79.680893,79.680893,0,-79.680893,-79.680893,up,up,no_adjust,1,0,0,79.680893,1,0,S0_current,0.0,actual historical adjustment,0,6349.044709,0,0,79.680893,0.702042,0.492863,0,0.010752,0,0,0.000001,0.00215
2016-04-12,2016-04-12,0,0,6925,5970,4月12日国内成品油价格不作调整,https://www.ndrc.gov.cn/xwdt/ztzl/gncpyjg/201604/t20160412_1292919.html,0,6447.5,0,no_adjust,0,2016-04,34.606,10,-0.887,-2.499084,37.581,10,-1.37,-3.51724,37.018,10,-1.77,-4.563267,37.2995,10,-1.57,-4.039157,37.4121,10,-1.49,-3.830127,2.3,-3.4,50.1,53.5,,3258,870569.7,267.21,-69.297859,-69.297859,-69.297859,0,69.297859,69.297859,down,down,no_adjust,1,0,0,-69.297859,1,0,S0_current,0.0,actual historical adjustment,0,4802.193262,0,0,-69.297859,-68.595817,4705.38611,0,0.008132,0,0,0.005466,0.002446
2016-04-27,2016-04-26,165,160,7090,6130,国内成品油价格按机制上调,https://www.ndrc.gov.cn/xwdt/ztzl/gncpyjg/201604/t20160426_1292920.html,162.5,6610,1,up,162.5,2016-04,38.674,10,4.068,11.755187,42.834,10,5.253,13.977808,41.662,10,4.644,12.545248,42.248,10,4.9485,13.266934,42.4824,10,5.0703,13.552567,2.3,-3.4,50.1,53.5,,3258,870569.7,267.21,243.753168,243.753168,243.753168,0,-81.253168,-81.253168,up,up,up,1,1,0.666658,81.253168,1,0,S0_current,162.5,actual historical adjustment,26406.25,6602.07731,38553.125,26406.25,81.253168,12.657351,160.208534,0.020408,0.01118,0.02483,0.026672,0.000186,0.017574
2016-05-12,2016-05-11,120,115,7210,6245,国内成品油价格按机制上调,https://www.ndrc.gov.cn/xwdt/ztzl/gncpyjg/201605/t20160511_1292921.html,117.5,6727.5,1,up,117.5,2016-05,41.279,10,2.605,6.735791,44.283,10,1.449,3.382827,44.651,10,2.989,7.174404,44.467,10,2.219,5.25232,44.3934,10,1.911,4.498333,2,-2.8,50.1,53.1,,3224,940142.9,291.61,92.994497,92.994497,92.994497,0,24.505503,24.505503,up,up,up,1,1,1.263516,-24.505503,0,1,S0_current,117.5,actual historical adjustment,13806.25,600.519677,19328.75,2025,-24.505503,-11.848152,140.378706,0.01067,0.001017,0.012449,0.002045,0.000163,0.006314
2016-05-26,2016-05-25,210,200,7420,6445,国内成品油价格按机制上调,https://www.ndrc.gov.cn/xwdt/ztzl/gncpyjg/201605/t20160525_1292922.html,205,6932.5,1,up,205,2016-05,43.883,10,2.604,6.308292,47.743,10,3.46,7.813382,47.519,10,2.868,6.423148,47.631,10,3.164,7.115389,47.6758,10,3.2824,7.393892,2,-2.8,50.1,53.1,,3224,940142.9,291.61,158.436349,158.436349,158.436349,0,46.563651,46.563651,up,up,up,1,1,1.293895,-46.563651,0,1,S0_current,205.0,actual historical adjustment,42025,2168.173594,58835,7656.25,-46.563651,-58.411803,3411.93873,0.032479,0.003672,0.037892,0.007733,0.003963,0.020082
2016-06-09,2016-06-08,110,110,7530,6555,国内成品油价格按机制上调,https://www.ndrc.gov.cn/xwdt/ztzl/gncpyjg/201606/t20160608_1292923.html,110,7042.5,1,up,110,2016-06,45.461,10,1.578,3.595926,49.022,10,1.279,2.678927,49.158,10,1.639,3.449147,49.09,10,1.459,3.063131,49.0628,10,1.387,2.909233,1.9,-2.6,50,53.7,,3062,983636.1,321.24,67.989735,67.989735,67.989735,0,42.010265,42.010265,up,up,up,1,1,1.617891,-42.010265,0,1,S0_current,110.0,actual historical adjustment,12100,1764.862365,16698,9025,-42.010265,-100.422068,10084.591741,0.009352,0.002989,0.010754,0.009116,0.011714,0.008749
2016-06-23,2016-06-23,0,0,7530,6555,6月23日国内成品油价格不作调整,https://www.ndrc.gov.cn/xwdt/ztzl/gncpyjg/201606/t20160623_1292924.html,0,7042.5,0,no_adjust,0,2016-06,45.925,10,0.464,1.020655,48.252,10,-0.77,-1.570723,48.656,10,-0.502,-1.021197,48.454,10,-0.636,-1.29558,48.3732,10,-0.6896,-1.405546,1.9,-2.6,50,53.7,,3062,983636.1,321.24,-31.103563,-31.103563,0,-31.103563,31.103563,0,down,no_adjust,no_adjust,0,0,,,,,S0_current,0.0,actual historical adjustment,0,0,0,12100,0,-100.422068,10084.591741,0,0,0,0.012222,0.011714,0.00359
2016-07-07,2016-07-07,0,0,7530,6555,7月7日国内成品油价格不作调整,https://www.ndrc.gov.cn/xwdt/ztzl/gncpyjg/201607/t20160707_1292925.html,0,7042.5,0,no_adjust,0,2016-07,45.21,10,-0.715,-1.556886,47.014,10,-1.238,-2.565697,48.017,10,-0.639,-1.313302,47.536,10,-0.918,-1.89458,47.3436,10,-1.0296,-2.128451,1.8,-1.7,49.9,53.9,,3107,1061217.3,341.56,-47.328027,-78.43159,-78.43159,0,47.328027,78.43159,down,down,no_adjust,1,0,0,-78.43159,1,0,S0_current,0.0,actual historical adjustment,0,6151.51431,0,0,-78.43159,-178.853658,31988.63098,0,0.010417,0,0,0.037159,0.007657
2016-07-22,2016-07-21,-155,-150,7375,6405,国内成品油价格按机制下调,https://www.ndrc.gov.cn/xwdt/ztzl/gncpyjg/201607/t20160721_1292926.html,-152.5,6890,1,down,152.5,2016-07,43.027,10,-2.183,-4.828578,45.502,10,-1.512,-3.216063,45.341,10,-2.676,-5.573026,45.4215,10,-2.1145,-4.448208,45.4537,10,-1.8899,-3.991881,1.8,-1.7,49.9,53.9,,3107,1061217.3,341.56,-88.380692,-88.380692,-88.380692,0,-64.119308,-64.119308,down,down,down,1,1,1.72549,64.119308,0,1,S0_current,-152.5,actual historical adjustment,0,4111.285658,0,23256.25,64.119308,-114.73435,13163.97107,0,0.006962,0,0.023491,0.015292,0.00721
2016-08-05,2016-08-04,-220,-215,7155,6190,国内成品油价格按机制下调,https://www.ndrc.gov.cn/xwdt/ztzl/gncpyjg/201608/t20160804_1292927.html,-217.5,6672.5,1,down,217.5,2016-08,40.168,10,-2.859,-6.644665,42.258,10,-3.244,-7.129357,41.685,10,-3.656,-8.063342,41.9715,10,-3.45,-7.595522,42.0861,10,-3.3676,-7.408858,1.3,-0.8,50.4,53.5,,3285,1071423.6,326.16,-158.895074,-158.895074,-158.895074,0,-58.604926,-58.604926,down,down,down,1,1,1.368828,58.604926,0,1,S0_current,-217.5,actual historical adjustment,0,3434.537351,0,4225,58.604926,-56.129424,3150.512239,0,0.005816,0,0.004268,0.00366,0.002352
2016-08-19,2016-08-18,175,170,7330,6360,国内成品油价格按机制上调,https://www.ndrc.gov.cn/xwdt/ztzl/gncpyjg/201608/t20160818_1292928.html,172.5,6845,1,up,172.5,2016-08,41.994,10,1.826,4.545907,44.611,10,2.353,5.568176,43.842,10,2.157,5.174523,44.2265,10,2.255,5.372693,44.3803,10,2.2942,5.451206,1.3,-0.8,50.4,53.5,,3285,1071423.6,326.16,111.280422,111.280422,111.280422,0,61.219578,61.219578,up,up,up,1,1,1.550138,-61.219578,0,1,S0_current,172.5,actual historical adjustment,29756.25,3747.83673,37492.875,152100,-61.219578,-117.349002,13770.78827,0.022997,0.006347,0.024147,0.153632,0.015996,0.0385
2016-09-02,2016-09-01,205,200,7535,6560,国内成品油价格按机制上调,https://www.ndrc.gov.cn/xwdt/ztzl/gncpyjg/201609/t20160901_1292929.html,202.5,7047.5,1,up,202.5,2016-09,45.558,10,3.564,8.486927,48.766,10,4.155,9.313846,46.989,10,3.147,7.178048,47.8775,10,3.651,8.255232,48.2329,10,3.8526,8.680879,1.9,0.1,50.4,53.7,,3306,1051321.5,318,185.645729,185.645729,185.645729,0,16.854271,16.854271,up,up,up,1,1,1.090787,-16.854271,0,1,S0_current,202.5,actual historical adjustment,41006.25,284.066451,56588.625,900,-16.854271,-134.203273,18010.518484,0.031692,0.000481,0.036446,0.000909,0.020921,0.020405
2016-09-19,2016-09-18,-155,-150,7380,6410,国内成品油价格按机制下调,https://www.ndrc.gov.cn/xwdt/ztzl/gncpyjg/201609/t20160918_1292930.html,-152.5,6895,1,down,152.5,2016-09,43.204,10,-2.354,-5.16704,46.857,10,-1.909,-3.914613,44.992,10,-1.997,-4.249931,45.8865,10,-1.991,-4.15853,46.2443,10,-1.9886,-4.122912,1.9,0.1,50.4,53.7,,3306,1051321.5,318,-93.090558,-93.090558,-93.090558,0,-59.409442,-59.409442,down,down,down,1,1,1.63819,59.409442,0,1,S0_current,-152.5,actual historical adjustment,0,3529.481799,0,126025,59.409442,-74.793831,5594.117156,0,0.005977,0,0.127295,0.006498,0.021264
2016-09-30,2016-09-30,0,0,7380,6410,9月30日国内成品油价格不作调整,https://www.ndrc.gov.cn/xwdt/ztzl/gncpyjg/201609/t20160930_1292931.html,0,6895,0,no_adjust,0,2016-09,42.509,10,-0.695,-1.608647,46.193,10,-0.664,-1.417077,45.106,10,0.114,0.253378,45.6495,10,-0.237,-0.516492,45.8669,10,-0.3774,-0.816101,1.9,0.1,50.4,53.7,,3306,1051321.5,318,-16.205688,-16.205688,0,-16.205688,16.205688,0,down,no_adjust,no_adjust,0,0,,,,,S0_current,0.0,actual historical adjustment,0,0,0,23256.25,0,-74.793831,5594.117156,0,0,0,0.023491,0.006498,0.004498
2016-10-20,2016-10-19,355,340,7735,6750,国内成品油价格按机制上调,https://www.ndrc.gov.cn/xwdt/ztzl/gncpyjg/201610/t20161019_1292932.html,347.5,7242.5,1,up,347.5,2016-10,48.316,10,5.807,13.660637,49.903,10,3.71,8.03152,50.166,10,5.06,11.21802,50.0345,10,4.385,9.605801,49.9819,10,4.115,8.971611,2.1,1.2,51.2,54,,2879,940085,326.53,198.167197,181.96151,181.96151,0,149.332803,165.53849,up,up,up,1,1,1.909745,-165.53849,0,1,S0_current,347.5,actual historical adjustment,120756.25,27402.991671,171473.875,120756.25,-165.53849,-240.332321,57759.624517,0.093327,0.046405,0.110437,0.121973,0.067095,0.088582
2016-11-02,2016-11-02,0,0,7735,6750,11月2日国内成品油价格不作调整,https://www.ndrc.gov.cn/xwdt/ztzl/gncpyjg/201611/t20161102_1292933.html,0,7242.5,0,no_adjust,0,2016-11,47.32,10,-0.996,-2.061429,48.929,10,-0.974,-1.951786,49.281,10,-0.885,-1.764143,49.105,10,-0.9295,-1.857718,49.0346,10,-0.9473,-1.895286,2.3,3.3,51.7,54.7,,3235,1121513.6,346.68,-43.400752,-43.400752,0,-43.400752,43.400752,0,down,no_adjust,no_adjust,0,0,,,,,S0_current,0.0,actual historical adjustment,0,0,0,120756.25,0,-240.332321,57759.624517,0,0,0,0.121973,0.067095,0.02836
2016-11-17,2016-11-16,-365,-355,7370,6395,国内成品油价格按机制下调,https://www.ndrc.gov.cn/xwdt/ztzl/gncpyjg/201611/t20161116_1292934.html,-360,6882.5,1,down,360,2016-11,42.066,10,-5.254,-11.103128,43.26,10,-5.669,-11.586176,44.625,10,-4.656,-9.44786,43.9425,10,-5.1625,-10.513186,43.6695,10,-5.3651,-10.941458,2.3,3.3,51.7,54.7,,3235,1121513.6,346.68,-254.213799,-297.614551,-297.614551,0,-105.786201,-62.385449,down,down,down,1,1,1.209618,62.385449,0,1,S0_current,-360.0,actual historical adjustment,0,3891.944247,0,129600,62.385449,-177.946872,31665.089255,0,0.006591,0,0.130906,0.036783,0.026471
2016-12-01,2016-11-30,175,170,7545,6565,国内成品油价格按机制上调,https://www.ndrc.gov.cn/xwdt/ztzl/gncpyjg/201611/t20161130_1292935.html,172.5,7055,1,up,172.5,2016-12,44.083,10,2.017,4.794846,45.783,10,2.523,5.832178,46.242,10,1.617,3.623529,45.843,10,1.9005,4.32497,45.6834,10,2.0139,4.611686,2.1,5.5,51.4,54.5,,3638,1229788.7,338.04,97.904783,97.904783,97.904783,0,74.595217,74.595217,up,up,up,1,1,1.761916,-74.595217,0,1,S0_current,172.5,actual historical adjustment,29756.25,5564.446399,42253.875,283556.25,-74.595217,-252.542089,63777.506716,0.022997,0.009423,0.027213,0.286413,0.074085,0.068512
2016-12-15,2016-12-14,435,420,7980,6985,国内成品油价格按机制上调,https://www.ndrc.gov.cn/xwdt/ztzl/gncpyjg/201612/t20161214_1292936.html,427.5,7482.5,1,up,427.5,2016-12,50.357,10,6.274,14.232244,52.115,10,6.332,13.830461,51.279,10,5.037,10.892695,51.697,10,5.854,12.76967,51.8642,10,6.1808,13.529641,2.1,5.5,51.4,54.5,,3638,1229788.7,338.04,296.74513,296.74513,296.74513,0,130.75487,130.75487,up,up,up,1,1,1.44063,-130.75487,0,1,S0_current,427.5,actual historical adjustment,182756.25,17096.836029,259513.875,65025,-130.75487,-383.296959,146916.558779,0.141244,0.028953,0.167139,0.06568,0.170662,0.118337
2016-12-29,2016-12-28,100,95,8080,7080,国内成品油价格按机制上调,https://www.ndrc.gov.cn/xwdt/ztzl/gncpyjg/201612/t20161228_1292937.html,97.5,7580,1,up,97.5,2016-12,51.861,10,1.504,2.986675,53.536,10,1.421,2.726662,51.943,10,0.664,1.294877,52.7355,10,1.0385,2.008821,53.0557,10,1.1915,2.297346,2.1,5.5,51.4,54.5,,3638,1229788.7,338.04,58.660669,58.660669,58.660669,0,38.839331,38.839331,up,up,up,1,1,1.662102,-38.839331,0,1,S0_current,97.5,actual historical adjustment,9506.25,1508.493633,13498.875,108900,-38.839331,-422.13629,178199.047335,0.007347,0.002555,0.008694,0.109997,0.207,0.052071
2017-01-13,2017-01-12,70,70,8150,7150,国内成品油价格按机制上调,https://www.ndrc.gov.cn/xwdt/ztzl/gncpyjg/201701/t20170112_1292938.html,70,7650,1,up,70,2017-01,52.78,10,0.919,1.772045,54.659,10,1.123,2.097654,52.989,10,1.046,2.013746,53.824,10,1.0885,2.064074,54.158,10,1.1023,2.077628,2.5,6.9,51.3,54.6,54,3403,1296886.6,381.1,54.404133,54.404133,54.404133,0,15.595867,15.595867,up,up,up,1,1,1.286667,-15.595867,0,1,S0_current,70.0,actual historical adjustment,4900,243.231067,7350,756.25,-15.595867,-437.732157,191609.441272,0.003787,0.000412,0.004734,0.000764,0.222578,0.035714
2017-01-26,2017-01-25,-70,-70,8080,7080,国内成品油价格按机制下调,https://www.ndrc.gov.cn/xwdt/ztzl/gncpyjg/201701/t20170125_1292939.html,-70,7580,1,down,70,2017-01,52.077,10,-0.703,-1.331944,54.296,10,-0.363,-0.664118,52.082,10,-0.907,-1.711676,53.134,10,-0.69,-1.281956,53.5548,10,-0.6032,-1.113778,2.5,6.9,51.3,54.6,54,3403,1296886.6,381.1,-26.98064,-26.98064,0,-26.98064,-43.01936,-70,down,no_adjust,down,0,1,,,,,S0_current,-70.0,actual historical adjustment,0,4900,0,19600,70,-367.732157,135226.939292,0,0.008298,0,0.019797,0.157083,0.028192
2017-02-15,2017-02-14,50,50,8130,7130,国内成品油价格按机制上调,https://www.ndrc.gov.cn/xwdt/ztzl/gncpyjg/201702/t20170214_1292940.html,50,7630,1,up,50,2017-02,53.126,10,1.049,2.014325,54.946,10,0.65,1.197142,53.137,10,1.055,2.025652,54.0415,10,0.9075,1.707946,54.4033,10,0.8485,1.584358,0.8,7.8,51.6,54.2,54,3178,1249189.9,393.07,42.293048,15.312407,0,15.312407,7.706952,50,up,no_adjust,up,0,1,,,,,S0_current,50.0,actual historical adjustment,2500,2500,2900,14400,-50,-417.732157,174500.154992,0.001932,0.004234,0.001868,0.014545,0.202703,0.034384
2017-02-28,2017-02-28,0,0,8130,7130,2月28日国内成品油价格不作调整,https://www.ndrc.gov.cn/xwdt/ztzl/gncpyjg/201702/t20170228_1292941.html,0,7630,0,no_adjust,0,2017-02,53.492,10,0.366,0.688928,54.982,10,0.036,0.065519,53.624,10,0.487,0.916499,54.248,10,0.2065,0.382114,54.4976,10,0.0943,0.173335,0.8,7.8,51.6,54.2,54,3178,1249189.9,393.07,6.30337,21.615777,0,21.615777,-6.30337,0,up,no_adjust,no_adjust,0,0,,,,,S0_current,0.0,actual historical adjustment,0,0,0,2500,0,-417.732157,174500.154992,0,0,0,0.002525,0.202703,0.030784
2017-03-15,2017-03-14,-85,-85,8045,7045,国内成品油价格按机制下调,https://www.ndrc.gov.cn/xwdt/ztzl/gncpyjg/201703/t20170314_1292942.html,-85,7545,1,down,85,2017-03,52.329,10,-1.163,-2.174157,53.138,10,-1.844,-3.353825,51.423,10,-2.201,-4.104505,52.2805,10,-1.9675,-3.626862,52.6235,10,-1.8741,-3.438867,0.9,7.6,51.8,55.1,54.7,3895,1535754.3,394.29,-87.626732,-66.010954,-66.010954,0,2.626732,-18.989046,down,down,down,1,1,1.287665,18.989046,0,1,S0_current,-85.0,actual historical adjustment,0,360.583868,0,7225,18.989046,-398.743111,158996.06857,0,0.000611,0,0.007298,0.184693,0.028921
2017-03-29,2017-03-28,-230,-220,7815,6825,国内成品油价格按机制下调,https://www.ndrc.gov.cn/xwdt/ztzl/gncpyjg/201703/t20170328_1292943.html,-225,7320,1,down,225,2017-03,48.841,10,-3.488,-6.66552,50.2,10,-2.938,-5.529,47.564,10,-3.859,-7.504424,48.882,10,-3.3985,-6.500512,49.4092,10,-3.2143,-6.108108,0.9,7.6,51.8,55.1,54.7,3895,1535754.3,394.29,-151.57975,-151.57975,-151.57975,0,-73.42025,-73.42025,down,down,down,1,1,1.484367,73.42025,0,1,S0_current,-225.0,actual historical adjustment,0,5390.53311,0,19600,73.42025,-325.322861,105834.963889,0,0.009129,0,0.019797,0.12294,0.023236
2017-04-13,2017-04-12,200,190,8015,7015,国内成品油价格按机制上调,https://www.ndrc.gov.cn/xwdt/ztzl/gncpyjg/201704/t20170412_1292944.html,195,7515,1,up,195,2017-04,51.469,10,2.628,5.380725,53.172,10,2.972,5.920319,51.307,10,3.743,7.869397,52.2395,10,3.3575,6.868581,52.6125,10,3.2033,6.483206,1.2,6.4,51.2,54,53.9,3439,1306318.4,379.85,154.661775,154.661775,154.661775,0,40.338225,40.338225,up,up,up,1,1,1.260816,-40.338225,0,1,S0_current,195.0,actual historical adjustment,38025,1627.172396,47151,176400,-40.338225,-365.661086,133708.029815,0.029388,0.002756,0.030367,0.178177,0.155318,0.065514
2017-04-26,2017-04-26,0,0,8015,7015,4月26日国内成品油价格不作调整,https://www.ndrc.gov.cn/xwdt/ztzl/gncpyjg/201704/t20170426_1292945.html,0,7515,0,no_adjust,0,2017-04,51.698,10,0.229,0.444928,52.376,10,-0.796,-1.497029,51.328,10,0.021,0.04093,51.852,10,-0.3875,-0.741776,52.0616,10,-0.5509,-1.04709,1.2,6.4,51.2,54,53.9,3439,1306318.4,379.85,-24.484936,-24.484936,0,-24.484936,24.484936,0,down,no_adjust,no_adjust,0,0,,,,,S0_current,0.0,actual historical adjustment,0,0,0,38025,0,-365.661086,133708.029815,0,0,0,0.038408,0.155318,0.029059
2017-05-12,2017-05-11,-250,-235,7765,6780,国内成品油价格按机制下调,https://www.ndrc.gov.cn/xwdt/ztzl/gncpyjg/201705/t20170511_1292946.html,-242.5,7272.5,1,down,242.5,2017-05,48.005,10,-3.693,-7.14341,48.42,10,-3.956,-7.553078,47.39,10,-3.938,-7.672226,47.905,10,-3.947,-7.61205,48.111,10,-3.9506,-7.588318,1.5,5.5,51.2,54.5,54.1,3720,1413334.7,379.93,-186.715258,-211.200194,-211.200194,0,-55.784742,-31.299806,down,down,down,1,1,1.1482,31.299806,0,1,S0_current,-242.5,actual historical adjustment,0,979.677856,0,58806.25,31.299806,-334.36128,111797.465563,0,0.001659,0,0.059399,0.129867,0.028722
2017-05-26,2017-05-25,140,135,7905,6915,国内成品油价格按机制上调,https://www.ndrc.gov.cn/xwdt/ztzl/gncpyjg/201705/t20170525_1292947.html,137.5,7410,1,up,137.5,2017-05,50.138,10,2.133,4.443287,51.684,10,3.264,6.741016,49.478,10,2.088,4.405993,50.581,10,2.676,5.586056,51.0222,10,2.9112,6.051007,1.5,5.5,51.2,54.5,54.1,3720,1413334.7,379.93,140.723052,140.723052,140.723052,0,-3.223052,-3.223052,up,up,up,1,1,0.977096,3.223052,1,0,S0_current,137.5,actual historical adjustment,18906.25,10.388064,24578.125,144400,3.223052,-331.138228,109652.526043,0.014612,0.000018,0.015829,0.145855,0.127375,0.048598
2017-06-10,2017-06-09,-180,-175,7725,6740,国内成品油价格按机制下调,https://www.ndrc.gov.cn/xwdt/ztzl/gncpyjg/201706/t20170609_1292948.html,-177.5,7232.5,1,down,177.5,2017-06,48.032,10,-2.106,-4.200407,49.175,10,-2.509,-4.8545,47.908,10,-1.57,-3.173127,48.5415,10,-2.0395,-4.032146,48.7949,10,-2.2273,-4.365355,1.5,5.5,51.7,54.9,54.7,3611,1310854.3,363.02,-104.481086,-104.481086,-104.481086,0,-73.018914,-73.018914,down,down,down,1,1,1.698872,73.018914,0,1,S0_current,-177.5,actual historical adjustment,0,5331.761802,0,99225,73.018914,-258.119314,66625.58026,0,0.009029,0,0.100225,0.077394,0.028449
2017-06-24,2017-06-23,-250,-240,7475,6500,国内成品油价格按机制下调,https://www.ndrc.gov.cn/xwdt/ztzl/gncpyjg/201706/t20170623_1292949.html,-245,6987.5,1,down,245,2017-06,44.564,10,-3.468,-7.220187,45.654,10,-3.521,-7.160142,44.491,10,-3.417,-7.13242,45.0725,10,-3.469,-7.146462,45.3051,10,-3.4898,-7.151977,1.5,5.5,51.7,54.9,54.7,3611,1310854.3,363.02,-164.726338,-164.726338,-164.726338,0,-80.273662,-80.273662,down,down,down,1,1,1.487315,80.273662,0,1,S0_current,-245.0,actual historical adjustment,0,6443.860811,0,4556.25,80.273662,-177.845652,31629.075935,0,0.010912,0,0.004602,0.036741,0.008384
2017-07-07,2017-07-07,0,0,7475,6500,7月7日国内成品油价格不作调整,https://www.ndrc.gov.cn/xwdt/ztzl/gncpyjg/201707/t20170707_1292950.html,0,6987.5,0,no_adjust,0,2017-07,45.416,10,0.852,1.911857,46.934,10,1.28,2.803697,44.163,10,-0.328,-0.737228,45.0885,10,0.016,0.035498,45.4587,10,0.1536,0.339035,1.4,5.5,51.4,54.5,54.1,3474,1186558.3,341.55,9.133107,9.133107,0,9.133107,-9.133107,0,up,no_adjust,no_adjust,0,0,,,,,S0_current,0.0,actual historical adjustment,0,0,0,60025,0,-177.845652,31629.075935,0,0,0,0.06063,0.036741,0.014606
2017-07-22,2017-07-21,75,75,7550,6575,国内成品油价格按机制上调,https://www.ndrc.gov.cn/xwdt/ztzl/gncpyjg/201707/t20170721_1292951.html,75,7062.5,1,up,75,2017-07,46.033,10,0.617,1.358552,47.445,10,0.511,1.088763,45.803,10,1.64,3.713516,46.624,10,1.5355,3.405525,46.9524,10,1.4937,3.28584,1.4,5.5,51.4,54.5,54.1,3474,1186558.3,341.55,73.081354,82.214461,82.214461,0,1.918646,-7.214461,up,up,up,1,1,0.912248,7.214461,1,0,S0_current,75.0,actual historical adjustment,5625,52.048448,7200,5625,7.214461,-170.631191,29115.003342,0.004347,0.000088,0.004637,0.005682,0.033821,0.008189
2017-08-05,2017-08-04,175,165,7725,6740,国内成品油价格按机制上调,https://www.ndrc.gov.cn/xwdt/ztzl/gncpyjg/201708/t20170804_1292952.html,170,7232.5,1,up,170,2017-08,48.655,10,2.622,5.695914,50.495,10,3.05,6.428496,48.514,10,2.711,5.918826,49.5045,10,2.8805,6.178149,49.9007,10,2.9483,6.279338,1.8,6.3,51.7,53.4,53.7,3398,1176655.2,346.28,142.493427,142.493427,142.493427,0,27.506573,27.506573,up,up,up,1,1,1.193037,-27.506573,0,1,S0_current,170.0,actual historical adjustment,28900,756.611558,39304,9025,-27.506573,-198.137764,39258.573523,0.022335,0.001281,0.025314,0.009116,0.045604,0.020376
2017-08-18,2017-08-18,0,0,7725,6740,8月18日国内成品油价格不作调整,https://www.ndrc.gov.cn/xwdt/ztzl/gncpyjg/201708/t20170818_1292953.html,0,7232.5,0,no_adjust,0,2017-08,49.574,10,0.919,1.888809,51.425,10,0.93,1.841767,48.398,10,-0.116,-0.239106,49.9115,10,0.407,0.822147,50.5169,10,0.6162,1.234852,1.8,6.3,51.7,53.4,53.7,3398,1176655.2,346.28,31.207922,31.207922,0,31.207922,-31.207922,0,up,no_adjust,no_adjust,0,0,,,,,S0_current,0.0,actual historical adjustment,0,0,0,28900,0,-198.137764,39258.573523,0,0,0,0.029191,0.045604,0.011219
2017-09-01,2017-09-01,0,0,7725,6740,9月1日国内成品油价格不作调整,https://www.ndrc.gov.cn/xwdt/ztzl/gncpyjg/201709/t20170901_1292954.html,0,7232.5,0,no_adjust,0,2017-09,49.548,10,-0.026,-0.052447,51.921,10,0.496,0.964511,47.305,10,-1.093,-2.258358,49.613,10,-0.2985,-0.598059,50.5362,10,0.0193,0.038205,1.6,6.9,52.4,55.4,55.1,3701,1360255.4,367.54,2.724444,33.932365,0,33.932365,-2.724444,0,up,no_adjust,no_adjust,0,0,,,,,S0_current,0.0,actual historical adjustment,0,0,0,0,0,-198.137764,39258.573523,0,0,0,0,0.045604,0.006841
2017-09-16,2017-09-15,95,95,7820,6835,国内成品油价格按机制上调,https://www.ndrc.gov.cn/xwdt/ztzl/gncpyjg/201709/t20170915_1292955.html,95,7327.5,1,up,95,2017-09,51.853,10,2.305,4.652055,54.411,10,2.49,4.795747,48.431,10,1.126,2.380298,51.4255,10,1.8125,3.653276,52.6233,10,2.0871,4.129911,1.6,6.9,52.4,55.4,55.1,3701,1360255.4,367.54,101.397815,135.33018,135.33018,0,-6.397815,-40.33018,up,up,up,1,1,0.701987,40.33018,1,0,S0_current,95.0,actual historical adjustment,9025,1626.523419,11913,9025,40.33018,-157.807584,24903.233568,0.006975,0.002754,0.007673,0.009116,0.028928,0.009919
2017-09-30,2017-09-29,210,195,8030,7030,国内成品油价格按机制上调,https://www.ndrc.gov.cn/xwdt/ztzl/gncpyjg/201709/t20170929_1292956.html,202.5,7530,1,up,202.5,2017-09,54.843,10,2.99,5.766301,57.808,10,3.397,6.243223,50.772,10,2.341,4.833681,54.29,10,2.8645,5.570194,55.6972,10,3.0739,5.841329,1.6,6.9,52.4,55.4,55.1,3701,1360255.4,367.54,148.486935,148.486935,148.486935,0,54.013065,54.013065,up,up,up,1,1,1.363756,-54.013065,0,1,S0_current,202.5,actual historical adjustment,41006.25,2917.411191,54128.25,11556.25,-54.013065,-211.820649,44867.987343,0.031692,0.00494,0.034861,0.011673,0.05212,0.027195
2017-10-19,2017-10-19,0,0,8030,7030,10月19日国内成品油价格不作调整,https://www.ndrc.gov.cn/xwdt/ztzl/gncpyjg/201710/t20171019_1292957.html,0,7530,0,no_adjust,0,2017-10,54.881,10,0.038,0.069289,56.679,10,-1.129,-1.953017,50.976,10,0.204,0.401796,53.8275,10,-0.4625,-0.851906,54.9681,10,-0.7291,-1.309042,1.9,6.9,51.6,54.3,53.9,3103,1213554.1,391.09,-32.988464,-32.988464,0,-32.988464,32.988464,0,down,no_adjust,no_adjust,0,0,,,,,S0_current,0.0,actual historical adjustment,0,0,0,41006.25,0,-211.820649,44867.987343,0,0,0,0.041419,0.05212,0.014031
2017-11-03,2017-11-02,150,150,8180,7180,国内成品油价格按机制上调,https://www.ndrc.gov.cn/xwdt/ztzl/gncpyjg/201711/t20171102_1292958.html,150,7680,1,up,150,2017-11,56.863,10,1.982,3.61145,59.157,10,2.478,4.37199,52.824,10,1.848,3.625235,55.9905,10,2.163,4.018392,57.2571,10,2.289,4.164233,1.7,5.8,51.8,54.8,54.6,3704,1413334.7,381.57,111.032283,78.043819,78.043819,0,38.967717,71.956181,up,up,up,1,1,1.921997,-71.956181,0,1,S0_current,150.0,actual historical adjustment,22500,5177.691984,30150,22500,-71.956181,-283.77683,80529.289245,0.017389,0.008768,0.019418,0.022727,0.093545,0.028396
2017-11-17,2017-11-16,265,250,8445,7430,国内成品油价格按机制上调,https://www.ndrc.gov.cn/xwdt/ztzl/gncpyjg/201711/t20171116_1292959.html,257.5,7937.5,1,up,257.5,2017-11,60.746,10,3.883,6.828694,62.874,10,3.717,6.28328,56.316,10,3.492,6.610632,59.595,10,3.6045,6.437699,60.9066,10,3.6495,6.373882,1.7,5.8,51.8,54.8,54.6,3704,1413334.7,381.57,175.953998,175.953998,175.953998,0,81.546002,81.546002,up,up,up,1,1,1.463451,-81.546002,0,1,S0_current,257.5,actual historical adjustment,66306.25,6649.750442,88850.375,11556.25,-81.546002,-365.322832,133460.771581,0.051245,0.011261,0.057224,0.011673,0.155031,0.054375
2017-11-30,2017-11-30,0,0,8445,7430,11月30日国内成品油价格不作调整,https://www.ndrc.gov.cn/xwdt/ztzl/gncpyjg/201711/t20171130_1292960.html,0,7937.5,0,no_adjust,0,2017-11,60.853,10,0.107,0.176143,62.646,10,-0.228,-0.36263,56.981,10,0.665,1.180837,59.7125,10,0.1175,0.197164,60.8051,10,-0.1015,-0.166649,1.7,5.8,51.8,54.8,54.6,3704,1413334.7,381.57,-3.040013,-3.040013,0,-3.040013,3.040013,0,down,no_adjust,no_adjust,0,0,,,,,S0_current,0.0,actual historical adjustment,0,0,0,66306.25,0,-365.322832,133460.771581,0,0,0,0.066974,0.155031,0.033301
2017-12-14,2017-12-14,0,0,8445,7430,12月14日国内成品油价格不作调整,https://www.ndrc.gov.cn/xwdt/ztzl/gncpyjg/201712/t20171214_1292961.html,0,7937.5,0,no_adjust,0,2017-12,61.316,10,0.463,0.76085,63.772,10,1.126,1.797401,57.188,10,0.207,0.363279,60.48,10,0.7675,1.285326,61.7968,10,0.9917,1.630949,1.8,4.9,51.6,55,54.6,3370,1492760.9,442.96,49.12641,46.086398,0,46.086398,-49.12641,0,up,no_adjust,no_adjust,0,0,,,,,S0_current,0.0,actual historical adjustment,0,0,0,0,0,-365.322832,133460.771581,0,0,0,0,0.155031,0.023255
2017-12-29,2017-12-28,70,70,8515,7500,国内成品油价格按机制上调,https://www.ndrc.gov.cn/xwdt/ztzl/gncpyjg/201712/t20171228_1292962.html,70,8007.5,1,up,70,2017-12,62.2,10,0.884,1.441712,64.4,10,0.628,0.984758,57.944,10,0.756,1.321956,61.0505,10,0.5705,0.943287,62.3903,10,0.5935,0.960406,1.8,4.9,51.6,55,54.6,3370,1492760.9,442.96,30.1247,76.211098,76.211098,0,39.8753,-6.211098,up,up,up,1,1,0.918501,6.211098,1,0,S0_current,70.0,actual historical adjustment,4900,38.577738,6664,4900,6.211098,-359.111734,128961.237496,0.003787,0.000065,0.004292,0.004949,0.149804,0.025246
2018-01-13,2018-01-12,180,175,8695,7675,国内成品油价格按机制上调,https://www.ndrc.gov.cn/xwdt/ztzl/gncpyjg/201801/t20180112_1292963.html,177.5,8185,1,up,177.5,2018-01,65.746,10,3.546,5.700965,68.248,10,3.848,5.975155,61.781,10,3.837,6.621911,65.0145,10,3.964,6.492985,66.3079,10,3.9176,6.279181,1.5,4.3,51.3,55.3,54.6,4064,1876820,461.82,188.747464,188.747464,188.747464,0,-11.247464,-11.247464,up,up,up,1,1,0.94041,11.247464,1,0,S0_current,177.5,actual historical adjustment,31506.25,126.505446,40958.125,11556.25,11.247464,-347.86427,121009.550343,0.02435,0.000214,0.026379,0.011673,0.140567,0.035561
2018-01-27,2018-01-26,65,60,8760,7735,国内成品油价格按机制上调,https://www.ndrc.gov.cn/xwdt/ztzl/gncpyjg/201801/t20180126_1292964.html,62.5,8247.5,1,up,62.5,2018-01,67.352,10,1.606,2.442734,69.67,10,1.422,2.083578,64.253,10,2.472,4.00123,66.964,10,1.9495,2.998562,68.0484,10,1.7405,2.624876,1.5,4.3,51.3,55.3,54.6,4064,1876820,461.82,84.858406,84.858406,84.858406,0,-22.358406,-22.358406,up,up,up,1,1,0.736521,22.358406,1,0,S0_current,62.5,actual historical adjustment,3906.25,499.898319,5078.125,13225,22.358406,-325.505864,105954.067498,0.003019,0.000847,0.003271,0.013358,0.123079,0.022207
2018-02-10,2018-02-09,-170,-160,8590,7575,国内成品油价格按机制下调,https://www.ndrc.gov.cn/xwdt/ztzl/gncpyjg/201802/t20180209_1292965.html,-165,8082.5,1,down,165,2018-02,66.015,10,-1.337,-1.985093,67.454,10,-2.216,-3.180709,64.373,10,0.12,0.186762,65.9135,10,-1.0505,-1.568753,66.5297,10,-1.5187,-2.231794,2.9,3.7,50.3,54.4,52.9,3226,1579220,489.53,-70.667395,-70.667395,-70.667395,0,-94.332605,-94.332605,down,down,down,1,1,2.334882,94.332605,0,1,S0_current,-165.0,actual historical adjustment,0,8898.640366,0,51756.25,94.332605,-231.173259,53441.075677,0,0.015069,0,0.052278,0.062078,0.020167
2018-03-01,2018-02-28,-190,-185,8400,7390,国内成品油价格按机制下调,https://www.ndrc.gov.cn/xwdt/ztzl/gncpyjg/201802/t20180228_1292966.html,-187.5,7895,1,down,187.5,2018-03,63.072,10,-2.943,-4.458078,65.26,10,-2.194,-3.252587,62.003,10,-2.37,-3.681668,63.481,10,-2.4325,-3.690443,64.0722,10,-2.4575,-3.693839,2.1,3.1,51.5,54.6,54,3917,1829280,467.01,-115.466003,-115.466003,-115.466003,0,-72.033997,-72.033997,down,down,down,1,1,1.623855,72.033997,0,1,S0_current,-187.5,actual historical adjustment,0,5188.896724,0,506.25,72.033997,-159.139262,25325.30471,0,0.008787,0,0.000511,0.029418,0.006247
2018-03-14,2018-03-14,0,0,8400,7390,3月14日国内成品油价格不作调整,https://www.ndrc.gov.cn/xwdt/ztzl/gncpyjg/201803/t20180314_1292967.html,0,7895,0,no_adjust,0,2018-03,62.498,10,-0.574,-0.910071,64.89,10,-0.37,-0.566963,61.391,10,-0.612,-0.987049,63.1405,10,-0.3405,-0.536381,63.8403,10,-0.2319,-0.361935,2.1,3.1,51.5,54.6,54,3917,1829280,467.01,-9.262572,-9.262572,0,-9.262572,9.262572,0,down,no_adjust,no_adjust,0,0,,,,,S0_current,0.0,actual historical adjustment,0,0,0,35156.25,0,-159.139262,25325.30471,0,0,0,0.03551,0.029418,0.009739
2018-03-29,2018-03-28,170,165,8570,7555,国内成品油价格按机制上调,https://www.ndrc.gov.cn/xwdt/ztzl/gncpyjg/201803/t20180328_1292968.html,167.5,8062.5,1,up,167.5,2018-03,64.597,10,2.099,3.358507,66.638,10,1.748,2.693789,63.557,10,2.166,3.528204,65.0975,10,1.957,3.099437,65.7137,10,1.8734,2.93451,2.1,3.1,51.5,54.6,54,3917,1829280,467.01,91.200262,81.937691,81.937691,0,76.299738,85.562309,up,up,up,1,1,2.044236,-85.562309,0,1,S0_current,167.5,actual historical adjustment,28056.25,7320.908721,39839.875,28056.25,-85.562309,-244.701571,59878.85885,0.021683,0.012398,0.025659,0.028339,0.069557,0.028999
2018-04-13,2018-04-12,55,50,8625,7605,国内成品油价格按机制上调,https://www.ndrc.gov.cn/xwdt/ztzl/gncpyjg/201804/t20180412_1292969.html,52.5,8115,1,up,52.5,2018-04,65.776,10,1.179,1.825162,68.549,10,1.911,2.867733,64.023,10,0.466,0.7332,66.394,10,1.2965,1.991628,67.256,10,1.5423,2.346999,1.8,3.4,51.4,54.8,54.1,3946,1867060,473.15,75.400498,75.400498,75.400498,0,-22.900498,-22.900498,up,up,up,1,1,0.696282,22.900498,1,0,S0_current,52.5,actual historical adjustment,2756.25,524.432809,3748.5,13225,22.900498,-221.801073,49195.715984,0.00213,0.000888,0.002414,0.013358,0.057147,0.011889
2018-04-27,2018-04-26,255,245,8880,7850,国内成品油价格按机制上调,https://www.ndrc.gov.cn/xwdt/ztzl/gncpyjg/201804/t20180426_1292970.html,250,8365,1,up,250,2018-04,69.788,10,4.012,6.099489,73.577,10,5.028,7.334899,67.542,10,3.519,5.496462,70.5595,10,4.1655,6.27391,71.7665,10,4.5105,6.706465,1.8,3.4,51.4,54.8,54.1,3946,1867060,473.15,217.040066,217.040066,217.040066,0,32.959934,32.959934,up,up,up,1,1,1.151861,-32.959934,0,1,S0_current,250.0,actual historical adjustment,62500,1086.357249,85000,39006.25,-32.959934,-254.761007,64903.170688,0.048303,0.00184,0.054744,0.039399,0.075393,0.043349
2018-05-01,2018-04-29,-75,-65,8805,7785,国内成品油价格因增值税税率调整相应下调,https://www.ndrc.gov.cn/xwdt/ztzl/gncpyjg/201804/t20180429_1292971.html,-70,8295,1,down,70,2018-05,70.209,10,0.421,0.603256,74.187,10,0.61,0.829063,67.729,10,0.187,0.276865,70.958,10,0.3985,0.564772,72.2496,10,0.4831,0.673155,1.8,4.1,51.9,54.9,54.6,3905,1996370,511.23,24.856521,24.856521,0,24.856521,-94.856521,-70,up,no_adjust,down,0,1,,,,,S0_current,-70.0,actual historical adjustment,0,4900,0,102400,70,-184.761007,34136.629708,0,0.008298,0,0.103432,0.039654,0.023122
2018-05-12,2018-05-11,170,165,8975,7950,国内成品油价格按机制上调,https://www.ndrc.gov.cn/xwdt/ztzl/gncpyjg/201805/t20180511_1292972.html,167.5,8462.5,1,up,167.5,2018-05,71.785,10,1.576,2.244726,75.218,10,1.031,1.389731,69.211,10,1.482,2.188132,72.0865,10,1.1285,1.590377,73.3391,10,1.0895,1.507967,1.8,4.1,51.9,54.9,54.6,3905,1996370,511.23,53.793329,78.649851,78.649851,0,113.706671,88.850149,up,up,up,1,1,2.129693,-88.850149,0,1,S0_current,167.5,actual historical adjustment,28056.25,7894.348977,38156.5,56406.25,-88.850149,-273.611156,74863.064688,0.021683,0.013369,0.024574,0.056975,0.086963,0.035829
2018-05-26,2018-05-25,260,250,9235,8200,国内成品油价格按机制上调,https://www.ndrc.gov.cn/xwdt/ztzl/gncpyjg/201805/t20180525_1292973.html,255,8717.5,1,up,255,2018-05,75.895,10,4.11,5.72543,78.749,10,3.531,4.694355,71.414,10,2.203,3.18302,75.0815,10,2.995,4.154731,76.5485,10,3.2094,4.37611,1.8,4.1,51.9,54.9,54.6,3905,1996370,511.23,154.952861,154.952861,154.952861,0,100.047139,100.047139,up,up,up,1,1,1.645662,-100.047139,0,1,S0_current,255.0,actual historical adjustment,65025,10009.430022,88434,7656.25,-100.047139,-373.658295,139620.521422,0.050255,0.01695,0.056955,0.007733,0.162186,0.055681
2018-06-09,2018-06-08,-130,-125,9105,8075,国内成品油价格按机制下调,https://www.ndrc.gov.cn/xwdt/ztzl/gncpyjg/201806/t20180608_1292974.html,-127.5,8590,1,down,127.5,2018-06,73.738,10,-2.157,-2.842084,75.167,10,-3.582,-4.548629,66.75,10,-4.664,-6.530932,70.9585,10,-4.123,-5.491366,72.6419,10,-3.9066,-5.103431,1.9,4.7,51.5,55,54.4,3435,1863780,542.59,-184.615621,-184.615621,-184.615621,0,57.115621,57.115621,down,down,down,1,1,0.690624,-57.115621,1,0,S0_current,-127.5,actual historical adjustment,0,3262.194162,0,146306.25,-57.115621,-430.773916,185566.166706,0,0.005524,0,0.14778,0.215558,0.055606
2018-06-26,2018-06-25,-55,-55,9050,8020,国内成品油价格按机制下调,https://www.ndrc.gov.cn/xwdt/ztzl/gncpyjg/201806/t20180625_1292975.html,-55,8535,1,down,55,2018-06,72.638,10,-1.1,-1.491768,74.188,10,-0.979,-1.302433,66.265,10,-0.485,-0.726592,70.2265,10,-0.732,-1.031589,71.8111,10,-0.8308,-1.143693,1.9,4.7,51.5,55,54.4,3435,1863780,542.59,-37.841487,-37.841487,0,-37.841487,-17.158513,-55,down,no_adjust,down,0,1,,,,,S0_current,-55.0,actual historical adjustment,0,3025,0,5256.25,55,-375.773916,141206.035946,0,0.005123,0,0.005309,0.164028,0.026425
2018-07-10,2018-07-09,270,260,9320,8280,国内成品油价格按机制上调,https://www.ndrc.gov.cn/xwdt/ztzl/gncpyjg/201807/t20180709_1292976.html,265,8800,1,up,265,2018-07,74.536,10,1.898,2.612957,75.783,10,1.595,2.149943,73.406,10,7.141,10.776428,74.4285,10,4.202,5.983496,74.8375,10,3.0264,4.21439,2.1,4.6,51.2,54,53.6,3602,1934240,536.99,146.220282,108.378795,108.378795,0,118.779718,156.621205,up,up,up,1,1,2.445128,-156.621205,0,1,S0_current,265.0,actual historical adjustment,70225,24530.201856,99719.5,102400,-156.621205,-532.395121,283444.564865,0.054274,0.041541,0.064224,0.103432,0.329256,0.102836
2018-07-24,2018-07-23,-125,-120,9195,8160,国内成品油价格按机制下调,https://www.ndrc.gov.cn/xwdt/ztzl/gncpyjg/201807/t20180723_1292977.html,-122.5,8677.5,1,down,122.5,2018-07,72.501,10,-2.035,-2.730224,73.28,10,-2.503,-3.302852,70.458,10,-2.948,-4.01602,71.869,10,-2.5595,-3.438871,72.4334,10,-2.4041,-3.212427,2.1,4.6,51.2,54,53.6,3602,1934240,536.99,-112.917807,-112.917807,-112.917807,0,-9.582193,-9.582193,down,down,down,1,1,1.08486,9.582193,0,1,S0_current,-122.5,actual historical adjustment,0,91.818423,0,150156.25,9.582193,-522.812928,273333.357684,0,0.000155,0,0.151669,0.31751,0.070408
2018-08-07,2018-08-06,70,70,9265,8230,国内成品油价格按机制上调,https://www.ndrc.gov.cn/xwdt/ztzl/gncpyjg/201808/t20180806_1292978.html,70,8747.5,1,up,70,2018-08,72.669,10,0.168,0.231721,73.686,10,0.406,0.554039,69.736,10,-0.722,-1.024724,71.711,10,-0.158,-0.219844,72.501,10,0.0676,0.093327,2.3,4.1,51.3,54.2,53.8,3838,2051910,534.63,5.029272,5.029272,0,5.029272,64.970728,70,up,no_adjust,up,0,1,,,,,S0_current,70.0,actual historical adjustment,4900,4900,7154,37056.25,-70,-592.812928,351427.167604,0.003787,0.008298,0.004607,0.03743,0.408226,0.070607
2018-08-21,2018-08-20,-50,-50,9215,8180,国内成品油价格按机制下调,https://www.ndrc.gov.cn/xwdt/ztzl/gncpyjg/201808/t20180820_1292979.html,-50,8697.5,1,down,50,2018-08,71.121,10,-1.548,-2.130207,70.62,10,-3.066,-4.160899,67.025,10,-2.711,-3.887519,68.8225,10,-2.8885,-4.027973,69.5415,10,-2.9595,-4.082013,2.3,4.1,51.3,54.2,53.8,3838,2051910,534.63,-139.420946,-134.391674,-134.391674,0,89.420946,84.391674,down,down,down,1,1,0.372047,-84.391674,1,0,S0_current,-50.0,actual historical adjustment,0,7121.954641,0,14400,-84.391674,-677.204602,458606.07297,0,0.012061,0,0.014545,0.532727,0.084503
2018-09-04,2018-09-03,180,170,9395,8350,国内成品油价格按机制上调,https://www.ndrc.gov.cn/xwdt/ztzl/gncpyjg/201809/t20180903_1292980.html,175,8872.5,1,up,175,2018-09,73.521,10,2.4,3.374531,74.424,10,3.804,5.386576,68.879,10,1.854,2.766132,71.6515,10,2.829,4.110574,72.7605,10,3.219,4.628891,2.5,3.6,50.8,54.9,54.1,3721,1994450,536,155.410963,155.410963,155.410963,0,19.589037,19.589037,up,up,up,1,1,1.126047,-19.589037,0,1,S0_current,175.0,actual historical adjustment,30625,383.730371,45937.5,50625,-19.589037,-696.793639,485521.375351,0.023669,0.00065,0.029586,0.051135,0.563993,0.105713
2018-09-18,2018-09-17,145,145,9540,8495,国内成品油价格按机制上调,https://www.ndrc.gov.cn/xwdt/ztzl/gncpyjg/201809/t20180917_1292981.html,145,9017.5,1,up,145,2018-09,75.684,10,2.163,2.942017,77.376,10,2.952,3.966462,68.868,10,-0.011,-0.01597,73.0785,10,1.427,1.991584,74.7627,10,2.0022,2.751768,2.5,3.6,50.8,54.9,54.1,3721,1994450,536,97.346471,97.346471,97.346471,0,47.653529,47.653529,up,up,up,1,1,1.489525,-47.653529,0,1,S0_current,145.0,actual historical adjustment,21025,2270.858826,31537.5,900,-47.653529,-744.447168,554201.585943,0.016249,0.003846,0.020312,0.000909,0.643773,0.106612
2018-10-01,2018-09-30,240,230,9780,8725,国内成品油价格按机制上调,https://www.ndrc.gov.cn/xwdt/ztzl/gncpyjg/201809/t20180930_1292982.html,235,9252.5,1,up,235,2018-10,78.674,10,2.99,3.950637,80.406,10,3.03,3.915943,71.557,10,2.689,3.904571,75.9815,10,2.903,3.972441,77.7513,10,2.9886,3.997448,2.5,3.3,50.2,53.9,53.1,4080,2293980,562.25,144.416503,144.416503,144.416503,0,90.583497,90.583497,up,up,up,1,1,1.627238,-90.583497,0,1,S0_current,235.0,actual historical adjustment,55225,8205.369929,82837.5,8100,-90.583497,-835.030665,697276.21149,0.042681,0.013895,0.053351,0.008182,0.809972,0.14951
2018-10-20,2018-10-19,165,160,9945,8885,国内成品油价格按机制上调,https://www.ndrc.gov.cn/xwdt/ztzl/gncpyjg/201810/t20181019_1292983.html,162.5,9415,1,up,162.5,2018-10,80.647,10,1.973,2.507817,82.203,10,1.797,2.234908,72.107,10,0.55,0.768618,77.155,10,1.1735,1.544455,79.1742,10,1.4229,1.830066,2.5,3.3,50.2,53.9,53.1,4080,2293980,562.25,69.702848,69.702848,69.702848,0,92.797152,92.797152,up,up,up,1,1,2.331325,-92.797152,0,1,S0_current,162.5,actual historical adjustment,26406.25,8611.311419,39609.375,5256.25,-92.797152,-927.827817,860864.457999,0.020408,0.014583,0.02551,0.005309,1,0.165193
2018-11-03,2018-11-02,-375,-365,9570,8520,国内成品油价格按机制下调,https://www.ndrc.gov.cn/xwdt/ztzl/gncpyjg/201811/t20181102_1292984.html,-370,9045,1,down,370,2018-11,75.948,10,-4.699,-5.826627,77.087,10,-5.116,-6.223617,66.845,10,-5.262,-7.297488,71.966,10,-5.189,-6.725423,74.0144,10,-5.1598,-6.517022,2.2,2.7,50,53.4,52.8,4287,2415680,563.49,-244.417086,-244.417086,-244.417086,0,-125.582914,-125.582914,down,down,down,1,1,1.513806,125.582914,0,1,S0_current,-370.0,actual historical adjustment,0,15771.068289,0,283556.25,125.582914,-802.244903,643596.884389,0,0.026707,0,0.286413,0.747617,0.160446
2018-11-17,2018-11-16,-510,-490,9060,8030,国内成品油价格按机制下调,https://www.ndrc.gov.cn/xwdt/ztzl/gncpyjg/201811/t20181116_1292985.html,-500,8545,1,down,500,2018-11,69.05,10,-6.898,-9.08253,68.858,10,-8.229,-10.674952,59.908,10,-6.937,-10.37774,64.383,10,-7.583,-10.53692,66.173,10,-7.8414,-10.594425,2.2,2.7,50,53.4,52.8,4287,2415680,563.49,-372.380386,-372.380386,-372.380386,0,-127.619614,-127.619614,down,down,down,1,1,1.342713,127.619614,0,1,S0_current,-500.0,actual historical adjustment,0,16286.765878,0,16900,127.619614,-674.625289,455119.280558,0,0.027581,0,0.01707,0.528677,0.087378
2018-12-01,2018-11-30,-540,-520,8520,7510,国内成品油价格按机制下调,https://www.ndrc.gov.cn/xwdt/ztzl/gncpyjg/201811/t20181130_1292986.html,-530,8015,1,down,530,2018-12,61.584,10,-7.466,-10.812455,60.692,10,-8.166,-11.859188,53.835,10,-6.073,-10.13721,57.848,10,-6.535,-10.150195,59.4532,10,-6.7198,-10.154897,1.9,0.9,49.4,53.8,52.6,4378,2130360,486.61,-318.858743,-318.858743,-318.858743,0,-211.141257,-211.141257,down,down,down,1,1,1.662178,211.141257,0,1,S0_current,-530.0,actual historical adjustment,0,44580.630408,0,900,211.141257,-463.484032,214817.447919,0,0.075495,0,0.000909,0.249537,0.052666
2018-12-15,2018-12-14,-125,-120,8395,7390,国内成品油价格按机制下调,https://www.ndrc.gov.cn/xwdt/ztzl/gncpyjg/201812/t20181214_1292987.html,-122.5,7892.5,1,down,122.5,2018-12,59.422,10,-2.162,-3.510652,59.903,10,-0.789,-1.300007,52.036,10,-1.799,-3.341692,55.9695,10,-1.8785,-3.247303,57.5429,10,-1.9103,-3.213116,1.9,0.9,49.4,53.8,52.6,4378,2130360,486.61,-89.35416,-89.35416,-89.35416,0,-33.14584,-33.14584,down,down,down,1,1,1.370949,33.14584,0,1,S0_current,-122.5,actual historical adjustment,0,1098.646709,0,166056.25,33.14584,-430.338192,185190.959494,0,0.00186,0,0.167729,0.215122,0.0578
2018-12-29,2018-12-28,-370,-355,8025,7035,国内成品油价格按机制下调,https://www.ndrc.gov.cn/xwdt/ztzl/gncpyjg/201812/t20181228_1292988.html,-362.5,7530,1,down,362.5,2018-12,55.541,10,-3.881,-6.531251,56.197,10,-3.706,-6.186668,48.041,10,-3.995,-7.677377,52.3995,10,-3.57,-6.378474,53.9185,10,-3.6244,-6.298605,1.9,0.9,49.4,53.8,52.6,4378,2130360,486.61,-171.149316,-171.149316,-171.149316,0,-191.350684,-191.350684,down,down,down,1,1,2.118034,191.350684,0,1,S0_current,-362.5,actual historical adjustment,0,36615.084267,0,57600,191.350684,-238.987508,57115.02898,0,0.062006,0,0.05818,0.066346,0.03108
2019-01-15,2019-01-14,105,105,8130,7140,国内成品油价格按机制上调,https://www.ndrc.gov.cn/xwdt/ztzl/gncpyjg/201901/t20190114_1292989.html,105,7635,1,up,105,2019-01,55.429,10,-0.112,-0.201653,55.817,10,-0.38,-0.676193,48.452,10,0.411,0.855519,52.1345,10,-0.265,-0.50573,53.6075,10,-0.311,-0.576796,1.7,0.1,49.5,54.7,53.2,4260,1867880,438.47,-13.037145,-13.037145,0,-13.037145,118.037145,105,down,no_adjust,up,0,1,,,,,S0_current,105.0,actual historical adjustment,11025,11025,14773.5,218556.25,-105,-343.987508,118327.40566,0.008521,0.01867,0.009515,0.220758,0.137452,0.061974
2019-01-29,2019-01-28,245,230,8375,7370,国内成品油价格按机制上调,https://www.ndrc.gov.cn/xwdt/ztzl/gncpyjg/201901/t20190128_1292990.html,237.5,7872.5,1,up,237.5,2019-01,60.047,10,4.618,8.331379,60.586,10,4.769,8.543992,52.256,10,3.804,7.851069,56.274,10,4.1395,7.94004,57.8812,10,4.2737,7.972205,1.7,0.1,49.5,54.7,53.2,4260,1867880,438.47,205.740204,192.703059,192.703059,0,31.759796,44.796941,up,up,up,1,1,1.232466,-44.796941,0,1,S0_current,237.5,actual historical adjustment,56406.25,2006.765923,75584.375,17556.25,-44.796941,-388.784449,151153.347784,0.043594,0.003398,0.04868,0.017733,0.175583,0.052745
2019-02-15,2019-02-14,50,50,8425,7420,国内成品油价格按机制上调,https://www.ndrc.gov.cn/xwdt/ztzl/gncpyjg/201902/t20190214_1292991.html,50,7922.5,1,up,50,2019-02,61.801,10,1.754,2.921045,62,10,1.414,2.333873,53.617,10,1.361,2.604486,57.8085,10,1.5345,2.726837,59.4851,10,1.6039,2.771021,1.5,0.1,49.2,54.3,52.4,3923,1723480,439.33,78.339989,78.339989,78.339989,0,-28.339989,-28.339989,up,up,up,1,1,0.638244,28.339989,1,0,S0_current,50.0,actual historical adjustment,2500,803.154977,3250,35156.25,28.339989,-360.44446,129920.208745,0.001932,0.00136,0.002093,0.03551,0.150918,0.029243
2019-03-01,2019-02-28,270,260,8695,7680,国内成品油价格按机制上调,https://www.ndrc.gov.cn/xwdt/ztzl/gncpyjg/201902/t20190228_1292992.html,265,8187.5,1,up,265,2019-03,65.441,10,3.64,5.889872,65.664,10,3.664,5.909677,55.844,10,2.227,4.153533,60.597,10,2.7885,4.823685,62.4982,10,3.0131,5.065302,2.3,0.4,50.5,54.8,54,3934,1856320,471.87,145.585619,145.585619,145.585619,0,119.414381,119.414381,up,up,up,1,1,1.820235,-119.414381,0,1,S0_current,265.0,actual historical adjustment,70225,14259.79439,102528.5,46225,-119.414381,-479.858841,230264.507286,0.054274,0.024148,0.066033,0.046691,0.267481,0.082032
2019-03-14,2019-03-14,0,0,8695,7680,3月14日国内成品油价格不作调整,https://www.ndrc.gov.cn/xwdt/ztzl/gncpyjg/201903/t20190314_1292993.html,0,8187.5,0,no_adjust,0,2019-03,65.474,10,0.033,0.050427,64.869,10,-0.795,-1.210709,56.666,10,0.822,1.471958,60.7675,10,0.1705,0.281367,62.4081,10,-0.0901,-0.144164,2.3,0.4,50.5,54.8,54,3934,1856320,471.87,-2.496016,-2.496016,0,-2.496016,2.496016,0,down,no_adjust,no_adjust,0,0,,,,,S0_current,0.0,actual historical adjustment,0,0,0,70225,0,-479.858841,230264.507286,0,0,0,0.070933,0.267481,0.050762
2019-03-29,2019-03-28,80,80,8775,7760,国内成品油价格按机制上调,https://www.ndrc.gov.cn/xwdt/ztzl/gncpyjg/201903/t20190328_1292994.html,80,8267.5,1,up,80,2019-03,67.068,10,1.594,2.434554,67.124,10,2.255,3.476237,59.225,10,2.559,4.515935,63.1745,10,2.407,3.960999,64.7543,10,2.3462,3.759448,2.3,0.4,50.5,54.8,54,3934,1856320,471.87,113.761811,111.265795,111.265795,0,-33.761811,-31.265795,up,up,up,1,1,0.718999,31.265795,1,0,S0_current,80.0,actual historical adjustment,6400,977.549937,9344,6400,31.265795,-448.593046,201235.72092,0.004946,0.001655,0.006018,0.006464,0.23376,0.039106
2019-04-01,2019-03-29,-225,-200,8550,7560,国内成品油价格因增值税税率调整相应下调,https://www.ndrc.gov.cn/xwdt/ztzl/gncpyjg/201903/t20190329_1292995.html,-212.5,8055,1,down,212.5,2019-04,66.977,10,-0.091,-0.135683,67.114,10,-0.01,-0.014898,59.295,10,0.07,0.118193,63.2045,10,0.03,0.047488,64.7683,10,0.014,0.02162,2.5,0.9,50.1,54.3,53.4,4373,2148650,491.34,2.471533,2.471533,0,2.471533,-214.971533,-212.5,up,no_adjust,down,0,1,,,,,S0_current,-212.5,actual historical adjustment,0,45156.25,0,85556.25,212.5,-236.093046,55739.92637,0,0.07647,0,0.086418,0.064749,0.037969
2019-04-13,2019-04-12,155,150,8705,7710,国内成品油价格按机制上调,https://www.ndrc.gov.cn/xwdt/ztzl/gncpyjg/201904/t20190412_1292996.html,152.5,8207.5,1,up,152.5,2019-04,69.267,10,2.29,3.419084,70.07,10,2.956,4.404446,62.864,10,3.569,6.019057,66.467,10,3.2625,5.161816,67.9082,10,3.1399,4.847896,2.5,0.9,50.1,54.3,53.4,4373,2148650,491.34,151.63639,154.107923,154.107923,0,0.86361,-1.607923,up,up,up,1,1,0.989566,1.607923,1,0,S0_current,152.5,actual historical adjustment,23256.25,2.585416,34884.375,133225,1.607923,-234.485123,54983.272908,0.017974,0.000004,0.022467,0.134567,0.06387,0.039877
2019-04-27,2019-04-26,195,185,8900,7895,国内成品油价格按机制上调,https://www.ndrc.gov.cn/xwdt/ztzl/gncpyjg/201904/t20190426_1292997.html,190,8397.5,1,up,190,2019-04,71.609,10,2.342,3.381119,71.999,10,1.929,2.752961,64.576,10,1.712,2.723339,68.2875,10,1.8205,2.738953,69.7721,10,1.8639,2.744735,2.5,0.9,50.1,54.3,53.4,4373,2148650,491.34,90.746932,90.746932,90.746932,0,99.253068,99.253068,up,up,up,1,1,2.093735,-99.253068,0,1,S0_current,190.0,actual historical adjustment,36100,9851.171507,54150,1406.25,-99.253068,-333.738191,111381.180132,0.0279,0.016682,0.034875,0.00142,0.129383,0.038651
2019-05-14,2019-05-13,-75,-75,8825,7820,国内成品油价格按机制下调,https://www.ndrc.gov.cn/xwdt/ztzl/gncpyjg/201905/t20190513_1292998.html,-75,8322.5,1,down,75,2019-05,70.745,10,-0.864,-1.206552,71.419,10,-0.58,-0.805567,62.357,10,-2.219,-3.436261,66.888,10,-1.3995,-2.049423,68.7004,10,-1.0717,-1.536001,2.7,0.6,49.4,54.3,53.3,4023,2107140,523.77,-49.336997,-49.336997,0,-49.336997,-25.663003,-75,down,no_adjust,down,0,1,,,,,S0_current,-75.0,actual historical adjustment,0,5625,0,70225,75,-258.738191,66945.451482,0,0.009526,0,0.070933,0.077765,0.02421
2019-05-28,2019-05-27,50,50,8875,7870,国内成品油价格按机制上调,https://www.ndrc.gov.cn/xwdt/ztzl/gncpyjg/201905/t20190527_1292999.html,50,8372.5,1,up,50,2019-05,70.948,10,0.203,0.286946,72.105,10,0.686,0.960529,61.413,10,-0.944,-1.513864,66.759,10,-0.129,-0.19286,68.8974,10,0.197,0.286752,2.7,0.6,49.4,54.3,53.3,4023,2107140,523.77,11.204112,-38.132885,0,-38.132885,38.795888,50,up,no_adjust,up,0,1,,,,,S0_current,50.0,actual historical adjustment,2500,2500,3850,15625,-50,-308.738191,95319.270582,0.001932,0.004234,0.00248,0.015782,0.110725,0.020926
2019-06-12,2019-06-11,-465,-445,8410,7425,国内成品油价格按机制下调,https://www.ndrc.gov.cn/xwdt/ztzl/gncpyjg/201906/t20190611_1293000.html,-455,7917.5,1,down,455,2019-06,63.872,10,-7.076,-9.973502,65.72,10,-6.385,-8.855142,54.59,10,-6.823,-11.110026,60.155,10,-6.604,-9.892299,62.381,10,-6.5164,-9.458122,2.7,0,49.4,54.2,53,3958,2017356.1,509.69,-309.152696,-347.285581,-347.285581,0,-145.847304,-107.714419,down,down,down,1,1,1.310161,107.714419,0,1,S0_current,-455.0,actual historical adjustment,0,11602.396061,0,255025,107.714419,-201.023772,40410.556909,0,0.019648,0,0.257595,0.046942,0.04961
2019-06-26,2019-06-25,-120,-115,8290,7310,国内成品油价格按机制下调,https://www.ndrc.gov.cn/xwdt/ztzl/gncpyjg/201906/t20190625_1293001.html,-117.5,7800,1,down,117.5,2019-06,62.586,10,-1.286,-2.013402,63.698,10,-2.022,-3.076689,54.078,10,-0.512,-0.937901,58.888,10,-1.267,-2.106226,60.812,10,-1.569,-2.515189,2.7,0,49.4,54.2,53,3958,2017356.1,509.69,-73.067661,-73.067661,-73.067661,0,-44.432339,-44.432339,down,down,down,1,1,1.608099,44.432339,0,1,S0_current,-117.5,actual historical adjustment,0,1974.232749,0,113906.25,44.432339,-156.591433,24520.876889,0,0.003343,0,0.115054,0.028484,0.022199
2019-07-10,2019-07-09,150,140,8440,7450,国内成品油价格按机制上调,https://www.ndrc.gov.cn/xwdt/ztzl/gncpyjg/201907/t20190709_1293002.html,145,7945,1,up,145,2019-07,64.565,10,1.979,3.162049,65.148,10,1.45,2.276367,57.858,10,3.78,6.989903,61.668,10,2.78,4.720826,63.192,10,2.38,3.913701,2.8,-0.3,49.7,53.7,53.1,4104,1960366.9,477.67,115.374713,115.374713,115.374713,0,29.625287,29.625287,up,up,up,1,1,1.256775,-29.625287,0,1,S0_current,145.0,actual historical adjustment,21025,877.65763,32799,68906.25,-29.625287,-186.21672,34676.666808,0.016249,0.001486,0.021124,0.069601,0.040281,0.026123
2019-07-23,2019-07-23,0,0,8440,7450,7月23日国内成品油价格不作调整,https://www.ndrc.gov.cn/xwdt/ztzl/gncpyjg/201907/t20190723_1293003.html,0,7945,0,no_adjust,0,2019-07,65.32,10,0.755,1.169364,64.51,10,-0.638,-0.979309,57.738,10,-0.12,-0.207404,61.124,10,-0.544,-0.882143,62.4784,10,-0.7136,-1.129257,2.8,-0.3,49.7,53.7,53.1,4104,1960366.9,477.67,-32.248819,-32.248819,0,-32.248819,32.248819,0,down,no_adjust,no_adjust,0,0,,,,,S0_current,0.0,actual historical adjustment,0,0,0,21025,0,-186.21672,34676.666808,0,0,0,0.021237,0.040281,0.009228
2019-08-07,2019-08-06,-80,-70,8360,7380,国内成品油价格按机制下调,https://www.ndrc.gov.cn/xwdt/ztzl/gncpyjg/201908/t20190806_1293004.html,-75,7870,1,down,75,2019-08,63.634,10,-1.686,-2.581139,62.429,10,-2.081,-3.225856,56.176,10,-1.562,-2.705324,59.3025,10,-1.8215,-2.980008,60.5531,10,-1.9253,-3.081545,2.8,-0.8,49.5,53.8,53,4217,1979320.4,469.37,-90.069945,-122.318764,-122.318764,0,15.069945,47.318764,down,down,down,1,1,0.613152,-47.318764,1,0,S0_current,-75.0,actual historical adjustment,0,2239.065426,0,5625,-47.318764,-233.535484,54538.822287,0,0.003792,0,0.005682,0.063354,0.011114
2019-08-21,2019-08-20,-210,-205,8150,7175,国内成品油价格按机制下调,https://www.ndrc.gov.cn/xwdt/ztzl/gncpyjg/201908/t20190820_1293005.html,-207.5,7662.5,1,down,207.5,2019-08,58.687,10,-4.947,-7.774146,57.837,10,-4.592,-7.355556,54.452,10,-1.724,-3.068926,56.1445,10,-3.158,-5.325239,56.8215,10,-3.7316,-6.162525,2.8,-0.8,49.5,53.8,53,4217,1979320.4,469.37,-176.264794,-176.264794,-176.264794,0,-31.235206,-31.235206,down,down,down,1,1,1.177206,31.235206,0,1,S0_current,-207.5,actual historical adjustment,0,975.638094,0,17556.25,31.235206,-202.300278,40925.402479,0,0.001652,0,0.017733,0.04754,0.010121
2019-09-04,2019-09-03,115,105,8265,7280,国内成品油价格按机制上调,https://www.ndrc.gov.cn/xwdt/ztzl/gncpyjg/201909/t20190903_1293006.html,110,7772.5,1,up,110,2019-09,59.82,10,1.133,1.930581,59.576,10,1.739,3.006726,55.351,10,0.899,1.650995,57.5255,10,1.381,2.459724,58.3953,10,1.5738,2.769726,3,-1.2,49.8,53.7,53.1,4124,1854637.8,449.72,76.903647,76.903647,76.903647,0,33.096353,33.096353,up,up,up,1,1,1.430361,-33.096353,0,1,S0_current,110.0,actual historical adjustment,12100,1095.368582,19360,100806.25,-33.096353,-235.396631,55411.573886,0.009352,0.001855,0.012469,0.101822,0.064367,0.030754
2019-09-19,2019-09-18,125,125,8390,7405,国内成品油价格按机制上调,https://www.ndrc.gov.cn/xwdt/ztzl/gncpyjg/201909/t20190918_1293007.html,125,7897.5,1,up,125,2019-09,62.196,10,2.376,3.971916,63.236,10,3.66,6.143413,57.216,10,1.865,3.369406,60.226,10,2.7005,4.69444,61.43,10,3.0347,5.196822,3,-1.2,49.8,53.7,53.1,4124,1854637.8,449.72,146.61635,146.61635,146.61635,0,-21.61635,-21.61635,up,up,up,1,1,0.852565,21.61635,1,0,S0_current,125.0,actual historical adjustment,15625,467.266587,25000,225,21.61635,-213.780281,45702.008544,0.012076,0.000791,0.016101,0.000227,0.053089,0.0152
2019-10-08,2019-10-08,0,0,8390,7405,10月8日国内成品油价格不作调整,https://www.ndrc.gov.cn/xwdt/ztzl/gncpyjg/201910/t20191008_1293008.html,0,7897.5,0,no_adjust,0,2019-10,60.635,10,-1.561,-2.509808,60.667,10,-2.569,-4.062559,54.416,10,-2.8,-4.893736,57.5415,10,-2.6845,-4.457377,58.7917,10,-2.6383,-4.294807,3.8,-1.6,49.3,52.8,52,4551,2073141.2,455.54,-124.0936,-124.0936,-124.0936,0,124.0936,124.0936,down,down,no_adjust,1,0,0,-124.0936,1,0,S0_current,0.0,actual historical adjustment,0,15399.221561,0,15625,-124.0936,-337.873881,114158.759462,0,0.026078,0,0.015782,0.132609,0.027474
2019-10-22,2019-10-21,-150,-145,8240,7260,国内成品油价格按机制下调,https://www.ndrc.gov.cn/xwdt/ztzl/gncpyjg/201910/t20191021_1293009.html,-147.5,7750,1,down,147.5,2019-10,59.452,10,-1.183,-1.951018,59.358,10,-1.309,-2.15768,53.38,10,-1.036,-1.903852,56.369,10,-1.1725,-2.03766,57.5646,10,-1.2271,-2.087199,3.8,-1.6,49.3,52.8,52,4551,2073141.2,455.54,-56.752531,-56.752531,-56.752531,0,-90.747469,-90.747469,down,down,down,1,1,2.599003,90.747469,0,1,S0_current,-147.5,actual historical adjustment,0,8235.10313,0,21756.25,90.747469,-247.126412,61071.463508,0,0.013946,0,0.021975,0.070942,0.016727
2019-11-05,2019-11-04,105,105,8345,7365,国内成品油价格按机制上调,https://www.ndrc.gov.cn/xwdt/ztzl/gncpyjg/201911/t20191104_1293010.html,105,7855,1,up,105,2019-11,60.853,10,1.401,2.356523,60.487,10,1.129,1.902018,55.187,10,1.807,3.385163,57.837,10,1.468,2.604268,58.897,10,1.3324,2.314617,4.5,-1.4,50.2,54.4,53.7,4574,2089499.4,456.82,65.384277,65.384277,65.384277,0,39.615723,39.615723,up,up,up,1,1,1.605891,-39.615723,0,1,S0_current,105.0,actual historical adjustment,11025,1569.405509,20947.5,63756.25,-39.615723,-286.742135,82221.051984,0.008521,0.002658,0.013491,0.064399,0.09551,0.030021
2019-11-19,2019-11-18,70,65,8415,7430,国内成品油价格按机制上调,https://www.ndrc.gov.cn/xwdt/ztzl/gncpyjg/201911/t20191118_1293011.html,67.5,7922.5,1,up,67.5,2019-11,62.494,10,1.641,2.696662,62.477,10,1.99,3.289963,56.715,10,1.528,2.768768,59.4755,10,1.6385,2.832962,60.5797,10,1.6827,2.857022,4.5,-1.4,50.2,54.4,53.7,4574,2089499.4,456.82,82.100247,82.100247,82.100247,0,-14.600247,-14.600247,up,up,up,1,1,0.822166,14.600247,1,0,S0_current,67.5,actual historical adjustment,4556.25,213.167212,8656.875,1406.25,14.600247,-272.141888,74061.207204,0.003521,0.000361,0.005575,0.00142,0.086031,0.015464
2019-12-03,2019-12-02,55,50,8470,7480,国内成品油价格按机制上调,https://www.ndrc.gov.cn/xwdt/ztzl/gncpyjg/201912/t20191202_1293012.html,52.5,7975,1,up,52.5,2019-12,63.671,10,1.177,1.883381,64.251,10,1.774,2.839445,57.432,10,0.717,1.264216,60.7735,10,1.298,2.182411,62.1101,10,1.5304,2.526259,4.5,-0.5,50.2,53.5,53.4,4548,2192920,482.17,74.832641,74.832641,74.832641,0,-22.332641,-22.332641,up,up,up,1,1,0.701566,22.332641,1,0,S0_current,52.5,actual historical adjustment,2756.25,498.746854,5236.875,225,22.332641,-249.809247,62404.659887,0.00213,0.000845,0.003373,0.000227,0.072491,0.012452
2019-12-16,2019-12-16,0,0,8470,7480,12月16日国内成品油价格不作调整,https://www.ndrc.gov.cn/xwdt/ztzl/gncpyjg/201912/t20191216_1293013.html,0,7975,0,no_adjust,0,2019-12,64.769,10,1.098,1.72449,65.606,10,1.355,2.108917,58.444,10,1.012,1.762084,62.025,10,1.2515,2.059286,63.4574,10,1.3473,2.169212,4.5,-0.5,50.2,53.5,53.4,4548,2192920,482.17,66.095291,66.095291,66.095291,0,-66.095291,-66.095291,up,up,no_adjust,1,0,0,66.095291,1,0,S0_current,0.0,actual historical adjustment,0,4368.587492,0,2756.25,66.095291,-183.713956,33750.817629,0,0.007398,0,0.002784,0.039206,0.007778
2019-12-31,2019-12-30,235,230,8705,7710,国内成品油价格按机制上调,https://www.ndrc.gov.cn/xwdt/ztzl/gncpyjg/201912/t20191230_1293014.html,232.5,8207.5,1,up,232.5,2019-12,67.828,10,3.059,4.722938,68.687,10,3.081,4.696217,60.902,10,2.458,4.205735,64.7945,10,2.7695,4.465135,66.3515,10,2.8941,4.560697,4.5,-0.5,50.2,53.5,53.4,4548,2192920,482.17,139.907057,139.907057,139.907057,0,92.592943,92.592943,up,up,up,1,1,1.661818,-92.592943,0,1,S0_current,232.5,actual historical adjustment,54056.25,8573.453093,102706.875,54056.25,-92.592943,-276.306899,76345.502435,0.041778,0.014519,0.066148,0.054601,0.088685,0.051378
2020-01-14,2020-01-14,0,0,8705,7710,1月14日国内成品油价格不作调整,https://www.ndrc.gov.cn/xwdt/ztzl/gncpyjg/202001/t20200114_1293015.html,0,8207.5,0,no_adjust,0,2020-01,68.373,10,0.545,0.803503,67.599,10,-1.088,-1.583997,60.934,10,0.032,0.052543,64.2665,10,-0.528,-0.814884,65.5995,10,-0.752,-1.133358,5.4,0.1,50,54.1,53,,,,-34.081229,-34.081229,0,-34.081229,34.081229,0,down,no_adjust,no_adjust,0,0,,,,,S0_current,0.0,actual historical adjustment,0,0,0,54056.25,0,-276.306899,76345.502435,0,0,0,0.054601,0.088685,0.021493
2020-02-05,2020-02-04,-420,-405,8285,7305,国内成品油价格按机制下调,https://www.ndrc.gov.cn/xwdt/ztzl/gncpyjg/202002/t20200204_1293016.html,-412.5,7795,1,down,412.5,2020-02,61.266,10,-7.107,-10.394454,59.323,10,-8.276,-12.242785,53.815,10,-7.119,-11.683133,56.569,10,-7.6975,-11.977469,57.6706,10,-7.9289,-12.08683,5.2,-0.4,35.7,29.6,28.9,8609,4218444.2,490,-376.555799,-410.637029,-410.637029,0,-35.944201,-1.862971,down,down,down,1,1,1.004537,1.862971,0,1,S0_current,-412.5,actual historical adjustment,0,3.470661,0,170156.25,1.862971,-274.443928,75319.469616,0,0.000006,0,0.171871,0.087493,0.038906
2020-02-19,2020-02-18,-415,-400,7870,6905,国内成品油价格按机制下调,https://www.ndrc.gov.cn/xwdt/ztzl/gncpyjg/202002/t20200218_1293017.html,-407.5,7387.5,1,down,407.5,2020-02,55.451,10,-5.815,-9.491398,55.344,10,-3.979,-6.707348,50.596,10,-3.219,-5.981604,52.7785,10,-3.7905,-6.700666,53.6515,10,-4.0191,-6.969062,5.2,-0.4,35.7,29.6,28.9,8609,4218444.2,490,-189.98401,-189.98401,-189.98401,0,-217.51599,-217.51599,down,down,down,1,1,2.144917,217.51599,0,1,S0_current,-407.5,actual historical adjustment,0,47313.205906,0,25,217.51599,-56.927938,3240.790125,0,0.080122,0,0.000025,0.003765,0.016593
2020-03-03,2020-03-03,0,0,7870,6905,3月3日国内成品油价格不作调整,https://www.ndrc.gov.cn/xwdt/ztzl/gncpyjg/202003/t20200303_1293018.html,0,7387.5,0,no_adjust,0,2020-03,55.218,10,-0.233,-0.420191,55.822,10,0.478,0.863689,50.113,10,-0.483,-0.954621,52.9675,10,0.189,0.3581,54.1093,10,0.4578,0.853285,4.3,-1.5,52,52.3,52.3,4110,1673864.3,407.27,23.64923,23.64923,0,23.64923,-23.64923,0,up,no_adjust,no_adjust,0,0,,,,,S0_current,0.0,actual historical adjustment,0,0,0,166056.25,0,-56.927938,3240.790125,0,0,0,0.167729,0.003765,0.025724
2020-03-18,2020-03-17,-1015,-975,6855,5930,国内成品油价格按机制下调,https://www.ndrc.gov.cn/xwdt/ztzl/gncpyjg/202003/t20200317_1293019.html,-995,6392.5,1,down,995,2020-03,40.882,10,-14.336,-25.962548,39.759,10,-16.063,-28.775393,37.198,10,-12.915,-25.771756,38.4785,10,-14.489,-27.35451,38.9907,10,-15.1186,-27.940853,4.3,-1.5,52,52.3,52.3,4110,1673864.3,407.27,-719.641173,-695.991942,-695.991942,0,-275.358827,-299.008058,down,down,down,1,1,1.429614,299.008058,0,1,S0_current,-995.0,actual historical adjustment,0,89405.818749,0,990025,299.008058,242.08012,58602.784499,0,0.151404,0,1,0.068074,0.190492
2020-03-31,2020-03-31,0,0,6855,5930,3月31日国内成品油价格不作调整,https://www.ndrc.gov.cn/xwdt/ztzl/gncpyjg/202003/t20200331_1293020.html,0,6392.5,0,no_adjust,0,2020-03,26.312,10,-14.57,-35.639157,23.929,10,-15.83,-39.814885,20.33,10,-16.868,-45.346524,22.1295,10,-16.349,-42.488662,22.8493,10,-16.1414,-41.398077,4.3,-1.5,52,52.3,52.3,4110,1673864.3,407.27,-768.448177,-768.448177,-768.448177,0,768.448177,768.448177,down,down,no_adjust,1,0,0,-768.448177,1,0,S0_current,0.0,actual historical adjustment,0,590512.600735,0,990025,-768.448177,-526.368057,277063.33143,0,1,0,1,0.321843,0.398276
2020-04-15,2020-04-15,0,0,6855,5930,4月15日国内成品油价格不作调整,https://www.ndrc.gov.cn/xwdt/ztzl/gncpyjg/202004/t20200415_1293021.html,0,6392.5,0,no_adjust,0,2020-04,21.137,10,-5.175,-19.667832,20.545,10,-3.384,-14.141836,23.446,10,3.116,15.327103,21.5825,10,-0.547,-2.471814,21.1675,10,-1.6818,-7.360401,3.3,-3.1,50.8,53.2,53.4,4043,1088790.5,269.3,-78.450366,-78.450366,-78.450366,0,78.450366,78.450366,down,down,no_adjust,1,0,0,-78.450366,1,0,S0_current,0.0,actual historical adjustment,0,6154.459926,0,0,-78.450366,-604.818423,365805.3248,0,0.010422,0,0,0.424928,0.065824
2020-04-28,2020-04-28,0,0,6855,5930,4月28日国内成品油价格不作调整,https://www.ndrc.gov.cn/xwdt/ztzl/gncpyjg/202004/t20200428_1293022.html,0,6392.5,0,no_adjust,0,2020-04,15.699,10,-5.438,-25.727397,16.633,10,-3.912,-19.041129,10.703,10,-12.743,-54.350422,13.668,10,-7.9145,-36.670914,14.854,10,-6.3135,-29.826385,3.3,-3.1,50.8,53.2,53.4,4043,1088790.5,269.3,-299.470509,-299.470509,-299.470509,0,299.470509,299.470509,down,down,no_adjust,1,0,0,-299.470509,1,0,S0_current,0.0,actual historical adjustment,0,89682.585761,0,0,-299.470509,-904.288932,817738.472538,0,0.151872,0,0,0.949904,0.17286
2020-05-14,2020-05-14,0,0,6855,5930,5月14日国内成品油价格不作调整,https://www.ndrc.gov.cn/xwdt/ztzl/gncpyjg/202005/t20200514_1293023.html,0,6392.5,0,no_adjust,0,2020-05,21.067,10,5.368,34.193261,22.884,10,6.251,37.581915,23.142,10,12.439,116.219751,22.5285,10,8.8605,64.826602,22.6707,10,7.8167,52.623536,2.4,-3.7,50.6,53.6,53.4,4797,946857.4,197.39,374.80866,374.80866,374.80866,0,-374.80866,-374.80866,up,up,no_adjust,1,0,0,374.80866,1,0,S0_current,0.0,actual historical adjustment,0,140481.531611,0,0,374.80866,-529.480272,280349.358437,0,0.237898,0,0,0.32566,0.096429
2020-05-28,2020-05-28,0,0,6855,5930,5月28日国内成品油价格不作调整,https://www.ndrc.gov.cn/xwdt/ztzl/gncpyjg/202005/t20200528_1293024.html,0,6392.5,0,no_adjust,0,2020-05,27.658,10,6.591,31.285897,32.509,10,9.625,42.059955,31.519,10,8.377,36.198254,32.014,10,9.4855,42.104445,32.212,10,9.5413,42.086482,2.4,-3.7,50.6,53.6,53.4,4797,946857.4,197.39,457.104867,457.104867,457.104867,0,-457.104867,-457.104867,up,up,no_adjust,1,0,0,457.104867,1,0,S0_current,0.0,actual historical adjustment,0,208944.859435,0,0,457.104867,-72.375405,5238.199249,0,0.353836,0,0,0.006085,0.07168
2020-06-11,2020-06-11,0,0,6855,5930,6月11日国内成品油价格不作调整,https://www.ndrc.gov.cn/xwdt/ztzl/gncpyjg/202006/t20200611_1293025.html,0,6392.5,0,no_adjust,0,2020-06,34.672,10,7.014,25.359751,38.127,10,5.618,17.281368,37.254,10,5.735,18.195374,37.6905,10,5.6765,17.731305,37.8651,10,5.6531,17.549671,2.5,-3,50.9,54.4,54.2,521,273937.7,525.79,271.563808,271.563808,271.563808,0,-271.563808,-271.563808,up,up,no_adjust,1,0,0,271.563808,1,0,S0_current,0.0,actual historical adjustment,0,73746.901815,0,0,271.563808,199.188403,39676.01989,0,0.124886,0,0,0.046089,0.031891
2020-06-29,2020-06-28,120,110,6975,6040,国内成品油价格按机制上调,https://www.ndrc.gov.cn/xwdt/ztzl/gncpyjg/202006/t20200628_1293026.html,115,6507.5,1,up,115,2020-06,37.873,10,3.201,9.232234,41.321,10,3.194,8.377265,38.785,10,1.531,4.109626,40.053,10,2.3625,6.268158,40.5602,10,2.6951,7.117636,2.5,-3,50.9,54.4,54.2,521,273937.7,525.79,130.410974,130.410974,130.410974,0,-15.410974,-15.410974,up,up,up,1,1,0.881828,15.410974,1,0,S0_current,115.0,actual historical adjustment,13225,237.49812,19837.5,13225,15.410974,214.599377,46052.892609,0.010221,0.000402,0.012776,0.013358,0.053496,0.015858
2020-07-11,2020-07-10,100,100,7075,6140,国内成品油价格按机制上调,https://www.ndrc.gov.cn/xwdt/ztzl/gncpyjg/202007/t20200710_1293027.html,100,6607.5,1,up,100,2020-07,41.56,10,3.687,9.735168,42.451,10,1.13,2.734687,39.823,10,1.038,2.676292,41.05,10,0.997,2.489202,41.5408,10,0.9806,2.417641,2.7,-2.4,51.1,54.2,54.1,5129,1434135.2,279.61,48.596729,48.596729,0,48.596729,51.403271,100,up,no_adjust,up,0,1,,,,,S0_current,100.0,actual historical adjustment,10000,10000,15400,225,-100,114.599377,13133.017209,0.007729,0.016934,0.009918,0.000227,0.015256,0.010121
2020-07-24,2020-07-24,0,0,7075,6140,7月24日国内成品油价格不作调整,https://www.ndrc.gov.cn/xwdt/ztzl/gncpyjg/202007/t20200724_1293028.html,0,6607.5,0,no_adjust,0,2020-07,43.719,10,2.159,5.194899,43.484,10,1.033,2.433394,40.887,10,1.064,2.671823,42.1855,10,1.1355,2.766139,42.7049,10,1.1641,2.802305,2.7,-2.4,51.1,54.2,54.1,5129,1434135.2,279.61,57.353168,105.949897,105.949897,0,-57.353168,-105.949897,up,up,no_adjust,1,0,0,105.949897,1,0,S0_current,0.0,actual historical adjustment,0,11225.380674,0,10000,105.949897,220.549274,48641.982262,0,0.01901,0,0.010101,0.056504,0.013793
2020-08-07,2020-08-07,0,0,7075,6140,8月7日国内成品油价格不作调整,https://www.ndrc.gov.cn/xwdt/ztzl/gncpyjg/202008/t20200807_1293029.html,0,6607.5,0,no_adjust,0,2020-08,43.832,10,0.113,0.258469,43.712,10,0.228,0.524331,41.134,10,0.247,0.604104,42.423,10,0.2375,0.56299,42.9386,10,0.2337,0.547244,2.4,-2,51,55.2,54.5,4748,1492292.6,314.3,12.9554,12.9554,0,12.9554,-12.9554,0,up,no_adjust,no_adjust,0,0,,,,,S0_current,0.0,actual historical adjustment,0,0,0,0,0,220.549274,48641.982262,0,0,0,0,0.056504,0.008476
2020-08-22,2020-08-21,85,80,7160,6220,国内成品油价格按机制上调,https://www.ndrc.gov.cn/xwdt/ztzl/gncpyjg/202008/t20200821_1293030.html,82.5,6690,1,up,82.5,2020-08,45.08,10,1.248,2.847235,44.678,10,0.966,2.209919,42.285,10,1.151,2.798172,43.4815,10,1.0585,2.495109,43.9601,10,1.0215,2.378978,2.4,-2,51,55.2,54.5,4748,1492292.6,314.3,50.548437,63.503837,63.503837,0,31.951563,18.996163,up,up,up,1,1,1.299134,-18.996163,0,1,S0_current,82.5,actual historical adjustment,6806.25,360.854209,10073.25,6806.25,-18.996163,201.553111,40623.656554,0.00526,0.000611,0.006488,0.006875,0.047189,0.011169
2020-09-04,2020-09-04,0,0,7160,6220,9月4日国内成品油价格不作调整,https://www.ndrc.gov.cn/xwdt/ztzl/gncpyjg/202009/t20200904_1293031.html,0,6690,0,no_adjust,0,2020-09,45.312,10,0.232,0.514641,44.593,10,-0.085,-0.19025,42.65,10,0.365,0.86319,43.622,10,0.1405,0.323126,44.0104,10,0.0503,0.114422,1.7,-2.1,51.5,55.9,55.1,100,101019.8,1010.2,4.203733,4.203733,0,4.203733,-4.203733,0,up,no_adjust,no_adjust,0,0,,,,,S0_current,0.0,actual historical adjustment,0,0,0,6806.25,0,201.553111,40623.656554,0,0,0,0.006875,0.047189,0.00811
2020-09-19,2020-09-18,-315,-300,6845,5920,国内成品油价格按机制下调,https://www.ndrc.gov.cn/xwdt/ztzl/gncpyjg/202009/t20200918_1293032.html,-307.5,6382.5,1,down,307.5,2020-09,40.604,10,-4.708,-10.390184,40.004,10,-4.589,-10.290853,38.726,10,-3.924,-9.200469,39.4675,10,-4.1545,-9.523864,39.7641,10,-4.2463,-9.648401,1.7,-2.1,51.5,55.9,55.1,100,101019.8,1010.2,-200.825769,-196.622036,-196.622036,0,-106.674231,-110.877964,down,down,down,1,1,1.563914,110.877964,0,1,S0_current,-307.5,actual historical adjustment,0,12293.922901,0,94556.25,110.877964,312.431075,97613.176626,0,0.020819,0,0.095509,0.11339,0.035499
2020-10-09,2020-10-09,0,0,6845,5920,10月9日国内成品油价格不作调整,https://www.ndrc.gov.cn/xwdt/ztzl/gncpyjg/202010/t20201009_1293033.html,0,6382.5,0,no_adjust,0,2020-10,40.459,10,-0.145,-0.357108,40.455,10,0.451,1.127387,39.552,10,0.826,2.132934,40.0035,10,0.536,1.358079,40.1841,10,0.42,1.056229,0.5,-2.1,51.4,56.2,55.3,4256,1327523.7,311.92,21.845452,21.845452,0,21.845452,-21.845452,0,up,no_adjust,no_adjust,0,0,,,,,S0_current,0.0,actual historical adjustment,0,0,0,94556.25,0,312.431075,97613.176626,0,0,0,0.095509,0.11339,0.031335
2020-10-23,2020-10-22,80,70,6925,5990,国内成品油价格按机制上调,https://www.ndrc.gov.cn/xwdt/ztzl/gncpyjg/202010/t20201022_1293034.html,75,6457.5,1,up,75,2020-10,41.108,10,0.649,1.604093,41.323,10,0.868,2.145594,40.507,10,0.955,2.414543,40.915,10,0.9115,2.278551,41.0782,10,0.8941,2.225009,0.5,-2.1,51.4,56.2,55.3,4256,1327523.7,311.92,44.469035,66.314486,66.314486,0,30.530965,8.685514,up,up,up,1,1,1.130975,-8.685514,0,1,S0_current,75.0,actual historical adjustment,5625,75.438153,6187.5,5625,-8.685514,303.745561,92261.365827,0.004347,0.000128,0.003985,0.005682,0.107173,0.019037
2020-11-06,2020-11-05,-160,-150,6765,5840,国内成品油价格按机制下调,https://www.ndrc.gov.cn/xwdt/ztzl/gncpyjg/202011/t20201105_1293035.html,-155,6302.5,1,down,155,2020-11,38.617,10,-2.491,-6.059648,38.715,10,-2.608,-6.311255,37.978,10,-2.529,-6.243365,38.3465,10,-2.5685,-6.277649,38.4939,10,-2.5843,-6.291171,-0.5,-1.5,52.1,56.4,55.7,280,42203,150.72,-121.516773,-121.516773,-121.516773,0,-33.483227,-33.483227,down,down,down,1,1,1.275544,33.483227,0,1,S0_current,-155.0,actual historical adjustment,0,1121.12649,0,52900,33.483227,337.228788,113723.255456,0,0.001899,0,0.053433,0.132104,0.02821
2020-11-20,2020-11-19,150,145,6915,5985,2020年11月19日24时起国内成品油价格按机制上调,https://www.ndrc.gov.cn/xwdt/ztzl/gncpyjg/202011/t20201119_1293036.html,147.5,6450,1,up,147.5,2020-11,41.788,10,3.171,8.211409,41.506,10,2.791,7.209092,40.284,10,2.306,6.071936,40.895,10,2.5485,6.645978,41.1394,10,2.6455,6.872517,-0.5,-1.5,52.1,56.4,55.7,280,42203,150.72,128.044111,128.044111,128.044111,0,19.455889,19.455889,up,up,up,1,1,1.151947,-19.455889,0,1,S0_current,147.5,actual historical adjustment,21756.25,378.531617,21756.25,91506.25,-19.455889,317.772899,100979.615339,0.016814,0.000641,0.014012,0.092428,0.1173,0.039294
2020-12-04,2020-12-03,250,240,7165,6225,2020年12月3日24时起国内成品油价格按机制上调,https://www.ndrc.gov.cn/xwdt/ztzl/gncpyjg/202012/t20201203_1293037.html,245,6695,1,up,245,2020-12,45.697,10,3.909,9.35436,46.068,10,4.562,10.991182,43.461,10,3.177,7.886506,44.377,10,3.482,8.514488,44.7434,10,3.604,8.760458,0.2,-0.4,51.9,55.7,55.1,3847,1245360,323.72,173.782783,173.782783,173.782783,0,71.217217,71.217217,up,up,up,1,1,1.409806,-71.217217,0,1,S0_current,245.0,actual historical adjustment,60025,5071.891997,62426,9506.25,-71.217217,246.555682,60789.704326,0.046391,0.008589,0.040205,0.009602,0.070615,0.035399
2020-12-18,2020-12-17,155,150,7320,6375,2020年12月17日24时起国内成品油价格按机制上调,https://www.ndrc.gov.cn/xwdt/ztzl/gncpyjg/202012/t20201217_1293038.html,152.5,6847.5,1,up,152.5,2020-12,48.751,10,3.054,6.683152,49.596,10,3.528,7.658244,46.453,10,2.992,6.884333,48.0245,10,3.6475,8.219348,48.6531,10,3.9097,8.738049,0.2,-0.4,51.9,55.7,55.1,3847,1245360,323.72,188.370484,188.370484,188.370484,0,-35.870484,-35.870484,up,up,up,1,1,0.809575,35.870484,1,0,S0_current,152.5,actual historical adjustment,23256.25,1286.691622,24186.5,8556.25,35.870484,282.426166,79764.539241,0.017974,0.002179,0.015577,0.008642,0.092656,0.024018
2021-01-01,2020-12-31,90,85,7410,6460,2020年12月31日24时起国内成品油价格按机制上调,https://www.ndrc.gov.cn/xwdt/ztzl/gncpyjg/202012/t20201231_1293039.html,87.5,6935,1,up,87.5,2021-01,50.063,10,1.312,2.691227,50.868,10,1.272,2.564723,47.976,10,1.523,3.278583,49.422,10,1.3975,2.909973,50.0004,10,1.3473,2.769197,-0.3,0.3,51.3,52.4,52.8,4459,1612834.7,3617.03,66.095291,66.095291,66.095291,0,21.404709,21.404709,up,up,up,1,1,1.323846,-21.404709,0,1,S0_current,87.5,actual historical adjustment,7656.25,458.161567,7656.25,4225,-21.404709,261.021457,68132.201014,0.005917,0.000776,0.004931,0.004268,0.079144,0.015379
2021-01-16,2021-01-15,185,180,7595,6640,2021年1月15日24时起国内成品油价格按机制上调,https://www.ndrc.gov.cn/xwdt/ztzl/gncpyjg/202101/t20210115_1293040.html,182.5,7117.5,1,up,182.5,2021-01,53.503,10,3.44,6.871342,53.986,10,3.118,6.12959,51.033,10,3.057,6.371936,52.5095,10,3.0875,6.247218,53.1001,10,3.0997,6.19935,-0.3,0.3,51.3,52.4,52.8,4459,1612834.7,3617.03,149.718085,149.718085,149.718085,0,32.781915,32.781915,up,up,up,1,1,1.218958,-32.781915,0,1,S0_current,182.5,actual historical adjustment,33306.25,1074.653951,33306.25,9025,-32.781915,228.239542,52093.288532,0.025741,0.00182,0.021451,0.009116,0.060513,0.022606
2021-01-30,2021-01-29,75,70,7670,6710,2021年1月29日24时起国内成品油价格按机制上调,https://www.ndrc.gov.cn/xwdt/ztzl/gncpyjg/202101/t20210129_1293041.html,72.5,7190,1,up,72.5,2021-01,54.842,10,1.339,2.502663,55.159,10,1.173,2.172786,52.749,10,1.716,3.36253,54.0315,10,1.522,2.898523,54.5445,10,1.4444,2.720146,-0.3,0.3,51.3,52.4,52.8,4459,1612834.7,3617.03,70.728806,70.728806,70.728806,0,1.771194,1.771194,up,up,up,1,1,1.025042,-1.771194,0,1,S0_current,72.5,actual historical adjustment,5256.25,3.137128,5256.25,12100,-1.771194,226.468348,51287.912646,0.004062,0.000005,0.003385,0.012222,0.059577,0.012633
2021-02-19,2021-02-18,275,265,7945,6975,2021年2月18日24时起国内成品油价格按机制上调,https://www.ndrc.gov.cn/xwdt/ztzl/gncpyjg/202102/t20210218_1293042.html,270,7460,1,up,270,2021-02,60.706,10,5.864,10.692535,61.666,10,6.507,11.796806,58.252,10,5.503,10.432425,59.7105,10,5.679,10.510536,60.2939,10,5.7494,10.540751,-0.2,1.7,50.6,51.4,51.6,4498,1783365.6,396.48,276.159149,276.159149,276.159149,0,-6.159149,-6.159149,up,up,up,1,1,0.977697,6.159149,1,0,S0_current,270.0,actual historical adjustment,72900,37.935116,72900,39006.25,6.159149,232.627497,54115.55236,0.056341,0.000064,0.046951,0.039399,0.062862,0.041175
2021-03-04,2021-03-03,260,250,8205,7225,2021年3月3日24时起国内成品油价格按机制上调,https://www.ndrc.gov.cn/xwdt/ztzl/gncpyjg/202103/t20210303_1293043.html,255,7715,1,up,255,2021-03,63.35,10,2.644,4.355418,64.897,10,3.231,5.239516,61.237,10,2.985,5.124288,63.067,10,3.3565,5.621289,63.799,10,3.5051,5.813358,0.4,4.4,51.9,56.3,55.3,4966,2267884.9,456.68,169.063372,169.063372,169.063372,0,85.936628,85.936628,up,up,up,1,1,1.50831,-85.936628,0,1,S0_current,255.0,actual historical adjustment,65025,7385.104032,70227,225,-85.936628,146.690869,21518.211048,0.050255,0.012506,0.045229,0.000227,0.024996,0.030156
2021-03-18,2021-03-17,235,230,8440,7455,2021年3月17日24时起国内成品油价格按机制上调,https://www.ndrc.gov.cn/xwdt/ztzl/gncpyjg/202103/t20210317_1293044.html,232.5,7947.5,1,up,232.5,2021-03,66.413,10,3.063,4.835043,67.947,10,3.05,4.699755,64.651,10,3.414,5.575061,66.299,10,3.232,5.124709,66.9582,10,3.1592,4.951802,0.4,4.4,51.9,56.3,55.3,4966,2267884.9,456.68,152.557367,152.557367,152.557367,0,79.942633,79.942633,up,up,up,1,1,1.524017,-79.942633,0,1,S0_current,232.5,actual historical adjustment,54056.25,6390.824571,58380.75,506.25,-79.942633,66.748236,4455.327009,0.041778,0.010823,0.0376,0.000511,0.005175,0.022862
2021-04-01,2021-03-31,-225,-220,8215,7235,2021年3月31日24时起国内成品油价格按机制下调,https://www.ndrc.gov.cn/xwdt/ztzl/gncpyjg/202103/t20210331_1293045.html,-222.5,7725,1,down,222.5,2021-04,63.154,10,-3.259,-4.907172,63.371,10,-4.576,-6.734661,60.772,10,-3.879,-5.999907,62.0715,10,-4.2275,-6.376416,62.5913,10,-4.3669,-6.52183,0.9,6.8,51.1,54.9,53.8,4036,1839330.1,455.73,-206.580682,-206.580682,-206.580682,0,-15.919318,-15.919318,down,down,down,1,1,1.077061,15.919318,0,1,S0_current,-222.5,actual historical adjustment,0,253.424686,0,207025,15.919318,82.667554,6833.924484,0,0.000429,0,0.209111,0.007938,0.032643
2021-04-15,2021-04-15,0,0,8215,7235,2021年4月15日国内成品油价格不作调整,https://www.ndrc.gov.cn/xwdt/ztzl/gncpyjg/202104/t20210415_1293046.html,0,7725,0,no_adjust,0,2021-04,61.748,10,-1.406,-2.226304,62.928,10,-0.443,-0.699058,60.039,10,-0.733,-1.206148,61.5745,10,-0.497,-0.80069,62.1159,10,-0.4754,-0.75953,0.9,6.8,51.1,54.9,53.8,4036,1839330.1,455.73,-20.882151,-20.882151,0,-20.882151,20.882151,0,down,no_adjust,no_adjust,0,0,,,,,S0_current,0.0,actual historical adjustment,0,0,0,49506.25,0,82.667554,6833.924484,0,0,0,0.050005,0.007938,0.008692
2021-04-29,2021-04-28,100,95,8315,7330,2021年4月28日24时起国内成品油价格按机制上调,https://www.ndrc.gov.cn/xwdt/ztzl/gncpyjg/202104/t20210428_1293047.html,97.5,7822.5,1,up,97.5,2021-04,64.138,10,2.39,3.870571,65.669,10,2.741,4.355772,62.569,10,2.53,4.213928,64.119,10,2.5445,4.132392,64.739,10,2.6231,4.222912,0.9,6.8,51.1,54.9,53.8,4036,1839330.1,455.73,126.975205,106.093054,106.093054,0,-29.475205,-8.593054,up,up,up,1,1,0.919005,8.593054,1,0,S0_current,97.5,actual historical adjustment,9506.25,73.840577,11217.375,9506.25,8.593054,91.260608,8328.498573,0.007347,0.000125,0.007224,0.009602,0.009675,0.006559
2021-05-15,2021-05-14,100,100,8415,7430,2021年5月14日24时起国内成品油价格按机制上调,https://www.ndrc.gov.cn/xwdt/ztzl/gncpyjg/202105/t20210514_1293048.html,100,7922.5,1,up,100,2021-05,66.717,10,2.579,4.021017,68.638,10,2.969,4.521159,64.901,10,2.332,3.727085,66.7965,10,2.6775,4.175829,67.5331,10,2.7941,4.315946,1.3,9,51,55.2,54.2,4095,2039882.1,498.14,135.135156,135.135156,135.135156,0,-35.135156,-35.135156,up,up,up,1,1,0.74,35.135156,1,0,S0_current,100.0,actual historical adjustment,10000,1234.479187,12600,6.25,35.135156,126.395764,15975.889157,0.007729,0.002091,0.008115,0.000006,0.018558,0.007164
2021-05-28,2021-05-28,0,0,8415,7430,2021年5月28日国内成品油价格不作调整,https://www.ndrc.gov.cn/xwdt/ztzl/gncpyjg/202105/t20210528_1293049.html,0,7922.5,0,no_adjust,0,2021-05,66.662,10,-0.055,-0.082438,68.24,10,-0.398,-0.579854,65.157,10,0.256,0.394447,66.6985,10,-0.098,-0.146714,67.3151,10,-0.218,-0.322805,1.3,9,51,55.2,54.2,4095,2039882.1,498.14,-8.599277,-8.599277,0,-8.599277,8.599277,0,down,no_adjust,no_adjust,0,0,,,,,S0_current,0.0,actual historical adjustment,0,0,0,10000,0,126.395764,15975.889157,0,0,0,0.010101,0.018558,0.004299
2021-06-12,2021-06-11,175,170,8590,7600,2021年6月11日24时起国内成品油价格按机制上调,https://www.ndrc.gov.cn/xwdt/ztzl/gncpyjg/202106/t20210611_1293050.html,172.5,8095,1,up,172.5,2021-06,69.738,10,3.076,4.614323,70.667,10,2.427,3.556565,68.771,10,3.614,5.546603,69.719,10,3.0205,4.528588,70.0982,10,2.7831,4.134436,1.1,8.8,50.9,53.5,52.9,4012,2071889.6,516.42,134.610247,126.010969,126.010969,0,37.889753,46.489031,up,up,up,1,1,1.368928,-46.489031,0,1,S0_current,172.5,actual historical adjustment,29756.25,2161.230003,36302.625,29756.25,-46.489031,79.906733,6385.085979,0.022997,0.00366,0.023381,0.030056,0.007417,0.017947
2021-06-29,2021-06-28,225,215,8815,7815,2021年6月28日24时起国内成品油价格按机制上调,https://www.ndrc.gov.cn/xwdt/ztzl/gncpyjg/202106/t20210628_1293051.html,220,8315,1,up,220,2021-06,72.892,10,3.154,4.522642,74.258,10,3.591,5.08158,72.515,10,3.744,5.444155,73.3865,10,3.6675,5.260402,73.7351,10,3.6369,5.188293,1.1,8.8,50.9,53.5,52.9,4012,2071889.6,516.42,175.352738,175.352738,175.352738,0,44.647262,44.647262,up,up,up,1,1,1.254614,-44.647262,0,1,S0_current,220.0,actual historical adjustment,48400,1993.378004,59048,2256.25,-44.647262,35.259471,1243.230295,0.037406,0.003376,0.03803,0.002279,0.001444,0.020093
2021-07-13,2021-07-12,70,65,8885,7880,2021年7月12日24时起国内成品油价格按机制上调,https://www.ndrc.gov.cn/xwdt/ztzl/gncpyjg/202107/t20210712_1293052.html,67.5,8382.5,1,up,67.5,2021-07,74.224,10,1.332,1.827361,76.197,10,1.939,2.611166,73.793,10,1.278,1.762394,74.9005,10,1.514,2.06305,75.3435,10,1.6084,2.181322,1,9,50.4,53.3,52.4,4117,2208676.2,536.48,78.554724,78.554724,78.554724,0,-11.054724,-11.054724,up,up,up,1,1,0.859274,11.054724,1,0,S0_current,67.5,actual historical adjustment,4556.25,122.206923,5467.5,23256.25,11.054724,46.314195,2145.004658,0.003521,0.000207,0.003521,0.023491,0.002492,0.005699
2021-07-27,2021-07-26,-100,-95,8785,7785,2021年7月26日24时起国内成品油价格按机制下调,https://www.ndrc.gov.cn/xwdt/ztzl/gncpyjg/202107/t20210726_1293053.html,-97.5,8285,1,down,97.5,2021-07,72.683,10,-1.541,-2.076148,74.001,10,-2.196,-2.882003,71.436,10,-2.357,-3.19407,72.7185,10,-2.182,-2.913198,73.2315,10,-2.112,-2.803162,1,9,50.4,53.3,52.4,4117,2208676.2,536.48,-98.979084,-98.979084,-98.979084,0,1.479084,1.479084,down,down,down,1,1,0.985057,-1.479084,1,0,S0_current,-97.5,actual historical adjustment,0,2.187689,0,27225,-1.479084,44.835111,2010.187178,0,0.000004,0,0.027499,0.002335,0.004476
2021-08-09,2021-08-09,0,0,8785,7785,2021年8月9日国内成品油价格不作调整,https://www.ndrc.gov.cn/xwdt/ztzl/gncpyjg/202108/t20210809_1293373.html,0,8285,0,no_adjust,0,2021-08,72.934,10,0.251,0.345335,74.007,10,0.006,0.008108,71.125,10,-0.311,-0.435355,72.566,10,-0.1525,-0.209713,73.1424,10,-0.0891,-0.121669,0.8,9.5,50.1,47.5,48.9,4453,2427251.9,545.08,-2.448297,-2.448297,0,-2.448297,2.448297,0,down,no_adjust,no_adjust,0,0,,,,,S0_current,0.0,actual historical adjustment,0,0,0,9506.25,0,44.835111,2010.187178,0,0,0,0.009602,0.002335,0.001791
2021-08-24,2021-08-23,-250,-245,8535,7540,2021年8月23日24时起国内成品油价格按机制下调,https://www.ndrc.gov.cn/xwdt/ztzl/gncpyjg/202108/t20210823_1294332.html,-247.5,8037.5,1,down,247.5,2021-08,69.411,10,-3.523,-4.830395,69.586,10,-4.421,-5.973759,66.691,10,-4.434,-6.234095,68.1385,10,-4.4275,-6.101342,68.7175,10,-4.4249,-6.049706,0.8,9.5,50.1,47.5,48.9,4453,2427251.9,545.08,-209.348385,-211.796682,-211.796682,0,-38.151615,-35.703318,down,down,down,1,1,1.168574,35.703318,0,1,S0_current,-247.5,actual historical adjustment,0,1274.726916,0,61256.25,35.703318,80.538429,6486.438546,0,0.002159,0,0.061873,0.007535,0.010843
2021-09-07,2021-09-06,140,140,8675,7680,2021年9月6日24时起国内成品油价格按机制上调,https://www.ndrc.gov.cn/xwdt/ztzl/gncpyjg/202109/t20210906_1296106.html,140,8177.5,1,up,140,2021-09,70.861,10,1.45,2.089006,71.266,10,1.68,2.414279,68.37,10,1.679,2.517581,69.4665,10,1.328,1.948972,70.1863,10,1.4688,2.137447,0.7,10.7,49.6,53.2,51.7,4104,2195876.9,535.06,71.89315,71.89315,71.89315,0,68.10685,68.10685,up,up,up,1,1,1.947334,-68.10685,0,1,S0_current,140.0,actual historical adjustment,19600,4638.543017,22344,150156.25,-68.10685,12.431579,154.544156,0.015148,0.007855,0.014391,0.151669,0.00018,0.031733
2021-09-19,2021-09-18,90,85,8765,7765,2021年9月18日24时起国内成品油价格按机制上调,https://www.ndrc.gov.cn/xwdt/ztzl/gncpyjg/202109/t20210918_1297148.html,87.5,8265,1,up,87.5,2021-09,72.575,10,1.714,2.41882,73.071,10,1.805,2.532765,70.371,10,2.001,2.926722,71.753,10,2.2865,3.291515,72.3058,10,2.1195,3.01982,0.7,10.7,49.6,53.2,51.7,4104,2195876.9,535.06,102.943911,102.943911,102.943911,0,-15.443911,-15.443911,up,up,up,1,1,0.849977,15.443911,1,0,S0_current,87.5,actual historical adjustment,7656.25,238.514387,8728.125,2756.25,15.443911,27.87549,777.042943,0.005917,0.000404,0.005621,0.002784,0.000903,0.003518
2021-10-10,2021-10-09,345,330,9110,8095,2021年10月9日24时起国内成品油价格按机制上调,https://www.ndrc.gov.cn/xwdt/ztzl/gncpyjg/202110/t20211009_1298893.html,337.5,8602.5,1,up,337.5,2021-10,78.676,10,6.101,8.406476,80.228,10,7.157,9.794583,76.979,10,6.608,9.390232,78.6035,10,6.8505,9.547336,79.2533,10,6.9475,9.608496,1.5,13.5,49.2,52.4,50.8,3766,2098861.3,557.32,333.331296,333.331296,333.331296,0,4.168704,4.168704,up,up,up,1,1,1.012506,-4.168704,0,1,S0_current,337.5,actual historical adjustment,113906.25,17.378093,148078.125,62500,-4.168704,23.706786,562.011702,0.088033,0.000029,0.095369,0.06313,0.000653,0.055424
2021-10-23,2021-10-22,300,290,9410,8385,2021年10月22日24时起国内成品油价格按机制上调,https://www.ndrc.gov.cn/xwdt/ztzl/gncpyjg/202110/t20211022_1300685.html,295,8897.5,1,up,295,2021-10,82.845,10,4.169,5.298948,84.1,10,3.872,4.826245,81.828,10,4.849,6.299121,82.964,10,4.3605,5.547463,83.4184,10,4.1651,5.255428,1.5,13.5,49.2,52.4,50.8,3766,2098861.3,557.32,200.55792,200.55792,200.55792,0,94.44208,94.44208,up,up,up,1,1,1.470897,-94.44208,0,1,S0_current,295.0,actual historical adjustment,87025,8919.306475,113132.5,1806.25,-94.44208,-70.735294,5003.481817,0.067258,0.015104,0.072862,0.001824,0.005812,0.039196
2021-11-05,2021-11-05,0,0,9410,8385,2021年11月5日国内成品油价格不作调整,https://www.ndrc.gov.cn/xwdt/ztzl/gncpyjg/202111/t20211105_1303115.html,0,8897.5,0,no_adjust,0,2021-11,83.068,10,0.223,0.269177,83.619,10,-0.481,-0.571938,83.144,10,1.316,1.608251,83.3815,10,0.4175,0.50323,83.4765,10,0.0581,0.069649,2.3,12.9,50.1,52.3,52.2,4178,2496433.8,597.52,4.575942,4.575942,0,4.575942,-4.575942,0,up,no_adjust,no_adjust,0,0,,,,,S0_current,0.0,actual historical adjustment,0,0,0,87025,0,-70.735294,5003.481817,0,0,0,0.087902,0.005812,0.014057
2021-11-20,2021-11-19,-95,-90,9315,8295,2021年11月19日24时起国内成品油价格按机制下调,https://www.ndrc.gov.cn/xwdt/ztzl/gncpyjg/202111/t20211119_1304442.html,-92.5,8805,1,down,92.5,2021-11,81.607,10,-1.461,-1.7588,82.729,10,-0.89,-1.064351,80.975,10,-2.169,-2.608727,81.852,10,-1.5295,-1.83434,82.2028,10,-1.2737,-1.525819,2.3,12.9,50.1,52.3,52.2,4178,2496433.8,597.52,-58.976237,-54.400296,-54.400296,0,-33.523763,-38.099704,down,down,down,1,1,1.700358,38.099704,0,1,S0_current,-92.5,actual historical adjustment,0,1451.587445,0,8556.25,38.099704,-32.63559,1065.081735,0,0.002458,0,0.008642,0.001237,0.001974
2021-12-04,2021-12-03,-430,-415,8885,7880,2021年12月3日24时起国内成品油价格按机制下调,https://www.ndrc.gov.cn/xwdt/ztzl/gncpyjg/202112/t20211203_1306844.html,-422.5,8382.5,1,down,422.5,2021-12,76.472,10,-5.135,-6.292352,76.572,10,-6.157,-7.442372,73.479,10,-7.496,-9.257178,75.4605,10,-6.3915,-7.808606,76.2531,10,-5.9497,-7.237831,1.5,10.3,50.3,52.7,52.2,4614,2690828.6,583.19,-282.110333,-282.110333,-282.110333,0,-140.389667,-140.389667,down,down,down,1,1,1.497641,140.389667,0,1,S0_current,-422.5,actual historical adjustment,0,19709.2586,0,108900,140.389667,107.754077,11610.94111,0,0.033377,0,0.109997,0.013488,0.025198
2021-12-18,2021-12-17,-130,-125,8755,7755,2021年12月17日24时起国内成品油价格按机制下调,https://www.ndrc.gov.cn/xwdt/xwfb/202112/t20211217_1308356.html,-127.5,8255,1,down,127.5,2021-12,73.946,10,-2.526,-3.30317,74.049,10,-2.523,-3.294938,70.795,10,-2.684,-3.652744,72.422,10,-3.0385,-4.02661,73.0728,10,-3.1803,-4.170716,1.5,10.3,50.3,52.7,52.2,4614,2690828.6,583.19,-149.957304,-149.957304,-149.957304,0,22.457304,22.457304,down,down,down,1,1,0.850242,-22.457304,1,0,S0_current,-127.5,actual historical adjustment,0,504.330503,0,87025,-22.457304,85.296773,7275.539484,0,0.000854,0,0.087902,0.008451,0.014624
2022-01-01,2021-12-31,140,135,8895,7890,2021年12月31日24时起国内成品油价格按机制上调,https://www.ndrc.gov.cn/xwdt/xwfb/202112/t20211231_1311298.html,137.5,8392.5,1,up,137.5,2022-01,75.152,10,1.206,1.63092,74.811,10,0.762,1.029048,73.468,10,2.673,3.77569,73.544,10,1.122,1.549253,73.976,10,0.9032,1.236028,0.9,9.1,50.1,51.1,51,4880,2795758.1,572.9,44.903278,44.903278,0,44.903278,92.596722,137.5,up,no_adjust,up,0,1,,,,,S0_current,137.5,actual historical adjustment,18906.25,18906.25,22309.375,70225,-137.5,-52.203227,2725.176909,0.014612,0.032017,0.014368,0.070933,0.003166,0.024763
2022-01-18,2022-01-17,345,330,9240,8220,2022年1月17日24时起国内成品油价格按机制上调,https://www.ndrc.gov.cn/xwdt/xwfb/202201/t20220117_1312120.html,337.5,8730,1,up,337.5,2022-01,81.683,10,6.531,8.690387,82.785,10,7.974,10.65886,79.687,10,6.219,8.46491,81.236,10,7.692,10.459045,81.8556,10,7.8796,10.651563,0.9,9.1,50.1,51.1,51,4880,2795758.1,572.9,377.810186,422.713464,422.713464,0,-40.310186,-85.213464,up,up,up,1,1,0.798413,85.213464,1,0,S0_current,337.5,actual historical adjustment,113906.25,7261.334447,134409.375,40000,85.213464,33.010237,1089.675747,0.088033,0.012297,0.086566,0.040403,0.001266,0.052359
2022-01-30,2022-01-29,310,300,9550,8520,2022年1月29日24时起国内成品油价格按机制上调,https://www.ndrc.gov.cn/xwdt/xwfb/202201/t20220129_1313943.html,305,9035,1,up,305,2022-01,88.254,10,6.571,8.044514,89.641,10,6.856,8.281694,86.223,10,6.536,8.202091,87.8995,10,6.6635,8.202644,88.5701,10,6.7145,8.20286,0.9,9.1,50.1,51.1,51,4880,2795758.1,572.9,322.212766,322.212766,322.212766,0,-17.212766,-17.212766,up,up,up,1,1,0.94658,17.212766,1,0,S0_current,305.0,actual historical adjustment,93025,296.279313,109769.5,1056.25,17.212766,50.223003,2522.35003,0.071895,0.000502,0.070696,0.001067,0.00293,0.036348
2022-02-18,2022-02-17,210,200,9760,8720,2022年2月17日24时起国内成品油价格按机制上调,https://www.ndrc.gov.cn/xwdt/xwfb/202202/t20220217_1315772.html,205,9240,1,up,205,2022-02,92.871,10,4.617,5.231491,96.955,10,7.314,8.159213,91.693,10,5.47,6.344015,94.324,10,6.4245,7.308915,95.3764,10,6.8063,7.684648,0.9,8.8,50.2,51.6,51.2,3634,2271578.6,625.09,326.593372,326.593372,326.593372,0,-121.593372,-121.593372,up,up,up,1,1,0.627692,121.593372,1,0,S0_current,205.0,actual historical adjustment,42025,14784.948114,49589.5,10000,121.593372,171.816375,29520.866718,0.032479,0.025037,0.031938,0.010101,0.034292,0.027771
2022-03-04,2022-03-03,260,255,10020,8975,2022年3月3日24时起国内成品油价格按机制上调,https://www.ndrc.gov.cn/xwdt/xwfb/202203/t20220303_1318078.html,257.5,9497.5,1,up,257.5,2022-03,98.592,10,5.721,6.160158,102.123,10,5.168,5.330308,95.61,10,3.917,4.271864,98.791,10,4.467,4.735804,100.0634,10,4.687,4.914214,1.5,8.3,49.5,48.4,48.8,4271,3021685.3,707.49,225.462472,225.462472,225.462472,0,32.037528,32.037528,up,up,up,1,1,1.142097,-32.037528,0,1,S0_current,257.5,actual historical adjustment,66306.25,1026.4032,86198.125,2756.25,-32.037528,139.778847,19538.126069,0.051245,0.001738,0.055515,0.002784,0.022696,0.03086
2022-03-18,2022-03-17,750,720,10770,9695,2022年3月17日24时起国内成品油价格按机制上调,https://www.ndrc.gov.cn/xwdt/xwfb/202203/t20220317_1319438.html,735,10232.5,1,up,735,2022-03,115.932,10,17.34,17.587634,117.079,10,14.956,14.645085,108.49,10,12.88,13.471394,112.7845,10,13.9935,14.164752,114.5023,10,14.4389,14.429752,1.5,8.3,49.5,48.4,48.8,4271,3021685.3,707.49,690.813495,690.813495,690.813495,0,44.186505,44.186505,up,up,up,1,1,1.063963,-44.186505,0,1,S0_current,735.0,actual historical adjustment,540225,1952.447224,702292.5,228006.25,-44.186505,95.592342,9137.895849,0.417515,0.003306,0.452308,0.230304,0.010615,0.254255
2022-04-01,2022-03-31,110,110,10880,9805,2022年3月31日24时起国内成品油价格按机制上调,https://www.ndrc.gov.cn/xwdt/xwfb/202203/t20220331_1321429.html,110,10342.5,1,up,110,2022-04,112.719,10,-3.213,-2.771452,118.869,10,1.79,1.528882,109.573,10,1.083,0.998249,114.221,10,1.4365,1.273668,116.0802,10,1.5779,1.378051,2.1,8,47.4,41.9,42.7,4303,3422562.7,795.39,77.099294,77.099294,77.099294,0,32.900706,32.900706,up,up,up,1,1,1.426732,-32.900706,0,1,S0_current,110.0,actual historical adjustment,12100,1082.456455,17182,390625,-32.900706,62.691636,3930.241224,0.009352,0.001833,0.011066,0.394561,0.004565,0.06534
2022-04-16,2022-04-15,-545,-530,10335,9275,2022年4月15日24时起国内成品油价格按机制下调,https://www.ndrc.gov.cn/xwdt/xwfb/202204/t20220415_1322196.html,-537.5,9805,1,down,537.5,2022-04,104.374,10,-8.345,-7.403366,104.444,10,-14.425,-12.135208,100.122,10,-9.451,-8.6253,102.283,10,-11.938,-10.451668,103.1474,10,-12.9328,-11.141263,2.1,8,47.4,41.9,42.7,4303,3422562.7,795.39,-615.336958,-615.336958,-615.336958,0,77.836958,77.836958,down,down,down,1,1,0.873505,-77.836958,1,0,S0_current,-537.5,actual historical adjustment,0,6058.592031,0,419256.25,-77.836958,-15.145322,229.380778,0,0.01026,0,0.42348,0.000266,0.065614
2022-04-29,2022-04-28,205,200,10540,9475,2022年4月28日24时起国内成品油价格按机制上调,https://www.ndrc.gov.cn/xwdt/xwfb/202204/t20220428_1323651.html,202.5,10007.5,1,up,202.5,2022-04,107.029,10,2.655,2.543737,105.209,10,0.765,0.73245,103.537,10,3.415,3.410839,103.987,10,1.704,1.665966,104.4758,10,1.3284,1.287866,2.1,8,47.4,41.9,42.7,4303,3422562.7,795.39,65.193401,65.193401,65.193401,0,137.306599,137.306599,up,up,up,1,1,3.106143,-137.306599,0,1,S0_current,202.5,actual historical adjustment,41006.25,18853.102129,58228.875,547600,-137.306599,-152.451921,23241.588217,0.031692,0.031927,0.037502,0.553117,0.026998,0.110701
2022-05-17,2022-05-16,285,270,10825,9745,2022年5月16日24时起国内成品油价格按机制上调,https://www.ndrc.gov.cn/xwdt/xwfb/202205/t20220516_1324609.html,277.5,10285,1,up,277.5,2022-05,110.858,10,3.829,3.577535,108.696,10,3.487,3.314355,105.843,10,2.306,2.227223,107.24,10,3.253,3.128276,107.8224,10,3.3466,3.20323,2.1,6.4,49.6,47.8,48.4,4583,3522859,768.68,161.499909,161.499909,161.499909,0,116.000091,116.000091,up,up,up,1,1,1.718267,-116.000091,0,1,S0_current,277.5,actual historical adjustment,77006.25,13456.021112,109348.875,5625,-116.000091,-268.452012,72066.482747,0.059515,0.022787,0.070426,0.005682,0.083714,0.050452
2022-05-31,2022-05-30,400,390,11225,10135,2022年5月30日24时起国内成品油价格按机制上调,https://www.ndrc.gov.cn/xwdt/xwfb/202205/t20220530_1326109.html,395,10680,1,up,395,2022-05,115.363,10,4.505,4.063757,115.295,10,6.599,6.071061,112.779,10,6.936,6.553102,114.037,10,6.797,6.33812,114.5402,10,6.7178,6.230431,2.1,6.4,49.6,47.8,48.4,4583,3522859,768.68,322.370239,322.370239,322.370239,0,72.629761,72.629761,up,up,up,1,1,1.225299,-72.629761,0,1,S0_current,395.0,actual historical adjustment,156025,5275.082183,221555.5,13806.25,-72.629761,-341.081773,116336.775873,0.120584,0.008933,0.142692,0.013945,0.135139,0.089968
2022-06-15,2022-06-14,390,375,11615,10510,2022年6月14日24时起国内成品油价格按机制上调,https://www.ndrc.gov.cn/xwdt/xwfb/202206/t20220614_1327247.html,382.5,11062.5,1,up,382.5,2022-06,120.039,10,4.676,4.053293,126.185,10,10.89,9.445336,118.856,10,6.077,5.388415,122.3335,10,8.2965,7.27527,123.8013,10,9.2611,8.085458,2.5,6.1,50.2,54.7,54.1,3582,2859140.2,798.2,443.734,443.734,443.734,0,-61.234,-61.234,up,up,up,1,1,0.862003,61.234,1,0,S0_current,382.5,actual historical adjustment,146306.25,3749.602756,219459.375,156.25,61.234,-279.847773,78314.776053,0.113073,0.00635,0.141342,0.000158,0.090972,0.078543
2022-06-29,2022-06-28,-320,-310,11295,10200,2022年6月28日24时起国内成品油价格按机制下调,https://www.ndrc.gov.cn/xwdt/xwfb/202206/t20220628_1328991.html,-315,10747.5,1,down,315,2022-06,116.169,10,-3.87,-3.223952,120.083,10,-6.102,-4.835757,112.525,10,-6.331,-5.326614,116.8135,10,-5.52,-4.512255,118.5289,10,-5.2724,-4.25876,2.5,6.1,50.2,54.7,54.1,3582,2859140.2,798.2,-249.790247,-249.790247,-249.790247,0,-65.209753,-65.209753,down,down,down,1,1,1.261058,65.209753,0,1,S0_current,-315.0,actual historical adjustment,0,4252.311886,0,486506.25,65.209753,-214.63802,46069.47963,0,0.007201,0,0.491408,0.053515,0.083179
2022-07-13,2022-07-12,-360,-345,10935,9855,2022年7月12日24时起国内成品油价格按机制下调,https://www.ndrc.gov.cn/xwdt/xwfb/202207/t20220712_1330413.html,-352.5,10395,1,down,352.5,2022-07,112.316,10,-3.853,-3.31672,116.503,10,-3.58,-2.981271,107.416,10,-5.109,-4.540324,111.854,10,-4.9595,-4.245657,113.6292,10,-4.8997,-4.13376,2.7,4.2,49,53.8,52.5,3733,3017713.3,808.39,-232.005371,-232.005371,-232.005371,0,-120.494629,-120.494629,down,down,down,1,1,1.519361,120.494629,0,1,S0_current,-352.5,actual historical adjustment,0,14518.955618,0,1406.25,120.494629,-94.143391,8862.978069,0,0.024587,0,0.00142,0.010295,0.006675
2022-07-27,2022-07-26,-300,-290,10635,9565,2022年7月26日24时起国内成品油价格按机制下调,https://www.ndrc.gov.cn/xwdt/xwfb/202207/t20220726_1331402.html,-295,10100,1,down,295,2022-07,106.816,10,-5.5,-4.896898,111.005,10,-5.498,-4.719192,100.454,10,-6.962,-6.481344,105.7295,10,-6.1245,-5.475441,107.8397,10,-5.7895,-5.095081,2.7,4.2,49,53.8,52.5,3733,3017713.3,808.39,-274.465747,-274.465747,-274.465747,0,-20.534253,-20.534253,down,down,down,1,1,1.074815,20.534253,0,1,S0_current,-295.0,actual historical adjustment,0,421.655546,0,3306.25,20.534253,-73.609138,5418.305197,0,0.000714,0,0.00334,0.006294,0.001588
2022-08-10,2022-08-09,-130,-125,10505,9440,2022年8月9日24时起国内成品油价格按机制下调,https://www.ndrc.gov.cn/xwdt/xwfb/202208/t20220809_1332823.html,-127.5,9972.5,1,down,127.5,2022-08,105.68,10,-1.136,-1.063511,105.433,10,-5.572,-5.019594,96.175,10,-4.279,-4.259661,100.804,10,-4.9255,-4.658586,102.6556,10,-5.1841,-4.807228,2.5,2.3,49.4,52.6,51.7,4035,3050600.4,756.03,-245.576658,-245.576658,-245.576658,0,118.076658,118.076658,down,down,down,1,1,0.519186,-118.076658,1,0,S0_current,-127.5,actual historical adjustment,0,13942.097164,0,28056.25,-118.076658,-191.685796,36743.444388,0,0.02361,0,0.028339,0.042682,0.015375
2022-08-24,2022-08-23,-205,-200,10300,9240,2022年8月23日24时起国内成品油价格按机制下调,https://www.ndrc.gov.cn/xwdt/xwfb/202208/t20220823_1333590.html,-202.5,9770,1,down,202.5,2022-08,99.905,10,-5.775,-5.46461,99.845,10,-5.588,-5.300048,93.223,10,-2.952,-3.069405,96.534,10,-4.27,-4.235943,97.8584,10,-4.7972,-4.673101,2.5,2.3,49.4,52.6,51.7,4035,3050600.4,756.03,-227.114173,-227.114173,-227.114173,0,24.614173,24.614173,down,down,down,1,1,0.891622,-24.614173,1,0,S0_current,-202.5,actual historical adjustment,0,605.857512,0,5625,-24.614173,-216.299969,46785.676589,0,0.001026,0,0.005682,0.054347,0.00921
2022-09-07,2022-09-06,190,185,10490,9425,2022年9月6日24时起国内成品油价格按机制上调,https://www.ndrc.gov.cn/xwdt/xwfb/202209/t20220906_1335202.html,187.5,9957.5,1,up,187.5,2022-09,102.388,10,2.483,2.485361,96.98,10,-2.865,-2.869448,92.631,10,-0.592,-0.635036,94.7245,10,-1.8095,-1.874469,95.7159,10,-2.1425,-2.189388,2.8,0.9,50.1,50.6,50.9,4024,2884192.5,716.75,-100.434514,-100.434514,-100.434514,0,287.934514,287.934514,down,down,up,1,1,-1.866888,-287.934514,0,1,S0_current,187.5,actual historical adjustment,35156.25,82906.284352,54843.75,152100,-287.934514,-504.234483,254252.413846,0.027171,0.140397,0.035322,0.153632,0.295345,0.111049
2022-09-22,2022-09-21,-290,-280,10200,9145,2022年9月21日24时起国内成品油价格按机制下调,https://www.ndrc.gov.cn/xwdt/xwfb/202209/t20220921_1335893.html,-285,9672.5,1,down,285,2022-09,96.179,10,-6.209,-6.064187,90.458,10,-6.522,-6.725098,86.084,10,-6.547,-7.067828,88.331,10,-6.3935,-6.749574,89.1818,10,-6.5341,-6.826557,2.8,0.9,50.1,50.6,50.9,4024,2884192.5,716.75,-309.997323,-309.997323,-309.997323,0,24.997323,24.997323,down,down,down,1,1,0.919363,-24.997323,1,0,S0_current,-285.0,actual historical adjustment,0,624.866157,0,223256.25,-24.997323,-529.231806,280086.304482,0,0.001058,0,0.225506,0.325355,0.082841
2022-10-10,2022-10-10,0,0,10200,9145,2022年10月10日国内成品油价格不作调整,https://www.ndrc.gov.cn/xwdt/xwfb/202210/t20221010_1338431.html,0,9672.5,0,no_adjust,0,2022-10,92.482,10,-3.697,-3.843874,90.968,10,0.51,0.563798,84.149,10,-1.935,-2.247804,87.5585,10,-0.7725,-0.874551,88.9223,10,-0.2595,-0.290979,2.1,-1.3,49.2,48.7,49,4314,2984358.1,691.78,-10.579616,-10.579616,0,-10.579616,10.579616,0,down,no_adjust,no_adjust,0,0,,,,,S0_current,0.0,actual historical adjustment,0,0,0,81225,0,-529.231806,280086.304482,0,0,0,0.082043,0.325355,0.06111
2022-10-25,2022-10-24,185,175,10385,9320,2022年10月24日24时起国内成品油价格按机制上调,https://www.ndrc.gov.cn/xwdt/xwfb/202210/t20221024_1338989.html,180,9852.5,1,up,180,2022-10,93.495,10,1.013,1.095348,92.83,10,1.862,2.046874,87.165,10,3.016,3.584119,89.9975,10,2.439,2.785566,91.1305,10,2.2082,2.483292,2.1,-1.3,49.2,48.7,49,4314,2984358.1,691.78,107.176587,96.596971,96.596971,0,72.823413,83.403029,up,up,up,1,1,1.863412,-83.403029,0,1,S0_current,180.0,actual historical adjustment,32400,6956.065246,46008,32400,-83.403029,-612.634835,375321.441055,0.02504,0.01178,0.029631,0.032726,0.435982,0.08633
2022-11-08,2022-11-07,155,150,10540,9470,2022年11月7日24时起国内成品油价格按机制上调,https://www.ndrc.gov.cn/xwdt/xwfb/202211/t20221107_1340921.html,152.5,10005,1,up,152.5,2022-11,93.968,10,0.473,0.505909,94.438,10,1.608,1.732199,88.503,10,1.338,1.53502,91.4705,10,1.473,1.636712,92.6575,10,1.527,1.675619,1.6,-1.3,48,46.7,47.1,4674,3158599.9,675.78,74.670397,74.670397,74.670397,0,77.829603,77.829603,up,up,up,1,1,2.042309,-77.829603,0,1,S0_current,152.5,actual historical adjustment,23256.25,6057.447103,30698.25,756.25,-77.829603,-690.464438,476741.140143,0.017974,0.010258,0.019771,0.000764,0.553793,0.094671
2022-11-22,2022-11-21,-175,-165,10365,9305,2022年11月21日24时起国内成品油价格按机制下调,https://www.ndrc.gov.cn/xwdt/xwfb/202211/t20221121_1341667.html,-170,9835,1,down,170,2022-11,92.801,10,-1.167,-1.241912,94.082,10,-0.356,-0.376967,86.215,10,-2.288,-2.585223,90.1485,10,-1.322,-1.445275,91.7219,10,-0.9356,-1.00974,1.6,-1.3,48,46.7,47.1,4674,3158599.9,675.78,-42.84244,-42.84244,0,-42.84244,-127.15756,-170,down,no_adjust,down,0,1,,,,,S0_current,-170.0,actual historical adjustment,0,28900,0,104006.25,170,-520.464438,270883.231223,0,0.048941,0,0.105054,0.314664,0.072746
2022-12-06,2022-12-05,-440,-425,9925,8880,2022年12月5日24时起国内成品油价格按机制下调,https://www.ndrc.gov.cn/xwdt/xwfb/202212/t20221205_1343287.html,-432.5,9402.5,1,down,432.5,2022-12,83.55,10,-9.251,-9.968643,85.713,10,-8.369,-8.895432,79.148,10,-7.067,-8.196949,82.5975,10,-7.551,-8.376179,83.9773,10,-7.7446,-8.443567,1.8,-0.7,47,41.6,42.6,4807,3073177.7,639.31,-367.761186,-410.603625,-410.603625,0,-64.738814,-21.896375,down,down,down,1,1,1.053327,21.896375,0,1,S0_current,-432.5,actual historical adjustment,0,479.451238,0,68906.25,21.896375,-498.568063,248570.113444,0,0.000812,0,0.069601,0.288745,0.053914
2022-12-20,2022-12-19,-480,-460,9445,8420,2022年12月19日24时起国内成品油价格按机制下调,https://www.ndrc.gov.cn/xwdt/xwfb/202212/t20221219_1343672.html,-470,8932.5,1,down,470,2022-12,78.2,10,-5.35,-6.403351,79.679,10,-6.034,-7.039772,74.094,10,-5.054,-6.385506,76.8865,10,-5.711,-6.914253,78.0035,10,-5.9738,-7.113589,1.8,-0.7,47,41.6,42.6,4807,3073177.7,639.31,-283.260361,-283.260361,-283.260361,0,-186.739639,-186.739639,down,down,down,1,1,1.659251,186.739639,0,1,S0_current,-470.0,actual historical adjustment,0,34871.692774,0,1406.25,186.739639,-311.828424,97236.966014,0,0.059053,0,0.00142,0.112953,0.028967
2023-01-04,2023-01-03,250,240,9695,8660,2023年1月3日24时起国内成品油价格按机制上调,https://www.ndrc.gov.cn/xwdt/xwfb/202301/t20230103_1345637.html,245,9177.5,1,up,245,2023-01,80.192,10,1.992,2.547315,81.141,10,1.462,1.834862,77.751,10,3.657,4.935622,79.268,10,2.3815,3.097423,80.0172,10,2.0137,2.581551,2.1,-0.8,50.1,54.4,52.9,4333,2571954.1,593.57,97.895239,97.895239,97.895239,0,147.104761,147.104761,up,up,up,1,1,2.502675,-147.104761,0,1,S0_current,245.0,actual historical adjustment,60025,21639.810709,85235.5,511225,-147.104761,-458.933185,210619.668294,0.046391,0.036646,0.054895,0.516376,0.244661,0.146806
2023-01-18,2023-01-17,-205,-195,9490,8465,2023年1月17日24时起国内成品油价格按机制下调,https://www.ndrc.gov.cn/xwdt/xwfb/202301/t20230117_1346762.html,-200,8977.5,1,down,200,2023-01,78.849,10,-1.343,-1.674731,79.449,10,-1.692,-2.085259,76.271,10,-1.48,-1.903512,77.8685,10,-1.3995,-1.76553,78.5075,10,-1.5097,-1.886719,2.1,-0.8,50.1,54.4,52.9,4333,2571954.1,593.57,-70.237924,-70.237924,-70.237924,0,-129.762076,-129.762076,down,down,down,1,1,2.847465,129.762076,0,1,S0_current,-200.0,actual historical adjustment,0,16838.196368,0,198025,129.762076,-329.171109,108353.619,0,0.028515,0,0.20002,0.125866,0.054586
2023-02-04,2023-02-03,210,200,9700,8665,2023年2月3日24时起国内成品油价格按机制上调,https://www.ndrc.gov.cn/xwdt/xwfb/202302/t20230203_1348327.html,205,9182.5,1,up,205,2023-02,83.836,10,4.987,6.324747,84.698,10,5.249,6.606754,79.203,10,2.932,3.844187,81.9505,10,4.082,5.242171,83.0495,10,4.542,5.785435,1,-1.4,52.6,56.3,56.4,4074,2379809.1,584.15,218.543215,218.543215,218.543215,0,-13.543215,-13.543215,up,up,up,1,1,0.93803,13.543215,1,0,S0_current,205.0,actual historical adjustment,42025,183.418673,50430,164025,13.543215,-315.627894,99620.967471,0.032479,0.000311,0.032479,0.165678,0.115722,0.058512
2023-02-17,2023-02-17,0,0,9700,8665,2023年2月17日国内成品油价格不作调整,https://www.ndrc.gov.cn/xwdt/xwfb/202302/t20230217_1348864.html,0,9182.5,0,no_adjust,0,2023-02,82.191,10,-1.645,-1.962164,83.423,10,-1.275,-1.505348,77.717,10,-1.486,-1.876192,80.57,10,-1.3805,-1.684553,81.7112,10,-1.3383,-1.611449,1,-1.4,52.6,56.3,56.4,4074,2379809.1,584.15,-62.058885,-62.058885,-62.058885,0,62.058885,62.058885,down,down,no_adjust,1,0,0,-62.058885,1,0,S0_current,0.0,actual historical adjustment,0,3851.305207,0,42025,-62.058885,-377.686779,142647.303031,0,0.006522,0,0.042448,0.165702,0.032527
2023-03-03,2023-03-03,0,0,9700,8665,2023年3月3日国内成品油价格不作调整,https://www.ndrc.gov.cn/xwdt/xwfb/202303/t20230303_1350622.html,0,9182.5,0,no_adjust,0,2023-03,81.814,10,-0.377,-0.458688,82.312,10,-1.111,-1.331767,76.451,10,-1.266,-1.628987,79.434,10,-1.136,-1.409954,80.6272,10,-1.084,-1.326624,0.7,-2.5,51.9,58.2,57,5231,3042961.1,581.72,-49.923941,-49.923941,0,-49.923941,49.923941,0,down,no_adjust,no_adjust,0,0,,,,,S0_current,0.0,actual historical adjustment,0,0,0,0,0,-377.686779,142647.303031,0,0,0,0,0.165702,0.024855
2023-03-18,2023-03-17,-100,-95,9600,8570,2023年3月17日24时起国内成品油价格按机制下调,https://www.ndrc.gov.cn/xwdt/xwfb/202303/t20230317_1351325.html,-97.5,9085,1,down,97.5,2023-03,80.844,10,-0.97,-1.185616,80.389,10,-1.923,-2.336233,74.756,10,-1.695,-2.217106,77.5725,10,-1.8615,-2.343455,78.6991,10,-1.9281,-2.391377,0.7,-2.5,51.9,58.2,57,5231,3042961.1,581.72,-90.203558,-140.127499,-140.127499,0,-7.296442,42.627499,down,down,down,1,1,0.695795,-42.627499,1,0,S0_current,-97.5,actual historical adjustment,0,1817.103671,0,9506.25,-42.627499,-420.314278,176664.092291,0,0.003077,0,0.009602,0.205217,0.032838
2023-04-01,2023-03-31,-335,-320,9265,8250,2023年3月31日24时起国内成品油价格按机制下调,https://www.ndrc.gov.cn/xwdt/xwfb/202303/t20230331_1353081.html,-327.5,8757.5,1,down,327.5,2023-04,75.196,10,-5.648,-6.986295,75.308,10,-5.081,-6.320516,70.653,10,-4.103,-5.488523,72.9805,10,-4.592,-5.919624,73.9115,10,-4.7876,-6.083424,0.1,-3.6,49.2,56.4,54.4,4241,2446502.9,576.87,-226.65607,-226.65607,-226.65607,0,-100.84393,-100.84393,down,down,down,1,1,1.44492,100.84393,0,1,S0_current,-327.5,actual historical adjustment,0,10169.498218,0,52900,100.84393,-319.470348,102061.303251,0,0.017221,0,0.053433,0.118557,0.029243
2023-04-18,2023-04-17,550,525,9815,8775,2023年4月17日24时起国内成品油价格按机制上调,https://www.ndrc.gov.cn/xwdt/xwfb/202304/t20230417_1353648.html,537.5,9295,1,up,537.5,2023-04,85.127,10,9.931,13.20682,85.105,10,9.797,13.009242,80.75,10,10.097,14.290971,82.654,10,9.6735,13.254911,83.6344,10,9.7229,13.154786,0.1,-3.6,49.2,56.4,54.4,4241,2446502.9,576.87,465.770639,465.770639,465.770639,0,71.729361,71.729361,up,up,up,1,1,1.154001,-71.729361,0,1,S0_current,537.5,actual historical adjustment,288906.25,5145.101229,294684.375,748225,-71.729361,-391.199709,153037.212322,0.223282,0.008713,0.18979,0.755764,0.177772,0.245041
2023-04-29,2023-04-28,-160,-155,9655,8620,2023年4月28日24时起国内成品油价格按机制下调,https://www.ndrc.gov.cn/xwdt/xwfb/202304/t20230428_1355157.html,-157.5,9137.5,1,down,157.5,2023-04,83.22,10,-1.907,-2.240182,83.607,10,-1.498,-1.760179,78.346,10,-2.404,-2.97709,80.9765,10,-1.6775,-2.029545,82.0287,10,-1.6057,-1.919904,0.1,-3.6,49.2,56.4,54.4,4241,2446502.9,576.87,-74.818949,-74.818949,-74.818949,0,-82.681051,-82.681051,down,down,down,1,1,2.105082,82.681051,0,1,S0_current,-157.5,actual historical adjustment,0,6836.156194,0,483025,82.681051,-308.518658,95183.762334,0,0.011577,0,0.487892,0.110568,0.092084
2023-05-17,2023-05-16,-380,-365,9275,8255,2023年5月16日24时起国内成品油价格按机制下调,https://www.ndrc.gov.cn/xwdt/xwfb/202305/t20230516_1355789.html,-372.5,8765,1,down,372.5,2023-05,75.511,10,-7.709,-9.263398,75.957,10,-7.65,-9.149952,71.141,10,-7.205,-9.196385,73.7315,10,-7.245,-8.94704,74.6217,10,-7.407,-9.029766,0.2,-4.6,48.8,54.5,52.9,5144,3030257.4,589.09,-351.651247,-351.651247,-351.651247,0,-20.848753,-20.848753,down,down,down,1,1,1.059288,20.848753,0,1,S0_current,-372.5,actual historical adjustment,0,434.670502,0,46225,20.848753,-287.669905,82753.974243,0,0.000736,0,0.046691,0.096129,0.02157
2023-05-31,2023-05-30,100,95,9375,8350,2023年5月30日24时起国内成品油价格按机制上调,https://www.ndrc.gov.cn/xwdt/xwfb/202305/t20230530_1356745.html,97.5,8862.5,1,up,97.5,2023-05,76.035,10,0.524,0.693939,76.117,10,0.16,0.210645,72.117,10,0.976,1.371923,74.117,10,0.3855,0.522843,74.917,10,0.2953,0.395729,0.2,-4.6,48.8,54.5,52.9,5144,3030257.4,589.09,15.894891,15.894891,0,15.894891,81.605109,97.5,up,no_adjust,up,0,1,,,,,S0_current,97.5,actual historical adjustment,9506.25,9506.25,9886.5,220900,-97.5,-385.169905,148355.855718,0.007347,0.016098,0.006367,0.223126,0.172334,0.065967
2023-06-14,2023-06-13,-55,-50,9320,8300,2023年6月13日24时起国内成品油价格按机制下调,https://www.ndrc.gov.cn/xwdt/xwfb/202306/t20230613_1357539.html,-52.5,8810,1,down,52.5,2023-06,74.832,10,-1.203,-1.582166,74.764,10,-1.353,-1.777527,70.43,10,-1.687,-2.339254,72.597,10,-1.52,-2.050812,73.4638,10,-1.4532,-1.939747,0,-5.4,49,53.2,52.3,5206,2818571.4,541.41,-67.5418,-51.646909,-51.646909,0,15.0418,-0.853091,down,down,down,1,1,1.016518,0.853091,0,1,S0_current,-52.5,actual historical adjustment,0,0.727764,0,22500,0.853091,-384.316814,147699.413523,0,0.000001,0,0.022727,0.171571,0.029145
2023-06-29,2023-06-28,70,70,9390,8370,2023年6月28日24时起国内成品油价格按机制上调,https://www.ndrc.gov.cn/xwdt/xwfb/202306/t20230628_1357927.html,70,8880,1,up,70,2023-06,75.624,10,0.792,1.058371,74.793,10,0.029,0.038789,69.842,10,-0.588,-0.834872,72.225,10,-0.372,-0.512418,73.1782,10,-0.2856,-0.388763,0,-5.4,49,53.2,52.3,5206,2818571.4,541.41,-11.825083,-11.825083,0,-11.825083,81.825083,70,down,no_adjust,up,0,1,,,,,S0_current,70.0,actual historical adjustment,4900,4900,4900,15006.25,-70,-454.316814,206403.767483,0.003787,0.008298,0.003156,0.015157,0.239763,0.041633
2023-07-13,2023-07-12,155,150,9545,8520,2023年7月12日24时起国内成品油价格按机制上调,https://www.ndrc.gov.cn/xwdt/xwfb/202307/t20230712_1358334.html,152.5,9032.5,1,up,152.5,2023-07,76.853,10,1.229,1.625145,76.236,10,1.443,1.929325,71.281,10,1.439,2.060365,73.541,10,1.316,1.822084,74.445,10,1.2668,1.731117,-0.3,-4.4,49.3,51.5,51.1,4369,2390446.7,547.14,62.25391,50.428828,50.428828,0,90.24609,102.071172,up,up,up,1,1,3.024064,-102.071172,0,1,S0_current,152.5,actual historical adjustment,23256.25,10418.524153,23256.25,6806.25,-102.071172,-556.387986,309567.590965,0.017974,0.017643,0.014978,0.006875,0.359601,0.066738
2023-07-27,2023-07-26,275,260,9820,8780,2023年7月26日24时起国内成品油价格按机制上调,https://www.ndrc.gov.cn/xwdt/xwfb/202307/t20230726_1358699.html,267.5,9300,1,up,267.5,2023-07,81.717,10,4.864,6.328966,80.495,10,4.259,5.5866,76.468,10,5.187,7.276834,78.4815,10,4.9405,6.718021,79.2869,10,4.8419,6.503996,-0.3,-4.4,49.3,51.5,51.1,4369,2390446.7,547.14,232.854146,232.854146,232.854146,0,34.645854,34.645854,up,up,up,1,1,1.148788,-34.645854,0,1,S0_current,267.5,actual historical adjustment,71556.25,1200.335199,71556.25,13225,-34.645854,-591.03384,349321.000025,0.055302,0.002033,0.046085,0.013358,0.405779,0.088624
2023-08-10,2023-08-09,240,230,10060,9010,2023年8月9日24时起国内成品油价格按机制上调,https://www.ndrc.gov.cn/xwdt/xwfb/202308/t20230809_1359258.html,235,9535,1,up,235,2023-08,86.418,10,4.701,5.752781,85.436,10,4.941,6.138269,81.17,10,4.702,6.148977,83.303,10,4.8215,6.143486,84.1562,10,4.8693,6.141368,0.1,-3,49.7,51,51.3,5280,3064332.6,580.37,234.161647,234.161647,234.161647,0,0.838353,0.838353,up,up,up,1,1,1.00358,-0.838353,0,1,S0_current,235.0,actual historical adjustment,55225,0.702836,56329.5,1056.25,-0.838353,-591.872193,350312.692847,0.042681,0.000001,0.036279,0.001067,0.406931,0.08094
2023-08-24,2023-08-23,55,55,10115,9065,2023年8月23日24时起国内成品油价格按机制上调,https://www.ndrc.gov.cn/xwdt/xwfb/202308/t20230823_1360025.html,55,9590,1,up,55,2023-08,87.708,10,1.29,1.492745,86.415,10,0.979,1.145887,81.593,10,0.423,0.521128,84.004,10,0.701,0.841506,84.9684,10,0.8122,0.96511,0.1,-3,49.7,51,51.3,5280,3064332.6,580.37,40.560848,40.560848,0,40.560848,14.439152,55,up,no_adjust,up,0,1,,,,,S0_current,55.0,actual historical adjustment,3025,3025,3085.5,32400,-55,-646.872193,418443.634077,0.002338,0.005123,0.001987,0.032726,0.486074,0.079926
2023-09-06,2023-09-06,0,0,10115,9065,2023年9月6日国内成品油价格不作调整,https://www.ndrc.gov.cn/xwdt/xwfb/202309/t20230906_1360397.html,0,9590,0,no_adjust,0,2023-09,88.12,10,0.412,0.469741,87.006,10,0.591,0.683909,81.839,10,0.246,0.301496,84.1765,10,0.1725,0.205347,85.1091,10,0.1407,0.165591,0,-2.5,50.2,51.7,52,4574,2883165.4,630.34,8.517532,49.07838,0,49.07838,-8.517532,0,up,no_adjust,no_adjust,0,0,,,,,S0_current,0.0,actual historical adjustment,0,0,0,3025,0,-646.872193,418443.634077,0,0,0,0.003055,0.486074,0.073369
2023-09-21,2023-09-20,385,370,10500,9435,2023年9月20日24时起国内成品油价格按机制调整,https://www.ndrc.gov.cn/xwdt/xwfb/202309/t20230920_1360717.html,377.5,9967.5,1,up,377.5,2023-09,94.692,10,6.572,7.458012,93.62,10,6.614,7.601775,89.028,10,7.189,8.78432,91.324,10,7.1475,8.491087,92.2424,10,7.1333,8.38136,0,-2.5,50.2,51.7,52,4574,2883165.4,630.34,342.197488,391.275868,391.275868,0,35.302512,-13.775868,up,up,up,1,1,0.964792,13.775868,1,0,S0_current,377.5,actual historical adjustment,142506.25,189.774539,142506.25,142506.25,13.775868,-633.096325,400810.956729,0.110136,0.000321,0.09178,0.143942,0.465591,0.141973
2023-10-11,2023-10-10,-85,-80,10415,9355,2023年10月10日24时起国内成品油价格按机制调整,https://www.ndrc.gov.cn/xwdt/xwfb/202310/t20231010_1361121.html,-82.5,9885,1,down,82.5,2023-10,93.225,10,-1.467,-1.549233,92.707,10,-0.913,-0.975219,88.472,10,-0.556,-0.624523,90.7215,10,-0.6025,-0.659739,91.6213,10,-0.6211,-0.673335,-0.2,-2.6,49.5,50.6,50.7,4897,3235356,660.68,-27.834811,-27.834811,0,-27.834811,-54.665189,-82.5,down,no_adjust,down,0,1,,,,,S0_current,-82.5,actual historical adjustment,0,6806.25,0,211600,82.5,-550.596325,303156.313104,0,0.011526,0,0.213732,0.352153,0.087188
2023-10-25,2023-10-24,-70,-70,10345,9285,2023年10月24日24时起国内成品油价格按机制调整,https://www.ndrc.gov.cn/xwdt/xwfb/202310/t20231024_1361478.html,-70,9815,1,down,70,2023-10,92.572,10,-0.653,-0.700456,91.523,10,-1.184,-1.277142,86.575,10,-1.897,-2.144181,89.049,10,-1.6725,-1.843554,90.0386,10,-1.5827,-1.727437,-0.2,-2.6,49.5,50.6,50.7,4897,3235356,660.68,-73.721412,-101.556222,-101.556222,0,3.721412,31.556222,down,down,down,1,1,0.689273,-31.556222,1,0,S0_current,-70.0,actual historical adjustment,0,995.795147,0,156.25,-31.556222,-582.152547,338901.587979,0,0.001686,0,0.000158,0.393676,0.059412
2023-11-08,2023-11-07,-140,-135,10205,9150,2023年11月7日24时起国内成品油价格按机制调整,https://www.ndrc.gov.cn/xwdt/xwfb/202311/t20231107_1361829.html,-137.5,9677.5,1,down,137.5,2023-11,90.282,10,-2.29,-2.47375,88.567,10,-2.956,-3.229789,83.198,10,-3.377,-3.900664,85.8825,10,-3.1665,-3.555907,86.9563,10,-3.0823,-3.42331,-0.5,-3,49.4,50.2,50.4,4245,2755831.4,649.19,-145.280841,-145.280841,-145.280841,0,7.780841,7.780841,down,down,down,1,1,0.946443,-7.780841,1,0,S0_current,-137.5,actual historical adjustment,0,60.541487,0,4556.25,-7.780841,-589.933388,348021.402277,0,0.000103,0,0.004602,0.40427,0.061351
2023-11-22,2023-11-21,-340,-330,9865,8820,2023年11月21日24时起国内成品油价格按机制调整,https://www.ndrc.gov.cn/xwdt/xwfb/202311/t20231121_1362158.html,-335,9342.5,1,down,335,2023-11,83.981,10,-6.301,-6.979243,82.318,10,-6.249,-7.055675,77.467,10,-5.731,-6.888387,80.075,10,-5.8075,-6.762146,81.1182,10,-5.8381,-6.713832,-0.5,-3,49.4,50.2,50.4,4245,2755831.4,649.19,-276.784891,-276.784891,-276.784891,0,-58.215109,-58.215109,down,down,down,1,1,1.210326,58.215109,0,1,S0_current,-335.0,actual historical adjustment,0,3388.998916,0,39006.25,58.215109,-531.718279,282724.328223,0,0.005739,0,0.039399,0.328419,0.056321
2023-12-06,2023-12-05,-55,-50,9810,8770,2023年12月5日24时起国内成品油价格按机制调整,https://www.ndrc.gov.cn/xwdt/xwfb/202312/t20231205_1362437.html,-52.5,9290,1,down,52.5,2023-12,83.436,10,-0.545,-0.648956,80.758,10,-1.56,-1.89509,75.828,10,-1.639,-2.11574,78.413,10,-1.662,-2.075554,79.447,10,-1.6712,-2.060204,-0.3,-2.7,49,50.4,50.3,4836,2934162.3,606.73,-77.944544,-77.944544,-77.944544,0,25.444544,25.444544,down,down,down,1,1,0.673556,-25.444544,1,0,S0_current,-52.5,actual historical adjustment,0,647.424819,0,79806.25,-25.444544,-557.162823,310430.411333,0,0.001096,0,0.08061,0.360603,0.066401
2023-12-20,2023-12-19,-415,-400,9395,8370,2023年12月19日24时起国内成品油价格按机制调整,https://www.ndrc.gov.cn/xwdt/xwfb/202312/t20231219_1362767.html,-407.5,8882.5,1,down,407.5,2023-12,77.413,10,-6.023,-7.218707,75.853,10,-4.905,-6.073702,70.353,10,-5.475,-7.220288,73.103,10,-5.31,-6.771836,74.203,10,-5.244,-6.600627,-0.3,-2.7,49,50.4,50.3,4836,2934162.3,606.73,-248.435027,-248.435027,-248.435027,0,-159.064973,-159.064973,down,down,down,1,1,1.640268,159.064973,0,1,S0_current,-407.5,actual historical adjustment,0,25301.665635,0,126025,159.064973,-398.09785,158481.898175,0,0.042847,0,0.127295,0.184096,0.055278
2024-01-04,2024-01-03,200,190,9595,8560,2024年1月3日24时起国内成品油价格按机制调整,https://www.ndrc.gov.cn/xwdt/xwfb/202401/t20240103_1363079.html,195,9077.5,1,up,195,2024-01,80.061,10,2.648,3.420614,79.155,10,3.302,4.353157,73.082,10,2.729,3.87901,75.879,10,2.776,3.797382,77.1894,10,2.9864,4.024635,-0.8,-2.5,49.2,50.7,50.9,4417,2559588.4,579.49,144.311521,144.311521,144.311521,0,50.688479,50.688479,up,up,up,1,1,1.351243,-50.688479,0,1,S0_current,195.0,actual historical adjustment,38025,2569.321903,38025,363006.25,-50.688479,-448.786329,201409.169097,0.029388,0.004351,0.02449,0.366664,0.233962,0.104433
2024-01-18,2024-01-17,-50,-50,9545,8510,2024年1月17日24时起国内成品油价格按机制调整,https://www.ndrc.gov.cn/xwdt/xwfb/202401/t20240117_1363439.html,-50,9027.5,1,down,50,2024-01,78.739,10,-1.322,-1.651241,78.319,10,-0.836,-1.056156,72.275,10,-0.807,-1.104239,75.121,10,-0.758,-0.998959,76.2594,10,-0.93,-1.204829,-0.8,-2.5,49.2,50.7,50.9,4417,2559588.4,579.49,-42.575213,-42.575213,0,-42.575213,-7.424787,-50,down,no_adjust,down,0,1,,,,,S0_current,-50.0,actual historical adjustment,0,2500,0,60025,50,-398.786329,159030.536197,0,0.004234,0,0.06063,0.184734,0.037651
2024-02-01,2024-01-31,200,200,9745,8710,2024年1月31日24时起国内成品油价格按机制上调,https://www.ndrc.gov.cn/xwdt/xwfb/202401/t20240131_1363834.html,200,9227.5,1,up,200,2024-02,81.22,10,2.481,3.150916,82.032,10,3.713,4.740867,75.817,10,3.542,4.900726,78.9245,10,3.8035,5.063165,80.1675,10,3.9081,5.124745,0.7,-2.7,49.1,51.4,50.9,4268,2569275.2,601.99,188.294134,145.718921,145.718921,0,11.705866,54.281079,up,up,up,1,1,1.372505,-54.281079,0,1,S0_current,200.0,actual historical adjustment,40000,2946.435537,45600,62500,-54.281079,-453.067408,205270.076192,0.030914,0.00499,0.029368,0.06313,0.238446,0.061305
2024-02-19,2024-02-19,0,0,9745,8710,2024年2月19日国内成品油价格按机制不作调整,https://www.ndrc.gov.cn/xwdt/xwfb/202402/t20240219_1364095.html,0,9227.5,0,no_adjust,0,2024-02,80.677,10,-0.543,-0.668555,82.975,10,0.943,1.149551,76.606,10,0.789,1.040664,79.7905,10,0.866,1.097251,81.0643,10,0.8968,1.118658,0.7,-2.7,49.1,51.4,50.9,4268,2569275.2,601.99,44.597876,44.597876,0,44.597876,-44.597876,0,up,no_adjust,no_adjust,0,0,,,,,S0_current,0.0,actual historical adjustment,0,0,0,40000,0,-453.067408,205270.076192,0,0,0,0.040403,0.238446,0.041827
2024-03-05,2024-03-04,125,120,9870,8830,2024年3月4日国内成品油价格按机制调整,https://www.ndrc.gov.cn/xwdt/xwfb/202403/t20240304_1364393.html,122.5,9350,1,up,122.5,2024-03,82.259,10,1.582,1.960906,84.637,10,1.662,2.003013,79.239,10,2.633,3.437068,81.906,10,2.1155,2.651318,82.9728,10,1.9085,2.354304,0.1,-2.8,50.8,53,52.7,4905,2937969.6,588.55,92.875199,137.473076,137.473076,0,29.624801,-14.973076,up,up,up,1,1,0.891084,14.973076,1,0,S0_current,122.5,actual historical adjustment,15006.25,224.193005,15306.375,15006.25,14.973076,-438.094332,191926.643731,0.011598,0.00038,0.009858,0.015157,0.222946,0.041155
2024-03-18,2024-03-18,0,0,9870,8830,2024年3月18日国内成品油价格按机制不作调整,https://www.ndrc.gov.cn/xwdt/xwfb/202403/t20240318_1365046.html,0,9350,0,no_adjust,0,2024-03,83.077,10,0.818,0.99442,85.076,10,0.439,0.518686,79.978,10,0.739,0.932622,82.527,10,0.621,0.758186,83.5466,10,0.5738,0.691552,0.1,-2.8,50.8,53,52.7,4905,2937969.6,588.55,29.184636,29.184636,0,29.184636,-29.184636,0,up,no_adjust,no_adjust,0,0,,,,,S0_current,0.0,actual historical adjustment,0,0,0,15006.25,0,-438.094332,191926.643731,0,0,0,0.015157,0.222946,0.035716
2024-04-02,2024-04-01,200,190,10070,9020,2024年4月1日国内成品油价格按机制调整,https://www.ndrc.gov.cn/xwdt/xwfb/202404/t20240401_1365388.html,195,9545,1,up,195,2024-04,85.577,10,2.5,3.009256,85.798,10,0.722,0.848653,82.682,10,2.704,3.38093,84.24,10,1.713,2.075684,84.8632,10,1.3166,1.575887,0.3,-2.5,50.4,51.2,51.7,4472,2791949.1,624.32,64.630317,93.814952,93.814952,0,130.369683,101.185048,up,up,up,1,1,2.07856,-101.185048,0,1,S0_current,195.0,actual historical adjustment,38025,10238.413939,40306.5,38025,-101.185048,-539.27938,290822.249693,0.029388,0.017338,0.025959,0.038408,0.337826,0.073739
2024-04-17,2024-04-16,200,195,10270,9215,国内成品油价格按机制调整,https://www.ndrc.gov.cn/xwdt/xwfb/202404/t20240416_1365703.html,197.5,9742.5,1,up,197.5,2024-04,90.136,10,4.559,5.327366,91.224,10,5.426,6.324157,86.595,10,3.913,4.73259,88.9095,10,4.6695,5.543091,89.8353,10,4.9721,5.858959,0.3,-2.5,50.4,51.2,51.7,4472,2791949.1,624.32,239.067162,239.067162,239.067162,0,-41.567162,-41.567162,up,up,up,1,1,0.826128,41.567162,1,0,S0_current,197.5,actual historical adjustment,39006.25,1727.828957,41346.625,6.25,41.567162,-497.712218,247717.451946,0.030146,0.002926,0.026629,0.000006,0.287754,0.057943
2024-04-30,2024-04-29,-70,-70,10200,9145,2024年4月29日国内成品油价格按机制调整,https://www.ndrc.gov.cn/xwdt/xwfb/202404/t20240429_1366287.html,-70,9672.5,1,down,70,2024-04,88.497,10,-1.639,-1.818363,89.063,10,-2.161,-2.368894,84.561,10,-2.034,-2.348865,86.812,10,-2.0975,-2.35914,87.7124,10,-2.1229,-2.363102,0.3,-2.5,50.4,51.2,51.7,4472,2791949.1,624.32,-99.499221,-99.499221,-99.499221,0,29.499221,29.499221,down,down,down,1,1,0.703523,-29.499221,1,0,S0_current,-70.0,actual historical adjustment,0,870.20404,0,71556.25,-29.499221,-527.211439,277951.901412,0,0.001474,0,0.072277,0.322875,0.059568
2024-05-16,2024-05-15,-235,-225,9965,8920,2024年5月15日国内成品油价格按机制调整,https://www.ndrc.gov.cn/xwdt/xwfb/202405/t20240515_1386222.html,-230,9442.5,1,down,230,2024-05,84.048,10,-4.449,-5.027289,83.616,10,-5.447,-6.115895,80.258,10,-4.303,-5.088634,82.1065,10,-4.7055,-5.420334,82.7103,10,-5.0021,-5.702842,0.3,-1.4,49.5,51.1,51,4697,2972291.4,632.81,-236.891798,-236.891798,-236.891798,0,6.891798,6.891798,down,down,down,1,1,0.970907,-6.891798,1,0,S0_current,-230.0,actual historical adjustment,0,47.49688,0,25600,-6.891798,-534.103237,285266.267774,0,0.00008,0,0.025858,0.331372,0.053601
2024-05-29,2024-05-29,0,0,9965,8920,2024年5月29日国内成品油价格按机制不作调整,https://www.ndrc.gov.cn/xwdt/xwfb/202405/t20240529_1386532.html,0,9442.5,0,no_adjust,0,2024-05,83.251,10,-0.797,-0.948268,80.741,10,-2.875,-3.438337,80.041,10,-0.217,-0.270378,80.391,10,-1.7155,-2.08936,80.531,10,-2.1793,-2.634859,0.3,-1.4,49.5,51.1,51,4697,2972291.4,632.81,-102.190574,-102.190574,-102.190574,0,102.190574,102.190574,down,down,no_adjust,1,0,0,-102.190574,1,0,S0_current,0.0,actual historical adjustment,0,10442.913414,0,52900,-102.190574,-636.293811,404869.813917,0,0.017684,0,0.053433,0.470306,0.082098
2024-06-14,2024-06-13,-190,-180,9775,8740,2024年6月13日国内成品油价格按机制调整,https://www.ndrc.gov.cn/xwdt/xwfb/202406/t20240613_1386864.html,-185,9257.5,1,down,185,2024-06,80.884,10,-2.367,-2.843209,78.402,10,-2.339,-2.896917,77.178,10,-2.863,-3.576917,77.79,10,-2.601,-3.235437,78.0348,10,-2.4962,-3.099676,0.2,-0.8,49.5,50.5,50.5,4645,2823960,607.96,-117.312728,-117.312728,-117.312728,0,-67.687272,-67.687272,down,down,down,1,1,1.576981,67.687272,0,1,S0_current,-185.0,actual historical adjustment,0,4581.566791,0,34225,67.687272,-568.606539,323313.396194,0,0.007759,0,0.03457,0.375568,0.063072
2024-06-28,2024-06-27,210,200,9985,8940,2024年6月27日国内成品油价格按机制调整,https://www.ndrc.gov.cn/xwdt/xwfb/202406/t20240627_1391342.html,205,9462.5,1,up,205,2024-06,84.8,10,3.916,4.841501,84.747,10,6.345,8.092906,81.442,10,4.264,5.524891,82.8385,10,5.0485,6.489909,83.3971,10,5.3623,6.871678,0.2,-0.8,49.5,50.5,50.5,4645,2823960,607.96,257.68712,257.68712,257.68712,0,-52.68712,-52.68712,up,up,up,1,1,0.795538,52.68712,1,0,S0_current,205.0,actual historical adjustment,42025,2775.932614,43706,152100,52.68712,-515.919419,266172.846901,0.032479,0.004701,0.028149,0.153632,0.309193,0.085521
2024-07-12,2024-07-11,110,105,10095,9045,2024年7月11日国内成品油价格按机制调整,https://www.ndrc.gov.cn/xwdt/xwfb/202407/t20240711_1391617.html,107.5,9570,1,up,107.5,2024-07,86.717,10,1.917,2.260613,87.454,10,2.707,3.194213,83.628,10,2.186,2.684119,85.412,10,2.5735,3.106647,86.1256,10,2.7285,3.271696,0.5,-0.8,49.4,50.2,50.2,4234,2578459.6,608.99,132.004789,132.004789,132.004789,0,-24.504789,-24.504789,up,up,up,1,1,0.814364,24.504789,1,0,S0_current,107.5,actual historical adjustment,11556.25,600.484684,12711.875,9506.25,24.504789,-491.41463,241488.338578,0.008931,0.001017,0.008187,0.009602,0.280518,0.048001
2024-07-26,2024-07-25,-145,-140,9950,8905,2024年7月25日国内成品油价格按机制调整,https://www.ndrc.gov.cn/xwdt/xwfb/202407/t20240725_1391947.html,-142.5,9427.5,1,down,142.5,2024-07,84.334,10,-2.383,-2.748019,85.272,10,-2.182,-2.495026,82.058,10,-1.57,-1.877362,83.665,10,-1.747,-2.04538,84.3078,10,-1.8178,-2.110638,0.5,-0.8,49.4,50.2,50.2,4234,2578459.6,608.99,-84.940151,-84.940151,-84.940151,0,-57.559849,-57.559849,down,down,down,1,1,1.677652,57.559849,0,1,S0_current,-142.5,actual historical adjustment,0,3313.136217,0,62500,57.559849,-433.854781,188229.970997,0,0.005611,0,0.06313,0.218652,0.043389
2024-08-09,2024-08-08,-305,-290,9645,8615,2024年8月8日国内成品油价格按机制调整,https://www.ndrc.gov.cn/xwdt/xwfb/202408/t20240808_1392318.html,-297.5,9130,1,down,297.5,2024-08,79.12,10,-5.214,-6.18256,79.763,10,-5.509,-6.460503,76.928,10,-5.13,-6.251676,78.3455,10,-5.3195,-6.358095,78.9125,10,-5.3953,-6.399526,0.6,-1.8,49.1,50.3,50.1,4910,2936268.9,598.02,-255.654913,-255.654913,-255.654913,0,-41.845087,-41.845087,down,down,down,1,1,1.163678,41.845087,0,1,S0_current,-297.5,actual historical adjustment,0,1751.011306,0,24025,41.845087,-392.009694,153671.60019,0,0.002965,0,0.024267,0.178508,0.031009
2024-08-22,2024-08-22,0,0,9645,8615,2024年8月22日国内成品油价格按机制不作调整,https://www.ndrc.gov.cn/xwdt/xwfb/202408/t20240822_1392530.html,0,9130,0,no_adjust,0,2024-08,78.904,10,-0.216,-0.273003,81.291,10,1.528,1.915675,77.721,10,0.793,1.030834,79.506,10,1.1605,1.481259,80.22,10,1.3075,1.656898,0.6,-1.8,49.1,50.3,50.1,4910,2936268.9,598.02,64.196074,64.196074,64.196074,0,-64.196074,-64.196074,up,up,no_adjust,1,0,0,64.196074,1,0,S0_current,0.0,actual historical adjustment,0,4121.135917,0,88506.25,64.196074,-327.81362,107461.769458,0,0.006979,0,0.089398,0.12483,0.03353
2024-09-06,2024-09-05,-100,-100,9545,8515,2024年9月5日国内成品油价格按机制调整,https://www.ndrc.gov.cn/xwdt/xwfb/202409/t20240905_1392834.html,-100,9030,1,down,100,2024-09,77.58,10,-1.324,-1.677988,79.016,10,-2.275,-2.798588,74.55,10,-3.171,-4.079978,76.678,10,-2.828,-3.556964,77.6544,10,-2.5656,-3.198205,0.4,-2.8,49.8,50,50.4,4549,2573473.2,565.72,-120.624428,-120.624428,-120.624428,0,20.624428,20.624428,down,down,down,1,1,0.829019,-20.624428,1,0,S0_current,-100.0,actual historical adjustment,0,425.36703,0,10000,-20.624428,-348.438048,121409.073294,0,0.00072,0,0.010101,0.141032,0.022814
2024-09-21,2024-09-20,-365,-350,9180,8165,2024年9月20日国内成品油价格按机制调整,https://www.ndrc.gov.cn/xwdt/xwfb/202409/t20240920_1393111.html,-357.5,8672.5,1,down,357.5,2024-09,72.829,10,-4.751,-6.124001,73.229,10,-5.787,-7.323833,70.068,10,-4.482,-6.012072,71.6485,10,-5.0295,-6.559248,72.2807,10,-5.3737,-6.92002,0.4,-2.8,49.8,50,50.4,4549,2573473.2,565.72,-254.624182,-254.624182,-254.624182,0,-102.875818,-102.875818,down,down,down,1,1,1.40403,102.875818,0,1,S0_current,-357.5,actual historical adjustment,0,10583.433929,0,66306.25,102.875818,-245.56223,60300.808803,0,0.017922,0,0.066974,0.070047,0.024138
2024-10-11,2024-10-10,140,135,9320,8300,2024年10月10日国内成品油价格按机制调整,https://www.ndrc.gov.cn/xwdt/xwfb/202410/t20241010_1393553.html,137.5,8810,1,up,137.5,2024-10,74.879,10,2.05,2.814813,76.108,10,2.879,3.931503,72.203,10,2.135,3.04704,74.1555,10,2.507,3.499026,74.9365,10,2.6558,3.674286,0.3,-2.9,50.1,50.2,50.8,4470,2430092.9,543.64,128.535616,128.535616,128.535616,0,8.964384,8.964384,up,up,up,1,1,1.069742,-8.964384,0,1,S0_current,137.5,actual historical adjustment,18906.25,80.36018,20040.625,245025,-8.964384,-254.526614,64783.797234,0.014612,0.000136,0.012907,0.247494,0.075254,0.055319
2024-10-24,2024-10-23,90,85,9410,8385,2024年10月23日国内成品油价格按机制调整,https://www.ndrc.gov.cn/xwdt/xwfb/202410/t20241023_1393865.html,87.5,8897.5,1,up,87.5,2024-10,74.973,10,0.094,0.125536,75.858,10,-0.25,-0.328481,72.791,10,0.588,0.814371,74.3105,10,0.155,0.20902,74.9183,10,-0.0182,-0.024287,0.3,-2.9,50.1,50.2,50.8,4470,2430092.9,543.64,0.934981,0.934981,0,0.934981,86.565019,87.5,up,no_adjust,up,0,1,,,,,S0_current,87.5,actual historical adjustment,7656.25,7656.25,8115.625,2500,-87.5,-342.026614,116982.204684,0.005917,0.012965,0.005227,0.002525,0.135889,0.026141
2024-11-07,2024-11-06,-145,-140,9265,8245,2024年11月6日国内成品油价格按机制调整,https://www.ndrc.gov.cn/xwdt/xwfb/202411/t20241106_1394298.html,-142.5,8755,1,down,142.5,2024-11,73.042,10,-1.931,-2.575594,73.949,10,-1.909,-2.516544,70.149,10,-2.642,-3.62957,72.049,10,-2.2615,-3.043312,72.809,10,-2.1093,-2.815467,0.2,-2.5,50.3,50,50.8,4852,2627508.2,541.53,-98.850243,-97.915262,-97.915262,0,-43.649757,-44.584738,down,down,down,1,1,1.45534,44.584738,0,1,S0_current,-142.5,actual historical adjustment,0,1987.798863,0,52900,44.584738,-297.441876,88471.669598,0,0.003366,0,0.053433,0.102771,0.024104
2024-11-20,2024-11-20,0,0,9265,8245,2024年11月20日国内成品油价格不作调整,https://www.ndrc.gov.cn/xwdt/xwfb/202411/t20241120_1394603.html,0,8755,0,no_adjust,0,2024-11,72.541,10,-0.501,-0.685907,73.941,10,-0.008,-0.010818,70.034,10,-0.115,-0.163937,72.227,10,0.178,0.247054,73.1042,10,0.2952,0.405444,0.2,-2.5,50.3,50,50.8,4852,2627508.2,541.53,15.890119,15.890119,0,15.890119,-15.890119,0,up,no_adjust,no_adjust,0,0,,,,,S0_current,0.0,actual historical adjustment,0,0,0,20306.25,0,-297.441876,88471.669598,0,0,0,0.020511,0.102771,0.018492
2024-12-04,2024-12-04,0,0,9265,8245,2024年12月4日国内成品油价格按机制不作调整,https://www.ndrc.gov.cn/xwdt/xwfb/202412/t20241204_1394837.html,0,8755,0,no_adjust,0,2024-12,72.901,10,0.36,0.496271,74.395,10,0.454,0.614003,69.532,10,-0.502,-0.716795,71.9835,10,-0.2435,-0.337132,72.9641,10,-0.1401,-0.191644,0.1,-2.3,50.1,52.2,52.2,4923,2678963.5,544.17,-4.881966,11.008153,0,11.008153,4.881966,0,down,no_adjust,no_adjust,0,0,,,,,S0_current,0.0,actual historical adjustment,0,0,0,0,0,-297.441876,88471.669598,0,0,0,0,0.102771,0.015416
2024-12-18,2024-12-18,0,0,9265,8245,2024年12月18日国内成品油价格按机制不作调整,https://www.ndrc.gov.cn/xwdt/xwfb/202412/t20241218_1395064.html,0,8755,0,no_adjust,0,2024-12,72.809,10,-0.092,-0.126199,73.986,10,-0.409,-0.549768,69.717,10,0.185,0.266065,71.8515,10,-0.132,-0.183375,72.7053,10,-0.2588,-0.354695,0.1,-2.3,50.1,52.2,52.2,4923,2678963.5,544.17,-10.546213,0.46194,0,0.46194,10.546213,0,down,no_adjust,no_adjust,0,0,,,,,S0_current,0.0,actual historical adjustment,0,0,0,0,0,-297.441876,88471.669598,0,0,0,0,0.102771,0.015416
2025-01-03,2025-01-02,70,70,9335,8315,2025年1月2日国内成品油价格按机制调整,https://www.ndrc.gov.cn/xwdt/xwfb/202501/t20250102_1395423.html,70,8825,1,up,70,2025-01,73.555,10,0.746,1.024599,73.718,10,-0.268,-0.362231,70.712,10,0.995,1.427199,72.2475,10,0.396,0.551137,72.8357,10,0.1304,0.179354,0.5,-2.3,49.1,50.2,50.1,,,,8.026026,8.487966,0,8.487966,61.973974,70,up,no_adjust,up,0,1,,,,,S0_current,70.0,actual historical adjustment,4900,4900,5390,4900,-70,-367.441876,135013.532238,0.003787,0.008298,0.003471,0.004949,0.156835,0.027742
2025-01-17,2025-01-16,340,325,9675,8640,2025年1月16日国内成品油价格按机制调整,https://www.ndrc.gov.cn/xwdt/xwfb/202501/t20250116_1395727.html,332.5,9157.5,1,up,332.5,2025-01,77.796,10,4.241,5.765754,79.21,10,5.492,7.450012,75.993,10,5.281,7.468322,77.4085,10,5.161,7.1435,77.9747,10,5.139,7.055606,0.5,-2.3,49.1,50.2,50.1,,,,247.031465,255.51943,255.51943,0,85.468535,76.98057,up,up,up,1,1,1.301271,-76.98057,0,1,S0_current,332.5,actual historical adjustment,110556.25,5926.008158,121611.875,68906.25,-76.98057,-444.422446,197511.310509,0.085444,0.010035,0.078323,0.069601,0.229434,0.087804
2025-02-06,2025-02-06,0,0,9675,8640,2025年2月6日国内成品油价格按机制不作调整,https://www.ndrc.gov.cn/xwdt/xwfb/202502/t20250206_1396007.html,0,9157.5,0,no_adjust,0,2025-02,78.976,10,1.18,1.516787,77.197,10,-2.013,-2.541346,73.449,10,-2.544,-3.347677,75.323,10,-2.0855,-2.694149,76.0726,10,-1.9021,-2.439381,-0.7,-2.2,50.2,50.4,51.1,,,,-88.962864,-88.962864,-88.962864,0,88.962864,88.962864,down,down,no_adjust,1,0,0,-88.962864,1,0,S0_current,0.0,actual historical adjustment,0,7914.391171,0,110556.25,-88.962864,-533.38531,284499.888924,0,0.013403,0,0.11167,0.330482,0.069003
2025-02-20,2025-02-19,-170,-160,9505,8480,2025年2月19日国内成品油价格按机制调整,https://www.ndrc.gov.cn/xwdt/xwfb/202502/t20250219_1396225.html,-165,8992.5,1,down,165,2025-02,77.06,10,-1.916,-2.426053,75.626,10,-1.571,-2.035053,71.976,10,-1.473,-2.005473,73.8395,10,-1.4835,-1.969518,74.5849,10,-1.4877,-1.955632,-0.7,-2.2,50.2,50.4,51.1,,,,-69.188106,-69.188106,-69.188106,0,-95.811894,-95.811894,down,down,down,1,1,2.384803,95.811894,0,1,S0_current,-165.0,actual historical adjustment,0,9179.919032,0,27225,95.811894,-437.573416,191470.49439,0,0.015546,0,0.027499,0.222417,0.040597
2025-03-06,2025-03-05,-135,-130,9370,8350,2025年3月5日国内成品油价格按机制调整,https://www.ndrc.gov.cn/xwdt/xwfb/202503/t20250305_1396430.html,-132.5,8860,1,down,132.5,2025-03,75.801,10,-1.259,-1.633792,74.459,10,-1.167,-1.54312,70.295,10,-1.681,-2.335501,72.377,10,-1.4625,-1.980647,73.2098,10,-1.3751,-1.843671,-0.1,-2.5,50.5,50.8,51.4,,,,-63.814945,-63.814945,-63.814945,0,-68.685055,-68.685055,down,down,down,1,1,2.076316,68.685055,0,1,S0_current,-132.5,actual historical adjustment,0,4717.63678,0,1056.25,68.685055,-368.888361,136078.622881,0,0.007989,0,0.001067,0.158072,0.025469
2025-03-20,2025-03-19,-280,-270,9090,8080,2025年3月19日国内成品油价格按机制调整,https://www.ndrc.gov.cn/xwdt/xwfb/202503/t20250319_1396715.html,-275,8585,1,down,275,2025-03,72.828,10,-2.973,-3.922112,71.606,10,-2.853,-3.831639,67.055,10,-3.24,-4.609147,69.3305,10,-3.0465,-4.20921,70.2407,10,-2.9691,-4.055605,-0.1,-2.5,50.5,50.8,51.4,,,,-139.879049,-139.879049,-139.879049,0,-135.120951,-135.120951,down,down,down,1,1,1.965984,135.120951,0,1,S0_current,-275.0,actual historical adjustment,0,18257.671399,0,20306.25,135.120951,-233.76741,54647.201978,0,0.030918,0,0.020511,0.063479,0.018782
2025-04-03,2025-04-02,230,220,9320,8300,2025年4月2日国内成品油价格按机制调整,https://www.ndrc.gov.cn/xwdt/xwfb/202504/t20250402_1396996.html,225,8810,1,up,225,2025-04,75.578,10,2.75,3.77602,74.395,10,2.789,3.894925,69.698,10,2.643,3.941541,72.0465,10,2.716,3.917468,72.9859,10,2.7452,3.908275,-0.1,-2.7,49,50.4,50.2,,,,132.801696,132.801696,132.801696,0,92.198304,92.198304,up,up,up,1,1,1.694255,-92.198304,0,1,S0_current,225.0,actual historical adjustment,50625,8500.52726,50625,250000,-92.198304,-325.965714,106253.646704,0.039126,0.014395,0.032605,0.252519,0.123427,0.077203
2025-04-18,2025-04-17,-480,-465,8840,7835,2025年4月17日国内成品油价格按机制调整,https://www.ndrc.gov.cn/xwdt/xwfb/202504/t20250417_1397240.html,-472.5,8337.5,1,down,472.5,2025-04,67.84,10,-7.738,-10.238429,67.309,10,-7.086,-9.524834,62.266,10,-7.432,-10.663147,64.7875,10,-7.259,-10.075437,65.7961,10,-7.1898,-9.850944,-0.1,-2.7,49,50.4,50.2,,,,-341.286678,-341.286678,-341.286678,0,-131.213322,-131.213322,down,down,down,1,1,1.384467,131.213322,0,1,S0_current,-472.5,actual historical adjustment,0,17216.93587,0,486506.25,131.213322,-194.752392,37928.49419,0,0.029156,0,0.491408,0.044059,0.086151
2025-04-30,2025-04-30,0,0,8840,7835,2025年4月30日国内成品油价格按机制不作调整,https://www.ndrc.gov.cn/xwdt/xwfb/202504/t20250430_1397516.html,0,8337.5,0,no_adjust,0,2025-04,68.731,10,0.891,1.313384,67.288,10,-0.021,-0.031199,63.295,10,1.029,1.652587,65.217,10,0.4295,0.662937,66.0454,10,0.2493,0.378898,-0.1,-2.7,49,50.4,50.2,,,,13.699816,13.699816,0,13.699816,-13.699816,0,up,no_adjust,no_adjust,0,0,,,,,S0_current,0.0,actual historical adjustment,0,0,0,223256.25,0,-194.752392,37928.49419,0,0,0,0.225506,0.044059,0.040435
2025-05-20,2025-05-19,-230,-220,8610,7615,2025年5月19日国内成品油价格按机制调整,https://www.ndrc.gov.cn/xwdt/xwfb/202505/t20250519_1397793.html,-225,8112.5,1,down,225,2025-05,63.389,10,-5.342,-7.77233,63.841,10,-3.447,-5.122756,62.167,10,-1.128,-1.782131,63.0625,10,-2.1545,-3.303586,63.3739,10,-2.6715,-4.044945,-0.1,-3.3,49.5,50.3,50.4,,,,-125.677871,-111.978054,-111.978054,0,-99.322129,-113.021946,down,down,down,1,1,2.009322,113.021946,0,1,S0_current,-225.0,actual historical adjustment,0,12773.960278,0,50625,113.021946,-81.730446,6679.865803,0,0.021632,0,0.051135,0.007759,0.013161
2025-06-04,2025-06-03,65,60,8675,7675,2025年6月3日国内成品油价格按机制调整,https://www.ndrc.gov.cn/xwdt/xwfb/202506/t20250603_1398198.html,62.5,8175,1,up,62.5,2025-06,64.199,10,0.81,1.277824,65.483,10,1.642,2.572015,62.686,10,0.519,0.834848,64.0845,10,1.022,1.620614,64.6439,10,1.27,2.00398,0.1,-3.6,49.7,50.5,50.7,,,,62.406611,62.406611,62.406611,0,0.093389,0.093389,up,up,up,1,1,1.001496,-0.093389,0,1,S0_current,62.5,actual historical adjustment,3906.25,0.008722,3984.375,82656.25,-0.093389,-81.823835,6695.139974,0.003019,0,0.002566,0.083489,0.007777,0.015086
2025-06-18,2025-06-17,260,255,8935,7930,2025年6月17日国内成品油价格按机制调整,https://www.ndrc.gov.cn/xwdt/xwfb/202506/t20250617_1398486.html,257.5,8432.5,1,up,257.5,2025-06,67.733,10,3.534,5.504759,69.965,10,4.482,6.844525,67.269,10,4.583,7.311042,68.617,10,4.5325,7.072693,69.1562,10,4.5123,6.980241,0.1,-3.6,49.7,50.5,50.7,,,,217.12596,217.12596,217.12596,0,40.37404,40.37404,up,up,up,1,1,1.185948,-40.37404,0,1,S0_current,257.5,actual historical adjustment,66306.25,1630.063106,67632.375,38025,-40.37404,-122.197875,14932.320655,0.051245,0.00276,0.043558,0.038408,0.017346,0.032616
2025-07-02,2025-07-01,235,225,9170,8155,2025年7月1日国内成品油价格按机制调整,https://www.ndrc.gov.cn/xwdt/xwfb/202507/t20250701_1398919.html,230,8662.5,1,up,230,2025-07,72.26,10,4.527,6.683596,73.414,10,3.449,4.929608,69.995,10,2.726,4.052387,71.4385,10,2.8215,4.111955,72.0159,10,2.8597,4.135132,0,-3.6,49.3,50.1,50.2,,,,138.265523,138.265523,138.265523,0,91.734477,91.734477,up,up,up,1,1,1.663466,-91.734477,0,1,S0_current,230.0,actual historical adjustment,52900,8415.21427,52900,756.25,-91.734477,-213.932352,45767.051232,0.040884,0.014251,0.03407,0.000764,0.053164,0.029678
2025-07-16,2025-07-15,-130,-125,9040,8030,2025年7月15日国内成品油价格按机制调整,https://www.ndrc.gov.cn/xwdt/xwfb/202507/t20250715_1399195.html,-127.5,8535,1,down,127.5,2025-07,70.362,10,-1.898,-2.626626,70.971,10,-2.443,-3.327703,68.365,10,-1.63,-2.328738,69.524,10,-1.9145,-2.679927,69.9876,10,-2.0283,-2.816461,0,-3.6,49.3,50.1,50.2,,,,-94.985003,-94.985003,-94.985003,0,-32.514997,-32.514997,down,down,down,1,1,1.342317,32.514997,0,1,S0_current,-127.5,actual historical adjustment,0,1057.22503,0,127806.25,32.514997,-181.417355,32912.256695,0,0.00179,0,0.129094,0.038232,0.025457
2025-07-29,2025-07-29,0,0,9040,8030,2025年7月29日国内成品油价格按机制不作调整,https://www.ndrc.gov.cn/xwdt/xwfb/202507/t20250729_1399467.html,0,8535,0,no_adjust,0,2025-07,70.588,10,0.226,0.321196,70.362,10,-0.609,-0.858097,67.553,10,-0.812,-1.187742,68.9575,10,-0.5665,-0.814827,69.5193,10,-0.4683,-0.669119,0,-3.6,49.3,50.1,50.2,,,,-20.543346,-20.543346,0,-20.543346,20.543346,0,down,no_adjust,no_adjust,0,0,,,,,S0_current,0.0,actual historical adjustment,0,0,0,16256.25,0,-181.417355,32912.256695,0,0,0,0.01642,0.038232,0.008198
2025-08-12,2025-08-12,0,0,9040,8030,2025年8月12日国内成品油价格按机制不作调整,https://www.ndrc.gov.cn/xwdt/xwfb/202508/t20250812_1399754.html,0,8535,0,no_adjust,0,2025-08,71.74,10,1.152,1.632005,69.936,10,-0.426,-0.60544,67.389,10,-0.164,-0.242772,68.6625,10,-0.295,-0.4278,69.1719,10,-0.3474,-0.499717,-0.4,-2.9,49.4,50.3,50.5,,,,-14.774117,-35.317463,0,-35.317463,14.774117,0,down,no_adjust,no_adjust,0,0,,,,,S0_current,0.0,actual historical adjustment,0,0,0,0,0,-181.417355,32912.256695,0,0,0,0,0.038232,0.005735
2025-08-27,2025-08-26,-180,-175,8860,7855,2025年8月26日国内成品油价格按机制调整,https://www.ndrc.gov.cn/xwdt/xwfb/202508/t20250826_1400056.html,-177.5,8357.5,1,down,177.5,2025-08,69.136,10,-2.604,-3.629774,67.494,10,-2.442,-3.491764,64.257,10,-3.132,-4.647643,65.868,10,-2.7945,-4.069907,66.5184,10,-2.6535,-3.836095,-0.4,-2.9,49.4,50.3,50.5,,,,-124.818929,-160.136392,-160.136392,0,-52.681071,-17.363608,down,down,down,1,1,1.10843,17.363608,0,1,S0_current,-177.5,actual historical adjustment,0,301.494883,0,31506.25,17.363608,-164.053747,26913.631905,0,0.000511,0,0.031824,0.031263,0.009565
2025-09-09,2025-09-09,0,0,8860,7855,2025年9月9日国内成品油价格按机制不作调整,https://www.ndrc.gov.cn/xwdt/xwfb/202509/t20250909_1400343.html,0,8357.5,0,no_adjust,0,2025-09,70.442,10,1.306,1.88903,67.079,10,-0.415,-0.614869,64.153,10,-0.104,-0.16185,65.621,10,-0.247,-0.374992,66.2522,10,-0.2662,-0.40019,-0.3,-2.3,49.8,50,50.6,,,,-10.899334,-10.899334,0,-10.899334,10.899334,0,down,no_adjust,no_adjust,0,0,,,,,S0_current,0.0,actual historical adjustment,0,0,0,31506.25,0,-164.053747,26913.631905,0,0,0,0.031824,0.031263,0.009463
2025-09-23,2025-09-23,0,0,8860,7855,2025年9月23日国内成品油价格按机制不作调整,https://www.ndrc.gov.cn/xwdt/xwfb/202509/t20250923_1400624.html,0,8357.5,0,no_adjust,0,2025-09,70.572,10,0.13,0.184549,67.922,10,0.843,1.256727,63.559,10,-0.594,-0.925911,65.7405,10,0.1195,0.182106,66.6131,10,0.3609,0.544737,-0.3,-2.3,49.8,50,50.6,,,,19.025258,8.125924,0,8.125924,-19.025258,0,up,no_adjust,no_adjust,0,0,,,,,S0_current,0.0,actual historical adjustment,0,0,0,0,0,-164.053747,26913.631905,0,0,0,0,0.031263,0.00469
2025-10-14,2025-10-13,-75,-70,8785,7785,2025年10月13日国内成品油价格按机制调整,https://www.ndrc.gov.cn/xwdt/xwfb/202510/t20251013_1400937.html,-72.5,8285,1,down,72.5,2025-10,67.17,10,-3.402,-4.820609,66.901,10,-1.021,-1.503195,62.345,10,-1.214,-1.910036,64.623,10,-1.1175,-1.699865,65.5342,10,-1.0789,-1.619651,0.2,-2.1,49,50.1,50,,,,-49.680574,-41.55465,0,-41.55465,-22.819426,-72.5,down,no_adjust,down,0,1,,,,,S0_current,-72.5,actual historical adjustment,0,5256.25,0,5256.25,72.5,-91.553747,8382.08859,0,0.008901,0,0.005309,0.009737,0.004037
2025-10-28,2025-10-27,-265,-255,8520,7530,2025年10月27日国内成品油价格按机制调整,https://www.ndrc.gov.cn/xwdt/xwfb/202510/t20251027_1401193.html,-260,8025,1,down,260,2025-10,63.901,10,-3.269,-4.866756,62.79,10,-4.111,-6.144901,59.595,10,-2.75,-4.410939,61.2055,10,-3.4175,-5.288365,61.8497,10,-3.6845,-5.622255,0.2,-2.1,49,50.1,50,,,,-174.017229,-215.571879,-215.571879,0,-85.982771,-44.428121,down,down,down,1,1,1.206094,44.428121,0,1,S0_current,-260.0,actual historical adjustment,0,1973.857936,0,35156.25,44.428121,-47.125626,2220.824626,0,0.003343,0,0.03551,0.00258,0.006382
2025-11-11,2025-11-10,125,120,8645,7650,2025年11月10日国内成品油价格按机制调整,https://www.ndrc.gov.cn/xwdt/xwfb/202511/t20251110_1401464.html,122.5,8147.5,1,up,122.5,2025-11,65.935,10,2.034,3.183049,64.661,10,1.871,2.979774,61.182,10,1.587,2.662975,62.9215,10,1.716,2.80367,63.6173,10,1.7676,2.857896,0.7,-2.2,49.2,49.5,49.7,,,,86.151591,86.151591,86.151591,0,36.348409,36.348409,up,up,up,1,1,1.421912,-36.348409,0,1,S0_current,122.5,actual historical adjustment,15006.25,1321.206837,17107.125,146306.25,-36.348409,-83.474035,6967.914519,0.011598,0.002237,0.011018,0.14778,0.008094,0.029482
2025-11-25,2025-11-24,-70,-65,8575,7585,2025年11月24日国内成品油价格按机制调整,https://www.ndrc.gov.cn/xwdt/xwfb/202511/t20251124_1401864.html,-67.5,8080,1,down,67.5,2025-11,64.545,10,-1.39,-2.108137,63.256,10,-1.405,-2.172871,60.256,10,-0.926,-1.513517,61.749,10,-1.1725,-1.863433,62.3462,10,-1.2711,-1.998041,0.7,-2.2,49.2,49.5,49.7,,,,-58.852168,-58.852168,-58.852168,0,-8.647832,-8.647832,down,down,down,1,1,1.146942,8.647832,0,1,S0_current,-67.5,actual historical adjustment,0,74.784998,0,36100,8.647832,-74.826203,5598.960655,0,0.000127,0,0.036464,0.006504,0.00647
2025-12-09,2025-12-08,-55,-55,8520,7530,2025年12月8日国内成品油价格按机制调整,https://www.ndrc.gov.cn/xwdt/xwfb/202512/t20251208_1402287.html,-55,8025,1,down,55,2025-12,63.552,10,-0.993,-1.538462,64.179,10,0.923,1.45915,59.103,10,-1.153,-1.913502,61.571,10,-0.178,-0.288264,62.5582,10,0.212,0.340037,0.8,-1.9,50.1,50.2,50.7,,,,11.919897,11.919897,0,11.919897,-66.919897,-55,up,no_adjust,down,0,1,,,,,S0_current,-55.0,actual historical adjustment,0,3025,0,156.25,55,-19.826203,393.078325,0,0.005123,0,0.000158,0.000457,0.001117
2025-12-23,2025-12-22,-170,-165,8350,7365,2025年12月22日国内成品油价格按机制调整,https://www.ndrc.gov.cn/xwdt/xwfb/202512/t20251222_1402523.html,-167.5,7857.5,1,down,167.5,2025-12,61.018,10,-2.534,-3.987286,61.715,10,-2.464,-3.839262,57.298,10,-1.805,-3.05399,59.5065,10,-2.0645,-3.35304,60.3899,10,-2.1683,-3.466052,0.8,-1.9,50.1,50.2,50.7,,,,-101.665665,-89.745767,-89.745767,0,-65.834335,-77.754233,down,down,down,1,1,1.866383,77.754233,0,1,S0_current,-167.5,actual historical adjustment,0,6045.720749,0,12656.25,77.754233,57.92803,3355.65666,0,0.010238,0,0.012784,0.003898,0.00455
2026-01-06,2026-01-06,0,0,8350,7365,2026年1月6日国内成品油价格按机制不作调整,https://www.ndrc.gov.cn/xwdt/xwfb/202601/t20260106_1403050.html,0,7857.5,0,no_adjust,0,2026-01,60.838,10,-0.18,-0.294995,62.339,10,0.624,1.011099,57.71,10,0.412,0.719048,60.0055,10,0.499,0.838564,60.9389,10,0.549,0.909092,0.2,-1.4,49.3,49.4,49.8,,,,28.001204,28.001204,0,28.001204,-28.001204,0,up,no_adjust,no_adjust,0,0,,,,,S0_current,0.0,actual historical adjustment,0,0,0,28056.25,0,57.92803,3355.65666,0,0,0,0.028339,0.003898,0.004836
2026-01-21,2026-01-20,85,85,8435,7450,2026年1月20日国内成品油价格按机制调整,https://www.ndrc.gov.cn/xwdt/xwfb/202601/t20260120_1403319.html,85,7942.5,1,up,85,2026-01,61.303,10,0.465,0.764325,65.352,10,3.013,4.83325,58.839,10,1.129,1.956333,61.9,10,1.8945,3.157211,63.1244,10,2.1855,3.586379,0.2,-1.4,49.3,49.4,49.8,,,,106.093366,134.09457,134.09457,0,-21.093366,-49.09457,up,up,up,1,1,0.633881,49.09457,1,0,S0_current,85.0,actual historical adjustment,7225,2410.276803,7514,7225,49.09457,107.0226,11453.836911,0.005584,0.004082,0.004839,0.007298,0.013305,0.006513
2026-02-04,2026-02-03,205,195,8640,7645,2026年2月3日国内成品油价格按机制调整,https://www.ndrc.gov.cn/xwdt/xwfb/202602/t20260203_1403566.html,200,8142.5,1,up,200,2026-02,64.204,10,2.901,4.732232,68.787,10,3.435,5.256151,61.674,10,2.835,4.818233,65.2305,10,3.3305,5.380452,66.6531,10,3.5287,5.590073,1.3,-0.9,49,49.5,49.5,,,,170.189541,170.189541,170.189541,0,29.810459,29.810459,up,up,up,1,1,1.17516,-29.810459,0,1,S0_current,200.0,actual historical adjustment,40000,888.663466,50400,13225,-29.810459,77.212141,5961.714718,0.030914,0.001505,0.03246,0.013358,0.006925,0.019187
2026-02-25,2026-02-24,175,170,8815,7815,2026年2月24日国内成品油价格按机制调整,https://www.ndrc.gov.cn/xwdt/xwfb/202602/t20260224_1403852.html,172.5,8315,1,up,172.5,2026-02,68.106,10,3.902,6.077503,71.247,10,2.46,3.576257,64.723,10,3.049,4.943736,68.004,10,2.7735,4.251845,69.3164,10,2.6633,3.995763,1.3,-0.9,49,49.5,49.5,,,,128.893509,128.893509,128.893509,0,43.606491,43.606491,up,up,up,1,1,1.338314,-43.606491,0,1,S0_current,172.5,actual historical adjustment,29756.25,1901.526057,37492.875,756.25,-43.606491,33.60565,1129.339712,0.022997,0.00322,0.024147,0.000764,0.001312,0.012741
2026-03-10,2026-03-09,695,670,9510,8485,2026年3月9日国内成品油价格按机制调整,https://www.ndrc.gov.cn/xwdt/xwfb/202603/t20260309_1404075.html,682.5,8997.5,1,up,682.5,2026-03,77.672,10,9.566,14.045752,78.319,10,7.072,9.926032,72.118,10,7.395,11.425614,75.2185,10,7.2145,10.608935,76.4587,10,7.1423,10.303911,1,0.5,50.4,50.1,50.5,,,,342.626959,342.626959,342.626959,0,339.873041,339.873041,up,up,up,1,1,1.991962,-339.873041,0,1,S0_current,682.5,actual historical adjustment,465806.25,115513.683999,558967.5,260100,-339.873041,-306.267391,93799.71479,0.36,0.195616,0.36,0.262721,0.10896,0.274875
2026-03-24,2026-03-23,1160,1115,10670,9600,2026年3月23日国内成品油价格调整,https://www.ndrc.gov.cn/xwdt/xwfb/202603/t20260323_1404295.html,1137.5,10135,1,up,1137.5,2026-03,125.659,10,47.987,61.781594,103.777,10,25.458,32.505522,93.959,10,21.841,30.285088,98.868,10,23.6495,31.441068,100.8316,10,24.3729,31.87721,1,0.5,50.4,50.1,50.5,,,,1164.85415,1164.85415,1164.85415,0,-27.35415,-27.35415,up,up,up,1,1,0.976517,27.35415,1,0,S0_current,1137.5,actual historical adjustment,1293906.25,748.249522,1552687.5,207025,27.35415,-278.913241,77792.596005,1,0.001267,1,0.209111,0.090366,0.545175
2026-04-08,2026-04-07,420,400,11090,10000,2026年4月7日国家继续实施调控，成品油价格适当调整,https://www.ndrc.gov.cn/xwdt/xwfb/202604/t20260407_1404528.html,410,10545,1,up,410,2026-04,123.192,10,-2.467,-1.96325,117.037,10,13.26,12.777398,100.815,10,6.856,7.2968,108.161,10,9.293,9.399401,111.7114,10,10.8798,10.79007,1.2,2.8,50.3,49.4,50.1,,,,520.976763,520.976763,520.976763,0,-110.976763,-110.976763,up,up,up,1,1,0.786983,110.976763,1,0,S0_current,410.0,actual historical adjustment,168100,12315.841926,208444,529256.25,110.976763,-167.936478,28202.660643,0.129917,0.020856,0.134247,0.534589,0.032761,0.155315
2026-04-22,2026-04-21,-555,-530,10535,9470,2026年4月21日国内成品油价格下调,https://www.ndrc.gov.cn/xwdt/xwfb/202604/t20260421_1404789.html,-542.5,10002.5,1,down,542.5,2026-04,107.016,10,-16.176,-13.130723,117.398,10,0.361,0.308449,96.897,10,-3.918,-3.886326,107.1475,10,-1.0135,-0.937029,111.2477,10,-0.4637,-0.415087,1.2,2.8,50.3,49.4,50.1,,,,-20.323838,-20.323838,0,-20.323838,-522.176162,-542.5,down,no_adjust,down,0,1,,,,,S0_current,-542.5,actual historical adjustment,0,294306.25,0,907256.25,542.5,374.563522,140297.832013,0,0.498391,0,0.916397,0.162973,0.261584
2026-05-09,2026-05-08,320,310,10855,9780,2026年5月8日国内成品油价格调整,https://www.ndrc.gov.cn/xwdt/xwfb/202605/t20260508_1405100.html,315,10317.5,1,up,315,2026-05,112.562,10,5.546,5.182403,114.626,10,-2.772,-2.361199,102.368,10,5.471,5.646202,107.562,10,0.4145,0.38685,110.3876,10,-0.8601,-0.77314,,,,,,,,,-39.239654,-59.563493,-59.563493,0,354.239654,374.563493,down,down,up,1,1,-5.288474,-374.563493,0,1,S0_current,315.0,actual historical adjustment,99225,140297.810288,99225,735306.25,-374.563493,0.000029,0,0.076686,0.237586,0.063905,0.742715,0,0.194072
2016-01-14,2016-01-13,-140,-135,6925,5970,完善成品油价格机制 同步下调成品油价格,https://www.ndrc.gov.cn/xwdt/ztzl/gncpyjg/201601/t20160113_1292913.html,-137.5,6447.5,1,down,137.5,2016-01,29.61,10,-9.253,-23.809279,33.936,10,-9.007,-20.974315,34.668,10,-5.88,-14.501332,34.302,10,-7.28,-17.507575,34.1556,10,-7.84,-18.668622,1.8,-5.3,49.4,53.5,,2669,752620.9,281.99,-372.313579,-372.313579,-372.313579,0,234.813579,234.813579,down,down,down,1,1,0.369312,-234.813579,1,0,S1_full_pass,-372.313579,action=theory_adjust_rule,0,0,0,0,0,0,0,0,0,0,0,0,0
2016-01-27,2016-01-27,0,0,6925,5970,1月27日国内成品油价格不作调整,https://www.ndrc.gov.cn/xwdt/ztzl/gncpyjg/201601/t20160127_1292914.html,0,6447.5,0,no_adjust,0,2016-01,24.442,10,-5.168,-17.453563,28.576,10,-5.36,-15.794437,29.813,10,-4.855,-14.004269,29.2835,10,-5.0185,-14.630342,29.0717,10,-5.0839,-14.884528,1.8,-5.3,49.4,53.5,,2669,752620.9,281.99,-240.795213,-240.795213,-240.795213,0,240.795213,240.795213,down,down,no_adjust,1,0,0,-240.795213,1,0,S1_full_pass,-240.795213,action=theory_adjust_rule,0,0,0,17297.080595,0,0,0,0,0,0,0.025585,0,0.003838
2016-02-15,2016-02-15,0,0,6925,5970,2月15日国内成品油价格不作调整,https://www.ndrc.gov.cn/xwdt/ztzl/gncpyjg/201602/t20160215_1292915.html,0,6447.5,0,no_adjust,0,2016-02,28.122,10,3.68,15.056051,31.297,10,2.721,9.521976,29.702,10,-0.111,-0.372321,30.4995,10,1.216,4.152509,30.8185,10,1.7468,6.008593,2.3,-4.9,49,52.7,,3180,737326.3,231.86,85.159035,85.159035,85.159035,0,-85.159035,-85.159035,up,up,no_adjust,1,0,0,85.159035,1,0,S1_full_pass,85.159035,action=theory_adjust_rule,7252.061242,0,10588.009414,106246.171789,0,0,0,0.005345,0,0.006503,0.157156,0,0.026535
2016-02-29,2016-02-29,0,0,6925,5970,2月29日国内成品油价格不作调整,https://www.ndrc.gov.cn/xwdt/ztzl/gncpyjg/201602/t20160229_1292916.html,0,6447.5,0,no_adjust,0,2016-02,29.175,10,1.053,3.744399,32.654,10,1.357,4.335879,30.602,10,0.9,3.030099,31.628,10,1.1285,3.700061,32.0384,10,1.2199,3.958337,2.3,-4.9,49,52.7,,3180,737326.3,231.86,60.015889,60.015889,60.015889,0,-60.015889,-60.015889,up,up,no_adjust,1,0,0,60.015889,1,0,S1_full_pass,60.015889,action=theory_adjust_rule,3601.906932,0,5258.784121,632.177791,0,0,0,0.002655,0,0.00323,0.000935,0,0.001611
2016-03-14,2016-03-14,0,0,6925,5970,3月14日国内成品油价格不作调整,https://www.ndrc.gov.cn/xwdt/ztzl/gncpyjg/201603/t20160314_1292917.html,0,6447.5,0,no_adjust,0,2016-03,33.3,10,4.125,14.138817,37.787,10,5.133,15.719361,36.064,10,5.462,17.848507,36.9255,10,5.2975,16.749399,37.2701,10,5.2317,16.329467,2.3,-4.3,50.2,53.8,,3261,771184.3,236.49,251.455017,251.455017,251.455017,0,-251.455017,-251.455017,up,up,no_adjust,1,0,0,251.455017,1,0,S1_full_pass,251.455017,action=theory_adjust_rule,63229.625574,0,92315.253339,36648.939729,0,0,0,0.046599,0,0.056696,0.05421,0,0.033955
2016-03-28,2016-03-28,0,0,6925,5970,3月28日国内成品油价格不作调整,https://www.ndrc.gov.cn/xwdt/ztzl/gncpyjg/201603/t20160328_1292918.html,0,6447.5,0,no_adjust,0,2016-03,35.493,10,2.193,6.585586,38.951,10,1.164,3.080424,38.788,10,2.724,7.553239,38.8695,10,1.944,5.264655,38.9021,10,1.632,4.378845,2.3,-4.3,50.2,53.8,,3261,771184.3,236.49,79.680893,79.680893,79.680893,0,-79.680893,-79.680893,up,up,no_adjust,1,0,0,79.680893,1,0,S1_full_pass,79.680893,action=theory_adjust_rule,6349.044709,0,9269.605276,29506.349676,0,0,0,0.004679,0,0.005693,0.043645,0,0.00914
2016-04-12,2016-04-12,0,0,6925,5970,4月12日国内成品油价格不作调整,https://www.ndrc.gov.cn/xwdt/ztzl/gncpyjg/201604/t20160412_1292919.html,0,6447.5,0,no_adjust,0,2016-04,34.606,10,-0.887,-2.499084,37.581,10,-1.37,-3.51724,37.018,10,-1.77,-4.563267,37.2995,10,-1.57,-4.039157,37.4121,10,-1.49,-3.830127,2.3,-3.4,50.1,53.5,,3258,870569.7,267.21,-69.297859,-69.297859,-69.297859,0,69.297859,69.297859,down,down,no_adjust,1,0,0,-69.297859,1,0,S1_full_pass,-69.297859,action=theory_adjust_rule,0,0,0,22194.668547,0,0,0,0,0,0,0.03283,0,0.004924
2016-04-27,2016-04-26,165,160,7090,6130,国内成品油价格按机制上调,https://www.ndrc.gov.cn/xwdt/ztzl/gncpyjg/201604/t20160426_1292920.html,162.5,6610,1,up,162.5,2016-04,38.674,10,4.068,11.755187,42.834,10,5.253,13.977808,41.662,10,4.644,12.545248,42.248,10,4.9485,13.266934,42.4824,10,5.0703,13.552567,2.3,-3.4,50.1,53.5,,3258,870569.7,267.21,243.753168,243.753168,243.753168,0,-81.253168,-81.253168,up,up,up,1,1,0.666658,81.253168,1,0,S1_full_pass,243.753168,action=theory_adjust_rule,59415.60691,0,86746.786089,98000.945506,0,0,0,0.043788,0,0.053276,0.144959,0,0.04601
2016-05-12,2016-05-11,120,115,7210,6245,国内成品油价格按机制上调,https://www.ndrc.gov.cn/xwdt/ztzl/gncpyjg/201605/t20160511_1292921.html,117.5,6727.5,1,up,117.5,2016-05,41.279,10,2.605,6.735791,44.283,10,1.449,3.382827,44.651,10,2.989,7.174404,44.467,10,2.219,5.25232,44.3934,10,1.911,4.498333,2,-2.8,50.1,53.1,,3224,940142.9,291.61,92.994497,92.994497,92.994497,0,24.505503,24.505503,up,up,up,1,1,1.263516,-24.505503,0,1,S1_full_pass,92.994497,action=theory_adjust_rule,8647.976472,0,12107.167061,22728.176882,0,0,0,0.006373,0,0.007436,0.033619,0,0.008495
2016-05-26,2016-05-25,210,200,7420,6445,国内成品油价格按机制上调,https://www.ndrc.gov.cn/xwdt/ztzl/gncpyjg/201605/t20160525_1292922.html,205,6932.5,1,up,205,2016-05,43.883,10,2.604,6.308292,47.743,10,3.46,7.813382,47.519,10,2.868,6.423148,47.631,10,3.164,7.115389,47.6758,10,3.2824,7.393892,2,-2.8,50.1,53.1,,3224,940142.9,291.61,158.436349,158.436349,158.436349,0,46.563651,46.563651,up,up,up,1,1,1.293895,-46.563651,0,1,S1_full_pass,158.436349,action=theory_adjust_rule,25102.076684,0,35142.907358,4282.635993,0,0,0,0.0185,0,0.021583,0.006335,0,0.010971
2016-06-09,2016-06-08,110,110,7530,6555,国内成品油价格按机制上调,https://www.ndrc.gov.cn/xwdt/ztzl/gncpyjg/201606/t20160608_1292923.html,110,7042.5,1,up,110,2016-06,45.461,10,1.578,3.595926,49.022,10,1.279,2.678927,49.158,10,1.639,3.449147,49.09,10,1.459,3.063131,49.0628,10,1.387,2.909233,1.9,-2.6,50,53.7,,3062,983636.1,321.24,67.989735,67.989735,67.989735,0,42.010265,42.010265,up,up,up,1,1,1.617891,-42.010265,0,1,S1_full_pass,67.989735,action=theory_adjust_rule,4622.604065,0,6379.19361,8180.589984,0,0,0,0.003407,0,0.003918,0.0121,0,0.003646
2016-06-23,2016-06-23,0,0,7530,6555,6月23日国内成品油价格不作调整,https://www.ndrc.gov.cn/xwdt/ztzl/gncpyjg/201606/t20160623_1292924.html,0,7042.5,0,no_adjust,0,2016-06,45.925,10,0.464,1.020655,48.252,10,-0.77,-1.570723,48.656,10,-0.502,-1.021197,48.454,10,-0.636,-1.29558,48.3732,10,-0.6896,-1.405546,1.9,-2.6,50,53.7,,3062,983636.1,321.24,-31.103563,-31.103563,0,-31.103563,31.103563,0,down,no_adjust,no_adjust,0,0,,,,,S1_full_pass,0.0,action=theory_adjust_rule,0,0,0,4622.604065,0,0,0,0,0,0,0.006838,0,0.001026
2016-07-07,2016-07-07,0,0,7530,6555,7月7日国内成品油价格不作调整,https://www.ndrc.gov.cn/xwdt/ztzl/gncpyjg/201607/t20160707_1292925.html,0,7042.5,0,no_adjust,0,2016-07,45.21,10,-0.715,-1.556886,47.014,10,-1.238,-2.565697,48.017,10,-0.639,-1.313302,47.536,10,-0.918,-1.89458,47.3436,10,-1.0296,-2.128451,1.8,-1.7,49.9,53.9,,3107,1061217.3,341.56,-47.328027,-78.43159,-78.43159,0,47.328027,78.43159,down,down,no_adjust,1,0,0,-78.43159,1,0,S1_full_pass,-78.43159,action=theory_adjust_rule,0,0,0,6151.51431,0,0,0,0,0,0,0.009099,0,0.001365
2016-07-22,2016-07-21,-155,-150,7375,6405,国内成品油价格按机制下调,https://www.ndrc.gov.cn/xwdt/ztzl/gncpyjg/201607/t20160721_1292926.html,-152.5,6890,1,down,152.5,2016-07,43.027,10,-2.183,-4.828578,45.502,10,-1.512,-3.216063,45.341,10,-2.676,-5.573026,45.4215,10,-2.1145,-4.448208,45.4537,10,-1.8899,-3.991881,1.8,-1.7,49.9,53.9,,3107,1061217.3,341.56,-88.380692,-88.380692,-88.380692,0,-64.119308,-64.119308,down,down,down,1,1,1.72549,64.119308,0,1,S1_full_pass,-88.380692,action=theory_adjust_rule,0,0,0,98.984631,0,0,0,0,0,0,0.000146,0,0.000022
2016-08-05,2016-08-04,-220,-215,7155,6190,国内成品油价格按机制下调,https://www.ndrc.gov.cn/xwdt/ztzl/gncpyjg/201608/t20160804_1292927.html,-217.5,6672.5,1,down,217.5,2016-08,40.168,10,-2.859,-6.644665,42.258,10,-3.244,-7.129357,41.685,10,-3.656,-8.063342,41.9715,10,-3.45,-7.595522,42.0861,10,-3.3676,-7.408858,1.3,-0.8,50.4,53.5,,3285,1071423.6,326.16,-158.895074,-158.895074,-158.895074,0,-58.604926,-58.604926,down,down,down,1,1,1.368828,58.604926,0,1,S1_full_pass,-158.895074,action=theory_adjust_rule,0,0,0,4972.278069,0,0,0,0,0,0,0.007355,0,0.001103
2016-08-19,2016-08-18,175,170,7330,6360,国内成品油价格按机制上调,https://www.ndrc.gov.cn/xwdt/ztzl/gncpyjg/201608/t20160818_1292928.html,172.5,6845,1,up,172.5,2016-08,41.994,10,1.826,4.545907,44.611,10,2.353,5.568176,43.842,10,2.157,5.174523,44.2265,10,2.255,5.372693,44.3803,10,2.2942,5.451206,1.3,-0.8,50.4,53.5,,3285,1071423.6,326.16,111.280422,111.280422,111.280422,0,61.219578,61.219578,up,up,up,1,1,1.550138,-61.219578,0,1,S1_full_pass,111.280422,action=theory_adjust_rule,12383.33232,0,15602.998724,72994.798639,0,0,0,0.009126,0,0.009583,0.107971,0,0.020873
2016-09-02,2016-09-01,205,200,7535,6560,国内成品油价格按机制上调,https://www.ndrc.gov.cn/xwdt/ztzl/gncpyjg/201609/t20160901_1292929.html,202.5,7047.5,1,up,202.5,2016-09,45.558,10,3.564,8.486927,48.766,10,4.155,9.313846,46.989,10,3.147,7.178048,47.8775,10,3.651,8.255232,48.2329,10,3.8526,8.680879,1.9,0.1,50.4,53.7,,3306,1051321.5,318,185.645729,185.645729,185.645729,0,16.854271,16.854271,up,up,up,1,1,1.090787,-16.854271,0,1,S1_full_pass,185.645729,action=theory_adjust_rule,34464.336696,0,47560.78464,5530.198885,0,0,0,0.0254,0,0.02921,0.00818,0,0.014879
2016-09-19,2016-09-18,-155,-150,7380,6410,国内成品油价格按机制下调,https://www.ndrc.gov.cn/xwdt/ztzl/gncpyjg/201609/t20160918_1292930.html,-152.5,6895,1,down,152.5,2016-09,43.204,10,-2.354,-5.16704,46.857,10,-1.909,-3.914613,44.992,10,-1.997,-4.249931,45.8865,10,-1.991,-4.15853,46.2443,10,-1.9886,-4.122912,1.9,0.1,50.4,53.7,,3306,1051321.5,318,-93.090558,-93.090558,-93.090558,0,-59.409442,-59.409442,down,down,down,1,1,1.63819,59.409442,0,1,S1_full_pass,-93.090558,action=theory_adjust_rule,0,0,0,77693.917691,0,0,0,0,0,0,0.114922,0,0.017238
2016-09-30,2016-09-30,0,0,7380,6410,9月30日国内成品油价格不作调整,https://www.ndrc.gov.cn/xwdt/ztzl/gncpyjg/201609/t20160930_1292931.html,0,6895,0,no_adjust,0,2016-09,42.509,10,-0.695,-1.608647,46.193,10,-0.664,-1.417077,45.106,10,0.114,0.253378,45.6495,10,-0.237,-0.516492,45.8669,10,-0.3774,-0.816101,1.9,0.1,50.4,53.7,,3306,1051321.5,318,-16.205688,-16.205688,0,-16.205688,16.205688,0,down,no_adjust,no_adjust,0,0,,,,,S1_full_pass,0.0,action=theory_adjust_rule,0,0,0,8665.851989,0,0,0,0,0,0,0.012818,0,0.001923
2016-10-20,2016-10-19,355,340,7735,6750,国内成品油价格按机制上调,https://www.ndrc.gov.cn/xwdt/ztzl/gncpyjg/201610/t20161019_1292932.html,347.5,7242.5,1,up,347.5,2016-10,48.316,10,5.807,13.660637,49.903,10,3.71,8.03152,50.166,10,5.06,11.21802,50.0345,10,4.385,9.605801,49.9819,10,4.115,8.971611,2.1,1.2,51.2,54,,2879,940085,326.53,198.167197,181.96151,181.96151,0,149.332803,165.53849,up,up,up,1,1,1.909745,-165.53849,0,1,S1_full_pass,181.96151,action=theory_adjust_rule,33109.991121,0,47016.187393,33109.991121,0,0,0,0.024401,0,0.028875,0.048975,0,0.020665
2016-11-02,2016-11-02,0,0,7735,6750,11月2日国内成品油价格不作调整,https://www.ndrc.gov.cn/xwdt/ztzl/gncpyjg/201611/t20161102_1292933.html,0,7242.5,0,no_adjust,0,2016-11,47.32,10,-0.996,-2.061429,48.929,10,-0.974,-1.951786,49.281,10,-0.885,-1.764143,49.105,10,-0.9295,-1.857718,49.0346,10,-0.9473,-1.895286,2.3,3.3,51.7,54.7,,3235,1121513.6,346.68,-43.400752,-43.400752,0,-43.400752,43.400752,0,down,no_adjust,no_adjust,0,0,,,,,S1_full_pass,0.0,action=theory_adjust_rule,0,0,0,33109.991121,0,0,0,0,0,0,0.048975,0,0.007346
2016-11-17,2016-11-16,-365,-355,7370,6395,国内成品油价格按机制下调,https://www.ndrc.gov.cn/xwdt/ztzl/gncpyjg/201611/t20161116_1292934.html,-360,6882.5,1,down,360,2016-11,42.066,10,-5.254,-11.103128,43.26,10,-5.669,-11.586176,44.625,10,-4.656,-9.44786,43.9425,10,-5.1625,-10.513186,43.6695,10,-5.3651,-10.941458,2.3,3.3,51.7,54.7,,3235,1121513.6,346.68,-254.213799,-297.614551,-297.614551,0,-105.786201,-62.385449,down,down,down,1,1,1.209618,62.385449,0,1,S1_full_pass,-297.614551,action=theory_adjust_rule,0,0,0,88574.420967,0,0,0,0,0,0,0.131016,0,0.019652
2016-12-01,2016-11-30,175,170,7545,6565,国内成品油价格按机制上调,https://www.ndrc.gov.cn/xwdt/ztzl/gncpyjg/201611/t20161130_1292935.html,172.5,7055,1,up,172.5,2016-12,44.083,10,2.017,4.794846,45.783,10,2.523,5.832178,46.242,10,1.617,3.623529,45.843,10,1.9005,4.32497,45.6834,10,2.0139,4.611686,2.1,5.5,51.4,54.5,,3638,1229788.7,338.04,97.904783,97.904783,97.904783,0,74.595217,74.595217,up,up,up,1,1,1.761916,-74.595217,0,1,S1_full_pass,97.904783,action=theory_adjust_rule,9585.346534,0,13611.192079,156435.543568,0,0,0,0.007064,0,0.008359,0.231394,0,0.038565
2016-12-15,2016-12-14,435,420,7980,6985,国内成品油价格按机制上调,https://www.ndrc.gov.cn/xwdt/ztzl/gncpyjg/201612/t20161214_1292936.html,427.5,7482.5,1,up,427.5,2016-12,50.357,10,6.274,14.232244,52.115,10,6.332,13.830461,51.279,10,5.037,10.892695,51.697,10,5.854,12.76967,51.8642,10,6.1808,13.529641,2.1,5.5,51.4,54.5,,3638,1229788.7,338.04,296.74513,296.74513,296.74513,0,130.75487,130.75487,up,up,up,1,1,1.44063,-130.75487,0,1,S1_full_pass,296.74513,action=theory_adjust_rule,88057.672179,0,125041.894494,39537.483595,0,0,0,0.064897,0,0.076795,0.058482,0,0.044195
2016-12-29,2016-12-28,100,95,8080,7080,国内成品油价格按机制上调,https://www.ndrc.gov.cn/xwdt/ztzl/gncpyjg/201612/t20161228_1292937.html,97.5,7580,1,up,97.5,2016-12,51.861,10,1.504,2.986675,53.536,10,1.421,2.726662,51.943,10,0.664,1.294877,52.7355,10,1.0385,2.008821,53.0557,10,1.1915,2.297346,2.1,5.5,51.4,54.5,,3638,1229788.7,338.04,58.660669,58.660669,58.660669,0,38.839331,38.839331,up,up,up,1,1,1.662102,-38.839331,0,1,S1_full_pass,58.660669,action=theory_adjust_rule,3441.074088,0,4886.325204,56684.21057,0,0,0,0.002536,0,0.003001,0.083845,0,0.013961
2017-01-13,2017-01-12,70,70,8150,7150,国内成品油价格按机制上调,https://www.ndrc.gov.cn/xwdt/ztzl/gncpyjg/201701/t20170112_1292938.html,70,7650,1,up,70,2017-01,52.78,10,0.919,1.772045,54.659,10,1.123,2.097654,52.989,10,1.046,2.013746,53.824,10,1.0885,2.064074,54.158,10,1.1023,2.077628,2.5,6.9,51.3,54.6,54,3403,1296886.6,381.1,54.404133,54.404133,54.404133,0,15.595867,15.595867,up,up,up,1,1,1.286667,-15.595867,0,1,S1_full_pass,54.404133,action=theory_adjust_rule,2959.809687,0,4439.714531,18.118099,0,0,0,0.002181,0,0.002727,0.000027,0,0.001231
2017-01-26,2017-01-25,-70,-70,8080,7080,国内成品油价格按机制下调,https://www.ndrc.gov.cn/xwdt/ztzl/gncpyjg/201701/t20170125_1292939.html,-70,7580,1,down,70,2017-01,52.077,10,-0.703,-1.331944,54.296,10,-0.363,-0.664118,52.082,10,-0.907,-1.711676,53.134,10,-0.69,-1.281956,53.5548,10,-0.6032,-1.113778,2.5,6.9,51.3,54.6,54,3403,1296886.6,381.1,-26.98064,-26.98064,0,-26.98064,-43.01936,-70,down,no_adjust,down,0,1,,,,,S1_full_pass,0.0,action=theory_adjust_rule,0,0,0,2959.809687,0,0,0,0,0,0,0.004378,0,0.000657
2017-02-15,2017-02-14,50,50,8130,7130,国内成品油价格按机制上调,https://www.ndrc.gov.cn/xwdt/ztzl/gncpyjg/201702/t20170214_1292940.html,50,7630,1,up,50,2017-02,53.126,10,1.049,2.014325,54.946,10,0.65,1.197142,53.137,10,1.055,2.025652,54.0415,10,0.9075,1.707946,54.4033,10,0.8485,1.584358,0.8,7.8,51.6,54.2,54,3178,1249189.9,393.07,42.293048,15.312407,0,15.312407,7.706952,50,up,no_adjust,up,0,1,,,,,S1_full_pass,0.0,action=theory_adjust_rule,0,0,0,0,0,0,0,0,0,0,0,0,0
2017-02-28,2017-02-28,0,0,8130,7130,2月28日国内成品油价格不作调整,https://www.ndrc.gov.cn/xwdt/ztzl/gncpyjg/201702/t20170228_1292941.html,0,7630,0,no_adjust,0,2017-02,53.492,10,0.366,0.688928,54.982,10,0.036,0.065519,53.624,10,0.487,0.916499,54.248,10,0.2065,0.382114,54.4976,10,0.0943,0.173335,0.8,7.8,51.6,54.2,54,3178,1249189.9,393.07,6.30337,21.615777,0,21.615777,-6.30337,0,up,no_adjust,no_adjust,0,0,,,,,S1_full_pass,0.0,action=theory_adjust_rule,0,0,0,0,0,0,0,0,0,0,0,0,0
2017-03-15,2017-03-14,-85,-85,8045,7045,国内成品油价格按机制下调,https://www.ndrc.gov.cn/xwdt/ztzl/gncpyjg/201703/t20170314_1292942.html,-85,7545,1,down,85,2017-03,52.329,10,-1.163,-2.174157,53.138,10,-1.844,-3.353825,51.423,10,-2.201,-4.104505,52.2805,10,-1.9675,-3.626862,52.6235,10,-1.8741,-3.438867,0.9,7.6,51.8,55.1,54.7,3895,1535754.3,394.29,-87.626732,-66.010954,-66.010954,0,2.626732,-18.989046,down,down,down,1,1,1.287665,18.989046,0,1,S1_full_pass,-66.010954,action=theory_adjust_rule,0,0,0,4357.446048,0,0,0,0,0,0,0.006445,0,0.000967
2017-03-29,2017-03-28,-230,-220,7815,6825,国内成品油价格按机制下调,https://www.ndrc.gov.cn/xwdt/ztzl/gncpyjg/201703/t20170328_1292943.html,-225,7320,1,down,225,2017-03,48.841,10,-3.488,-6.66552,50.2,10,-2.938,-5.529,47.564,10,-3.859,-7.504424,48.882,10,-3.3985,-6.500512,49.4092,10,-3.2143,-6.108108,0.9,7.6,51.8,55.1,54.7,3895,1535754.3,394.29,-151.57975,-151.57975,-151.57975,0,-73.42025,-73.42025,down,down,down,1,1,1.484367,73.42025,0,1,S1_full_pass,-151.57975,action=theory_adjust_rule,0,0,0,7322.018849,0,0,0,0,0,0,0.01083,0,0.001625
2017-04-13,2017-04-12,200,190,8015,7015,国内成品油价格按机制上调,https://www.ndrc.gov.cn/xwdt/ztzl/gncpyjg/201704/t20170412_1292944.html,195,7515,1,up,195,2017-04,51.469,10,2.628,5.380725,53.172,10,2.972,5.920319,51.307,10,3.743,7.869397,52.2395,10,3.3575,6.868581,52.6125,10,3.2033,6.483206,1.2,6.4,51.2,54,53.9,3439,1306318.4,379.85,154.661775,154.661775,154.661775,0,40.338225,40.338225,up,up,up,1,1,1.260816,-40.338225,0,1,S1_full_pass,154.661775,action=theory_adjust_rule,23920.264646,0,29661.128161,93783.871634,0,0,0,0.017629,0,0.018216,0.138722,0,0.02977
2017-04-26,2017-04-26,0,0,8015,7015,4月26日国内成品油价格不作调整,https://www.ndrc.gov.cn/xwdt/ztzl/gncpyjg/201704/t20170426_1292945.html,0,7515,0,no_adjust,0,2017-04,51.698,10,0.229,0.444928,52.376,10,-0.796,-1.497029,51.328,10,0.021,0.04093,51.852,10,-0.3875,-0.741776,52.0616,10,-0.5509,-1.04709,1.2,6.4,51.2,54,53.9,3439,1306318.4,379.85,-24.484936,-24.484936,0,-24.484936,24.484936,0,down,no_adjust,no_adjust,0,0,,,,,S1_full_pass,0.0,action=theory_adjust_rule,0,0,0,23920.264646,0,0,0,0,0,0,0.035382,0,0.005307
2017-05-12,2017-05-11,-250,-235,7765,6780,国内成品油价格按机制下调,https://www.ndrc.gov.cn/xwdt/ztzl/gncpyjg/201705/t20170511_1292946.html,-242.5,7272.5,1,down,242.5,2017-05,48.005,10,-3.693,-7.14341,48.42,10,-3.956,-7.553078,47.39,10,-3.938,-7.672226,47.905,10,-3.947,-7.61205,48.111,10,-3.9506,-7.588318,1.5,5.5,51.2,54.5,54.1,3720,1413334.7,379.93,-186.715258,-211.200194,-211.200194,0,-55.784742,-31.299806,down,down,down,1,1,1.1482,31.299806,0,1,S1_full_pass,-211.200194,action=theory_adjust_rule,0,0,0,44605.521946,0,0,0,0,0,0,0.065979,0,0.009897
2017-05-26,2017-05-25,140,135,7905,6915,国内成品油价格按机制上调,https://www.ndrc.gov.cn/xwdt/ztzl/gncpyjg/201705/t20170525_1292947.html,137.5,7410,1,up,137.5,2017-05,50.138,10,2.133,4.443287,51.684,10,3.264,6.741016,49.478,10,2.088,4.405993,50.581,10,2.676,5.586056,51.0222,10,2.9112,6.051007,1.5,5.5,51.2,54.5,54.1,3720,1413334.7,379.93,140.723052,140.723052,140.723052,0,-3.223052,-3.223052,up,up,up,1,1,0.977096,3.223052,1,0,S1_full_pass,140.723052,action=theory_adjust_rule,19802.977364,0,25743.870573,123849.971075,0,0,0,0.014594,0,0.015811,0.183194,0,0.03508
2017-06-10,2017-06-09,-180,-175,7725,6740,国内成品油价格按机制下调,https://www.ndrc.gov.cn/xwdt/ztzl/gncpyjg/201706/t20170609_1292948.html,-177.5,7232.5,1,down,177.5,2017-06,48.032,10,-2.106,-4.200407,49.175,10,-2.509,-4.8545,47.908,10,-1.57,-3.173127,48.5415,10,-2.0395,-4.032146,48.7949,10,-2.2273,-4.365355,1.5,5.5,51.7,54.9,54.7,3611,1310854.3,363.02,-104.481086,-104.481086,-104.481086,0,-73.018914,-73.018914,down,down,down,1,1,1.698872,73.018914,0,1,S1_full_pass,-104.481086,action=theory_adjust_rule,0,0,0,60125.069292,0,0,0,0,0,0,0.088935,0,0.01334
2017-06-24,2017-06-23,-250,-240,7475,6500,国内成品油价格按机制下调,https://www.ndrc.gov.cn/xwdt/ztzl/gncpyjg/201706/t20170623_1292949.html,-245,6987.5,1,down,245,2017-06,44.564,10,-3.468,-7.220187,45.654,10,-3.521,-7.160142,44.491,10,-3.417,-7.13242,45.0725,10,-3.469,-7.146462,45.3051,10,-3.4898,-7.151977,1.5,5.5,51.7,54.9,54.7,3611,1310854.3,363.02,-164.726338,-164.726338,-164.726338,0,-80.273662,-80.273662,down,down,down,1,1,1.487315,80.273662,0,1,S1_full_pass,-164.726338,action=theory_adjust_rule,0,0,0,3629.490389,0,0,0,0,0,0,0.005369,0,0.000805
2017-07-07,2017-07-07,0,0,7475,6500,7月7日国内成品油价格不作调整,https://www.ndrc.gov.cn/xwdt/ztzl/gncpyjg/201707/t20170707_1292950.html,0,6987.5,0,no_adjust,0,2017-07,45.416,10,0.852,1.911857,46.934,10,1.28,2.803697,44.163,10,-0.328,-0.737228,45.0885,10,0.016,0.035498,45.4587,10,0.1536,0.339035,1.4,5.5,51.4,54.5,54.1,3474,1186558.3,341.55,9.133107,9.133107,0,9.133107,-9.133107,0,up,no_adjust,no_adjust,0,0,,,,,S1_full_pass,0.0,action=theory_adjust_rule,0,0,0,27134.766431,0,0,0,0,0,0,0.040137,0,0.006021
2017-07-22,2017-07-21,75,75,7550,6575,国内成品油价格按机制上调,https://www.ndrc.gov.cn/xwdt/ztzl/gncpyjg/201707/t20170721_1292951.html,75,7062.5,1,up,75,2017-07,46.033,10,0.617,1.358552,47.445,10,0.511,1.088763,45.803,10,1.64,3.713516,46.624,10,1.5355,3.405525,46.9524,10,1.4937,3.28584,1.4,5.5,51.4,54.5,54.1,3474,1186558.3,341.55,73.081354,82.214461,82.214461,0,1.918646,-7.214461,up,up,up,1,1,0.912248,7.214461,1,0,S1_full_pass,82.214461,action=theory_adjust_rule,6759.217598,0,8651.798525,6759.217598,0,0,0,0.004981,0,0.005314,0.009998,0,0.004073
2017-08-05,2017-08-04,175,165,7725,6740,国内成品油价格按机制上调,https://www.ndrc.gov.cn/xwdt/ztzl/gncpyjg/201708/t20170804_1292952.html,170,7232.5,1,up,170,2017-08,48.655,10,2.622,5.695914,50.495,10,3.05,6.428496,48.514,10,2.711,5.918826,49.5045,10,2.8805,6.178149,49.9007,10,2.9483,6.279338,1.8,6.3,51.7,53.4,53.7,3398,1176655.2,346.28,142.493427,142.493427,142.493427,0,27.506573,27.506573,up,up,up,1,1,1.193037,-27.506573,0,1,S1_full_pass,142.493427,action=theory_adjust_rule,20304.376738,0,27613.952364,3633.553742,0,0,0,0.014964,0,0.016959,0.005375,0,0.008787
2017-08-18,2017-08-18,0,0,7725,6740,8月18日国内成品油价格不作调整,https://www.ndrc.gov.cn/xwdt/ztzl/gncpyjg/201708/t20170818_1292953.html,0,7232.5,0,no_adjust,0,2017-08,49.574,10,0.919,1.888809,51.425,10,0.93,1.841767,48.398,10,-0.116,-0.239106,49.9115,10,0.407,0.822147,50.5169,10,0.6162,1.234852,1.8,6.3,51.7,53.4,53.7,3398,1176655.2,346.28,31.207922,31.207922,0,31.207922,-31.207922,0,up,no_adjust,no_adjust,0,0,,,,,S1_full_pass,0.0,action=theory_adjust_rule,0,0,0,20304.376738,0,0,0,0,0,0,0.030034,0,0.004505
2017-09-01,2017-09-01,0,0,7725,6740,9月1日国内成品油价格不作调整,https://www.ndrc.gov.cn/xwdt/ztzl/gncpyjg/201709/t20170901_1292954.html,0,7232.5,0,no_adjust,0,2017-09,49.548,10,-0.026,-0.052447,51.921,10,0.496,0.964511,47.305,10,-1.093,-2.258358,49.613,10,-0.2985,-0.598059,50.5362,10,0.0193,0.038205,1.6,6.9,52.4,55.4,55.1,3701,1360255.4,367.54,2.724444,33.932365,0,33.932365,-2.724444,0,up,no_adjust,no_adjust,0,0,,,,,S1_full_pass,0.0,action=theory_adjust_rule,0,0,0,0,0,0,0,0,0,0,0,0,0
2017-09-16,2017-09-15,95,95,7820,6835,国内成品油价格按机制上调,https://www.ndrc.gov.cn/xwdt/ztzl/gncpyjg/201709/t20170915_1292955.html,95,7327.5,1,up,95,2017-09,51.853,10,2.305,4.652055,54.411,10,2.49,4.795747,48.431,10,1.126,2.380298,51.4255,10,1.8125,3.653276,52.6233,10,2.0871,4.129911,1.6,6.9,52.4,55.4,55.1,3701,1360255.4,367.54,101.397815,135.33018,135.33018,0,-6.397815,-40.33018,up,up,up,1,1,0.701987,40.33018,1,0,S1_full_pass,135.33018,action=theory_adjust_rule,18314.257619,0,24174.820057,18314.257619,0,0,0,0.013497,0,0.014847,0.02709,0,0.01115
2017-09-30,2017-09-29,210,195,8030,7030,国内成品油价格按机制上调,https://www.ndrc.gov.cn/xwdt/ztzl/gncpyjg/201709/t20170929_1292956.html,202.5,7530,1,up,202.5,2017-09,54.843,10,2.99,5.766301,57.808,10,3.397,6.243223,50.772,10,2.341,4.833681,54.29,10,2.8645,5.570194,55.6972,10,3.0739,5.841329,1.6,6.9,52.4,55.4,55.1,3701,1360255.4,367.54,148.486935,148.486935,148.486935,0,54.013065,54.013065,up,up,up,1,1,1.363756,-54.013065,0,1,S1_full_pass,148.486935,action=theory_adjust_rule,22048.369866,0,29103.848223,173.100202,0,0,0,0.016249,0,0.017874,0.000256,0,0.008569
2017-10-19,2017-10-19,0,0,8030,7030,10月19日国内成品油价格不作调整,https://www.ndrc.gov.cn/xwdt/ztzl/gncpyjg/201710/t20171019_1292957.html,0,7530,0,no_adjust,0,2017-10,54.881,10,0.038,0.069289,56.679,10,-1.129,-1.953017,50.976,10,0.204,0.401796,53.8275,10,-0.4625,-0.851906,54.9681,10,-0.7291,-1.309042,1.9,6.9,51.6,54.3,53.9,3103,1213554.1,391.09,-32.988464,-32.988464,0,-32.988464,32.988464,0,down,no_adjust,no_adjust,0,0,,,,,S1_full_pass,0.0,action=theory_adjust_rule,0,0,0,22048.369866,0,0,0,0,0,0,0.032613,0,0.004892
2017-11-03,2017-11-02,150,150,8180,7180,国内成品油价格按机制上调,https://www.ndrc.gov.cn/xwdt/ztzl/gncpyjg/201711/t20171102_1292958.html,150,7680,1,up,150,2017-11,56.863,10,1.982,3.61145,59.157,10,2.478,4.37199,52.824,10,1.848,3.625235,55.9905,10,2.163,4.018392,57.2571,10,2.289,4.164233,1.7,5.8,51.8,54.8,54.6,3704,1413334.7,381.57,111.032283,78.043819,78.043819,0,38.967717,71.956181,up,up,up,1,1,1.921997,-71.956181,0,1,S1_full_pass,78.043819,action=theory_adjust_rule,6090.837684,0,8161.722497,6090.837684,0,0,0,0.004489,0,0.005013,0.009009,0,0.003727
2017-11-17,2017-11-16,265,250,8445,7430,国内成品油价格按机制上调,https://www.ndrc.gov.cn/xwdt/ztzl/gncpyjg/201711/t20171116_1292959.html,257.5,7937.5,1,up,257.5,2017-11,60.746,10,3.883,6.828694,62.874,10,3.717,6.28328,56.316,10,3.492,6.610632,59.595,10,3.6045,6.437699,60.9066,10,3.6495,6.373882,1.7,5.8,51.8,54.8,54.6,3704,1413334.7,381.57,175.953998,175.953998,175.953998,0,81.546002,81.546002,up,up,up,1,1,1.463451,-81.546002,0,1,S1_full_pass,175.953998,action=theory_adjust_rule,30959.809412,0,41486.144612,9586.403152,0,0,0,0.022817,0,0.025479,0.01418,0,0.014201
2017-11-30,2017-11-30,0,0,8445,7430,11月30日国内成品油价格不作调整,https://www.ndrc.gov.cn/xwdt/ztzl/gncpyjg/201711/t20171130_1292960.html,0,7937.5,0,no_adjust,0,2017-11,60.853,10,0.107,0.176143,62.646,10,-0.228,-0.36263,56.981,10,0.665,1.180837,59.7125,10,0.1175,0.197164,60.8051,10,-0.1015,-0.166649,1.7,5.8,51.8,54.8,54.6,3704,1413334.7,381.57,-3.040013,-3.040013,0,-3.040013,3.040013,0,down,no_adjust,no_adjust,0,0,,,,,S1_full_pass,0.0,action=theory_adjust_rule,0,0,0,30959.809412,0,0,0,0,0,0,0.045795,0,0.006869
2017-12-14,2017-12-14,0,0,8445,7430,12月14日国内成品油价格不作调整,https://www.ndrc.gov.cn/xwdt/ztzl/gncpyjg/201712/t20171214_1292961.html,0,7937.5,0,no_adjust,0,2017-12,61.316,10,0.463,0.76085,63.772,10,1.126,1.797401,57.188,10,0.207,0.363279,60.48,10,0.7675,1.285326,61.7968,10,0.9917,1.630949,1.8,4.9,51.6,55,54.6,3370,1492760.9,442.96,49.12641,46.086398,0,46.086398,-49.12641,0,up,no_adjust,no_adjust,0,0,,,,,S1_full_pass,0.0,action=theory_adjust_rule,0,0,0,0,0,0,0,0,0,0,0,0,0
2017-12-29,2017-12-28,70,70,8515,7500,国内成品油价格按机制上调,https://www.ndrc.gov.cn/xwdt/ztzl/gncpyjg/201712/t20171228_1292962.html,70,8007.5,1,up,70,2017-12,62.2,10,0.884,1.441712,64.4,10,0.628,0.984758,57.944,10,0.756,1.321956,61.0505,10,0.5705,0.943287,62.3903,10,0.5935,0.960406,1.8,4.9,51.6,55,54.6,3370,1492760.9,442.96,30.1247,76.211098,76.211098,0,39.8753,-6.211098,up,up,up,1,1,0.918501,6.211098,1,0,S1_full_pass,76.211098,action=theory_adjust_rule,5808.131458,0,7899.058783,5808.131458,0,0,0,0.00428,0,0.004851,0.008591,0,0.003572
2018-01-13,2018-01-12,180,175,8695,7675,国内成品油价格按机制上调,https://www.ndrc.gov.cn/xwdt/ztzl/gncpyjg/201801/t20180112_1292963.html,177.5,8185,1,up,177.5,2018-01,65.746,10,3.546,5.700965,68.248,10,3.848,5.975155,61.781,10,3.837,6.621911,65.0145,10,3.964,6.492985,66.3079,10,3.9176,6.279181,1.5,4.3,51.3,55.3,54.6,4064,1876820,461.82,188.747464,188.747464,188.747464,0,-11.247464,-11.247464,up,up,up,1,1,0.94041,11.247464,1,0,S1_full_pass,188.747464,action=theory_adjust_rule,35625.605166,0,46313.286716,12664.433672,0,0,0,0.026255,0,0.028443,0.018733,0,0.016485
2018-01-27,2018-01-26,65,60,8760,7735,国内成品油价格按机制上调,https://www.ndrc.gov.cn/xwdt/ztzl/gncpyjg/201801/t20180126_1292964.html,62.5,8247.5,1,up,62.5,2018-01,67.352,10,1.606,2.442734,69.67,10,1.422,2.083578,64.253,10,2.472,4.00123,66.964,10,1.9495,2.998562,68.0484,10,1.7405,2.624876,1.5,4.3,51.3,55.3,54.6,4064,1876820,461.82,84.858406,84.858406,84.858406,0,-22.358406,-22.358406,up,up,up,1,1,0.736521,22.358406,1,0,S1_full_pass,84.858406,action=theory_adjust_rule,7200.949069,0,9361.23379,10792.936372,0,0,0,0.005307,0,0.005749,0.015965,0,0.005159
2018-02-10,2018-02-09,-170,-160,8590,7575,国内成品油价格按机制下调,https://www.ndrc.gov.cn/xwdt/ztzl/gncpyjg/201802/t20180209_1292965.html,-165,8082.5,1,down,165,2018-02,66.015,10,-1.337,-1.985093,67.454,10,-2.216,-3.180709,64.373,10,0.12,0.186762,65.9135,10,-1.0505,-1.568753,66.5297,10,-1.5187,-2.231794,2.9,3.7,50.3,54.4,52.9,3226,1579220,489.53,-70.667395,-70.667395,-70.667395,0,-94.332605,-94.332605,down,down,down,1,1,2.334882,94.332605,0,1,S1_full_pass,-70.667395,action=theory_adjust_rule,0,0,0,24188.274777,0,0,0,0,0,0,0.035778,0,0.005367
2018-03-01,2018-02-28,-190,-185,8400,7390,国内成品油价格按机制下调,https://www.ndrc.gov.cn/xwdt/ztzl/gncpyjg/201802/t20180228_1292966.html,-187.5,7895,1,down,187.5,2018-03,63.072,10,-2.943,-4.458078,65.26,10,-2.194,-3.252587,62.003,10,-2.37,-3.681668,63.481,10,-2.4325,-3.690443,64.0722,10,-2.4575,-3.693839,2.1,3.1,51.5,54.6,54,3917,1829280,467.01,-115.466003,-115.466003,-115.466003,0,-72.033997,-72.033997,down,down,down,1,1,1.623855,72.033997,0,1,S1_full_pass,-115.466003,action=theory_adjust_rule,0,0,0,2006.915279,0,0,0,0,0,0,0.002969,0,0.000445
2018-03-14,2018-03-14,0,0,8400,7390,3月14日国内成品油价格不作调整,https://www.ndrc.gov.cn/xwdt/ztzl/gncpyjg/201803/t20180314_1292967.html,0,7895,0,no_adjust,0,2018-03,62.498,10,-0.574,-0.910071,64.89,10,-0.37,-0.566963,61.391,10,-0.612,-0.987049,63.1405,10,-0.3405,-0.536381,63.8403,10,-0.2319,-0.361935,2.1,3.1,51.5,54.6,54,3917,1829280,467.01,-9.262572,-9.262572,0,-9.262572,9.262572,0,down,no_adjust,no_adjust,0,0,,,,,S1_full_pass,0.0,action=theory_adjust_rule,0,0,0,13332.397849,0,0,0,0,0,0,0.019721,0,0.002958
2018-03-29,2018-03-28,170,165,8570,7555,国内成品油价格按机制上调,https://www.ndrc.gov.cn/xwdt/ztzl/gncpyjg/201803/t20180328_1292968.html,167.5,8062.5,1,up,167.5,2018-03,64.597,10,2.099,3.358507,66.638,10,1.748,2.693789,63.557,10,2.166,3.528204,65.0975,10,1.957,3.099437,65.7137,10,1.8734,2.93451,2.1,3.1,51.5,54.6,54,3917,1829280,467.01,91.200262,81.937691,81.937691,0,76.299738,85.562309,up,up,up,1,1,2.044236,-85.562309,0,1,S1_full_pass,81.937691,action=theory_adjust_rule,6713.785206,0,9533.574993,6713.785206,0,0,0,0.004948,0,0.005855,0.009931,0,0.00419
2018-04-13,2018-04-12,55,50,8625,7605,国内成品油价格按机制上调,https://www.ndrc.gov.cn/xwdt/ztzl/gncpyjg/201804/t20180412_1292969.html,52.5,8115,1,up,52.5,2018-04,65.776,10,1.179,1.825162,68.549,10,1.911,2.867733,64.023,10,0.466,0.7332,66.394,10,1.2965,1.991628,67.256,10,1.5423,2.346999,1.8,3.4,51.4,54.8,54.1,3946,1867060,473.15,75.400498,75.400498,75.400498,0,-22.900498,-22.900498,up,up,up,1,1,0.696282,22.900498,1,0,S1_full_pass,75.400498,action=theory_adjust_rule,5685.235099,0,7731.919734,42.734892,0,0,0,0.00419,0,0.004749,0.000063,0,0.002244
2018-04-27,2018-04-26,255,245,8880,7850,国内成品油价格按机制上调,https://www.ndrc.gov.cn/xwdt/ztzl/gncpyjg/201804/t20180426_1292970.html,250,8365,1,up,250,2018-04,69.788,10,4.012,6.099489,73.577,10,5.028,7.334899,67.542,10,3.519,5.496462,70.5595,10,4.1655,6.27391,71.7665,10,4.5105,6.706465,1.8,3.4,51.4,54.8,54.1,3946,1867060,473.15,217.040066,217.040066,217.040066,0,32.959934,32.959934,up,up,up,1,1,1.151861,-32.959934,0,1,S1_full_pass,217.040066,action=theory_adjust_rule,47106.390249,0,64064.690739,20061.767223,0,0,0,0.034717,0,0.039345,0.029675,0,0.022967
2018-05-01,2018-04-29,-75,-65,8805,7785,国内成品油价格因增值税税率调整相应下调,https://www.ndrc.gov.cn/xwdt/ztzl/gncpyjg/201804/t20180429_1292971.html,-70,8295,1,down,70,2018-05,70.209,10,0.421,0.603256,74.187,10,0.61,0.829063,67.729,10,0.187,0.276865,70.958,10,0.3985,0.564772,72.2496,10,0.4831,0.673155,1.8,4.1,51.9,54.9,54.6,3905,1996370,511.23,24.856521,24.856521,0,24.856521,-94.856521,-70,up,no_adjust,down,0,1,,,,,S1_full_pass,0.0,action=theory_adjust_rule,0,0,0,47106.390249,0,0,0,0,0,0,0.069678,0,0.010452
2018-05-12,2018-05-11,170,165,8975,7950,国内成品油价格按机制上调,https://www.ndrc.gov.cn/xwdt/ztzl/gncpyjg/201805/t20180511_1292972.html,167.5,8462.5,1,up,167.5,2018-05,71.785,10,1.576,2.244726,75.218,10,1.031,1.389731,69.211,10,1.482,2.188132,72.0865,10,1.1285,1.590377,73.3391,10,1.0895,1.507967,1.8,4.1,51.9,54.9,54.6,3905,1996370,511.23,53.793329,78.649851,78.649851,0,113.706671,88.850149,up,up,up,1,1,2.129693,-88.850149,0,1,S1_full_pass,78.649851,action=theory_adjust_rule,6185.799062,0,8412.686725,6185.799062,0,0,0,0.004559,0,0.005167,0.00915,0,0.003804
2018-05-26,2018-05-25,260,250,9235,8200,国内成品油价格按机制上调,https://www.ndrc.gov.cn/xwdt/ztzl/gncpyjg/201805/t20180525_1292973.html,255,8717.5,1,up,255,2018-05,75.895,10,4.11,5.72543,78.749,10,3.531,4.694355,71.414,10,2.203,3.18302,75.0815,10,2.995,4.154731,76.5485,10,3.2094,4.37611,1.8,4.1,51.9,54.9,54.6,3905,1996370,511.23,154.952861,154.952861,154.952861,0,100.047139,100.047139,up,up,up,1,1,1.645662,-100.047139,0,1,S1_full_pass,154.952861,action=theory_adjust_rule,24010.389132,0,32654.12922,5822.149335,0,0,0,0.017695,0,0.020055,0.008612,0,0.010729
2018-06-09,2018-06-08,-130,-125,9105,8075,国内成品油价格按机制下调,https://www.ndrc.gov.cn/xwdt/ztzl/gncpyjg/201806/t20180608_1292974.html,-127.5,8590,1,down,127.5,2018-06,73.738,10,-2.157,-2.842084,75.167,10,-3.582,-4.548629,66.75,10,-4.664,-6.530932,70.9585,10,-4.123,-5.491366,72.6419,10,-3.9066,-5.103431,1.9,4.7,51.5,55,54.4,3435,1863780,542.59,-184.615621,-184.615621,-184.615621,0,57.115621,57.115621,down,down,down,1,1,0.690624,-57.115621,1,0,S1_full_pass,-184.615621,action=theory_adjust_rule,0,0,0,115306.753968,0,0,0,0,0,0,0.170558,0,0.025584
2018-06-26,2018-06-25,-55,-55,9050,8020,国内成品油价格按机制下调,https://www.ndrc.gov.cn/xwdt/ztzl/gncpyjg/201806/t20180625_1292975.html,-55,8535,1,down,55,2018-06,72.638,10,-1.1,-1.491768,74.188,10,-0.979,-1.302433,66.265,10,-0.485,-0.726592,70.2265,10,-0.732,-1.031589,71.8111,10,-0.8308,-1.143693,1.9,4.7,51.5,55,54.4,3435,1863780,542.59,-37.841487,-37.841487,0,-37.841487,-17.158513,-55,down,no_adjust,down,0,1,,,,,S1_full_pass,0.0,action=theory_adjust_rule,0,0,0,34082.927517,0,0,0,0,0,0,0.050414,0,0.007562
2018-07-10,2018-07-09,270,260,9320,8280,国内成品油价格按机制上调,https://www.ndrc.gov.cn/xwdt/ztzl/gncpyjg/201807/t20180709_1292976.html,265,8800,1,up,265,2018-07,74.536,10,1.898,2.612957,75.783,10,1.595,2.149943,73.406,10,7.141,10.776428,74.4285,10,4.202,5.983496,74.8375,10,3.0264,4.21439,2.1,4.6,51.2,54,53.6,3602,1934240,536.99,146.220282,108.378795,108.378795,0,118.779718,156.621205,up,up,up,1,1,2.445128,-156.621205,0,1,S1_full_pass,108.378795,action=theory_adjust_rule,11745.963206,0,16679.267752,11745.963206,0,0,0,0.008657,0,0.010244,0.017374,0,0.007331
2018-07-24,2018-07-23,-125,-120,9195,8160,国内成品油价格按机制下调,https://www.ndrc.gov.cn/xwdt/ztzl/gncpyjg/201807/t20180723_1292977.html,-122.5,8677.5,1,down,122.5,2018-07,72.501,10,-2.035,-2.730224,73.28,10,-2.503,-3.302852,70.458,10,-2.948,-4.01602,71.869,10,-2.5595,-3.438871,72.4334,10,-2.4041,-3.212427,2.1,4.6,51.2,54,53.6,3602,1934240,536.99,-112.917807,-112.917807,-112.917807,0,-9.582193,-9.582193,down,down,down,1,1,1.08486,9.582193,0,1,S1_full_pass,-112.917807,action=theory_adjust_rule,0,0,0,48972.186057,0,0,0,0,0,0,0.072438,0,0.010866
2018-08-07,2018-08-06,70,70,9265,8230,国内成品油价格按机制上调,https://www.ndrc.gov.cn/xwdt/ztzl/gncpyjg/201808/t20180806_1292978.html,70,8747.5,1,up,70,2018-08,72.669,10,0.168,0.231721,73.686,10,0.406,0.554039,69.736,10,-0.722,-1.024724,71.711,10,-0.158,-0.219844,72.501,10,0.0676,0.093327,2.3,4.1,51.3,54.2,53.8,3838,2051910,534.63,5.029272,5.029272,0,5.029272,64.970728,70,up,no_adjust,up,0,1,,,,,S1_full_pass,0.0,action=theory_adjust_rule,0,0,0,12750.431138,0,0,0,0,0,0,0.01886,0,0.002829
2018-08-21,2018-08-20,-50,-50,9215,8180,国内成品油价格按机制下调,https://www.ndrc.gov.cn/xwdt/ztzl/gncpyjg/201808/t20180820_1292979.html,-50,8697.5,1,down,50,2018-08,71.121,10,-1.548,-2.130207,70.62,10,-3.066,-4.160899,67.025,10,-2.711,-3.887519,68.8225,10,-2.8885,-4.027973,69.5415,10,-2.9595,-4.082013,2.3,4.1,51.3,54.2,53.8,3838,2051910,534.63,-139.420946,-134.391674,-134.391674,0,89.420946,84.391674,down,down,down,1,1,0.372047,-84.391674,1,0,S1_full_pass,-134.391674,action=theory_adjust_rule,0,0,0,18061.122041,0,0,0,0,0,0,0.026715,0,0.004007
2018-09-04,2018-09-03,180,170,9395,8350,国内成品油价格按机制上调,https://www.ndrc.gov.cn/xwdt/ztzl/gncpyjg/201809/t20180903_1292980.html,175,8872.5,1,up,175,2018-09,73.521,10,2.4,3.374531,74.424,10,3.804,5.386576,68.879,10,1.854,2.766132,71.6515,10,2.829,4.110574,72.7605,10,3.219,4.628891,2.5,3.6,50.8,54.9,54.1,3721,1994450,536,155.410963,155.410963,155.410963,0,19.589037,19.589037,up,up,up,1,1,1.126047,-19.589037,0,1,S1_full_pass,155.410963,action=theory_adjust_rule,24152.567421,0,36228.851131,83985.568412,0,0,0,0.0178,0,0.02225,0.124228,0,0.028647
2018-09-18,2018-09-17,145,145,9540,8495,国内成品油价格按机制上调,https://www.ndrc.gov.cn/xwdt/ztzl/gncpyjg/201809/t20180917_1292981.html,145,9017.5,1,up,145,2018-09,75.684,10,2.163,2.942017,77.376,10,2.952,3.966462,68.868,10,-0.011,-0.01597,73.0785,10,1.427,1.991584,74.7627,10,2.0022,2.751768,2.5,3.6,50.8,54.9,54.1,3721,1994450,536,97.346471,97.346471,97.346471,0,47.653529,47.653529,up,up,up,1,1,1.489525,-47.653529,0,1,S1_full_pass,97.346471,action=theory_adjust_rule,9476.335416,0,14214.503124,3371.485231,0,0,0,0.006984,0,0.00873,0.004987,0,0.004676
2018-10-01,2018-09-30,240,230,9780,8725,国内成品油价格按机制上调,https://www.ndrc.gov.cn/xwdt/ztzl/gncpyjg/201809/t20180930_1292982.html,235,9252.5,1,up,235,2018-10,78.674,10,2.99,3.950637,80.406,10,3.03,3.915943,71.557,10,2.689,3.904571,75.9815,10,2.903,3.972441,77.7513,10,2.9886,3.997448,2.5,3.3,50.2,53.9,53.1,4080,2293980,562.25,144.416503,144.416503,144.416503,0,90.583497,90.583497,up,up,up,1,1,1.627238,-90.583497,0,1,S1_full_pass,144.416503,action=theory_adjust_rule,20856.126339,0,31284.189508,2215.587912,0,0,0,0.015371,0,0.019213,0.003277,0,0.009138
2018-10-20,2018-10-19,165,160,9945,8885,国内成品油价格按机制上调,https://www.ndrc.gov.cn/xwdt/ztzl/gncpyjg/201810/t20181019_1292983.html,162.5,9415,1,up,162.5,2018-10,80.647,10,1.973,2.507817,82.203,10,1.797,2.234908,72.107,10,0.55,0.768618,77.155,10,1.1735,1.544455,79.1742,10,1.4229,1.830066,2.5,3.3,50.2,53.9,53.1,4080,2293980,562.25,69.702848,69.702848,69.702848,0,92.797152,92.797152,up,up,up,1,1,2.331325,-92.797152,0,1,S1_full_pass,69.702848,action=theory_adjust_rule,4858.487019,0,7287.730529,5582.130243,0,0,0,0.003581,0,0.004476,0.008257,0,0.003253
2018-11-03,2018-11-02,-375,-365,9570,8520,国内成品油价格按机制下调,https://www.ndrc.gov.cn/xwdt/ztzl/gncpyjg/201811/t20181102_1292984.html,-370,9045,1,down,370,2018-11,75.948,10,-4.699,-5.826627,77.087,10,-5.116,-6.223617,66.845,10,-5.262,-7.297488,71.966,10,-5.189,-6.725423,74.0144,10,-5.1598,-6.517022,2.2,2.7,50,53.4,52.8,4287,2415680,563.49,-244.417086,-244.417086,-244.417086,0,-125.582914,-125.582914,down,down,down,1,1,1.513806,125.582914,0,1,S1_full_pass,-244.417086,action=theory_adjust_rule,0,0,0,98671.332936,0,0,0,0,0,0,0.145951,0,0.021893
2018-11-17,2018-11-16,-510,-490,9060,8030,国内成品油价格按机制下调,https://www.ndrc.gov.cn/xwdt/ztzl/gncpyjg/201811/t20181116_1292985.html,-500,8545,1,down,500,2018-11,69.05,10,-6.898,-9.08253,68.858,10,-8.229,-10.674952,59.908,10,-6.937,-10.37774,64.383,10,-7.583,-10.53692,66.173,10,-7.8414,-10.594425,2.2,2.7,50,53.4,52.8,4287,2415680,563.49,-372.380386,-372.380386,-372.380386,0,-127.619614,-127.619614,down,down,down,1,1,1.342713,127.619614,0,1,S1_full_pass,-372.380386,action=theory_adjust_rule,0,0,0,16374.606147,0,0,0,0,0,0,0.024221,0,0.003633
2018-12-01,2018-11-30,-540,-520,8520,7510,国内成品油价格按机制下调,https://www.ndrc.gov.cn/xwdt/ztzl/gncpyjg/201811/t20181130_1292986.html,-530,8015,1,down,530,2018-12,61.584,10,-7.466,-10.812455,60.692,10,-8.166,-11.859188,53.835,10,-6.073,-10.13721,57.848,10,-6.535,-10.150195,59.4532,10,-6.7198,-10.154897,1.9,0.9,49.4,53.8,52.6,4378,2130360,486.61,-318.858743,-318.858743,-318.858743,0,-211.141257,-211.141257,down,down,down,1,1,1.662178,211.141257,0,1,S1_full_pass,-318.858743,action=theory_adjust_rule,0,0,0,2864.566269,0,0,0,0,0,0,0.004237,0,0.000636
2018-12-15,2018-12-14,-125,-120,8395,7390,国内成品油价格按机制下调,https://www.ndrc.gov.cn/xwdt/ztzl/gncpyjg/201812/t20181214_1292987.html,-122.5,7892.5,1,down,122.5,2018-12,59.422,10,-2.162,-3.510652,59.903,10,-0.789,-1.300007,52.036,10,-1.799,-3.341692,55.9695,10,-1.8785,-3.247303,57.5429,10,-1.9103,-3.213116,1.9,0.9,49.4,53.8,52.6,4378,2130360,486.61,-89.35416,-89.35416,-89.35416,0,-33.14584,-33.14584,down,down,down,1,1,1.370949,33.14584,0,1,S1_full_pass,-89.35416,action=theory_adjust_rule,0,0,0,52672.353618,0,0,0,0,0,0,0.077911,0,0.011687
2018-12-29,2018-12-28,-370,-355,8025,7035,国内成品油价格按机制下调,https://www.ndrc.gov.cn/xwdt/ztzl/gncpyjg/201812/t20181228_1292988.html,-362.5,7530,1,down,362.5,2018-12,55.541,10,-3.881,-6.531251,56.197,10,-3.706,-6.186668,48.041,10,-3.995,-7.677377,52.3995,10,-3.57,-6.378474,53.9185,10,-3.6244,-6.298605,1.9,0.9,49.4,53.8,52.6,4378,2130360,486.61,-171.149316,-171.149316,-171.149316,0,-191.350684,-191.350684,down,down,down,1,1,2.118034,191.350684,0,1,S1_full_pass,-171.149316,action=theory_adjust_rule,0,0,0,6690.447545,0,0,0,0,0,0,0.009896,0,0.001484
2019-01-15,2019-01-14,105,105,8130,7140,国内成品油价格按机制上调,https://www.ndrc.gov.cn/xwdt/ztzl/gncpyjg/201901/t20190114_1292989.html,105,7635,1,up,105,2019-01,55.429,10,-0.112,-0.201653,55.817,10,-0.38,-0.676193,48.452,10,0.411,0.855519,52.1345,10,-0.265,-0.50573,53.6075,10,-0.311,-0.576796,1.7,0.1,49.5,54.7,53.2,4260,1867880,438.47,-13.037145,-13.037145,0,-13.037145,118.037145,105,down,no_adjust,up,0,1,,,,,S1_full_pass,0.0,action=theory_adjust_rule,0,0,0,29292.088367,0,0,0,0,0,0,0.043328,0,0.006499
2019-01-29,2019-01-28,245,230,8375,7370,国内成品油价格按机制上调,https://www.ndrc.gov.cn/xwdt/ztzl/gncpyjg/201901/t20190128_1292990.html,237.5,7872.5,1,up,237.5,2019-01,60.047,10,4.618,8.331379,60.586,10,4.769,8.543992,52.256,10,3.804,7.851069,56.274,10,4.1395,7.94004,57.8812,10,4.2737,7.972205,1.7,0.1,49.5,54.7,53.2,4260,1867880,438.47,205.740204,192.703059,192.703059,0,31.759796,44.796941,up,up,up,1,1,1.232466,-44.796941,0,1,S1_full_pass,192.703059,action=theory_adjust_rule,37134.468948,0,49760.18839,37134.468948,0,0,0,0.027367,0,0.03056,0.054928,0,0.022721
2019-02-15,2019-02-14,50,50,8425,7420,国内成品油价格按机制上调,https://www.ndrc.gov.cn/xwdt/ztzl/gncpyjg/201902/t20190214_1292991.html,50,7922.5,1,up,50,2019-02,61.801,10,1.754,2.921045,62,10,1.414,2.333873,53.617,10,1.361,2.604486,57.8085,10,1.5345,2.726837,59.4851,10,1.6039,2.771021,1.5,0.1,49.2,54.3,52.4,3923,1723480,439.33,78.339989,78.339989,78.339989,0,-28.339989,-28.339989,up,up,up,1,1,0.638244,28.339989,1,0,S1_full_pass,78.339989,action=theory_adjust_rule,6137.153877,0,7978.300039,13078.91178,0,0,0,0.004523,0,0.0049,0.019346,0,0.005258
2019-03-01,2019-02-28,270,260,8695,7680,国内成品油价格按机制上调,https://www.ndrc.gov.cn/xwdt/ztzl/gncpyjg/201902/t20190228_1292992.html,265,8187.5,1,up,265,2019-03,65.441,10,3.64,5.889872,65.664,10,3.664,5.909677,55.844,10,2.227,4.153533,60.597,10,2.7885,4.823685,62.4982,10,3.0131,5.065302,2.3,0.4,50.5,54.8,54,3934,1856320,471.87,145.585619,145.585619,145.585619,0,119.414381,119.414381,up,up,up,1,1,1.820235,-119.414381,0,1,S1_full_pass,145.585619,action=theory_adjust_rule,21195.17246,0,30944.951791,4521.974754,0,0,0,0.01562,0,0.019005,0.006689,0,0.00966
2019-03-14,2019-03-14,0,0,8695,7680,3月14日国内成品油价格不作调整,https://www.ndrc.gov.cn/xwdt/ztzl/gncpyjg/201903/t20190314_1292993.html,0,8187.5,0,no_adjust,0,2019-03,65.474,10,0.033,0.050427,64.869,10,-0.795,-1.210709,56.666,10,0.822,1.471958,60.7675,10,0.1705,0.281367,62.4081,10,-0.0901,-0.144164,2.3,0.4,50.5,54.8,54,3934,1856320,471.87,-2.496016,-2.496016,0,-2.496016,2.496016,0,down,no_adjust,no_adjust,0,0,,,,,S1_full_pass,0.0,action=theory_adjust_rule,0,0,0,21195.17246,0,0,0,0,0,0,0.031351,0,0.004703
2019-03-29,2019-03-28,80,80,8775,7760,国内成品油价格按机制上调,https://www.ndrc.gov.cn/xwdt/ztzl/gncpyjg/201903/t20190328_1292994.html,80,8267.5,1,up,80,2019-03,67.068,10,1.594,2.434554,67.124,10,2.255,3.476237,59.225,10,2.559,4.515935,63.1745,10,2.407,3.960999,64.7543,10,2.3462,3.759448,2.3,0.4,50.5,54.8,54,3934,1856320,471.87,113.761811,111.265795,111.265795,0,-33.761811,-31.265795,up,up,up,1,1,0.718999,31.265795,1,0,S1_full_pass,111.265795,action=theory_adjust_rule,12380.077137,0,18074.91262,12380.077137,0,0,0,0.009124,0,0.011101,0.018312,0,0.007803
2019-04-01,2019-03-29,-225,-200,8550,7560,国内成品油价格因增值税税率调整相应下调,https://www.ndrc.gov.cn/xwdt/ztzl/gncpyjg/201903/t20190329_1292995.html,-212.5,8055,1,down,212.5,2019-04,66.977,10,-0.091,-0.135683,67.114,10,-0.01,-0.014898,59.295,10,0.07,0.118193,63.2045,10,0.03,0.047488,64.7683,10,0.014,0.02162,2.5,0.9,50.1,54.3,53.4,4373,2148650,491.34,2.471533,2.471533,0,2.471533,-214.971533,-212.5,up,no_adjust,down,0,1,,,,,S1_full_pass,0.0,action=theory_adjust_rule,0,0,0,12380.077137,0,0,0,0,0,0,0.018312,0,0.002747
2019-04-13,2019-04-12,155,150,8705,7710,国内成品油价格按机制上调,https://www.ndrc.gov.cn/xwdt/ztzl/gncpyjg/201904/t20190412_1292996.html,152.5,8207.5,1,up,152.5,2019-04,69.267,10,2.29,3.419084,70.07,10,2.956,4.404446,62.864,10,3.569,6.019057,66.467,10,3.2625,5.161816,67.9082,10,3.1399,4.847896,2.5,0.9,50.1,54.3,53.4,4373,2148650,491.34,151.63639,154.107923,154.107923,0,0.86361,-1.607923,up,up,up,1,1,0.989566,1.607923,1,0,S1_full_pass,154.107923,action=theory_adjust_rule,23749.251931,0,35623.877897,23749.251931,0,0,0,0.017503,0,0.021878,0.035129,0,0.015115
2019-04-27,2019-04-26,195,185,8900,7895,国内成品油价格按机制上调,https://www.ndrc.gov.cn/xwdt/ztzl/gncpyjg/201904/t20190426_1292997.html,190,8397.5,1,up,190,2019-04,71.609,10,2.342,3.381119,71.999,10,1.929,2.752961,64.576,10,1.712,2.723339,68.2875,10,1.8205,2.738953,69.7721,10,1.8639,2.744735,2.5,0.9,50.1,54.3,53.4,4373,2148650,491.34,90.746932,90.746932,90.746932,0,99.253068,99.253068,up,up,up,1,1,2.093735,-99.253068,0,1,S1_full_pass,90.746932,action=theory_adjust_rule,8235.005667,0,12352.508501,4014.615181,0,0,0,0.006069,0,0.007586,0.005938,0,0.004305
2019-05-14,2019-05-13,-75,-75,8825,7820,国内成品油价格按机制下调,https://www.ndrc.gov.cn/xwdt/ztzl/gncpyjg/201905/t20190513_1292998.html,-75,8322.5,1,down,75,2019-05,70.745,10,-0.864,-1.206552,71.419,10,-0.58,-0.805567,62.357,10,-2.219,-3.436261,66.888,10,-1.3995,-2.049423,68.7004,10,-1.0717,-1.536001,2.7,0.6,49.4,54.3,53.3,4023,2107140,523.77,-49.336997,-49.336997,0,-49.336997,-25.663003,-75,down,no_adjust,down,0,1,,,,,S1_full_pass,0.0,action=theory_adjust_rule,0,0,0,8235.005667,0,0,0,0,0,0,0.012181,0,0.001827
2019-05-28,2019-05-27,50,50,8875,7870,国内成品油价格按机制上调,https://www.ndrc.gov.cn/xwdt/ztzl/gncpyjg/201905/t20190527_1292999.html,50,8372.5,1,up,50,2019-05,70.948,10,0.203,0.286946,72.105,10,0.686,0.960529,61.413,10,-0.944,-1.513864,66.759,10,-0.129,-0.19286,68.8974,10,0.197,0.286752,2.7,0.6,49.4,54.3,53.3,4023,2107140,523.77,11.204112,-38.132885,0,-38.132885,38.795888,50,up,no_adjust,up,0,1,,,,,S1_full_pass,0.0,action=theory_adjust_rule,0,0,0,0,0,0,0,0,0,0,0,0,0
2019-06-12,2019-06-11,-465,-445,8410,7425,国内成品油价格按机制下调,https://www.ndrc.gov.cn/xwdt/ztzl/gncpyjg/201906/t20190611_1293000.html,-455,7917.5,1,down,455,2019-06,63.872,10,-7.076,-9.973502,65.72,10,-6.385,-8.855142,54.59,10,-6.823,-11.110026,60.155,10,-6.604,-9.892299,62.381,10,-6.5164,-9.458122,2.7,0,49.4,54.2,53,3958,2017356.1,509.69,-309.152696,-347.285581,-347.285581,0,-145.847304,-107.714419,down,down,down,1,1,1.310161,107.714419,0,1,S1_full_pass,-347.285581,action=theory_adjust_rule,0,0,0,120607.274771,0,0,0,0,0,0,0.178398,0,0.02676
2019-06-26,2019-06-25,-120,-115,8290,7310,国内成品油价格按机制下调,https://www.ndrc.gov.cn/xwdt/ztzl/gncpyjg/201906/t20190625_1293001.html,-117.5,7800,1,down,117.5,2019-06,62.586,10,-1.286,-2.013402,63.698,10,-2.022,-3.076689,54.078,10,-0.512,-0.937901,58.888,10,-1.267,-2.106226,60.812,10,-1.569,-2.515189,2.7,0,49.4,54.2,53,3958,2017356.1,509.69,-73.067661,-73.067661,-73.067661,0,-44.432339,-44.432339,down,down,down,1,1,1.608099,44.432339,0,1,S1_full_pass,-73.067661,action=theory_adjust_rule,0,0,0,75195.467649,0,0,0,0,0,0,0.111226,0,0.016684
2019-07-10,2019-07-09,150,140,8440,7450,国内成品油价格按机制上调,https://www.ndrc.gov.cn/xwdt/ztzl/gncpyjg/201907/t20190709_1293002.html,145,7945,1,up,145,2019-07,64.565,10,1.979,3.162049,65.148,10,1.45,2.276367,57.858,10,3.78,6.989903,61.668,10,2.78,4.720826,63.192,10,2.38,3.913701,2.8,-0.3,49.7,53.7,53.1,4104,1960366.9,477.67,115.374713,115.374713,115.374713,0,29.625287,29.625287,up,up,up,1,1,1.256775,-29.625287,0,1,S1_full_pass,115.374713,action=theory_adjust_rule,13311.3244,0,20765.666064,35510.528319,0,0,0,0.00981,0,0.012753,0.052526,0,0.01352
2019-07-23,2019-07-23,0,0,8440,7450,7月23日国内成品油价格不作调整,https://www.ndrc.gov.cn/xwdt/ztzl/gncpyjg/201907/t20190723_1293003.html,0,7945,0,no_adjust,0,2019-07,65.32,10,0.755,1.169364,64.51,10,-0.638,-0.979309,57.738,10,-0.12,-0.207404,61.124,10,-0.544,-0.882143,62.4784,10,-0.7136,-1.129257,2.8,-0.3,49.7,53.7,53.1,4104,1960366.9,477.67,-32.248819,-32.248819,0,-32.248819,32.248819,0,down,no_adjust,no_adjust,0,0,,,,,S1_full_pass,0.0,action=theory_adjust_rule,0,0,0,13311.3244,0,0,0,0,0,0,0.01969,0,0.002953
2019-08-07,2019-08-06,-80,-70,8360,7380,国内成品油价格按机制下调,https://www.ndrc.gov.cn/xwdt/ztzl/gncpyjg/201908/t20190806_1293004.html,-75,7870,1,down,75,2019-08,63.634,10,-1.686,-2.581139,62.429,10,-2.081,-3.225856,56.176,10,-1.562,-2.705324,59.3025,10,-1.8215,-2.980008,60.5531,10,-1.9253,-3.081545,2.8,-0.8,49.5,53.8,53,4217,1979320.4,469.37,-90.069945,-122.318764,-122.318764,0,15.069945,47.318764,down,down,down,1,1,0.613152,-47.318764,1,0,S1_full_pass,-122.318764,action=theory_adjust_rule,0,0,0,14961.880026,0,0,0,0,0,0,0.022131,0,0.00332
2019-08-21,2019-08-20,-210,-205,8150,7175,国内成品油价格按机制下调,https://www.ndrc.gov.cn/xwdt/ztzl/gncpyjg/201908/t20190820_1293005.html,-207.5,7662.5,1,down,207.5,2019-08,58.687,10,-4.947,-7.774146,57.837,10,-4.592,-7.355556,54.452,10,-1.724,-3.068926,56.1445,10,-3.158,-5.325239,56.8215,10,-3.7316,-6.162525,2.8,-0.8,49.5,53.8,53,4217,1979320.4,469.37,-176.264794,-176.264794,-176.264794,0,-31.235206,-31.235206,down,down,down,1,1,1.177206,31.235206,0,1,S1_full_pass,-176.264794,action=theory_adjust_rule,0,0,0,2910.174153,0,0,0,0,0,0,0.004305,0,0.000646
2019-09-04,2019-09-03,115,105,8265,7280,国内成品油价格按机制上调,https://www.ndrc.gov.cn/xwdt/ztzl/gncpyjg/201909/t20190903_1293006.html,110,7772.5,1,up,110,2019-09,59.82,10,1.133,1.930581,59.576,10,1.739,3.006726,55.351,10,0.899,1.650995,57.5255,10,1.381,2.459724,58.3953,10,1.5738,2.769726,3,-1.2,49.8,53.7,53.1,4124,1854637.8,449.72,76.903647,76.903647,76.903647,0,33.096353,33.096353,up,up,up,1,1,1.430361,-33.096353,0,1,S1_full_pass,76.903647,action=theory_adjust_rule,5914.170922,0,9462.673475,64094.259518,0,0,0,0.004359,0,0.005812,0.094806,0,0.016763
2019-09-19,2019-09-18,125,125,8390,7405,国内成品油价格按机制上调,https://www.ndrc.gov.cn/xwdt/ztzl/gncpyjg/201909/t20190918_1293007.html,125,7897.5,1,up,125,2019-09,62.196,10,2.376,3.971916,63.236,10,3.66,6.143413,57.216,10,1.865,3.369406,60.226,10,2.7005,4.69444,61.43,10,3.0347,5.196822,3,-1.2,49.8,53.7,53.1,4124,1854637.8,449.72,146.61635,146.61635,146.61635,0,-21.61635,-21.61635,up,up,up,1,1,0.852565,21.61635,1,0,S1_full_pass,146.61635,action=theory_adjust_rule,21496.354087,0,34394.16654,4859.86096,0,0,0,0.015842,0,0.021123,0.007189,0,0.01032
2019-10-08,2019-10-08,0,0,8390,7405,10月8日国内成品油价格不作调整,https://www.ndrc.gov.cn/xwdt/ztzl/gncpyjg/201910/t20191008_1293008.html,0,7897.5,0,no_adjust,0,2019-10,60.635,10,-1.561,-2.509808,60.667,10,-2.569,-4.062559,54.416,10,-2.8,-4.893736,57.5415,10,-2.6845,-4.457377,58.7917,10,-2.6383,-4.294807,3.8,-1.6,49.3,52.8,52,4551,2073141.2,455.54,-124.0936,-124.0936,-124.0936,0,124.0936,124.0936,down,down,no_adjust,1,0,0,-124.0936,1,0,S1_full_pass,-124.0936,action=theory_adjust_rule,0,0,0,73283.877029,0,0,0,0,0,0,0.108399,0,0.01626
2019-10-22,2019-10-21,-150,-145,8240,7260,国内成品油价格按机制下调,https://www.ndrc.gov.cn/xwdt/ztzl/gncpyjg/201910/t20191021_1293009.html,-147.5,7750,1,down,147.5,2019-10,59.452,10,-1.183,-1.951018,59.358,10,-1.309,-2.15768,53.38,10,-1.036,-1.903852,56.369,10,-1.1725,-2.03766,57.5646,10,-1.2271,-2.087199,3.8,-1.6,49.3,52.8,52,4551,2073141.2,455.54,-56.752531,-56.752531,-56.752531,0,-90.747469,-90.747469,down,down,down,1,1,2.599003,90.747469,0,1,S1_full_pass,-56.752531,action=theory_adjust_rule,0,0,0,4534.819574,0,0,0,0,0,0,0.006708,0,0.001006
2019-11-05,2019-11-04,105,105,8345,7365,国内成品油价格按机制上调,https://www.ndrc.gov.cn/xwdt/ztzl/gncpyjg/201911/t20191104_1293010.html,105,7855,1,up,105,2019-11,60.853,10,1.401,2.356523,60.487,10,1.129,1.902018,55.187,10,1.807,3.385163,57.837,10,1.468,2.604268,58.897,10,1.3324,2.314617,4.5,-1.4,50.2,54.4,53.7,4574,2089499.4,456.82,65.384277,65.384277,65.384277,0,39.615723,39.615723,up,up,up,1,1,1.605891,-39.615723,0,1,S1_full_pass,65.384277,action=theory_adjust_rule,4275.103679,0,8122.69699,14917.399868,0,0,0,0.003151,0,0.004989,0.022065,0,0.005345
2019-11-19,2019-11-18,70,65,8415,7430,国内成品油价格按机制上调,https://www.ndrc.gov.cn/xwdt/ztzl/gncpyjg/201911/t20191118_1293011.html,67.5,7922.5,1,up,67.5,2019-11,62.494,10,1.641,2.696662,62.477,10,1.99,3.289963,56.715,10,1.528,2.768768,59.4755,10,1.6385,2.832962,60.5797,10,1.6827,2.857022,4.5,-1.4,50.2,54.4,53.7,4574,2089499.4,456.82,82.100247,82.100247,82.100247,0,-14.600247,-14.600247,up,up,up,1,1,0.822166,14.600247,1,0,S1_full_pass,82.100247,action=theory_adjust_rule,6740.450557,0,12806.856059,279.423653,0,0,0,0.004968,0,0.007865,0.000413,0,0.00327
2019-12-03,2019-12-02,55,50,8470,7480,国内成品油价格按机制上调,https://www.ndrc.gov.cn/xwdt/ztzl/gncpyjg/201912/t20191202_1293012.html,52.5,7975,1,up,52.5,2019-12,63.671,10,1.177,1.883381,64.251,10,1.774,2.839445,57.432,10,0.717,1.264216,60.7735,10,1.298,2.182411,62.1101,10,1.5304,2.526259,4.5,-0.5,50.2,53.5,53.4,4548,2192920,482.17,74.832641,74.832641,74.832641,0,-22.332641,-22.332641,up,up,up,1,1,0.701566,22.332641,1,0,S1_full_pass,74.832641,action=theory_adjust_rule,5599.924159,0,10639.855902,52.818097,0,0,0,0.004127,0,0.006534,0.000078,0,0.002677
2019-12-16,2019-12-16,0,0,8470,7480,12月16日国内成品油价格不作调整,https://www.ndrc.gov.cn/xwdt/ztzl/gncpyjg/201912/t20191216_1293013.html,0,7975,0,no_adjust,0,2019-12,64.769,10,1.098,1.72449,65.606,10,1.355,2.108917,58.444,10,1.012,1.762084,62.025,10,1.2515,2.059286,63.4574,10,1.3473,2.169212,4.5,-0.5,50.2,53.5,53.4,4548,2192920,482.17,66.095291,66.095291,66.095291,0,-66.095291,-66.095291,up,up,no_adjust,1,0,0,66.095291,1,0,S1_full_pass,66.095291,action=theory_adjust_rule,4368.587492,0,8300.316236,76.341285,0,0,0,0.00322,0,0.005098,0.000113,0,0.002096
2019-12-31,2019-12-30,235,230,8705,7710,国内成品油价格按机制上调,https://www.ndrc.gov.cn/xwdt/ztzl/gncpyjg/201912/t20191230_1293014.html,232.5,8207.5,1,up,232.5,2019-12,67.828,10,3.059,4.722938,68.687,10,3.081,4.696217,60.902,10,2.458,4.205735,64.7945,10,2.7695,4.465135,66.3515,10,2.8941,4.560697,4.5,-0.5,50.2,53.5,53.4,4548,2192920,482.17,139.907057,139.907057,139.907057,0,92.592943,92.592943,up,up,up,1,1,1.661818,-92.592943,0,1,S1_full_pass,139.907057,action=theory_adjust_rule,19573.984598,0,37190.570737,5448.1768,0,0,0,0.014426,0,0.022841,0.008059,0,0.010525
2020-01-14,2020-01-14,0,0,8705,7710,1月14日国内成品油价格不作调整,https://www.ndrc.gov.cn/xwdt/ztzl/gncpyjg/202001/t20200114_1293015.html,0,8207.5,0,no_adjust,0,2020-01,68.373,10,0.545,0.803503,67.599,10,-1.088,-1.583997,60.934,10,0.032,0.052543,64.2665,10,-0.528,-0.814884,65.5995,10,-0.752,-1.133358,5.4,0.1,50,54.1,53,,,,-34.081229,-34.081229,0,-34.081229,34.081229,0,down,no_adjust,no_adjust,0,0,,,,,S1_full_pass,0.0,action=theory_adjust_rule,0,0,0,19573.984598,0,0,0,0,0,0,0.028953,0,0.004343
2020-02-05,2020-02-04,-420,-405,8285,7305,国内成品油价格按机制下调,https://www.ndrc.gov.cn/xwdt/ztzl/gncpyjg/202002/t20200204_1293016.html,-412.5,7795,1,down,412.5,2020-02,61.266,10,-7.107,-10.394454,59.323,10,-8.276,-12.242785,53.815,10,-7.119,-11.683133,56.569,10,-7.6975,-11.977469,57.6706,10,-7.9289,-12.08683,5.2,-0.4,35.7,29.6,28.9,8609,4218444.2,490,-376.555799,-410.637029,-410.637029,0,-35.944201,-1.862971,down,down,down,1,1,1.004537,1.862971,0,1,S1_full_pass,-410.637029,action=theory_adjust_rule,0,0,0,168622.769586,0,0,0,0,0,0,0.249421,0,0.037413
2020-02-19,2020-02-18,-415,-400,7870,6905,国内成品油价格按机制下调,https://www.ndrc.gov.cn/xwdt/ztzl/gncpyjg/202002/t20200218_1293017.html,-407.5,7387.5,1,down,407.5,2020-02,55.451,10,-5.815,-9.491398,55.344,10,-3.979,-6.707348,50.596,10,-3.219,-5.981604,52.7785,10,-3.7905,-6.700666,53.6515,10,-4.0191,-6.969062,5.2,-0.4,35.7,29.6,28.9,8609,4218444.2,490,-189.98401,-189.98401,-189.98401,0,-217.51599,-217.51599,down,down,down,1,1,2.144917,217.51599,0,1,S1_full_pass,-189.98401,action=theory_adjust_rule,0,0,0,48687.754794,0,0,0,0,0,0,0.072017,0,0.010803
2020-03-03,2020-03-03,0,0,7870,6905,3月3日国内成品油价格不作调整,https://www.ndrc.gov.cn/xwdt/ztzl/gncpyjg/202003/t20200303_1293018.html,0,7387.5,0,no_adjust,0,2020-03,55.218,10,-0.233,-0.420191,55.822,10,0.478,0.863689,50.113,10,-0.483,-0.954621,52.9675,10,0.189,0.3581,54.1093,10,0.4578,0.853285,4.3,-1.5,52,52.3,52.3,4110,1673864.3,407.27,23.64923,23.64923,0,23.64923,-23.64923,0,up,no_adjust,no_adjust,0,0,,,,,S1_full_pass,0.0,action=theory_adjust_rule,0,0,0,36093.924056,0,0,0,0,0,0,0.053389,0,0.008008
2020-03-18,2020-03-17,-1015,-975,6855,5930,国内成品油价格按机制下调,https://www.ndrc.gov.cn/xwdt/ztzl/gncpyjg/202003/t20200317_1293019.html,-995,6392.5,1,down,995,2020-03,40.882,10,-14.336,-25.962548,39.759,10,-16.063,-28.775393,37.198,10,-12.915,-25.771756,38.4785,10,-14.489,-27.35451,38.9907,10,-15.1186,-27.940853,4.3,-1.5,52,52.3,52.3,4110,1673864.3,407.27,-719.641173,-695.991942,-695.991942,0,-275.358827,-299.008058,down,down,down,1,1,1.429614,299.008058,0,1,S1_full_pass,-695.991942,action=theory_adjust_rule,0,0,0,484404.783329,0,0,0,0,0,0,0.716514,0,0.107477
2020-03-31,2020-03-31,0,0,6855,5930,3月31日国内成品油价格不作调整,https://www.ndrc.gov.cn/xwdt/ztzl/gncpyjg/202003/t20200331_1293020.html,0,6392.5,0,no_adjust,0,2020-03,26.312,10,-14.57,-35.639157,23.929,10,-15.83,-39.814885,20.33,10,-16.868,-45.346524,22.1295,10,-16.349,-42.488662,22.8493,10,-16.1414,-41.398077,4.3,-1.5,52,52.3,52.3,4110,1673864.3,407.27,-768.448177,-768.448177,-768.448177,0,768.448177,768.448177,down,down,no_adjust,1,0,0,-768.448177,1,0,S1_full_pass,-768.448177,action=theory_adjust_rule,0,0,0,5249.90599,0,0,0,0,0,0,0.007765,0,0.001165
2020-04-15,2020-04-15,0,0,6855,5930,4月15日国内成品油价格不作调整,https://www.ndrc.gov.cn/xwdt/ztzl/gncpyjg/202004/t20200415_1293021.html,0,6392.5,0,no_adjust,0,2020-04,21.137,10,-5.175,-19.667832,20.545,10,-3.384,-14.141836,23.446,10,3.116,15.327103,21.5825,10,-0.547,-2.471814,21.1675,10,-1.6818,-7.360401,3.3,-3.1,50.8,53.2,53.4,4043,1088790.5,269.3,-78.450366,-78.450366,-78.450366,0,78.450366,78.450366,down,down,no_adjust,1,0,0,-78.450366,1,0,S1_full_pass,-78.450366,action=theory_adjust_rule,0,0,0,476096.979185,0,0,0,0,0,0,0.704226,0,0.105634
2020-04-28,2020-04-28,0,0,6855,5930,4月28日国内成品油价格不作调整,https://www.ndrc.gov.cn/xwdt/ztzl/gncpyjg/202004/t20200428_1293022.html,0,6392.5,0,no_adjust,0,2020-04,15.699,10,-5.438,-25.727397,16.633,10,-3.912,-19.041129,10.703,10,-12.743,-54.350422,13.668,10,-7.9145,-36.670914,14.854,10,-6.3135,-29.826385,3.3,-3.1,50.8,53.2,53.4,4043,1088790.5,269.3,-299.470509,-299.470509,-299.470509,0,299.470509,299.470509,down,down,no_adjust,1,0,0,-299.470509,1,0,S1_full_pass,-299.470509,action=theory_adjust_rule,0,0,0,48849.903612,0,0,0,0,0,0,0.072257,0,0.010839
2020-05-14,2020-05-14,0,0,6855,5930,5月14日国内成品油价格不作调整,https://www.ndrc.gov.cn/xwdt/ztzl/gncpyjg/202005/t20200514_1293023.html,0,6392.5,0,no_adjust,0,2020-05,21.067,10,5.368,34.193261,22.884,10,6.251,37.581915,23.142,10,12.439,116.219751,22.5285,10,8.8605,64.826602,22.6707,10,7.8167,52.623536,2.4,-3.7,50.6,53.6,53.4,4797,946857.4,197.39,374.80866,374.80866,374.80866,0,-374.80866,-374.80866,up,up,no_adjust,1,0,0,374.80866,1,0,S1_full_pass,374.80866,action=theory_adjust_rule,140481.531611,0,207912.666784,454652.397747,0,0,0,0.103532,0,0.12769,0.672505,0,0.158681
2020-05-28,2020-05-28,0,0,6855,5930,5月28日国内成品油价格不作调整,https://www.ndrc.gov.cn/xwdt/ztzl/gncpyjg/202005/t20200528_1293024.html,0,6392.5,0,no_adjust,0,2020-05,27.658,10,6.591,31.285897,32.509,10,9.625,42.059955,31.519,10,8.377,36.198254,32.014,10,9.4855,42.104445,32.212,10,9.5413,42.086482,2.4,-3.7,50.6,53.6,53.4,4797,946857.4,197.39,457.104867,457.104867,457.104867,0,-457.104867,-457.104867,up,up,no_adjust,1,0,0,457.104867,1,0,S1_full_pass,457.104867,action=theory_adjust_rule,208944.859435,0,309238.391964,6772.665687,0,0,0,0.153989,0,0.189919,0.010018,0,0.08748
2020-06-11,2020-06-11,0,0,6855,5930,6月11日国内成品油价格不作调整,https://www.ndrc.gov.cn/xwdt/ztzl/gncpyjg/202006/t20200611_1293025.html,0,6392.5,0,no_adjust,0,2020-06,34.672,10,7.014,25.359751,38.127,10,5.618,17.281368,37.254,10,5.735,18.195374,37.6905,10,5.6765,17.731305,37.8651,10,5.6531,17.549671,2.5,-3,50.9,54.4,54.2,521,273937.7,525.79,271.563808,271.563808,271.563808,0,-271.563808,-271.563808,up,up,no_adjust,1,0,0,271.563808,1,0,S1_full_pass,271.563808,action=theory_adjust_rule,73746.901815,0,110620.352723,34425.484575,0,0,0,0.05435,0,0.067938,0.050921,0,0.03821
2020-06-29,2020-06-28,120,110,6975,6040,国内成品油价格按机制上调,https://www.ndrc.gov.cn/xwdt/ztzl/gncpyjg/202006/t20200628_1293026.html,115,6507.5,1,up,115,2020-06,37.873,10,3.201,9.232234,41.321,10,3.194,8.377265,38.785,10,1.531,4.109626,40.053,10,2.3625,6.268158,40.5602,10,2.6951,7.117636,2.5,-3,50.9,54.4,54.2,521,273937.7,525.79,130.410974,130.410974,130.410974,0,-15.410974,-15.410974,up,up,up,1,1,0.881828,15.410974,1,0,S1_full_pass,130.410974,action=theory_adjust_rule,17007.02214,0,25510.533209,19924.122546,0,0,0,0.012534,0,0.015667,0.029471,0,0.011471
2020-07-11,2020-07-10,100,100,7075,6140,国内成品油价格按机制上调,https://www.ndrc.gov.cn/xwdt/ztzl/gncpyjg/202007/t20200710_1293027.html,100,6607.5,1,up,100,2020-07,41.56,10,3.687,9.735168,42.451,10,1.13,2.734687,39.823,10,1.038,2.676292,41.05,10,0.997,2.489202,41.5408,10,0.9806,2.417641,2.7,-2.4,51.1,54.2,54.1,5129,1434135.2,279.61,48.596729,48.596729,0,48.596729,51.403271,100,up,no_adjust,up,0,1,,,,,S1_full_pass,0.0,action=theory_adjust_rule,0,0,0,17007.02214,0,0,0,0,0,0,0.025156,0,0.003773
2020-07-24,2020-07-24,0,0,7075,6140,7月24日国内成品油价格不作调整,https://www.ndrc.gov.cn/xwdt/ztzl/gncpyjg/202007/t20200724_1293028.html,0,6607.5,0,no_adjust,0,2020-07,43.719,10,2.159,5.194899,43.484,10,1.033,2.433394,40.887,10,1.064,2.671823,42.1855,10,1.1355,2.766139,42.7049,10,1.1641,2.802305,2.7,-2.4,51.1,54.2,54.1,5129,1434135.2,279.61,57.353168,105.949897,105.949897,0,-57.353168,-105.949897,up,up,no_adjust,1,0,0,105.949897,1,0,S1_full_pass,105.949897,action=theory_adjust_rule,11225.380674,0,17287.086238,11225.380674,0,0,0,0.008273,0,0.010617,0.016604,0,0.007213
2020-08-07,2020-08-07,0,0,7075,6140,8月7日国内成品油价格不作调整,https://www.ndrc.gov.cn/xwdt/ztzl/gncpyjg/202008/t20200807_1293029.html,0,6607.5,0,no_adjust,0,2020-08,43.832,10,0.113,0.258469,43.712,10,0.228,0.524331,41.134,10,0.247,0.604104,42.423,10,0.2375,0.56299,42.9386,10,0.2337,0.547244,2.4,-2,51,55.2,54.5,4748,1492292.6,314.3,12.9554,12.9554,0,12.9554,-12.9554,0,up,no_adjust,no_adjust,0,0,,,,,S1_full_pass,0.0,action=theory_adjust_rule,0,0,0,11225.380674,0,0,0,0,0,0,0.016604,0,0.002491
2020-08-22,2020-08-21,85,80,7160,6220,国内成品油价格按机制上调,https://www.ndrc.gov.cn/xwdt/ztzl/gncpyjg/202008/t20200821_1293030.html,82.5,6690,1,up,82.5,2020-08,45.08,10,1.248,2.847235,44.678,10,0.966,2.209919,42.285,10,1.151,2.798172,43.4815,10,1.0585,2.495109,43.9601,10,1.0215,2.378978,2.4,-2,51,55.2,54.5,4748,1492292.6,314.3,50.548437,63.503837,63.503837,0,31.951563,18.996163,up,up,up,1,1,1.299134,-18.996163,0,1,S1_full_pass,63.503837,action=theory_adjust_rule,4032.737314,0,5968.451224,4032.737314,0,0,0,0.002972,0,0.003666,0.005965,0,0.002554
2020-09-04,2020-09-04,0,0,7160,6220,9月4日国内成品油价格不作调整,https://www.ndrc.gov.cn/xwdt/ztzl/gncpyjg/202009/t20200904_1293031.html,0,6690,0,no_adjust,0,2020-09,45.312,10,0.232,0.514641,44.593,10,-0.085,-0.19025,42.65,10,0.365,0.86319,43.622,10,0.1405,0.323126,44.0104,10,0.0503,0.114422,1.7,-2.1,51.5,55.9,55.1,100,101019.8,1010.2,4.203733,4.203733,0,4.203733,-4.203733,0,up,no_adjust,no_adjust,0,0,,,,,S1_full_pass,0.0,action=theory_adjust_rule,0,0,0,4032.737314,0,0,0,0,0,0,0.005965,0,0.000895
2020-09-19,2020-09-18,-315,-300,6845,5920,国内成品油价格按机制下调,https://www.ndrc.gov.cn/xwdt/ztzl/gncpyjg/202009/t20200918_1293032.html,-307.5,6382.5,1,down,307.5,2020-09,40.604,10,-4.708,-10.390184,40.004,10,-4.589,-10.290853,38.726,10,-3.924,-9.200469,39.4675,10,-4.1545,-9.523864,39.7641,10,-4.2463,-9.648401,1.7,-2.1,51.5,55.9,55.1,100,101019.8,1010.2,-200.825769,-196.622036,-196.622036,0,-106.674231,-110.877964,down,down,down,1,1,1.563914,110.877964,0,1,S1_full_pass,-196.622036,action=theory_adjust_rule,0,0,0,38660.225041,0,0,0,0,0,0,0.057185,0,0.008578
2020-10-09,2020-10-09,0,0,6845,5920,10月9日国内成品油价格不作调整,https://www.ndrc.gov.cn/xwdt/ztzl/gncpyjg/202010/t20201009_1293033.html,0,6382.5,0,no_adjust,0,2020-10,40.459,10,-0.145,-0.357108,40.455,10,0.451,1.127387,39.552,10,0.826,2.132934,40.0035,10,0.536,1.358079,40.1841,10,0.42,1.056229,0.5,-2.1,51.4,56.2,55.3,4256,1327523.7,311.92,21.845452,21.845452,0,21.845452,-21.845452,0,up,no_adjust,no_adjust,0,0,,,,,S1_full_pass,0.0,action=theory_adjust_rule,0,0,0,38660.225041,0,0,0,0,0,0,0.057185,0,0.008578
2020-10-23,2020-10-22,80,70,6925,5990,国内成品油价格按机制上调,https://www.ndrc.gov.cn/xwdt/ztzl/gncpyjg/202010/t20201022_1293034.html,75,6457.5,1,up,75,2020-10,41.108,10,0.649,1.604093,41.323,10,0.868,2.145594,40.507,10,0.955,2.414543,40.915,10,0.9115,2.278551,41.0782,10,0.8941,2.225009,0.5,-2.1,51.4,56.2,55.3,4256,1327523.7,311.92,44.469035,66.314486,66.314486,0,30.530965,8.685514,up,up,up,1,1,1.130975,-8.685514,0,1,S1_full_pass,66.314486,action=theory_adjust_rule,4397.611053,0,4837.372159,4397.611053,0,0,0,0.003241,0,0.002971,0.006505,0,0.002529
2020-11-06,2020-11-05,-160,-150,6765,5840,国内成品油价格按机制下调,https://www.ndrc.gov.cn/xwdt/ztzl/gncpyjg/202011/t20201105_1293035.html,-155,6302.5,1,down,155,2020-11,38.617,10,-2.491,-6.059648,38.715,10,-2.608,-6.311255,37.978,10,-2.529,-6.243365,38.3465,10,-2.5685,-6.277649,38.4939,10,-2.5843,-6.291171,-0.5,-1.5,52.1,56.4,55.7,280,42203,150.72,-121.516773,-121.516773,-121.516773,0,-33.483227,-33.483227,down,down,down,1,1,1.275544,33.483227,0,1,S1_full_pass,-121.516773,action=theory_adjust_rule,0,0,0,35280.581858,0,0,0,0,0,0,0.052186,0,0.007828
2020-11-20,2020-11-19,150,145,6915,5985,2020年11月19日24时起国内成品油价格按机制上调,https://www.ndrc.gov.cn/xwdt/ztzl/gncpyjg/202011/t20201119_1293036.html,147.5,6450,1,up,147.5,2020-11,41.788,10,3.171,8.211409,41.506,10,2.791,7.209092,40.284,10,2.306,6.071936,40.895,10,2.5485,6.645978,41.1394,10,2.6455,6.872517,-0.5,-1.5,52.1,56.4,55.7,280,42203,150.72,128.044111,128.044111,128.044111,0,19.455889,19.455889,up,up,up,1,1,1.151947,-19.455889,0,1,S1_full_pass,128.044111,action=theory_adjust_rule,16395.294362,0,16395.294362,62280.634823,0,0,0,0.012083,0,0.010069,0.092123,0,0.019357
2020-12-04,2020-12-03,250,240,7165,6225,2020年12月3日24时起国内成品油价格按机制上调,https://www.ndrc.gov.cn/xwdt/ztzl/gncpyjg/202012/t20201203_1293037.html,245,6695,1,up,245,2020-12,45.697,10,3.909,9.35436,46.068,10,4.562,10.991182,43.461,10,3.177,7.886506,44.377,10,3.482,8.514488,44.7434,10,3.604,8.760458,0.2,-0.4,51.9,55.7,55.1,3847,1245360,323.72,173.782783,173.782783,173.782783,0,71.217217,71.217217,up,up,up,1,1,1.409806,-71.217217,0,1,S1_full_pass,173.782783,action=theory_adjust_rule,30200.455667,0,31408.473894,2092.026116,0,0,0,0.022257,0,0.01929,0.003094,0,0.010851
2020-12-18,2020-12-17,155,150,7320,6375,2020年12月17日24时起国内成品油价格按机制上调,https://www.ndrc.gov.cn/xwdt/ztzl/gncpyjg/202012/t20201217_1293038.html,152.5,6847.5,1,up,152.5,2020-12,48.751,10,3.054,6.683152,49.596,10,3.528,7.658244,46.453,10,2.992,6.884333,48.0245,10,3.6475,8.219348,48.6531,10,3.9097,8.738049,0.2,-0.4,51.9,55.7,55.1,3847,1245360,323.72,188.370484,188.370484,188.370484,0,-35.870484,-35.870484,up,up,up,1,1,0.809575,35.870484,1,0,S1_full_pass,188.370484,action=theory_adjust_rule,35483.439242,0,36902.776812,212.80102,0,0,0,0.026151,0,0.022664,0.000315,0,0.012251
2021-01-01,2020-12-31,90,85,7410,6460,2020年12月31日24时起国内成品油价格按机制上调,https://www.ndrc.gov.cn/xwdt/ztzl/gncpyjg/202012/t20201231_1293039.html,87.5,6935,1,up,87.5,2021-01,50.063,10,1.312,2.691227,50.868,10,1.272,2.564723,47.976,10,1.523,3.278583,49.422,10,1.3975,2.909973,50.0004,10,1.3473,2.769197,-0.3,0.3,51.3,52.4,52.8,4459,1612834.7,3617.03,66.095291,66.095291,66.095291,0,21.404709,21.404709,up,up,up,1,1,1.323846,-21.404709,0,1,S1_full_pass,66.095291,action=theory_adjust_rule,4368.587492,0,4368.587492,14951.222823,0,0,0,0.00322,0,0.002683,0.022115,0,0.004793
2021-01-16,2021-01-15,185,180,7595,6640,2021年1月15日24时起国内成品油价格按机制上调,https://www.ndrc.gov.cn/xwdt/ztzl/gncpyjg/202101/t20210115_1293040.html,182.5,7117.5,1,up,182.5,2021-01,53.503,10,3.44,6.871342,53.986,10,3.118,6.12959,51.033,10,3.057,6.371936,52.5095,10,3.0875,6.247218,53.1001,10,3.0997,6.19935,-0.3,0.3,51.3,52.4,52.8,4459,1612834.7,3617.03,149.718085,149.718085,149.718085,0,32.781915,32.781915,up,up,up,1,1,1.218958,-32.781915,0,1,S1_full_pass,149.718085,action=theory_adjust_rule,22415.504976,0,22415.504976,6992.771676,0,0,0,0.01652,0,0.013767,0.010343,0,0.009123
2021-01-30,2021-01-29,75,70,7670,6710,2021年1月29日24时起国内成品油价格按机制上调,https://www.ndrc.gov.cn/xwdt/ztzl/gncpyjg/202101/t20210129_1293041.html,72.5,7190,1,up,72.5,2021-01,54.842,10,1.339,2.502663,55.159,10,1.173,2.172786,52.749,10,1.716,3.36253,54.0315,10,1.522,2.898523,54.5445,10,1.4444,2.720146,-0.3,0.3,51.3,52.4,52.8,4459,1612834.7,3617.03,70.728806,70.728806,70.728806,0,1.771194,1.771194,up,up,up,1,1,1.025042,-1.771194,0,1,S1_full_pass,70.728806,action=theory_adjust_rule,5002.563998,0,5002.563998,6239.306197,0,0,0,0.003687,0,0.003072,0.009229,0,0.003074
2021-02-19,2021-02-18,275,265,7945,6975,2021年2月18日24时起国内成品油价格按机制上调,https://www.ndrc.gov.cn/xwdt/ztzl/gncpyjg/202102/t20210218_1293042.html,270,7460,1,up,270,2021-02,60.706,10,5.864,10.692535,61.666,10,6.507,11.796806,58.252,10,5.503,10.432425,59.7105,10,5.679,10.510536,60.2939,10,5.7494,10.540751,-0.2,1.7,50.6,51.4,51.6,4498,1783365.6,396.48,276.159149,276.159149,276.159149,0,-6.159149,-6.159149,up,up,up,1,1,0.977697,6.159149,1,0,S1_full_pass,276.159149,action=theory_adjust_rule,76263.875576,0,76263.875576,42201.625825,0,0,0,0.056205,0,0.046838,0.062423,0,0.035124
2021-03-04,2021-03-03,260,250,8205,7225,2021年3月3日24时起国内成品油价格按机制上调,https://www.ndrc.gov.cn/xwdt/ztzl/gncpyjg/202103/t20210303_1293043.html,255,7715,1,up,255,2021-03,63.35,10,2.644,4.355418,64.897,10,3.231,5.239516,61.237,10,2.985,5.124288,63.067,10,3.3565,5.621289,63.799,10,3.5051,5.813358,0.4,4.4,51.9,56.3,55.3,4966,2267884.9,456.68,169.063372,169.063372,169.063372,0,85.936628,85.936628,up,up,up,1,1,1.50831,-85.936628,0,1,S1_full_pass,169.063372,action=theory_adjust_rule,28582.423752,0,30869.017652,11469.505451,0,0,0,0.021065,0,0.018958,0.016965,0,0.012551
2021-03-18,2021-03-17,235,230,8440,7455,2021年3月17日24时起国内成品油价格按机制上调,https://www.ndrc.gov.cn/xwdt/ztzl/gncpyjg/202103/t20210317_1293044.html,232.5,7947.5,1,up,232.5,2021-03,66.413,10,3.063,4.835043,67.947,10,3.05,4.699755,64.651,10,3.414,5.575061,66.299,10,3.232,5.124709,66.9582,10,3.1592,4.951802,0.4,4.4,51.9,56.3,55.3,4966,2267884.9,456.68,152.557367,152.557367,152.557367,0,79.942633,79.942633,up,up,up,1,1,1.524017,-79.942633,0,1,S1_full_pass,152.557367,action=theory_adjust_rule,23273.750226,0,25135.650244,272.448201,0,0,0,0.017152,0,0.015437,0.000403,0,0.008208
2021-04-01,2021-03-31,-225,-220,8215,7235,2021年3月31日24时起国内成品油价格按机制下调,https://www.ndrc.gov.cn/xwdt/ztzl/gncpyjg/202103/t20210331_1293045.html,-222.5,7725,1,down,222.5,2021-04,63.154,10,-3.259,-4.907172,63.371,10,-4.576,-6.734661,60.772,10,-3.879,-5.999907,62.0715,10,-4.2275,-6.376416,62.5913,10,-4.3669,-6.52183,0.9,6.8,51.1,54.9,53.8,4036,1839330.1,455.73,-206.580682,-206.580682,-206.580682,0,-15.919318,-15.919318,down,down,down,1,1,1.077061,15.919318,0,1,S1_full_pass,-206.580682,action=theory_adjust_rule,0,0,0,128980.13824,0,0,0,0,0,0,0.190783,0,0.028617
2021-04-15,2021-04-15,0,0,8215,7235,2021年4月15日国内成品油价格不作调整,https://www.ndrc.gov.cn/xwdt/ztzl/gncpyjg/202104/t20210415_1293046.html,0,7725,0,no_adjust,0,2021-04,61.748,10,-1.406,-2.226304,62.928,10,-0.443,-0.699058,60.039,10,-0.733,-1.206148,61.5745,10,-0.497,-0.80069,62.1159,10,-0.4754,-0.75953,0.9,6.8,51.1,54.9,53.8,4036,1839330.1,455.73,-20.882151,-20.882151,0,-20.882151,20.882151,0,down,no_adjust,no_adjust,0,0,,,,,S1_full_pass,0.0,action=theory_adjust_rule,0,0,0,42675.578176,0,0,0,0,0,0,0.063124,0,0.009469
2021-04-29,2021-04-28,100,95,8315,7330,2021年4月28日24时起国内成品油价格按机制上调,https://www.ndrc.gov.cn/xwdt/ztzl/gncpyjg/202104/t20210428_1293047.html,97.5,7822.5,1,up,97.5,2021-04,64.138,10,2.39,3.870571,65.669,10,2.741,4.355772,62.569,10,2.53,4.213928,64.119,10,2.5445,4.132392,64.739,10,2.6231,4.222912,0.9,6.8,51.1,54.9,53.8,4036,1839330.1,455.73,126.975205,106.093054,106.093054,0,-29.475205,-8.593054,up,up,up,1,1,0.919005,8.593054,1,0,S1_full_pass,106.093054,action=theory_adjust_rule,11255.736107,0,13281.768606,11255.736107,0,0,0,0.008295,0,0.008157,0.016649,0,0.00661
2021-05-15,2021-05-14,100,100,8415,7430,2021年5月14日24时起国内成品油价格按机制上调,https://www.ndrc.gov.cn/xwdt/ztzl/gncpyjg/202105/t20210514_1293048.html,100,7922.5,1,up,100,2021-05,66.717,10,2.579,4.021017,68.638,10,2.969,4.521159,64.901,10,2.332,3.727085,66.7965,10,2.6775,4.175829,67.5331,10,2.7941,4.315946,1.3,9,51,55.2,54.2,4095,2039882.1,498.14,135.135156,135.135156,135.135156,0,-35.135156,-35.135156,up,up,up,1,1,0.74,35.135156,1,0,S1_full_pass,135.135156,action=theory_adjust_rule,18261.510387,0,23009.503088,843.443689,0,0,0,0.013458,0,0.014131,0.001248,0,0.007085
2021-05-28,2021-05-28,0,0,8415,7430,2021年5月28日国内成品油价格不作调整,https://www.ndrc.gov.cn/xwdt/ztzl/gncpyjg/202105/t20210528_1293049.html,0,7922.5,0,no_adjust,0,2021-05,66.662,10,-0.055,-0.082438,68.24,10,-0.398,-0.579854,65.157,10,0.256,0.394447,66.6985,10,-0.098,-0.146714,67.3151,10,-0.218,-0.322805,1.3,9,51,55.2,54.2,4095,2039882.1,498.14,-8.599277,-8.599277,0,-8.599277,8.599277,0,down,no_adjust,no_adjust,0,0,,,,,S1_full_pass,0.0,action=theory_adjust_rule,0,0,0,18261.510387,0,0,0,0,0,0,0.027012,0,0.004052
2021-06-12,2021-06-11,175,170,8590,7600,2021年6月11日24时起国内成品油价格按机制上调,https://www.ndrc.gov.cn/xwdt/ztzl/gncpyjg/202106/t20210611_1293050.html,172.5,8095,1,up,172.5,2021-06,69.738,10,3.076,4.614323,70.667,10,2.427,3.556565,68.771,10,3.614,5.546603,69.719,10,3.0205,4.528588,70.0982,10,2.7831,4.134436,1.1,8.8,50.9,53.5,52.9,4012,2071889.6,516.42,134.610247,126.010969,126.010969,0,37.889753,46.489031,up,up,up,1,1,1.368928,-46.489031,0,1,S1_full_pass,126.010969,action=theory_adjust_rule,15878.764308,0,19372.092456,15878.764308,0,0,0,0.011702,0,0.011897,0.023487,0,0.009423
2021-06-29,2021-06-28,225,215,8815,7815,2021年6月28日24时起国内成品油价格按机制上调,https://www.ndrc.gov.cn/xwdt/ztzl/gncpyjg/202106/t20210628_1293051.html,220,8315,1,up,220,2021-06,72.892,10,3.154,4.522642,74.258,10,3.591,5.08158,72.515,10,3.744,5.444155,73.3865,10,3.6675,5.260402,73.7351,10,3.6369,5.188293,1.1,8.8,50.9,53.5,52.9,4012,2071889.6,516.42,175.352738,175.352738,175.352738,0,44.647262,44.647262,up,up,up,1,1,1.254614,-44.647262,0,1,S1_full_pass,175.352738,action=theory_adjust_rule,30748.582724,0,37513.270923,2434.610168,0,0,0,0.022661,0,0.023039,0.003601,0,0.011965
2021-07-13,2021-07-12,70,65,8885,7880,2021年7月12日24时起国内成品油价格按机制上调,https://www.ndrc.gov.cn/xwdt/ztzl/gncpyjg/202107/t20210712_1293052.html,67.5,8382.5,1,up,67.5,2021-07,74.224,10,1.332,1.827361,76.197,10,1.939,2.611166,73.793,10,1.278,1.762394,74.9005,10,1.514,2.06305,75.3435,10,1.6084,2.181322,1,9,50.4,53.3,52.4,4117,2208676.2,536.48,78.554724,78.554724,78.554724,0,-11.054724,-11.054724,up,up,up,1,1,0.859274,11.054724,1,0,S1_full_pass,78.554724,action=theory_adjust_rule,6170.844663,0,7405.013595,9369.855514,0,0,0,0.004548,0,0.004548,0.01386,0,0.004353
2021-07-27,2021-07-26,-100,-95,8785,7785,2021年7月26日24时起国内成品油价格按机制下调,https://www.ndrc.gov.cn/xwdt/ztzl/gncpyjg/202107/t20210726_1293053.html,-97.5,8285,1,down,97.5,2021-07,72.683,10,-1.541,-2.076148,74.001,10,-2.196,-2.882003,71.436,10,-2.357,-3.19407,72.7185,10,-2.182,-2.913198,73.2315,10,-2.112,-2.803162,1,9,50.4,53.3,52.4,4117,2208676.2,536.48,-98.979084,-98.979084,-98.979084,0,1.479084,1.479084,down,down,down,1,1,0.985057,-1.479084,1,0,S1_full_pass,-98.979084,action=theory_adjust_rule,0,0,0,31518.252983,0,0,0,0,0,0,0.046621,0,0.006993
2021-08-09,2021-08-09,0,0,8785,7785,2021年8月9日国内成品油价格不作调整,https://www.ndrc.gov.cn/xwdt/ztzl/gncpyjg/202108/t20210809_1293373.html,0,8285,0,no_adjust,0,2021-08,72.934,10,0.251,0.345335,74.007,10,0.006,0.008108,71.125,10,-0.311,-0.435355,72.566,10,-0.1525,-0.209713,73.1424,10,-0.0891,-0.121669,0.8,9.5,50.1,47.5,48.9,4453,2427251.9,545.08,-2.448297,-2.448297,0,-2.448297,2.448297,0,down,no_adjust,no_adjust,0,0,,,,,S1_full_pass,0.0,action=theory_adjust_rule,0,0,0,9796.859069,0,0,0,0,0,0,0.014491,0,0.002174
2021-08-24,2021-08-23,-250,-245,8535,7540,2021年8月23日24时起国内成品油价格按机制下调,https://www.ndrc.gov.cn/xwdt/ztzl/gncpyjg/202108/t20210823_1294332.html,-247.5,8037.5,1,down,247.5,2021-08,69.411,10,-3.523,-4.830395,69.586,10,-4.421,-5.973759,66.691,10,-4.434,-6.234095,68.1385,10,-4.4275,-6.101342,68.7175,10,-4.4249,-6.049706,0.8,9.5,50.1,47.5,48.9,4453,2427251.9,545.08,-209.348385,-211.796682,-211.796682,0,-38.151615,-35.703318,down,down,down,1,1,1.168574,35.703318,0,1,S1_full_pass,-211.796682,action=theory_adjust_rule,0,0,0,44857.834506,0,0,0,0,0,0,0.066352,0,0.009953
2021-09-07,2021-09-06,140,140,8675,7680,2021年9月6日24时起国内成品油价格按机制上调,https://www.ndrc.gov.cn/xwdt/ztzl/gncpyjg/202109/t20210906_1296106.html,140,8177.5,1,up,140,2021-09,70.861,10,1.45,2.089006,71.266,10,1.68,2.414279,68.37,10,1.679,2.517581,69.4665,10,1.328,1.948972,70.1863,10,1.4688,2.137447,0.7,10.7,49.6,53.2,51.7,4104,2195876.9,535.06,71.89315,71.89315,71.89315,0,68.10685,68.10685,up,up,up,1,1,1.947334,-68.10685,0,1,S1_full_pass,71.89315,action=theory_adjust_rule,5168.625017,0,5892.232519,80479.92078,0,0,0,0.003809,0,0.003619,0.119043,0,0.019713
2021-09-19,2021-09-18,90,85,8765,7765,2021年9月18日24时起国内成品油价格按机制上调,https://www.ndrc.gov.cn/xwdt/ztzl/gncpyjg/202109/t20210918_1297148.html,87.5,8265,1,up,87.5,2021-09,72.575,10,1.714,2.41882,73.071,10,1.805,2.532765,70.371,10,2.001,2.926722,71.753,10,2.2865,3.291515,72.3058,10,2.1195,3.01982,0.7,10.7,49.6,53.2,51.7,4104,2195876.9,535.06,102.943911,102.943911,102.943911,0,-15.443911,-15.443911,up,up,up,1,1,0.849977,15.443911,1,0,S1_full_pass,102.943911,action=theory_adjust_rule,10597.448812,0,12081.091646,964.149759,0,0,0,0.00781,0,0.00742,0.001426,0,0.004021
2021-10-10,2021-10-09,345,330,9110,8095,2021年10月9日24时起国内成品油价格按机制上调,https://www.ndrc.gov.cn/xwdt/ztzl/gncpyjg/202110/t20211009_1298893.html,337.5,8602.5,1,up,337.5,2021-10,78.676,10,6.101,8.406476,80.228,10,7.157,9.794583,76.979,10,6.608,9.390232,78.6035,10,6.8505,9.547336,79.2533,10,6.9475,9.608496,1.5,13.5,49.2,52.4,50.8,3766,2098861.3,557.32,333.331296,333.331296,333.331296,0,4.168704,4.168704,up,up,up,1,1,1.012506,-4.168704,0,1,S1_full_pass,333.331296,action=theory_adjust_rule,111109.752893,0,144442.678761,53078.347167,0,0,0,0.081886,0,0.08871,0.078512,0,0.054426
2021-10-23,2021-10-22,300,290,9410,8385,2021年10月22日24时起国内成品油价格按机制上调,https://www.ndrc.gov.cn/xwdt/ztzl/gncpyjg/202110/t20211022_1300685.html,295,8897.5,1,up,295,2021-10,82.845,10,4.169,5.298948,84.1,10,3.872,4.826245,81.828,10,4.849,6.299121,82.964,10,4.3605,5.547463,83.4184,10,4.1651,5.255428,1.5,13.5,49.2,52.4,50.8,3766,2098861.3,557.32,200.55792,200.55792,200.55792,0,94.44208,94.44208,up,up,up,1,1,1.470897,-94.44208,0,1,S1_full_pass,200.55792,action=theory_adjust_rule,40223.479275,0,52290.523057,17628.769374,0,0,0,0.029644,0,0.032114,0.026076,0,0.019351
2021-11-05,2021-11-05,0,0,9410,8385,2021年11月5日国内成品油价格不作调整,https://www.ndrc.gov.cn/xwdt/ztzl/gncpyjg/202111/t20211105_1303115.html,0,8897.5,0,no_adjust,0,2021-11,83.068,10,0.223,0.269177,83.619,10,-0.481,-0.571938,83.144,10,1.316,1.608251,83.3815,10,0.4175,0.50323,83.4765,10,0.0581,0.069649,2.3,12.9,50.1,52.3,52.2,4178,2496433.8,597.52,4.575942,4.575942,0,4.575942,-4.575942,0,up,no_adjust,no_adjust,0,0,,,,,S1_full_pass,0.0,action=theory_adjust_rule,0,0,0,40223.479275,0,0,0,0,0,0,0.059497,0,0.008925
2021-11-20,2021-11-19,-95,-90,9315,8295,2021年11月19日24时起国内成品油价格按机制下调,https://www.ndrc.gov.cn/xwdt/ztzl/gncpyjg/202111/t20211119_1304442.html,-92.5,8805,1,down,92.5,2021-11,81.607,10,-1.461,-1.7588,82.729,10,-0.89,-1.064351,80.975,10,-2.169,-2.608727,81.852,10,-1.5295,-1.83434,82.2028,10,-1.2737,-1.525819,2.3,12.9,50.1,52.3,52.2,4178,2496433.8,597.52,-58.976237,-54.400296,-54.400296,0,-33.523763,-38.099704,down,down,down,1,1,1.700358,38.099704,0,1,S1_full_pass,-54.400296,action=theory_adjust_rule,0,0,0,2959.392205,0,0,0,0,0,0,0.004377,0,0.000657
2021-12-04,2021-12-03,-430,-415,8885,7880,2021年12月3日24时起国内成品油价格按机制下调,https://www.ndrc.gov.cn/xwdt/ztzl/gncpyjg/202112/t20211203_1306844.html,-422.5,8382.5,1,down,422.5,2021-12,76.472,10,-5.135,-6.292352,76.572,10,-6.157,-7.442372,73.479,10,-7.496,-9.257178,75.4605,10,-6.3915,-7.808606,76.2531,10,-5.9497,-7.237831,1.5,10.3,50.3,52.7,52.2,4614,2690828.6,583.19,-282.110333,-282.110333,-282.110333,0,-140.389667,-140.389667,down,down,down,1,1,1.497641,140.389667,0,1,S1_full_pass,-282.110333,action=theory_adjust_rule,0,0,0,51851.860951,0,0,0,0,0,0,0.076697,0,0.011505
2021-12-18,2021-12-17,-130,-125,8755,7755,2021年12月17日24时起国内成品油价格按机制下调,https://www.ndrc.gov.cn/xwdt/xwfb/202112/t20211217_1308356.html,-127.5,8255,1,down,127.5,2021-12,73.946,10,-2.526,-3.30317,74.049,10,-2.523,-3.294938,70.795,10,-2.684,-3.652744,72.422,10,-3.0385,-4.02661,73.0728,10,-3.1803,-4.170716,1.5,10.3,50.3,52.7,52.2,4614,2690828.6,583.19,-149.957304,-149.957304,-149.957304,0,22.457304,22.457304,down,down,down,1,1,0.850242,-22.457304,1,0,S1_full_pass,-149.957304,action=theory_adjust_rule,0,0,0,17464.423074,0,0,0,0,0,0,0.025833,0,0.003875
2022-01-01,2021-12-31,140,135,8895,7890,2021年12月31日24时起国内成品油价格按机制上调,https://www.ndrc.gov.cn/xwdt/xwfb/202112/t20211231_1311298.html,137.5,8392.5,1,up,137.5,2022-01,75.152,10,1.206,1.63092,74.811,10,0.762,1.029048,73.468,10,2.673,3.77569,73.544,10,1.122,1.549253,73.976,10,0.9032,1.236028,0.9,9.1,50.1,51.1,51,4880,2795758.1,572.9,44.903278,44.903278,0,44.903278,92.596722,137.5,up,no_adjust,up,0,1,,,,,S1_full_pass,0.0,action=theory_adjust_rule,0,0,0,22487.193023,0,0,0,0,0,0,0.033262,0,0.004989
2022-01-18,2022-01-17,345,330,9240,8220,2022年1月17日24时起国内成品油价格按机制上调,https://www.ndrc.gov.cn/xwdt/xwfb/202201/t20220117_1312120.html,337.5,8730,1,up,337.5,2022-01,81.683,10,6.531,8.690387,82.785,10,7.974,10.65886,79.687,10,6.219,8.46491,81.236,10,7.692,10.459045,81.8556,10,7.8796,10.651563,0.9,9.1,50.1,51.1,51,4880,2795758.1,572.9,377.810186,422.713464,422.713464,0,-40.310186,-85.213464,up,up,up,1,1,0.798413,85.213464,1,0,S1_full_pass,422.713464,action=theory_adjust_rule,178686.672647,0,210850.273723,178686.672647,0,0,0,0.131689,0,0.129494,0.264307,0,0.104942
2022-01-30,2022-01-29,310,300,9550,8520,2022年1月29日24时起国内成品油价格按机制上调,https://www.ndrc.gov.cn/xwdt/xwfb/202201/t20220129_1313943.html,305,9035,1,up,305,2022-01,88.254,10,6.571,8.044514,89.641,10,6.856,8.281694,86.223,10,6.536,8.202091,87.8995,10,6.6635,8.202644,88.5701,10,6.7145,8.20286,0.9,9.1,50.1,51.1,51,4880,2795758.1,572.9,322.212766,322.212766,322.212766,0,-17.212766,-17.212766,up,up,up,1,1,0.94658,17.212766,1,0,S1_full_pass,322.212766,action=theory_adjust_rule,103821.066573,0,122508.858557,10100.390298,0,0,0,0.076514,0,0.075239,0.01494,0,0.040179
2022-02-18,2022-02-17,210,200,9760,8720,2022年2月17日24时起国内成品油价格按机制上调,https://www.ndrc.gov.cn/xwdt/xwfb/202202/t20220217_1315772.html,205,9240,1,up,205,2022-02,92.871,10,4.617,5.231491,96.955,10,7.314,8.159213,91.693,10,5.47,6.344015,94.324,10,6.4245,7.308915,95.3764,10,6.8063,7.684648,0.9,8.8,50.2,51.6,51.2,3634,2271578.6,625.09,326.593372,326.593372,326.593372,0,-121.593372,-121.593372,up,up,up,1,1,0.627692,121.593372,1,0,S1_full_pass,326.593372,action=theory_adjust_rule,106663.230634,0,125862.612149,19.189709,0,0,0,0.078609,0,0.077299,0.000028,0,0.038981
2022-03-04,2022-03-03,260,255,10020,8975,2022年3月3日24时起国内成品油价格按机制上调,https://www.ndrc.gov.cn/xwdt/xwfb/202203/t20220303_1318078.html,257.5,9497.5,1,up,257.5,2022-03,98.592,10,5.721,6.160158,102.123,10,5.168,5.330308,95.61,10,3.917,4.271864,98.791,10,4.467,4.735804,100.0634,10,4.687,4.914214,1.5,8.3,49.5,48.4,48.8,4271,3021685.3,707.49,225.462472,225.462472,225.462472,0,32.037528,32.037528,up,up,up,1,1,1.142097,-32.037528,0,1,S1_full_pass,225.462472,action=theory_adjust_rule,50833.32628,0,66083.324164,10227.458935,0,0,0,0.037463,0,0.040585,0.015128,0,0.021781
2022-03-18,2022-03-17,750,720,10770,9695,2022年3月17日24时起国内成品油价格按机制上调,https://www.ndrc.gov.cn/xwdt/xwfb/202203/t20220317_1319438.html,735,10232.5,1,up,735,2022-03,115.932,10,17.34,17.587634,117.079,10,14.956,14.645085,108.49,10,12.88,13.471394,112.7845,10,13.9935,14.164752,114.5023,10,14.4389,14.429752,1.5,8.3,49.5,48.4,48.8,4271,3021685.3,707.49,690.813495,690.813495,690.813495,0,44.186505,44.186505,up,up,up,1,1,1.063963,-44.186505,0,1,S1_full_pass,690.813495,action=theory_adjust_rule,477223.284874,0,620390.270336,216551.574607,0,0,0,0.351705,0,0.381014,0.320315,0,0.231227
2022-04-01,2022-03-31,110,110,10880,9805,2022年3月31日24时起国内成品油价格按机制上调,https://www.ndrc.gov.cn/xwdt/xwfb/202203/t20220331_1321429.html,110,10342.5,1,up,110,2022-04,112.719,10,-3.213,-2.771452,118.869,10,1.79,1.528882,109.573,10,1.083,0.998249,114.221,10,1.4365,1.273668,116.0802,10,1.5779,1.378051,2.1,8,47.4,41.9,42.7,4303,3422562.7,795.39,77.099294,77.099294,77.099294,0,32.900706,32.900706,up,up,up,1,1,1.426732,-32.900706,0,1,S1_full_pass,77.099294,action=theory_adjust_rule,5944.301135,0,8440.907612,376645.120509,0,0,0,0.004381,0,0.005184,0.55712,0,0.085959
2022-04-16,2022-04-15,-545,-530,10335,9275,2022年4月15日24时起国内成品油价格按机制下调,https://www.ndrc.gov.cn/xwdt/xwfb/202204/t20220415_1322196.html,-537.5,9805,1,down,537.5,2022-04,104.374,10,-8.345,-7.403366,104.444,10,-14.425,-12.135208,100.122,10,-9.451,-8.6253,102.283,10,-11.938,-10.451668,103.1474,10,-12.9328,-11.141263,2.1,8,47.4,41.9,42.7,4303,3422562.7,795.39,-615.336958,-615.336958,-615.336958,0,77.836958,77.836958,down,down,down,1,1,0.873505,-77.836958,1,0,S1_full_pass,-615.336958,action=theory_adjust_rule,0,0,0,479467.963084,0,0,0,0,0,0,0.709212,0,0.106382
2022-04-29,2022-04-28,205,200,10540,9475,2022年4月28日24时起国内成品油价格按机制上调,https://www.ndrc.gov.cn/xwdt/xwfb/202204/t20220428_1323651.html,202.5,10007.5,1,up,202.5,2022-04,107.029,10,2.655,2.543737,105.209,10,0.765,0.73245,103.537,10,3.415,3.410839,103.987,10,1.704,1.665966,104.4758,10,1.3284,1.287866,2.1,8,47.4,41.9,42.7,4303,3422562.7,795.39,65.193401,65.193401,65.193401,0,137.306599,137.306599,up,up,up,1,1,3.106143,-137.306599,0,1,S1_full_pass,65.193401,action=theory_adjust_rule,4250.179534,0,6035.254938,463121.569521,0,0,0,0.003132,0,0.003707,0.685033,0,0.104465
2022-05-17,2022-05-16,285,270,10825,9745,2022年5月16日24时起国内成品油价格按机制上调,https://www.ndrc.gov.cn/xwdt/xwfb/202205/t20220516_1324609.html,277.5,10285,1,up,277.5,2022-05,110.858,10,3.829,3.577535,108.696,10,3.487,3.314355,105.843,10,2.306,2.227223,107.24,10,3.253,3.128276,107.8224,10,3.3466,3.20323,2.1,6.4,49.6,47.8,48.4,4583,3522859,768.68,161.499909,161.499909,161.499909,0,116.000091,116.000091,up,up,up,1,1,1.718267,-116.000091,0,1,S1_full_pass,161.499909,action=theory_adjust_rule,26082.220607,0,37036.753262,9274.943483,0,0,0,0.019222,0,0.022746,0.013719,0,0.01255
2022-05-31,2022-05-30,400,390,11225,10135,2022年5月30日24时起国内成品油价格按机制上调,https://www.ndrc.gov.cn/xwdt/xwfb/202205/t20220530_1326109.html,395,10680,1,up,395,2022-05,115.363,10,4.505,4.063757,115.295,10,6.599,6.071061,112.779,10,6.936,6.553102,114.037,10,6.797,6.33812,114.5402,10,6.7178,6.230431,2.1,6.4,49.6,47.8,48.4,4583,3522859,768.68,322.370239,322.370239,322.370239,0,72.629761,72.629761,up,up,up,1,1,1.225299,-72.629761,0,1,S1_full_pass,322.370239,action=theory_adjust_rule,103922.570993,0,147570.05081,25879.263074,0,0,0,0.076589,0,0.09063,0.03828,0,0.047547
2022-06-15,2022-06-14,390,375,11615,10510,2022年6月14日24时起国内成品油价格按机制上调,https://www.ndrc.gov.cn/xwdt/xwfb/202206/t20220614_1327247.html,382.5,11062.5,1,up,382.5,2022-06,120.039,10,4.676,4.053293,126.185,10,10.89,9.445336,118.856,10,6.077,5.388415,122.3335,10,8.2965,7.27527,123.8013,10,9.2611,8.085458,2.5,6.1,50.2,54.7,54.1,3582,2859140.2,798.2,443.734,443.734,443.734,0,-61.234,-61.234,up,up,up,1,1,0.862003,61.234,1,0,S1_full_pass,443.734,action=theory_adjust_rule,196899.862756,0,295349.794134,14729.162484,0,0,0,0.145112,0,0.18139,0.021787,0,0.084893
2022-06-29,2022-06-28,-320,-310,11295,10200,2022年6月28日24时起国内成品油价格按机制下调,https://www.ndrc.gov.cn/xwdt/xwfb/202206/t20220628_1328991.html,-315,10747.5,1,down,315,2022-06,116.169,10,-3.87,-3.223952,120.083,10,-6.102,-4.835757,112.525,10,-6.331,-5.326614,116.8135,10,-5.52,-4.512255,118.5289,10,-5.2724,-4.25876,2.5,6.1,50.2,54.7,54.1,3582,2859140.2,798.2,-249.790247,-249.790247,-249.790247,0,-65.209753,-65.209753,down,down,down,1,1,1.261058,65.209753,0,1,S1_full_pass,-249.790247,action=theory_adjust_rule,0,0,0,480975.881177,0,0,0,0,0,0,0.711442,0,0.106716
2022-07-13,2022-07-12,-360,-345,10935,9855,2022年7月12日24时起国内成品油价格按机制下调,https://www.ndrc.gov.cn/xwdt/xwfb/202207/t20220712_1330413.html,-352.5,10395,1,down,352.5,2022-07,112.316,10,-3.853,-3.31672,116.503,10,-3.58,-2.981271,107.416,10,-5.109,-4.540324,111.854,10,-4.9595,-4.245657,113.6292,10,-4.8997,-4.13376,2.7,4.2,49,53.8,52.5,3733,3017713.3,808.39,-232.005371,-232.005371,-232.005371,0,-120.494629,-120.494629,down,down,down,1,1,1.519361,120.494629,0,1,S1_full_pass,-232.005371,action=theory_adjust_rule,0,0,0,316.301814,0,0,0,0,0,0,0.000468,0,0.00007
2022-07-27,2022-07-26,-300,-290,10635,9565,2022年7月26日24时起国内成品油价格按机制下调,https://www.ndrc.gov.cn/xwdt/xwfb/202207/t20220726_1331402.html,-295,10100,1,down,295,2022-07,106.816,10,-5.5,-4.896898,111.005,10,-5.498,-4.719192,100.454,10,-6.962,-6.481344,105.7295,10,-6.1245,-5.475441,107.8397,10,-5.7895,-5.095081,2.7,4.2,49,53.8,52.5,3733,3017713.3,808.39,-274.465747,-274.465747,-274.465747,0,-20.534253,-20.534253,down,down,down,1,1,1.074815,20.534253,0,1,S1_full_pass,-274.465747,action=theory_adjust_rule,0,0,0,1802.88353,0,0,0,0,0,0,0.002667,0,0.0004
2022-08-10,2022-08-09,-130,-125,10505,9440,2022年8月9日24时起国内成品油价格按机制下调,https://www.ndrc.gov.cn/xwdt/xwfb/202208/t20220809_1332823.html,-127.5,9972.5,1,down,127.5,2022-08,105.68,10,-1.136,-1.063511,105.433,10,-5.572,-5.019594,96.175,10,-4.279,-4.259661,100.804,10,-4.9255,-4.658586,102.6556,10,-5.1841,-4.807228,2.5,2.3,49.4,52.6,51.7,4035,3050600.4,756.03,-245.576658,-245.576658,-245.576658,0,118.076658,118.076658,down,down,down,1,1,0.519186,-118.076658,1,0,S1_full_pass,-245.576658,action=theory_adjust_rule,0,0,0,834.579463,0,0,0,0,0,0,0.001234,0,0.000185
2022-08-24,2022-08-23,-205,-200,10300,9240,2022年8月23日24时起国内成品油价格按机制下调,https://www.ndrc.gov.cn/xwdt/xwfb/202208/t20220823_1333590.html,-202.5,9770,1,down,202.5,2022-08,99.905,10,-5.775,-5.46461,99.845,10,-5.588,-5.300048,93.223,10,-2.952,-3.069405,96.534,10,-4.27,-4.235943,97.8584,10,-4.7972,-4.673101,2.5,2.3,49.4,52.6,51.7,4035,3050600.4,756.03,-227.114173,-227.114173,-227.114173,0,24.614173,24.614173,down,down,down,1,1,0.891622,-24.614173,1,0,S1_full_pass,-227.114173,action=theory_adjust_rule,0,0,0,340.863352,0,0,0,0,0,0,0.000504,0,0.000076
2022-09-07,2022-09-06,190,185,10490,9425,2022年9月6日24时起国内成品油价格按机制上调,https://www.ndrc.gov.cn/xwdt/xwfb/202209/t20220906_1335202.html,187.5,9957.5,1,up,187.5,2022-09,102.388,10,2.483,2.485361,96.98,10,-2.865,-2.869448,92.631,10,-0.592,-0.635036,94.7245,10,-1.8095,-1.874469,95.7159,10,-2.1425,-2.189388,2.8,0.9,50.1,50.6,50.9,4024,2884192.5,716.75,-100.434514,-100.434514,-100.434514,0,287.934514,287.934514,down,down,up,1,1,-1.866888,-287.934514,0,1,S1_full_pass,-100.434514,action=theory_adjust_rule,0,0,0,16047.736004,0,0,0,0,0,0,0.023737,0,0.003561
2022-09-22,2022-09-21,-290,-280,10200,9145,2022年9月21日24时起国内成品油价格按机制下调,https://www.ndrc.gov.cn/xwdt/xwfb/202209/t20220921_1335893.html,-285,9672.5,1,down,285,2022-09,96.179,10,-6.209,-6.064187,90.458,10,-6.522,-6.725098,86.084,10,-6.547,-7.067828,88.331,10,-6.3935,-6.749574,89.1818,10,-6.5341,-6.826557,2.8,0.9,50.1,50.6,50.9,4024,2884192.5,716.75,-309.997323,-309.997323,-309.997323,0,24.997323,24.997323,down,down,down,1,1,0.919363,-24.997323,1,0,S1_full_pass,-309.997323,action=theory_adjust_rule,0,0,0,43916.570916,0,0,0,0,0,0,0.06496,0,0.009744
2022-10-10,2022-10-10,0,0,10200,9145,2022年10月10日国内成品油价格不作调整,https://www.ndrc.gov.cn/xwdt/xwfb/202210/t20221010_1338431.html,0,9672.5,0,no_adjust,0,2022-10,92.482,10,-3.697,-3.843874,90.968,10,0.51,0.563798,84.149,10,-1.935,-2.247804,87.5585,10,-0.7725,-0.874551,88.9223,10,-0.2595,-0.290979,2.1,-1.3,49.2,48.7,49,4314,2984358.1,691.78,-10.579616,-10.579616,0,-10.579616,10.579616,0,down,no_adjust,no_adjust,0,0,,,,,S1_full_pass,0.0,action=theory_adjust_rule,0,0,0,96098.340267,0,0,0,0,0,0,0.142145,0,0.021322
2022-10-25,2022-10-24,185,175,10385,9320,2022年10月24日24时起国内成品油价格按机制上调,https://www.ndrc.gov.cn/xwdt/xwfb/202210/t20221024_1338989.html,180,9852.5,1,up,180,2022-10,93.495,10,1.013,1.095348,92.83,10,1.862,2.046874,87.165,10,3.016,3.584119,89.9975,10,2.439,2.785566,91.1305,10,2.2082,2.483292,2.1,-1.3,49.2,48.7,49,4314,2984358.1,691.78,107.176587,96.596971,96.596971,0,72.823413,83.403029,up,up,up,1,1,1.863412,-83.403029,0,1,S1_full_pass,96.596971,action=theory_adjust_rule,9330.974806,0,13249.984225,9330.974806,0,0,0,0.006877,0,0.008138,0.013802,0,0.005824
2022-11-08,2022-11-07,155,150,10540,9470,2022年11月7日24时起国内成品油价格按机制上调,https://www.ndrc.gov.cn/xwdt/xwfb/202211/t20221107_1340921.html,152.5,10005,1,up,152.5,2022-11,93.968,10,0.473,0.505909,94.438,10,1.608,1.732199,88.503,10,1.338,1.53502,91.4705,10,1.473,1.636712,92.6575,10,1.527,1.675619,1.6,-1.3,48,46.7,47.1,4674,3158599.9,675.78,74.670397,74.670397,74.670397,0,77.829603,77.829603,up,up,up,1,1,2.042309,-77.829603,0,1,S1_full_pass,74.670397,action=theory_adjust_rule,5575.668188,0,7359.882008,480.774647,0,0,0,0.004109,0,0.00452,0.000711,0,0.002264
2022-11-22,2022-11-21,-175,-165,10365,9305,2022年11月21日24时起国内成品油价格按机制下调,https://www.ndrc.gov.cn/xwdt/xwfb/202211/t20221121_1341667.html,-170,9835,1,down,170,2022-11,92.801,10,-1.167,-1.241912,94.082,10,-0.356,-0.376967,86.215,10,-2.288,-2.585223,90.1485,10,-1.322,-1.445275,91.7219,10,-0.9356,-1.00974,1.6,-1.3,48,46.7,47.1,4674,3158599.9,675.78,-42.84244,-42.84244,0,-42.84244,-127.15756,-170,down,no_adjust,down,0,1,,,,,S1_full_pass,0.0,action=theory_adjust_rule,0,0,0,5575.668188,0,0,0,0,0,0,0.008247,0,0.001237
2022-12-06,2022-12-05,-440,-425,9925,8880,2022年12月5日24时起国内成品油价格按机制下调,https://www.ndrc.gov.cn/xwdt/xwfb/202212/t20221205_1343287.html,-432.5,9402.5,1,down,432.5,2022-12,83.55,10,-9.251,-9.968643,85.713,10,-8.369,-8.895432,79.148,10,-7.067,-8.196949,82.5975,10,-7.551,-8.376179,83.9773,10,-7.7446,-8.443567,1.8,-0.7,47,41.6,42.6,4807,3073177.7,639.31,-367.761186,-410.603625,-410.603625,0,-64.738814,-21.896375,down,down,down,1,1,1.053327,21.896375,0,1,S1_full_pass,-410.603625,action=theory_adjust_rule,0,0,0,168595.336863,0,0,0,0,0,0,0.24938,0,0.037407
2022-12-20,2022-12-19,-480,-460,9445,8420,2022年12月19日24时起国内成品油价格按机制下调,https://www.ndrc.gov.cn/xwdt/xwfb/202212/t20221219_1343672.html,-470,8932.5,1,down,470,2022-12,78.2,10,-5.35,-6.403351,79.679,10,-6.034,-7.039772,74.094,10,-5.054,-6.385506,76.8865,10,-5.711,-6.914253,78.0035,10,-5.9738,-7.113589,1.8,-0.7,47,41.6,42.6,4807,3073177.7,639.31,-283.260361,-283.260361,-283.260361,0,-186.739639,-186.739639,down,down,down,1,1,1.659251,186.739639,0,1,S1_full_pass,-283.260361,action=theory_adjust_rule,0,0,0,16216.306886,0,0,0,0,0,0,0.023987,0,0.003598
2023-01-04,2023-01-03,250,240,9695,8660,2023年1月3日24时起国内成品油价格按机制上调,https://www.ndrc.gov.cn/xwdt/xwfb/202301/t20230103_1345637.html,245,9177.5,1,up,245,2023-01,80.192,10,1.992,2.547315,81.141,10,1.462,1.834862,77.751,10,3.657,4.935622,79.268,10,2.3815,3.097423,80.0172,10,2.0137,2.581551,2.1,-0.8,50.1,54.4,52.9,4333,2571954.1,593.57,97.895239,97.895239,97.895239,0,147.104761,147.104761,up,up,up,1,1,2.502675,-147.104761,0,1,S1_full_pass,97.895239,action=theory_adjust_rule,9583.477819,0,13608.538503,145279.591411,0,0,0,0.007063,0,0.008358,0.214892,0,0.036089
2023-01-18,2023-01-17,-205,-195,9490,8465,2023年1月17日24时起国内成品油价格按机制下调,https://www.ndrc.gov.cn/xwdt/xwfb/202301/t20230117_1346762.html,-200,8977.5,1,down,200,2023-01,78.849,10,-1.343,-1.674731,79.449,10,-1.692,-2.085259,76.271,10,-1.48,-1.903512,77.8685,10,-1.3995,-1.76553,78.5075,10,-1.5097,-1.886719,2.1,-0.8,50.1,54.4,52.9,4333,2571954.1,593.57,-70.237924,-70.237924,-70.237924,0,-129.762076,-129.762076,down,down,down,1,1,2.847465,129.762076,0,1,S1_full_pass,-70.237924,action=theory_adjust_rule,0,0,0,28268.7605,0,0,0,0,0,0,0.041814,0,0.006272
2023-02-04,2023-02-03,210,200,9700,8665,2023年2月3日24时起国内成品油价格按机制上调,https://www.ndrc.gov.cn/xwdt/xwfb/202302/t20230203_1348327.html,205,9182.5,1,up,205,2023-02,83.836,10,4.987,6.324747,84.698,10,5.249,6.606754,79.203,10,2.932,3.844187,81.9505,10,4.082,5.242171,83.0495,10,4.542,5.785435,1,-1.4,52.6,56.3,56.4,4074,2379809.1,584.15,218.543215,218.543215,218.543215,0,-13.543215,-13.543215,up,up,up,1,1,0.93803,13.543215,1,0,S1_full_pass,218.543215,action=theory_adjust_rule,47761.136823,0,57313.364187,83394.546242,0,0,0,0.035199,0,0.035199,0.123354,0,0.036103
2023-02-17,2023-02-17,0,0,9700,8665,2023年2月17日国内成品油价格不作调整,https://www.ndrc.gov.cn/xwdt/xwfb/202302/t20230217_1348864.html,0,9182.5,0,no_adjust,0,2023-02,82.191,10,-1.645,-1.962164,83.423,10,-1.275,-1.505348,77.717,10,-1.486,-1.876192,80.57,10,-1.3805,-1.684553,81.7112,10,-1.3383,-1.611449,1,-1.4,52.6,56.3,56.4,4074,2379809.1,584.15,-62.058885,-62.058885,-62.058885,0,62.058885,62.058885,down,down,no_adjust,1,0,0,-62.058885,1,0,S1_full_pass,-62.058885,action=theory_adjust_rule,0,0,0,78737.538524,0,0,0,0,0,0,0.116466,0,0.01747
2023-03-03,2023-03-03,0,0,9700,8665,2023年3月3日国内成品油价格不作调整,https://www.ndrc.gov.cn/xwdt/xwfb/202303/t20230303_1350622.html,0,9182.5,0,no_adjust,0,2023-03,81.814,10,-0.377,-0.458688,82.312,10,-1.111,-1.331767,76.451,10,-1.266,-1.628987,79.434,10,-1.136,-1.409954,80.6272,10,-1.084,-1.326624,0.7,-2.5,51.9,58.2,57,5231,3042961.1,581.72,-49.923941,-49.923941,0,-49.923941,49.923941,0,down,no_adjust,no_adjust,0,0,,,,,S1_full_pass,0.0,action=theory_adjust_rule,0,0,0,3851.305207,0,0,0,0,0,0,0.005697,0,0.000855
2023-03-18,2023-03-17,-100,-95,9600,8570,2023年3月17日24时起国内成品油价格按机制下调,https://www.ndrc.gov.cn/xwdt/xwfb/202303/t20230317_1351325.html,-97.5,9085,1,down,97.5,2023-03,80.844,10,-0.97,-1.185616,80.389,10,-1.923,-2.336233,74.756,10,-1.695,-2.217106,77.5725,10,-1.8615,-2.343455,78.6991,10,-1.9281,-2.391377,0.7,-2.5,51.9,58.2,57,5231,3042961.1,581.72,-90.203558,-140.127499,-140.127499,0,-7.296442,42.627499,down,down,down,1,1,0.695795,-42.627499,1,0,S1_full_pass,-140.127499,action=theory_adjust_rule,0,0,0,19635.715976,0,0,0,0,0,0,0.029044,0,0.004357
2023-04-01,2023-03-31,-335,-320,9265,8250,2023年3月31日24时起国内成品油价格按机制下调,https://www.ndrc.gov.cn/xwdt/xwfb/202303/t20230331_1353081.html,-327.5,8757.5,1,down,327.5,2023-04,75.196,10,-5.648,-6.986295,75.308,10,-5.081,-6.320516,70.653,10,-4.103,-5.488523,72.9805,10,-4.592,-5.919624,73.9115,10,-4.7876,-6.083424,0.1,-3.6,49.2,56.4,54.4,4241,2446502.9,576.87,-226.65607,-226.65607,-226.65607,0,-100.84393,-100.84393,down,down,down,1,1,1.44492,100.84393,0,1,S1_full_pass,-226.65607,action=theory_adjust_rule,0,0,0,7487.193599,0,0,0,0,0,0,0.011075,0,0.001661
2023-04-18,2023-04-17,550,525,9815,8775,2023年4月17日24时起国内成品油价格按机制上调,https://www.ndrc.gov.cn/xwdt/xwfb/202304/t20230417_1353648.html,537.5,9295,1,up,537.5,2023-04,85.127,10,9.931,13.20682,85.105,10,9.797,13.009242,80.75,10,10.097,14.290971,82.654,10,9.6735,13.254911,83.6344,10,9.7229,13.154786,0.1,-3.6,49.2,56.4,54.4,4241,2446502.9,576.87,465.770639,465.770639,465.770639,0,71.729361,71.729361,up,up,up,1,1,1.154001,-71.729361,0,1,S1_full_pass,465.770639,action=theory_adjust_rule,216942.288154,0,221281.133918,479454.747337,0,0,0,0.159883,0,0.1359,0.709192,0,0.180325
2023-04-29,2023-04-28,-160,-155,9655,8620,2023年4月28日24时起国内成品油价格按机制下调,https://www.ndrc.gov.cn/xwdt/xwfb/202304/t20230428_1355157.html,-157.5,9137.5,1,down,157.5,2023-04,83.22,10,-1.907,-2.240182,83.607,10,-1.498,-1.760179,78.346,10,-2.404,-2.97709,80.9765,10,-1.6775,-2.029545,82.0287,10,-1.6057,-1.919904,0.1,-3.6,49.2,56.4,54.4,4241,2446502.9,576.87,-74.818949,-74.818949,-74.818949,0,-82.681051,-82.681051,down,down,down,1,1,2.105082,82.681051,0,1,S1_full_pass,-74.818949,action=theory_adjust_rule,0,0,0,292237.102654,0,0,0,0,0,0,0.432267,0,0.06484
2023-05-17,2023-05-16,-380,-365,9275,8255,2023年5月16日24时起国内成品油价格按机制下调,https://www.ndrc.gov.cn/xwdt/xwfb/202305/t20230516_1355789.html,-372.5,8765,1,down,372.5,2023-05,75.511,10,-7.709,-9.263398,75.957,10,-7.65,-9.149952,71.141,10,-7.205,-9.196385,73.7315,10,-7.245,-8.94704,74.6217,10,-7.407,-9.029766,0.2,-4.6,48.8,54.5,52.9,5144,3030257.4,589.09,-351.651247,-351.651247,-351.651247,0,-20.848753,-20.848753,down,down,down,1,1,1.059288,20.848753,0,1,S1_full_pass,-351.651247,action=theory_adjust_rule,0,0,0,76636.121216,0,0,0,0,0,0,0.113357,0,0.017004
2023-05-31,2023-05-30,100,95,9375,8350,2023年5月30日24时起国内成品油价格按机制上调,https://www.ndrc.gov.cn/xwdt/xwfb/202305/t20230530_1356745.html,97.5,8862.5,1,up,97.5,2023-05,76.035,10,0.524,0.693939,76.117,10,0.16,0.210645,72.117,10,0.976,1.371923,74.117,10,0.3855,0.522843,74.917,10,0.2953,0.395729,0.2,-4.6,48.8,54.5,52.9,5144,3030257.4,589.09,15.894891,15.894891,0,15.894891,81.605109,97.5,up,no_adjust,up,0,1,,,,,S1_full_pass,0.0,action=theory_adjust_rule,0,0,0,123658.599517,0,0,0,0,0,0,0.182911,0,0.027437
2023-06-14,2023-06-13,-55,-50,9320,8300,2023年6月13日24时起国内成品油价格按机制下调,https://www.ndrc.gov.cn/xwdt/xwfb/202306/t20230613_1357539.html,-52.5,8810,1,down,52.5,2023-06,74.832,10,-1.203,-1.582166,74.764,10,-1.353,-1.777527,70.43,10,-1.687,-2.339254,72.597,10,-1.52,-2.050812,73.4638,10,-1.4532,-1.939747,0,-5.4,49,53.2,52.3,5206,2818571.4,541.41,-67.5418,-51.646909,-51.646909,0,15.0418,-0.853091,down,down,down,1,1,1.016518,0.853091,0,1,S1_full_pass,-51.646909,action=theory_adjust_rule,0,0,0,2667.403209,0,0,0,0,0,0,0.003946,0,0.000592
2023-06-29,2023-06-28,70,70,9390,8370,2023年6月28日24时起国内成品油价格按机制上调,https://www.ndrc.gov.cn/xwdt/xwfb/202306/t20230628_1357927.html,70,8880,1,up,70,2023-06,75.624,10,0.792,1.058371,74.793,10,0.029,0.038789,69.842,10,-0.588,-0.834872,72.225,10,-0.372,-0.512418,73.1782,10,-0.2856,-0.388763,0,-5.4,49,53.2,52.3,5206,2818571.4,541.41,-11.825083,-11.825083,0,-11.825083,81.825083,70,down,no_adjust,up,0,1,,,,,S1_full_pass,0.0,action=theory_adjust_rule,0,0,0,2667.403209,0,0,0,0,0,0,0.003946,0,0.000592
2023-07-13,2023-07-12,155,150,9545,8520,2023年7月12日24时起国内成品油价格按机制上调,https://www.ndrc.gov.cn/xwdt/xwfb/202307/t20230712_1358334.html,152.5,9032.5,1,up,152.5,2023-07,76.853,10,1.229,1.625145,76.236,10,1.443,1.929325,71.281,10,1.439,2.060365,73.541,10,1.316,1.822084,74.445,10,1.2668,1.731117,-0.3,-4.4,49.3,51.5,51.1,4369,2390446.7,547.14,62.25391,50.428828,50.428828,0,90.24609,102.071172,up,up,up,1,1,3.024064,-102.071172,0,1,S1_full_pass,50.428828,action=theory_adjust_rule,2543.066693,0,2543.066693,2543.066693,0,0,0,0.001874,0,0.001562,0.003762,0,0.001423
2023-07-27,2023-07-26,275,260,9820,8780,2023年7月26日24时起国内成品油价格按机制上调,https://www.ndrc.gov.cn/xwdt/xwfb/202307/t20230726_1358699.html,267.5,9300,1,up,267.5,2023-07,81.717,10,4.864,6.328966,80.495,10,4.259,5.5866,76.468,10,5.187,7.276834,78.4815,10,4.9405,6.718021,79.2869,10,4.8419,6.503996,-0.3,-4.4,49.3,51.5,51.1,4369,2390446.7,547.14,232.854146,232.854146,232.854146,0,34.645854,34.645854,up,up,up,1,1,1.148788,-34.645854,0,1,S1_full_pass,232.854146,action=theory_adjust_rule,54221.053309,0,54221.053309,33278.996647,0,0,0,0.03996,0,0.0333,0.049225,0,0.025699
2023-08-10,2023-08-09,240,230,10060,9010,2023年8月9日24时起国内成品油价格按机制上调,https://www.ndrc.gov.cn/xwdt/xwfb/202308/t20230809_1359258.html,235,9535,1,up,235,2023-08,86.418,10,4.701,5.752781,85.436,10,4.941,6.138269,81.17,10,4.702,6.148977,83.303,10,4.8215,6.143486,84.1562,10,4.8693,6.141368,0.1,-3,49.7,51,51.3,5280,3064332.6,580.37,234.161647,234.161647,234.161647,0,0.838353,0.838353,up,up,up,1,1,1.00358,-0.838353,0,1,S1_full_pass,234.161647,action=theory_adjust_rule,54831.676926,0,55928.310464,1.709559,0,0,0,0.04041,0,0.034348,0.000003,0,0.01869
2023-08-24,2023-08-23,55,55,10115,9065,2023年8月23日24时起国内成品油价格按机制上调,https://www.ndrc.gov.cn/xwdt/xwfb/202308/t20230823_1360025.html,55,9590,1,up,55,2023-08,87.708,10,1.29,1.492745,86.415,10,0.979,1.145887,81.593,10,0.423,0.521128,84.004,10,0.701,0.841506,84.9684,10,0.8122,0.96511,0.1,-3,49.7,51,51.3,5280,3064332.6,580.37,40.560848,40.560848,0,40.560848,14.439152,55,up,no_adjust,up,0,1,,,,,S1_full_pass,0.0,action=theory_adjust_rule,0,0,0,54831.676926,0,0,0,0,0,0,0.081105,0,0.012166
2023-09-06,2023-09-06,0,0,10115,9065,2023年9月6日国内成品油价格不作调整,https://www.ndrc.gov.cn/xwdt/xwfb/202309/t20230906_1360397.html,0,9590,0,no_adjust,0,2023-09,88.12,10,0.412,0.469741,87.006,10,0.591,0.683909,81.839,10,0.246,0.301496,84.1765,10,0.1725,0.205347,85.1091,10,0.1407,0.165591,0,-2.5,50.2,51.7,52,4574,2883165.4,630.34,8.517532,49.07838,0,49.07838,-8.517532,0,up,no_adjust,no_adjust,0,0,,,,,S1_full_pass,0.0,action=theory_adjust_rule,0,0,0,0,0,0,0,0,0,0,0,0,0
2023-09-21,2023-09-20,385,370,10500,9435,2023年9月20日24时起国内成品油价格按机制调整,https://www.ndrc.gov.cn/xwdt/xwfb/202309/t20230920_1360717.html,377.5,9967.5,1,up,377.5,2023-09,94.692,10,6.572,7.458012,93.62,10,6.614,7.601775,89.028,10,7.189,8.78432,91.324,10,7.1475,8.491087,92.2424,10,7.1333,8.38136,0,-2.5,50.2,51.7,52,4574,2883165.4,630.34,342.197488,391.275868,391.275868,0,35.302512,-13.775868,up,up,up,1,1,0.964792,13.775868,1,0,S1_full_pass,391.275868,action=theory_adjust_rule,153096.804879,0,153096.804879,153096.804879,0,0,0,0.11283,0,0.094025,0.226455,0,0.085682
2023-10-11,2023-10-10,-85,-80,10415,9355,2023年10月10日24时起国内成品油价格按机制调整,https://www.ndrc.gov.cn/xwdt/xwfb/202310/t20231010_1361121.html,-82.5,9885,1,down,82.5,2023-10,93.225,10,-1.467,-1.549233,92.707,10,-0.913,-0.975219,88.472,10,-0.556,-0.624523,90.7215,10,-0.6025,-0.659739,91.6213,10,-0.6211,-0.673335,-0.2,-2.6,49.5,50.6,50.7,4897,3235356,660.68,-27.834811,-27.834811,0,-27.834811,-54.665189,-82.5,down,no_adjust,down,0,1,,,,,S1_full_pass,0.0,action=theory_adjust_rule,0,0,0,153096.804879,0,0,0,0,0,0,0.226455,0,0.033968
2023-10-25,2023-10-24,-70,-70,10345,9285,2023年10月24日24时起国内成品油价格按机制调整,https://www.ndrc.gov.cn/xwdt/xwfb/202310/t20231024_1361478.html,-70,9815,1,down,70,2023-10,92.572,10,-0.653,-0.700456,91.523,10,-1.184,-1.277142,86.575,10,-1.897,-2.144181,89.049,10,-1.6725,-1.843554,90.0386,10,-1.5827,-1.727437,-0.2,-2.6,49.5,50.6,50.7,4897,3235356,660.68,-73.721412,-101.556222,-101.556222,0,3.721412,31.556222,down,down,down,1,1,0.689273,-31.556222,1,0,S1_full_pass,-101.556222,action=theory_adjust_rule,0,0,0,10313.666227,0,0,0,0,0,0,0.015256,0,0.002288
2023-11-08,2023-11-07,-140,-135,10205,9150,2023年11月7日24时起国内成品油价格按机制调整,https://www.ndrc.gov.cn/xwdt/xwfb/202311/t20231107_1361829.html,-137.5,9677.5,1,down,137.5,2023-11,90.282,10,-2.29,-2.47375,88.567,10,-2.956,-3.229789,83.198,10,-3.377,-3.900664,85.8825,10,-3.1665,-3.555907,86.9563,10,-3.0823,-3.42331,-0.5,-3,49.4,50.2,50.4,4245,2755831.4,649.19,-145.280841,-145.280841,-145.280841,0,7.780841,7.780841,down,down,down,1,1,0.946443,-7.780841,1,0,S1_full_pass,-145.280841,action=theory_adjust_rule,0,0,0,1911.842307,0,0,0,0,0,0,0.002828,0,0.000424
2023-11-22,2023-11-21,-340,-330,9865,8820,2023年11月21日24时起国内成品油价格按机制调整,https://www.ndrc.gov.cn/xwdt/xwfb/202311/t20231121_1362158.html,-335,9342.5,1,down,335,2023-11,83.981,10,-6.301,-6.979243,82.318,10,-6.249,-7.055675,77.467,10,-5.731,-6.888387,80.075,10,-5.8075,-6.762146,81.1182,10,-5.8381,-6.713832,-0.5,-3,49.4,50.2,50.4,4245,2755831.4,649.19,-276.784891,-276.784891,-276.784891,0,-58.215109,-58.215109,down,down,down,1,1,1.210326,58.215109,0,1,S1_full_pass,-276.784891,action=theory_adjust_rule,0,0,0,17293.315166,0,0,0,0,0,0,0.02558,0,0.003837
2023-12-06,2023-12-05,-55,-50,9810,8770,2023年12月5日24时起国内成品油价格按机制调整,https://www.ndrc.gov.cn/xwdt/xwfb/202312/t20231205_1362437.html,-52.5,9290,1,down,52.5,2023-12,83.436,10,-0.545,-0.648956,80.758,10,-1.56,-1.89509,75.828,10,-1.639,-2.11574,78.413,10,-1.662,-2.075554,79.447,10,-1.6712,-2.060204,-0.3,-2.7,49,50.4,50.3,4836,2934162.3,606.73,-77.944544,-77.944544,-77.944544,0,25.444544,25.444544,down,down,down,1,1,0.673556,-25.444544,1,0,S1_full_pass,-77.944544,action=theory_adjust_rule,0,0,0,39537.483595,0,0,0,0,0,0,0.058482,0,0.008772
2023-12-20,2023-12-19,-415,-400,9395,8370,2023年12月19日24时起国内成品油价格按机制调整,https://www.ndrc.gov.cn/xwdt/xwfb/202312/t20231219_1362767.html,-407.5,8882.5,1,down,407.5,2023-12,77.413,10,-6.023,-7.218707,75.853,10,-4.905,-6.073702,70.353,10,-5.475,-7.220288,73.103,10,-5.31,-6.771836,74.203,10,-5.244,-6.600627,-0.3,-2.7,49,50.4,50.3,4836,2934162.3,606.73,-248.435027,-248.435027,-248.435027,0,-159.064973,-159.064973,down,down,down,1,1,1.640268,159.064973,0,1,S1_full_pass,-248.435027,action=theory_adjust_rule,0,0,0,29067.004794,0,0,0,0,0,0,0.042995,0,0.006449
2024-01-04,2024-01-03,200,190,9595,8560,2024年1月3日24时起国内成品油价格按机制调整,https://www.ndrc.gov.cn/xwdt/xwfb/202401/t20240103_1363079.html,195,9077.5,1,up,195,2024-01,80.061,10,2.648,3.420614,79.155,10,3.302,4.353157,73.082,10,2.729,3.87901,75.879,10,2.776,3.797382,77.1894,10,2.9864,4.024635,-0.8,-2.5,49.2,50.7,50.9,4417,2559588.4,579.49,144.311521,144.311521,144.311521,0,50.688479,50.688479,up,up,up,1,1,1.351243,-50.688479,0,1,S1_full_pass,144.311521,action=theory_adjust_rule,20825.815093,0,20825.815093,154249.850966,0,0,0,0.015348,0,0.01279,0.228161,0,0.041259
2024-01-18,2024-01-17,-50,-50,9545,8510,2024年1月17日24时起国内成品油价格按机制调整,https://www.ndrc.gov.cn/xwdt/xwfb/202401/t20240117_1363439.html,-50,9027.5,1,down,50,2024-01,78.739,10,-1.322,-1.651241,78.319,10,-0.836,-1.056156,72.275,10,-0.807,-1.104239,75.121,10,-0.758,-0.998959,76.2594,10,-0.93,-1.204829,-0.8,-2.5,49.2,50.7,50.9,4417,2559588.4,579.49,-42.575213,-42.575213,0,-42.575213,-7.424787,-50,down,no_adjust,down,0,1,,,,,S1_full_pass,0.0,action=theory_adjust_rule,0,0,0,20825.815093,0,0,0,0,0,0,0.030805,0,0.004621
2024-02-01,2024-01-31,200,200,9745,8710,2024年1月31日24时起国内成品油价格按机制上调,https://www.ndrc.gov.cn/xwdt/xwfb/202401/t20240131_1363834.html,200,9227.5,1,up,200,2024-02,81.22,10,2.481,3.150916,82.032,10,3.713,4.740867,75.817,10,3.542,4.900726,78.9245,10,3.8035,5.063165,80.1675,10,3.9081,5.124745,0.7,-2.7,49.1,51.4,50.9,4268,2569275.2,601.99,188.294134,145.718921,145.718921,0,11.705866,54.281079,up,up,up,1,1,1.372505,-54.281079,0,1,S1_full_pass,145.718921,action=theory_adjust_rule,21234.003937,0,24206.764489,21234.003937,0,0,0,0.015649,0,0.014867,0.031409,0,0.01234
2024-02-19,2024-02-19,0,0,9745,8710,2024年2月19日国内成品油价格按机制不作调整,https://www.ndrc.gov.cn/xwdt/xwfb/202402/t20240219_1364095.html,0,9227.5,0,no_adjust,0,2024-02,80.677,10,-0.543,-0.668555,82.975,10,0.943,1.149551,76.606,10,0.789,1.040664,79.7905,10,0.866,1.097251,81.0643,10,0.8968,1.118658,0.7,-2.7,49.1,51.4,50.9,4268,2569275.2,601.99,44.597876,44.597876,0,44.597876,-44.597876,0,up,no_adjust,no_adjust,0,0,,,,,S1_full_pass,0.0,action=theory_adjust_rule,0,0,0,21234.003937,0,0,0,0,0,0,0.031409,0,0.004711
2024-03-05,2024-03-04,125,120,9870,8830,2024年3月4日国内成品油价格按机制调整,https://www.ndrc.gov.cn/xwdt/xwfb/202403/t20240304_1364393.html,122.5,9350,1,up,122.5,2024-03,82.259,10,1.582,1.960906,84.637,10,1.662,2.003013,79.239,10,2.633,3.437068,81.906,10,2.1155,2.651318,82.9728,10,1.9085,2.354304,0.1,-2.8,50.8,53,52.7,4905,2937969.6,588.55,92.875199,137.473076,137.473076,0,29.624801,-14.973076,up,up,up,1,1,0.891084,14.973076,1,0,S1_full_pass,137.473076,action=theory_adjust_rule,18898.846625,0,19276.823557,18898.846625,0,0,0,0.013928,0,0.011839,0.027954,0,0.010635
2024-03-18,2024-03-18,0,0,9870,8830,2024年3月18日国内成品油价格按机制不作调整,https://www.ndrc.gov.cn/xwdt/xwfb/202403/t20240318_1365046.html,0,9350,0,no_adjust,0,2024-03,83.077,10,0.818,0.99442,85.076,10,0.439,0.518686,79.978,10,0.739,0.932622,82.527,10,0.621,0.758186,83.5466,10,0.5738,0.691552,0.1,-2.8,50.8,53,52.7,4905,2937969.6,588.55,29.184636,29.184636,0,29.184636,-29.184636,0,up,no_adjust,no_adjust,0,0,,,,,S1_full_pass,0.0,action=theory_adjust_rule,0,0,0,18898.846625,0,0,0,0,0,0,0.027954,0,0.004193
2024-04-02,2024-04-01,200,190,10070,9020,2024年4月1日国内成品油价格按机制调整,https://www.ndrc.gov.cn/xwdt/xwfb/202404/t20240401_1365388.html,195,9545,1,up,195,2024-04,85.577,10,2.5,3.009256,85.798,10,0.722,0.848653,82.682,10,2.704,3.38093,84.24,10,1.713,2.075684,84.8632,10,1.3166,1.575887,0.3,-2.5,50.4,51.2,51.7,4472,2791949.1,624.32,64.630317,93.814952,93.814952,0,130.369683,101.185048,up,up,up,1,1,2.07856,-101.185048,0,1,S1_full_pass,93.814952,action=theory_adjust_rule,8801.245219,0,9329.319932,8801.245219,0,0,0,0.006486,0,0.00573,0.013018,0,0.005007
2024-04-17,2024-04-16,200,195,10270,9215,国内成品油价格按机制调整,https://www.ndrc.gov.cn/xwdt/xwfb/202404/t20240416_1365703.html,197.5,9742.5,1,up,197.5,2024-04,90.136,10,4.559,5.327366,91.224,10,5.426,6.324157,86.595,10,3.913,4.73259,88.9095,10,4.6695,5.543091,89.8353,10,4.9721,5.858959,0.3,-2.5,50.4,51.2,51.7,4472,2791949.1,624.32,239.067162,239.067162,239.067162,0,-41.567162,-41.567162,up,up,up,1,1,0.826128,41.567162,1,0,S1_full_pass,239.067162,action=theory_adjust_rule,57153.107947,0,60582.294424,21098.20451,0,0,0,0.042121,0,0.037207,0.031208,0,0.024513
2024-04-30,2024-04-29,-70,-70,10200,9145,2024年4月29日国内成品油价格按机制调整,https://www.ndrc.gov.cn/xwdt/xwfb/202404/t20240429_1366287.html,-70,9672.5,1,down,70,2024-04,88.497,10,-1.639,-1.818363,89.063,10,-2.161,-2.368894,84.561,10,-2.034,-2.348865,86.812,10,-2.0975,-2.35914,87.7124,10,-2.1229,-2.363102,0.3,-2.5,50.4,51.2,51.7,4472,2791949.1,624.32,-99.499221,-99.499221,-99.499221,0,29.499221,29.499221,down,down,down,1,1,0.703523,-29.499221,1,0,S1_full_pass,-99.499221,action=theory_adjust_rule,0,0,0,114627.195698,0,0,0,0,0,0,0.169552,0,0.025433
2024-05-16,2024-05-15,-235,-225,9965,8920,2024年5月15日国内成品油价格按机制调整,https://www.ndrc.gov.cn/xwdt/xwfb/202405/t20240515_1386222.html,-230,9442.5,1,down,230,2024-05,84.048,10,-4.449,-5.027289,83.616,10,-5.447,-6.115895,80.258,10,-4.303,-5.088634,82.1065,10,-4.7055,-5.420334,82.7103,10,-5.0021,-5.702842,0.3,-1.4,49.5,51.1,51,4697,2972291.4,632.81,-236.891798,-236.891798,-236.891798,0,6.891798,6.891798,down,down,down,1,1,0.970907,-6.891798,1,0,S1_full_pass,-236.891798,action=theory_adjust_rule,0,0,0,18876.720215,0,0,0,0,0,0,0.027922,0,0.004188
2024-05-29,2024-05-29,0,0,9965,8920,2024年5月29日国内成品油价格按机制不作调整,https://www.ndrc.gov.cn/xwdt/xwfb/202405/t20240529_1386532.html,0,9442.5,0,no_adjust,0,2024-05,83.251,10,-0.797,-0.948268,80.741,10,-2.875,-3.438337,80.041,10,-0.217,-0.270378,80.391,10,-1.7155,-2.08936,80.531,10,-2.1793,-2.634859,0.3,-1.4,49.5,51.1,51,4697,2972291.4,632.81,-102.190574,-102.190574,-102.190574,0,102.190574,102.190574,down,down,no_adjust,1,0,0,-102.190574,1,0,S1_full_pass,-102.190574,action=theory_adjust_rule,0,0,0,18144.419747,0,0,0,0,0,0,0.026839,0,0.004026
2024-06-14,2024-06-13,-190,-180,9775,8740,2024年6月13日国内成品油价格按机制调整,https://www.ndrc.gov.cn/xwdt/xwfb/202406/t20240613_1386864.html,-185,9257.5,1,down,185,2024-06,80.884,10,-2.367,-2.843209,78.402,10,-2.339,-2.896917,77.178,10,-2.863,-3.576917,77.79,10,-2.601,-3.235437,78.0348,10,-2.4962,-3.099676,0.2,-0.8,49.5,50.5,50.5,4645,2823960,607.96,-117.312728,-117.312728,-117.312728,0,-67.687272,-67.687272,down,down,down,1,1,1.576981,67.687272,0,1,S1_full_pass,-117.312728,action=theory_adjust_rule,0,0,0,228.679542,0,0,0,0,0,0,0.000338,0,0.000051
2024-06-28,2024-06-27,210,200,9985,8940,2024年6月27日国内成品油价格按机制调整,https://www.ndrc.gov.cn/xwdt/xwfb/202406/t20240627_1391342.html,205,9462.5,1,up,205,2024-06,84.8,10,3.916,4.841501,84.747,10,6.345,8.092906,81.442,10,4.264,5.524891,82.8385,10,5.0485,6.489909,83.3971,10,5.3623,6.871678,0.2,-0.8,49.5,50.5,50.5,4645,2823960,607.96,257.68712,257.68712,257.68712,0,-52.68712,-52.68712,up,up,up,1,1,0.795538,52.68712,1,0,S1_full_pass,257.68712,action=theory_adjust_rule,66402.651814,0,69058.757886,140624.886,0,0,0,0.048938,0,0.042413,0.208007,0,0.054039
2024-07-12,2024-07-11,110,105,10095,9045,2024年7月11日国内成品油价格按机制调整,https://www.ndrc.gov.cn/xwdt/xwfb/202407/t20240711_1391617.html,107.5,9570,1,up,107.5,2024-07,86.717,10,1.917,2.260613,87.454,10,2.707,3.194213,83.628,10,2.186,2.684119,85.412,10,2.5735,3.106647,86.1256,10,2.7285,3.271696,0.5,-0.8,49.4,50.2,50.2,4234,2578459.6,608.99,132.004789,132.004789,132.004789,0,-24.504789,-24.504789,up,up,up,1,1,0.814364,24.504789,1,0,S1_full_pass,132.004789,action=theory_adjust_rule,17425.264319,0,19167.790751,15796.048326,0,0,0,0.012842,0,0.011772,0.023365,0,0.009658
2024-07-26,2024-07-25,-145,-140,9950,8905,2024年7月25日国内成品油价格按机制调整,https://www.ndrc.gov.cn/xwdt/xwfb/202407/t20240725_1391947.html,-142.5,9427.5,1,down,142.5,2024-07,84.334,10,-2.383,-2.748019,85.272,10,-2.182,-2.495026,82.058,10,-1.57,-1.877362,83.665,10,-1.747,-2.04538,84.3078,10,-1.8178,-2.110638,0.5,-0.8,49.4,50.2,50.2,4234,2578459.6,608.99,-84.940151,-84.940151,-84.940151,0,-57.559849,-57.559849,down,down,down,1,1,1.677652,57.559849,0,1,S1_full_pass,-84.940151,action=theory_adjust_rule,0,0,0,47065.106992,0,0,0,0,0,0,0.069617,0,0.010443
2024-08-09,2024-08-08,-305,-290,9645,8615,2024年8月8日国内成品油价格按机制调整,https://www.ndrc.gov.cn/xwdt/xwfb/202408/t20240808_1392318.html,-297.5,9130,1,down,297.5,2024-08,79.12,10,-5.214,-6.18256,79.763,10,-5.509,-6.460503,76.928,10,-5.13,-6.251676,78.3455,10,-5.3195,-6.358095,78.9125,10,-5.3953,-6.399526,0.6,-1.8,49.1,50.3,50.1,4910,2936268.9,598.02,-255.654913,-255.654913,-255.654913,0,-41.845087,-41.845087,down,down,down,1,1,1.163678,41.845087,0,1,S1_full_pass,-255.654913,action=theory_adjust_rule,0,0,0,29143.529965,0,0,0,0,0,0,0.043108,0,0.006466
2024-08-22,2024-08-22,0,0,9645,8615,2024年8月22日国内成品油价格按机制不作调整,https://www.ndrc.gov.cn/xwdt/xwfb/202408/t20240822_1392530.html,0,9130,0,no_adjust,0,2024-08,78.904,10,-0.216,-0.273003,81.291,10,1.528,1.915675,77.721,10,0.793,1.030834,79.506,10,1.1605,1.481259,80.22,10,1.3075,1.656898,0.6,-1.8,49.1,50.3,50.1,4910,2936268.9,598.02,64.196074,64.196074,64.196074,0,-64.196074,-64.196074,up,up,no_adjust,1,0,0,64.196074,1,0,S1_full_pass,64.196074,action=theory_adjust_rule,4121.135917,0,4615.672227,102304.653885,0,0,0,0.003037,0,0.002835,0.151325,0,0.024167
2024-09-06,2024-09-05,-100,-100,9545,8515,2024年9月5日国内成品油价格按机制调整,https://www.ndrc.gov.cn/xwdt/xwfb/202409/t20240905_1392834.html,-100,9030,1,down,100,2024-09,77.58,10,-1.324,-1.677988,79.016,10,-2.275,-2.798588,74.55,10,-3.171,-4.079978,76.678,10,-2.828,-3.556964,77.6544,10,-2.5656,-3.198205,0.4,-2.8,49.8,50,50.4,4549,2573473.2,565.72,-120.624428,-120.624428,-120.624428,0,20.624428,20.624428,down,down,down,1,1,0.829019,-20.624428,1,0,S1_full_pass,-120.624428,action=theory_adjust_rule,0,0,0,34158.61796,0,0,0,0,0,0,0.050526,0,0.007579
2024-09-21,2024-09-20,-365,-350,9180,8165,2024年9月20日国内成品油价格按机制调整,https://www.ndrc.gov.cn/xwdt/xwfb/202409/t20240920_1393111.html,-357.5,8672.5,1,down,357.5,2024-09,72.829,10,-4.751,-6.124001,73.229,10,-5.787,-7.323833,70.068,10,-4.482,-6.012072,71.6485,10,-5.0295,-6.559248,72.2807,10,-5.3737,-6.92002,0.4,-2.8,49.8,50,50.4,4549,2573473.2,565.72,-254.624182,-254.624182,-254.624182,0,-102.875818,-102.875818,down,down,down,1,1,1.40403,102.875818,0,1,S1_full_pass,-254.624182,action=theory_adjust_rule,0,0,0,17955.934072,0,0,0,0,0,0,0.02656,0,0.003984
2024-10-11,2024-10-10,140,135,9320,8300,2024年10月10日国内成品油价格按机制调整,https://www.ndrc.gov.cn/xwdt/xwfb/202410/t20241010_1393553.html,137.5,8810,1,up,137.5,2024-10,74.879,10,2.05,2.814813,76.108,10,2.879,3.931503,72.203,10,2.135,3.04704,74.1555,10,2.507,3.499026,74.9365,10,2.6558,3.674286,0.3,-2.9,50.1,50.2,50.8,4470,2430092.9,543.64,128.535616,128.535616,128.535616,0,8.964384,8.964384,up,up,up,1,1,1.069742,-8.964384,0,1,S1_full_pass,128.535616,action=theory_adjust_rule,16521.40458,0,17512.688855,146811.430803,0,0,0,0.012176,0,0.010755,0.217158,0,0.038307
2024-10-24,2024-10-23,90,85,9410,8385,2024年10月23日国内成品油价格按机制调整,https://www.ndrc.gov.cn/xwdt/xwfb/202410/t20241023_1393865.html,87.5,8897.5,1,up,87.5,2024-10,74.973,10,0.094,0.125536,75.858,10,-0.25,-0.328481,72.791,10,0.588,0.814371,74.3105,10,0.155,0.20902,74.9183,10,-0.0182,-0.024287,0.3,-2.9,50.1,50.2,50.8,4470,2430092.9,543.64,0.934981,0.934981,0,0.934981,86.565019,87.5,up,no_adjust,up,0,1,,,,,S1_full_pass,0.0,action=theory_adjust_rule,0,0,0,16521.40458,0,0,0,0,0,0,0.024438,0,0.003666
2024-11-07,2024-11-06,-145,-140,9265,8245,2024年11月6日国内成品油价格按机制调整,https://www.ndrc.gov.cn/xwdt/xwfb/202411/t20241106_1394298.html,-142.5,8755,1,down,142.5,2024-11,73.042,10,-1.931,-2.575594,73.949,10,-1.909,-2.516544,70.149,10,-2.642,-3.62957,72.049,10,-2.2615,-3.043312,72.809,10,-2.1093,-2.815467,0.2,-2.5,50.3,50,50.8,4852,2627508.2,541.53,-98.850243,-97.915262,-97.915262,0,-43.649757,-44.584738,down,down,down,1,1,1.45534,44.584738,0,1,S1_full_pass,-97.915262,action=theory_adjust_rule,0,0,0,9587.398533,0,0,0,0,0,0,0.014181,0,0.002127
2024-11-20,2024-11-20,0,0,9265,8245,2024年11月20日国内成品油价格不作调整,https://www.ndrc.gov.cn/xwdt/xwfb/202411/t20241120_1394603.html,0,8755,0,no_adjust,0,2024-11,72.541,10,-0.501,-0.685907,73.941,10,-0.008,-0.010818,70.034,10,-0.115,-0.163937,72.227,10,0.178,0.247054,73.1042,10,0.2952,0.405444,0.2,-2.5,50.3,50,50.8,4852,2627508.2,541.53,15.890119,15.890119,0,15.890119,-15.890119,0,up,no_adjust,no_adjust,0,0,,,,,S1_full_pass,0.0,action=theory_adjust_rule,0,0,0,9587.398533,0,0,0,0,0,0,0.014181,0,0.002127
2024-12-04,2024-12-04,0,0,9265,8245,2024年12月4日国内成品油价格按机制不作调整,https://www.ndrc.gov.cn/xwdt/xwfb/202412/t20241204_1394837.html,0,8755,0,no_adjust,0,2024-12,72.901,10,0.36,0.496271,74.395,10,0.454,0.614003,69.532,10,-0.502,-0.716795,71.9835,10,-0.2435,-0.337132,72.9641,10,-0.1401,-0.191644,0.1,-2.3,50.1,52.2,52.2,4923,2678963.5,544.17,-4.881966,11.008153,0,11.008153,4.881966,0,down,no_adjust,no_adjust,0,0,,,,,S1_full_pass,0.0,action=theory_adjust_rule,0,0,0,0,0,0,0,0,0,0,0,0,0
2024-12-18,2024-12-18,0,0,9265,8245,2024年12月18日国内成品油价格按机制不作调整,https://www.ndrc.gov.cn/xwdt/xwfb/202412/t20241218_1395064.html,0,8755,0,no_adjust,0,2024-12,72.809,10,-0.092,-0.126199,73.986,10,-0.409,-0.549768,69.717,10,0.185,0.266065,71.8515,10,-0.132,-0.183375,72.7053,10,-0.2588,-0.354695,0.1,-2.3,50.1,52.2,52.2,4923,2678963.5,544.17,-10.546213,0.46194,0,0.46194,10.546213,0,down,no_adjust,no_adjust,0,0,,,,,S1_full_pass,0.0,action=theory_adjust_rule,0,0,0,0,0,0,0,0,0,0,0,0,0
2025-01-03,2025-01-02,70,70,9335,8315,2025年1月2日国内成品油价格按机制调整,https://www.ndrc.gov.cn/xwdt/xwfb/202501/t20250102_1395423.html,70,8825,1,up,70,2025-01,73.555,10,0.746,1.024599,73.718,10,-0.268,-0.362231,70.712,10,0.995,1.427199,72.2475,10,0.396,0.551137,72.8357,10,0.1304,0.179354,0.5,-2.3,49.1,50.2,50.1,,,,8.026026,8.487966,0,8.487966,61.973974,70,up,no_adjust,up,0,1,,,,,S1_full_pass,0.0,action=theory_adjust_rule,0,0,0,0,0,0,0,0,0,0,0,0,0
2025-01-17,2025-01-16,340,325,9675,8640,2025年1月16日国内成品油价格按机制调整,https://www.ndrc.gov.cn/xwdt/xwfb/202501/t20250116_1395727.html,332.5,9157.5,1,up,332.5,2025-01,77.796,10,4.241,5.765754,79.21,10,5.492,7.450012,75.993,10,5.281,7.468322,77.4085,10,5.161,7.1435,77.9747,10,5.139,7.055606,0.5,-2.3,49.1,50.2,50.1,,,,247.031465,255.51943,255.51943,0,85.468535,76.98057,up,up,up,1,1,1.301271,-76.98057,0,1,S1_full_pass,255.51943,action=theory_adjust_rule,65290.179108,0,71819.197018,65290.179108,0,0,0,0.048118,0,0.044108,0.096575,0,0.037543
2025-02-06,2025-02-06,0,0,9675,8640,2025年2月6日国内成品油价格按机制不作调整,https://www.ndrc.gov.cn/xwdt/xwfb/202502/t20250206_1396007.html,0,9157.5,0,no_adjust,0,2025-02,78.976,10,1.18,1.516787,77.197,10,-2.013,-2.541346,73.449,10,-2.544,-3.347677,75.323,10,-2.0855,-2.694149,76.0726,10,-1.9021,-2.439381,-0.7,-2.2,50.2,50.4,51.1,,,,-88.962864,-88.962864,-88.962864,0,88.962864,88.962864,down,down,no_adjust,1,0,0,-88.962864,1,0,S1_full_pass,-88.962864,action=theory_adjust_rule,0,0,0,118668.05088,0,0,0,0,0,0,0.17553,0,0.026329
2025-02-20,2025-02-19,-170,-160,9505,8480,2025年2月19日国内成品油价格按机制调整,https://www.ndrc.gov.cn/xwdt/xwfb/202502/t20250219_1396225.html,-165,8992.5,1,down,165,2025-02,77.06,10,-1.916,-2.426053,75.626,10,-1.571,-2.035053,71.976,10,-1.473,-2.005473,73.8395,10,-1.4835,-1.969518,74.5849,10,-1.4877,-1.955632,-0.7,-2.2,50.2,50.4,51.1,,,,-69.188106,-69.188106,-69.188106,0,-95.811894,-95.811894,down,down,down,1,1,2.384803,95.811894,0,1,S1_full_pass,-69.188106,action=theory_adjust_rule,0,0,0,391.041054,0,0,0,0,0,0,0.000578,0,0.000087
2025-03-06,2025-03-05,-135,-130,9370,8350,2025年3月5日国内成品油价格按机制调整,https://www.ndrc.gov.cn/xwdt/xwfb/202503/t20250305_1396430.html,-132.5,8860,1,down,132.5,2025-03,75.801,10,-1.259,-1.633792,74.459,10,-1.167,-1.54312,70.295,10,-1.681,-2.335501,72.377,10,-1.4625,-1.980647,73.2098,10,-1.3751,-1.843671,-0.1,-2.5,50.5,50.8,51.4,,,,-63.814945,-63.814945,-63.814945,0,-68.685055,-68.685055,down,down,down,1,1,2.076316,68.685055,0,1,S1_full_pass,-63.814945,action=theory_adjust_rule,0,0,0,28.870859,0,0,0,0,0,0,0.000043,0,0.000006
2025-03-20,2025-03-19,-280,-270,9090,8080,2025年3月19日国内成品油价格按机制调整,https://www.ndrc.gov.cn/xwdt/xwfb/202503/t20250319_1396715.html,-275,8585,1,down,275,2025-03,72.828,10,-2.973,-3.922112,71.606,10,-2.853,-3.831639,67.055,10,-3.24,-4.609147,69.3305,10,-3.0465,-4.20921,70.2407,10,-2.9691,-4.055605,-0.1,-2.5,50.5,50.8,51.4,,,,-139.879049,-139.879049,-139.879049,0,-135.120951,-135.120951,down,down,down,1,1,1.965984,135.120951,0,1,S1_full_pass,-139.879049,action=theory_adjust_rule,0,0,0,5785.747917,0,0,0,0,0,0,0.008558,0,0.001284
2025-04-03,2025-04-02,230,220,9320,8300,2025年4月2日国内成品油价格按机制调整,https://www.ndrc.gov.cn/xwdt/xwfb/202504/t20250402_1396996.html,225,8810,1,up,225,2025-04,75.578,10,2.75,3.77602,74.395,10,2.789,3.894925,69.698,10,2.643,3.941541,72.0465,10,2.716,3.917468,72.9859,10,2.7452,3.908275,-0.1,-2.7,49,50.4,50.2,,,,132.801696,132.801696,132.801696,0,92.198304,92.198304,up,up,up,1,1,1.694255,-92.198304,0,1,S1_full_pass,132.801696,action=theory_adjust_rule,17636.29046,0,17636.29046,74354.788694,0,0,0,0.012998,0,0.010831,0.109983,0,0.022455
2025-04-18,2025-04-17,-480,-465,8840,7835,2025年4月17日国内成品油价格按机制调整,https://www.ndrc.gov.cn/xwdt/xwfb/202504/t20250417_1397240.html,-472.5,8337.5,1,down,472.5,2025-04,67.84,10,-7.738,-10.238429,67.309,10,-7.086,-9.524834,62.266,10,-7.432,-10.663147,64.7875,10,-7.259,-10.075437,65.7961,10,-7.1898,-9.850944,-0.1,-2.7,49,50.4,50.2,,,,-341.286678,-341.286678,-341.286678,0,-131.213322,-131.213322,down,down,down,1,1,1.384467,131.213322,0,1,S1_full_pass,-341.286678,action=theory_adjust_rule,0,0,0,224759.786362,0,0,0,0,0,0,0.332457,0,0.049868
2025-04-30,2025-04-30,0,0,8840,7835,2025年4月30日国内成品油价格按机制不作调整,https://www.ndrc.gov.cn/xwdt/xwfb/202504/t20250430_1397516.html,0,8337.5,0,no_adjust,0,2025-04,68.731,10,0.891,1.313384,67.288,10,-0.021,-0.031199,63.295,10,1.029,1.652587,65.217,10,0.4295,0.662937,66.0454,10,0.2493,0.378898,-0.1,-2.7,49,50.4,50.2,,,,13.699816,13.699816,0,13.699816,-13.699816,0,up,no_adjust,no_adjust,0,0,,,,,S1_full_pass,0.0,action=theory_adjust_rule,0,0,0,116476.59658,0,0,0,0,0,0,0.172288,0,0.025843
2025-05-20,2025-05-19,-230,-220,8610,7615,2025年5月19日国内成品油价格按机制调整,https://www.ndrc.gov.cn/xwdt/xwfb/202505/t20250519_1397793.html,-225,8112.5,1,down,225,2025-05,63.389,10,-5.342,-7.77233,63.841,10,-3.447,-5.122756,62.167,10,-1.128,-1.782131,63.0625,10,-2.1545,-3.303586,63.3739,10,-2.6715,-4.044945,-0.1,-3.3,49.5,50.3,50.4,,,,-125.677871,-111.978054,-111.978054,0,-99.322129,-113.021946,down,down,down,1,1,2.009322,113.021946,0,1,S1_full_pass,-111.978054,action=theory_adjust_rule,0,0,0,12539.084578,0,0,0,0,0,0,0.018547,0,0.002782
2025-06-04,2025-06-03,65,60,8675,7675,2025年6月3日国内成品油价格按机制调整,https://www.ndrc.gov.cn/xwdt/xwfb/202506/t20250603_1398198.html,62.5,8175,1,up,62.5,2025-06,64.199,10,0.81,1.277824,65.483,10,1.642,2.572015,62.686,10,0.519,0.834848,64.0845,10,1.022,1.620614,64.6439,10,1.27,2.00398,0.1,-3.6,49.7,50.5,50.7,,,,62.406611,62.406611,62.406611,0,0.093389,0.093389,up,up,up,1,1,1.001496,-0.093389,0,1,S1_full_pass,62.406611,action=theory_adjust_rule,3894.585097,0,3972.476798,30410.011387,0,0,0,0.00287,0,0.00244,0.044981,0,0.008075
2025-06-18,2025-06-17,260,255,8935,7930,2025年6月17日国内成品油价格按机制调整,https://www.ndrc.gov.cn/xwdt/xwfb/202506/t20250617_1398486.html,257.5,8432.5,1,up,257.5,2025-06,67.733,10,3.534,5.504759,69.965,10,4.482,6.844525,67.269,10,4.583,7.311042,68.617,10,4.5325,7.072693,69.1562,10,4.5123,6.980241,0.1,-3.6,49.7,50.5,50.7,,,,217.12596,217.12596,217.12596,0,40.37404,40.37404,up,up,up,1,1,1.185948,-40.37404,0,1,S1_full_pass,217.12596,action=theory_adjust_rule,47143.682506,0,48086.556156,23938.076955,0,0,0,0.034744,0,0.029532,0.035408,0,0.02138
2025-07-02,2025-07-01,235,225,9170,8155,2025年7月1日国内成品油价格按机制调整,https://www.ndrc.gov.cn/xwdt/xwfb/202507/t20250701_1398919.html,230,8662.5,1,up,230,2025-07,72.26,10,4.527,6.683596,73.414,10,3.449,4.929608,69.995,10,2.726,4.052387,71.4385,10,2.8215,4.111955,72.0159,10,2.8597,4.135132,0,-3.6,49.3,50.1,50.2,,,,138.265523,138.265523,138.265523,0,91.734477,91.734477,up,up,up,1,1,1.663466,-91.734477,0,1,S1_full_pass,138.265523,action=theory_adjust_rule,19117.35485,0,19117.35485,6218.968524,0,0,0,0.014089,0,0.011741,0.009199,0,0.007837
2025-07-16,2025-07-15,-130,-125,9040,8030,2025年7月15日国内成品油价格按机制调整,https://www.ndrc.gov.cn/xwdt/xwfb/202507/t20250715_1399195.html,-127.5,8535,1,down,127.5,2025-07,70.362,10,-1.898,-2.626626,70.971,10,-2.443,-3.327703,68.365,10,-1.63,-2.328738,69.524,10,-1.9145,-2.679927,69.9876,10,-2.0283,-2.816461,0,-3.6,49.3,50.1,50.2,,,,-94.985003,-94.985003,-94.985003,0,-32.514997,-32.514997,down,down,down,1,1,1.342317,32.514997,0,1,S1_full_pass,-94.985003,action=theory_adjust_rule,0,0,0,54405.807879,0,0,0,0,0,0,0.080475,0,0.012071
2025-07-29,2025-07-29,0,0,9040,8030,2025年7月29日国内成品油价格按机制不作调整,https://www.ndrc.gov.cn/xwdt/xwfb/202507/t20250729_1399467.html,0,8535,0,no_adjust,0,2025-07,70.588,10,0.226,0.321196,70.362,10,-0.609,-0.858097,67.553,10,-0.812,-1.187742,68.9575,10,-0.5665,-0.814827,69.5193,10,-0.4683,-0.669119,0,-3.6,49.3,50.1,50.2,,,,-20.543346,-20.543346,0,-20.543346,20.543346,0,down,no_adjust,no_adjust,0,0,,,,,S1_full_pass,0.0,action=theory_adjust_rule,0,0,0,9022.150795,0,0,0,0,0,0,0.013345,0,0.002002
2025-08-12,2025-08-12,0,0,9040,8030,2025年8月12日国内成品油价格按机制不作调整,https://www.ndrc.gov.cn/xwdt/xwfb/202508/t20250812_1399754.html,0,8535,0,no_adjust,0,2025-08,71.74,10,1.152,1.632005,69.936,10,-0.426,-0.60544,67.389,10,-0.164,-0.242772,68.6625,10,-0.295,-0.4278,69.1719,10,-0.3474,-0.499717,-0.4,-2.9,49.4,50.3,50.5,,,,-14.774117,-35.317463,0,-35.317463,14.774117,0,down,no_adjust,no_adjust,0,0,,,,,S1_full_pass,0.0,action=theory_adjust_rule,0,0,0,0,0,0,0,0,0,0,0,0,0
2025-08-27,2025-08-26,-180,-175,8860,7855,2025年8月26日国内成品油价格按机制调整,https://www.ndrc.gov.cn/xwdt/xwfb/202508/t20250826_1400056.html,-177.5,8357.5,1,down,177.5,2025-08,69.136,10,-2.604,-3.629774,67.494,10,-2.442,-3.491764,64.257,10,-3.132,-4.647643,65.868,10,-2.7945,-4.069907,66.5184,10,-2.6535,-3.836095,-0.4,-2.9,49.4,50.3,50.5,,,,-124.818929,-160.136392,-160.136392,0,-52.681071,-17.363608,down,down,down,1,1,1.10843,17.363608,0,1,S1_full_pass,-160.136392,action=theory_adjust_rule,0,0,0,25643.664043,0,0,0,0,0,0,0.037931,0,0.00569
2025-09-09,2025-09-09,0,0,8860,7855,2025年9月9日国内成品油价格按机制不作调整,https://www.ndrc.gov.cn/xwdt/xwfb/202509/t20250909_1400343.html,0,8357.5,0,no_adjust,0,2025-09,70.442,10,1.306,1.88903,67.079,10,-0.415,-0.614869,64.153,10,-0.104,-0.16185,65.621,10,-0.247,-0.374992,66.2522,10,-0.2662,-0.40019,-0.3,-2.3,49.8,50,50.6,,,,-10.899334,-10.899334,0,-10.899334,10.899334,0,down,no_adjust,no_adjust,0,0,,,,,S1_full_pass,0.0,action=theory_adjust_rule,0,0,0,25643.664043,0,0,0,0,0,0,0.037931,0,0.00569
2025-09-23,2025-09-23,0,0,8860,7855,2025年9月23日国内成品油价格按机制不作调整,https://www.ndrc.gov.cn/xwdt/xwfb/202509/t20250923_1400624.html,0,8357.5,0,no_adjust,0,2025-09,70.572,10,0.13,0.184549,67.922,10,0.843,1.256727,63.559,10,-0.594,-0.925911,65.7405,10,0.1195,0.182106,66.6131,10,0.3609,0.544737,-0.3,-2.3,49.8,50,50.6,,,,19.025258,8.125924,0,8.125924,-19.025258,0,up,no_adjust,no_adjust,0,0,,,,,S1_full_pass,0.0,action=theory_adjust_rule,0,0,0,0,0,0,0,0,0,0,0,0,0
2025-10-14,2025-10-13,-75,-70,8785,7785,2025年10月13日国内成品油价格按机制调整,https://www.ndrc.gov.cn/xwdt/xwfb/202510/t20251013_1400937.html,-72.5,8285,1,down,72.5,2025-10,67.17,10,-3.402,-4.820609,66.901,10,-1.021,-1.503195,62.345,10,-1.214,-1.910036,64.623,10,-1.1175,-1.699865,65.5342,10,-1.0789,-1.619651,0.2,-2.1,49,50.1,50,,,,-49.680574,-41.55465,0,-41.55465,-22.819426,-72.5,down,no_adjust,down,0,1,,,,,S1_full_pass,0.0,action=theory_adjust_rule,0,0,0,0,0,0,0,0,0,0,0,0,0
2025-10-28,2025-10-27,-265,-255,8520,7530,2025年10月27日国内成品油价格按机制调整,https://www.ndrc.gov.cn/xwdt/xwfb/202510/t20251027_1401193.html,-260,8025,1,down,260,2025-10,63.901,10,-3.269,-4.866756,62.79,10,-4.111,-6.144901,59.595,10,-2.75,-4.410939,61.2055,10,-3.4175,-5.288365,61.8497,10,-3.6845,-5.622255,0.2,-2.1,49,50.1,50,,,,-174.017229,-215.571879,-215.571879,0,-85.982771,-44.428121,down,down,down,1,1,1.206094,44.428121,0,1,S1_full_pass,-215.571879,action=theory_adjust_rule,0,0,0,46471.235016,0,0,0,0,0,0,0.068739,0,0.010311
2025-11-11,2025-11-10,125,120,8645,7650,2025年11月10日国内成品油价格按机制调整,https://www.ndrc.gov.cn/xwdt/xwfb/202511/t20251110_1401464.html,122.5,8147.5,1,up,122.5,2025-11,65.935,10,2.034,3.183049,64.661,10,1.871,2.979774,61.182,10,1.587,2.662975,62.9215,10,1.716,2.80367,63.6173,10,1.7676,2.857896,0.7,-2.2,49.2,49.5,49.7,,,,86.151591,86.151591,86.151591,0,36.348409,36.348409,up,up,up,1,1,1.421912,-36.348409,0,1,S1_full_pass,86.151591,action=theory_adjust_rule,7422.096632,0,8461.19016,91037.052349,0,0,0,0.00547,0,0.005196,0.134659,0,0.022865
2025-11-25,2025-11-24,-70,-65,8575,7585,2025年11月24日国内成品油价格按机制调整,https://www.ndrc.gov.cn/xwdt/xwfb/202511/t20251124_1401864.html,-67.5,8080,1,down,67.5,2025-11,64.545,10,-1.39,-2.108137,63.256,10,-1.405,-2.172871,60.256,10,-0.926,-1.513517,61.749,10,-1.1725,-1.863433,62.3462,10,-1.2711,-1.998041,0.7,-2.2,49.2,49.5,49.7,,,,-58.852168,-58.852168,-58.852168,0,-8.647832,-8.647832,down,down,down,1,1,1.146942,8.647832,0,1,S1_full_pass,-58.852168,action=theory_adjust_rule,0,0,0,21026.090124,0,0,0,0,0,0,0.031101,0,0.004665
2025-12-09,2025-12-08,-55,-55,8520,7530,2025年12月8日国内成品油价格按机制调整,https://www.ndrc.gov.cn/xwdt/xwfb/202512/t20251208_1402287.html,-55,8025,1,down,55,2025-12,63.552,10,-0.993,-1.538462,64.179,10,0.923,1.45915,59.103,10,-1.153,-1.913502,61.571,10,-0.178,-0.288264,62.5582,10,0.212,0.340037,0.8,-1.9,50.1,50.2,50.7,,,,11.919897,11.919897,0,11.919897,-66.919897,-55,up,no_adjust,down,0,1,,,,,S1_full_pass,0.0,action=theory_adjust_rule,0,0,0,3463.577678,0,0,0,0,0,0,0.005123,0,0.000768
2025-12-23,2025-12-22,-170,-165,8350,7365,2025年12月22日国内成品油价格按机制调整,https://www.ndrc.gov.cn/xwdt/xwfb/202512/t20251222_1402523.html,-167.5,7857.5,1,down,167.5,2025-12,61.018,10,-2.534,-3.987286,61.715,10,-2.464,-3.839262,57.298,10,-1.805,-3.05399,59.5065,10,-2.0645,-3.35304,60.3899,10,-2.1683,-3.466052,0.8,-1.9,50.1,50.2,50.7,,,,-101.665665,-89.745767,-89.745767,0,-65.834335,-77.754233,down,down,down,1,1,1.866383,77.754233,0,1,S1_full_pass,-89.745767,action=theory_adjust_rule,0,0,0,8054.302694,0,0,0,0,0,0,0.011914,0,0.001787
2026-01-06,2026-01-06,0,0,8350,7365,2026年1月6日国内成品油价格按机制不作调整,https://www.ndrc.gov.cn/xwdt/xwfb/202601/t20260106_1403050.html,0,7857.5,0,no_adjust,0,2026-01,60.838,10,-0.18,-0.294995,62.339,10,0.624,1.011099,57.71,10,0.412,0.719048,60.0055,10,0.499,0.838564,60.9389,10,0.549,0.909092,0.2,-1.4,49.3,49.4,49.8,,,,28.001204,28.001204,0,28.001204,-28.001204,0,up,no_adjust,no_adjust,0,0,,,,,S1_full_pass,0.0,action=theory_adjust_rule,0,0,0,8054.302694,0,0,0,0,0,0,0.011914,0,0.001787
2026-01-21,2026-01-20,85,85,8435,7450,2026年1月20日国内成品油价格按机制调整,https://www.ndrc.gov.cn/xwdt/xwfb/202601/t20260120_1403319.html,85,7942.5,1,up,85,2026-01,61.303,10,0.465,0.764325,65.352,10,3.013,4.83325,58.839,10,1.129,1.956333,61.9,10,1.8945,3.157211,63.1244,10,2.1855,3.586379,0.2,-1.4,49.3,49.4,49.8,,,,106.093366,134.09457,134.09457,0,-21.093366,-49.09457,up,up,up,1,1,0.633881,49.09457,1,0,S1_full_pass,134.09457,action=theory_adjust_rule,17981.353703,0,18700.607852,17981.353703,0,0,0,0.013252,0,0.011485,0.026597,0,0.010174
2026-02-04,2026-02-03,205,195,8640,7645,2026年2月3日国内成品油价格按机制调整,https://www.ndrc.gov.cn/xwdt/xwfb/202602/t20260203_1403566.html,200,8142.5,1,up,200,2026-02,64.204,10,2.901,4.732232,68.787,10,3.435,5.256151,61.674,10,2.835,4.818233,65.2305,10,3.3305,5.380452,66.6531,10,3.5287,5.590073,1.3,-0.9,49,49.5,49.5,,,,170.189541,170.189541,170.189541,0,29.810459,29.810459,up,up,up,1,1,1.17516,-29.810459,0,1,S1_full_pass,170.189541,action=theory_adjust_rule,28964.479866,0,36495.244631,1302.846931,0,0,0,0.021346,0,0.022414,0.001927,0,0.011229
2026-02-25,2026-02-24,175,170,8815,7815,2026年2月24日国内成品油价格按机制调整,https://www.ndrc.gov.cn/xwdt/xwfb/202602/t20260224_1403852.html,172.5,8315,1,up,172.5,2026-02,68.106,10,3.902,6.077503,71.247,10,2.46,3.576257,64.723,10,3.049,4.943736,68.004,10,2.7735,4.251845,69.3164,10,2.6633,3.995763,1.3,-0.9,49,49.5,49.5,,,,128.893509,128.893509,128.893509,0,43.606491,43.606491,up,up,up,1,1,1.338314,-43.606491,0,1,S1_full_pass,128.893509,action=theory_adjust_rule,16613.536662,0,20933.056195,1705.362259,0,0,0,0.012244,0,0.012856,0.002523,0,0.006653
2026-03-10,2026-03-09,695,670,9510,8485,2026年3月9日国内成品油价格按机制调整,https://www.ndrc.gov.cn/xwdt/xwfb/202603/t20260309_1404075.html,682.5,8997.5,1,up,682.5,2026-03,77.672,10,9.566,14.045752,78.319,10,7.072,9.926032,72.118,10,7.395,11.425614,75.2185,10,7.2145,10.608935,76.4587,10,7.1423,10.303911,1,0.5,50.4,50.1,50.5,,,,342.626959,342.626959,342.626959,0,339.873041,339.873041,up,up,up,1,1,1.991962,-339.873041,0,1,S1_full_pass,342.626959,action=theory_adjust_rule,117393.233034,0,140871.87964,45681.987649,0,0,0,0.086517,0,0.086517,0.067571,0,0.053394
2026-03-24,2026-03-23,1160,1115,10670,9600,2026年3月23日国内成品油价格调整,https://www.ndrc.gov.cn/xwdt/xwfb/202603/t20260323_1404295.html,1137.5,10135,1,up,1137.5,2026-03,125.659,10,47.987,61.781594,103.777,10,25.458,32.505522,93.959,10,21.841,30.285088,98.868,10,23.6495,31.441068,100.8316,10,24.3729,31.87721,1,0.5,50.4,50.1,50.5,,,,1164.85415,1164.85415,1164.85415,0,-27.35415,-27.35415,up,up,up,1,1,0.976517,27.35415,1,0,S1_full_pass,1164.85415,action=theory_adjust_rule,1356885.190772,0,1628262.228927,676057.55362,0,0,0,1,0,1,1,0,0.65
2026-04-08,2026-04-07,420,400,11090,10000,2026年4月7日国家继续实施调控，成品油价格适当调整,https://www.ndrc.gov.cn/xwdt/xwfb/202604/t20260407_1404528.html,410,10545,1,up,410,2026-04,123.192,10,-2.467,-1.96325,117.037,10,13.26,12.777398,100.815,10,6.856,7.2968,108.161,10,9.293,9.399401,111.7114,10,10.8798,10.79007,1.2,2.8,50.3,49.4,50.1,,,,520.976763,520.976763,520.976763,0,-110.976763,-110.976763,up,up,up,1,1,0.786983,110.976763,1,0,S1_full_pass,520.976763,action=theory_adjust_rule,271416.787586,0,336556.816607,414578.08949,0,0,0,0.200029,0,0.206697,0.613229,0,0.193666
2026-04-22,2026-04-21,-555,-530,10535,9470,2026年4月21日国内成品油价格下调,https://www.ndrc.gov.cn/xwdt/xwfb/202604/t20260421_1404789.html,-542.5,10002.5,1,down,542.5,2026-04,107.016,10,-16.176,-13.130723,117.398,10,0.361,0.308449,96.897,10,-3.918,-3.886326,107.1475,10,-1.0135,-0.937029,111.2477,10,-0.4637,-0.415087,1.2,2.8,50.3,49.4,50.1,,,,-20.323838,-20.323838,0,-20.323838,-522.176162,-542.5,down,no_adjust,down,0,1,,,,,S1_full_pass,0.0,action=theory_adjust_rule,0,0,0,271416.787586,0,0,0,0,0,0,0.40147,0,0.06022
2026-05-09,2026-05-08,320,310,10855,9780,2026年5月8日国内成品油价格调整,https://www.ndrc.gov.cn/xwdt/xwfb/202605/t20260508_1405100.html,315,10317.5,1,up,315,2026-05,112.562,10,5.546,5.182403,114.626,10,-2.772,-2.361199,102.368,10,5.471,5.646202,107.562,10,0.4145,0.38685,110.3876,10,-0.8601,-0.77314,,,,,,,,,-39.239654,-59.563493,-59.563493,0,354.239654,374.563493,down,down,up,1,1,-5.288474,-374.563493,0,1,S1_full_pass,-59.563493,action=theory_adjust_rule,0,0,0,3547.809698,0,0,0,0,0,0,0.005248,0,0.000787
2016-01-14,2016-01-13,-140,-135,6925,5970,完善成品油价格机制 同步下调成品油价格,https://www.ndrc.gov.cn/xwdt/ztzl/gncpyjg/201601/t20160113_1292913.html,-137.5,6447.5,1,down,137.5,2016-01,29.61,10,-9.253,-23.809279,33.936,10,-9.007,-20.974315,34.668,10,-5.88,-14.501332,34.302,10,-7.28,-17.507575,34.1556,10,-7.84,-18.668622,1.8,-5.3,49.4,53.5,,2669,752620.9,281.99,-372.313579,-372.313579,-372.313579,0,234.813579,234.813579,down,down,down,1,1,0.369312,-234.813579,1,0,S2_fixed_70,-260.6195053,lambda=0.7; threshold=50,0,12475.5661,0,0,-111.694074,-111.694074,12475.5661,0,0.102159,0,0,0.005002,0.021182
2016-01-27,2016-01-27,0,0,6925,5970,1月27日国内成品油价格不作调整,https://www.ndrc.gov.cn/xwdt/ztzl/gncpyjg/201601/t20160127_1292914.html,0,6447.5,0,no_adjust,0,2016-01,24.442,10,-5.168,-17.453563,28.576,10,-5.36,-15.794437,29.813,10,-4.855,-14.004269,29.2835,10,-5.0185,-14.630342,29.0717,10,-5.0839,-14.884528,1.8,-5.3,49.4,53.5,,2669,752620.9,281.99,-240.795213,-240.795213,-240.795213,0,240.795213,240.795213,down,down,no_adjust,1,0,0,-240.795213,1,0,S2_fixed_70,-168.5566491,lambda=0.7; threshold=50,0,5218.410114,0,8475.569492,-72.238564,-183.932638,33831.215174,0,0.042732,0,0.025585,0.013566,0.014419
2016-02-15,2016-02-15,0,0,6925,5970,2月15日国内成品油价格不作调整,https://www.ndrc.gov.cn/xwdt/ztzl/gncpyjg/201602/t20160215_1292915.html,0,6447.5,0,no_adjust,0,2016-02,28.122,10,3.68,15.056051,31.297,10,2.721,9.521976,29.702,10,-0.111,-0.372321,30.4995,10,1.216,4.152509,30.8185,10,1.7468,6.008593,2.3,-4.9,49,52.7,,3180,737326.3,231.86,85.159035,85.159035,85.159035,0,-85.159035,-85.159035,up,up,no_adjust,1,0,0,85.159035,1,0,S2_fixed_70,59.611324499999995,lambda=0.7; threshold=50,3553.510009,652.685512,5188.124613,52060.624177,25.547711,-158.384927,25085.785132,0.005345,0.005345,0.006503,0.157156,0.010059,0.029113
2016-02-29,2016-02-29,0,0,6925,5970,2月29日国内成品油价格不作调整,https://www.ndrc.gov.cn/xwdt/ztzl/gncpyjg/201602/t20160229_1292916.html,0,6447.5,0,no_adjust,0,2016-02,29.175,10,1.053,3.744399,32.654,10,1.357,4.335879,30.602,10,0.9,3.030099,31.628,10,1.1285,3.700061,32.0384,10,1.2199,3.958337,2.3,-4.9,49,52.7,,3180,737326.3,231.86,60.015889,60.015889,60.015889,0,-60.015889,-60.015889,up,up,no_adjust,1,0,0,60.015889,1,0,S2_fixed_70,0.0,lambda=0.7; threshold=50,0,3601.906932,0,3553.510009,60.015889,-98.369038,9676.467657,0,0.029495,0,0.010727,0.00388,0.00809
2016-03-14,2016-03-14,0,0,6925,5970,3月14日国内成品油价格不作调整,https://www.ndrc.gov.cn/xwdt/ztzl/gncpyjg/201603/t20160314_1292917.html,0,6447.5,0,no_adjust,0,2016-03,33.3,10,4.125,14.138817,37.787,10,5.133,15.719361,36.064,10,5.462,17.848507,36.9255,10,5.2975,16.749399,37.2701,10,5.2317,16.329467,2.3,-4.3,50.2,53.8,,3261,771184.3,236.49,251.455017,251.455017,251.455017,0,-251.455017,-251.455017,up,up,no_adjust,1,0,0,251.455017,1,0,S2_fixed_70,176.0185119,lambda=0.7; threshold=50,30982.516531,5690.666302,45234.474136,30982.516531,75.436505,-22.932533,525.90107,0.046599,0.046599,0.056696,0.093527,0.000211,0.049204
2016-03-28,2016-03-28,0,0,6925,5970,3月28日国内成品油价格不作调整,https://www.ndrc.gov.cn/xwdt/ztzl/gncpyjg/201603/t20160328_1292918.html,0,6447.5,0,no_adjust,0,2016-03,35.493,10,2.193,6.585586,38.951,10,1.164,3.080424,38.788,10,2.724,7.553239,38.8695,10,1.944,5.264655,38.9021,10,1.632,4.378845,2.3,-4.3,50.2,53.8,,3261,771184.3,236.49,79.680893,79.680893,79.680893,0,-79.680893,-79.680893,up,up,no_adjust,1,0,0,79.680893,1,0,S2_fixed_70,55.7766251,lambda=0.7; threshold=50,3111.031908,571.414024,4542.106585,14458.111341,23.904268,0.971735,0.944269,0.004679,0.004679,0.005693,0.043645,0,0.010076
2016-04-12,2016-04-12,0,0,6925,5970,4月12日国内成品油价格不作调整,https://www.ndrc.gov.cn/xwdt/ztzl/gncpyjg/201604/t20160412_1292919.html,0,6447.5,0,no_adjust,0,2016-04,34.606,10,-0.887,-2.499084,37.581,10,-1.37,-3.51724,37.018,10,-1.77,-4.563267,37.2995,10,-1.57,-4.039157,37.4121,10,-1.49,-3.830127,2.3,-3.4,50.1,53.5,,3258,870569.7,267.21,-69.297859,-69.297859,-69.297859,0,69.297859,69.297859,down,down,no_adjust,1,0,0,-69.297859,1,0,S2_fixed_70,0.0,lambda=0.7; threshold=50,0,4802.193262,0,3111.031908,-69.297859,-68.326124,4668.459235,0,0.039324,0,0.009391,0.001872,0.009554
2016-04-27,2016-04-26,165,160,7090,6130,国内成品油价格按机制上调,https://www.ndrc.gov.cn/xwdt/ztzl/gncpyjg/201604/t20160426_1292920.html,162.5,6610,1,up,162.5,2016-04,38.674,10,4.068,11.755187,42.834,10,5.253,13.977808,41.662,10,4.644,12.545248,42.248,10,4.9485,13.266934,42.4824,10,5.0703,13.552567,2.3,-3.4,50.1,53.5,,3258,870569.7,267.21,243.753168,243.753168,243.753168,0,-81.253168,-81.253168,up,up,up,1,1,0.666658,81.253168,1,0,S2_fixed_70,170.6272176,lambda=0.7; threshold=50,29113.647386,5347.404622,42505.925183,29113.647386,73.12595,4.799826,23.038333,0.043788,0.043788,0.053276,0.087885,0.000009,0.046208
2016-05-12,2016-05-11,120,115,7210,6245,国内成品油价格按机制上调,https://www.ndrc.gov.cn/xwdt/ztzl/gncpyjg/201605/t20160511_1292921.html,117.5,6727.5,1,up,117.5,2016-05,41.279,10,2.605,6.735791,44.283,10,1.449,3.382827,44.651,10,2.989,7.174404,44.467,10,2.219,5.25232,44.3934,10,1.911,4.498333,2,-2.8,50.1,53.1,,3224,940142.9,291.61,92.994497,92.994497,92.994497,0,24.505503,24.505503,up,up,up,1,1,1.263516,-24.505503,0,1,S2_fixed_70,65.09614789999999,lambda=0.7; threshold=50,4237.508471,778.317883,5932.51186,11136.806672,27.898349,32.698175,1069.170674,0.006373,0.006373,0.007436,0.033619,0.000428,0.009834
2016-05-26,2016-05-25,210,200,7420,6445,国内成品油价格按机制上调,https://www.ndrc.gov.cn/xwdt/ztzl/gncpyjg/201605/t20160525_1292922.html,205,6932.5,1,up,205,2016-05,43.883,10,2.604,6.308292,47.743,10,3.46,7.813382,47.519,10,2.868,6.423148,47.631,10,3.164,7.115389,47.6758,10,3.2824,7.393892,2,-2.8,50.1,53.1,,3224,940142.9,291.61,158.436349,158.436349,158.436349,0,46.563651,46.563651,up,up,up,1,1,1.293895,-46.563651,0,1,S2_fixed_70,110.9054443,lambda=0.7; threshold=50,12300.017575,2259.186902,17220.024606,2098.491637,47.530905,80.22908,6436.705294,0.0185,0.0185,0.021583,0.006335,0.002581,0.015058
2016-06-09,2016-06-08,110,110,7530,6555,国内成品油价格按机制上调,https://www.ndrc.gov.cn/xwdt/ztzl/gncpyjg/201606/t20160608_1292923.html,110,7042.5,1,up,110,2016-06,45.461,10,1.578,3.595926,49.022,10,1.279,2.678927,49.158,10,1.639,3.449147,49.09,10,1.459,3.063131,49.0628,10,1.387,2.909233,1.9,-2.6,50,53.7,,3062,983636.1,321.24,67.989735,67.989735,67.989735,0,42.010265,42.010265,up,up,up,1,1,1.617891,-42.010265,0,1,S2_fixed_70,0.0,lambda=0.7; threshold=50,0,4622.604065,0,12300.017575,67.989735,148.218815,21968.81715,0,0.037853,0,0.03713,0.008809,0.014461
2016-06-23,2016-06-23,0,0,7530,6555,6月23日国内成品油价格不作调整,https://www.ndrc.gov.cn/xwdt/ztzl/gncpyjg/201606/t20160623_1292924.html,0,7042.5,0,no_adjust,0,2016-06,45.925,10,0.464,1.020655,48.252,10,-0.77,-1.570723,48.656,10,-0.502,-1.021197,48.454,10,-0.636,-1.29558,48.3732,10,-0.6896,-1.405546,1.9,-2.6,50,53.7,,3062,983636.1,321.24,-31.103563,-31.103563,0,-31.103563,31.103563,0,down,no_adjust,no_adjust,0,0,,,,,S2_fixed_70,0.0,lambda=0.7; threshold=50,0,0,0,0,0,148.218815,21968.81715,0,0,0,0,0.008809,0.001321
2016-07-07,2016-07-07,0,0,7530,6555,7月7日国内成品油价格不作调整,https://www.ndrc.gov.cn/xwdt/ztzl/gncpyjg/201607/t20160707_1292925.html,0,7042.5,0,no_adjust,0,2016-07,45.21,10,-0.715,-1.556886,47.014,10,-1.238,-2.565697,48.017,10,-0.639,-1.313302,47.536,10,-0.918,-1.89458,47.3436,10,-1.0296,-2.128451,1.8,-1.7,49.9,53.9,,3107,1061217.3,341.56,-47.328027,-78.43159,-78.43159,0,47.328027,78.43159,down,down,no_adjust,1,0,0,-78.43159,1,0,S2_fixed_70,-54.902113,lambda=0.7; threshold=50,0,553.636288,0,3014.242012,-23.529477,124.689338,15547.431036,0,0.004534,0,0.009099,0.006234,0.003207
2016-07-22,2016-07-21,-155,-150,7375,6405,国内成品油价格按机制下调,https://www.ndrc.gov.cn/xwdt/ztzl/gncpyjg/201607/t20160721_1292926.html,-152.5,6890,1,down,152.5,2016-07,43.027,10,-2.183,-4.828578,45.502,10,-1.512,-3.216063,45.341,10,-2.676,-5.573026,45.4215,10,-2.1145,-4.448208,45.4537,10,-1.8899,-3.991881,1.8,-1.7,49.9,53.9,,3107,1061217.3,341.56,-88.380692,-88.380692,-88.380692,0,-64.119308,-64.119308,down,down,down,1,1,1.72549,64.119308,0,1,S2_fixed_70,-61.86648439999999,lambda=0.7; threshold=50,0,703.003205,0,48.502469,-26.514208,98.175131,9638.356249,0,0.005757,0,0.000146,0.003865,0.001753
2016-08-05,2016-08-04,-220,-215,7155,6190,国内成品油价格按机制下调,https://www.ndrc.gov.cn/xwdt/ztzl/gncpyjg/201608/t20160804_1292927.html,-217.5,6672.5,1,down,217.5,2016-08,40.168,10,-2.859,-6.644665,42.258,10,-3.244,-7.129357,41.685,10,-3.656,-8.063342,41.9715,10,-3.45,-7.595522,42.0861,10,-3.3676,-7.408858,1.3,-0.8,50.4,53.5,,3285,1071423.6,326.16,-158.895074,-158.895074,-158.895074,0,-58.604926,-58.604926,down,down,down,1,1,1.368828,58.604926,0,1,S2_fixed_70,-111.2265518,lambda=0.7; threshold=50,0,2272.288009,0,2436.416254,-47.668522,50.506608,2550.917482,0,0.018607,0,0.007355,0.001023,0.004978
2016-08-19,2016-08-18,175,170,7330,6360,国内成品油价格按机制上调,https://www.ndrc.gov.cn/xwdt/ztzl/gncpyjg/201608/t20160818_1292928.html,172.5,6845,1,up,172.5,2016-08,41.994,10,1.826,4.545907,44.611,10,2.353,5.568176,43.842,10,2.157,5.174523,44.2265,10,2.255,5.372693,44.3803,10,2.2942,5.451206,1.3,-0.8,50.4,53.5,,3285,1071423.6,326.16,111.280422,111.280422,111.280422,0,61.219578,61.219578,up,up,up,1,1,1.550138,-61.219578,0,1,S2_fixed_70,77.8962954,lambda=0.7; threshold=50,6067.832837,1114.499909,7645.469375,35767.451333,33.384127,83.890735,7037.655402,0.009126,0.009126,0.009583,0.107971,0.002822,0.023121
2016-09-02,2016-09-01,205,200,7535,6560,国内成品油价格按机制上调,https://www.ndrc.gov.cn/xwdt/ztzl/gncpyjg/201609/t20160901_1292929.html,202.5,7047.5,1,up,202.5,2016-09,45.558,10,3.564,8.486927,48.766,10,4.155,9.313846,46.989,10,3.147,7.178048,47.8775,10,3.651,8.255232,48.2329,10,3.8526,8.680879,1.9,0.1,50.4,53.7,,3306,1051321.5,318,185.645729,185.645729,185.645729,0,16.854271,16.854271,up,up,up,1,1,1.090787,-16.854271,0,1,S2_fixed_70,129.95201029999998,lambda=0.7; threshold=50,16887.524981,3101.790303,23304.784474,2709.797454,55.693719,139.584454,19483.819687,0.0254,0.0254,0.02921,0.00818,0.007813,0.021131
2016-09-19,2016-09-18,-155,-150,7380,6410,国内成品油价格按机制下调,https://www.ndrc.gov.cn/xwdt/ztzl/gncpyjg/201609/t20160918_1292930.html,-152.5,6895,1,down,152.5,2016-09,43.204,10,-2.354,-5.16704,46.857,10,-1.909,-3.914613,44.992,10,-1.997,-4.249931,45.8865,10,-1.991,-4.15853,46.2443,10,-1.9886,-4.122912,1.9,0.1,50.4,53.7,,3306,1051321.5,318,-93.090558,-93.090558,-93.090558,0,-59.409442,-59.409442,down,down,down,1,1,1.63819,59.409442,0,1,S2_fixed_70,-65.1633906,lambda=0.7; threshold=50,0,779.926679,0,38070.019668,-27.927167,111.657286,12467.349562,0,0.006387,0,0.114922,0.004999,0.019265
2016-09-30,2016-09-30,0,0,7380,6410,9月30日国内成品油价格不作调整,https://www.ndrc.gov.cn/xwdt/ztzl/gncpyjg/201609/t20160930_1292931.html,0,6895,0,no_adjust,0,2016-09,42.509,10,-0.695,-1.608647,46.193,10,-0.664,-1.417077,45.106,10,0.114,0.253378,45.6495,10,-0.237,-0.516492,45.8669,10,-0.3774,-0.816101,1.9,0.1,50.4,53.7,,3306,1051321.5,318,-16.205688,-16.205688,0,-16.205688,16.205688,0,down,no_adjust,no_adjust,0,0,,,,,S2_fixed_70,0.0,lambda=0.7; threshold=50,0,0,0,4246.267474,0,111.657286,12467.349562,0,0,0,0.012818,0.004999,0.002673
2016-10-20,2016-10-19,355,340,7735,6750,国内成品油价格按机制上调,https://www.ndrc.gov.cn/xwdt/ztzl/gncpyjg/201610/t20161019_1292932.html,347.5,7242.5,1,up,347.5,2016-10,48.316,10,5.807,13.660637,49.903,10,3.71,8.03152,50.166,10,5.06,11.21802,50.0345,10,4.385,9.605801,49.9819,10,4.115,8.971611,2.1,1.2,51.2,54,,2879,940085,326.53,198.167197,181.96151,181.96151,0,149.332803,165.53849,up,up,up,1,1,1.909745,-165.53849,0,1,S2_fixed_70,127.37305699999999,lambda=0.7; threshold=50,16223.89565,2979.899201,23037.931822,16223.89565,54.588453,166.245739,27637.645802,0.024401,0.024401,0.028875,0.048975,0.011082,0.027208
2016-11-02,2016-11-02,0,0,7735,6750,11月2日国内成品油价格不作调整,https://www.ndrc.gov.cn/xwdt/ztzl/gncpyjg/201611/t20161102_1292933.html,0,7242.5,0,no_adjust,0,2016-11,47.32,10,-0.996,-2.061429,48.929,10,-0.974,-1.951786,49.281,10,-0.885,-1.764143,49.105,10,-0.9295,-1.857718,49.0346,10,-0.9473,-1.895286,2.3,3.3,51.7,54.7,,3235,1121513.6,346.68,-43.400752,-43.400752,0,-43.400752,43.400752,0,down,no_adjust,no_adjust,0,0,,,,,S2_fixed_70,0.0,lambda=0.7; threshold=50,0,0,0,16223.89565,0,166.245739,27637.645802,0,0,0,0.048975,0.011082,0.009009
2016-11-17,2016-11-16,-365,-355,7370,6395,国内成品油价格按机制下调,https://www.ndrc.gov.cn/xwdt/ztzl/gncpyjg/201611/t20161116_1292934.html,-360,6882.5,1,down,360,2016-11,42.066,10,-5.254,-11.103128,43.26,10,-5.669,-11.586176,44.625,10,-4.656,-9.44786,43.9425,10,-5.1625,-10.513186,43.6695,10,-5.3651,-10.941458,2.3,3.3,51.7,54.7,,3235,1121513.6,346.68,-254.213799,-297.614551,-297.614551,0,-105.786201,-62.385449,down,down,down,1,1,1.209618,62.385449,0,1,S2_fixed_70,-208.3301857,lambda=0.7; threshold=50,0,7971.697887,0,43401.466274,-89.284365,76.961374,5923.053073,0,0.065278,0,0.131016,0.002375,0.033064
2016-12-01,2016-11-30,175,170,7545,6565,国内成品油价格按机制上调,https://www.ndrc.gov.cn/xwdt/ztzl/gncpyjg/201611/t20161130_1292935.html,172.5,7055,1,up,172.5,2016-12,44.083,10,2.017,4.794846,45.783,10,2.523,5.832178,46.242,10,1.617,3.623529,45.843,10,1.9005,4.32497,45.6834,10,2.0139,4.611686,2.1,5.5,51.4,54.5,,3638,1229788.7,338.04,97.904783,97.904783,97.904783,0,74.595217,74.595217,up,up,up,1,1,1.761916,-74.595217,0,1,S2_fixed_70,68.5333481,lambda=0.7; threshold=50,4696.819802,862.681188,6669.484119,76653.416348,29.371435,106.332809,11306.666227,0.007064,0.007064,0.008359,0.231394,0.004534,0.040658
2016-12-15,2016-12-14,435,420,7980,6985,国内成品油价格按机制上调,https://www.ndrc.gov.cn/xwdt/ztzl/gncpyjg/201612/t20161214_1292936.html,427.5,7482.5,1,up,427.5,2016-12,50.357,10,6.274,14.232244,52.115,10,6.332,13.830461,51.279,10,5.037,10.892695,51.697,10,5.854,12.76967,51.8642,10,6.1808,13.529641,2.1,5.5,51.4,54.5,,3638,1229788.7,338.04,296.74513,296.74513,296.74513,0,130.75487,130.75487,up,up,up,1,1,1.44063,-130.75487,0,1,S2_fixed_70,207.721591,lambda=0.7; threshold=50,43148.259368,7925.190496,61270.528302,19373.366962,89.023539,195.356348,38164.102626,0.064897,0.064897,0.076795,0.058482,0.015303,0.05947
2016-12-29,2016-12-28,100,95,8080,7080,国内成品油价格按机制上调,https://www.ndrc.gov.cn/xwdt/ztzl/gncpyjg/201612/t20161228_1292937.html,97.5,7580,1,up,97.5,2016-12,51.861,10,1.504,2.986675,53.536,10,1.421,2.726662,51.943,10,0.664,1.294877,52.7355,10,1.0385,2.008821,53.0557,10,1.1915,2.297346,2.1,5.5,51.4,54.5,,3638,1229788.7,338.04,58.660669,58.660669,58.660669,0,38.839331,38.839331,up,up,up,1,1,1.662102,-38.839331,0,1,S2_fixed_70,0.0,lambda=0.7; threshold=50,0,3441.074088,0,43148.259368,58.660669,254.017017,64524.644824,0,0.028178,0,0.130252,0.025874,0.029054
2017-01-13,2017-01-12,70,70,8150,7150,国内成品油价格按机制上调,https://www.ndrc.gov.cn/xwdt/ztzl/gncpyjg/201701/t20170112_1292938.html,70,7650,1,up,70,2017-01,52.78,10,0.919,1.772045,54.659,10,1.123,2.097654,52.989,10,1.046,2.013746,53.824,10,1.0885,2.064074,54.158,10,1.1023,2.077628,2.5,6.9,51.3,54.6,54,3403,1296886.6,381.1,54.404133,54.404133,54.404133,0,15.595867,15.595867,up,up,up,1,1,1.286667,-15.595867,0,1,S2_fixed_70,0.0,lambda=0.7; threshold=50,0,2959.809687,0,0,54.404133,308.42115,95123.605644,0,0.024237,0,0,0.038144,0.010569
2017-01-26,2017-01-25,-70,-70,8080,7080,国内成品油价格按机制下调,https://www.ndrc.gov.cn/xwdt/ztzl/gncpyjg/201701/t20170125_1292939.html,-70,7580,1,down,70,2017-01,52.077,10,-0.703,-1.331944,54.296,10,-0.363,-0.664118,52.082,10,-0.907,-1.711676,53.134,10,-0.69,-1.281956,53.5548,10,-0.6032,-1.113778,2.5,6.9,51.3,54.6,54,3403,1296886.6,381.1,-26.98064,-26.98064,0,-26.98064,-43.01936,-70,down,no_adjust,down,0,1,,,,,S2_fixed_70,0.0,lambda=0.7; threshold=50,0,0,0,0,0,308.42115,95123.605644,0,0,0,0,0.038144,0.005722
2017-02-15,2017-02-14,50,50,8130,7130,国内成品油价格按机制上调,https://www.ndrc.gov.cn/xwdt/ztzl/gncpyjg/201702/t20170214_1292940.html,50,7630,1,up,50,2017-02,53.126,10,1.049,2.014325,54.946,10,0.65,1.197142,53.137,10,1.055,2.025652,54.0415,10,0.9075,1.707946,54.4033,10,0.8485,1.584358,0.8,7.8,51.6,54.2,54,3178,1249189.9,393.07,42.293048,15.312407,0,15.312407,7.706952,50,up,no_adjust,up,0,1,,,,,S2_fixed_70,0.0,lambda=0.7; threshold=50,0,0,0,0,0,308.42115,95123.605644,0,0,0,0,0.038144,0.005722
2017-02-28,2017-02-28,0,0,8130,7130,2月28日国内成品油价格不作调整,https://www.ndrc.gov.cn/xwdt/ztzl/gncpyjg/201702/t20170228_1292941.html,0,7630,0,no_adjust,0,2017-02,53.492,10,0.366,0.688928,54.982,10,0.036,0.065519,53.624,10,0.487,0.916499,54.248,10,0.2065,0.382114,54.4976,10,0.0943,0.173335,0.8,7.8,51.6,54.2,54,3178,1249189.9,393.07,6.30337,21.615777,0,21.615777,-6.30337,0,up,no_adjust,no_adjust,0,0,,,,,S2_fixed_70,0.0,lambda=0.7; threshold=50,0,0,0,0,0,308.42115,95123.605644,0,0,0,0,0.038144,0.005722
2017-03-15,2017-03-14,-85,-85,8045,7045,国内成品油价格按机制下调,https://www.ndrc.gov.cn/xwdt/ztzl/gncpyjg/201703/t20170314_1292942.html,-85,7545,1,down,85,2017-03,52.329,10,-1.163,-2.174157,53.138,10,-1.844,-3.353825,51.423,10,-2.201,-4.104505,52.2805,10,-1.9675,-3.626862,52.6235,10,-1.8741,-3.438867,0.9,7.6,51.8,55.1,54.7,3895,1535754.3,394.29,-87.626732,-66.010954,-66.010954,0,2.626732,-18.989046,down,down,down,1,1,1.287665,18.989046,0,1,S2_fixed_70,0.0,lambda=0.7; threshold=50,0,4357.446048,0,0,-66.010954,242.410196,58762.703028,0,0.035682,0,0,0.023563,0.010671
2017-03-29,2017-03-28,-230,-220,7815,6825,国内成品油价格按机制下调,https://www.ndrc.gov.cn/xwdt/ztzl/gncpyjg/201703/t20170328_1292943.html,-225,7320,1,down,225,2017-03,48.841,10,-3.488,-6.66552,50.2,10,-2.938,-5.529,47.564,10,-3.859,-7.504424,48.882,10,-3.3985,-6.500512,49.4092,10,-3.2143,-6.108108,0.9,7.6,51.8,55.1,54.7,3895,1535754.3,394.29,-151.57975,-151.57975,-151.57975,0,-73.42025,-73.42025,down,down,down,1,1,1.484367,73.42025,0,1,S2_fixed_70,-106.10582499999998,lambda=0.7; threshold=50,0,2067.877855,0,11258.446099,-45.473925,196.936271,38783.894757,0,0.016933,0,0.033986,0.015552,0.010817
2017-04-13,2017-04-12,200,190,8015,7015,国内成品油价格按机制上调,https://www.ndrc.gov.cn/xwdt/ztzl/gncpyjg/201704/t20170412_1292944.html,195,7515,1,up,195,2017-04,51.469,10,2.628,5.380725,53.172,10,2.972,5.920319,51.307,10,3.743,7.869397,52.2395,10,3.3575,6.868581,52.6125,10,3.2033,6.483206,1.2,6.4,51.2,54,53.9,3439,1306318.4,379.85,154.661775,154.661775,154.661775,0,40.338225,40.338225,up,up,up,1,1,1.260816,-40.338225,0,1,S2_fixed_70,108.2632425,lambda=0.7; threshold=50,11720.929677,2152.823818,14533.952799,45954.097101,46.398533,243.334803,59211.826497,0.017629,0.017629,0.018216,0.138722,0.023744,0.036857
2017-04-26,2017-04-26,0,0,8015,7015,4月26日国内成品油价格不作调整,https://www.ndrc.gov.cn/xwdt/ztzl/gncpyjg/201704/t20170426_1292945.html,0,7515,0,no_adjust,0,2017-04,51.698,10,0.229,0.444928,52.376,10,-0.796,-1.497029,51.328,10,0.021,0.04093,51.852,10,-0.3875,-0.741776,52.0616,10,-0.5509,-1.04709,1.2,6.4,51.2,54,53.9,3439,1306318.4,379.85,-24.484936,-24.484936,0,-24.484936,24.484936,0,down,no_adjust,no_adjust,0,0,,,,,S2_fixed_70,0.0,lambda=0.7; threshold=50,0,0,0,11720.929677,0,243.334803,59211.826497,0,0,0,0.035382,0.023744,0.008869
2017-05-12,2017-05-11,-250,-235,7765,6780,国内成品油价格按机制下调,https://www.ndrc.gov.cn/xwdt/ztzl/gncpyjg/201705/t20170511_1292946.html,-242.5,7272.5,1,down,242.5,2017-05,48.005,10,-3.693,-7.14341,48.42,10,-3.956,-7.553078,47.39,10,-3.938,-7.672226,47.905,10,-3.947,-7.61205,48.111,10,-3.9506,-7.588318,1.5,5.5,51.2,54.5,54.1,3720,1413334.7,379.93,-186.715258,-211.200194,-211.200194,0,-55.784742,-31.299806,down,down,down,1,1,1.1482,31.299806,0,1,S2_fixed_70,-147.84013579999998,lambda=0.7; threshold=50,0,4014.496975,0,21856.705753,-63.360058,179.974745,32390.908874,0,0.032873,0,0.065979,0.012988,0.01842
2017-05-26,2017-05-25,140,135,7905,6915,国内成品油价格按机制上调,https://www.ndrc.gov.cn/xwdt/ztzl/gncpyjg/201705/t20170525_1292947.html,137.5,7410,1,up,137.5,2017-05,50.138,10,2.133,4.443287,51.684,10,3.264,6.741016,49.478,10,2.088,4.405993,50.581,10,2.676,5.586056,51.0222,10,2.9112,6.051007,1.5,5.5,51.2,54.5,54.1,3720,1413334.7,379.93,140.723052,140.723052,140.723052,0,-3.223052,-3.223052,up,up,up,1,1,0.977096,3.223052,1,0,S2_fixed_70,98.50613639999999,lambda=0.7; threshold=50,9703.458908,1782.267963,12614.496581,60686.485827,42.216916,222.191661,49369.134085,0.014594,0.014594,0.015811,0.183194,0.019797,0.040969
2017-06-10,2017-06-09,-180,-175,7725,6740,国内成品油价格按机制下调,https://www.ndrc.gov.cn/xwdt/ztzl/gncpyjg/201706/t20170609_1292948.html,-177.5,7232.5,1,down,177.5,2017-06,48.032,10,-2.106,-4.200407,49.175,10,-2.509,-4.8545,47.908,10,-1.57,-3.173127,48.5415,10,-2.0395,-4.032146,48.7949,10,-2.2273,-4.365355,1.5,5.5,51.7,54.9,54.7,3611,1310854.3,363.02,-104.481086,-104.481086,-104.481086,0,-73.018914,-73.018914,down,down,down,1,1,1.698872,73.018914,0,1,S2_fixed_70,-73.1367602,lambda=0.7; threshold=50,0,982.46676,0,29461.283953,-31.344326,190.847335,36422.705238,0,0.008045,0,0.088935,0.014605,0.01714
2017-06-24,2017-06-23,-250,-240,7475,6500,国内成品油价格按机制下调,https://www.ndrc.gov.cn/xwdt/ztzl/gncpyjg/201706/t20170623_1292949.html,-245,6987.5,1,down,245,2017-06,44.564,10,-3.468,-7.220187,45.654,10,-3.521,-7.160142,44.491,10,-3.417,-7.13242,45.0725,10,-3.469,-7.146462,45.3051,10,-3.4898,-7.151977,1.5,5.5,51.7,54.9,54.7,3611,1310854.3,363.02,-164.726338,-164.726338,-164.726338,0,-80.273662,-80.273662,down,down,down,1,1,1.487315,80.273662,0,1,S2_fixed_70,-115.3084366,lambda=0.7; threshold=50,0,2442.128979,0,1778.45029,-49.417901,141.429433,20002.28466,0,0.019998,0,0.005369,0.008021,0.006008
2017-07-07,2017-07-07,0,0,7475,6500,7月7日国内成品油价格不作调整,https://www.ndrc.gov.cn/xwdt/ztzl/gncpyjg/201707/t20170707_1292950.html,0,6987.5,0,no_adjust,0,2017-07,45.416,10,0.852,1.911857,46.934,10,1.28,2.803697,44.163,10,-0.328,-0.737228,45.0885,10,0.016,0.035498,45.4587,10,0.1536,0.339035,1.4,5.5,51.4,54.5,54.1,3474,1186558.3,341.55,9.133107,9.133107,0,9.133107,-9.133107,0,up,no_adjust,no_adjust,0,0,,,,,S2_fixed_70,0.0,lambda=0.7; threshold=50,0,0,0,13296.035551,0,141.429433,20002.28466,0,0,0,0.040137,0.008021,0.007224
2017-07-22,2017-07-21,75,75,7550,6575,国内成品油价格按机制上调,https://www.ndrc.gov.cn/xwdt/ztzl/gncpyjg/201707/t20170721_1292951.html,75,7062.5,1,up,75,2017-07,46.033,10,0.617,1.358552,47.445,10,0.511,1.088763,45.803,10,1.64,3.713516,46.624,10,1.5355,3.405525,46.9524,10,1.4937,3.28584,1.4,5.5,51.4,54.5,54.1,3474,1186558.3,341.55,73.081354,82.214461,82.214461,0,1.918646,-7.214461,up,up,up,1,1,0.912248,7.214461,1,0,S2_fixed_70,57.550122699999996,lambda=0.7; threshold=50,3312.016623,608.329584,4239.381277,3312.016623,24.664338,166.093772,27587.141031,0.004981,0.004981,0.005314,0.009998,0.011062,0.006729
2017-08-05,2017-08-04,175,165,7725,6740,国内成品油价格按机制上调,https://www.ndrc.gov.cn/xwdt/ztzl/gncpyjg/201708/t20170804_1292952.html,170,7232.5,1,up,170,2017-08,48.655,10,2.622,5.695914,50.495,10,3.05,6.428496,48.514,10,2.711,5.918826,49.5045,10,2.8805,6.178149,49.9007,10,2.9483,6.279338,1.8,6.3,51.7,53.4,53.7,3398,1176655.2,346.28,142.493427,142.493427,142.493427,0,27.506573,27.506573,up,up,up,1,1,1.193037,-27.506573,0,1,S2_fixed_70,99.7453989,lambda=0.7; threshold=50,9949.144602,1827.393906,13530.836658,1780.441334,42.748028,208.8418,43614.897385,0.014964,0.014964,0.016959,0.005375,0.017489,0.014403
2017-08-18,2017-08-18,0,0,7725,6740,8月18日国内成品油价格不作调整,https://www.ndrc.gov.cn/xwdt/ztzl/gncpyjg/201708/t20170818_1292953.html,0,7232.5,0,no_adjust,0,2017-08,49.574,10,0.919,1.888809,51.425,10,0.93,1.841767,48.398,10,-0.116,-0.239106,49.9115,10,0.407,0.822147,50.5169,10,0.6162,1.234852,1.8,6.3,51.7,53.4,53.7,3398,1176655.2,346.28,31.207922,31.207922,0,31.207922,-31.207922,0,up,no_adjust,no_adjust,0,0,,,,,S2_fixed_70,0.0,lambda=0.7; threshold=50,0,0,0,9949.144602,0,208.8418,43614.897385,0,0,0,0.030034,0.017489,0.007128
2017-09-01,2017-09-01,0,0,7725,6740,9月1日国内成品油价格不作调整,https://www.ndrc.gov.cn/xwdt/ztzl/gncpyjg/201709/t20170901_1292954.html,0,7232.5,0,no_adjust,0,2017-09,49.548,10,-0.026,-0.052447,51.921,10,0.496,0.964511,47.305,10,-1.093,-2.258358,49.613,10,-0.2985,-0.598059,50.5362,10,0.0193,0.038205,1.6,6.9,52.4,55.4,55.1,3701,1360255.4,367.54,2.724444,33.932365,0,33.932365,-2.724444,0,up,no_adjust,no_adjust,0,0,,,,,S2_fixed_70,0.0,lambda=0.7; threshold=50,0,0,0,0,0,208.8418,43614.897385,0,0,0,0,0.017489,0.002623
2017-09-16,2017-09-15,95,95,7820,6835,国内成品油价格按机制上调,https://www.ndrc.gov.cn/xwdt/ztzl/gncpyjg/201709/t20170915_1292955.html,95,7327.5,1,up,95,2017-09,51.853,10,2.305,4.652055,54.411,10,2.49,4.795747,48.431,10,1.126,2.380298,51.4255,10,1.8125,3.653276,52.6233,10,2.0871,4.129911,1.6,6.9,52.4,55.4,55.1,3701,1360255.4,367.54,101.397815,135.33018,135.33018,0,-6.397815,-40.33018,up,up,up,1,1,0.701987,40.33018,1,0,S2_fixed_70,94.731126,lambda=0.7; threshold=50,8973.986233,1648.283186,11845.661828,8973.986233,40.599054,249.440854,62220.739594,0.013497,0.013497,0.014847,0.02709,0.02495,0.017592
2017-09-30,2017-09-29,210,195,8030,7030,国内成品油价格按机制上调,https://www.ndrc.gov.cn/xwdt/ztzl/gncpyjg/201709/t20170929_1292956.html,202.5,7530,1,up,202.5,2017-09,54.843,10,2.99,5.766301,57.808,10,3.397,6.243223,50.772,10,2.341,4.833681,54.29,10,2.8645,5.570194,55.6972,10,3.0739,5.841329,1.6,6.9,52.4,55.4,55.1,3701,1360255.4,367.54,148.486935,148.486935,148.486935,0,54.013065,54.013065,up,up,up,1,1,1.363756,-54.013065,0,1,S2_fixed_70,103.94085449999999,lambda=0.7; threshold=50,10803.701234,1984.353288,14260.885629,84.819099,44.546081,293.986934,86428.317598,0.016249,0.016249,0.017874,0.000256,0.034657,0.017018
2017-10-19,2017-10-19,0,0,8030,7030,10月19日国内成品油价格不作调整,https://www.ndrc.gov.cn/xwdt/ztzl/gncpyjg/201710/t20171019_1292957.html,0,7530,0,no_adjust,0,2017-10,54.881,10,0.038,0.069289,56.679,10,-1.129,-1.953017,50.976,10,0.204,0.401796,53.8275,10,-0.4625,-0.851906,54.9681,10,-0.7291,-1.309042,1.9,6.9,51.6,54.3,53.9,3103,1213554.1,391.09,-32.988464,-32.988464,0,-32.988464,32.988464,0,down,no_adjust,no_adjust,0,0,,,,,S2_fixed_70,0.0,lambda=0.7; threshold=50,0,0,0,10803.701234,0,293.986934,86428.317598,0,0,0,0.032613,0.034657,0.010091
2017-11-03,2017-11-02,150,150,8180,7180,国内成品油价格按机制上调,https://www.ndrc.gov.cn/xwdt/ztzl/gncpyjg/201711/t20171102_1292958.html,150,7680,1,up,150,2017-11,56.863,10,1.982,3.61145,59.157,10,2.478,4.37199,52.824,10,1.848,3.625235,55.9905,10,2.163,4.018392,57.2571,10,2.289,4.164233,1.7,5.8,51.8,54.8,54.6,3704,1413334.7,381.57,111.032283,78.043819,78.043819,0,38.967717,71.956181,up,up,up,1,1,1.921997,-71.956181,0,1,S2_fixed_70,54.6306733,lambda=0.7; threshold=50,2984.510465,548.175392,3999.244023,2984.510465,23.413146,317.40008,100742.810847,0.004489,0.004489,0.005013,0.009009,0.040397,0.010684
2017-11-17,2017-11-16,265,250,8445,7430,国内成品油价格按机制上调,https://www.ndrc.gov.cn/xwdt/ztzl/gncpyjg/201711/t20171116_1292959.html,257.5,7937.5,1,up,257.5,2017-11,60.746,10,3.883,6.828694,62.874,10,3.717,6.28328,56.316,10,3.492,6.610632,59.595,10,3.6045,6.437699,60.9066,10,3.6495,6.373882,1.7,5.8,51.8,54.8,54.6,3704,1413334.7,381.57,175.953998,175.953998,175.953998,0,81.546002,81.546002,up,up,up,1,1,1.463451,-81.546002,0,1,S2_fixed_70,123.1677986,lambda=0.7; threshold=50,15170.306612,2786.382847,20328.21086,4697.337544,52.786199,370.186279,137037.88153,0.022817,0.022817,0.025479,0.01418,0.054952,0.027007
2017-11-30,2017-11-30,0,0,8445,7430,11月30日国内成品油价格不作调整,https://www.ndrc.gov.cn/xwdt/ztzl/gncpyjg/201711/t20171130_1292960.html,0,7937.5,0,no_adjust,0,2017-11,60.853,10,0.107,0.176143,62.646,10,-0.228,-0.36263,56.981,10,0.665,1.180837,59.7125,10,0.1175,0.197164,60.8051,10,-0.1015,-0.166649,1.7,5.8,51.8,54.8,54.6,3704,1413334.7,381.57,-3.040013,-3.040013,0,-3.040013,3.040013,0,down,no_adjust,no_adjust,0,0,,,,,S2_fixed_70,0.0,lambda=0.7; threshold=50,0,0,0,15170.306612,0,370.186279,137037.88153,0,0,0,0.045795,0.054952,0.015112
2017-12-14,2017-12-14,0,0,8445,7430,12月14日国内成品油价格不作调整,https://www.ndrc.gov.cn/xwdt/ztzl/gncpyjg/201712/t20171214_1292961.html,0,7937.5,0,no_adjust,0,2017-12,61.316,10,0.463,0.76085,63.772,10,1.126,1.797401,57.188,10,0.207,0.363279,60.48,10,0.7675,1.285326,61.7968,10,0.9917,1.630949,1.8,4.9,51.6,55,54.6,3370,1492760.9,442.96,49.12641,46.086398,0,46.086398,-49.12641,0,up,no_adjust,no_adjust,0,0,,,,,S2_fixed_70,0.0,lambda=0.7; threshold=50,0,0,0,0,0,370.186279,137037.88153,0,0,0,0,0.054952,0.008243
2017-12-29,2017-12-28,70,70,8515,7500,国内成品油价格按机制上调,https://www.ndrc.gov.cn/xwdt/ztzl/gncpyjg/201712/t20171228_1292962.html,70,8007.5,1,up,70,2017-12,62.2,10,0.884,1.441712,64.4,10,0.628,0.984758,57.944,10,0.756,1.321956,61.0505,10,0.5705,0.943287,62.3903,10,0.5935,0.960406,1.8,4.9,51.6,55,54.6,3370,1492760.9,442.96,30.1247,76.211098,76.211098,0,39.8753,-6.211098,up,up,up,1,1,0.918501,6.211098,1,0,S2_fixed_70,53.3477686,lambda=0.7; threshold=50,2845.984415,522.731831,3870.538804,2845.984415,22.863329,393.049609,154487.995056,0.00428,0.00428,0.004851,0.008591,0.061949,0.01372
2018-01-13,2018-01-12,180,175,8695,7675,国内成品油价格按机制上调,https://www.ndrc.gov.cn/xwdt/ztzl/gncpyjg/201801/t20180112_1292963.html,177.5,8185,1,up,177.5,2018-01,65.746,10,3.546,5.700965,68.248,10,3.848,5.975155,61.781,10,3.837,6.621911,65.0145,10,3.964,6.492985,66.3079,10,3.9176,6.279181,1.5,4.3,51.3,55.3,54.6,4064,1876820,461.82,188.747464,188.747464,188.747464,0,-11.247464,-11.247464,up,up,up,1,1,0.94041,11.247464,1,0,S2_fixed_70,132.1232248,lambda=0.7; threshold=50,17456.546532,3206.304465,22693.510491,6205.5725,56.624239,449.673848,202206.569665,0.026255,0.026255,0.028443,0.018733,0.081084,0.033898
2018-01-27,2018-01-26,65,60,8760,7735,国内成品油价格按机制上调,https://www.ndrc.gov.cn/xwdt/ztzl/gncpyjg/201801/t20180126_1292964.html,62.5,8247.5,1,up,62.5,2018-01,67.352,10,1.606,2.442734,69.67,10,1.422,2.083578,64.253,10,2.472,4.00123,66.964,10,1.9495,2.998562,68.0484,10,1.7405,2.624876,1.5,4.3,51.3,55.3,54.6,4064,1876820,461.82,84.858406,84.858406,84.858406,0,-22.358406,-22.358406,up,up,up,1,1,0.736521,22.358406,1,0,S2_fixed_70,59.4008842,lambda=0.7; threshold=50,3528.465044,648.085416,4587.004557,5288.538822,25.457522,475.13137,225749.818663,0.005307,0.005307,0.005749,0.015965,0.090525,0.019799
2018-02-10,2018-02-09,-170,-160,8590,7575,国内成品油价格按机制下调,https://www.ndrc.gov.cn/xwdt/ztzl/gncpyjg/201802/t20180209_1292965.html,-165,8082.5,1,down,165,2018-02,66.015,10,-1.337,-1.985093,67.454,10,-2.216,-3.180709,64.373,10,0.12,0.186762,65.9135,10,-1.0505,-1.568753,66.5297,10,-1.5187,-2.231794,2.9,3.7,50.3,54.4,52.9,3226,1579220,489.53,-70.667395,-70.667395,-70.667395,0,-94.332605,-94.332605,down,down,down,1,1,2.334882,94.332605,0,1,S2_fixed_70,0.0,lambda=0.7; threshold=50,0,4993.880716,0,3528.465044,-70.667395,404.463975,163591.106992,0,0.040893,0,0.010651,0.0656,0.019616
2018-03-01,2018-02-28,-190,-185,8400,7390,国内成品油价格按机制下调,https://www.ndrc.gov.cn/xwdt/ztzl/gncpyjg/201802/t20180228_1292966.html,-187.5,7895,1,down,187.5,2018-03,63.072,10,-2.943,-4.458078,65.26,10,-2.194,-3.252587,62.003,10,-2.37,-3.681668,63.481,10,-2.4325,-3.690443,64.0722,10,-2.4575,-3.693839,2.1,3.1,51.5,54.6,54,3917,1829280,467.01,-115.466003,-115.466003,-115.466003,0,-72.033997,-72.033997,down,down,down,1,1,1.623855,72.033997,0,1,S2_fixed_70,-80.82620209999999,lambda=0.7; threshold=50,0,1199.915806,0,6532.874946,-34.639801,369.824174,136769.919675,0,0.009826,0,0.019721,0.054844,0.01315
2018-03-14,2018-03-14,0,0,8400,7390,3月14日国内成品油价格不作调整,https://www.ndrc.gov.cn/xwdt/ztzl/gncpyjg/201803/t20180314_1292967.html,0,7895,0,no_adjust,0,2018-03,62.498,10,-0.574,-0.910071,64.89,10,-0.37,-0.566963,61.391,10,-0.612,-0.987049,63.1405,10,-0.3405,-0.536381,63.8403,10,-0.2319,-0.361935,2.1,3.1,51.5,54.6,54,3917,1829280,467.01,-9.262572,-9.262572,0,-9.262572,9.262572,0,down,no_adjust,no_adjust,0,0,,,,,S2_fixed_70,0.0,lambda=0.7; threshold=50,0,0,0,6532.874946,0,369.824174,136769.919675,0,0,0,0.019721,0.054844,0.011185
2018-03-29,2018-03-28,170,165,8570,7555,国内成品油价格按机制上调,https://www.ndrc.gov.cn/xwdt/ztzl/gncpyjg/201803/t20180328_1292968.html,167.5,8062.5,1,up,167.5,2018-03,64.597,10,2.099,3.358507,66.638,10,1.748,2.693789,63.557,10,2.166,3.528204,65.0975,10,1.957,3.099437,65.7137,10,1.8734,2.93451,2.1,3.1,51.5,54.6,54,3917,1829280,467.01,91.200262,81.937691,81.937691,0,76.299738,85.562309,up,up,up,1,1,2.044236,-85.562309,0,1,S2_fixed_70,57.356383699999995,lambda=0.7; threshold=50,3289.754751,604.240669,4671.451747,3289.754751,24.581307,394.405481,155555.683679,0.004948,0.004948,0.005855,0.009931,0.062377,0.014537
2018-04-13,2018-04-12,55,50,8625,7605,国内成品油价格按机制上调,https://www.ndrc.gov.cn/xwdt/ztzl/gncpyjg/201804/t20180412_1292969.html,52.5,8115,1,up,52.5,2018-04,65.776,10,1.179,1.825162,68.549,10,1.911,2.867733,64.023,10,0.466,0.7332,66.394,10,1.2965,1.991628,67.256,10,1.5423,2.346999,1.8,3.4,51.4,54.8,54.1,3946,1867060,473.15,75.400498,75.400498,75.400498,0,-22.900498,-22.900498,up,up,up,1,1,0.696282,22.900498,1,0,S2_fixed_70,52.780348599999996,lambda=0.7; threshold=50,2785.765198,511.671159,3788.64067,20.940097,22.620149,417.025631,173910.376661,0.00419,0.00419,0.004749,0.000063,0.069738,0.013543
2018-04-27,2018-04-26,255,245,8880,7850,国内成品油价格按机制上调,https://www.ndrc.gov.cn/xwdt/ztzl/gncpyjg/201804/t20180426_1292970.html,250,8365,1,up,250,2018-04,69.788,10,4.012,6.099489,73.577,10,5.028,7.334899,67.542,10,3.519,5.496462,70.5595,10,4.1655,6.27391,71.7665,10,4.5105,6.706465,1.8,3.4,51.4,54.8,54.1,3946,1867060,473.15,217.040066,217.040066,217.040066,0,32.959934,32.959934,up,up,up,1,1,1.151861,-32.959934,0,1,S2_fixed_70,151.92804619999998,lambda=0.7; threshold=50,23082.131222,4239.575122,31391.698462,9830.265939,65.11202,482.13765,232456.71403,0.034717,0.034717,0.039345,0.029675,0.093215,0.043892
2018-05-01,2018-04-29,-75,-65,8805,7785,国内成品油价格因增值税税率调整相应下调,https://www.ndrc.gov.cn/xwdt/ztzl/gncpyjg/201804/t20180429_1292971.html,-70,8295,1,down,70,2018-05,70.209,10,0.421,0.603256,74.187,10,0.61,0.829063,67.729,10,0.187,0.276865,70.958,10,0.3985,0.564772,72.2496,10,0.4831,0.673155,1.8,4.1,51.9,54.9,54.6,3905,1996370,511.23,24.856521,24.856521,0,24.856521,-94.856521,-70,up,no_adjust,down,0,1,,,,,S2_fixed_70,0.0,lambda=0.7; threshold=50,0,0,0,23082.131222,0,482.13765,232456.71403,0,0,0,0.069678,0.093215,0.024434
2018-05-12,2018-05-11,170,165,8975,7950,国内成品油价格按机制上调,https://www.ndrc.gov.cn/xwdt/ztzl/gncpyjg/201805/t20180511_1292972.html,167.5,8462.5,1,up,167.5,2018-05,71.785,10,1.576,2.244726,75.218,10,1.031,1.389731,69.211,10,1.482,2.188132,72.0865,10,1.1285,1.590377,73.3391,10,1.0895,1.507967,1.8,4.1,51.9,54.9,54.6,3905,1996370,511.23,53.793329,78.649851,78.649851,0,113.706671,88.850149,up,up,up,1,1,2.129693,-88.850149,0,1,S2_fixed_70,55.054895699999996,lambda=0.7; threshold=50,3031.041541,556.721916,4122.216495,3031.041541,23.594955,505.732606,255765.468569,0.004559,0.004559,0.005167,0.00915,0.102561,0.0201
2018-05-26,2018-05-25,260,250,9235,8200,国内成品油价格按机制上调,https://www.ndrc.gov.cn/xwdt/ztzl/gncpyjg/201805/t20180525_1292973.html,255,8717.5,1,up,255,2018-05,75.895,10,4.11,5.72543,78.749,10,3.531,4.694355,71.414,10,2.203,3.18302,75.0815,10,2.995,4.154731,76.5485,10,3.2094,4.37611,1.8,4.1,51.9,54.9,54.6,3905,1996370,511.23,154.952861,154.952861,154.952861,0,100.047139,100.047139,up,up,up,1,1,1.645662,-100.047139,0,1,S2_fixed_70,108.46700270000001,lambda=0.7; threshold=50,11765.090675,2160.935022,16000.523318,2852.853174,46.485858,552.218464,304945.232093,0.017695,0.017695,0.020055,0.008612,0.122283,0.032611
2018-06-09,2018-06-08,-130,-125,9105,8075,国内成品油价格按机制下调,https://www.ndrc.gov.cn/xwdt/ztzl/gncpyjg/201806/t20180608_1292974.html,-127.5,8590,1,down,127.5,2018-06,73.738,10,-2.157,-2.842084,75.167,10,-3.582,-4.548629,66.75,10,-4.664,-6.530932,70.9585,10,-4.123,-5.491366,72.6419,10,-3.9066,-5.103431,1.9,4.7,51.5,55,54.4,3435,1863780,542.59,-184.615621,-184.615621,-184.615621,0,57.115621,57.115621,down,down,down,1,1,0.690624,-57.115621,1,0,S2_fixed_70,-129.2309347,lambda=0.7; threshold=50,0,3067.463477,0,56500.309444,-55.384686,496.833778,246843.802763,0,0.025119,0,0.170558,0.098984,0.045455
2018-06-26,2018-06-25,-55,-55,9050,8020,国内成品油价格按机制下调,https://www.ndrc.gov.cn/xwdt/ztzl/gncpyjg/201806/t20180625_1292975.html,-55,8535,1,down,55,2018-06,72.638,10,-1.1,-1.491768,74.188,10,-0.979,-1.302433,66.265,10,-0.485,-0.726592,70.2265,10,-0.732,-1.031589,71.8111,10,-0.8308,-1.143693,1.9,4.7,51.5,55,54.4,3435,1863780,542.59,-37.841487,-37.841487,0,-37.841487,-17.158513,-55,down,no_adjust,down,0,1,,,,,S2_fixed_70,0.0,lambda=0.7; threshold=50,0,0,0,16700.634483,0,496.833778,246843.802763,0,0,0,0.050414,0.098984,0.02241
2018-07-10,2018-07-09,270,260,9320,8280,国内成品油价格按机制上调,https://www.ndrc.gov.cn/xwdt/ztzl/gncpyjg/201807/t20180709_1292976.html,265,8800,1,up,265,2018-07,74.536,10,1.898,2.612957,75.783,10,1.595,2.149943,73.406,10,7.141,10.776428,74.4285,10,4.202,5.983496,74.8375,10,3.0264,4.21439,2.1,4.6,51.2,54,53.6,3602,1934240,536.99,146.220282,108.378795,108.378795,0,118.779718,156.621205,up,up,up,1,1,2.445128,-156.621205,0,1,S2_fixed_70,75.8651565,lambda=0.7; threshold=50,5755.521971,1057.136689,8172.841198,5755.521971,32.513638,529.347416,280208.687143,0.008657,0.008657,0.010244,0.017374,0.112363,0.025917
2018-07-24,2018-07-23,-125,-120,9195,8160,国内成品油价格按机制下调,https://www.ndrc.gov.cn/xwdt/ztzl/gncpyjg/201807/t20180723_1292977.html,-122.5,8677.5,1,down,122.5,2018-07,72.501,10,-2.035,-2.730224,73.28,10,-2.503,-3.302852,70.458,10,-2.948,-4.01602,71.869,10,-2.5595,-3.438871,72.4334,10,-2.4041,-3.212427,2.1,4.6,51.2,54,53.6,3602,1934240,536.99,-112.917807,-112.917807,-112.917807,0,-9.582193,-9.582193,down,down,down,1,1,1.08486,9.582193,0,1,S2_fixed_70,-79.0424649,lambda=0.7; threshold=50,0,1147.538802,0,23996.371168,-33.875342,495.472074,245492.576312,0,0.009397,0,0.072438,0.098442,0.027511
2018-08-07,2018-08-06,70,70,9265,8230,国内成品油价格按机制上调,https://www.ndrc.gov.cn/xwdt/ztzl/gncpyjg/201808/t20180806_1292978.html,70,8747.5,1,up,70,2018-08,72.669,10,0.168,0.231721,73.686,10,0.406,0.554039,69.736,10,-0.722,-1.024724,71.711,10,-0.158,-0.219844,72.501,10,0.0676,0.093327,2.3,4.1,51.3,54.2,53.8,3838,2051910,534.63,5.029272,5.029272,0,5.029272,64.970728,70,up,no_adjust,up,0,1,,,,,S2_fixed_70,0.0,lambda=0.7; threshold=50,0,0,0,6247.711257,0,495.472074,245492.576312,0,0,0,0.01886,0.098442,0.017595
2018-08-21,2018-08-20,-50,-50,9215,8180,国内成品油价格按机制下调,https://www.ndrc.gov.cn/xwdt/ztzl/gncpyjg/201808/t20180820_1292979.html,-50,8697.5,1,down,50,2018-08,71.121,10,-1.548,-2.130207,70.62,10,-3.066,-4.160899,67.025,10,-2.711,-3.887519,68.8225,10,-2.8885,-4.027973,69.5415,10,-2.9595,-4.082013,2.3,4.1,51.3,54.2,53.8,3838,2051910,534.63,-139.420946,-134.391674,-134.391674,0,89.420946,84.391674,down,down,down,1,1,0.372047,-84.391674,1,0,S2_fixed_70,-94.07417179999999,lambda=0.7; threshold=50,0,1625.500984,0,8849.9498,-40.317502,455.154572,207165.684413,0,0.013311,0,0.026715,0.083073,0.01913
2018-09-04,2018-09-03,180,170,9395,8350,国内成品油价格按机制上调,https://www.ndrc.gov.cn/xwdt/ztzl/gncpyjg/201809/t20180903_1292980.html,175,8872.5,1,up,175,2018-09,73.521,10,2.4,3.374531,74.424,10,3.804,5.386576,68.879,10,1.854,2.766132,71.6515,10,2.829,4.110574,72.7605,10,3.219,4.628891,2.5,3.6,50.8,54.9,54.1,3721,1994450,536,155.410963,155.410963,155.410963,0,19.589037,19.589037,up,up,up,1,1,1.126047,-19.589037,0,1,S2_fixed_70,108.7876741,lambda=0.7; threshold=50,11834.758036,2173.731068,17752.137054,41152.928522,46.623289,501.777861,251781.021689,0.0178,0.0178,0.02225,0.124228,0.100964,0.047351
2018-09-18,2018-09-17,145,145,9540,8495,国内成品油价格按机制上调,https://www.ndrc.gov.cn/xwdt/ztzl/gncpyjg/201809/t20180917_1292981.html,145,9017.5,1,up,145,2018-09,75.684,10,2.163,2.942017,77.376,10,2.952,3.966462,68.868,10,-0.011,-0.01597,73.0785,10,1.427,1.991584,74.7627,10,2.0022,2.751768,2.5,3.6,50.8,54.9,54.1,3721,1994450,536,97.346471,97.346471,97.346471,0,47.653529,47.653529,up,up,up,1,1,1.489525,-47.653529,0,1,S2_fixed_70,68.1425297,lambda=0.7; threshold=50,4643.404354,852.870187,6965.106531,1652.027763,29.203941,530.981802,281941.674268,0.006984,0.006984,0.00873,0.004987,0.113058,0.023032
2018-10-01,2018-09-30,240,230,9780,8725,国内成品油价格按机制上调,https://www.ndrc.gov.cn/xwdt/ztzl/gncpyjg/201809/t20180930_1292982.html,235,9252.5,1,up,235,2018-10,78.674,10,2.99,3.950637,80.406,10,3.03,3.915943,71.557,10,2.689,3.904571,75.9815,10,2.903,3.972441,77.7513,10,2.9886,3.997448,2.5,3.3,50.2,53.9,53.1,4080,2293980,562.25,144.416503,144.416503,144.416503,0,90.583497,90.583497,up,up,up,1,1,1.627238,-90.583497,0,1,S2_fixed_70,101.0915521,lambda=0.7; threshold=50,10219.501906,1877.05137,15329.252859,1085.638077,43.324951,574.306753,329828.246656,0.015371,0.015371,0.019213,0.003277,0.132261,0.032051
2018-10-20,2018-10-19,165,160,9945,8885,国内成品油价格按机制上调,https://www.ndrc.gov.cn/xwdt/ztzl/gncpyjg/201810/t20181019_1292983.html,162.5,9415,1,up,162.5,2018-10,80.647,10,1.973,2.507817,82.203,10,1.797,2.234908,72.107,10,0.55,0.768618,77.155,10,1.1735,1.544455,79.1742,10,1.4229,1.830066,2.5,3.3,50.2,53.9,53.1,4080,2293980,562.25,69.702848,69.702848,69.702848,0,92.797152,92.797152,up,up,up,1,1,2.331325,-92.797152,0,1,S2_fixed_70,0.0,lambda=0.7; threshold=50,0,4858.487019,0,10219.501906,69.702848,644.009601,414748.366309,0,0.039785,0,0.03085,0.166314,0.037531
2018-11-03,2018-11-02,-375,-365,9570,8520,国内成品油价格按机制下调,https://www.ndrc.gov.cn/xwdt/ztzl/gncpyjg/201811/t20181102_1292984.html,-370,9045,1,down,370,2018-11,75.948,10,-4.699,-5.826627,77.087,10,-5.116,-6.223617,66.845,10,-5.262,-7.297488,71.966,10,-5.189,-6.725423,74.0144,10,-5.1598,-6.517022,2.2,2.7,50,53.4,52.8,4287,2415680,563.49,-244.417086,-244.417086,-244.417086,0,-125.582914,-125.582914,down,down,down,1,1,1.513806,125.582914,0,1,S2_fixed_70,-171.0919602,lambda=0.7; threshold=50,0,5376.574074,0,29272.458845,-73.325126,570.684475,325680.770348,0,0.044027,0,0.088365,0.130597,0.04165
2018-11-17,2018-11-16,-510,-490,9060,8030,国内成品油价格按机制下调,https://www.ndrc.gov.cn/xwdt/ztzl/gncpyjg/201811/t20181116_1292985.html,-500,8545,1,down,500,2018-11,69.05,10,-6.898,-9.08253,68.858,10,-8.229,-10.674952,59.908,10,-6.937,-10.37774,64.383,10,-7.583,-10.53692,66.173,10,-7.8414,-10.594425,2.2,2.7,50,53.4,52.8,4287,2415680,563.49,-372.380386,-372.380386,-372.380386,0,-127.619614,-127.619614,down,down,down,1,1,1.342713,127.619614,0,1,S2_fixed_70,-260.6662702,lambda=0.7; threshold=50,0,12480.043669,0,8023.557012,-111.714116,458.970359,210653.7909,0,0.102195,0,0.024221,0.084472,0.036743
2018-12-01,2018-11-30,-540,-520,8520,7510,国内成品油价格按机制下调,https://www.ndrc.gov.cn/xwdt/ztzl/gncpyjg/201811/t20181130_1292986.html,-530,8015,1,down,530,2018-12,61.584,10,-7.466,-10.812455,60.692,10,-8.166,-11.859188,53.835,10,-6.073,-10.13721,57.848,10,-6.535,-10.150195,59.4532,10,-6.7198,-10.154897,1.9,0.9,49.4,53.8,52.6,4378,2130360,486.61,-318.858743,-318.858743,-318.858743,0,-211.141257,-211.141257,down,down,down,1,1,1.662178,211.141257,0,1,S2_fixed_70,-223.2011201,lambda=0.7; threshold=50,0,9150.380819,0,1403.637472,-95.657623,363.312737,131996.144576,0,0.07493,0,0.004237,0.05293,0.023561
2018-12-15,2018-12-14,-125,-120,8395,7390,国内成品油价格按机制下调,https://www.ndrc.gov.cn/xwdt/ztzl/gncpyjg/201812/t20181214_1292987.html,-122.5,7892.5,1,down,122.5,2018-12,59.422,10,-2.162,-3.510652,59.903,10,-0.789,-1.300007,52.036,10,-1.799,-3.341692,55.9695,10,-1.8785,-3.247303,57.5429,10,-1.9103,-3.213116,1.9,0.9,49.4,53.8,52.6,4378,2130360,486.61,-89.35416,-89.35416,-89.35416,0,-33.14584,-33.14584,down,down,down,1,1,1.370949,33.14584,0,1,S2_fixed_70,-62.54791199999999,lambda=0.7; threshold=50,0,718.574932,0,25809.453273,-26.806248,336.506489,113236.61687,0,0.005884,0,0.077911,0.045407,0.019675
2018-12-29,2018-12-28,-370,-355,8025,7035,国内成品油价格按机制下调,https://www.ndrc.gov.cn/xwdt/ztzl/gncpyjg/201812/t20181228_1292988.html,-362.5,7530,1,down,362.5,2018-12,55.541,10,-3.881,-6.531251,56.197,10,-3.706,-6.186668,48.041,10,-3.995,-7.677377,52.3995,10,-3.57,-6.378474,53.9185,10,-3.6244,-6.298605,1.9,0.9,49.4,53.8,52.6,4378,2130360,486.61,-171.149316,-171.149316,-171.149316,0,-191.350684,-191.350684,down,down,down,1,1,2.118034,191.350684,0,1,S2_fixed_70,-119.8045212,lambda=0.7; threshold=50,0,2636.287953,0,3278.319297,-51.344795,285.161694,81317.191611,0,0.021588,0,0.009896,0.032608,0.010693
2019-01-15,2019-01-14,105,105,8130,7140,国内成品油价格按机制上调,https://www.ndrc.gov.cn/xwdt/ztzl/gncpyjg/201901/t20190114_1292989.html,105,7635,1,up,105,2019-01,55.429,10,-0.112,-0.201653,55.817,10,-0.38,-0.676193,48.452,10,0.411,0.855519,52.1345,10,-0.265,-0.50573,53.6075,10,-0.311,-0.576796,1.7,0.1,49.5,54.7,53.2,4260,1867880,438.47,-13.037145,-13.037145,0,-13.037145,118.037145,105,down,no_adjust,up,0,1,,,,,S2_fixed_70,0.0,lambda=0.7; threshold=50,0,0,0,14353.1233,0,285.161694,81317.191611,0,0,0,0.043328,0.032608,0.01139
2019-01-29,2019-01-28,245,230,8375,7370,国内成品油价格按机制上调,https://www.ndrc.gov.cn/xwdt/ztzl/gncpyjg/201901/t20190128_1292990.html,237.5,7872.5,1,up,237.5,2019-01,60.047,10,4.618,8.331379,60.586,10,4.769,8.543992,52.256,10,3.804,7.851069,56.274,10,4.1395,7.94004,57.8812,10,4.2737,7.972205,1.7,0.1,49.5,54.7,53.2,4260,1867880,438.47,205.740204,192.703059,192.703059,0,31.759796,44.796941,up,up,up,1,1,1.232466,-44.796941,0,1,S2_fixed_70,134.8921413,lambda=0.7; threshold=50,18195.889784,3342.102205,24382.492311,18195.889784,57.810918,342.972611,117630.212239,0.027367,0.027367,0.03056,0.054928,0.047169,0.03527
2019-02-15,2019-02-14,50,50,8425,7420,国内成品油价格按机制上调,https://www.ndrc.gov.cn/xwdt/ztzl/gncpyjg/201902/t20190214_1292991.html,50,7922.5,1,up,50,2019-02,61.801,10,1.754,2.921045,62,10,1.414,2.333873,53.617,10,1.361,2.604486,57.8085,10,1.5345,2.726837,59.4851,10,1.6039,2.771021,1.5,0.1,49.2,54.3,52.4,3923,1723480,439.33,78.339989,78.339989,78.339989,0,-28.339989,-28.339989,up,up,up,1,1,0.638244,28.339989,1,0,S2_fixed_70,54.837992299999996,lambda=0.7; threshold=50,3007.205399,552.343849,3909.367019,6408.666772,23.501997,366.474608,134303.638455,0.004523,0.004523,0.0049,0.019346,0.053855,0.01424
2019-03-01,2019-02-28,270,260,8695,7680,国内成品油价格按机制上调,https://www.ndrc.gov.cn/xwdt/ztzl/gncpyjg/201902/t20190228_1292992.html,265,8187.5,1,up,265,2019-03,65.441,10,3.64,5.889872,65.664,10,3.664,5.909677,55.844,10,2.227,4.153533,60.597,10,2.7885,4.823685,62.4982,10,3.0131,5.065302,2.3,0.4,50.5,54.8,54,3934,1856320,471.87,145.585619,145.585619,145.585619,0,119.414381,119.414381,up,up,up,1,1,1.820235,-119.414381,0,1,S2_fixed_70,101.9099333,lambda=0.7; threshold=50,10385.634505,1907.565521,15163.026378,2215.76763,43.675686,410.150294,168223.263586,0.01562,0.01562,0.019005,0.006689,0.067457,0.022902
2019-03-14,2019-03-14,0,0,8695,7680,3月14日国内成品油价格不作调整,https://www.ndrc.gov.cn/xwdt/ztzl/gncpyjg/201903/t20190314_1292993.html,0,8187.5,0,no_adjust,0,2019-03,65.474,10,0.033,0.050427,64.869,10,-0.795,-1.210709,56.666,10,0.822,1.471958,60.7675,10,0.1705,0.281367,62.4081,10,-0.0901,-0.144164,2.3,0.4,50.5,54.8,54,3934,1856320,471.87,-2.496016,-2.496016,0,-2.496016,2.496016,0,down,no_adjust,no_adjust,0,0,,,,,S2_fixed_70,0.0,lambda=0.7; threshold=50,0,0,0,10385.634505,0,410.150294,168223.263586,0,0,0,0.031351,0.067457,0.014821
2019-03-29,2019-03-28,80,80,8775,7760,国内成品油价格按机制上调,https://www.ndrc.gov.cn/xwdt/ztzl/gncpyjg/201903/t20190328_1292994.html,80,8267.5,1,up,80,2019-03,67.068,10,1.594,2.434554,67.124,10,2.255,3.476237,59.225,10,2.559,4.515935,63.1745,10,2.407,3.960999,64.7543,10,2.3462,3.759448,2.3,0.4,50.5,54.8,54,3934,1856320,471.87,113.761811,111.265795,111.265795,0,-33.761811,-31.265795,up,up,up,1,1,0.718999,31.265795,1,0,S2_fixed_70,77.8860565,lambda=0.7; threshold=50,6066.237797,1114.206942,8856.707184,6066.237797,33.379739,443.530032,196718.889641,0.009124,0.009124,0.011101,0.018312,0.078884,0.02146
2019-04-01,2019-03-29,-225,-200,8550,7560,国内成品油价格因增值税税率调整相应下调,https://www.ndrc.gov.cn/xwdt/ztzl/gncpyjg/201903/t20190329_1292995.html,-212.5,8055,1,down,212.5,2019-04,66.977,10,-0.091,-0.135683,67.114,10,-0.01,-0.014898,59.295,10,0.07,0.118193,63.2045,10,0.03,0.047488,64.7683,10,0.014,0.02162,2.5,0.9,50.1,54.3,53.4,4373,2148650,491.34,2.471533,2.471533,0,2.471533,-214.971533,-212.5,up,no_adjust,down,0,1,,,,,S2_fixed_70,0.0,lambda=0.7; threshold=50,0,0,0,6066.237797,0,443.530032,196718.889641,0,0,0,0.018312,0.078884,0.014579
2019-04-13,2019-04-12,155,150,8705,7710,国内成品油价格按机制上调,https://www.ndrc.gov.cn/xwdt/ztzl/gncpyjg/201904/t20190412_1292996.html,152.5,8207.5,1,up,152.5,2019-04,69.267,10,2.29,3.419084,70.07,10,2.956,4.404446,62.864,10,3.569,6.019057,66.467,10,3.2625,5.161816,67.9082,10,3.1399,4.847896,2.5,0.9,50.1,54.3,53.4,4373,2148650,491.34,151.63639,154.107923,154.107923,0,0.86361,-1.607923,up,up,up,1,1,0.989566,1.607923,1,0,S2_fixed_70,107.8755461,lambda=0.7; threshold=50,11637.133446,2137.432674,17455.70017,11637.133446,46.232377,489.762409,239867.217563,0.017503,0.017503,0.021878,0.035129,0.096186,0.033043
2019-04-27,2019-04-26,195,185,8900,7895,国内成品油价格按机制上调,https://www.ndrc.gov.cn/xwdt/ztzl/gncpyjg/201904/t20190426_1292997.html,190,8397.5,1,up,190,2019-04,71.609,10,2.342,3.381119,71.999,10,1.929,2.752961,64.576,10,1.712,2.723339,68.2875,10,1.8205,2.738953,69.7721,10,1.8639,2.744735,2.5,0.9,50.1,54.3,53.4,4373,2148650,491.34,90.746932,90.746932,90.746932,0,99.253068,99.253068,up,up,up,1,1,2.093735,-99.253068,0,1,S2_fixed_70,63.5228524,lambda=0.7; threshold=50,4035.152777,741.15051,6052.729166,1967.161438,27.22408,516.986489,267275.029705,0.006069,0.006069,0.007586,0.005938,0.107177,0.021595
2019-05-14,2019-05-13,-75,-75,8825,7820,国内成品油价格按机制下调,https://www.ndrc.gov.cn/xwdt/ztzl/gncpyjg/201905/t20190513_1292998.html,-75,8322.5,1,down,75,2019-05,70.745,10,-0.864,-1.206552,71.419,10,-0.58,-0.805567,62.357,10,-2.219,-3.436261,66.888,10,-1.3995,-2.049423,68.7004,10,-1.0717,-1.536001,2.7,0.6,49.4,54.3,53.3,4023,2107140,523.77,-49.336997,-49.336997,0,-49.336997,-25.663003,-75,down,no_adjust,down,0,1,,,,,S2_fixed_70,0.0,lambda=0.7; threshold=50,0,0,0,4035.152777,0,516.986489,267275.029705,0,0,0,0.012181,0.107177,0.017904
2019-05-28,2019-05-27,50,50,8875,7870,国内成品油价格按机制上调,https://www.ndrc.gov.cn/xwdt/ztzl/gncpyjg/201905/t20190527_1292999.html,50,8372.5,1,up,50,2019-05,70.948,10,0.203,0.286946,72.105,10,0.686,0.960529,61.413,10,-0.944,-1.513864,66.759,10,-0.129,-0.19286,68.8974,10,0.197,0.286752,2.7,0.6,49.4,54.3,53.3,4023,2107140,523.77,11.204112,-38.132885,0,-38.132885,38.795888,50,up,no_adjust,up,0,1,,,,,S2_fixed_70,0.0,lambda=0.7; threshold=50,0,0,0,0,0,516.986489,267275.029705,0,0,0,0,0.107177,0.016077
2019-06-12,2019-06-11,-465,-445,8410,7425,国内成品油价格按机制下调,https://www.ndrc.gov.cn/xwdt/ztzl/gncpyjg/201906/t20190611_1293000.html,-455,7917.5,1,down,455,2019-06,63.872,10,-7.076,-9.973502,65.72,10,-6.385,-8.855142,54.59,10,-6.823,-11.110026,60.155,10,-6.604,-9.892299,62.381,10,-6.5164,-9.458122,2.7,0,49.4,54.2,53,3958,2017356.1,509.69,-309.152696,-347.285581,-347.285581,0,-145.847304,-107.714419,down,down,down,1,1,1.310161,107.714419,0,1,S2_fixed_70,-243.09990669999996,lambda=0.7; threshold=50,0,10854.654729,0,59097.564638,-104.185674,412.800815,170404.512534,0,0.088885,0,0.178398,0.068332,0.054787
2019-06-26,2019-06-25,-120,-115,8290,7310,国内成品油价格按机制下调,https://www.ndrc.gov.cn/xwdt/ztzl/gncpyjg/201906/t20190625_1293001.html,-117.5,7800,1,down,117.5,2019-06,62.586,10,-1.286,-2.013402,63.698,10,-2.022,-3.076689,54.078,10,-0.512,-0.937901,58.888,10,-1.267,-2.106226,60.812,10,-1.569,-2.515189,2.7,0,49.4,54.2,53,3958,2017356.1,509.69,-73.067661,-73.067661,-73.067661,0,-44.432339,-44.432339,down,down,down,1,1,1.608099,44.432339,0,1,S2_fixed_70,-51.147362699999995,lambda=0.7; threshold=50,0,480.499478,0,36845.779148,-21.920298,390.880516,152787.578023,0,0.003935,0,0.111226,0.061267,0.026661
2019-07-10,2019-07-09,150,140,8440,7450,国内成品油价格按机制上调,https://www.ndrc.gov.cn/xwdt/ztzl/gncpyjg/201907/t20190709_1293002.html,145,7945,1,up,145,2019-07,64.565,10,1.979,3.162049,65.148,10,1.45,2.276367,57.858,10,3.78,6.989903,61.668,10,2.78,4.720826,63.192,10,2.38,3.913701,2.8,-0.3,49.7,53.7,53.1,4104,1960366.9,477.67,115.374713,115.374713,115.374713,0,29.625287,29.625287,up,up,up,1,1,1.256775,-29.625287,0,1,S2_fixed_70,80.76229909999999,lambda=0.7; threshold=50,6522.548956,1198.019196,10175.176371,17400.158876,34.612414,425.49293,181044.23365,0.00981,0.00981,0.012753,0.052526,0.072598,0.026372
2019-07-23,2019-07-23,0,0,8440,7450,7月23日国内成品油价格不作调整,https://www.ndrc.gov.cn/xwdt/ztzl/gncpyjg/201907/t20190723_1293003.html,0,7945,0,no_adjust,0,2019-07,65.32,10,0.755,1.169364,64.51,10,-0.638,-0.979309,57.738,10,-0.12,-0.207404,61.124,10,-0.544,-0.882143,62.4784,10,-0.7136,-1.129257,2.8,-0.3,49.7,53.7,53.1,4104,1960366.9,477.67,-32.248819,-32.248819,0,-32.248819,32.248819,0,down,no_adjust,no_adjust,0,0,,,,,S2_fixed_70,0.0,lambda=0.7; threshold=50,0,0,0,6522.548956,0,425.49293,181044.23365,0,0,0,0.01969,0.072598,0.013843
2019-08-07,2019-08-06,-80,-70,8360,7380,国内成品油价格按机制下调,https://www.ndrc.gov.cn/xwdt/ztzl/gncpyjg/201908/t20190806_1293004.html,-75,7870,1,down,75,2019-08,63.634,10,-1.686,-2.581139,62.429,10,-2.081,-3.225856,56.176,10,-1.562,-2.705324,59.3025,10,-1.8215,-2.980008,60.5531,10,-1.9253,-3.081545,2.8,-0.8,49.5,53.8,53,4217,1979320.4,469.37,-90.069945,-122.318764,-122.318764,0,15.069945,47.318764,down,down,down,1,1,0.613152,-47.318764,1,0,S2_fixed_70,-85.6231348,lambda=0.7; threshold=50,0,1346.569202,0,7331.321213,-36.695629,388.797301,151163.341265,0,0.011027,0,0.022131,0.060616,0.014617
2019-08-21,2019-08-20,-210,-205,8150,7175,国内成品油价格按机制下调,https://www.ndrc.gov.cn/xwdt/ztzl/gncpyjg/201908/t20190820_1293005.html,-207.5,7662.5,1,down,207.5,2019-08,58.687,10,-4.947,-7.774146,57.837,10,-4.592,-7.355556,54.452,10,-1.724,-3.068926,56.1445,10,-3.158,-5.325239,56.8215,10,-3.7316,-6.162525,2.8,-0.8,49.5,53.8,53,4217,1979320.4,469.37,-176.264794,-176.264794,-176.264794,0,-31.235206,-31.235206,down,down,down,1,1,1.177206,31.235206,0,1,S2_fixed_70,-123.38535579999999,lambda=0.7; threshold=50,0,2796.234984,0,1425.985335,-52.879438,335.917863,112840.810548,0,0.022897,0,0.004305,0.045249,0.012013
2019-09-04,2019-09-03,115,105,8265,7280,国内成品油价格按机制上调,https://www.ndrc.gov.cn/xwdt/ztzl/gncpyjg/201909/t20190903_1293006.html,110,7772.5,1,up,110,2019-09,59.82,10,1.133,1.930581,59.576,10,1.739,3.006726,55.351,10,0.899,1.650995,57.5255,10,1.381,2.459724,58.3953,10,1.5738,2.769726,3,-1.2,49.8,53.7,53.1,4124,1854637.8,449.72,76.903647,76.903647,76.903647,0,33.096353,33.096353,up,up,up,1,1,1.430361,-33.096353,0,1,S2_fixed_70,53.8325529,lambda=0.7; threshold=50,2897.943752,532.275383,4636.710003,31406.187164,23.071094,358.988957,128873.071176,0.004359,0.004359,0.005812,0.094806,0.051678,0.025387
2019-09-19,2019-09-18,125,125,8390,7405,国内成品油价格按机制上调,https://www.ndrc.gov.cn/xwdt/ztzl/gncpyjg/201909/t20190918_1293007.html,125,7897.5,1,up,125,2019-09,62.196,10,2.376,3.971916,63.236,10,3.66,6.143413,57.216,10,1.865,3.369406,60.226,10,2.7005,4.69444,61.43,10,3.0347,5.196822,3,-1.2,49.8,53.7,53.1,4124,1854637.8,449.72,146.61635,146.61635,146.61635,0,-21.61635,-21.61635,up,up,up,1,1,0.852565,21.61635,1,0,S2_fixed_70,102.631445,lambda=0.7; threshold=50,10533.213503,1934.671868,16853.141604,2381.33187,43.984905,402.973862,162387.933375,0.015842,0.015842,0.021123,0.007189,0.065117,0.023256
2019-10-08,2019-10-08,0,0,8390,7405,10月8日国内成品油价格不作调整,https://www.ndrc.gov.cn/xwdt/ztzl/gncpyjg/201910/t20191008_1293008.html,0,7897.5,0,no_adjust,0,2019-10,60.635,10,-1.561,-2.509808,60.667,10,-2.569,-4.062559,54.416,10,-2.8,-4.893736,57.5415,10,-2.6845,-4.457377,58.7917,10,-2.6383,-4.294807,3.8,-1.6,49.3,52.8,52,4551,2073141.2,455.54,-124.0936,-124.0936,-124.0936,0,124.0936,124.0936,down,down,no_adjust,1,0,0,-124.0936,1,0,S2_fixed_70,-86.86551999999999,lambda=0.7; threshold=50,0,1385.92994,0,35909.099744,-37.22808,365.745782,133769.976978,0,0.011349,0,0.108399,0.053641,0.026576
2019-10-22,2019-10-21,-150,-145,8240,7260,国内成品油价格按机制下调,https://www.ndrc.gov.cn/xwdt/ztzl/gncpyjg/201910/t20191021_1293009.html,-147.5,7750,1,down,147.5,2019-10,59.452,10,-1.183,-1.951018,59.358,10,-1.309,-2.15768,53.38,10,-1.036,-1.903852,56.369,10,-1.1725,-2.03766,57.5646,10,-1.2271,-2.087199,3.8,-1.6,49.3,52.8,52,4551,2073141.2,455.54,-56.752531,-56.752531,-56.752531,0,-90.747469,-90.747469,down,down,down,1,1,2.599003,90.747469,0,1,S2_fixed_70,0.0,lambda=0.7; threshold=50,0,3220.849775,0,7545.618565,-56.752531,308.993251,95476.829102,0,0.026375,0,0.022778,0.038286,0.014434
2019-11-05,2019-11-04,105,105,8345,7365,国内成品油价格按机制上调,https://www.ndrc.gov.cn/xwdt/ztzl/gncpyjg/201911/t20191104_1293010.html,105,7855,1,up,105,2019-11,60.853,10,1.401,2.356523,60.487,10,1.129,1.902018,55.187,10,1.807,3.385163,57.837,10,1.468,2.604268,58.897,10,1.3324,2.314617,4.5,-1.4,50.2,54.4,53.7,4574,2089499.4,456.82,65.384277,65.384277,65.384277,0,39.615723,39.615723,up,up,up,1,1,1.605891,-39.615723,0,1,S2_fixed_70,0.0,lambda=0.7; threshold=50,0,4275.103679,0,0,65.384277,374.377528,140158.533397,0,0.035007,0,0,0.056203,0.015432
2019-11-19,2019-11-18,70,65,8415,7430,国内成品油价格按机制上调,https://www.ndrc.gov.cn/xwdt/ztzl/gncpyjg/201911/t20191118_1293011.html,67.5,7922.5,1,up,67.5,2019-11,62.494,10,1.641,2.696662,62.477,10,1.99,3.289963,56.715,10,1.528,2.768768,59.4755,10,1.6385,2.832962,60.5797,10,1.6827,2.857022,4.5,-1.4,50.2,54.4,53.7,4574,2089499.4,456.82,82.100247,82.100247,82.100247,0,-14.600247,-14.600247,up,up,up,1,1,0.822166,14.600247,1,0,S2_fixed_70,57.470172899999994,lambda=0.7; threshold=50,3302.820773,606.64055,6275.359469,3302.820773,24.630074,399.007602,159207.066454,0.004968,0.004968,0.007865,0.00997,0.063842,0.015274
2019-12-03,2019-12-02,55,50,8470,7480,国内成品油价格按机制上调,https://www.ndrc.gov.cn/xwdt/ztzl/gncpyjg/201912/t20191202_1293012.html,52.5,7975,1,up,52.5,2019-12,63.671,10,1.177,1.883381,64.251,10,1.774,2.839445,57.432,10,0.717,1.264216,60.7735,10,1.298,2.182411,62.1101,10,1.5304,2.526259,4.5,-0.5,50.2,53.5,53.4,4548,2192920,482.17,74.832641,74.832641,74.832641,0,-22.332641,-22.332641,up,up,up,1,1,0.701566,22.332641,1,0,S2_fixed_70,52.3828487,lambda=0.7; threshold=50,2743.962838,503.993174,5213.529392,25.880868,22.449792,421.457394,177626.33521,0.004127,0.004127,0.006534,0.000078,0.071228,0.014187
2019-12-16,2019-12-16,0,0,8470,7480,12月16日国内成品油价格不作调整,https://www.ndrc.gov.cn/xwdt/ztzl/gncpyjg/201912/t20191216_1293013.html,0,7975,0,no_adjust,0,2019-12,64.769,10,1.098,1.72449,65.606,10,1.355,2.108917,58.444,10,1.012,1.762084,62.025,10,1.2515,2.059286,63.4574,10,1.3473,2.169212,4.5,-0.5,50.2,53.5,53.4,4548,2192920,482.17,66.095291,66.095291,66.095291,0,-66.095291,-66.095291,up,up,no_adjust,1,0,0,66.095291,1,0,S2_fixed_70,0.0,lambda=0.7; threshold=50,0,4368.587492,0,2743.962838,66.095291,487.552685,237707.620943,0,0.035773,0,0.008283,0.09532,0.022695
2019-12-31,2019-12-30,235,230,8705,7710,国内成品油价格按机制上调,https://www.ndrc.gov.cn/xwdt/ztzl/gncpyjg/201912/t20191230_1293014.html,232.5,8207.5,1,up,232.5,2019-12,67.828,10,3.059,4.722938,68.687,10,3.081,4.696217,60.902,10,2.458,4.205735,64.7945,10,2.7695,4.465135,66.3515,10,2.8941,4.560697,4.5,-0.5,50.2,53.5,53.4,4548,2192920,482.17,139.907057,139.907057,139.907057,0,92.592943,92.592943,up,up,up,1,1,1.661818,-92.592943,0,1,S2_fixed_70,97.9349399,lambda=0.7; threshold=50,9591.252453,1761.658614,18223.379661,9591.252453,41.972117,529.524802,280396.516357,0.014426,0.014426,0.022841,0.028953,0.112438,0.03341
2020-01-14,2020-01-14,0,0,8705,7710,1月14日国内成品油价格不作调整,https://www.ndrc.gov.cn/xwdt/ztzl/gncpyjg/202001/t20200114_1293015.html,0,8207.5,0,no_adjust,0,2020-01,68.373,10,0.545,0.803503,67.599,10,-1.088,-1.583997,60.934,10,0.032,0.052543,64.2665,10,-0.528,-0.814884,65.5995,10,-0.752,-1.133358,5.4,0.1,50,54.1,53,,,,-34.081229,-34.081229,0,-34.081229,34.081229,0,down,no_adjust,no_adjust,0,0,,,,,S2_fixed_70,0.0,lambda=0.7; threshold=50,0,0,0,9591.252453,0,529.524802,280396.516357,0,0,0,0.028953,0.112438,0.021209
2020-02-05,2020-02-04,-420,-405,8285,7305,国内成品油价格按机制下调,https://www.ndrc.gov.cn/xwdt/ztzl/gncpyjg/202002/t20200204_1293016.html,-412.5,7795,1,down,412.5,2020-02,61.266,10,-7.107,-10.394454,59.323,10,-8.276,-12.242785,53.815,10,-7.119,-11.683133,56.569,10,-7.6975,-11.977469,57.6706,10,-7.9289,-12.08683,5.2,-0.4,35.7,29.6,28.9,8609,4218444.2,490,-376.555799,-410.637029,-410.637029,0,-35.944201,-1.862971,down,down,down,1,1,1.004537,1.862971,0,1,S2_fixed_70,-287.44592029999995,lambda=0.7; threshold=50,0,15176.049263,0,82625.157097,-123.191109,406.333694,165107.070636,0,0.124272,0,0.249421,0.066207,0.072199
2020-02-19,2020-02-18,-415,-400,7870,6905,国内成品油价格按机制下调,https://www.ndrc.gov.cn/xwdt/ztzl/gncpyjg/202002/t20200218_1293017.html,-407.5,7387.5,1,down,407.5,2020-02,55.451,10,-5.815,-9.491398,55.344,10,-3.979,-6.707348,50.596,10,-3.219,-5.981604,52.7785,10,-3.7905,-6.700666,53.6515,10,-4.0191,-6.969062,5.2,-0.4,35.7,29.6,28.9,8609,4218444.2,490,-189.98401,-189.98401,-189.98401,0,-217.51599,-217.51599,down,down,down,1,1,2.144917,217.51599,0,1,S2_fixed_70,-132.988807,lambda=0.7; threshold=50,0,3248.453165,0,23856.999849,-56.995203,349.338491,122037.381085,0,0.026601,0,0.072017,0.048937,0.023463
2020-03-03,2020-03-03,0,0,7870,6905,3月3日国内成品油价格不作调整,https://www.ndrc.gov.cn/xwdt/ztzl/gncpyjg/202003/t20200303_1293018.html,0,7387.5,0,no_adjust,0,2020-03,55.218,10,-0.233,-0.420191,55.822,10,0.478,0.863689,50.113,10,-0.483,-0.954621,52.9675,10,0.189,0.3581,54.1093,10,0.4578,0.853285,4.3,-1.5,52,52.3,52.3,4110,1673864.3,407.27,23.64923,23.64923,0,23.64923,-23.64923,0,up,no_adjust,no_adjust,0,0,,,,,S2_fixed_70,0.0,lambda=0.7; threshold=50,0,0,0,17686.022787,0,349.338491,122037.381085,0,0,0,0.053389,0.048937,0.015349
2020-03-18,2020-03-17,-1015,-975,6855,5930,国内成品油价格按机制下调,https://www.ndrc.gov.cn/xwdt/ztzl/gncpyjg/202003/t20200317_1293019.html,-995,6392.5,1,down,995,2020-03,40.882,10,-14.336,-25.962548,39.759,10,-16.063,-28.775393,37.198,10,-12.915,-25.771756,38.4785,10,-14.489,-27.35451,38.9907,10,-15.1186,-27.940853,4.3,-1.5,52,52.3,52.3,4110,1673864.3,407.27,-719.641173,-695.991942,-695.991942,0,-275.358827,-299.008058,down,down,down,1,1,1.429614,299.008058,0,1,S2_fixed_70,-487.19435939999994,lambda=0.7; threshold=50,0,43596.4305,0,237358.343831,-208.797583,140.540908,19751.74685,0,0.356998,0,0.716514,0.00792,0.180065
2020-03-31,2020-03-31,0,0,6855,5930,3月31日国内成品油价格不作调整,https://www.ndrc.gov.cn/xwdt/ztzl/gncpyjg/202003/t20200331_1293020.html,0,6392.5,0,no_adjust,0,2020-03,26.312,10,-14.57,-35.639157,23.929,10,-15.83,-39.814885,20.33,10,-16.868,-45.346524,22.1295,10,-16.349,-42.488662,22.8493,10,-16.1414,-41.398077,4.3,-1.5,52,52.3,52.3,4110,1673864.3,407.27,-768.448177,-768.448177,-768.448177,0,768.448177,768.448177,down,down,no_adjust,1,0,0,-768.448177,1,0,S2_fixed_70,-537.9137238999999,lambda=0.7; threshold=50,0,53146.134066,0,2572.453935,-230.534453,-89.993545,8098.838142,0,0.435197,0,0.007765,0.003247,0.088691
2020-04-15,2020-04-15,0,0,6855,5930,4月15日国内成品油价格不作调整,https://www.ndrc.gov.cn/xwdt/ztzl/gncpyjg/202004/t20200415_1293021.html,0,6392.5,0,no_adjust,0,2020-04,21.137,10,-5.175,-19.667832,20.545,10,-3.384,-14.141836,23.446,10,3.116,15.327103,21.5825,10,-0.547,-2.471814,21.1675,10,-1.6818,-7.360401,3.3,-3.1,50.8,53.2,53.4,4043,1088790.5,269.3,-78.450366,-78.450366,-78.450366,0,78.450366,78.450366,down,down,no_adjust,1,0,0,-78.450366,1,0,S2_fixed_70,-54.9152562,lambda=0.7; threshold=50,0,553.901393,0,233287.519801,-23.53511,-113.528655,12888.755461,0,0.004536,0,0.704226,0.005168,0.107316
2020-04-28,2020-04-28,0,0,6855,5930,4月28日国内成品油价格不作调整,https://www.ndrc.gov.cn/xwdt/ztzl/gncpyjg/202004/t20200428_1293022.html,0,6392.5,0,no_adjust,0,2020-04,15.699,10,-5.438,-25.727397,16.633,10,-3.912,-19.041129,10.703,10,-12.743,-54.350422,13.668,10,-7.9145,-36.670914,14.854,10,-6.3135,-29.826385,3.3,-3.1,50.8,53.2,53.4,4043,1088790.5,269.3,-299.470509,-299.470509,-299.470509,0,299.470509,299.470509,down,down,no_adjust,1,0,0,-299.470509,1,0,S2_fixed_70,-209.62935629999998,lambda=0.7; threshold=50,0,8071.432718,0,23936.45277,-89.841153,-203.369808,41359.278603,0,0.066094,0,0.072257,0.016585,0.026545
2020-05-14,2020-05-14,0,0,6855,5930,5月14日国内成品油价格不作调整,https://www.ndrc.gov.cn/xwdt/ztzl/gncpyjg/202005/t20200514_1293023.html,0,6392.5,0,no_adjust,0,2020-05,21.067,10,5.368,34.193261,22.884,10,6.251,37.581915,23.142,10,12.439,116.219751,22.5285,10,8.8605,64.826602,22.6707,10,7.8167,52.623536,2.4,-3.7,50.6,53.6,53.4,4797,946857.4,197.39,374.80866,374.80866,374.80866,0,-374.80866,-374.80866,up,up,no_adjust,1,0,0,374.80866,1,0,S2_fixed_70,262.36606199999994,lambda=0.7; threshold=50,68835.950489,12643.337845,101877.206724,222779.674896,112.442598,-90.92721,8267.757427,0.103532,0.103532,0.12769,0.672505,0.003315,0.179885
2020-05-28,2020-05-28,0,0,6855,5930,5月28日国内成品油价格不作调整,https://www.ndrc.gov.cn/xwdt/ztzl/gncpyjg/202005/t20200528_1293024.html,0,6392.5,0,no_adjust,0,2020-05,27.658,10,6.591,31.285897,32.509,10,9.625,42.059955,31.519,10,8.377,36.198254,32.014,10,9.4855,42.104445,32.212,10,9.5413,42.086482,2.4,-3.7,50.6,53.6,53.4,4797,946857.4,197.39,457.104867,457.104867,457.104867,0,-457.104867,-457.104867,up,up,no_adjust,1,0,0,457.104867,1,0,S2_fixed_70,319.9734069,lambda=0.7; threshold=50,102382.981123,18805.037349,151526.812062,3318.606186,137.13146,46.204251,2134.832774,0.153989,0.153989,0.189919,0.010018,0.000856,0.118406
2020-06-11,2020-06-11,0,0,6855,5930,6月11日国内成品油价格不作调整,https://www.ndrc.gov.cn/xwdt/ztzl/gncpyjg/202006/t20200611_1293025.html,0,6392.5,0,no_adjust,0,2020-06,34.672,10,7.014,25.359751,38.127,10,5.618,17.281368,37.254,10,5.735,18.195374,37.6905,10,5.6765,17.731305,37.8651,10,5.6531,17.549671,2.5,-3,50.9,54.4,54.2,521,273937.7,525.79,271.563808,271.563808,271.563808,0,-271.563808,-271.563808,up,up,no_adjust,1,0,0,271.563808,1,0,S2_fixed_70,190.09466559999998,lambda=0.7; threshold=50,36135.98189,6637.221163,54203.972834,16868.487442,81.469142,127.673393,16300.49528,0.05435,0.05435,0.067938,0.050921,0.006536,0.050061
2020-06-29,2020-06-28,120,110,6975,6040,国内成品油价格按机制上调,https://www.ndrc.gov.cn/xwdt/ztzl/gncpyjg/202006/t20200628_1293026.html,115,6507.5,1,up,115,2020-06,37.873,10,3.201,9.232234,41.321,10,3.194,8.377265,38.785,10,1.531,4.109626,40.053,10,2.3625,6.268158,40.5602,10,2.6951,7.117636,2.5,-3,50.9,54.4,54.2,521,273937.7,525.79,130.410974,130.410974,130.410974,0,-15.410974,-15.410974,up,up,up,1,1,0.881828,15.410974,1,0,S2_fixed_70,91.2876818,lambda=0.7; threshold=50,8333.440848,1530.631993,12500.161273,9762.820048,39.123292,166.796685,27821.134194,0.012534,0.012534,0.015667,0.029471,0.011156,0.015651
2020-07-11,2020-07-10,100,100,7075,6140,国内成品油价格按机制上调,https://www.ndrc.gov.cn/xwdt/ztzl/gncpyjg/202007/t20200710_1293027.html,100,6607.5,1,up,100,2020-07,41.56,10,3.687,9.735168,42.451,10,1.13,2.734687,39.823,10,1.038,2.676292,41.05,10,0.997,2.489202,41.5408,10,0.9806,2.417641,2.7,-2.4,51.1,54.2,54.1,5129,1434135.2,279.61,48.596729,48.596729,0,48.596729,51.403271,100,up,no_adjust,up,0,1,,,,,S2_fixed_70,0.0,lambda=0.7; threshold=50,0,0,0,8333.440848,0,166.796685,27821.134194,0,0,0,0.025156,0.011156,0.005447
2020-07-24,2020-07-24,0,0,7075,6140,7月24日国内成品油价格不作调整,https://www.ndrc.gov.cn/xwdt/ztzl/gncpyjg/202007/t20200724_1293028.html,0,6607.5,0,no_adjust,0,2020-07,43.719,10,2.159,5.194899,43.484,10,1.033,2.433394,40.887,10,1.064,2.671823,42.1855,10,1.1355,2.766139,42.7049,10,1.1641,2.802305,2.7,-2.4,51.1,54.2,54.1,5129,1434135.2,279.61,57.353168,105.949897,105.949897,0,-57.353168,-105.949897,up,up,no_adjust,1,0,0,105.949897,1,0,S2_fixed_70,74.1649279,lambda=0.7; threshold=50,5500.43653,1010.284261,8470.672257,5500.43653,31.784969,198.581654,39434.673425,0.008273,0.008273,0.010617,0.016604,0.015813,0.01124
2020-08-07,2020-08-07,0,0,7075,6140,8月7日国内成品油价格不作调整,https://www.ndrc.gov.cn/xwdt/ztzl/gncpyjg/202008/t20200807_1293029.html,0,6607.5,0,no_adjust,0,2020-08,43.832,10,0.113,0.258469,43.712,10,0.228,0.524331,41.134,10,0.247,0.604104,42.423,10,0.2375,0.56299,42.9386,10,0.2337,0.547244,2.4,-2,51,55.2,54.5,4748,1492292.6,314.3,12.9554,12.9554,0,12.9554,-12.9554,0,up,no_adjust,no_adjust,0,0,,,,,S2_fixed_70,0.0,lambda=0.7; threshold=50,0,0,0,5500.43653,0,198.581654,39434.673425,0,0,0,0.016604,0.015813,0.004863
2020-08-22,2020-08-21,85,80,7160,6220,国内成品油价格按机制上调,https://www.ndrc.gov.cn/xwdt/ztzl/gncpyjg/202008/t20200821_1293030.html,82.5,6690,1,up,82.5,2020-08,45.08,10,1.248,2.847235,44.678,10,0.966,2.209919,42.285,10,1.151,2.798172,43.4815,10,1.0585,2.495109,43.9601,10,1.0215,2.378978,2.4,-2,51,55.2,54.5,4748,1492292.6,314.3,50.548437,63.503837,63.503837,0,31.951563,18.996163,up,up,up,1,1,1.299134,-18.996163,0,1,S2_fixed_70,0.0,lambda=0.7; threshold=50,0,4032.737314,0,0,63.503837,262.085491,68688.80475,0,0.033023,0,0,0.027544,0.010736
2020-09-04,2020-09-04,0,0,7160,6220,9月4日国内成品油价格不作调整,https://www.ndrc.gov.cn/xwdt/ztzl/gncpyjg/202009/t20200904_1293031.html,0,6690,0,no_adjust,0,2020-09,45.312,10,0.232,0.514641,44.593,10,-0.085,-0.19025,42.65,10,0.365,0.86319,43.622,10,0.1405,0.323126,44.0104,10,0.0503,0.114422,1.7,-2.1,51.5,55.9,55.1,100,101019.8,1010.2,4.203733,4.203733,0,4.203733,-4.203733,0,up,no_adjust,no_adjust,0,0,,,,,S2_fixed_70,0.0,lambda=0.7; threshold=50,0,0,0,0,0,262.085491,68688.80475,0,0,0,0,0.027544,0.004132
2020-09-19,2020-09-18,-315,-300,6845,5920,国内成品油价格按机制下调,https://www.ndrc.gov.cn/xwdt/ztzl/gncpyjg/202009/t20200918_1293032.html,-307.5,6382.5,1,down,307.5,2020-09,40.604,10,-4.708,-10.390184,40.004,10,-4.589,-10.290853,38.726,10,-3.924,-9.200469,39.4675,10,-4.1545,-9.523864,39.7641,10,-4.2463,-9.648401,1.7,-2.1,51.5,55.9,55.1,100,101019.8,1010.2,-200.825769,-196.622036,-196.622036,0,-106.674231,-110.877964,down,down,down,1,1,1.563914,110.877964,0,1,S2_fixed_70,-137.6354252,lambda=0.7; threshold=50,0,3479.420254,0,18943.51027,-58.986611,203.09888,41249.15526,0,0.028492,0,0.057185,0.016541,0.016757
2020-10-09,2020-10-09,0,0,6845,5920,10月9日国内成品油价格不作调整,https://www.ndrc.gov.cn/xwdt/ztzl/gncpyjg/202010/t20201009_1293033.html,0,6382.5,0,no_adjust,0,2020-10,40.459,10,-0.145,-0.357108,40.455,10,0.451,1.127387,39.552,10,0.826,2.132934,40.0035,10,0.536,1.358079,40.1841,10,0.42,1.056229,0.5,-2.1,51.4,56.2,55.3,4256,1327523.7,311.92,21.845452,21.845452,0,21.845452,-21.845452,0,up,no_adjust,no_adjust,0,0,,,,,S2_fixed_70,0.0,lambda=0.7; threshold=50,0,0,0,18943.51027,0,203.09888,41249.15526,0,0,0,0.057185,0.016541,0.011059
2020-10-23,2020-10-22,80,70,6925,5990,国内成品油价格按机制上调,https://www.ndrc.gov.cn/xwdt/ztzl/gncpyjg/202010/t20201022_1293034.html,75,6457.5,1,up,75,2020-10,41.108,10,0.649,1.604093,41.323,10,0.868,2.145594,40.507,10,0.955,2.414543,40.915,10,0.9115,2.278551,41.0782,10,0.8941,2.225009,0.5,-2.1,51.4,56.2,55.3,4256,1327523.7,311.92,44.469035,66.314486,66.314486,0,30.530965,8.685514,up,up,up,1,1,1.130975,-8.685514,0,1,S2_fixed_70,0.0,lambda=0.7; threshold=50,0,4397.611053,0,0,66.314486,269.413366,72583.562049,0,0.036011,0,0,0.029106,0.011568
2020-11-06,2020-11-05,-160,-150,6765,5840,国内成品油价格按机制下调,https://www.ndrc.gov.cn/xwdt/ztzl/gncpyjg/202011/t20201105_1293035.html,-155,6302.5,1,down,155,2020-11,38.617,10,-2.491,-6.059648,38.715,10,-2.608,-6.311255,37.978,10,-2.529,-6.243365,38.3465,10,-2.5685,-6.277649,38.4939,10,-2.5843,-6.291171,-0.5,-1.5,52.1,56.4,55.7,280,42203,150.72,-121.516773,-121.516773,-121.516773,0,-33.483227,-33.483227,down,down,down,1,1,1.275544,33.483227,0,1,S2_fixed_70,-85.06174109999999,lambda=0.7; threshold=50,0,1328.969351,0,7235.499799,-36.455032,232.958335,54269.58566,0,0.010883,0,0.021842,0.021762,0.008717
2020-11-20,2020-11-19,150,145,6915,5985,2020年11月19日24时起国内成品油价格按机制上调,https://www.ndrc.gov.cn/xwdt/ztzl/gncpyjg/202011/t20201119_1293036.html,147.5,6450,1,up,147.5,2020-11,41.788,10,3.171,8.211409,41.506,10,2.791,7.209092,40.284,10,2.306,6.071936,40.895,10,2.5485,6.645978,41.1394,10,2.6455,6.872517,-0.5,-1.5,52.1,56.4,55.7,280,42203,150.72,128.044111,128.044111,128.044111,0,19.455889,19.455889,up,up,up,1,1,1.151947,-19.455889,0,1,S2_fixed_70,89.63087769999998,lambda=0.7; threshold=50,8033.694237,1475.576493,8033.694237,30517.511063,38.413233,271.371568,73642.527865,0.012083,0.012083,0.010069,0.092123,0.02953,0.026203
2020-12-04,2020-12-03,250,240,7165,6225,2020年12月3日24时起国内成品油价格按机制上调,https://www.ndrc.gov.cn/xwdt/ztzl/gncpyjg/202012/t20201203_1293037.html,245,6695,1,up,245,2020-12,45.697,10,3.909,9.35436,46.068,10,4.562,10.991182,43.461,10,3.177,7.886506,44.377,10,3.482,8.514488,44.7434,10,3.604,8.760458,0.2,-0.4,51.9,55.7,55.1,3847,1245360,323.72,173.782783,173.782783,173.782783,0,71.217217,71.217217,up,up,up,1,1,1.409806,-71.217217,0,1,S2_fixed_70,121.6479481,lambda=0.7; threshold=50,14798.223277,2718.04101,15390.152208,1025.092797,52.134835,323.506403,104656.392653,0.022257,0.022257,0.01929,0.003094,0.041967,0.021597
2020-12-18,2020-12-17,155,150,7320,6375,2020年12月17日24时起国内成品油价格按机制上调,https://www.ndrc.gov.cn/xwdt/ztzl/gncpyjg/202012/t20201217_1293038.html,152.5,6847.5,1,up,152.5,2020-12,48.751,10,3.054,6.683152,49.596,10,3.528,7.658244,46.453,10,2.992,6.884333,48.0245,10,3.6475,8.219348,48.6531,10,3.9097,8.738049,0.2,-0.4,51.9,55.7,55.1,3847,1245360,323.72,188.370484,188.370484,188.370484,0,-35.870484,-35.870484,up,up,up,1,1,0.809575,35.870484,1,0,S2_fixed_70,131.8593388,lambda=0.7; threshold=50,17386.885229,3193.509532,18082.360638,104.2725,56.511145,380.017548,144413.336788,0.026151,0.026151,0.022664,0.000315,0.057909,0.026167
2021-01-01,2020-12-31,90,85,7410,6460,2020年12月31日24时起国内成品油价格按机制上调,https://www.ndrc.gov.cn/xwdt/ztzl/gncpyjg/202012/t20201231_1293039.html,87.5,6935,1,up,87.5,2021-01,50.063,10,1.312,2.691227,50.868,10,1.272,2.564723,47.976,10,1.523,3.278583,49.422,10,1.3975,2.909973,50.0004,10,1.3473,2.769197,-0.3,0.3,51.3,52.4,52.8,4459,1612834.7,3617.03,66.095291,66.095291,66.095291,0,21.404709,21.404709,up,up,up,1,1,1.323846,-21.404709,0,1,S2_fixed_70,0.0,lambda=0.7; threshold=50,0,4368.587492,0,17386.885229,66.095291,446.112839,199016.665121,0,0.035773,0,0.052486,0.079805,0.026998
2021-01-16,2021-01-15,185,180,7595,6640,2021年1月15日24时起国内成品油价格按机制上调,https://www.ndrc.gov.cn/xwdt/ztzl/gncpyjg/202101/t20210115_1293040.html,182.5,7117.5,1,up,182.5,2021-01,53.503,10,3.44,6.871342,53.986,10,3.118,6.12959,51.033,10,3.057,6.371936,52.5095,10,3.0875,6.247218,53.1001,10,3.0997,6.19935,-0.3,0.3,51.3,52.4,52.8,4459,1612834.7,3617.03,149.718085,149.718085,149.718085,0,32.781915,32.781915,up,up,up,1,1,1.218958,-32.781915,0,1,S2_fixed_70,104.80265949999999,lambda=0.7; threshold=50,10983.597438,2017.395448,10983.597438,10983.597438,44.915426,491.028264,241108.756538,0.01652,0.01652,0.013767,0.033156,0.096684,0.030352
2021-01-30,2021-01-29,75,70,7670,6710,2021年1月29日24时起国内成品油价格按机制上调,https://www.ndrc.gov.cn/xwdt/ztzl/gncpyjg/202101/t20210129_1293041.html,72.5,7190,1,up,72.5,2021-01,54.842,10,1.339,2.502663,55.159,10,1.173,2.172786,52.749,10,1.716,3.36253,54.0315,10,1.522,2.898523,54.5445,10,1.4444,2.720146,-0.3,0.3,51.3,52.4,52.8,4459,1612834.7,3617.03,70.728806,70.728806,70.728806,0,1.771194,1.771194,up,up,up,1,1,1.025042,-1.771194,0,1,S2_fixed_70,0.0,lambda=0.7; threshold=50,0,5002.563998,0,10983.597438,70.728806,561.75707,315571.006257,0,0.040964,0,0.033156,0.126543,0.032148
2021-02-19,2021-02-18,275,265,7945,6975,2021年2月18日24时起国内成品油价格按机制上调,https://www.ndrc.gov.cn/xwdt/ztzl/gncpyjg/202102/t20210218_1293042.html,270,7460,1,up,270,2021-02,60.706,10,5.864,10.692535,61.666,10,6.507,11.796806,58.252,10,5.503,10.432425,59.7105,10,5.679,10.510536,60.2939,10,5.7494,10.540751,-0.2,1.7,50.6,51.4,51.6,4498,1783365.6,396.48,276.159149,276.159149,276.159149,0,-6.159149,-6.159149,up,up,up,1,1,0.977697,6.159149,1,0,S2_fixed_70,193.3114043,lambda=0.7; threshold=50,37369.299032,6863.748802,37369.299032,37369.299032,82.847745,644.604815,415515.367779,0.056205,0.056205,0.046838,0.112807,0.166621,0.078916
2021-03-04,2021-03-03,260,250,8205,7225,2021年3月3日24时起国内成品油价格按机制上调,https://www.ndrc.gov.cn/xwdt/ztzl/gncpyjg/202103/t20210303_1293043.html,255,7715,1,up,255,2021-03,63.35,10,2.644,4.355418,64.897,10,3.231,5.239516,61.237,10,2.985,5.124288,63.067,10,3.3565,5.621289,63.799,10,3.5051,5.813358,0.4,4.4,51.9,56.3,55.3,4966,2267884.9,456.68,169.063372,169.063372,169.063372,0,85.936628,85.936628,up,up,up,1,1,1.50831,-85.936628,0,1,S2_fixed_70,118.34436039999999,lambda=0.7; threshold=50,14005.387638,2572.418138,15125.81865,5620.057671,50.719012,695.323827,483475.224116,0.021065,0.021065,0.018958,0.016965,0.193873,0.045844
2021-03-18,2021-03-17,235,230,8440,7455,2021年3月17日24时起国内成品油价格按机制上调,https://www.ndrc.gov.cn/xwdt/ztzl/gncpyjg/202103/t20210317_1293044.html,232.5,7947.5,1,up,232.5,2021-03,66.413,10,3.063,4.835043,67.947,10,3.05,4.699755,64.651,10,3.414,5.575061,66.299,10,3.232,5.124709,66.9582,10,3.1592,4.951802,0.4,4.4,51.9,56.3,55.3,4966,2267884.9,456.68,152.557367,152.557367,152.557367,0,79.942633,79.942633,up,up,up,1,1,1.524017,-79.942633,0,1,S2_fixed_70,106.7901569,lambda=0.7; threshold=50,11404.137611,2094.63752,12316.46862,133.499619,45.76721,741.091037,549215.924974,0.017152,0.017152,0.015437,0.000403,0.220235,0.044674
2021-04-01,2021-03-31,-225,-220,8215,7235,2021年3月31日24时起国内成品油价格按机制下调,https://www.ndrc.gov.cn/xwdt/ztzl/gncpyjg/202103/t20210331_1293045.html,-222.5,7725,1,down,222.5,2021-04,63.154,10,-3.259,-4.907172,63.371,10,-4.576,-6.734661,60.772,10,-3.879,-5.999907,62.0715,10,-4.2275,-6.376416,62.5913,10,-4.3669,-6.52183,0.9,6.8,51.1,54.9,53.8,4036,1839330.1,455.73,-206.580682,-206.580682,-206.580682,0,-15.919318,-15.919318,down,down,down,1,1,1.077061,15.919318,0,1,S2_fixed_70,-144.6064774,lambda=0.7; threshold=50,0,3840.802036,0,63200.267737,-61.974205,679.116832,461199.671913,0,0.031451,0,0.190783,0.18494,0.062649
2021-04-15,2021-04-15,0,0,8215,7235,2021年4月15日国内成品油价格不作调整,https://www.ndrc.gov.cn/xwdt/ztzl/gncpyjg/202104/t20210415_1293046.html,0,7725,0,no_adjust,0,2021-04,61.748,10,-1.406,-2.226304,62.928,10,-0.443,-0.699058,60.039,10,-0.733,-1.206148,61.5745,10,-0.497,-0.80069,62.1159,10,-0.4754,-0.75953,0.9,6.8,51.1,54.9,53.8,4036,1839330.1,455.73,-20.882151,-20.882151,0,-20.882151,20.882151,0,down,no_adjust,no_adjust,0,0,,,,,S2_fixed_70,0.0,lambda=0.7; threshold=50,0,0,0,20911.033306,0,679.116832,461199.671913,0,0,0,0.063124,0.18494,0.03721
2021-04-29,2021-04-28,100,95,8315,7330,2021年4月28日24时起国内成品油价格按机制上调,https://www.ndrc.gov.cn/xwdt/ztzl/gncpyjg/202104/t20210428_1293047.html,97.5,7822.5,1,up,97.5,2021-04,64.138,10,2.39,3.870571,65.669,10,2.741,4.355772,62.569,10,2.53,4.213928,64.119,10,2.5445,4.132392,64.739,10,2.6231,4.222912,0.9,6.8,51.1,54.9,53.8,4036,1839330.1,455.73,126.975205,106.093054,106.093054,0,-29.475205,-8.593054,up,up,up,1,1,0.919005,8.593054,1,0,S2_fixed_70,74.26513779999999,lambda=0.7; threshold=50,5515.310692,1013.01625,6508.066617,5515.310692,31.827916,710.944749,505442.43542,0.008295,0.008295,0.008157,0.016649,0.202682,0.038672
2021-05-15,2021-05-14,100,100,8415,7430,2021年5月14日24时起国内成品油价格按机制上调,https://www.ndrc.gov.cn/xwdt/ztzl/gncpyjg/202105/t20210514_1293048.html,100,7922.5,1,up,100,2021-05,66.717,10,2.579,4.021017,68.638,10,2.969,4.521159,64.901,10,2.332,3.727085,66.7965,10,2.6775,4.175829,67.5331,10,2.7941,4.315946,1.3,9,51,55.2,54.2,4095,2039882.1,498.14,135.135156,135.135156,135.135156,0,-35.135156,-35.135156,up,up,up,1,1,0.74,35.135156,1,0,S2_fixed_70,94.5946092,lambda=0.7; threshold=50,8948.14009,1643.535935,11274.656513,413.287407,40.540547,751.485295,564730.149052,0.013458,0.013458,0.014131,0.001248,0.226456,0.043745
2021-05-28,2021-05-28,0,0,8415,7430,2021年5月28日国内成品油价格不作调整,https://www.ndrc.gov.cn/xwdt/ztzl/gncpyjg/202105/t20210528_1293049.html,0,7922.5,0,no_adjust,0,2021-05,66.662,10,-0.055,-0.082438,68.24,10,-0.398,-0.579854,65.157,10,0.256,0.394447,66.6985,10,-0.098,-0.146714,67.3151,10,-0.218,-0.322805,1.3,9,51,55.2,54.2,4095,2039882.1,498.14,-8.599277,-8.599277,0,-8.599277,8.599277,0,down,no_adjust,no_adjust,0,0,,,,,S2_fixed_70,0.0,lambda=0.7; threshold=50,0,0,0,8948.14009,0,751.485295,564730.149052,0,0,0,0.027012,0.226456,0.03802
2021-06-12,2021-06-11,175,170,8590,7600,2021年6月11日24时起国内成品油价格按机制上调,https://www.ndrc.gov.cn/xwdt/ztzl/gncpyjg/202106/t20210611_1293050.html,172.5,8095,1,up,172.5,2021-06,69.738,10,3.076,4.614323,70.667,10,2.427,3.556565,68.771,10,3.614,5.546603,69.719,10,3.0205,4.528588,70.0982,10,2.7831,4.134436,1.1,8.8,50.9,53.5,52.9,4012,2071889.6,516.42,134.610247,126.010969,126.010969,0,37.889753,46.489031,up,up,up,1,1,1.368928,-46.489031,0,1,S2_fixed_70,88.2076783,lambda=0.7; threshold=50,7780.594511,1429.088788,9492.325304,7780.594511,37.803291,789.288586,622976.47199,0.011702,0.011702,0.011897,0.023487,0.249813,0.049235
2021-06-29,2021-06-28,225,215,8815,7815,2021年6月28日24时起国内成品油价格按机制上调,https://www.ndrc.gov.cn/xwdt/ztzl/gncpyjg/202106/t20210628_1293051.html,220,8315,1,up,220,2021-06,72.892,10,3.154,4.522642,74.258,10,3.591,5.08158,72.515,10,3.744,5.444155,73.3865,10,3.6675,5.260402,73.7351,10,3.6369,5.188293,1.1,8.8,50.9,53.5,52.9,4012,2071889.6,516.42,175.352738,175.352738,175.352738,0,44.647262,44.647262,up,up,up,1,1,1.254614,-44.647262,0,1,S2_fixed_70,122.74691659999998,lambda=0.7; threshold=50,15066.805535,2767.372445,18381.502752,1192.958982,52.605821,841.894407,708786.193211,0.022661,0.022661,0.023039,0.003601,0.284223,0.059131
2021-07-13,2021-07-12,70,65,8885,7880,2021年7月12日24时起国内成品油价格按机制上调,https://www.ndrc.gov.cn/xwdt/ztzl/gncpyjg/202107/t20210712_1293052.html,67.5,8382.5,1,up,67.5,2021-07,74.224,10,1.332,1.827361,76.197,10,1.939,2.611166,73.793,10,1.278,1.762394,74.9005,10,1.514,2.06305,75.3435,10,1.6084,2.181322,1,9,50.4,53.3,52.4,4117,2208676.2,536.48,78.554724,78.554724,78.554724,0,-11.054724,-11.054724,up,up,up,1,1,0.859274,11.054724,1,0,S2_fixed_70,54.98830679999999,lambda=0.7; threshold=50,3023.713885,555.37602,3628.456662,4591.229202,23.566417,865.460825,749022.438917,0.004548,0.004548,0.004548,0.01386,0.300357,0.050316
2021-07-27,2021-07-26,-100,-95,8785,7785,2021年7月26日24时起国内成品油价格按机制下调,https://www.ndrc.gov.cn/xwdt/ztzl/gncpyjg/202107/t20210726_1293053.html,-97.5,8285,1,down,97.5,2021-07,72.683,10,-1.541,-2.076148,74.001,10,-2.196,-2.882003,71.436,10,-2.357,-3.19407,72.7185,10,-2.182,-2.913198,73.2315,10,-2.112,-2.803162,1,9,50.4,53.3,52.4,4117,2208676.2,536.48,-98.979084,-98.979084,-98.979084,0,1.479084,1.479084,down,down,down,1,1,0.985057,-1.479084,1,0,S2_fixed_70,-69.2853588,lambda=0.7; threshold=50,0,881.717316,0,15443.943962,-29.693725,835.767099,698506.644439,0,0.00722,0,0.046621,0.2801,0.050452
2021-08-09,2021-08-09,0,0,8785,7785,2021年8月9日国内成品油价格不作调整,https://www.ndrc.gov.cn/xwdt/ztzl/gncpyjg/202108/t20210809_1293373.html,0,8285,0,no_adjust,0,2021-08,72.934,10,0.251,0.345335,74.007,10,0.006,0.008108,71.125,10,-0.311,-0.435355,72.566,10,-0.1525,-0.209713,73.1424,10,-0.0891,-0.121669,0.8,9.5,50.1,47.5,48.9,4453,2427251.9,545.08,-2.448297,-2.448297,0,-2.448297,2.448297,0,down,no_adjust,no_adjust,0,0,,,,,S2_fixed_70,0.0,lambda=0.7; threshold=50,0,0,0,4800.460944,0,835.767099,698506.644439,0,0,0,0.014491,0.2801,0.044189
2021-08-24,2021-08-23,-250,-245,8535,7540,2021年8月23日24时起国内成品油价格按机制下调,https://www.ndrc.gov.cn/xwdt/ztzl/gncpyjg/202108/t20210823_1294332.html,-247.5,8037.5,1,down,247.5,2021-08,69.411,10,-3.523,-4.830395,69.586,10,-4.421,-5.973759,66.691,10,-4.434,-6.234095,68.1385,10,-4.4275,-6.101342,68.7175,10,-4.4249,-6.049706,0.8,9.5,50.1,47.5,48.9,4453,2427251.9,545.08,-209.348385,-211.796682,-211.796682,0,-38.151615,-35.703318,down,down,down,1,1,1.168574,35.703318,0,1,S2_fixed_70,-148.2576774,lambda=0.7; threshold=50,0,4037.205106,0,21980.338908,-63.539005,772.228095,596336.230398,0,0.033059,0,0.066352,0.23913,0.052434
2021-09-07,2021-09-06,140,140,8675,7680,2021年9月6日24时起国内成品油价格按机制上调,https://www.ndrc.gov.cn/xwdt/ztzl/gncpyjg/202109/t20210906_1296106.html,140,8177.5,1,up,140,2021-09,70.861,10,1.45,2.089006,71.266,10,1.68,2.414279,68.37,10,1.679,2.517581,69.4665,10,1.328,1.948972,70.1863,10,1.4688,2.137447,0.7,10.7,49.6,53.2,51.7,4104,2195876.9,535.06,71.89315,71.89315,71.89315,0,68.10685,68.10685,up,up,up,1,1,1.947334,-68.10685,0,1,S2_fixed_70,50.325205000000004,lambda=0.7; threshold=50,2532.626258,465.176252,2887.193934,39435.161182,21.567945,793.79604,630112.152802,0.003809,0.003809,0.003619,0.119043,0.252674,0.058376
2021-09-19,2021-09-18,90,85,8765,7765,2021年9月18日24时起国内成品油价格按机制上调,https://www.ndrc.gov.cn/xwdt/ztzl/gncpyjg/202109/t20210918_1297148.html,87.5,8265,1,up,87.5,2021-09,72.575,10,1.714,2.41882,73.071,10,1.805,2.532765,70.371,10,2.001,2.926722,71.753,10,2.2865,3.291515,72.3058,10,2.1195,3.01982,0.7,10.7,49.6,53.2,51.7,4104,2195876.9,535.06,102.943911,102.943911,102.943911,0,-15.443911,-15.443911,up,up,up,1,1,0.849977,15.443911,1,0,S2_fixed_70,72.06073769999999,lambda=0.7; threshold=50,5192.749918,953.770393,5919.734906,472.433382,30.883173,824.679213,680095.804519,0.00781,0.00781,0.00742,0.001426,0.272718,0.046491
2021-10-10,2021-10-09,345,330,9110,8095,2021年10月9日24时起国内成品油价格按机制上调,https://www.ndrc.gov.cn/xwdt/ztzl/gncpyjg/202110/t20211009_1298893.html,337.5,8602.5,1,up,337.5,2021-10,78.676,10,6.101,8.406476,80.228,10,7.157,9.794583,76.979,10,6.608,9.390232,78.6035,10,6.8505,9.547336,79.2533,10,6.9475,9.608496,1.5,13.5,49.2,52.4,50.8,3766,2098861.3,557.32,333.331296,333.331296,333.331296,0,4.168704,4.168704,up,up,up,1,1,1.012506,-4.168704,0,1,S2_fixed_70,233.3319072,lambda=0.7; threshold=50,54443.778918,9999.87776,70776.912593,26008.390112,99.999389,924.678602,855030.516812,0.081886,0.081886,0.08871,0.078512,0.342866,0.122233
2021-10-23,2021-10-22,300,290,9410,8385,2021年10月22日24时起国内成品油价格按机制上调,https://www.ndrc.gov.cn/xwdt/ztzl/gncpyjg/202110/t20211022_1300685.html,295,8897.5,1,up,295,2021-10,82.845,10,4.169,5.298948,84.1,10,3.872,4.826245,81.828,10,4.849,6.299121,82.964,10,4.3605,5.547463,83.4184,10,4.1651,5.255428,1.5,13.5,49.2,52.4,50.8,3766,2098861.3,557.32,200.55792,200.55792,200.55792,0,94.44208,94.44208,up,up,up,1,1,1.470897,-94.44208,0,1,S2_fixed_70,140.39054399999998,lambda=0.7; threshold=50,19709.504845,3620.113135,25622.356298,8638.096993,60.167376,984.845978,969921.600186,0.029644,0.029644,0.032114,0.026076,0.388938,0.08362
2021-11-05,2021-11-05,0,0,9410,8385,2021年11月5日国内成品油价格不作调整,https://www.ndrc.gov.cn/xwdt/ztzl/gncpyjg/202111/t20211105_1303115.html,0,8897.5,0,no_adjust,0,2021-11,83.068,10,0.223,0.269177,83.619,10,-0.481,-0.571938,83.144,10,1.316,1.608251,83.3815,10,0.4175,0.50323,83.4765,10,0.0581,0.069649,2.3,12.9,50.1,52.3,52.2,4178,2496433.8,597.52,4.575942,4.575942,0,4.575942,-4.575942,0,up,no_adjust,no_adjust,0,0,,,,,S2_fixed_70,0.0,lambda=0.7; threshold=50,0,0,0,19709.504845,0,984.845978,969921.600186,0,0,0,0.059497,0.388938,0.067265
2021-11-20,2021-11-19,-95,-90,9315,8295,2021年11月19日24时起国内成品油价格按机制下调,https://www.ndrc.gov.cn/xwdt/ztzl/gncpyjg/202111/t20211119_1304442.html,-92.5,8805,1,down,92.5,2021-11,81.607,10,-1.461,-1.7588,82.729,10,-0.89,-1.064351,80.975,10,-2.169,-2.608727,81.852,10,-1.5295,-1.83434,82.2028,10,-1.2737,-1.525819,2.3,12.9,50.1,52.3,52.2,4178,2496433.8,597.52,-58.976237,-54.400296,-54.400296,0,-33.523763,-38.099704,down,down,down,1,1,1.700358,38.099704,0,1,S2_fixed_70,0.0,lambda=0.7; threshold=50,0,2959.392205,0,0,-54.400296,930.445682,865729.166966,0,0.024234,0,0,0.347157,0.05692
2021-12-04,2021-12-03,-430,-415,8885,7880,2021年12月3日24时起国内成品油价格按机制下调,https://www.ndrc.gov.cn/xwdt/ztzl/gncpyjg/202112/t20211203_1306844.html,-422.5,8382.5,1,down,422.5,2021-12,76.472,10,-5.135,-6.292352,76.572,10,-6.157,-7.442372,73.479,10,-7.496,-9.257178,75.4605,10,-6.3915,-7.808606,76.2531,10,-5.9497,-7.237831,1.5,10.3,50.3,52.7,52.2,4614,2690828.6,583.19,-282.110333,-282.110333,-282.110333,0,-140.389667,-140.389667,down,down,down,1,1,1.497641,140.389667,0,1,S2_fixed_70,-197.4772331,lambda=0.7; threshold=50,0,7162.761599,0,38997.257593,-84.6331,845.812582,715398.92387,0,0.058654,0,0.117721,0.286874,0.07242
2021-12-18,2021-12-17,-130,-125,8755,7755,2021年12月17日24时起国内成品油价格按机制下调,https://www.ndrc.gov.cn/xwdt/xwfb/202112/t20211217_1308356.html,-127.5,8255,1,down,127.5,2021-12,73.946,10,-2.526,-3.30317,74.049,10,-2.523,-3.294938,70.795,10,-2.684,-3.652744,72.422,10,-3.0385,-4.02661,73.0728,10,-3.1803,-4.170716,1.5,10.3,50.3,52.7,52.2,4614,2690828.6,583.19,-149.957304,-149.957304,-149.957304,0,22.457304,22.457304,down,down,down,1,1,0.850242,-22.457304,1,0,S2_fixed_70,-104.9701128,lambda=0.7; threshold=50,0,2023.847372,0,8557.567306,-44.987191,800.825391,641321.30655,0,0.016573,0,0.025833,0.257169,0.045765
2022-01-01,2021-12-31,140,135,8895,7890,2021年12月31日24时起国内成品油价格按机制上调,https://www.ndrc.gov.cn/xwdt/xwfb/202112/t20211231_1311298.html,137.5,8392.5,1,up,137.5,2022-01,75.152,10,1.206,1.63092,74.811,10,0.762,1.029048,73.468,10,2.673,3.77569,73.544,10,1.122,1.549253,73.976,10,0.9032,1.236028,0.9,9.1,50.1,51.1,51,4880,2795758.1,572.9,44.903278,44.903278,0,44.903278,92.596722,137.5,up,no_adjust,up,0,1,,,,,S2_fixed_70,0.0,lambda=0.7; threshold=50,0,0,0,11018.724581,0,800.825391,641321.30655,0,0,0,0.033262,0.257169,0.043565
2022-01-18,2022-01-17,345,330,9240,8220,2022年1月17日24时起国内成品油价格按机制上调,https://www.ndrc.gov.cn/xwdt/xwfb/202201/t20220117_1312120.html,337.5,8730,1,up,337.5,2022-01,81.683,10,6.531,8.690387,82.785,10,7.974,10.65886,79.687,10,6.219,8.46491,81.236,10,7.692,10.459045,81.8556,10,7.8796,10.651563,0.9,9.1,50.1,51.1,51,4880,2795758.1,572.9,377.810186,422.713464,422.713464,0,-40.310186,-85.213464,up,up,up,1,1,0.798413,85.213464,1,0,S2_fixed_70,295.89942479999996,lambda=0.7; threshold=50,87556.469597,16081.800538,103316.634124,87556.469597,126.814039,927.63943,860514.912091,0.131689,0.131689,0.129494,0.264307,0.345066,0.183039
2022-01-30,2022-01-29,310,300,9550,8520,2022年1月29日24时起国内成品油价格按机制上调,https://www.ndrc.gov.cn/xwdt/xwfb/202201/t20220129_1313943.html,305,9035,1,up,305,2022-01,88.254,10,6.571,8.044514,89.641,10,6.856,8.281694,86.223,10,6.536,8.202091,87.8995,10,6.6635,8.202644,88.5701,10,6.7145,8.20286,0.9,9.1,50.1,51.1,51,4880,2795758.1,572.9,322.212766,322.212766,322.212766,0,-17.212766,-17.212766,up,up,up,1,1,0.94658,17.212766,1,0,S2_fixed_70,225.54893619999999,lambda=0.7; threshold=50,50872.322621,9343.895992,60029.340693,4949.191246,96.66383,1024.30326,1049197.168037,0.076514,0.076514,0.075239,0.01494,0.420727,0.118591
2022-02-18,2022-02-17,210,200,9760,8720,2022年2月17日24时起国内成品油价格按机制上调,https://www.ndrc.gov.cn/xwdt/xwfb/202202/t20220217_1315772.html,205,9240,1,up,205,2022-02,92.871,10,4.617,5.231491,96.955,10,7.314,8.159213,91.693,10,5.47,6.344015,94.324,10,6.4245,7.308915,95.3764,10,6.8063,7.684648,0.9,8.8,50.2,51.6,51.2,3634,2271578.6,625.09,326.593372,326.593372,326.593372,0,-121.593372,-121.593372,up,up,up,1,1,0.627692,121.593372,1,0,S2_fixed_70,228.6153604,lambda=0.7; threshold=50,52264.983011,9599.690757,61672.679953,9.402957,97.978012,1122.281271,1259515.252135,0.078609,0.078609,0.077299,0.000028,0.505065,0.130463
2022-03-04,2022-03-03,260,255,10020,8975,2022年3月3日24时起国内成品油价格按机制上调,https://www.ndrc.gov.cn/xwdt/xwfb/202203/t20220303_1318078.html,257.5,9497.5,1,up,257.5,2022-03,98.592,10,5.721,6.160158,102.123,10,5.168,5.330308,95.61,10,3.917,4.271864,98.791,10,4.467,4.735804,100.0634,10,4.687,4.914214,1.5,8.3,49.5,48.4,48.8,4271,3021685.3,707.49,225.462472,225.462472,225.462472,0,32.037528,32.037528,up,up,up,1,1,1.142097,-32.037528,0,1,S2_fixed_70,157.8237304,lambda=0.7; threshold=50,24908.329877,4574.999365,32380.828841,5011.454878,67.638742,1189.920013,1415909.637338,0.037463,0.037463,0.040585,0.015128,0.567779,0.114441
2022-03-18,2022-03-17,750,720,10770,9695,2022年3月17日24时起国内成品油价格按机制上调,https://www.ndrc.gov.cn/xwdt/xwfb/202203/t20220317_1319438.html,735,10232.5,1,up,735,2022-03,115.932,10,17.34,17.587634,117.079,10,14.956,14.645085,108.49,10,12.88,13.471394,112.7845,10,13.9935,14.164752,114.5023,10,14.4389,14.429752,1.5,8.3,49.5,48.4,48.8,4271,3021685.3,707.49,690.813495,690.813495,690.813495,0,44.186505,44.186505,up,up,up,1,1,1.063963,-44.186505,0,1,S2_fixed_70,483.56944649999997,lambda=0.7; threshold=50,233839.409588,42950.095639,303991.232465,106110.271558,207.244049,1397.164062,1952067.414747,0.351705,0.351705,0.381014,0.320315,0.782778,0.418985
2022-04-01,2022-03-31,110,110,10880,9805,2022年3月31日24时起国内成品油价格按机制上调,https://www.ndrc.gov.cn/xwdt/xwfb/202203/t20220331_1321429.html,110,10342.5,1,up,110,2022-04,112.719,10,-3.213,-2.771452,118.869,10,1.79,1.528882,109.573,10,1.083,0.998249,114.221,10,1.4365,1.273668,116.0802,10,1.5779,1.378051,2.1,8,47.4,41.9,42.7,4303,3422562.7,795.39,77.099294,77.099294,77.099294,0,32.900706,32.900706,up,up,up,1,1,1.426732,-32.900706,0,1,S2_fixed_70,53.9695058,lambda=0.7; threshold=50,2912.707556,534.987102,4136.04473,184556.109049,23.129788,1420.29385,2017234.619496,0.004381,0.004381,0.005184,0.55712,0.80891,0.208172
2022-04-16,2022-04-15,-545,-530,10335,9275,2022年4月15日24时起国内成品油价格按机制下调,https://www.ndrc.gov.cn/xwdt/xwfb/202204/t20220415_1322196.html,-537.5,9805,1,down,537.5,2022-04,104.374,10,-8.345,-7.403366,104.444,10,-14.425,-12.135208,100.122,10,-9.451,-8.6253,102.283,10,-11.938,-10.451668,103.1474,10,-12.9328,-11.141263,2.1,8,47.4,41.9,42.7,4303,3422562.7,795.39,-615.336958,-615.336958,-615.336958,0,77.836958,77.836958,down,down,down,1,1,0.873505,-77.836958,1,0,S2_fixed_70,-430.73587059999994,lambda=0.7; threshold=50,0,34077.561469,0,234939.301911,-184.601087,1235.692762,1526936.602801,0,0.279051,0,0.709212,0.6123,0.254037
2022-04-29,2022-04-28,205,200,10540,9475,2022年4月28日24时起国内成品油价格按机制上调,https://www.ndrc.gov.cn/xwdt/xwfb/202204/t20220428_1323651.html,202.5,10007.5,1,up,202.5,2022-04,107.029,10,2.655,2.543737,105.209,10,0.765,0.73245,103.537,10,3.415,3.410839,103.987,10,1.704,1.665966,104.4758,10,1.3284,1.287866,2.1,8,47.4,41.9,42.7,4303,3422562.7,795.39,65.193401,65.193401,65.193401,0,137.306599,137.306599,up,up,up,1,1,3.106143,-137.306599,0,1,S2_fixed_70,0.0,lambda=0.7; threshold=50,0,4250.179534,0,185533.390222,65.193401,1300.886163,1692304.809865,0,0.034803,0,0.56007,0.678613,0.192763
2022-05-17,2022-05-16,285,270,10825,9745,2022年5月16日24时起国内成品油价格按机制上调,https://www.ndrc.gov.cn/xwdt/xwfb/202205/t20220516_1324609.html,277.5,10285,1,up,277.5,2022-05,110.858,10,3.829,3.577535,108.696,10,3.487,3.314355,105.843,10,2.306,2.227223,107.24,10,3.253,3.128276,107.8224,10,3.3466,3.20323,2.1,6.4,49.6,47.8,48.4,4583,3522859,768.68,161.499909,161.499909,161.499909,0,116.000091,116.000091,up,up,up,1,1,1.718267,-116.000091,0,1,S2_fixed_70,113.0499363,lambda=0.7; threshold=50,12780.288097,2347.399855,18148.009098,12780.288097,48.449973,1349.336136,1820708.007915,0.019222,0.019222,0.022746,0.03858,0.730103,0.129639
2022-05-31,2022-05-30,400,390,11225,10135,2022年5月30日24时起国内成品油价格按机制上调,https://www.ndrc.gov.cn/xwdt/xwfb/202205/t20220530_1326109.html,395,10680,1,up,395,2022-05,115.363,10,4.505,4.063757,115.295,10,6.599,6.071061,112.779,10,6.936,6.553102,114.037,10,6.797,6.33812,114.5402,10,6.7178,6.230431,2.1,6.4,49.6,47.8,48.4,4583,3522859,768.68,322.370239,322.370239,322.370239,0,72.629761,72.629761,up,up,up,1,1,1.225299,-72.629761,0,1,S2_fixed_70,225.6591673,lambda=0.7; threshold=50,50922.059787,9353.031389,72309.324897,12680.838906,96.711072,1446.047208,2091052.526897,0.076589,0.076589,0.09063,0.03828,0.838511,0.188641
2022-06-15,2022-06-14,390,375,11615,10510,2022年6月14日24时起国内成品油价格按机制上调,https://www.ndrc.gov.cn/xwdt/xwfb/202206/t20220614_1327247.html,382.5,11062.5,1,up,382.5,2022-06,120.039,10,4.676,4.053293,126.185,10,10.89,9.445336,118.856,10,6.077,5.388415,122.3335,10,8.2965,7.27527,123.8013,10,9.2611,8.085458,2.5,6.1,50.2,54.7,54.1,3582,2859140.2,798.2,443.734,443.734,443.734,0,-61.234,-61.234,up,up,up,1,1,0.862003,61.234,1,0,S2_fixed_70,310.61379999999997,lambda=0.7; threshold=50,96480.93275,17720.987648,144721.399126,7217.289617,133.1202,1579.167408,2493769.701542,0.145112,0.145112,0.18139,0.021787,1,0.263916
2022-06-29,2022-06-28,-320,-310,11295,10200,2022年6月28日24时起国内成品油价格按机制下调,https://www.ndrc.gov.cn/xwdt/xwfb/202206/t20220628_1328991.html,-315,10747.5,1,down,315,2022-06,116.169,10,-3.87,-3.223952,120.083,10,-6.102,-4.835757,112.525,10,-6.331,-5.326614,116.8135,10,-5.52,-4.512255,118.5289,10,-5.2724,-4.25876,2.5,6.1,50.2,54.7,54.1,3582,2859140.2,798.2,-249.790247,-249.790247,-249.790247,0,-65.209753,-65.209753,down,down,down,1,1,1.261058,65.209753,0,1,S2_fixed_70,-174.85317289999998,lambda=0.7; threshold=50,0,5615.565075,0,235678.181777,-74.937074,1504.230334,2262708.896522,0,0.045984,0,0.711442,0.907345,0.252015
2022-07-13,2022-07-12,-360,-345,10935,9855,2022年7月12日24时起国内成品油价格按机制下调,https://www.ndrc.gov.cn/xwdt/xwfb/202207/t20220712_1330413.html,-352.5,10395,1,down,352.5,2022-07,112.316,10,-3.853,-3.31672,116.503,10,-3.58,-2.981271,107.416,10,-5.109,-4.540324,111.854,10,-4.9595,-4.245657,113.6292,10,-4.8997,-4.13376,2.7,4.2,49,53.8,52.5,3733,3017713.3,808.39,-232.005371,-232.005371,-232.005371,0,-120.494629,-120.494629,down,down,down,1,1,1.519361,120.494629,0,1,S2_fixed_70,-162.4037597,lambda=0.7; threshold=50,0,4844.384296,0,154.987889,-69.601611,1434.628722,2058159.570848,0,0.039669,0,0.000468,0.825321,0.131802
2022-07-27,2022-07-26,-300,-290,10635,9565,2022年7月26日24时起国内成品油价格按机制下调,https://www.ndrc.gov.cn/xwdt/xwfb/202207/t20220726_1331402.html,-295,10100,1,down,295,2022-07,106.816,10,-5.5,-4.896898,111.005,10,-5.498,-4.719192,100.454,10,-6.962,-6.481344,105.7295,10,-6.1245,-5.475441,107.8397,10,-5.7895,-5.095081,2.7,4.2,49,53.8,52.5,3733,3017713.3,808.39,-274.465747,-274.465747,-274.465747,0,-20.534253,-20.534253,down,down,down,1,1,1.074815,20.534253,0,1,S2_fixed_70,-192.1260229,lambda=0.7; threshold=50,0,6779.830165,0,883.41293,-82.339724,1352.288998,1828685.534653,0,0.055518,0,0.002667,0.733302,0.121499
2022-08-10,2022-08-09,-130,-125,10505,9440,2022年8月9日24时起国内成品油价格按机制下调,https://www.ndrc.gov.cn/xwdt/xwfb/202208/t20220809_1332823.html,-127.5,9972.5,1,down,127.5,2022-08,105.68,10,-1.136,-1.063511,105.433,10,-5.572,-5.019594,96.175,10,-4.279,-4.259661,100.804,10,-4.9255,-4.658586,102.6556,10,-5.1841,-4.807228,2.5,2.3,49.4,52.6,51.7,4035,3050600.4,756.03,-245.576658,-245.576658,-245.576658,0,118.076658,118.076658,down,down,down,1,1,0.519186,-118.076658,1,0,S2_fixed_70,-171.9036606,lambda=0.7; threshold=50,0,5427.710546,0,408.943937,-73.672997,1278.616001,1634858.877502,0,0.044446,0,0.001234,0.655577,0.107411
2022-08-24,2022-08-23,-205,-200,10300,9240,2022年8月23日24时起国内成品油价格按机制下调,https://www.ndrc.gov.cn/xwdt/xwfb/202208/t20220823_1333590.html,-202.5,9770,1,down,202.5,2022-08,99.905,10,-5.775,-5.46461,99.845,10,-5.588,-5.300048,93.223,10,-2.952,-3.069405,96.534,10,-4.27,-4.235943,97.8584,10,-4.7972,-4.673101,2.5,2.3,49.4,52.6,51.7,4035,3050600.4,756.03,-227.114173,-227.114173,-227.114173,0,24.614173,24.614173,down,down,down,1,1,0.891622,-24.614173,1,0,S2_fixed_70,-158.97992109999998,lambda=0.7; threshold=50,0,4642.276282,0,167.023043,-68.134252,1210.481749,1465266.06442,0,0.038014,0,0.000504,0.587571,0.095814
2022-09-07,2022-09-06,190,185,10490,9425,2022年9月6日24时起国内成品油价格按机制上调,https://www.ndrc.gov.cn/xwdt/xwfb/202209/t20220906_1335202.html,187.5,9957.5,1,up,187.5,2022-09,102.388,10,2.483,2.485361,96.98,10,-2.865,-2.869448,92.631,10,-0.592,-0.635036,94.7245,10,-1.8095,-1.874469,95.7159,10,-2.1425,-2.189388,2.8,0.9,50.1,50.6,50.9,4024,2884192.5,716.75,-100.434514,-100.434514,-100.434514,0,287.934514,287.934514,down,down,up,1,1,-1.866888,-287.934514,0,1,S2_fixed_70,-70.3041598,lambda=0.7; threshold=50,0,907.838244,0,7863.390642,-30.130354,1180.351395,1393229.41497,0,0.007434,0,0.023737,0.558684,0.08885
2022-09-22,2022-09-21,-290,-280,10200,9145,2022年9月21日24时起国内成品油价格按机制下调,https://www.ndrc.gov.cn/xwdt/xwfb/202209/t20220921_1335893.html,-285,9672.5,1,down,285,2022-09,96.179,10,-6.209,-6.064187,90.458,10,-6.522,-6.725098,86.084,10,-6.547,-7.067828,88.331,10,-6.3935,-6.749574,89.1818,10,-6.5341,-6.826557,2.8,0.9,50.1,50.6,50.9,4024,2884192.5,716.75,-309.997323,-309.997323,-309.997323,0,24.997323,24.997323,down,down,down,1,1,0.919363,-24.997323,1,0,S2_fixed_70,-216.99812609999998,lambda=0.7; threshold=50,0,8648.850624,0,21519.119749,-92.999197,1087.352198,1182334.80206,0,0.070823,0,0.06496,0.474115,0.095026
2022-10-10,2022-10-10,0,0,10200,9145,2022年10月10日国内成品油价格不作调整,https://www.ndrc.gov.cn/xwdt/xwfb/202210/t20221010_1338431.html,0,9672.5,0,no_adjust,0,2022-10,92.482,10,-3.697,-3.843874,90.968,10,0.51,0.563798,84.149,10,-1.935,-2.247804,87.5585,10,-0.7725,-0.874551,88.9223,10,-0.2595,-0.290979,2.1,-1.3,49.2,48.7,49,4314,2984358.1,691.78,-10.579616,-10.579616,0,-10.579616,10.579616,0,down,no_adjust,no_adjust,0,0,,,,,S2_fixed_70,0.0,lambda=0.7; threshold=50,0,0,0,47088.186731,0,1087.352198,1182334.80206,0,0,0,0.142145,0.474115,0.092439
2022-10-25,2022-10-24,185,175,10385,9320,2022年10月24日24时起国内成品油价格按机制上调,https://www.ndrc.gov.cn/xwdt/xwfb/202210/t20221024_1338989.html,180,9852.5,1,up,180,2022-10,93.495,10,1.013,1.095348,92.83,10,1.862,2.046874,87.165,10,3.016,3.584119,89.9975,10,2.439,2.785566,91.1305,10,2.2082,2.483292,2.1,-1.3,49.2,48.7,49,4314,2984358.1,691.78,107.176587,96.596971,96.596971,0,72.823413,83.403029,up,up,up,1,1,1.863412,-83.403029,0,1,S2_fixed_70,67.61787969999999,lambda=0.7; threshold=50,4572.177655,839.787733,6492.49227,4572.177655,28.979091,1116.331289,1246195.547024,0.006877,0.006877,0.008138,0.013802,0.499723,0.082158
2022-11-08,2022-11-07,155,150,10540,9470,2022年11月7日24时起国内成品油价格按机制上调,https://www.ndrc.gov.cn/xwdt/xwfb/202211/t20221107_1340921.html,152.5,10005,1,up,152.5,2022-11,93.968,10,0.473,0.505909,94.438,10,1.608,1.732199,88.503,10,1.338,1.53502,91.4705,10,1.473,1.636712,92.6575,10,1.527,1.675619,1.6,-1.3,48,46.7,47.1,4674,3158599.9,675.78,74.670397,74.670397,74.670397,0,77.829603,77.829603,up,up,up,1,1,2.042309,-77.829603,0,1,S2_fixed_70,52.26927789999999,lambda=0.7; threshold=50,2732.077412,501.810137,3606.342184,235.579577,22.401119,1138.732408,1296711.497485,0.004109,0.004109,0.00452,0.000711,0.51998,0.081083
2022-11-22,2022-11-21,-175,-165,10365,9305,2022年11月21日24时起国内成品油价格按机制下调,https://www.ndrc.gov.cn/xwdt/xwfb/202211/t20221121_1341667.html,-170,9835,1,down,170,2022-11,92.801,10,-1.167,-1.241912,94.082,10,-0.356,-0.376967,86.215,10,-2.288,-2.585223,90.1485,10,-1.322,-1.445275,91.7219,10,-0.9356,-1.00974,1.6,-1.3,48,46.7,47.1,4674,3158599.9,675.78,-42.84244,-42.84244,0,-42.84244,-127.15756,-170,down,no_adjust,down,0,1,,,,,S2_fixed_70,0.0,lambda=0.7; threshold=50,0,0,0,2732.077412,0,1138.732408,1296711.497485,0,0,0,0.008247,0.51998,0.079234
2022-12-06,2022-12-05,-440,-425,9925,8880,2022年12月5日24时起国内成品油价格按机制下调,https://www.ndrc.gov.cn/xwdt/xwfb/202212/t20221205_1343287.html,-432.5,9402.5,1,down,432.5,2022-12,83.55,10,-9.251,-9.968643,85.713,10,-8.369,-8.895432,79.148,10,-7.067,-8.196949,82.5975,10,-7.551,-8.376179,83.9773,10,-7.7446,-8.443567,1.8,-0.7,47,41.6,42.6,4807,3073177.7,639.31,-367.761186,-410.603625,-410.603625,0,-64.738814,-21.896375,down,down,down,1,1,1.053327,21.896375,0,1,S2_fixed_70,-287.4225375,lambda=0.7; threshold=50,0,15173.580318,0,82611.715063,-123.181088,1015.551321,1031344.484976,0,0.124252,0,0.24938,0.413568,0.124293
2022-12-20,2022-12-19,-480,-460,9445,8420,2022年12月19日24时起国内成品油价格按机制下调,https://www.ndrc.gov.cn/xwdt/xwfb/202212/t20221219_1343672.html,-470,8932.5,1,down,470,2022-12,78.2,10,-5.35,-6.403351,79.679,10,-6.034,-7.039772,74.094,10,-5.054,-6.385506,76.8865,10,-5.711,-6.914253,78.0035,10,-5.9738,-7.113589,1.8,-0.7,47,41.6,42.6,4807,3073177.7,639.31,-283.260361,-283.260361,-283.260361,0,-186.739639,-186.739639,down,down,down,1,1,1.659251,186.739639,0,1,S2_fixed_70,-198.2822527,lambda=0.7; threshold=50,0,7221.27889,0,7945.990374,-84.978108,930.573212,865966.503636,0,0.059133,0,0.023987,0.347252,0.067512
2023-01-04,2023-01-03,250,240,9695,8660,2023年1月3日24时起国内成品油价格按机制上调,https://www.ndrc.gov.cn/xwdt/xwfb/202301/t20230103_1345637.html,245,9177.5,1,up,245,2023-01,80.192,10,1.992,2.547315,81.141,10,1.462,1.834862,77.751,10,3.657,4.935622,79.268,10,2.3815,3.097423,80.0172,10,2.0137,2.581551,2.1,-0.8,50.1,54.4,52.9,4333,2571954.1,593.57,97.895239,97.895239,97.895239,0,147.104761,147.104761,up,up,up,1,1,2.502675,-147.104761,0,1,S2_fixed_70,68.5266673,lambda=0.7; threshold=50,4695.904131,862.513004,6668.183866,71186.999792,29.368572,959.941784,921488.228861,0.007063,0.007063,0.008358,0.214892,0.369516,0.092929
2023-01-18,2023-01-17,-205,-195,9490,8465,2023年1月17日24时起国内成品油价格按机制下调,https://www.ndrc.gov.cn/xwdt/xwfb/202301/t20230117_1346762.html,-200,8977.5,1,down,200,2023-01,78.849,10,-1.343,-1.674731,79.449,10,-1.692,-2.085259,76.271,10,-1.48,-1.903512,77.8685,10,-1.3995,-1.76553,78.5075,10,-1.5097,-1.886719,2.1,-0.8,50.1,54.4,52.9,4333,2571954.1,593.57,-70.237924,-70.237924,-70.237924,0,-129.762076,-129.762076,down,down,down,1,1,2.847465,129.762076,0,1,S2_fixed_70,0.0,lambda=0.7; threshold=50,0,4933.365968,0,4695.904131,-70.237924,889.70386,791572.958677,0,0.040398,0,0.014176,0.31742,0.057819
2023-02-04,2023-02-03,210,200,9700,8665,2023年2月3日24时起国内成品油价格按机制上调,https://www.ndrc.gov.cn/xwdt/xwfb/202302/t20230203_1348327.html,205,9182.5,1,up,205,2023-02,83.836,10,4.987,6.324747,84.698,10,5.249,6.606754,79.203,10,2.932,3.844187,81.9505,10,4.082,5.242171,83.0495,10,4.542,5.785435,1,-1.4,52.6,56.3,56.4,4074,2379809.1,584.15,218.543215,218.543215,218.543215,0,-13.543215,-13.543215,up,up,up,1,1,0.93803,13.543215,1,0,S2_fixed_70,152.98025049999998,lambda=0.7; threshold=50,23402.957043,4298.502314,28083.548452,23402.957043,65.562965,955.266825,912534.706181,0.035199,0.035199,0.035199,0.070647,0.365926,0.090125
2023-02-17,2023-02-17,0,0,9700,8665,2023年2月17日国内成品油价格不作调整,https://www.ndrc.gov.cn/xwdt/xwfb/202302/t20230217_1348864.html,0,9182.5,0,no_adjust,0,2023-02,82.191,10,-1.645,-1.962164,83.423,10,-1.275,-1.505348,77.717,10,-1.486,-1.876192,80.57,10,-1.3805,-1.684553,81.7112,10,-1.3383,-1.611449,1,-1.4,52.6,56.3,56.4,4074,2379809.1,584.15,-62.058885,-62.058885,-62.058885,0,62.058885,62.058885,down,down,no_adjust,1,0,0,-62.058885,1,0,S2_fixed_70,0.0,lambda=0.7; threshold=50,0,3851.305207,0,23402.957043,-62.058885,893.20794,797820.423364,0,0.031537,0,0.070647,0.319925,0.064893
2023-03-03,2023-03-03,0,0,9700,8665,2023年3月3日国内成品油价格不作调整,https://www.ndrc.gov.cn/xwdt/xwfb/202303/t20230303_1350622.html,0,9182.5,0,no_adjust,0,2023-03,81.814,10,-0.377,-0.458688,82.312,10,-1.111,-1.331767,76.451,10,-1.266,-1.628987,79.434,10,-1.136,-1.409954,80.6272,10,-1.084,-1.326624,0.7,-2.5,51.9,58.2,57,5231,3042961.1,581.72,-49.923941,-49.923941,0,-49.923941,49.923941,0,down,no_adjust,no_adjust,0,0,,,,,S2_fixed_70,0.0,lambda=0.7; threshold=50,0,0,0,0,0,893.20794,797820.423364,0,0,0,0,0.319925,0.047989
2023-03-18,2023-03-17,-100,-95,9600,8570,2023年3月17日24时起国内成品油价格按机制下调,https://www.ndrc.gov.cn/xwdt/xwfb/202303/t20230317_1351325.html,-97.5,9085,1,down,97.5,2023-03,80.844,10,-0.97,-1.185616,80.389,10,-1.923,-2.336233,74.756,10,-1.695,-2.217106,77.5725,10,-1.8615,-2.343455,78.6991,10,-1.9281,-2.391377,0.7,-2.5,51.9,58.2,57,5231,3042961.1,581.72,-90.203558,-140.127499,-140.127499,0,-7.296442,42.627499,down,down,down,1,1,0.695795,-42.627499,1,0,S2_fixed_70,-98.08924929999999,lambda=0.7; threshold=50,0,1767.214438,0,9621.500828,-42.03825,851.16969,724489.841004,0,0.014471,0,0.029044,0.29052,0.050829
2023-04-01,2023-03-31,-335,-320,9265,8250,2023年3月31日24时起国内成品油价格按机制下调,https://www.ndrc.gov.cn/xwdt/xwfb/202303/t20230331_1353081.html,-327.5,8757.5,1,down,327.5,2023-04,75.196,10,-5.648,-6.986295,75.308,10,-5.081,-6.320516,70.653,10,-4.103,-5.488523,72.9805,10,-4.592,-5.919624,73.9115,10,-4.7876,-6.083424,0.1,-3.6,49.2,56.4,54.4,4241,2446502.9,576.87,-226.65607,-226.65607,-226.65607,0,-100.84393,-100.84393,down,down,down,1,1,1.44492,100.84393,0,1,S2_fixed_70,-158.659249,lambda=0.7; threshold=50,0,4623.567666,0,3668.724864,-67.996821,783.172869,613359.742581,0,0.037861,0,0.011075,0.245957,0.046127
2023-04-18,2023-04-17,550,525,9815,8775,2023年4月17日24时起国内成品油价格按机制上调,https://www.ndrc.gov.cn/xwdt/xwfb/202304/t20230417_1353648.html,537.5,9295,1,up,537.5,2023-04,85.127,10,9.931,13.20682,85.105,10,9.797,13.009242,80.75,10,10.097,14.290971,82.654,10,9.6735,13.254911,83.6344,10,9.7229,13.154786,0.1,-3.6,49.2,56.4,54.4,4241,2446502.9,576.87,465.770639,465.770639,465.770639,0,71.729361,71.729361,up,up,up,1,1,1.154001,-71.729361,0,1,S2_fixed_70,326.0394473,lambda=0.7; threshold=50,106301.721196,19524.805934,108427.75562,234932.826195,139.731192,922.904061,851751.905072,0.159883,0.159883,0.1359,0.709192,0.341552,0.263534
2023-04-29,2023-04-28,-160,-155,9655,8620,2023年4月28日24时起国内成品油价格按机制下调,https://www.ndrc.gov.cn/xwdt/xwfb/202304/t20230428_1355157.html,-157.5,9137.5,1,down,157.5,2023-04,83.22,10,-1.907,-2.240182,83.607,10,-1.498,-1.760179,78.346,10,-2.404,-2.97709,80.9765,10,-1.6775,-2.029545,82.0287,10,-1.6057,-1.919904,0.1,-3.6,49.2,56.4,54.4,4241,2446502.9,576.87,-74.818949,-74.818949,-74.818949,0,-82.681051,-82.681051,down,down,down,1,1,2.105082,82.681051,0,1,S2_fixed_70,-52.3732643,lambda=0.7; threshold=50,0,503.808762,0,143196.1803,-22.445685,900.458376,810825.286728,0,0.004126,0,0.432267,0.32514,0.114436
2023-05-17,2023-05-16,-380,-365,9275,8255,2023年5月16日24时起国内成品油价格按机制下调,https://www.ndrc.gov.cn/xwdt/xwfb/202305/t20230516_1355789.html,-372.5,8765,1,down,372.5,2023-05,75.511,10,-7.709,-9.263398,75.957,10,-7.65,-9.149952,71.141,10,-7.205,-9.196385,73.7315,10,-7.245,-8.94704,74.6217,10,-7.407,-9.029766,0.2,-4.6,48.8,54.5,52.9,5144,3030257.4,589.09,-351.651247,-351.651247,-351.651247,0,-20.848753,-20.848753,down,down,down,1,1,1.059288,20.848753,0,1,S2_fixed_70,-246.1558729,lambda=0.7; threshold=50,0,11129.273956,0,37551.699396,-105.495374,794.963002,631966.174231,0,0.091134,0,0.113357,0.253418,0.073243
2023-05-31,2023-05-30,100,95,9375,8350,2023年5月30日24时起国内成品油价格按机制上调,https://www.ndrc.gov.cn/xwdt/xwfb/202305/t20230530_1356745.html,97.5,8862.5,1,up,97.5,2023-05,76.035,10,0.524,0.693939,76.117,10,0.16,0.210645,72.117,10,0.976,1.371923,74.117,10,0.3855,0.522843,74.917,10,0.2953,0.395729,0.2,-4.6,48.8,54.5,52.9,5144,3030257.4,589.09,15.894891,15.894891,0,15.894891,81.605109,97.5,up,no_adjust,up,0,1,,,,,S2_fixed_70,0.0,lambda=0.7; threshold=50,0,0,0,60592.713763,0,794.963002,631966.174231,0,0,0,0.182911,0.253418,0.065449
2023-06-14,2023-06-13,-55,-50,9320,8300,2023年6月13日24时起国内成品油价格按机制下调,https://www.ndrc.gov.cn/xwdt/xwfb/202306/t20230613_1357539.html,-52.5,8810,1,down,52.5,2023-06,74.832,10,-1.203,-1.582166,74.764,10,-1.353,-1.777527,70.43,10,-1.687,-2.339254,72.597,10,-1.52,-2.050812,73.4638,10,-1.4532,-1.939747,0,-5.4,49,53.2,52.3,5206,2818571.4,541.41,-67.5418,-51.646909,-51.646909,0,15.0418,-0.853091,down,down,down,1,1,1.016518,0.853091,0,1,S2_fixed_70,0.0,lambda=0.7; threshold=50,0,2667.403209,0,0,-51.646909,743.316093,552518.813815,0,0.021843,0,0,0.221559,0.037602
2023-06-29,2023-06-28,70,70,9390,8370,2023年6月28日24时起国内成品油价格按机制上调,https://www.ndrc.gov.cn/xwdt/xwfb/202306/t20230628_1357927.html,70,8880,1,up,70,2023-06,75.624,10,0.792,1.058371,74.793,10,0.029,0.038789,69.842,10,-0.588,-0.834872,72.225,10,-0.372,-0.512418,73.1782,10,-0.2856,-0.388763,0,-5.4,49,53.2,52.3,5206,2818571.4,541.41,-11.825083,-11.825083,0,-11.825083,81.825083,70,down,no_adjust,up,0,1,,,,,S2_fixed_70,0.0,lambda=0.7; threshold=50,0,0,0,0,0,743.316093,552518.813815,0,0,0,0,0.221559,0.033234
2023-07-13,2023-07-12,155,150,9545,8520,2023年7月12日24时起国内成品油价格按机制上调,https://www.ndrc.gov.cn/xwdt/xwfb/202307/t20230712_1358334.html,152.5,9032.5,1,up,152.5,2023-07,76.853,10,1.229,1.625145,76.236,10,1.443,1.929325,71.281,10,1.439,2.060365,73.541,10,1.316,1.822084,74.445,10,1.2668,1.731117,-0.3,-4.4,49.3,51.5,51.1,4369,2390446.7,547.14,62.25391,50.428828,50.428828,0,90.24609,102.071172,up,up,up,1,1,3.024064,-102.071172,0,1,S2_fixed_70,0.0,lambda=0.7; threshold=50,0,2543.066693,0,0,50.428828,793.744921,630030.999296,0,0.020824,0,0,0.252642,0.042061
2023-07-27,2023-07-26,275,260,9820,8780,2023年7月26日24时起国内成品油价格按机制上调,https://www.ndrc.gov.cn/xwdt/xwfb/202307/t20230726_1358699.html,267.5,9300,1,up,267.5,2023-07,81.717,10,4.864,6.328966,80.495,10,4.259,5.5866,76.468,10,5.187,7.276834,78.4815,10,4.9405,6.718021,79.2869,10,4.8419,6.503996,-0.3,-4.4,49.3,51.5,51.1,4369,2390446.7,547.14,232.854146,232.854146,232.854146,0,34.645854,34.645854,up,up,up,1,1,1.148788,-34.645854,0,1,S2_fixed_70,162.99790219999997,lambda=0.7; threshold=50,26568.316122,4879.894798,26568.316122,26568.316122,69.856244,863.601165,745806.971498,0.03996,0.03996,0.0333,0.080202,0.299068,0.083197
2023-08-10,2023-08-09,240,230,10060,9010,2023年8月9日24时起国内成品油价格按机制上调,https://www.ndrc.gov.cn/xwdt/xwfb/202308/t20230809_1359258.html,235,9535,1,up,235,2023-08,86.418,10,4.701,5.752781,85.436,10,4.941,6.138269,81.17,10,4.702,6.148977,83.303,10,4.8215,6.143486,84.1562,10,4.8693,6.141368,0.1,-3,49.7,51,51.3,5280,3064332.6,580.37,234.161647,234.161647,234.161647,0,0.838353,0.838353,up,up,up,1,1,1.00358,-0.838353,0,1,S2_fixed_70,163.91315289999997,lambda=0.7; threshold=50,26867.521694,4934.850923,27404.872127,0.837684,70.248494,933.849659,872075.185054,0.04041,0.04041,0.034348,0.000003,0.349701,0.079227
2023-08-24,2023-08-23,55,55,10115,9065,2023年8月23日24时起国内成品油价格按机制上调,https://www.ndrc.gov.cn/xwdt/xwfb/202308/t20230823_1360025.html,55,9590,1,up,55,2023-08,87.708,10,1.29,1.492745,86.415,10,0.979,1.145887,81.593,10,0.423,0.521128,84.004,10,0.701,0.841506,84.9684,10,0.8122,0.96511,0.1,-3,49.7,51,51.3,5280,3064332.6,580.37,40.560848,40.560848,0,40.560848,14.439152,55,up,no_adjust,up,0,1,,,,,S2_fixed_70,0.0,lambda=0.7; threshold=50,0,0,0,26867.521694,0,933.849659,872075.185054,0,0,0,0.081105,0.349701,0.064621
2023-09-06,2023-09-06,0,0,10115,9065,2023年9月6日国内成品油价格不作调整,https://www.ndrc.gov.cn/xwdt/xwfb/202309/t20230906_1360397.html,0,9590,0,no_adjust,0,2023-09,88.12,10,0.412,0.469741,87.006,10,0.591,0.683909,81.839,10,0.246,0.301496,84.1765,10,0.1725,0.205347,85.1091,10,0.1407,0.165591,0,-2.5,50.2,51.7,52,4574,2883165.4,630.34,8.517532,49.07838,0,49.07838,-8.517532,0,up,no_adjust,no_adjust,0,0,,,,,S2_fixed_70,0.0,lambda=0.7; threshold=50,0,0,0,0,0,933.849659,872075.185054,0,0,0,0,0.349701,0.052455
2023-09-21,2023-09-20,385,370,10500,9435,2023年9月20日24时起国内成品油价格按机制调整,https://www.ndrc.gov.cn/xwdt/xwfb/202309/t20230920_1360717.html,377.5,9967.5,1,up,377.5,2023-09,94.692,10,6.572,7.458012,93.62,10,6.614,7.601775,89.028,10,7.189,8.78432,91.324,10,7.1475,8.491087,92.2424,10,7.1333,8.38136,0,-2.5,50.2,51.7,52,4574,2883165.4,630.34,342.197488,391.275868,391.275868,0,35.302512,-13.775868,up,up,up,1,1,0.964792,13.775868,1,0,S2_fixed_70,273.8931076,lambda=0.7; threshold=50,75017.434391,13778.712439,75017.434391,75017.434391,117.38276,1051.232419,1105089.598967,0.11283,0.11283,0.094025,0.226455,0.44314,0.174719
2023-10-11,2023-10-10,-85,-80,10415,9355,2023年10月10日24时起国内成品油价格按机制调整,https://www.ndrc.gov.cn/xwdt/xwfb/202310/t20231010_1361121.html,-82.5,9885,1,down,82.5,2023-10,93.225,10,-1.467,-1.549233,92.707,10,-0.913,-0.975219,88.472,10,-0.556,-0.624523,90.7215,10,-0.6025,-0.659739,91.6213,10,-0.6211,-0.673335,-0.2,-2.6,49.5,50.6,50.7,4897,3235356,660.68,-27.834811,-27.834811,0,-27.834811,-54.665189,-82.5,down,no_adjust,down,0,1,,,,,S2_fixed_70,0.0,lambda=0.7; threshold=50,0,0,0,75017.434391,0,1051.232419,1105089.598967,0,0,0,0.226455,0.44314,0.100439
2023-10-25,2023-10-24,-70,-70,10345,9285,2023年10月24日24时起国内成品油价格按机制调整,https://www.ndrc.gov.cn/xwdt/xwfb/202310/t20231024_1361478.html,-70,9815,1,down,70,2023-10,92.572,10,-0.653,-0.700456,91.523,10,-1.184,-1.277142,86.575,10,-1.897,-2.144181,89.049,10,-1.6725,-1.843554,90.0386,10,-1.5827,-1.727437,-0.2,-2.6,49.5,50.6,50.7,4897,3235356,660.68,-73.721412,-101.556222,-101.556222,0,3.721412,31.556222,down,down,down,1,1,0.689273,-31.556222,1,0,S2_fixed_70,-71.0893554,lambda=0.7; threshold=50,0,928.22996,0,5053.696451,-30.466867,1020.765552,1041962.313171,0,0.007601,0,0.015256,0.417826,0.066482
2023-11-08,2023-11-07,-140,-135,10205,9150,2023年11月7日24时起国内成品油价格按机制调整,https://www.ndrc.gov.cn/xwdt/xwfb/202311/t20231107_1361829.html,-137.5,9677.5,1,down,137.5,2023-11,90.282,10,-2.29,-2.47375,88.567,10,-2.956,-3.229789,83.198,10,-3.377,-3.900664,85.8825,10,-3.1665,-3.555907,86.9563,10,-3.0823,-3.42331,-0.5,-3,49.4,50.2,50.4,4245,2755831.4,649.19,-145.280841,-145.280841,-145.280841,0,7.780841,7.780841,down,down,down,1,1,0.946443,-7.780841,1,0,S2_fixed_70,-101.6965887,lambda=0.7; threshold=50,0,1899.587049,0,936.80273,-43.584252,977.1813,954883.293461,0,0.015555,0,0.002828,0.382907,0.060971
2023-11-22,2023-11-21,-340,-330,9865,8820,2023年11月21日24时起国内成品油价格按机制调整,https://www.ndrc.gov.cn/xwdt/xwfb/202311/t20231121_1362158.html,-335,9342.5,1,down,335,2023-11,83.981,10,-6.301,-6.979243,82.318,10,-6.249,-7.055675,77.467,10,-5.731,-6.888387,80.075,10,-5.8075,-6.762146,81.1182,10,-5.8381,-6.713832,-0.5,-3,49.4,50.2,50.4,4245,2755831.4,649.19,-276.784891,-276.784891,-276.784891,0,-58.215109,-58.215109,down,down,down,1,1,1.210326,58.215109,0,1,S2_fixed_70,-193.7494237,lambda=0.7; threshold=50,0,6894.88883,0,8473.724432,-83.035467,894.145833,799496.770492,0,0.05646,0,0.02558,0.320597,0.063219
2023-12-06,2023-12-05,-55,-50,9810,8770,2023年12月5日24时起国内成品油价格按机制调整,https://www.ndrc.gov.cn/xwdt/xwfb/202312/t20231205_1362437.html,-52.5,9290,1,down,52.5,2023-12,83.436,10,-0.545,-0.648956,80.758,10,-1.56,-1.89509,75.828,10,-1.639,-2.11574,78.413,10,-1.662,-2.075554,79.447,10,-1.6712,-2.060204,-0.3,-2.7,49,50.4,50.3,4836,2934162.3,606.73,-77.944544,-77.944544,-77.944544,0,25.444544,25.444544,down,down,down,1,1,0.673556,-25.444544,1,0,S2_fixed_70,-54.561180799999995,lambda=0.7; threshold=50,0,546.781675,0,19373.366962,-23.383363,870.76247,758227.278638,0,0.004477,0,0.058482,0.304048,0.055275
2023-12-20,2023-12-19,-415,-400,9395,8370,2023年12月19日24时起国内成品油价格按机制调整,https://www.ndrc.gov.cn/xwdt/xwfb/202312/t20231219_1362767.html,-407.5,8882.5,1,down,407.5,2023-12,77.413,10,-6.023,-7.218707,75.853,10,-4.905,-6.073702,70.353,10,-5.475,-7.220288,73.103,10,-5.31,-6.771836,74.203,10,-5.244,-6.600627,-0.3,-2.7,49,50.4,50.3,4836,2934162.3,606.73,-248.435027,-248.435027,-248.435027,0,-159.064973,-159.064973,down,down,down,1,1,1.640268,159.064973,0,1,S2_fixed_70,-173.90451889999997,lambda=0.7; threshold=50,0,5554.796638,0,14242.832349,-74.530508,796.231962,633985.336673,0,0.045487,0,0.042995,0.254227,0.053681
2024-01-04,2024-01-03,200,190,9595,8560,2024年1月3日24时起国内成品油价格按机制调整,https://www.ndrc.gov.cn/xwdt/xwfb/202401/t20240103_1363079.html,195,9077.5,1,up,195,2024-01,80.061,10,2.648,3.420614,79.155,10,3.302,4.353157,73.082,10,2.729,3.87901,75.879,10,2.776,3.797382,77.1894,10,2.9864,4.024635,-0.8,-2.5,49.2,50.7,50.9,4417,2559588.4,579.49,144.311521,144.311521,144.311521,0,50.688479,50.688479,up,up,up,1,1,1.351243,-50.688479,0,1,S2_fixed_70,101.0180647,lambda=0.7; threshold=50,10204.649396,1874.323358,10204.649396,75582.426973,43.293456,839.525418,704802.9273,0.015348,0.015348,0.01279,0.228161,0.282625,0.086722
2024-01-18,2024-01-17,-50,-50,9545,8510,2024年1月17日24时起国内成品油价格按机制调整,https://www.ndrc.gov.cn/xwdt/xwfb/202401/t20240117_1363439.html,-50,9027.5,1,down,50,2024-01,78.739,10,-1.322,-1.651241,78.319,10,-0.836,-1.056156,72.275,10,-0.807,-1.104239,75.121,10,-0.758,-0.998959,76.2594,10,-0.93,-1.204829,-0.8,-2.5,49.2,50.7,50.9,4417,2559588.4,579.49,-42.575213,-42.575213,0,-42.575213,-7.424787,-50,down,no_adjust,down,0,1,,,,,S2_fixed_70,0.0,lambda=0.7; threshold=50,0,0,0,10204.649396,0,839.525418,704802.9273,0,0,0,0.030805,0.282625,0.047015
2024-02-01,2024-01-31,200,200,9745,8710,2024年1月31日24时起国内成品油价格按机制上调,https://www.ndrc.gov.cn/xwdt/xwfb/202401/t20240131_1363834.html,200,9227.5,1,up,200,2024-02,81.22,10,2.481,3.150916,82.032,10,3.713,4.740867,75.817,10,3.542,4.900726,78.9245,10,3.8035,5.063165,80.1675,10,3.9081,5.124745,0.7,-2.7,49.1,51.4,50.9,4268,2569275.2,601.99,188.294134,145.718921,145.718921,0,11.705866,54.281079,up,up,up,1,1,1.372505,-54.281079,0,1,S2_fixed_70,102.0032447,lambda=0.7; threshold=50,10404.661929,1911.060354,11861.314599,10404.661929,43.715676,883.241094,780114.830484,0.015649,0.015649,0.014867,0.031409,0.312825,0.062394
2024-02-19,2024-02-19,0,0,9745,8710,2024年2月19日国内成品油价格按机制不作调整,https://www.ndrc.gov.cn/xwdt/xwfb/202402/t20240219_1364095.html,0,9227.5,0,no_adjust,0,2024-02,80.677,10,-0.543,-0.668555,82.975,10,0.943,1.149551,76.606,10,0.789,1.040664,79.7905,10,0.866,1.097251,81.0643,10,0.8968,1.118658,0.7,-2.7,49.1,51.4,50.9,4268,2569275.2,601.99,44.597876,44.597876,0,44.597876,-44.597876,0,up,no_adjust,no_adjust,0,0,,,,,S2_fixed_70,0.0,lambda=0.7; threshold=50,0,0,0,10404.661929,0,883.241094,780114.830484,0,0,0,0.031409,0.312825,0.051635
2024-03-05,2024-03-04,125,120,9870,8830,2024年3月4日国内成品油价格按机制调整,https://www.ndrc.gov.cn/xwdt/xwfb/202403/t20240304_1364393.html,122.5,9350,1,up,122.5,2024-03,82.259,10,1.582,1.960906,84.637,10,1.662,2.003013,79.239,10,2.633,3.437068,81.906,10,2.1155,2.651318,82.9728,10,1.9085,2.354304,0.1,-2.8,50.8,53,52.7,4905,2937969.6,588.55,92.875199,137.473076,137.473076,0,29.624801,-14.973076,up,up,up,1,1,0.891084,14.973076,1,0,S2_fixed_70,96.2311532,lambda=0.7; threshold=50,9260.434846,1700.896196,9445.643543,9260.434846,41.241923,924.483017,854668.848721,0.013928,0.013928,0.011839,0.027954,0.342721,0.064829
2024-03-18,2024-03-18,0,0,9870,8830,2024年3月18日国内成品油价格按机制不作调整,https://www.ndrc.gov.cn/xwdt/xwfb/202403/t20240318_1365046.html,0,9350,0,no_adjust,0,2024-03,83.077,10,0.818,0.99442,85.076,10,0.439,0.518686,79.978,10,0.739,0.932622,82.527,10,0.621,0.758186,83.5466,10,0.5738,0.691552,0.1,-2.8,50.8,53,52.7,4905,2937969.6,588.55,29.184636,29.184636,0,29.184636,-29.184636,0,up,no_adjust,no_adjust,0,0,,,,,S2_fixed_70,0.0,lambda=0.7; threshold=50,0,0,0,9260.434846,0,924.483017,854668.848721,0,0,0,0.027954,0.342721,0.055601
2024-04-02,2024-04-01,200,190,10070,9020,2024年4月1日国内成品油价格按机制调整,https://www.ndrc.gov.cn/xwdt/xwfb/202404/t20240401_1365388.html,195,9545,1,up,195,2024-04,85.577,10,2.5,3.009256,85.798,10,0.722,0.848653,82.682,10,2.704,3.38093,84.24,10,1.713,2.075684,84.8632,10,1.3166,1.575887,0.3,-2.5,50.4,51.2,51.7,4472,2791949.1,624.32,64.630317,93.814952,93.814952,0,130.369683,101.185048,up,up,up,1,1,2.07856,-101.185048,0,1,S2_fixed_70,65.6704664,lambda=0.7; threshold=50,4312.610157,792.11207,4571.366767,4312.610157,28.144486,952.627503,907499.15871,0.006486,0.006486,0.00573,0.013018,0.363906,0.06089
2024-04-17,2024-04-16,200,195,10270,9215,国内成品油价格按机制调整,https://www.ndrc.gov.cn/xwdt/xwfb/202404/t20240416_1365703.html,197.5,9742.5,1,up,197.5,2024-04,90.136,10,4.559,5.327366,91.224,10,5.426,6.324157,86.595,10,3.913,4.73259,88.9095,10,4.6695,5.543091,89.8353,10,4.9721,5.858959,0.3,-2.5,50.4,51.2,51.7,4472,2791949.1,624.32,239.067162,239.067162,239.067162,0,-41.567162,-41.567162,up,up,up,1,1,0.826128,41.567162,1,0,S2_fixed_70,167.34701339999998,lambda=0.7; threshold=50,28005.022894,5143.779715,29685.324268,10338.12021,71.720149,1024.347651,1049288.110519,0.042121,0.042121,0.037207,0.031208,0.420764,0.096052
2024-04-30,2024-04-29,-70,-70,10200,9145,2024年4月29日国内成品油价格按机制调整,https://www.ndrc.gov.cn/xwdt/xwfb/202404/t20240429_1366287.html,-70,9672.5,1,down,70,2024-04,88.497,10,-1.639,-1.818363,89.063,10,-2.161,-2.368894,84.561,10,-2.034,-2.348865,86.812,10,-2.0975,-2.35914,87.7124,10,-2.1229,-2.363102,0.3,-2.5,50.4,51.2,51.7,4472,2791949.1,624.32,-99.499221,-99.499221,-99.499221,0,29.499221,29.499221,down,down,down,1,1,0.703523,-29.499221,1,0,S2_fixed_70,-69.64945469999999,lambda=0.7; threshold=50,0,891.008548,0,56167.325892,-29.849766,994.497885,989026.043071,0,0.007296,0,0.169552,0.396599,0.086382
2024-05-16,2024-05-15,-235,-225,9965,8920,2024年5月15日国内成品油价格按机制调整,https://www.ndrc.gov.cn/xwdt/xwfb/202405/t20240515_1386222.html,-230,9442.5,1,down,230,2024-05,84.048,10,-4.449,-5.027289,83.616,10,-5.447,-6.115895,80.258,10,-4.303,-5.088634,82.1065,10,-4.7055,-5.420334,82.7103,10,-5.0021,-5.702842,0.3,-1.4,49.5,51.1,51,4697,2972291.4,632.81,-236.891798,-236.891798,-236.891798,0,6.891798,6.891798,down,down,down,1,1,0.970907,-6.891798,1,0,S2_fixed_70,-165.82425859999998,lambda=0.7; threshold=50,0,5050.595156,0,9249.592905,-71.067539,923.430345,852723.60299,0,0.041358,0,0.027922,0.341941,0.063751
2024-05-29,2024-05-29,0,0,9965,8920,2024年5月29日国内成品油价格按机制不作调整,https://www.ndrc.gov.cn/xwdt/xwfb/202405/t20240529_1386532.html,0,9442.5,0,no_adjust,0,2024-05,83.251,10,-0.797,-0.948268,80.741,10,-2.875,-3.438337,80.041,10,-0.217,-0.270378,80.391,10,-1.7155,-2.08936,80.531,10,-2.1793,-2.634859,0.3,-1.4,49.5,51.1,51,4697,2972291.4,632.81,-102.190574,-102.190574,-102.190574,0,102.190574,102.190574,down,down,no_adjust,1,0,0,-102.190574,1,0,S2_fixed_70,-71.5334018,lambda=0.7; threshold=50,0,939.862207,0,8890.765676,-30.657172,892.773173,797043.938964,0,0.007696,0,0.026839,0.319614,0.053507
2024-06-14,2024-06-13,-190,-180,9775,8740,2024年6月13日国内成品油价格按机制调整,https://www.ndrc.gov.cn/xwdt/xwfb/202406/t20240613_1386864.html,-185,9257.5,1,down,185,2024-06,80.884,10,-2.367,-2.843209,78.402,10,-2.339,-2.896917,77.178,10,-2.863,-3.576917,77.79,10,-2.601,-3.235437,78.0348,10,-2.4962,-3.099676,0.2,-0.8,49.5,50.5,50.5,4645,2823960,607.96,-117.312728,-117.312728,-117.312728,0,-67.687272,-67.687272,down,down,down,1,1,1.576981,67.687272,0,1,S2_fixed_70,-82.1189096,lambda=0.7; threshold=50,0,1238.604854,0,112.052975,-35.193818,857.579355,735442.349951,0,0.010143,0,0.000338,0.294912,0.046316
2024-06-28,2024-06-27,210,200,9985,8940,2024年6月27日国内成品油价格按机制调整,https://www.ndrc.gov.cn/xwdt/xwfb/202406/t20240627_1391342.html,205,9462.5,1,up,205,2024-06,84.8,10,3.916,4.841501,84.747,10,6.345,8.092906,81.442,10,4.264,5.524891,82.8385,10,5.0485,6.489909,83.3971,10,5.3623,6.871678,0.2,-0.8,49.5,50.5,50.5,4645,2823960,607.96,257.68712,257.68712,257.68712,0,-52.68712,-52.68712,up,up,up,1,1,0.795538,52.68712,1,0,S2_fixed_70,180.38098399999998,lambda=0.7; threshold=50,32537.299389,5976.238663,33838.791364,68906.19414,77.306136,934.885491,874010.881095,0.048938,0.048938,0.042413,0.208007,0.350478,0.116398
2024-07-12,2024-07-11,110,105,10095,9045,2024年7月11日国内成品油价格按机制调整,https://www.ndrc.gov.cn/xwdt/xwfb/202407/t20240711_1391617.html,107.5,9570,1,up,107.5,2024-07,86.717,10,1.917,2.260613,87.454,10,2.707,3.194213,83.628,10,2.186,2.684119,85.412,10,2.5735,3.106647,86.1256,10,2.7285,3.271696,0.5,-0.8,49.4,50.2,50.2,4234,2578459.6,608.99,132.004789,132.004789,132.004789,0,-24.504789,-24.504789,up,up,up,1,1,0.814364,24.504789,1,0,S2_fixed_70,92.40335229999998,lambda=0.7; threshold=50,8538.379516,1568.273789,9392.217468,7740.06368,39.601437,974.486928,949624.772063,0.012842,0.012842,0.011772,0.023365,0.380799,0.069346
2024-07-26,2024-07-25,-145,-140,9950,8905,2024年7月25日国内成品油价格按机制调整,https://www.ndrc.gov.cn/xwdt/xwfb/202407/t20240725_1391947.html,-142.5,9427.5,1,down,142.5,2024-07,84.334,10,-2.383,-2.748019,85.272,10,-2.182,-2.495026,82.058,10,-1.57,-1.877362,83.665,10,-1.747,-2.04538,84.3078,10,-1.8178,-2.110638,0.5,-0.8,49.4,50.2,50.2,4234,2578459.6,608.99,-84.940151,-84.940151,-84.940151,0,-57.559849,-57.559849,down,down,down,1,1,1.677652,57.559849,0,1,S2_fixed_70,-59.4581057,lambda=0.7; threshold=50,0,649.334633,0,23061.902426,-25.482045,949.004882,900610.266629,0,0.005317,0,0.069617,0.361144,0.065678
2024-08-09,2024-08-08,-305,-290,9645,8615,2024年8月8日国内成品油价格按机制调整,https://www.ndrc.gov.cn/xwdt/xwfb/202408/t20240808_1392318.html,-297.5,9130,1,down,297.5,2024-08,79.12,10,-5.214,-6.18256,79.763,10,-5.509,-6.460503,76.928,10,-5.13,-6.251676,78.3455,10,-5.3195,-6.358095,78.9125,10,-5.3953,-6.399526,0.6,-1.8,49.1,50.3,50.1,4910,2936268.9,598.02,-255.654913,-255.654913,-255.654913,0,-41.845087,-41.845087,down,down,down,1,1,1.163678,41.845087,0,1,S2_fixed_70,-178.9584391,lambda=0.7; threshold=50,0,5882.349109,0,14280.329683,-76.696474,872.308408,760921.959365,0,0.048169,0,0.043108,0.305129,0.061869
2024-08-22,2024-08-22,0,0,9645,8615,2024年8月22日国内成品油价格按机制不作调整,https://www.ndrc.gov.cn/xwdt/xwfb/202408/t20240822_1392530.html,0,9130,0,no_adjust,0,2024-08,78.904,10,-0.216,-0.273003,81.291,10,1.528,1.915675,77.721,10,0.793,1.030834,79.506,10,1.1605,1.481259,80.22,10,1.3075,1.656898,0.6,-1.8,49.1,50.3,50.1,4910,2936268.9,598.02,64.196074,64.196074,64.196074,0,-64.196074,-64.196074,up,up,no_adjust,1,0,0,64.196074,1,0,S2_fixed_70,0.0,lambda=0.7; threshold=50,0,4121.135917,0,32026.122925,64.196074,936.504482,877040.645555,0,0.033747,0,0.096677,0.351692,0.074005
2024-09-06,2024-09-05,-100,-100,9545,8515,2024年9月5日国内成品油价格按机制调整,https://www.ndrc.gov.cn/xwdt/xwfb/202409/t20240905_1392834.html,-100,9030,1,down,100,2024-09,77.58,10,-1.324,-1.677988,79.016,10,-2.275,-2.798588,74.55,10,-3.171,-4.079978,76.678,10,-2.828,-3.556964,77.6544,10,-2.5656,-3.198205,0.4,-2.8,49.8,50,50.4,4549,2573473.2,565.72,-120.624428,-120.624428,-120.624428,0,20.624428,20.624428,down,down,down,1,1,0.829019,-20.624428,1,0,S2_fixed_70,-84.4370996,lambda=0.7; threshold=50,0,1309.522737,0,7129.623789,-36.187328,900.317154,810570.977787,0,0.010723,0,0.021522,0.325038,0.054129
2024-09-21,2024-09-20,-365,-350,9180,8165,2024年9月20日国内成品油价格按机制调整,https://www.ndrc.gov.cn/xwdt/xwfb/202409/t20240920_1393111.html,-357.5,8672.5,1,down,357.5,2024-09,72.829,10,-4.751,-6.124001,73.229,10,-5.787,-7.323833,70.068,10,-4.482,-6.012072,71.6485,10,-5.0295,-6.559248,72.2807,10,-5.3737,-6.92002,0.4,-2.8,49.8,50,50.4,4549,2573473.2,565.72,-254.624182,-254.624182,-254.624182,0,-102.875818,-102.875818,down,down,down,1,1,1.40403,102.875818,0,1,S2_fixed_70,-178.23692739999998,lambda=0.7; threshold=50,0,5835.012665,0,8798.407695,-76.387255,823.929899,678860.479125,0,0.047781,0,0.02656,0.272222,0.054374
2024-10-11,2024-10-10,140,135,9320,8300,2024年10月10日国内成品油价格按机制调整,https://www.ndrc.gov.cn/xwdt/xwfb/202410/t20241010_1393553.html,137.5,8810,1,up,137.5,2024-10,74.879,10,2.05,2.814813,76.108,10,2.879,3.931503,72.203,10,2.135,3.04704,74.1555,10,2.507,3.499026,74.9365,10,2.6558,3.674286,0.3,-2.9,50.1,50.2,50.8,4470,2430092.9,543.64,128.535616,128.535616,128.535616,0,8.964384,8.964384,up,up,up,1,1,1.069742,-8.964384,0,1,S2_fixed_70,89.9749312,lambda=0.7; threshold=50,8095.488244,1486.926412,8581.217539,71937.601094,38.560685,862.490584,743890.007834,0.012176,0.012176,0.010755,0.217158,0.298299,0.085487
2024-10-24,2024-10-23,90,85,9410,8385,2024年10月23日国内成品油价格按机制调整,https://www.ndrc.gov.cn/xwdt/xwfb/202410/t20241023_1393865.html,87.5,8897.5,1,up,87.5,2024-10,74.973,10,0.094,0.125536,75.858,10,-0.25,-0.328481,72.791,10,0.588,0.814371,74.3105,10,0.155,0.20902,74.9183,10,-0.0182,-0.024287,0.3,-2.9,50.1,50.2,50.8,4470,2430092.9,543.64,0.934981,0.934981,0,0.934981,86.565019,87.5,up,no_adjust,up,0,1,,,,,S2_fixed_70,0.0,lambda=0.7; threshold=50,0,0,0,8095.488244,0,862.490584,743890.007834,0,0,0,0.024438,0.298299,0.048411
2024-11-07,2024-11-06,-145,-140,9265,8245,2024年11月6日国内成品油价格按机制调整,https://www.ndrc.gov.cn/xwdt/xwfb/202411/t20241106_1394298.html,-142.5,8755,1,down,142.5,2024-11,73.042,10,-1.931,-2.575594,73.949,10,-1.909,-2.516544,70.149,10,-2.642,-3.62957,72.049,10,-2.2615,-3.043312,72.809,10,-2.1093,-2.815467,0.2,-2.5,50.3,50,50.8,4852,2627508.2,541.53,-98.850243,-97.915262,-97.915262,0,-43.649757,-44.584738,down,down,down,1,1,1.45534,44.584738,0,1,S2_fixed_70,-68.54068339999999,lambda=0.7; threshold=50,0,862.865868,0,4697.825281,-29.374579,833.116006,694082.278787,0,0.007066,0,0.014181,0.278326,0.045289
2024-11-20,2024-11-20,0,0,9265,8245,2024年11月20日国内成品油价格不作调整,https://www.ndrc.gov.cn/xwdt/xwfb/202411/t20241120_1394603.html,0,8755,0,no_adjust,0,2024-11,72.541,10,-0.501,-0.685907,73.941,10,-0.008,-0.010818,70.034,10,-0.115,-0.163937,72.227,10,0.178,0.247054,73.1042,10,0.2952,0.405444,0.2,-2.5,50.3,50,50.8,4852,2627508.2,541.53,15.890119,15.890119,0,15.890119,-15.890119,0,up,no_adjust,no_adjust,0,0,,,,,S2_fixed_70,0.0,lambda=0.7; threshold=50,0,0,0,4697.825281,0,833.116006,694082.278787,0,0,0,0.014181,0.278326,0.043876
2024-12-04,2024-12-04,0,0,9265,8245,2024年12月4日国内成品油价格按机制不作调整,https://www.ndrc.gov.cn/xwdt/xwfb/202412/t20241204_1394837.html,0,8755,0,no_adjust,0,2024-12,72.901,10,0.36,0.496271,74.395,10,0.454,0.614003,69.532,10,-0.502,-0.716795,71.9835,10,-0.2435,-0.337132,72.9641,10,-0.1401,-0.191644,0.1,-2.3,50.1,52.2,52.2,4923,2678963.5,544.17,-4.881966,11.008153,0,11.008153,4.881966,0,down,no_adjust,no_adjust,0,0,,,,,S2_fixed_70,0.0,lambda=0.7; threshold=50,0,0,0,0,0,833.116006,694082.278787,0,0,0,0,0.278326,0.041749
2024-12-18,2024-12-18,0,0,9265,8245,2024年12月18日国内成品油价格按机制不作调整,https://www.ndrc.gov.cn/xwdt/xwfb/202412/t20241218_1395064.html,0,8755,0,no_adjust,0,2024-12,72.809,10,-0.092,-0.126199,73.986,10,-0.409,-0.549768,69.717,10,0.185,0.266065,71.8515,10,-0.132,-0.183375,72.7053,10,-0.2588,-0.354695,0.1,-2.3,50.1,52.2,52.2,4923,2678963.5,544.17,-10.546213,0.46194,0,0.46194,10.546213,0,down,no_adjust,no_adjust,0,0,,,,,S2_fixed_70,0.0,lambda=0.7; threshold=50,0,0,0,0,0,833.116006,694082.278787,0,0,0,0,0.278326,0.041749
2025-01-03,2025-01-02,70,70,9335,8315,2025年1月2日国内成品油价格按机制调整,https://www.ndrc.gov.cn/xwdt/xwfb/202501/t20250102_1395423.html,70,8825,1,up,70,2025-01,73.555,10,0.746,1.024599,73.718,10,-0.268,-0.362231,70.712,10,0.995,1.427199,72.2475,10,0.396,0.551137,72.8357,10,0.1304,0.179354,0.5,-2.3,49.1,50.2,50.1,,,,8.026026,8.487966,0,8.487966,61.973974,70,up,no_adjust,up,0,1,,,,,S2_fixed_70,0.0,lambda=0.7; threshold=50,0,0,0,0,0,833.116006,694082.278787,0,0,0,0,0.278326,0.041749
2025-01-17,2025-01-16,340,325,9675,8640,2025年1月16日国内成品油价格按机制调整,https://www.ndrc.gov.cn/xwdt/xwfb/202501/t20250116_1395727.html,332.5,9157.5,1,up,332.5,2025-01,77.796,10,4.241,5.765754,79.21,10,5.492,7.450012,75.993,10,5.281,7.468322,77.4085,10,5.161,7.1435,77.9747,10,5.139,7.055606,0.5,-2.3,49.1,50.2,50.1,,,,247.031465,255.51943,255.51943,0,85.468535,76.98057,up,up,up,1,1,1.301271,-76.98057,0,1,S2_fixed_70,178.863601,lambda=0.7; threshold=50,31992.187763,5876.11612,35191.406539,31992.187763,76.655829,909.771835,827684.791031,0.048118,0.048118,0.044108,0.096575,0.331901,0.096951
2025-02-06,2025-02-06,0,0,9675,8640,2025年2月6日国内成品油价格按机制不作调整,https://www.ndrc.gov.cn/xwdt/xwfb/202502/t20250206_1396007.html,0,9157.5,0,no_adjust,0,2025-02,78.976,10,1.18,1.516787,77.197,10,-2.013,-2.541346,73.449,10,-2.544,-3.347677,75.323,10,-2.0855,-2.694149,76.0726,10,-1.9021,-2.439381,-0.7,-2.2,50.2,50.4,51.1,,,,-88.962864,-88.962864,-88.962864,0,88.962864,88.962864,down,down,no_adjust,1,0,0,-88.962864,1,0,S2_fixed_70,-62.27400479999999,lambda=0.7; threshold=50,0,712.295205,0,58147.344931,-26.688859,883.082975,779835.541441,0,0.005833,0,0.17553,0.312713,0.074403
2025-02-20,2025-02-19,-170,-160,9505,8480,2025年2月19日国内成品油价格按机制调整,https://www.ndrc.gov.cn/xwdt/xwfb/202502/t20250219_1396225.html,-165,8992.5,1,down,165,2025-02,77.06,10,-1.916,-2.426053,75.626,10,-1.571,-2.035053,71.976,10,-1.473,-2.005473,73.8395,10,-1.4835,-1.969518,74.5849,10,-1.4877,-1.955632,-0.7,-2.2,50.2,50.4,51.1,,,,-69.188106,-69.188106,-69.188106,0,-95.811894,-95.811894,down,down,down,1,1,2.384803,95.811894,0,1,S2_fixed_70,0.0,lambda=0.7; threshold=50,0,4786.994012,0,3878.051674,-69.188106,813.894869,662424.858436,0,0.039199,0,0.011707,0.265632,0.049441
2025-03-06,2025-03-05,-135,-130,9370,8350,2025年3月5日国内成品油价格按机制调整,https://www.ndrc.gov.cn/xwdt/xwfb/202503/t20250305_1396430.html,-132.5,8860,1,down,132.5,2025-03,75.801,10,-1.259,-1.633792,74.459,10,-1.167,-1.54312,70.295,10,-1.681,-2.335501,72.377,10,-1.4625,-1.980647,73.2098,10,-1.3751,-1.843671,-0.1,-2.5,50.5,50.8,51.4,,,,-63.814945,-63.814945,-63.814945,0,-68.685055,-68.685055,down,down,down,1,1,2.076316,68.685055,0,1,S2_fixed_70,0.0,lambda=0.7; threshold=50,0,4072.347205,0,0,-63.814945,750.079924,562619.892988,0,0.033347,0,0,0.22561,0.040511
2025-03-20,2025-03-19,-280,-270,9090,8080,2025年3月19日国内成品油价格按机制调整,https://www.ndrc.gov.cn/xwdt/xwfb/202503/t20250319_1396715.html,-275,8585,1,down,275,2025-03,72.828,10,-2.973,-3.922112,71.606,10,-2.853,-3.831639,67.055,10,-3.24,-4.609147,69.3305,10,-3.0465,-4.20921,70.2407,10,-2.9691,-4.055605,-0.1,-2.5,50.5,50.8,51.4,,,,-139.879049,-139.879049,-139.879049,0,-135.120951,-135.120951,down,down,down,1,1,1.965984,135.120951,0,1,S2_fixed_70,-97.9153343,lambda=0.7; threshold=50,0,1760.953351,0,9587.412691,-41.963715,708.11621,501428.56644,0,0.01442,0,0.028942,0.201072,0.037386
2025-04-03,2025-04-02,230,220,9320,8300,2025年4月2日国内成品油价格按机制调整,https://www.ndrc.gov.cn/xwdt/xwfb/202504/t20250402_1396996.html,225,8810,1,up,225,2025-04,75.578,10,2.75,3.77602,74.395,10,2.789,3.894925,69.698,10,2.643,3.941541,72.0465,10,2.716,3.917468,72.9859,10,2.7452,3.908275,-0.1,-2.7,49,50.4,50.2,,,,132.801696,132.801696,132.801696,0,92.198304,92.198304,up,up,up,1,1,1.694255,-92.198304,0,1,S2_fixed_70,92.96118719999998,lambda=0.7; threshold=50,8641.782326,1587.266141,8641.782326,36433.84646,39.840509,747.956718,559439.252749,0.012998,0.012998,0.010831,0.109983,0.224334,0.058704
2025-04-18,2025-04-17,-480,-465,8840,7835,2025年4月17日国内成品油价格按机制调整,https://www.ndrc.gov.cn/xwdt/xwfb/202504/t20250417_1397240.html,-472.5,8337.5,1,down,472.5,2025-04,67.84,10,-7.738,-10.238429,67.309,10,-7.086,-9.524834,62.266,10,-7.432,-10.663147,64.7875,10,-7.259,-10.075437,65.7961,10,-7.1898,-9.850944,-0.1,-2.7,49,50.4,50.2,,,,-341.286678,-341.286678,-341.286678,0,-131.213322,-131.213322,down,down,down,1,1,1.384467,131.213322,0,1,S2_fixed_70,-238.90067459999997,lambda=0.7; threshold=50,0,10482.893692,0,110132.295317,-102.386003,645.570715,416761.548195,0,0.085841,0,0.332457,0.167121,0.092105
2025-04-30,2025-04-30,0,0,8840,7835,2025年4月30日国内成品油价格按机制不作调整,https://www.ndrc.gov.cn/xwdt/xwfb/202504/t20250430_1397516.html,0,8337.5,0,no_adjust,0,2025-04,68.731,10,0.891,1.313384,67.288,10,-0.021,-0.031199,63.295,10,1.029,1.652587,65.217,10,0.4295,0.662937,66.0454,10,0.2493,0.378898,-0.1,-2.7,49,50.4,50.2,,,,13.699816,13.699816,0,13.699816,-13.699816,0,up,no_adjust,no_adjust,0,0,,,,,S2_fixed_70,0.0,lambda=0.7; threshold=50,0,0,0,57073.532324,0,645.570715,416761.548195,0,0,0,0.172288,0.167121,0.050911
2025-05-20,2025-05-19,-230,-220,8610,7615,2025年5月19日国内成品油价格按机制调整,https://www.ndrc.gov.cn/xwdt/xwfb/202505/t20250519_1397793.html,-225,8112.5,1,down,225,2025-05,63.389,10,-5.342,-7.77233,63.841,10,-3.447,-5.122756,62.167,10,-1.128,-1.782131,63.0625,10,-2.1545,-3.303586,63.3739,10,-2.6715,-4.044945,-0.1,-3.3,49.5,50.3,50.4,,,,-125.677871,-111.978054,-111.978054,0,-99.322129,-113.021946,down,down,down,1,1,2.009322,113.021946,0,1,S2_fixed_70,-78.3846378,lambda=0.7; threshold=50,0,1128.517612,0,6144.151443,-33.593416,611.977299,374516.214369,0,0.009241,0,0.018547,0.15018,0.027157
2025-06-04,2025-06-03,65,60,8675,7675,2025年6月3日国内成品油价格按机制调整,https://www.ndrc.gov.cn/xwdt/xwfb/202506/t20250603_1398198.html,62.5,8175,1,up,62.5,2025-06,64.199,10,0.81,1.277824,65.483,10,1.642,2.572015,62.686,10,0.519,0.834848,64.0845,10,1.022,1.620614,64.6439,10,1.27,2.00398,0.1,-3.6,49.7,50.5,50.7,,,,62.406611,62.406611,62.406611,0,0.093389,0.093389,up,up,up,1,1,1.001496,-0.093389,0,1,S2_fixed_70,0.0,lambda=0.7; threshold=50,0,3894.585097,0,6144.151443,62.406611,674.38391,454793.657932,0,0.031892,0,0.018547,0.182372,0.036516
2025-06-18,2025-06-17,260,255,8935,7930,2025年6月17日国内成品油价格按机制调整,https://www.ndrc.gov.cn/xwdt/xwfb/202506/t20250617_1398486.html,257.5,8432.5,1,up,257.5,2025-06,67.733,10,3.534,5.504759,69.965,10,4.482,6.844525,67.269,10,4.583,7.311042,68.617,10,4.5325,7.072693,69.1562,10,4.5123,6.980241,0.1,-3.6,49.7,50.5,50.7,,,,217.12596,217.12596,217.12596,0,40.37404,40.37404,up,up,up,1,1,1.185948,-40.37404,0,1,S2_fixed_70,151.988172,lambda=0.7; threshold=50,23100.404428,4242.931426,23562.412516,23100.404428,65.137788,739.521698,546892.341665,0.034744,0.034744,0.029532,0.069733,0.219303,0.066373
2025-07-02,2025-07-01,235,225,9170,8155,2025年7月1日国内成品油价格按机制调整,https://www.ndrc.gov.cn/xwdt/xwfb/202507/t20250701_1398919.html,230,8662.5,1,up,230,2025-07,72.26,10,4.527,6.683596,73.414,10,3.449,4.929608,69.995,10,2.726,4.052387,71.4385,10,2.8215,4.111955,72.0159,10,2.8597,4.135132,0,-3.6,49.3,50.1,50.2,,,,138.265523,138.265523,138.265523,0,91.734477,91.734477,up,up,up,1,1,1.663466,-91.734477,0,1,S2_fixed_70,96.78586609999999,lambda=0.7; threshold=50,9367.503877,1720.561937,9367.503877,3047.294577,41.479657,781.001355,609963.116199,0.014089,0.014089,0.011741,0.009199,0.244595,0.047344
2025-07-16,2025-07-15,-130,-125,9040,8030,2025年7月15日国内成品油价格按机制调整,https://www.ndrc.gov.cn/xwdt/xwfb/202507/t20250715_1399195.html,-127.5,8535,1,down,127.5,2025-07,70.362,10,-1.898,-2.626626,70.971,10,-2.443,-3.327703,68.365,10,-1.63,-2.328738,69.524,10,-1.9145,-2.679927,69.9876,10,-2.0283,-2.816461,0,-3.6,49.3,50.1,50.2,,,,-94.985003,-94.985003,-94.985003,0,-32.514997,-32.514997,down,down,down,1,1,1.342317,32.514997,0,1,S2_fixed_70,-66.4895021,lambda=0.7; threshold=50,0,811.993572,0,26658.845861,-28.495501,752.505854,566265.060154,0,0.006649,0,0.080475,0.227072,0.047462
2025-07-29,2025-07-29,0,0,9040,8030,2025年7月29日国内成品油价格按机制不作调整,https://www.ndrc.gov.cn/xwdt/xwfb/202507/t20250729_1399467.html,0,8535,0,no_adjust,0,2025-07,70.588,10,0.226,0.321196,70.362,10,-0.609,-0.858097,67.553,10,-0.812,-1.187742,68.9575,10,-0.5665,-0.814827,69.5193,10,-0.4683,-0.669119,0,-3.6,49.3,50.1,50.2,,,,-20.543346,-20.543346,0,-20.543346,20.543346,0,down,no_adjust,no_adjust,0,0,,,,,S2_fixed_70,0.0,lambda=0.7; threshold=50,0,0,0,4420.85389,0,752.505854,566265.060154,0,0,0,0.013345,0.227072,0.036063
2025-08-12,2025-08-12,0,0,9040,8030,2025年8月12日国内成品油价格按机制不作调整,https://www.ndrc.gov.cn/xwdt/xwfb/202508/t20250812_1399754.html,0,8535,0,no_adjust,0,2025-08,71.74,10,1.152,1.632005,69.936,10,-0.426,-0.60544,67.389,10,-0.164,-0.242772,68.6625,10,-0.295,-0.4278,69.1719,10,-0.3474,-0.499717,-0.4,-2.9,49.4,50.3,50.5,,,,-14.774117,-35.317463,0,-35.317463,14.774117,0,down,no_adjust,no_adjust,0,0,,,,,S2_fixed_70,0.0,lambda=0.7; threshold=50,0,0,0,0,0,752.505854,566265.060154,0,0,0,0,0.227072,0.034061
2025-08-27,2025-08-26,-180,-175,8860,7855,2025年8月26日国内成品油价格按机制调整,https://www.ndrc.gov.cn/xwdt/xwfb/202508/t20250826_1400056.html,-177.5,8357.5,1,down,177.5,2025-08,69.136,10,-2.604,-3.629774,67.494,10,-2.442,-3.491764,64.257,10,-3.132,-4.647643,65.868,10,-2.7945,-4.069907,66.5184,10,-2.6535,-3.836095,-0.4,-2.9,49.4,50.3,50.5,,,,-124.818929,-160.136392,-160.136392,0,-52.681071,-17.363608,down,down,down,1,1,1.10843,17.363608,0,1,S2_fixed_70,-112.09547439999999,lambda=0.7; threshold=50,0,2307.929764,0,12565.395381,-48.040918,704.464936,496270.846476,0,0.018899,0,0.037931,0.199004,0.03932
2025-09-09,2025-09-09,0,0,8860,7855,2025年9月9日国内成品油价格按机制不作调整,https://www.ndrc.gov.cn/xwdt/xwfb/202509/t20250909_1400343.html,0,8357.5,0,no_adjust,0,2025-09,70.442,10,1.306,1.88903,67.079,10,-0.415,-0.614869,64.153,10,-0.104,-0.16185,65.621,10,-0.247,-0.374992,66.2522,10,-0.2662,-0.40019,-0.3,-2.3,49.8,50,50.6,,,,-10.899334,-10.899334,0,-10.899334,10.899334,0,down,no_adjust,no_adjust,0,0,,,,,S2_fixed_70,0.0,lambda=0.7; threshold=50,0,0,0,12565.395381,0,704.464936,496270.846476,0,0,0,0.037931,0.199004,0.03554
2025-09-23,2025-09-23,0,0,8860,7855,2025年9月23日国内成品油价格按机制不作调整,https://www.ndrc.gov.cn/xwdt/xwfb/202509/t20250923_1400624.html,0,8357.5,0,no_adjust,0,2025-09,70.572,10,0.13,0.184549,67.922,10,0.843,1.256727,63.559,10,-0.594,-0.925911,65.7405,10,0.1195,0.182106,66.6131,10,0.3609,0.544737,-0.3,-2.3,49.8,50,50.6,,,,19.025258,8.125924,0,8.125924,-19.025258,0,up,no_adjust,no_adjust,0,0,,,,,S2_fixed_70,0.0,lambda=0.7; threshold=50,0,0,0,0,0,704.464936,496270.846476,0,0,0,0,0.199004,0.029851
2025-10-14,2025-10-13,-75,-70,8785,7785,2025年10月13日国内成品油价格按机制调整,https://www.ndrc.gov.cn/xwdt/xwfb/202510/t20251013_1400937.html,-72.5,8285,1,down,72.5,2025-10,67.17,10,-3.402,-4.820609,66.901,10,-1.021,-1.503195,62.345,10,-1.214,-1.910036,64.623,10,-1.1175,-1.699865,65.5342,10,-1.0789,-1.619651,0.2,-2.1,49,50.1,50,,,,-49.680574,-41.55465,0,-41.55465,-22.819426,-72.5,down,no_adjust,down,0,1,,,,,S2_fixed_70,0.0,lambda=0.7; threshold=50,0,0,0,0,0,704.464936,496270.846476,0,0,0,0,0.199004,0.029851
2025-10-28,2025-10-27,-265,-255,8520,7530,2025年10月27日国内成品油价格按机制调整,https://www.ndrc.gov.cn/xwdt/xwfb/202510/t20251027_1401193.html,-260,8025,1,down,260,2025-10,63.901,10,-3.269,-4.866756,62.79,10,-4.111,-6.144901,59.595,10,-2.75,-4.410939,61.2055,10,-3.4175,-5.288365,61.8497,10,-3.6845,-5.622255,0.2,-2.1,49,50.1,50,,,,-174.017229,-215.571879,-215.571879,0,-85.982771,-44.428121,down,down,down,1,1,1.206094,44.428121,0,1,S2_fixed_70,-150.9003153,lambda=0.7; threshold=50,0,4182.411151,0,22770.905158,-64.671564,639.793373,409335.559623,0,0.034248,0,0.068739,0.164143,0.041782
2025-11-11,2025-11-10,125,120,8645,7650,2025年11月10日国内成品油价格按机制调整,https://www.ndrc.gov.cn/xwdt/xwfb/202511/t20251110_1401464.html,122.5,8147.5,1,up,122.5,2025-11,65.935,10,2.034,3.183049,64.661,10,1.871,2.979774,61.182,10,1.587,2.662975,62.9215,10,1.716,2.80367,63.6173,10,1.7676,2.857896,0.7,-2.2,49.2,49.5,49.7,,,,86.151591,86.151591,86.151591,0,36.348409,36.348409,up,up,up,1,1,1.421912,-36.348409,0,1,S2_fixed_70,60.30611369999999,lambda=0.7; threshold=50,3636.82735,667.988697,4145.983179,44608.155651,25.845477,665.63885,443075.078496,0.00547,0.00547,0.005196,0.134659,0.177673,0.05061
2025-11-25,2025-11-24,-70,-65,8575,7585,2025年11月24日国内成品油价格按机制调整,https://www.ndrc.gov.cn/xwdt/xwfb/202511/t20251124_1401864.html,-67.5,8080,1,down,67.5,2025-11,64.545,10,-1.39,-2.108137,63.256,10,-1.405,-2.172871,60.256,10,-0.926,-1.513517,61.749,10,-1.1725,-1.863433,62.3462,10,-1.2711,-1.998041,0.7,-2.2,49.2,49.5,49.7,,,,-58.852168,-58.852168,-58.852168,0,-8.647832,-8.647832,down,down,down,1,1,1.146942,8.647832,0,1,S2_fixed_70,0.0,lambda=0.7; threshold=50,0,3463.577678,0,3636.82735,-58.852168,606.786682,368190.077331,0,0.028362,0,0.010978,0.147644,0.029466
2025-12-09,2025-12-08,-55,-55,8520,7530,2025年12月8日国内成品油价格按机制调整,https://www.ndrc.gov.cn/xwdt/xwfb/202512/t20251208_1402287.html,-55,8025,1,down,55,2025-12,63.552,10,-0.993,-1.538462,64.179,10,0.923,1.45915,59.103,10,-1.153,-1.913502,61.571,10,-0.178,-0.288264,62.5582,10,0.212,0.340037,0.8,-1.9,50.1,50.2,50.7,,,,11.919897,11.919897,0,11.919897,-66.919897,-55,up,no_adjust,down,0,1,,,,,S2_fixed_70,0.0,lambda=0.7; threshold=50,0,0,0,0,0,606.786682,368190.077331,0,0,0,0,0.147644,0.022147
2025-12-23,2025-12-22,-170,-165,8350,7365,2025年12月22日国内成品油价格按机制调整,https://www.ndrc.gov.cn/xwdt/xwfb/202512/t20251222_1402523.html,-167.5,7857.5,1,down,167.5,2025-12,61.018,10,-2.534,-3.987286,61.715,10,-2.464,-3.839262,57.298,10,-1.805,-3.05399,59.5065,10,-2.0645,-3.35304,60.3899,10,-2.1683,-3.466052,0.8,-1.9,50.1,50.2,50.7,,,,-101.665665,-89.745767,-89.745767,0,-65.834335,-77.754233,down,down,down,1,1,1.866383,77.754233,0,1,S2_fixed_70,-62.82203689999999,lambda=0.7; threshold=50,0,724.887242,0,3946.60832,-26.92373,579.862952,336241.04287,0,0.005936,0,0.011914,0.134832,0.023199
2026-01-06,2026-01-06,0,0,8350,7365,2026年1月6日国内成品油价格按机制不作调整,https://www.ndrc.gov.cn/xwdt/xwfb/202601/t20260106_1403050.html,0,7857.5,0,no_adjust,0,2026-01,60.838,10,-0.18,-0.294995,62.339,10,0.624,1.011099,57.71,10,0.412,0.719048,60.0055,10,0.499,0.838564,60.9389,10,0.549,0.909092,0.2,-1.4,49.3,49.4,49.8,,,,28.001204,28.001204,0,28.001204,-28.001204,0,up,no_adjust,no_adjust,0,0,,,,,S2_fixed_70,0.0,lambda=0.7; threshold=50,0,0,0,3946.60832,0,579.862952,336241.04287,0,0,0,0.011914,0.134832,0.022012
2026-01-21,2026-01-20,85,85,8435,7450,2026年1月20日国内成品油价格按机制调整,https://www.ndrc.gov.cn/xwdt/xwfb/202601/t20260120_1403319.html,85,7942.5,1,up,85,2026-01,61.303,10,0.465,0.764325,65.352,10,3.013,4.83325,58.839,10,1.129,1.956333,61.9,10,1.8945,3.157211,63.1244,10,2.1855,3.586379,0.2,-1.4,49.3,49.4,49.8,,,,106.093366,134.09457,134.09457,0,-21.093366,-49.09457,up,up,up,1,1,0.633881,49.09457,1,0,S2_fixed_70,93.866199,lambda=0.7; threshold=50,8810.863315,1618.321833,9163.297847,8810.863315,40.228371,620.091323,384513.248612,0.013252,0.013252,0.011485,0.026597,0.154189,0.035953
2026-02-04,2026-02-03,205,195,8640,7645,2026年2月3日国内成品油价格按机制调整,https://www.ndrc.gov.cn/xwdt/xwfb/202602/t20260203_1403566.html,200,8142.5,1,up,200,2026-02,64.204,10,2.901,4.732232,68.787,10,3.435,5.256151,61.674,10,2.835,4.818233,65.2305,10,3.3305,5.380452,66.6531,10,3.5287,5.590073,1.3,-0.9,49,49.5,49.5,,,,170.189541,170.189541,170.189541,0,29.810459,29.810459,up,up,up,1,1,1.17516,-29.810459,0,1,S2_fixed_70,119.13267869999999,lambda=0.7; threshold=50,14192.595134,2606.803188,17882.669869,638.394996,51.056862,671.148185,450439.886363,0.021346,0.021346,0.022414,0.001927,0.180626,0.042592
2026-02-25,2026-02-24,175,170,8815,7815,2026年2月24日国内成品油价格按机制调整,https://www.ndrc.gov.cn/xwdt/xwfb/202602/t20260224_1403852.html,172.5,8315,1,up,172.5,2026-02,68.106,10,3.902,6.077503,71.247,10,2.46,3.576257,64.723,10,3.049,4.943736,68.004,10,2.7735,4.251845,69.3164,10,2.6633,3.995763,1.3,-0.9,49,49.5,49.5,,,,128.893509,128.893509,128.893509,0,43.606491,43.606491,up,up,up,1,1,1.338314,-43.606491,0,1,S2_fixed_70,90.22545629999999,lambda=0.7; threshold=50,8140.632965,1495.2183,10257.197535,835.627507,38.668053,709.816238,503839.091445,0.012244,0.012244,0.012856,0.002523,0.202039,0.039408
2026-03-10,2026-03-09,695,670,9510,8485,2026年3月9日国内成品油价格按机制调整,https://www.ndrc.gov.cn/xwdt/xwfb/202603/t20260309_1404075.html,682.5,8997.5,1,up,682.5,2026-03,77.672,10,9.566,14.045752,78.319,10,7.072,9.926032,72.118,10,7.395,11.425614,75.2185,10,7.2145,10.608935,76.4587,10,7.1423,10.303911,1,0.5,50.4,50.1,50.5,,,,342.626959,342.626959,342.626959,0,339.873041,339.873041,up,up,up,1,1,1.991962,-339.873041,0,1,S2_fixed_70,239.8388713,lambda=0.7; threshold=50,57522.684186,10565.390973,69027.221024,22384.173948,102.788088,812.604325,660325.789821,0.086517,0.086517,0.086517,0.067571,0.26479,0.110416
2026-03-24,2026-03-23,1160,1115,10670,9600,2026年3月23日国内成品油价格调整,https://www.ndrc.gov.cn/xwdt/xwfb/202603/t20260323_1404295.html,1137.5,10135,1,up,1137.5,2026-03,125.659,10,47.987,61.781594,103.777,10,25.458,32.505522,93.959,10,21.841,30.285088,98.868,10,23.6495,31.441068,100.8316,10,24.3729,31.87721,1,0.5,50.4,50.1,50.5,,,,1164.85415,1164.85415,1164.85415,0,-27.35415,-27.35415,up,up,up,1,1,0.976517,27.35415,1,0,S2_fixed_70,815.3979049999999,lambda=0.7; threshold=50,664873.743478,122119.667169,797848.492174,331268.201274,349.456245,1162.06057,1350384.769511,1,1,1,1,0.541503,0.931225
2026-04-08,2026-04-07,420,400,11090,10000,2026年4月7日国家继续实施调控，成品油价格适当调整,https://www.ndrc.gov.cn/xwdt/xwfb/202604/t20260407_1404528.html,410,10545,1,up,410,2026-04,123.192,10,-2.467,-1.96325,117.037,10,13.26,12.777398,100.815,10,6.856,7.2968,108.161,10,9.293,9.399401,111.7114,10,10.8798,10.79007,1.2,2.8,50.3,49.4,50.1,,,,520.976763,520.976763,520.976763,0,-110.976763,-110.976763,up,up,up,1,1,0.786983,110.976763,1,0,S2_fixed_70,364.6837341,lambda=0.7; threshold=50,132994.225917,24427.510883,164912.840137,203143.26385,156.293029,1318.353599,1738056.213051,0.200029,0.200029,0.206697,0.613229,0.696959,0.338216
2026-04-22,2026-04-21,-555,-530,10535,9470,2026年4月21日国内成品油价格下调,https://www.ndrc.gov.cn/xwdt/xwfb/202604/t20260421_1404789.html,-542.5,10002.5,1,down,542.5,2026-04,107.016,10,-16.176,-13.130723,117.398,10,0.361,0.308449,96.897,10,-3.918,-3.886326,107.1475,10,-1.0135,-0.937029,111.2477,10,-0.4637,-0.415087,1.2,2.8,50.3,49.4,50.1,,,,-20.323838,-20.323838,0,-20.323838,-522.176162,-542.5,down,no_adjust,down,0,1,,,,,S2_fixed_70,0.0,lambda=0.7; threshold=50,0,0,0,132994.225917,0,1318.353599,1738056.213051,0,0,0,0.40147,0.696959,0.164764
2026-05-09,2026-05-08,320,310,10855,9780,2026年5月8日国内成品油价格调整,https://www.ndrc.gov.cn/xwdt/xwfb/202605/t20260508_1405100.html,315,10317.5,1,up,315,2026-05,112.562,10,5.546,5.182403,114.626,10,-2.772,-2.361199,102.368,10,5.471,5.646202,107.562,10,0.4145,0.38685,110.3876,10,-0.8601,-0.77314,,,,,,,,,-39.239654,-59.563493,-59.563493,0,354.239654,374.563493,down,down,up,1,1,-5.288474,-374.563493,0,1,S2_fixed_70,0.0,lambda=0.7; threshold=50,0,3547.809698,0,0,-59.563493,1258.790106,1584552.531971,0,0.029052,0,0,0.635404,0.101121
2016-01-14,2016-01-13,-140,-135,6925,5970,完善成品油价格机制 同步下调成品油价格,https://www.ndrc.gov.cn/xwdt/ztzl/gncpyjg/201601/t20160113_1292913.html,-137.5,6447.5,1,down,137.5,2016-01,29.61,10,-9.253,-23.809279,33.936,10,-9.007,-20.974315,34.668,10,-5.88,-14.501332,34.302,10,-7.28,-17.507575,34.1556,10,-7.84,-18.668622,1.8,-5.3,49.4,53.5,,2669,752620.9,281.99,-372.313579,-372.313579,-372.313579,0,234.813579,234.813579,down,down,down,1,1,0.369312,-234.813579,1,0,S3_segmented_smoothing,-297.8508632,"small=1.0, medium=0.8, large=0.6, extreme=0.5",0,5544.696044,0,0,-74.462716,-74.462716,5544.696044,0,0.02554,0,0,0.008883,0.00644
2016-01-27,2016-01-27,0,0,6925,5970,1月27日国内成品油价格不作调整,https://www.ndrc.gov.cn/xwdt/ztzl/gncpyjg/201601/t20160127_1292914.html,0,6447.5,0,no_adjust,0,2016-01,24.442,10,-5.168,-17.453563,28.576,10,-5.36,-15.794437,29.813,10,-4.855,-14.004269,29.2835,10,-5.0185,-14.630342,29.0717,10,-5.0839,-14.884528,1.8,-5.3,49.4,53.5,,2669,752620.9,281.99,-240.795213,-240.795213,-240.795213,0,240.795213,240.795213,down,down,no_adjust,1,0,0,-240.795213,1,0,S3_segmented_smoothing,-240.795213,"small=1.0, medium=0.8, large=0.6, extreme=0.5",0,0,0,3255.34722,0,-74.462716,5544.696044,0,0,0,0.0089,0.008883,0.002668
2016-02-15,2016-02-15,0,0,6925,5970,2月15日国内成品油价格不作调整,https://www.ndrc.gov.cn/xwdt/ztzl/gncpyjg/201602/t20160215_1292915.html,0,6447.5,0,no_adjust,0,2016-02,28.122,10,3.68,15.056051,31.297,10,2.721,9.521976,29.702,10,-0.111,-0.372321,30.4995,10,1.216,4.152509,30.8185,10,1.7468,6.008593,2.3,-4.9,49,52.7,,3180,737326.3,231.86,85.159035,85.159035,85.159035,0,-85.159035,-85.159035,up,up,no_adjust,1,0,0,85.159035,1,0,S3_segmented_smoothing,85.159035,"small=1.0, medium=0.8, large=0.6, extreme=0.5",7252.061242,0,10588.009414,106246.171789,0,-74.462716,5544.696044,0.014846,0,0.018063,0.290484,0.008883,0.053132
2016-02-29,2016-02-29,0,0,6925,5970,2月29日国内成品油价格不作调整,https://www.ndrc.gov.cn/xwdt/ztzl/gncpyjg/201602/t20160229_1292916.html,0,6447.5,0,no_adjust,0,2016-02,29.175,10,1.053,3.744399,32.654,10,1.357,4.335879,30.602,10,0.9,3.030099,31.628,10,1.1285,3.700061,32.0384,10,1.2199,3.958337,2.3,-4.9,49,52.7,,3180,737326.3,231.86,60.015889,60.015889,60.015889,0,-60.015889,-60.015889,up,up,no_adjust,1,0,0,60.015889,1,0,S3_segmented_smoothing,60.015889,"small=1.0, medium=0.8, large=0.6, extreme=0.5",3601.906932,0,5258.784121,632.177791,0,-74.462716,5544.696044,0.007374,0,0.008971,0.001728,0.008883,0.005678
2016-03-14,2016-03-14,0,0,6925,5970,3月14日国内成品油价格不作调整,https://www.ndrc.gov.cn/xwdt/ztzl/gncpyjg/201603/t20160314_1292917.html,0,6447.5,0,no_adjust,0,2016-03,33.3,10,4.125,14.138817,37.787,10,5.133,15.719361,36.064,10,5.462,17.848507,36.9255,10,5.2975,16.749399,37.2701,10,5.2317,16.329467,2.3,-4.3,50.2,53.8,,3261,771184.3,236.49,251.455017,251.455017,251.455017,0,-251.455017,-251.455017,up,up,no_adjust,1,0,0,251.455017,1,0,S3_segmented_smoothing,251.455017,"small=1.0, medium=0.8, large=0.6, extreme=0.5",63229.625574,0,92315.253339,36648.939729,0,-74.462716,5544.696044,0.129442,0,0.157488,0.100201,0.008883,0.088095
2016-03-28,2016-03-28,0,0,6925,5970,3月28日国内成品油价格不作调整,https://www.ndrc.gov.cn/xwdt/ztzl/gncpyjg/201603/t20160328_1292918.html,0,6447.5,0,no_adjust,0,2016-03,35.493,10,2.193,6.585586,38.951,10,1.164,3.080424,38.788,10,2.724,7.553239,38.8695,10,1.944,5.264655,38.9021,10,1.632,4.378845,2.3,-4.3,50.2,53.8,,3261,771184.3,236.49,79.680893,79.680893,79.680893,0,-79.680893,-79.680893,up,up,no_adjust,1,0,0,79.680893,1,0,S3_segmented_smoothing,79.680893,"small=1.0, medium=0.8, large=0.6, extreme=0.5",6349.044709,0,9269.605276,29506.349676,0,-74.462716,5544.696044,0.012998,0,0.015814,0.080672,0.008883,0.020636
2016-04-12,2016-04-12,0,0,6925,5970,4月12日国内成品油价格不作调整,https://www.ndrc.gov.cn/xwdt/ztzl/gncpyjg/201604/t20160412_1292919.html,0,6447.5,0,no_adjust,0,2016-04,34.606,10,-0.887,-2.499084,37.581,10,-1.37,-3.51724,37.018,10,-1.77,-4.563267,37.2995,10,-1.57,-4.039157,37.4121,10,-1.49,-3.830127,2.3,-3.4,50.1,53.5,,3258,870569.7,267.21,-69.297859,-69.297859,-69.297859,0,69.297859,69.297859,down,down,no_adjust,1,0,0,-69.297859,1,0,S3_segmented_smoothing,-69.297859,"small=1.0, medium=0.8, large=0.6, extreme=0.5",0,0,0,22194.668547,0,-74.462716,5544.696044,0,0,0,0.060682,0.008883,0.010435
2016-04-27,2016-04-26,165,160,7090,6130,国内成品油价格按机制上调,https://www.ndrc.gov.cn/xwdt/ztzl/gncpyjg/201604/t20160426_1292920.html,162.5,6610,1,up,162.5,2016-04,38.674,10,4.068,11.755187,42.834,10,5.253,13.977808,41.662,10,4.644,12.545248,42.248,10,4.9485,13.266934,42.4824,10,5.0703,13.552567,2.3,-3.4,50.1,53.5,,3258,870569.7,267.21,243.753168,243.753168,243.753168,0,-81.253168,-81.253168,up,up,up,1,1,0.666658,81.253168,1,0,S3_segmented_smoothing,243.753168,"small=1.0, medium=0.8, large=0.6, extreme=0.5",59415.60691,0,86746.786089,98000.945506,0,-74.462716,5544.696044,0.121634,0,0.147988,0.267941,0.008883,0.108929
2016-05-12,2016-05-11,120,115,7210,6245,国内成品油价格按机制上调,https://www.ndrc.gov.cn/xwdt/ztzl/gncpyjg/201605/t20160511_1292921.html,117.5,6727.5,1,up,117.5,2016-05,41.279,10,2.605,6.735791,44.283,10,1.449,3.382827,44.651,10,2.989,7.174404,44.467,10,2.219,5.25232,44.3934,10,1.911,4.498333,2,-2.8,50.1,53.1,,3224,940142.9,291.61,92.994497,92.994497,92.994497,0,24.505503,24.505503,up,up,up,1,1,1.263516,-24.505503,0,1,S3_segmented_smoothing,92.994497,"small=1.0, medium=0.8, large=0.6, extreme=0.5",8647.976472,0,12107.167061,22728.176882,0,-74.462716,5544.696044,0.017704,0,0.020655,0.06214,0.008883,0.020243
2016-05-26,2016-05-25,210,200,7420,6445,国内成品油价格按机制上调,https://www.ndrc.gov.cn/xwdt/ztzl/gncpyjg/201605/t20160525_1292922.html,205,6932.5,1,up,205,2016-05,43.883,10,2.604,6.308292,47.743,10,3.46,7.813382,47.519,10,2.868,6.423148,47.631,10,3.164,7.115389,47.6758,10,3.2824,7.393892,2,-2.8,50.1,53.1,,3224,940142.9,291.61,158.436349,158.436349,158.436349,0,46.563651,46.563651,up,up,up,1,1,1.293895,-46.563651,0,1,S3_segmented_smoothing,158.436349,"small=1.0, medium=0.8, large=0.6, extreme=0.5",25102.076684,0,35142.907358,4282.635993,0,-74.462716,5544.696044,0.051388,0,0.059953,0.011709,0.008883,0.030924
2016-06-09,2016-06-08,110,110,7530,6555,国内成品油价格按机制上调,https://www.ndrc.gov.cn/xwdt/ztzl/gncpyjg/201606/t20160608_1292923.html,110,7042.5,1,up,110,2016-06,45.461,10,1.578,3.595926,49.022,10,1.279,2.678927,49.158,10,1.639,3.449147,49.09,10,1.459,3.063131,49.0628,10,1.387,2.909233,1.9,-2.6,50,53.7,,3062,983636.1,321.24,67.989735,67.989735,67.989735,0,42.010265,42.010265,up,up,up,1,1,1.617891,-42.010265,0,1,S3_segmented_smoothing,67.989735,"small=1.0, medium=0.8, large=0.6, extreme=0.5",4622.604065,0,6379.19361,8180.589984,0,-74.462716,5544.696044,0.009463,0,0.010883,0.022366,0.008883,0.009774
2016-06-23,2016-06-23,0,0,7530,6555,6月23日国内成品油价格不作调整,https://www.ndrc.gov.cn/xwdt/ztzl/gncpyjg/201606/t20160623_1292924.html,0,7042.5,0,no_adjust,0,2016-06,45.925,10,0.464,1.020655,48.252,10,-0.77,-1.570723,48.656,10,-0.502,-1.021197,48.454,10,-0.636,-1.29558,48.3732,10,-0.6896,-1.405546,1.9,-2.6,50,53.7,,3062,983636.1,321.24,-31.103563,-31.103563,0,-31.103563,31.103563,0,down,no_adjust,no_adjust,0,0,,,,,S3_segmented_smoothing,0.0,"small=1.0, medium=0.8, large=0.6, extreme=0.5",0,0,0,4622.604065,0,-74.462716,5544.696044,0,0,0,0.012638,0.008883,0.003228
2016-07-07,2016-07-07,0,0,7530,6555,7月7日国内成品油价格不作调整,https://www.ndrc.gov.cn/xwdt/ztzl/gncpyjg/201607/t20160707_1292925.html,0,7042.5,0,no_adjust,0,2016-07,45.21,10,-0.715,-1.556886,47.014,10,-1.238,-2.565697,48.017,10,-0.639,-1.313302,47.536,10,-0.918,-1.89458,47.3436,10,-1.0296,-2.128451,1.8,-1.7,49.9,53.9,,3107,1061217.3,341.56,-47.328027,-78.43159,-78.43159,0,47.328027,78.43159,down,down,no_adjust,1,0,0,-78.43159,1,0,S3_segmented_smoothing,-78.43159,"small=1.0, medium=0.8, large=0.6, extreme=0.5",0,0,0,6151.51431,0,-74.462716,5544.696044,0,0,0,0.016819,0.008883,0.003855
2016-07-22,2016-07-21,-155,-150,7375,6405,国内成品油价格按机制下调,https://www.ndrc.gov.cn/xwdt/ztzl/gncpyjg/201607/t20160721_1292926.html,-152.5,6890,1,down,152.5,2016-07,43.027,10,-2.183,-4.828578,45.502,10,-1.512,-3.216063,45.341,10,-2.676,-5.573026,45.4215,10,-2.1145,-4.448208,45.4537,10,-1.8899,-3.991881,1.8,-1.7,49.9,53.9,,3107,1061217.3,341.56,-88.380692,-88.380692,-88.380692,0,-64.119308,-64.119308,down,down,down,1,1,1.72549,64.119308,0,1,S3_segmented_smoothing,-88.380692,"small=1.0, medium=0.8, large=0.6, extreme=0.5",0,0,0,98.984631,0,-74.462716,5544.696044,0,0,0,0.000271,0.008883,0.001373
2016-08-05,2016-08-04,-220,-215,7155,6190,国内成品油价格按机制下调,https://www.ndrc.gov.cn/xwdt/ztzl/gncpyjg/201608/t20160804_1292927.html,-217.5,6672.5,1,down,217.5,2016-08,40.168,10,-2.859,-6.644665,42.258,10,-3.244,-7.129357,41.685,10,-3.656,-8.063342,41.9715,10,-3.45,-7.595522,42.0861,10,-3.3676,-7.408858,1.3,-0.8,50.4,53.5,,3285,1071423.6,326.16,-158.895074,-158.895074,-158.895074,0,-58.604926,-58.604926,down,down,down,1,1,1.368828,58.604926,0,1,S3_segmented_smoothing,-158.895074,"small=1.0, medium=0.8, large=0.6, extreme=0.5",0,0,0,4972.278069,0,-74.462716,5544.696044,0,0,0,0.013595,0.008883,0.003372
2016-08-19,2016-08-18,175,170,7330,6360,国内成品油价格按机制上调,https://www.ndrc.gov.cn/xwdt/ztzl/gncpyjg/201608/t20160818_1292928.html,172.5,6845,1,up,172.5,2016-08,41.994,10,1.826,4.545907,44.611,10,2.353,5.568176,43.842,10,2.157,5.174523,44.2265,10,2.255,5.372693,44.3803,10,2.2942,5.451206,1.3,-0.8,50.4,53.5,,3285,1071423.6,326.16,111.280422,111.280422,111.280422,0,61.219578,61.219578,up,up,up,1,1,1.550138,-61.219578,0,1,S3_segmented_smoothing,111.280422,"small=1.0, medium=0.8, large=0.6, extreme=0.5",12383.33232,0,15602.998724,72994.798639,0,-74.462716,5544.696044,0.025351,0,0.026618,0.199573,0.008883,0.044261
2016-09-02,2016-09-01,205,200,7535,6560,国内成品油价格按机制上调,https://www.ndrc.gov.cn/xwdt/ztzl/gncpyjg/201609/t20160901_1292929.html,202.5,7047.5,1,up,202.5,2016-09,45.558,10,3.564,8.486927,48.766,10,4.155,9.313846,46.989,10,3.147,7.178048,47.8775,10,3.651,8.255232,48.2329,10,3.8526,8.680879,1.9,0.1,50.4,53.7,,3306,1051321.5,318,185.645729,185.645729,185.645729,0,16.854271,16.854271,up,up,up,1,1,1.090787,-16.854271,0,1,S3_segmented_smoothing,185.645729,"small=1.0, medium=0.8, large=0.6, extreme=0.5",34464.336696,0,47560.78464,5530.198885,0,-74.462716,5544.696044,0.070554,0,0.081138,0.01512,0.008883,0.041523
2016-09-19,2016-09-18,-155,-150,7380,6410,国内成品油价格按机制下调,https://www.ndrc.gov.cn/xwdt/ztzl/gncpyjg/201609/t20160918_1292930.html,-152.5,6895,1,down,152.5,2016-09,43.204,10,-2.354,-5.16704,46.857,10,-1.909,-3.914613,44.992,10,-1.997,-4.249931,45.8865,10,-1.991,-4.15853,46.2443,10,-1.9886,-4.122912,1.9,0.1,50.4,53.7,,3306,1051321.5,318,-93.090558,-93.090558,-93.090558,0,-59.409442,-59.409442,down,down,down,1,1,1.63819,59.409442,0,1,S3_segmented_smoothing,-93.090558,"small=1.0, medium=0.8, large=0.6, extreme=0.5",0,0,0,77693.917691,0,-74.462716,5544.696044,0,0,0,0.21242,0.008883,0.033196
2016-09-30,2016-09-30,0,0,7380,6410,9月30日国内成品油价格不作调整,https://www.ndrc.gov.cn/xwdt/ztzl/gncpyjg/201609/t20160930_1292931.html,0,6895,0,no_adjust,0,2016-09,42.509,10,-0.695,-1.608647,46.193,10,-0.664,-1.417077,45.106,10,0.114,0.253378,45.6495,10,-0.237,-0.516492,45.8669,10,-0.3774,-0.816101,1.9,0.1,50.4,53.7,,3306,1051321.5,318,-16.205688,-16.205688,0,-16.205688,16.205688,0,down,no_adjust,no_adjust,0,0,,,,,S3_segmented_smoothing,0.0,"small=1.0, medium=0.8, large=0.6, extreme=0.5",0,0,0,8665.851989,0,-74.462716,5544.696044,0,0,0,0.023693,0.008883,0.004886
2016-10-20,2016-10-19,355,340,7735,6750,国内成品油价格按机制上调,https://www.ndrc.gov.cn/xwdt/ztzl/gncpyjg/201610/t20161019_1292932.html,347.5,7242.5,1,up,347.5,2016-10,48.316,10,5.807,13.660637,49.903,10,3.71,8.03152,50.166,10,5.06,11.21802,50.0345,10,4.385,9.605801,49.9819,10,4.115,8.971611,2.1,1.2,51.2,54,,2879,940085,326.53,198.167197,181.96151,181.96151,0,149.332803,165.53849,up,up,up,1,1,1.909745,-165.53849,0,1,S3_segmented_smoothing,181.96151,"small=1.0, medium=0.8, large=0.6, extreme=0.5",33109.991121,0,47016.187393,33109.991121,0,-74.462716,5544.696044,0.067782,0,0.080209,0.090525,0.008883,0.051909
2016-11-02,2016-11-02,0,0,7735,6750,11月2日国内成品油价格不作调整,https://www.ndrc.gov.cn/xwdt/ztzl/gncpyjg/201611/t20161102_1292933.html,0,7242.5,0,no_adjust,0,2016-11,47.32,10,-0.996,-2.061429,48.929,10,-0.974,-1.951786,49.281,10,-0.885,-1.764143,49.105,10,-0.9295,-1.857718,49.0346,10,-0.9473,-1.895286,2.3,3.3,51.7,54.7,,3235,1121513.6,346.68,-43.400752,-43.400752,0,-43.400752,43.400752,0,down,no_adjust,no_adjust,0,0,,,,,S3_segmented_smoothing,0.0,"small=1.0, medium=0.8, large=0.6, extreme=0.5",0,0,0,33109.991121,0,-74.462716,5544.696044,0,0,0,0.090525,0.008883,0.014911
2016-11-17,2016-11-16,-365,-355,7370,6395,国内成品油价格按机制下调,https://www.ndrc.gov.cn/xwdt/ztzl/gncpyjg/201611/t20161116_1292934.html,-360,6882.5,1,down,360,2016-11,42.066,10,-5.254,-11.103128,43.26,10,-5.669,-11.586176,44.625,10,-4.656,-9.44786,43.9425,10,-5.1625,-10.513186,43.6695,10,-5.3651,-10.941458,2.3,3.3,51.7,54.7,,3235,1121513.6,346.68,-254.213799,-297.614551,-297.614551,0,-105.786201,-62.385449,down,down,down,1,1,1.209618,62.385449,0,1,S3_segmented_smoothing,-297.614551,"small=1.0, medium=0.8, large=0.6, extreme=0.5",0,0,0,88574.420967,0,-74.462716,5544.696044,0,0,0,0.242168,0.008883,0.037658
2016-12-01,2016-11-30,175,170,7545,6565,国内成品油价格按机制上调,https://www.ndrc.gov.cn/xwdt/ztzl/gncpyjg/201611/t20161130_1292935.html,172.5,7055,1,up,172.5,2016-12,44.083,10,2.017,4.794846,45.783,10,2.523,5.832178,46.242,10,1.617,3.623529,45.843,10,1.9005,4.32497,45.6834,10,2.0139,4.611686,2.1,5.5,51.4,54.5,,3638,1229788.7,338.04,97.904783,97.904783,97.904783,0,74.595217,74.595217,up,up,up,1,1,1.761916,-74.595217,0,1,S3_segmented_smoothing,97.904783,"small=1.0, medium=0.8, large=0.6, extreme=0.5",9585.346534,0,13611.192079,156435.543568,0,-74.462716,5544.696044,0.019623,0,0.02322,0.427705,0.008883,0.076199
2016-12-15,2016-12-14,435,420,7980,6985,国内成品油价格按机制上调,https://www.ndrc.gov.cn/xwdt/ztzl/gncpyjg/201612/t20161214_1292936.html,427.5,7482.5,1,up,427.5,2016-12,50.357,10,6.274,14.232244,52.115,10,6.332,13.830461,51.279,10,5.037,10.892695,51.697,10,5.854,12.76967,51.8642,10,6.1808,13.529641,2.1,5.5,51.4,54.5,,3638,1229788.7,338.04,296.74513,296.74513,296.74513,0,130.75487,130.75487,up,up,up,1,1,1.44063,-130.75487,0,1,S3_segmented_smoothing,296.74513,"small=1.0, medium=0.8, large=0.6, extreme=0.5",88057.672179,0,125041.894494,39537.483595,0,-74.462716,5544.696044,0.180269,0,0.213319,0.108098,0.008883,0.115944
2016-12-29,2016-12-28,100,95,8080,7080,国内成品油价格按机制上调,https://www.ndrc.gov.cn/xwdt/ztzl/gncpyjg/201612/t20161228_1292937.html,97.5,7580,1,up,97.5,2016-12,51.861,10,1.504,2.986675,53.536,10,1.421,2.726662,51.943,10,0.664,1.294877,52.7355,10,1.0385,2.008821,53.0557,10,1.1915,2.297346,2.1,5.5,51.4,54.5,,3638,1229788.7,338.04,58.660669,58.660669,58.660669,0,38.839331,38.839331,up,up,up,1,1,1.662102,-38.839331,0,1,S3_segmented_smoothing,58.660669,"small=1.0, medium=0.8, large=0.6, extreme=0.5",3441.074088,0,4886.325204,56684.21057,0,-74.462716,5544.696044,0.007044,0,0.008336,0.154978,0.008883,0.028424
2017-01-13,2017-01-12,70,70,8150,7150,国内成品油价格按机制上调,https://www.ndrc.gov.cn/xwdt/ztzl/gncpyjg/201701/t20170112_1292938.html,70,7650,1,up,70,2017-01,52.78,10,0.919,1.772045,54.659,10,1.123,2.097654,52.989,10,1.046,2.013746,53.824,10,1.0885,2.064074,54.158,10,1.1023,2.077628,2.5,6.9,51.3,54.6,54,3403,1296886.6,381.1,54.404133,54.404133,54.404133,0,15.595867,15.595867,up,up,up,1,1,1.286667,-15.595867,0,1,S3_segmented_smoothing,54.404133,"small=1.0, medium=0.8, large=0.6, extreme=0.5",2959.809687,0,4439.714531,18.118099,0,-74.462716,5544.696044,0.006059,0,0.007574,0.00005,0.008883,0.004748
2017-01-26,2017-01-25,-70,-70,8080,7080,国内成品油价格按机制下调,https://www.ndrc.gov.cn/xwdt/ztzl/gncpyjg/201701/t20170125_1292939.html,-70,7580,1,down,70,2017-01,52.077,10,-0.703,-1.331944,54.296,10,-0.363,-0.664118,52.082,10,-0.907,-1.711676,53.134,10,-0.69,-1.281956,53.5548,10,-0.6032,-1.113778,2.5,6.9,51.3,54.6,54,3403,1296886.6,381.1,-26.98064,-26.98064,0,-26.98064,-43.01936,-70,down,no_adjust,down,0,1,,,,,S3_segmented_smoothing,0.0,"small=1.0, medium=0.8, large=0.6, extreme=0.5",0,0,0,2959.809687,0,-74.462716,5544.696044,0,0,0,0.008092,0.008883,0.002546
2017-02-15,2017-02-14,50,50,8130,7130,国内成品油价格按机制上调,https://www.ndrc.gov.cn/xwdt/ztzl/gncpyjg/201702/t20170214_1292940.html,50,7630,1,up,50,2017-02,53.126,10,1.049,2.014325,54.946,10,0.65,1.197142,53.137,10,1.055,2.025652,54.0415,10,0.9075,1.707946,54.4033,10,0.8485,1.584358,0.8,7.8,51.6,54.2,54,3178,1249189.9,393.07,42.293048,15.312407,0,15.312407,7.706952,50,up,no_adjust,up,0,1,,,,,S3_segmented_smoothing,0.0,"small=1.0, medium=0.8, large=0.6, extreme=0.5",0,0,0,0,0,-74.462716,5544.696044,0,0,0,0,0.008883,0.001332
2017-02-28,2017-02-28,0,0,8130,7130,2月28日国内成品油价格不作调整,https://www.ndrc.gov.cn/xwdt/ztzl/gncpyjg/201702/t20170228_1292941.html,0,7630,0,no_adjust,0,2017-02,53.492,10,0.366,0.688928,54.982,10,0.036,0.065519,53.624,10,0.487,0.916499,54.248,10,0.2065,0.382114,54.4976,10,0.0943,0.173335,0.8,7.8,51.6,54.2,54,3178,1249189.9,393.07,6.30337,21.615777,0,21.615777,-6.30337,0,up,no_adjust,no_adjust,0,0,,,,,S3_segmented_smoothing,0.0,"small=1.0, medium=0.8, large=0.6, extreme=0.5",0,0,0,0,0,-74.462716,5544.696044,0,0,0,0,0.008883,0.001332
2017-03-15,2017-03-14,-85,-85,8045,7045,国内成品油价格按机制下调,https://www.ndrc.gov.cn/xwdt/ztzl/gncpyjg/201703/t20170314_1292942.html,-85,7545,1,down,85,2017-03,52.329,10,-1.163,-2.174157,53.138,10,-1.844,-3.353825,51.423,10,-2.201,-4.104505,52.2805,10,-1.9675,-3.626862,52.6235,10,-1.8741,-3.438867,0.9,7.6,51.8,55.1,54.7,3895,1535754.3,394.29,-87.626732,-66.010954,-66.010954,0,2.626732,-18.989046,down,down,down,1,1,1.287665,18.989046,0,1,S3_segmented_smoothing,-66.010954,"small=1.0, medium=0.8, large=0.6, extreme=0.5",0,0,0,4357.446048,0,-74.462716,5544.696044,0,0,0,0.011914,0.008883,0.00312
2017-03-29,2017-03-28,-230,-220,7815,6825,国内成品油价格按机制下调,https://www.ndrc.gov.cn/xwdt/ztzl/gncpyjg/201703/t20170328_1292943.html,-225,7320,1,down,225,2017-03,48.841,10,-3.488,-6.66552,50.2,10,-2.938,-5.529,47.564,10,-3.859,-7.504424,48.882,10,-3.3985,-6.500512,49.4092,10,-3.2143,-6.108108,0.9,7.6,51.8,55.1,54.7,3895,1535754.3,394.29,-151.57975,-151.57975,-151.57975,0,-73.42025,-73.42025,down,down,down,1,1,1.484367,73.42025,0,1,S3_segmented_smoothing,-151.57975,"small=1.0, medium=0.8, large=0.6, extreme=0.5",0,0,0,7322.018849,0,-74.462716,5544.696044,0,0,0,0.020019,0.008883,0.004335
2017-04-13,2017-04-12,200,190,8015,7015,国内成品油价格按机制上调,https://www.ndrc.gov.cn/xwdt/ztzl/gncpyjg/201704/t20170412_1292944.html,195,7515,1,up,195,2017-04,51.469,10,2.628,5.380725,53.172,10,2.972,5.920319,51.307,10,3.743,7.869397,52.2395,10,3.3575,6.868581,52.6125,10,3.2033,6.483206,1.2,6.4,51.2,54,53.9,3439,1306318.4,379.85,154.661775,154.661775,154.661775,0,40.338225,40.338225,up,up,up,1,1,1.260816,-40.338225,0,1,S3_segmented_smoothing,154.661775,"small=1.0, medium=0.8, large=0.6, extreme=0.5",23920.264646,0,29661.128161,93783.871634,0,-74.462716,5544.696044,0.048969,0,0.050601,0.256411,0.008883,0.064687
2017-04-26,2017-04-26,0,0,8015,7015,4月26日国内成品油价格不作调整,https://www.ndrc.gov.cn/xwdt/ztzl/gncpyjg/201704/t20170426_1292945.html,0,7515,0,no_adjust,0,2017-04,51.698,10,0.229,0.444928,52.376,10,-0.796,-1.497029,51.328,10,0.021,0.04093,51.852,10,-0.3875,-0.741776,52.0616,10,-0.5509,-1.04709,1.2,6.4,51.2,54,53.9,3439,1306318.4,379.85,-24.484936,-24.484936,0,-24.484936,24.484936,0,down,no_adjust,no_adjust,0,0,,,,,S3_segmented_smoothing,0.0,"small=1.0, medium=0.8, large=0.6, extreme=0.5",0,0,0,23920.264646,0,-74.462716,5544.696044,0,0,0,0.0654,0.008883,0.011142
2017-05-12,2017-05-11,-250,-235,7765,6780,国内成品油价格按机制下调,https://www.ndrc.gov.cn/xwdt/ztzl/gncpyjg/201705/t20170511_1292946.html,-242.5,7272.5,1,down,242.5,2017-05,48.005,10,-3.693,-7.14341,48.42,10,-3.956,-7.553078,47.39,10,-3.938,-7.672226,47.905,10,-3.947,-7.61205,48.111,10,-3.9506,-7.588318,1.5,5.5,51.2,54.5,54.1,3720,1413334.7,379.93,-186.715258,-211.200194,-211.200194,0,-55.784742,-31.299806,down,down,down,1,1,1.1482,31.299806,0,1,S3_segmented_smoothing,-211.200194,"small=1.0, medium=0.8, large=0.6, extreme=0.5",0,0,0,44605.521946,0,-74.462716,5544.696044,0,0,0,0.121954,0.008883,0.019626
2017-05-26,2017-05-25,140,135,7905,6915,国内成品油价格按机制上调,https://www.ndrc.gov.cn/xwdt/ztzl/gncpyjg/201705/t20170525_1292947.html,137.5,7410,1,up,137.5,2017-05,50.138,10,2.133,4.443287,51.684,10,3.264,6.741016,49.478,10,2.088,4.405993,50.581,10,2.676,5.586056,51.0222,10,2.9112,6.051007,1.5,5.5,51.2,54.5,54.1,3720,1413334.7,379.93,140.723052,140.723052,140.723052,0,-3.223052,-3.223052,up,up,up,1,1,0.977096,3.223052,1,0,S3_segmented_smoothing,140.723052,"small=1.0, medium=0.8, large=0.6, extreme=0.5",19802.977364,0,25743.870573,123849.971075,0,-74.462716,5544.696044,0.04054,0,0.043918,0.338614,0.008883,0.073239
2017-06-10,2017-06-09,-180,-175,7725,6740,国内成品油价格按机制下调,https://www.ndrc.gov.cn/xwdt/ztzl/gncpyjg/201706/t20170609_1292948.html,-177.5,7232.5,1,down,177.5,2017-06,48.032,10,-2.106,-4.200407,49.175,10,-2.509,-4.8545,47.908,10,-1.57,-3.173127,48.5415,10,-2.0395,-4.032146,48.7949,10,-2.2273,-4.365355,1.5,5.5,51.7,54.9,54.7,3611,1310854.3,363.02,-104.481086,-104.481086,-104.481086,0,-73.018914,-73.018914,down,down,down,1,1,1.698872,73.018914,0,1,S3_segmented_smoothing,-104.481086,"small=1.0, medium=0.8, large=0.6, extreme=0.5",0,0,0,60125.069292,0,-74.462716,5544.696044,0,0,0,0.164386,0.008883,0.02599
2017-06-24,2017-06-23,-250,-240,7475,6500,国内成品油价格按机制下调,https://www.ndrc.gov.cn/xwdt/ztzl/gncpyjg/201706/t20170623_1292949.html,-245,6987.5,1,down,245,2017-06,44.564,10,-3.468,-7.220187,45.654,10,-3.521,-7.160142,44.491,10,-3.417,-7.13242,45.0725,10,-3.469,-7.146462,45.3051,10,-3.4898,-7.151977,1.5,5.5,51.7,54.9,54.7,3611,1310854.3,363.02,-164.726338,-164.726338,-164.726338,0,-80.273662,-80.273662,down,down,down,1,1,1.487315,80.273662,0,1,S3_segmented_smoothing,-164.726338,"small=1.0, medium=0.8, large=0.6, extreme=0.5",0,0,0,3629.490389,0,-74.462716,5544.696044,0,0,0,0.009923,0.008883,0.002821
2017-07-07,2017-07-07,0,0,7475,6500,7月7日国内成品油价格不作调整,https://www.ndrc.gov.cn/xwdt/ztzl/gncpyjg/201707/t20170707_1292950.html,0,6987.5,0,no_adjust,0,2017-07,45.416,10,0.852,1.911857,46.934,10,1.28,2.803697,44.163,10,-0.328,-0.737228,45.0885,10,0.016,0.035498,45.4587,10,0.1536,0.339035,1.4,5.5,51.4,54.5,54.1,3474,1186558.3,341.55,9.133107,9.133107,0,9.133107,-9.133107,0,up,no_adjust,no_adjust,0,0,,,,,S3_segmented_smoothing,0.0,"small=1.0, medium=0.8, large=0.6, extreme=0.5",0,0,0,27134.766431,0,-74.462716,5544.696044,0,0,0,0.074188,0.008883,0.012461
2017-07-22,2017-07-21,75,75,7550,6575,国内成品油价格按机制上调,https://www.ndrc.gov.cn/xwdt/ztzl/gncpyjg/201707/t20170721_1292951.html,75,7062.5,1,up,75,2017-07,46.033,10,0.617,1.358552,47.445,10,0.511,1.088763,45.803,10,1.64,3.713516,46.624,10,1.5355,3.405525,46.9524,10,1.4937,3.28584,1.4,5.5,51.4,54.5,54.1,3474,1186558.3,341.55,73.081354,82.214461,82.214461,0,1.918646,-7.214461,up,up,up,1,1,0.912248,7.214461,1,0,S3_segmented_smoothing,82.214461,"small=1.0, medium=0.8, large=0.6, extreme=0.5",6759.217598,0,8651.798525,6759.217598,0,-74.462716,5544.696044,0.013837,0,0.01476,0.01848,0.008883,0.011254
2017-08-05,2017-08-04,175,165,7725,6740,国内成品油价格按机制上调,https://www.ndrc.gov.cn/xwdt/ztzl/gncpyjg/201708/t20170804_1292952.html,170,7232.5,1,up,170,2017-08,48.655,10,2.622,5.695914,50.495,10,3.05,6.428496,48.514,10,2.711,5.918826,49.5045,10,2.8805,6.178149,49.9007,10,2.9483,6.279338,1.8,6.3,51.7,53.4,53.7,3398,1176655.2,346.28,142.493427,142.493427,142.493427,0,27.506573,27.506573,up,up,up,1,1,1.193037,-27.506573,0,1,S3_segmented_smoothing,142.493427,"small=1.0, medium=0.8, large=0.6, extreme=0.5",20304.376738,0,27613.952364,3633.553742,0,-74.462716,5544.696044,0.041567,0,0.047109,0.009934,0.008883,0.024991
2017-08-18,2017-08-18,0,0,7725,6740,8月18日国内成品油价格不作调整,https://www.ndrc.gov.cn/xwdt/ztzl/gncpyjg/201708/t20170818_1292953.html,0,7232.5,0,no_adjust,0,2017-08,49.574,10,0.919,1.888809,51.425,10,0.93,1.841767,48.398,10,-0.116,-0.239106,49.9115,10,0.407,0.822147,50.5169,10,0.6162,1.234852,1.8,6.3,51.7,53.4,53.7,3398,1176655.2,346.28,31.207922,31.207922,0,31.207922,-31.207922,0,up,no_adjust,no_adjust,0,0,,,,,S3_segmented_smoothing,0.0,"small=1.0, medium=0.8, large=0.6, extreme=0.5",0,0,0,20304.376738,0,-74.462716,5544.696044,0,0,0,0.055513,0.008883,0.00966
2017-09-01,2017-09-01,0,0,7725,6740,9月1日国内成品油价格不作调整,https://www.ndrc.gov.cn/xwdt/ztzl/gncpyjg/201709/t20170901_1292954.html,0,7232.5,0,no_adjust,0,2017-09,49.548,10,-0.026,-0.052447,51.921,10,0.496,0.964511,47.305,10,-1.093,-2.258358,49.613,10,-0.2985,-0.598059,50.5362,10,0.0193,0.038205,1.6,6.9,52.4,55.4,55.1,3701,1360255.4,367.54,2.724444,33.932365,0,33.932365,-2.724444,0,up,no_adjust,no_adjust,0,0,,,,,S3_segmented_smoothing,0.0,"small=1.0, medium=0.8, large=0.6, extreme=0.5",0,0,0,0,0,-74.462716,5544.696044,0,0,0,0,0.008883,0.001332
2017-09-16,2017-09-15,95,95,7820,6835,国内成品油价格按机制上调,https://www.ndrc.gov.cn/xwdt/ztzl/gncpyjg/201709/t20170915_1292955.html,95,7327.5,1,up,95,2017-09,51.853,10,2.305,4.652055,54.411,10,2.49,4.795747,48.431,10,1.126,2.380298,51.4255,10,1.8125,3.653276,52.6233,10,2.0871,4.129911,1.6,6.9,52.4,55.4,55.1,3701,1360255.4,367.54,101.397815,135.33018,135.33018,0,-6.397815,-40.33018,up,up,up,1,1,0.701987,40.33018,1,0,S3_segmented_smoothing,135.33018,"small=1.0, medium=0.8, large=0.6, extreme=0.5",18314.257619,0,24174.820057,18314.257619,0,-74.462716,5544.696044,0.037492,0,0.041242,0.050072,0.008883,0.028527
2017-09-30,2017-09-29,210,195,8030,7030,国内成品油价格按机制上调,https://www.ndrc.gov.cn/xwdt/ztzl/gncpyjg/201709/t20170929_1292956.html,202.5,7530,1,up,202.5,2017-09,54.843,10,2.99,5.766301,57.808,10,3.397,6.243223,50.772,10,2.341,4.833681,54.29,10,2.8645,5.570194,55.6972,10,3.0739,5.841329,1.6,6.9,52.4,55.4,55.1,3701,1360255.4,367.54,148.486935,148.486935,148.486935,0,54.013065,54.013065,up,up,up,1,1,1.363756,-54.013065,0,1,S3_segmented_smoothing,148.486935,"small=1.0, medium=0.8, large=0.6, extreme=0.5",22048.369866,0,29103.848223,173.100202,0,-74.462716,5544.696044,0.045137,0,0.04965,0.000473,0.008883,0.0251
2017-10-19,2017-10-19,0,0,8030,7030,10月19日国内成品油价格不作调整,https://www.ndrc.gov.cn/xwdt/ztzl/gncpyjg/201710/t20171019_1292957.html,0,7530,0,no_adjust,0,2017-10,54.881,10,0.038,0.069289,56.679,10,-1.129,-1.953017,50.976,10,0.204,0.401796,53.8275,10,-0.4625,-0.851906,54.9681,10,-0.7291,-1.309042,1.9,6.9,51.6,54.3,53.9,3103,1213554.1,391.09,-32.988464,-32.988464,0,-32.988464,32.988464,0,down,no_adjust,no_adjust,0,0,,,,,S3_segmented_smoothing,0.0,"small=1.0, medium=0.8, large=0.6, extreme=0.5",0,0,0,22048.369866,0,-74.462716,5544.696044,0,0,0,0.060282,0.008883,0.010375
2017-11-03,2017-11-02,150,150,8180,7180,国内成品油价格按机制上调,https://www.ndrc.gov.cn/xwdt/ztzl/gncpyjg/201711/t20171102_1292958.html,150,7680,1,up,150,2017-11,56.863,10,1.982,3.61145,59.157,10,2.478,4.37199,52.824,10,1.848,3.625235,55.9905,10,2.163,4.018392,57.2571,10,2.289,4.164233,1.7,5.8,51.8,54.8,54.6,3704,1413334.7,381.57,111.032283,78.043819,78.043819,0,38.967717,71.956181,up,up,up,1,1,1.921997,-71.956181,0,1,S3_segmented_smoothing,78.043819,"small=1.0, medium=0.8, large=0.6, extreme=0.5",6090.837684,0,8161.722497,6090.837684,0,-74.462716,5544.696044,0.012469,0,0.013924,0.016653,0.008883,0.010429
2017-11-17,2017-11-16,265,250,8445,7430,国内成品油价格按机制上调,https://www.ndrc.gov.cn/xwdt/ztzl/gncpyjg/201711/t20171116_1292959.html,257.5,7937.5,1,up,257.5,2017-11,60.746,10,3.883,6.828694,62.874,10,3.717,6.28328,56.316,10,3.492,6.610632,59.595,10,3.6045,6.437699,60.9066,10,3.6495,6.373882,1.7,5.8,51.8,54.8,54.6,3704,1413334.7,381.57,175.953998,175.953998,175.953998,0,81.546002,81.546002,up,up,up,1,1,1.463451,-81.546002,0,1,S3_segmented_smoothing,175.953998,"small=1.0, medium=0.8, large=0.6, extreme=0.5",30959.809412,0,41486.144612,9586.403152,0,-74.462716,5544.696044,0.06338,0,0.070774,0.02621,0.008883,0.038803
2017-11-30,2017-11-30,0,0,8445,7430,11月30日国内成品油价格不作调整,https://www.ndrc.gov.cn/xwdt/ztzl/gncpyjg/201711/t20171130_1292960.html,0,7937.5,0,no_adjust,0,2017-11,60.853,10,0.107,0.176143,62.646,10,-0.228,-0.36263,56.981,10,0.665,1.180837,59.7125,10,0.1175,0.197164,60.8051,10,-0.1015,-0.166649,1.7,5.8,51.8,54.8,54.6,3704,1413334.7,381.57,-3.040013,-3.040013,0,-3.040013,3.040013,0,down,no_adjust,no_adjust,0,0,,,,,S3_segmented_smoothing,0.0,"small=1.0, medium=0.8, large=0.6, extreme=0.5",0,0,0,30959.809412,0,-74.462716,5544.696044,0,0,0,0.084646,0.008883,0.014029
2017-12-14,2017-12-14,0,0,8445,7430,12月14日国内成品油价格不作调整,https://www.ndrc.gov.cn/xwdt/ztzl/gncpyjg/201712/t20171214_1292961.html,0,7937.5,0,no_adjust,0,2017-12,61.316,10,0.463,0.76085,63.772,10,1.126,1.797401,57.188,10,0.207,0.363279,60.48,10,0.7675,1.285326,61.7968,10,0.9917,1.630949,1.8,4.9,51.6,55,54.6,3370,1492760.9,442.96,49.12641,46.086398,0,46.086398,-49.12641,0,up,no_adjust,no_adjust,0,0,,,,,S3_segmented_smoothing,0.0,"small=1.0, medium=0.8, large=0.6, extreme=0.5",0,0,0,0,0,-74.462716,5544.696044,0,0,0,0,0.008883,0.001332
2017-12-29,2017-12-28,70,70,8515,7500,国内成品油价格按机制上调,https://www.ndrc.gov.cn/xwdt/ztzl/gncpyjg/201712/t20171228_1292962.html,70,8007.5,1,up,70,2017-12,62.2,10,0.884,1.441712,64.4,10,0.628,0.984758,57.944,10,0.756,1.321956,61.0505,10,0.5705,0.943287,62.3903,10,0.5935,0.960406,1.8,4.9,51.6,55,54.6,3370,1492760.9,442.96,30.1247,76.211098,76.211098,0,39.8753,-6.211098,up,up,up,1,1,0.918501,6.211098,1,0,S3_segmented_smoothing,76.211098,"small=1.0, medium=0.8, large=0.6, extreme=0.5",5808.131458,0,7899.058783,5808.131458,0,-74.462716,5544.696044,0.01189,0,0.013476,0.01588,0.008883,0.010056
2018-01-13,2018-01-12,180,175,8695,7675,国内成品油价格按机制上调,https://www.ndrc.gov.cn/xwdt/ztzl/gncpyjg/201801/t20180112_1292963.html,177.5,8185,1,up,177.5,2018-01,65.746,10,3.546,5.700965,68.248,10,3.848,5.975155,61.781,10,3.837,6.621911,65.0145,10,3.964,6.492985,66.3079,10,3.9176,6.279181,1.5,4.3,51.3,55.3,54.6,4064,1876820,461.82,188.747464,188.747464,188.747464,0,-11.247464,-11.247464,up,up,up,1,1,0.94041,11.247464,1,0,S3_segmented_smoothing,188.747464,"small=1.0, medium=0.8, large=0.6, extreme=0.5",35625.605166,0,46313.286716,12664.433672,0,-74.462716,5544.696044,0.072932,0,0.079009,0.034625,0.008883,0.044512
2018-01-27,2018-01-26,65,60,8760,7735,国内成品油价格按机制上调,https://www.ndrc.gov.cn/xwdt/ztzl/gncpyjg/201801/t20180126_1292964.html,62.5,8247.5,1,up,62.5,2018-01,67.352,10,1.606,2.442734,69.67,10,1.422,2.083578,64.253,10,2.472,4.00123,66.964,10,1.9495,2.998562,68.0484,10,1.7405,2.624876,1.5,4.3,51.3,55.3,54.6,4064,1876820,461.82,84.858406,84.858406,84.858406,0,-22.358406,-22.358406,up,up,up,1,1,0.736521,22.358406,1,0,S3_segmented_smoothing,84.858406,"small=1.0, medium=0.8, large=0.6, extreme=0.5",7200.949069,0,9361.23379,10792.936372,0,-74.462716,5544.696044,0.014742,0,0.01597,0.029509,0.008883,0.013437
2018-02-10,2018-02-09,-170,-160,8590,7575,国内成品油价格按机制下调,https://www.ndrc.gov.cn/xwdt/ztzl/gncpyjg/201802/t20180209_1292965.html,-165,8082.5,1,down,165,2018-02,66.015,10,-1.337,-1.985093,67.454,10,-2.216,-3.180709,64.373,10,0.12,0.186762,65.9135,10,-1.0505,-1.568753,66.5297,10,-1.5187,-2.231794,2.9,3.7,50.3,54.4,52.9,3226,1579220,489.53,-70.667395,-70.667395,-70.667395,0,-94.332605,-94.332605,down,down,down,1,1,2.334882,94.332605,0,1,S3_segmented_smoothing,-70.667395,"small=1.0, medium=0.8, large=0.6, extreme=0.5",0,0,0,24188.274777,0,-74.462716,5544.696044,0,0,0,0.066132,0.008883,0.011252
2018-03-01,2018-02-28,-190,-185,8400,7390,国内成品油价格按机制下调,https://www.ndrc.gov.cn/xwdt/ztzl/gncpyjg/201802/t20180228_1292966.html,-187.5,7895,1,down,187.5,2018-03,63.072,10,-2.943,-4.458078,65.26,10,-2.194,-3.252587,62.003,10,-2.37,-3.681668,63.481,10,-2.4325,-3.690443,64.0722,10,-2.4575,-3.693839,2.1,3.1,51.5,54.6,54,3917,1829280,467.01,-115.466003,-115.466003,-115.466003,0,-72.033997,-72.033997,down,down,down,1,1,1.623855,72.033997,0,1,S3_segmented_smoothing,-115.466003,"small=1.0, medium=0.8, large=0.6, extreme=0.5",0,0,0,2006.915279,0,-74.462716,5544.696044,0,0,0,0.005487,0.008883,0.002156
2018-03-14,2018-03-14,0,0,8400,7390,3月14日国内成品油价格不作调整,https://www.ndrc.gov.cn/xwdt/ztzl/gncpyjg/201803/t20180314_1292967.html,0,7895,0,no_adjust,0,2018-03,62.498,10,-0.574,-0.910071,64.89,10,-0.37,-0.566963,61.391,10,-0.612,-0.987049,63.1405,10,-0.3405,-0.536381,63.8403,10,-0.2319,-0.361935,2.1,3.1,51.5,54.6,54,3917,1829280,467.01,-9.262572,-9.262572,0,-9.262572,9.262572,0,down,no_adjust,no_adjust,0,0,,,,,S3_segmented_smoothing,0.0,"small=1.0, medium=0.8, large=0.6, extreme=0.5",0,0,0,13332.397849,0,-74.462716,5544.696044,0,0,0,0.036452,0.008883,0.0068
2018-03-29,2018-03-28,170,165,8570,7555,国内成品油价格按机制上调,https://www.ndrc.gov.cn/xwdt/ztzl/gncpyjg/201803/t20180328_1292968.html,167.5,8062.5,1,up,167.5,2018-03,64.597,10,2.099,3.358507,66.638,10,1.748,2.693789,63.557,10,2.166,3.528204,65.0975,10,1.957,3.099437,65.7137,10,1.8734,2.93451,2.1,3.1,51.5,54.6,54,3917,1829280,467.01,91.200262,81.937691,81.937691,0,76.299738,85.562309,up,up,up,1,1,2.044236,-85.562309,0,1,S3_segmented_smoothing,81.937691,"small=1.0, medium=0.8, large=0.6, extreme=0.5",6713.785206,0,9533.574993,6713.785206,0,-74.462716,5544.696044,0.013744,0,0.016264,0.018356,0.008883,0.011588
2018-04-13,2018-04-12,55,50,8625,7605,国内成品油价格按机制上调,https://www.ndrc.gov.cn/xwdt/ztzl/gncpyjg/201804/t20180412_1292969.html,52.5,8115,1,up,52.5,2018-04,65.776,10,1.179,1.825162,68.549,10,1.911,2.867733,64.023,10,0.466,0.7332,66.394,10,1.2965,1.991628,67.256,10,1.5423,2.346999,1.8,3.4,51.4,54.8,54.1,3946,1867060,473.15,75.400498,75.400498,75.400498,0,-22.900498,-22.900498,up,up,up,1,1,0.696282,22.900498,1,0,S3_segmented_smoothing,75.400498,"small=1.0, medium=0.8, large=0.6, extreme=0.5",5685.235099,0,7731.919734,42.734892,0,-74.462716,5544.696044,0.011639,0,0.01319,0.000117,0.008883,0.007557
2018-04-27,2018-04-26,255,245,8880,7850,国内成品油价格按机制上调,https://www.ndrc.gov.cn/xwdt/ztzl/gncpyjg/201804/t20180426_1292970.html,250,8365,1,up,250,2018-04,69.788,10,4.012,6.099489,73.577,10,5.028,7.334899,67.542,10,3.519,5.496462,70.5595,10,4.1655,6.27391,71.7665,10,4.5105,6.706465,1.8,3.4,51.4,54.8,54.1,3946,1867060,473.15,217.040066,217.040066,217.040066,0,32.959934,32.959934,up,up,up,1,1,1.151861,-32.959934,0,1,S3_segmented_smoothing,217.040066,"small=1.0, medium=0.8, large=0.6, extreme=0.5",47106.390249,0,64064.690739,20061.767223,0,-74.462716,5544.696044,0.096435,0,0.109293,0.05485,0.008883,0.060992
2018-05-01,2018-04-29,-75,-65,8805,7785,国内成品油价格因增值税税率调整相应下调,https://www.ndrc.gov.cn/xwdt/ztzl/gncpyjg/201804/t20180429_1292971.html,-70,8295,1,down,70,2018-05,70.209,10,0.421,0.603256,74.187,10,0.61,0.829063,67.729,10,0.187,0.276865,70.958,10,0.3985,0.564772,72.2496,10,0.4831,0.673155,1.8,4.1,51.9,54.9,54.6,3905,1996370,511.23,24.856521,24.856521,0,24.856521,-94.856521,-70,up,no_adjust,down,0,1,,,,,S3_segmented_smoothing,0.0,"small=1.0, medium=0.8, large=0.6, extreme=0.5",0,0,0,47106.390249,0,-74.462716,5544.696044,0,0,0,0.128792,0.008883,0.020651
2018-05-12,2018-05-11,170,165,8975,7950,国内成品油价格按机制上调,https://www.ndrc.gov.cn/xwdt/ztzl/gncpyjg/201805/t20180511_1292972.html,167.5,8462.5,1,up,167.5,2018-05,71.785,10,1.576,2.244726,75.218,10,1.031,1.389731,69.211,10,1.482,2.188132,72.0865,10,1.1285,1.590377,73.3391,10,1.0895,1.507967,1.8,4.1,51.9,54.9,54.6,3905,1996370,511.23,53.793329,78.649851,78.649851,0,113.706671,88.850149,up,up,up,1,1,2.129693,-88.850149,0,1,S3_segmented_smoothing,78.649851,"small=1.0, medium=0.8, large=0.6, extreme=0.5",6185.799062,0,8412.686725,6185.799062,0,-74.462716,5544.696044,0.012663,0,0.014352,0.016912,0.008883,0.010623
2018-05-26,2018-05-25,260,250,9235,8200,国内成品油价格按机制上调,https://www.ndrc.gov.cn/xwdt/ztzl/gncpyjg/201805/t20180525_1292973.html,255,8717.5,1,up,255,2018-05,75.895,10,4.11,5.72543,78.749,10,3.531,4.694355,71.414,10,2.203,3.18302,75.0815,10,2.995,4.154731,76.5485,10,3.2094,4.37611,1.8,4.1,51.9,54.9,54.6,3905,1996370,511.23,154.952861,154.952861,154.952861,0,100.047139,100.047139,up,up,up,1,1,1.645662,-100.047139,0,1,S3_segmented_smoothing,154.952861,"small=1.0, medium=0.8, large=0.6, extreme=0.5",24010.389132,0,32654.12922,5822.149335,0,-74.462716,5544.696044,0.049153,0,0.055707,0.015918,0.008883,0.029935
2018-06-09,2018-06-08,-130,-125,9105,8075,国内成品油价格按机制下调,https://www.ndrc.gov.cn/xwdt/ztzl/gncpyjg/201806/t20180608_1292974.html,-127.5,8590,1,down,127.5,2018-06,73.738,10,-2.157,-2.842084,75.167,10,-3.582,-4.548629,66.75,10,-4.664,-6.530932,70.9585,10,-4.123,-5.491366,72.6419,10,-3.9066,-5.103431,1.9,4.7,51.5,55,54.4,3435,1863780,542.59,-184.615621,-184.615621,-184.615621,0,57.115621,57.115621,down,down,down,1,1,0.690624,-57.115621,1,0,S3_segmented_smoothing,-184.615621,"small=1.0, medium=0.8, large=0.6, extreme=0.5",0,0,0,115306.753968,0,-74.462716,5544.696044,0,0,0,0.315256,0.008883,0.048621
2018-06-26,2018-06-25,-55,-55,9050,8020,国内成品油价格按机制下调,https://www.ndrc.gov.cn/xwdt/ztzl/gncpyjg/201806/t20180625_1292975.html,-55,8535,1,down,55,2018-06,72.638,10,-1.1,-1.491768,74.188,10,-0.979,-1.302433,66.265,10,-0.485,-0.726592,70.2265,10,-0.732,-1.031589,71.8111,10,-0.8308,-1.143693,1.9,4.7,51.5,55,54.4,3435,1863780,542.59,-37.841487,-37.841487,0,-37.841487,-17.158513,-55,down,no_adjust,down,0,1,,,,,S3_segmented_smoothing,0.0,"small=1.0, medium=0.8, large=0.6, extreme=0.5",0,0,0,34082.927517,0,-74.462716,5544.696044,0,0,0,0.093185,0.008883,0.01531
2018-07-10,2018-07-09,270,260,9320,8280,国内成品油价格按机制上调,https://www.ndrc.gov.cn/xwdt/ztzl/gncpyjg/201807/t20180709_1292976.html,265,8800,1,up,265,2018-07,74.536,10,1.898,2.612957,75.783,10,1.595,2.149943,73.406,10,7.141,10.776428,74.4285,10,4.202,5.983496,74.8375,10,3.0264,4.21439,2.1,4.6,51.2,54,53.6,3602,1934240,536.99,146.220282,108.378795,108.378795,0,118.779718,156.621205,up,up,up,1,1,2.445128,-156.621205,0,1,S3_segmented_smoothing,108.378795,"small=1.0, medium=0.8, large=0.6, extreme=0.5",11745.963206,0,16679.267752,11745.963206,0,-74.462716,5544.696044,0.024046,0,0.028454,0.032114,0.008883,0.019275
2018-07-24,2018-07-23,-125,-120,9195,8160,国内成品油价格按机制下调,https://www.ndrc.gov.cn/xwdt/ztzl/gncpyjg/201807/t20180723_1292977.html,-122.5,8677.5,1,down,122.5,2018-07,72.501,10,-2.035,-2.730224,73.28,10,-2.503,-3.302852,70.458,10,-2.948,-4.01602,71.869,10,-2.5595,-3.438871,72.4334,10,-2.4041,-3.212427,2.1,4.6,51.2,54,53.6,3602,1934240,536.99,-112.917807,-112.917807,-112.917807,0,-9.582193,-9.582193,down,down,down,1,1,1.08486,9.582193,0,1,S3_segmented_smoothing,-112.917807,"small=1.0, medium=0.8, large=0.6, extreme=0.5",0,0,0,48972.186057,0,-74.462716,5544.696044,0,0,0,0.133893,0.008883,0.021416
2018-08-07,2018-08-06,70,70,9265,8230,国内成品油价格按机制上调,https://www.ndrc.gov.cn/xwdt/ztzl/gncpyjg/201808/t20180806_1292978.html,70,8747.5,1,up,70,2018-08,72.669,10,0.168,0.231721,73.686,10,0.406,0.554039,69.736,10,-0.722,-1.024724,71.711,10,-0.158,-0.219844,72.501,10,0.0676,0.093327,2.3,4.1,51.3,54.2,53.8,3838,2051910,534.63,5.029272,5.029272,0,5.029272,64.970728,70,up,no_adjust,up,0,1,,,,,S3_segmented_smoothing,0.0,"small=1.0, medium=0.8, large=0.6, extreme=0.5",0,0,0,12750.431138,0,-74.462716,5544.696044,0,0,0,0.034861,0.008883,0.006562
2018-08-21,2018-08-20,-50,-50,9215,8180,国内成品油价格按机制下调,https://www.ndrc.gov.cn/xwdt/ztzl/gncpyjg/201808/t20180820_1292979.html,-50,8697.5,1,down,50,2018-08,71.121,10,-1.548,-2.130207,70.62,10,-3.066,-4.160899,67.025,10,-2.711,-3.887519,68.8225,10,-2.8885,-4.027973,69.5415,10,-2.9595,-4.082013,2.3,4.1,51.3,54.2,53.8,3838,2051910,534.63,-139.420946,-134.391674,-134.391674,0,89.420946,84.391674,down,down,down,1,1,0.372047,-84.391674,1,0,S3_segmented_smoothing,-134.391674,"small=1.0, medium=0.8, large=0.6, extreme=0.5",0,0,0,18061.122041,0,-74.462716,5544.696044,0,0,0,0.04938,0.008883,0.00874
2018-09-04,2018-09-03,180,170,9395,8350,国内成品油价格按机制上调,https://www.ndrc.gov.cn/xwdt/ztzl/gncpyjg/201809/t20180903_1292980.html,175,8872.5,1,up,175,2018-09,73.521,10,2.4,3.374531,74.424,10,3.804,5.386576,68.879,10,1.854,2.766132,71.6515,10,2.829,4.110574,72.7605,10,3.219,4.628891,2.5,3.6,50.8,54.9,54.1,3721,1994450,536,155.410963,155.410963,155.410963,0,19.589037,19.589037,up,up,up,1,1,1.126047,-19.589037,0,1,S3_segmented_smoothing,155.410963,"small=1.0, medium=0.8, large=0.6, extreme=0.5",24152.567421,0,36228.851131,83985.568412,0,-74.462716,5544.696044,0.049444,0,0.061806,0.229622,0.008883,0.063588
2018-09-18,2018-09-17,145,145,9540,8495,国内成品油价格按机制上调,https://www.ndrc.gov.cn/xwdt/ztzl/gncpyjg/201809/t20180917_1292981.html,145,9017.5,1,up,145,2018-09,75.684,10,2.163,2.942017,77.376,10,2.952,3.966462,68.868,10,-0.011,-0.01597,73.0785,10,1.427,1.991584,74.7627,10,2.0022,2.751768,2.5,3.6,50.8,54.9,54.1,3721,1994450,536,97.346471,97.346471,97.346471,0,47.653529,47.653529,up,up,up,1,1,1.489525,-47.653529,0,1,S3_segmented_smoothing,97.346471,"small=1.0, medium=0.8, large=0.6, extreme=0.5",9476.335416,0,14214.503124,3371.485231,0,-74.462716,5544.696044,0.0194,0,0.02425,0.009218,0.008883,0.013627
2018-10-01,2018-09-30,240,230,9780,8725,国内成品油价格按机制上调,https://www.ndrc.gov.cn/xwdt/ztzl/gncpyjg/201809/t20180930_1292982.html,235,9252.5,1,up,235,2018-10,78.674,10,2.99,3.950637,80.406,10,3.03,3.915943,71.557,10,2.689,3.904571,75.9815,10,2.903,3.972441,77.7513,10,2.9886,3.997448,2.5,3.3,50.2,53.9,53.1,4080,2293980,562.25,144.416503,144.416503,144.416503,0,90.583497,90.583497,up,up,up,1,1,1.627238,-90.583497,0,1,S3_segmented_smoothing,144.416503,"small=1.0, medium=0.8, large=0.6, extreme=0.5",20856.126339,0,31284.189508,2215.587912,0,-74.462716,5544.696044,0.042696,0,0.05337,0.006058,0.008883,0.026258
2018-10-20,2018-10-19,165,160,9945,8885,国内成品油价格按机制上调,https://www.ndrc.gov.cn/xwdt/ztzl/gncpyjg/201810/t20181019_1292983.html,162.5,9415,1,up,162.5,2018-10,80.647,10,1.973,2.507817,82.203,10,1.797,2.234908,72.107,10,0.55,0.768618,77.155,10,1.1735,1.544455,79.1742,10,1.4229,1.830066,2.5,3.3,50.2,53.9,53.1,4080,2293980,562.25,69.702848,69.702848,69.702848,0,92.797152,92.797152,up,up,up,1,1,2.331325,-92.797152,0,1,S3_segmented_smoothing,69.702848,"small=1.0, medium=0.8, large=0.6, extreme=0.5",4858.487019,0,7287.730529,5582.130243,0,-74.462716,5544.696044,0.009946,0,0.012433,0.015262,0.008883,0.009216
2018-11-03,2018-11-02,-375,-365,9570,8520,国内成品油价格按机制下调,https://www.ndrc.gov.cn/xwdt/ztzl/gncpyjg/201811/t20181102_1292984.html,-370,9045,1,down,370,2018-11,75.948,10,-4.699,-5.826627,77.087,10,-5.116,-6.223617,66.845,10,-5.262,-7.297488,71.966,10,-5.189,-6.725423,74.0144,10,-5.1598,-6.517022,2.2,2.7,50,53.4,52.8,4287,2415680,563.49,-244.417086,-244.417086,-244.417086,0,-125.582914,-125.582914,down,down,down,1,1,1.513806,125.582914,0,1,S3_segmented_smoothing,-244.417086,"small=1.0, medium=0.8, large=0.6, extreme=0.5",0,0,0,98671.332936,0,-74.462716,5544.696044,0,0,0,0.269774,0.008883,0.041799
2018-11-17,2018-11-16,-510,-490,9060,8030,国内成品油价格按机制下调,https://www.ndrc.gov.cn/xwdt/ztzl/gncpyjg/201811/t20181116_1292985.html,-500,8545,1,down,500,2018-11,69.05,10,-6.898,-9.08253,68.858,10,-8.229,-10.674952,59.908,10,-6.937,-10.37774,64.383,10,-7.583,-10.53692,66.173,10,-7.8414,-10.594425,2.2,2.7,50,53.4,52.8,4287,2415680,563.49,-372.380386,-372.380386,-372.380386,0,-127.619614,-127.619614,down,down,down,1,1,1.342713,127.619614,0,1,S3_segmented_smoothing,-297.9043088,"small=1.0, medium=0.8, large=0.6, extreme=0.5",0,5546.686075,0,2860.883003,-74.476077,-148.938793,22182.76406,0,0.025549,0,0.007822,0.047561,0.013417
2018-12-01,2018-11-30,-540,-520,8520,7510,国内成品油价格按机制下调,https://www.ndrc.gov.cn/xwdt/ztzl/gncpyjg/201811/t20181130_1292986.html,-530,8015,1,down,530,2018-12,61.584,10,-7.466,-10.812455,60.692,10,-8.166,-11.859188,53.835,10,-6.073,-10.13721,57.848,10,-6.535,-10.150195,59.4532,10,-6.7198,-10.154897,1.9,0.9,49.4,53.8,52.6,4378,2130360,486.61,-318.858743,-318.858743,-318.858743,0,-211.141257,-211.141257,down,down,down,1,1,1.662178,211.141257,0,1,S3_segmented_smoothing,-255.0869944,"small=1.0, medium=0.8, large=0.6, extreme=0.5",0,4066.83592,0,1833.322412,-63.771749,-212.710542,45245.774508,0,0.018732,0,0.005012,0.101176,0.019675
2018-12-15,2018-12-14,-125,-120,8395,7390,国内成品油价格按机制下调,https://www.ndrc.gov.cn/xwdt/ztzl/gncpyjg/201812/t20181214_1292987.html,-122.5,7892.5,1,down,122.5,2018-12,59.422,10,-2.162,-3.510652,59.903,10,-0.789,-1.300007,52.036,10,-1.799,-3.341692,55.9695,10,-1.8785,-3.247303,57.5429,10,-1.9103,-3.213116,1.9,0.9,49.4,53.8,52.6,4378,2130360,486.61,-89.35416,-89.35416,-89.35416,0,-33.14584,-33.14584,down,down,down,1,1,1.370949,33.14584,0,1,S3_segmented_smoothing,-89.35416,"small=1.0, medium=0.8, large=0.6, extreme=0.5",0,0,0,27467.372398,0,-212.710542,45245.774508,0,0,0,0.075098,0.101176,0.026441
2018-12-29,2018-12-28,-370,-355,8025,7035,国内成品油价格按机制下调,https://www.ndrc.gov.cn/xwdt/ztzl/gncpyjg/201812/t20181228_1292988.html,-362.5,7530,1,down,362.5,2018-12,55.541,10,-3.881,-6.531251,56.197,10,-3.706,-6.186668,48.041,10,-3.995,-7.677377,52.3995,10,-3.57,-6.378474,53.9185,10,-3.6244,-6.298605,1.9,0.9,49.4,53.8,52.6,4378,2130360,486.61,-171.149316,-171.149316,-171.149316,0,-191.350684,-191.350684,down,down,down,1,1,2.118034,191.350684,0,1,S3_segmented_smoothing,-171.149316,"small=1.0, medium=0.8, large=0.6, extreme=0.5",0,0,0,6690.447545,0,-212.710542,45245.774508,0,0,0,0.018292,0.101176,0.01792
2019-01-15,2019-01-14,105,105,8130,7140,国内成品油价格按机制上调,https://www.ndrc.gov.cn/xwdt/ztzl/gncpyjg/201901/t20190114_1292989.html,105,7635,1,up,105,2019-01,55.429,10,-0.112,-0.201653,55.817,10,-0.38,-0.676193,48.452,10,0.411,0.855519,52.1345,10,-0.265,-0.50573,53.6075,10,-0.311,-0.576796,1.7,0.1,49.5,54.7,53.2,4260,1867880,438.47,-13.037145,-13.037145,0,-13.037145,118.037145,105,down,no_adjust,up,0,1,,,,,S3_segmented_smoothing,0.0,"small=1.0, medium=0.8, large=0.6, extreme=0.5",0,0,0,29292.088367,0,-212.710542,45245.774508,0,0,0,0.080086,0.101176,0.027189
2019-01-29,2019-01-28,245,230,8375,7370,国内成品油价格按机制上调,https://www.ndrc.gov.cn/xwdt/ztzl/gncpyjg/201901/t20190128_1292990.html,237.5,7872.5,1,up,237.5,2019-01,60.047,10,4.618,8.331379,60.586,10,4.769,8.543992,52.256,10,3.804,7.851069,56.274,10,4.1395,7.94004,57.8812,10,4.2737,7.972205,1.7,0.1,49.5,54.7,53.2,4260,1867880,438.47,205.740204,192.703059,192.703059,0,31.759796,44.796941,up,up,up,1,1,1.232466,-44.796941,0,1,S3_segmented_smoothing,192.703059,"small=1.0, medium=0.8, large=0.6, extreme=0.5",37134.468948,0,49760.18839,37134.468948,0,-212.710542,45245.774508,0.076021,0,0.08489,0.101528,0.101176,0.070633
2019-02-15,2019-02-14,50,50,8425,7420,国内成品油价格按机制上调,https://www.ndrc.gov.cn/xwdt/ztzl/gncpyjg/201902/t20190214_1292991.html,50,7922.5,1,up,50,2019-02,61.801,10,1.754,2.921045,62,10,1.414,2.333873,53.617,10,1.361,2.604486,57.8085,10,1.5345,2.726837,59.4851,10,1.6039,2.771021,1.5,0.1,49.2,54.3,52.4,3923,1723480,439.33,78.339989,78.339989,78.339989,0,-28.339989,-28.339989,up,up,up,1,1,0.638244,28.339989,1,0,S3_segmented_smoothing,78.339989,"small=1.0, medium=0.8, large=0.6, extreme=0.5",6137.153877,0,7978.300039,13078.91178,0,-212.710542,45245.774508,0.012564,0,0.013611,0.035759,0.101176,0.027084
2019-03-01,2019-02-28,270,260,8695,7680,国内成品油价格按机制上调,https://www.ndrc.gov.cn/xwdt/ztzl/gncpyjg/201902/t20190228_1292992.html,265,8187.5,1,up,265,2019-03,65.441,10,3.64,5.889872,65.664,10,3.664,5.909677,55.844,10,2.227,4.153533,60.597,10,2.7885,4.823685,62.4982,10,3.0131,5.065302,2.3,0.4,50.5,54.8,54,3934,1856320,471.87,145.585619,145.585619,145.585619,0,119.414381,119.414381,up,up,up,1,1,1.820235,-119.414381,0,1,S3_segmented_smoothing,145.585619,"small=1.0, medium=0.8, large=0.6, extreme=0.5",21195.17246,0,30944.951791,4521.974754,0,-212.710542,45245.774508,0.04339,0,0.052791,0.012363,0.101176,0.041076
2019-03-14,2019-03-14,0,0,8695,7680,3月14日国内成品油价格不作调整,https://www.ndrc.gov.cn/xwdt/ztzl/gncpyjg/201903/t20190314_1292993.html,0,8187.5,0,no_adjust,0,2019-03,65.474,10,0.033,0.050427,64.869,10,-0.795,-1.210709,56.666,10,0.822,1.471958,60.7675,10,0.1705,0.281367,62.4081,10,-0.0901,-0.144164,2.3,0.4,50.5,54.8,54,3934,1856320,471.87,-2.496016,-2.496016,0,-2.496016,2.496016,0,down,no_adjust,no_adjust,0,0,,,,,S3_segmented_smoothing,0.0,"small=1.0, medium=0.8, large=0.6, extreme=0.5",0,0,0,21195.17246,0,-212.710542,45245.774508,0,0,0,0.057949,0.101176,0.023869
2019-03-29,2019-03-28,80,80,8775,7760,国内成品油价格按机制上调,https://www.ndrc.gov.cn/xwdt/ztzl/gncpyjg/201903/t20190328_1292994.html,80,8267.5,1,up,80,2019-03,67.068,10,1.594,2.434554,67.124,10,2.255,3.476237,59.225,10,2.559,4.515935,63.1745,10,2.407,3.960999,64.7543,10,2.3462,3.759448,2.3,0.4,50.5,54.8,54,3934,1856320,471.87,113.761811,111.265795,111.265795,0,-33.761811,-31.265795,up,up,up,1,1,0.718999,31.265795,1,0,S3_segmented_smoothing,111.265795,"small=1.0, medium=0.8, large=0.6, extreme=0.5",12380.077137,0,18074.91262,12380.077137,0,-212.710542,45245.774508,0.025344,0,0.030835,0.033848,0.101176,0.034298
2019-04-01,2019-03-29,-225,-200,8550,7560,国内成品油价格因增值税税率调整相应下调,https://www.ndrc.gov.cn/xwdt/ztzl/gncpyjg/201903/t20190329_1292995.html,-212.5,8055,1,down,212.5,2019-04,66.977,10,-0.091,-0.135683,67.114,10,-0.01,-0.014898,59.295,10,0.07,0.118193,63.2045,10,0.03,0.047488,64.7683,10,0.014,0.02162,2.5,0.9,50.1,54.3,53.4,4373,2148650,491.34,2.471533,2.471533,0,2.471533,-214.971533,-212.5,up,no_adjust,down,0,1,,,,,S3_segmented_smoothing,0.0,"small=1.0, medium=0.8, large=0.6, extreme=0.5",0,0,0,12380.077137,0,-212.710542,45245.774508,0,0,0,0.033848,0.101176,0.020254
2019-04-13,2019-04-12,155,150,8705,7710,国内成品油价格按机制上调,https://www.ndrc.gov.cn/xwdt/ztzl/gncpyjg/201904/t20190412_1292996.html,152.5,8207.5,1,up,152.5,2019-04,69.267,10,2.29,3.419084,70.07,10,2.956,4.404446,62.864,10,3.569,6.019057,66.467,10,3.2625,5.161816,67.9082,10,3.1399,4.847896,2.5,0.9,50.1,54.3,53.4,4373,2148650,491.34,151.63639,154.107923,154.107923,0,0.86361,-1.607923,up,up,up,1,1,0.989566,1.607923,1,0,S3_segmented_smoothing,154.107923,"small=1.0, medium=0.8, large=0.6, extreme=0.5",23749.251931,0,35623.877897,23749.251931,0,-212.710542,45245.774508,0.048619,0,0.060774,0.064932,0.101176,0.052264
2019-04-27,2019-04-26,195,185,8900,7895,国内成品油价格按机制上调,https://www.ndrc.gov.cn/xwdt/ztzl/gncpyjg/201904/t20190426_1292997.html,190,8397.5,1,up,190,2019-04,71.609,10,2.342,3.381119,71.999,10,1.929,2.752961,64.576,10,1.712,2.723339,68.2875,10,1.8205,2.738953,69.7721,10,1.8639,2.744735,2.5,0.9,50.1,54.3,53.4,4373,2148650,491.34,90.746932,90.746932,90.746932,0,99.253068,99.253068,up,up,up,1,1,2.093735,-99.253068,0,1,S3_segmented_smoothing,90.746932,"small=1.0, medium=0.8, large=0.6, extreme=0.5",8235.005667,0,12352.508501,4014.615181,0,-212.710542,45245.774508,0.016858,0,0.021073,0.010976,0.101176,0.026306
2019-05-14,2019-05-13,-75,-75,8825,7820,国内成品油价格按机制下调,https://www.ndrc.gov.cn/xwdt/ztzl/gncpyjg/201905/t20190513_1292998.html,-75,8322.5,1,down,75,2019-05,70.745,10,-0.864,-1.206552,71.419,10,-0.58,-0.805567,62.357,10,-2.219,-3.436261,66.888,10,-1.3995,-2.049423,68.7004,10,-1.0717,-1.536001,2.7,0.6,49.4,54.3,53.3,4023,2107140,523.77,-49.336997,-49.336997,0,-49.336997,-25.663003,-75,down,no_adjust,down,0,1,,,,,S3_segmented_smoothing,0.0,"small=1.0, medium=0.8, large=0.6, extreme=0.5",0,0,0,8235.005667,0,-212.710542,45245.774508,0,0,0,0.022515,0.101176,0.018554
2019-05-28,2019-05-27,50,50,8875,7870,国内成品油价格按机制上调,https://www.ndrc.gov.cn/xwdt/ztzl/gncpyjg/201905/t20190527_1292999.html,50,8372.5,1,up,50,2019-05,70.948,10,0.203,0.286946,72.105,10,0.686,0.960529,61.413,10,-0.944,-1.513864,66.759,10,-0.129,-0.19286,68.8974,10,0.197,0.286752,2.7,0.6,49.4,54.3,53.3,4023,2107140,523.77,11.204112,-38.132885,0,-38.132885,38.795888,50,up,no_adjust,up,0,1,,,,,S3_segmented_smoothing,0.0,"small=1.0, medium=0.8, large=0.6, extreme=0.5",0,0,0,0,0,-212.710542,45245.774508,0,0,0,0,0.101176,0.015176
2019-06-12,2019-06-11,-465,-445,8410,7425,国内成品油价格按机制下调,https://www.ndrc.gov.cn/xwdt/ztzl/gncpyjg/201906/t20190611_1293000.html,-455,7917.5,1,down,455,2019-06,63.872,10,-7.076,-9.973502,65.72,10,-6.385,-8.855142,54.59,10,-6.823,-11.110026,60.155,10,-6.604,-9.892299,62.381,10,-6.5164,-9.458122,2.7,0,49.4,54.2,53,3958,2017356.1,509.69,-309.152696,-347.285581,-347.285581,0,-145.847304,-107.714419,down,down,down,1,1,1.310161,107.714419,0,1,S3_segmented_smoothing,-277.8284648,"small=1.0, medium=0.8, large=0.6, extreme=0.5",0,4824.290991,0,77188.655853,-69.457116,-282.167658,79618.587108,0,0.022221,0,0.211039,0.181082,0.063262
2019-06-26,2019-06-25,-120,-115,8290,7310,国内成品油价格按机制下调,https://www.ndrc.gov.cn/xwdt/ztzl/gncpyjg/201906/t20190625_1293001.html,-117.5,7800,1,down,117.5,2019-06,62.586,10,-1.286,-2.013402,63.698,10,-2.022,-3.076689,54.078,10,-0.512,-0.937901,58.888,10,-1.267,-2.106226,60.812,10,-1.569,-2.515189,2.7,0,49.4,54.2,53,3958,2017356.1,509.69,-73.067661,-73.067661,-73.067661,0,-44.432339,-44.432339,down,down,down,1,1,1.608099,44.432339,0,1,S3_segmented_smoothing,-73.067661,"small=1.0, medium=0.8, large=0.6, extreme=0.5",0,0,0,41926.986773,0,-282.167658,79618.587108,0,0,0,0.114631,0.181082,0.044357
2019-07-10,2019-07-09,150,140,8440,7450,国内成品油价格按机制上调,https://www.ndrc.gov.cn/xwdt/ztzl/gncpyjg/201907/t20190709_1293002.html,145,7945,1,up,145,2019-07,64.565,10,1.979,3.162049,65.148,10,1.45,2.276367,57.858,10,3.78,6.989903,61.668,10,2.78,4.720826,63.192,10,2.38,3.913701,2.8,-0.3,49.7,53.7,53.1,4104,1960366.9,477.67,115.374713,115.374713,115.374713,0,29.625287,29.625287,up,up,up,1,1,1.256775,-29.625287,0,1,S3_segmented_smoothing,115.374713,"small=1.0, medium=0.8, large=0.6, extreme=0.5",13311.3244,0,20765.666064,35510.528319,0,-282.167658,79618.587108,0.027251,0,0.035426,0.097088,0.181082,0.057395
2019-07-23,2019-07-23,0,0,8440,7450,7月23日国内成品油价格不作调整,https://www.ndrc.gov.cn/xwdt/ztzl/gncpyjg/201907/t20190723_1293003.html,0,7945,0,no_adjust,0,2019-07,65.32,10,0.755,1.169364,64.51,10,-0.638,-0.979309,57.738,10,-0.12,-0.207404,61.124,10,-0.544,-0.882143,62.4784,10,-0.7136,-1.129257,2.8,-0.3,49.7,53.7,53.1,4104,1960366.9,477.67,-32.248819,-32.248819,0,-32.248819,32.248819,0,down,no_adjust,no_adjust,0,0,,,,,S3_segmented_smoothing,0.0,"small=1.0, medium=0.8, large=0.6, extreme=0.5",0,0,0,13311.3244,0,-282.167658,79618.587108,0,0,0,0.036394,0.181082,0.032621
2019-08-07,2019-08-06,-80,-70,8360,7380,国内成品油价格按机制下调,https://www.ndrc.gov.cn/xwdt/ztzl/gncpyjg/201908/t20190806_1293004.html,-75,7870,1,down,75,2019-08,63.634,10,-1.686,-2.581139,62.429,10,-2.081,-3.225856,56.176,10,-1.562,-2.705324,59.3025,10,-1.8215,-2.980008,60.5531,10,-1.9253,-3.081545,2.8,-0.8,49.5,53.8,53,4217,1979320.4,469.37,-90.069945,-122.318764,-122.318764,0,15.069945,47.318764,down,down,down,1,1,0.613152,-47.318764,1,0,S3_segmented_smoothing,-122.318764,"small=1.0, medium=0.8, large=0.6, extreme=0.5",0,0,0,14961.880026,0,-282.167658,79618.587108,0,0,0,0.040907,0.181082,0.033298
2019-08-21,2019-08-20,-210,-205,8150,7175,国内成品油价格按机制下调,https://www.ndrc.gov.cn/xwdt/ztzl/gncpyjg/201908/t20190820_1293005.html,-207.5,7662.5,1,down,207.5,2019-08,58.687,10,-4.947,-7.774146,57.837,10,-4.592,-7.355556,54.452,10,-1.724,-3.068926,56.1445,10,-3.158,-5.325239,56.8215,10,-3.7316,-6.162525,2.8,-0.8,49.5,53.8,53,4217,1979320.4,469.37,-176.264794,-176.264794,-176.264794,0,-31.235206,-31.235206,down,down,down,1,1,1.177206,31.235206,0,1,S3_segmented_smoothing,-176.264794,"small=1.0, medium=0.8, large=0.6, extreme=0.5",0,0,0,2910.174153,0,-282.167658,79618.587108,0,0,0,0.007957,0.181082,0.028356
2019-09-04,2019-09-03,115,105,8265,7280,国内成品油价格按机制上调,https://www.ndrc.gov.cn/xwdt/ztzl/gncpyjg/201909/t20190903_1293006.html,110,7772.5,1,up,110,2019-09,59.82,10,1.133,1.930581,59.576,10,1.739,3.006726,55.351,10,0.899,1.650995,57.5255,10,1.381,2.459724,58.3953,10,1.5738,2.769726,3,-1.2,49.8,53.7,53.1,4124,1854637.8,449.72,76.903647,76.903647,76.903647,0,33.096353,33.096353,up,up,up,1,1,1.430361,-33.096353,0,1,S3_segmented_smoothing,76.903647,"small=1.0, medium=0.8, large=0.6, extreme=0.5",5914.170922,0,9462.673475,64094.259518,0,-282.167658,79618.587108,0.012107,0,0.016143,0.175238,0.181082,0.060511
2019-09-19,2019-09-18,125,125,8390,7405,国内成品油价格按机制上调,https://www.ndrc.gov.cn/xwdt/ztzl/gncpyjg/201909/t20190918_1293007.html,125,7897.5,1,up,125,2019-09,62.196,10,2.376,3.971916,63.236,10,3.66,6.143413,57.216,10,1.865,3.369406,60.226,10,2.7005,4.69444,61.43,10,3.0347,5.196822,3,-1.2,49.8,53.7,53.1,4124,1854637.8,449.72,146.61635,146.61635,146.61635,0,-21.61635,-21.61635,up,up,up,1,1,0.852565,21.61635,1,0,S3_segmented_smoothing,146.61635,"small=1.0, medium=0.8, large=0.6, extreme=0.5",21496.354087,0,34394.16654,4859.86096,0,-282.167658,79618.587108,0.044007,0,0.058676,0.013287,0.181082,0.054826
2019-10-08,2019-10-08,0,0,8390,7405,10月8日国内成品油价格不作调整,https://www.ndrc.gov.cn/xwdt/ztzl/gncpyjg/201910/t20191008_1293008.html,0,7897.5,0,no_adjust,0,2019-10,60.635,10,-1.561,-2.509808,60.667,10,-2.569,-4.062559,54.416,10,-2.8,-4.893736,57.5415,10,-2.6845,-4.457377,58.7917,10,-2.6383,-4.294807,3.8,-1.6,49.3,52.8,52,4551,2073141.2,455.54,-124.0936,-124.0936,-124.0936,0,124.0936,124.0936,down,down,no_adjust,1,0,0,-124.0936,1,0,S3_segmented_smoothing,-124.0936,"small=1.0, medium=0.8, large=0.6, extreme=0.5",0,0,0,73283.877029,0,-282.167658,79618.587108,0,0,0,0.200363,0.181082,0.057217
2019-10-22,2019-10-21,-150,-145,8240,7260,国内成品油价格按机制下调,https://www.ndrc.gov.cn/xwdt/ztzl/gncpyjg/201910/t20191021_1293009.html,-147.5,7750,1,down,147.5,2019-10,59.452,10,-1.183,-1.951018,59.358,10,-1.309,-2.15768,53.38,10,-1.036,-1.903852,56.369,10,-1.1725,-2.03766,57.5646,10,-1.2271,-2.087199,3.8,-1.6,49.3,52.8,52,4551,2073141.2,455.54,-56.752531,-56.752531,-56.752531,0,-90.747469,-90.747469,down,down,down,1,1,2.599003,90.747469,0,1,S3_segmented_smoothing,-56.752531,"small=1.0, medium=0.8, large=0.6, extreme=0.5",0,0,0,4534.819574,0,-282.167658,79618.587108,0,0,0,0.012398,0.181082,0.029022
2019-11-05,2019-11-04,105,105,8345,7365,国内成品油价格按机制上调,https://www.ndrc.gov.cn/xwdt/ztzl/gncpyjg/201911/t20191104_1293010.html,105,7855,1,up,105,2019-11,60.853,10,1.401,2.356523,60.487,10,1.129,1.902018,55.187,10,1.807,3.385163,57.837,10,1.468,2.604268,58.897,10,1.3324,2.314617,4.5,-1.4,50.2,54.4,53.7,4574,2089499.4,456.82,65.384277,65.384277,65.384277,0,39.615723,39.615723,up,up,up,1,1,1.605891,-39.615723,0,1,S3_segmented_smoothing,65.384277,"small=1.0, medium=0.8, large=0.6, extreme=0.5",4275.103679,0,8122.69699,14917.399868,0,-282.167658,79618.587108,0.008752,0,0.013857,0.040785,0.181082,0.038932
2019-11-19,2019-11-18,70,65,8415,7430,国内成品油价格按机制上调,https://www.ndrc.gov.cn/xwdt/ztzl/gncpyjg/201911/t20191118_1293011.html,67.5,7922.5,1,up,67.5,2019-11,62.494,10,1.641,2.696662,62.477,10,1.99,3.289963,56.715,10,1.528,2.768768,59.4755,10,1.6385,2.832962,60.5797,10,1.6827,2.857022,4.5,-1.4,50.2,54.4,53.7,4574,2089499.4,456.82,82.100247,82.100247,82.100247,0,-14.600247,-14.600247,up,up,up,1,1,0.822166,14.600247,1,0,S3_segmented_smoothing,82.100247,"small=1.0, medium=0.8, large=0.6, extreme=0.5",6740.450557,0,12806.856059,279.423653,0,-282.167658,79618.587108,0.013799,0,0.021848,0.000764,0.181082,0.036189
2019-12-03,2019-12-02,55,50,8470,7480,国内成品油价格按机制上调,https://www.ndrc.gov.cn/xwdt/ztzl/gncpyjg/201912/t20191202_1293012.html,52.5,7975,1,up,52.5,2019-12,63.671,10,1.177,1.883381,64.251,10,1.774,2.839445,57.432,10,0.717,1.264216,60.7735,10,1.298,2.182411,62.1101,10,1.5304,2.526259,4.5,-0.5,50.2,53.5,53.4,4548,2192920,482.17,74.832641,74.832641,74.832641,0,-22.332641,-22.332641,up,up,up,1,1,0.701566,22.332641,1,0,S3_segmented_smoothing,74.832641,"small=1.0, medium=0.8, large=0.6, extreme=0.5",5599.924159,0,10639.855902,52.818097,0,-282.167658,79618.587108,0.011464,0,0.018151,0.000144,0.181082,0.034588
2019-12-16,2019-12-16,0,0,8470,7480,12月16日国内成品油价格不作调整,https://www.ndrc.gov.cn/xwdt/ztzl/gncpyjg/201912/t20191216_1293013.html,0,7975,0,no_adjust,0,2019-12,64.769,10,1.098,1.72449,65.606,10,1.355,2.108917,58.444,10,1.012,1.762084,62.025,10,1.2515,2.059286,63.4574,10,1.3473,2.169212,4.5,-0.5,50.2,53.5,53.4,4548,2192920,482.17,66.095291,66.095291,66.095291,0,-66.095291,-66.095291,up,up,no_adjust,1,0,0,66.095291,1,0,S3_segmented_smoothing,66.095291,"small=1.0, medium=0.8, large=0.6, extreme=0.5",4368.587492,0,8300.316236,76.341285,0,-282.167658,79618.587108,0.008943,0,0.01416,0.000209,0.181082,0.032969
2019-12-31,2019-12-30,235,230,8705,7710,国内成品油价格按机制上调,https://www.ndrc.gov.cn/xwdt/ztzl/gncpyjg/201912/t20191230_1293014.html,232.5,8207.5,1,up,232.5,2019-12,67.828,10,3.059,4.722938,68.687,10,3.081,4.696217,60.902,10,2.458,4.205735,64.7945,10,2.7695,4.465135,66.3515,10,2.8941,4.560697,4.5,-0.5,50.2,53.5,53.4,4548,2192920,482.17,139.907057,139.907057,139.907057,0,92.592943,92.592943,up,up,up,1,1,1.661818,-92.592943,0,1,S3_segmented_smoothing,139.907057,"small=1.0, medium=0.8, large=0.6, extreme=0.5",19573.984598,0,37190.570737,5448.1768,0,-282.167658,79618.587108,0.040071,0,0.063446,0.014896,0.181082,0.055276
2020-01-14,2020-01-14,0,0,8705,7710,1月14日国内成品油价格不作调整,https://www.ndrc.gov.cn/xwdt/ztzl/gncpyjg/202001/t20200114_1293015.html,0,8207.5,0,no_adjust,0,2020-01,68.373,10,0.545,0.803503,67.599,10,-1.088,-1.583997,60.934,10,0.032,0.052543,64.2665,10,-0.528,-0.814884,65.5995,10,-0.752,-1.133358,5.4,0.1,50,54.1,53,,,,-34.081229,-34.081229,0,-34.081229,34.081229,0,down,no_adjust,no_adjust,0,0,,,,,S3_segmented_smoothing,0.0,"small=1.0, medium=0.8, large=0.6, extreme=0.5",0,0,0,19573.984598,0,-282.167658,79618.587108,0,0,0,0.053517,0.181082,0.03519
2020-02-05,2020-02-04,-420,-405,8285,7305,国内成品油价格按机制下调,https://www.ndrc.gov.cn/xwdt/ztzl/gncpyjg/202002/t20200204_1293016.html,-412.5,7795,1,down,412.5,2020-02,61.266,10,-7.107,-10.394454,59.323,10,-8.276,-12.242785,53.815,10,-7.119,-11.683133,56.569,10,-7.6975,-11.977469,57.6706,10,-7.9289,-12.08683,5.2,-0.4,35.7,29.6,28.9,8609,4218444.2,490,-376.555799,-410.637029,-410.637029,0,-35.944201,-1.862971,down,down,down,1,1,1.004537,1.862971,0,1,S3_segmented_smoothing,-328.5096232,"small=1.0, medium=0.8, large=0.6, extreme=0.5",0,6744.910783,0,107918.572535,-82.127406,-364.295064,132710.893363,0,0.031068,0,0.295056,0.304504,0.096148
2020-02-19,2020-02-18,-415,-400,7870,6905,国内成品油价格按机制下调,https://www.ndrc.gov.cn/xwdt/ztzl/gncpyjg/202002/t20200218_1293017.html,-407.5,7387.5,1,down,407.5,2020-02,55.451,10,-5.815,-9.491398,55.344,10,-3.979,-6.707348,50.596,10,-3.219,-5.981604,52.7785,10,-3.7905,-6.700666,53.6515,10,-4.0191,-6.969062,5.2,-0.4,35.7,29.6,28.9,8609,4218444.2,490,-189.98401,-189.98401,-189.98401,0,-217.51599,-217.51599,down,down,down,1,1,2.144917,217.51599,0,1,S3_segmented_smoothing,-189.98401,"small=1.0, medium=0.8, large=0.6, extreme=0.5",0,0,0,19189.345512,0,-364.295064,132710.893363,0,0,0,0.052465,0.304504,0.053545
2020-03-03,2020-03-03,0,0,7870,6905,3月3日国内成品油价格不作调整,https://www.ndrc.gov.cn/xwdt/ztzl/gncpyjg/202003/t20200303_1293018.html,0,7387.5,0,no_adjust,0,2020-03,55.218,10,-0.233,-0.420191,55.822,10,0.478,0.863689,50.113,10,-0.483,-0.954621,52.9675,10,0.189,0.3581,54.1093,10,0.4578,0.853285,4.3,-1.5,52,52.3,52.3,4110,1673864.3,407.27,23.64923,23.64923,0,23.64923,-23.64923,0,up,no_adjust,no_adjust,0,0,,,,,S3_segmented_smoothing,0.0,"small=1.0, medium=0.8, large=0.6, extreme=0.5",0,0,0,36093.924056,0,-364.295064,132710.893363,0,0,0,0.098683,0.304504,0.060478
2020-03-18,2020-03-17,-1015,-975,6855,5930,国内成品油价格按机制下调,https://www.ndrc.gov.cn/xwdt/ztzl/gncpyjg/202003/t20200317_1293019.html,-995,6392.5,1,down,995,2020-03,40.882,10,-14.336,-25.962548,39.759,10,-16.063,-28.775393,37.198,10,-12.915,-25.771756,38.4785,10,-14.489,-27.35451,38.9907,10,-15.1186,-27.940853,4.3,-1.5,52,52.3,52.3,4110,1673864.3,407.27,-719.641173,-695.991942,-695.991942,0,-275.358827,-299.008058,down,down,down,1,1,1.429614,299.008058,0,1,S3_segmented_smoothing,-556.7935536,"small=1.0, medium=0.8, large=0.6, extreme=0.5",0,19376.191333,0,310019.061331,-139.198388,-503.493452,253505.656207,0,0.089249,0,0.847612,0.585314,0.232789
2020-03-31,2020-03-31,0,0,6855,5930,3月31日国内成品油价格不作调整,https://www.ndrc.gov.cn/xwdt/ztzl/gncpyjg/202003/t20200331_1293020.html,0,6392.5,0,no_adjust,0,2020-03,26.312,10,-14.57,-35.639157,23.929,10,-15.83,-39.814885,20.33,10,-16.868,-45.346524,22.1295,10,-16.349,-42.488662,22.8493,10,-16.1414,-41.398077,4.3,-1.5,52,52.3,52.3,4110,1673864.3,407.27,-768.448177,-768.448177,-768.448177,0,768.448177,768.448177,down,down,no_adjust,1,0,0,-768.448177,1,0,S3_segmented_smoothing,-614.7585416000001,"small=1.0, medium=0.8, large=0.6, extreme=0.5",0,23620.504029,0,3359.939834,-153.689635,-657.183087,431889.610365,0,0.108799,0,0.009186,1,0.173138
2020-04-15,2020-04-15,0,0,6855,5930,4月15日国内成品油价格不作调整,https://www.ndrc.gov.cn/xwdt/ztzl/gncpyjg/202004/t20200415_1293021.html,0,6392.5,0,no_adjust,0,2020-04,21.137,10,-5.175,-19.667832,20.545,10,-3.384,-14.141836,23.446,10,3.116,15.327103,21.5825,10,-0.547,-2.471814,21.1675,10,-1.6818,-7.360401,3.3,-3.1,50.8,53.2,53.4,4043,1088790.5,269.3,-78.450366,-78.450366,-78.450366,0,78.450366,78.450366,down,down,no_adjust,1,0,0,-78.450366,1,0,S3_segmented_smoothing,-78.450366,"small=1.0, medium=0.8, large=0.6, extreme=0.5",0,0,0,287626.459215,0,-657.183087,431889.610365,0,0,0,0.786389,1,0.267958
2020-04-28,2020-04-28,0,0,6855,5930,4月28日国内成品油价格不作调整,https://www.ndrc.gov.cn/xwdt/ztzl/gncpyjg/202004/t20200428_1293022.html,0,6392.5,0,no_adjust,0,2020-04,15.699,10,-5.438,-25.727397,16.633,10,-3.912,-19.041129,10.703,10,-12.743,-54.350422,13.668,10,-7.9145,-36.670914,14.854,10,-6.3135,-29.826385,3.3,-3.1,50.8,53.2,53.4,4043,1088790.5,269.3,-299.470509,-299.470509,-299.470509,0,299.470509,299.470509,down,down,no_adjust,1,0,0,-299.470509,1,0,S3_segmented_smoothing,-299.470509,"small=1.0, medium=0.8, large=0.6, extreme=0.5",0,0,0,48849.903612,0,-657.183087,431889.610365,0,0,0,0.133559,1,0.170034
2020-05-14,2020-05-14,0,0,6855,5930,5月14日国内成品油价格不作调整,https://www.ndrc.gov.cn/xwdt/ztzl/gncpyjg/202005/t20200514_1293023.html,0,6392.5,0,no_adjust,0,2020-05,21.067,10,5.368,34.193261,22.884,10,6.251,37.581915,23.142,10,12.439,116.219751,22.5285,10,8.8605,64.826602,22.6707,10,7.8167,52.623536,2.4,-3.7,50.6,53.6,53.4,4797,946857.4,197.39,374.80866,374.80866,374.80866,0,-374.80866,-374.80866,up,up,no_adjust,1,0,0,374.80866,1,0,S3_segmented_smoothing,299.846928,"small=1.0, medium=0.8, large=0.6, extreme=0.5",89908.180231,5619.261264,133064.106742,359181.390292,74.961732,-582.221355,338981.706684,0.184058,0.025883,0.227004,0.982025,0.784019,0.372849
2020-05-28,2020-05-28,0,0,6855,5930,5月28日国内成品油价格不作调整,https://www.ndrc.gov.cn/xwdt/ztzl/gncpyjg/202005/t20200528_1293024.html,0,6392.5,0,no_adjust,0,2020-05,27.658,10,6.591,31.285897,32.509,10,9.625,42.059955,31.519,10,8.377,36.198254,32.014,10,9.4855,42.104445,32.212,10,9.5413,42.086482,2.4,-3.7,50.6,53.6,53.4,4797,946857.4,197.39,457.104867,457.104867,457.104867,0,-457.104867,-457.104867,up,up,no_adjust,1,0,0,457.104867,1,0,S3_segmented_smoothing,365.68389360000003,"small=1.0, medium=0.8, large=0.6, extreme=0.5",133724.710038,8357.794377,197912.570857,4334.506039,91.420973,-490.800382,240885.014971,0.273758,0.038497,0.337634,0.011851,0.555975,0.245721
2020-06-11,2020-06-11,0,0,6855,5930,6月11日国内成品油价格不作调整,https://www.ndrc.gov.cn/xwdt/ztzl/gncpyjg/202006/t20200611_1293025.html,0,6392.5,0,no_adjust,0,2020-06,34.672,10,7.014,25.359751,38.127,10,5.618,17.281368,37.254,10,5.735,18.195374,37.6905,10,5.6765,17.731305,37.8651,10,5.6531,17.549671,2.5,-3,50.9,54.4,54.2,521,273937.7,525.79,271.563808,271.563808,271.563808,0,-271.563808,-271.563808,up,up,no_adjust,1,0,0,271.563808,1,0,S3_segmented_smoothing,271.563808,"small=1.0, medium=0.8, large=0.6, extreme=0.5",73746.901815,0,110620.352723,8858.590513,0,-490.800382,240885.014971,0.150973,0,0.188716,0.02422,0.555975,0.171951
2020-06-29,2020-06-28,120,110,6975,6040,国内成品油价格按机制上调,https://www.ndrc.gov.cn/xwdt/ztzl/gncpyjg/202006/t20200628_1293026.html,115,6507.5,1,up,115,2020-06,37.873,10,3.201,9.232234,41.321,10,3.194,8.377265,38.785,10,1.531,4.109626,40.053,10,2.3625,6.268158,40.5602,10,2.6951,7.117636,2.5,-3,50.9,54.4,54.2,521,273937.7,525.79,130.410974,130.410974,130.410974,0,-15.410974,-15.410974,up,up,up,1,1,0.881828,15.410974,1,0,S3_segmented_smoothing,130.410974,"small=1.0, medium=0.8, large=0.6, extreme=0.5",17007.02214,0,25510.533209,19924.122546,0,-490.800382,240885.014971,0.034816,0,0.04352,0.054474,0.555975,0.111151
2020-07-11,2020-07-10,100,100,7075,6140,国内成品油价格按机制上调,https://www.ndrc.gov.cn/xwdt/ztzl/gncpyjg/202007/t20200710_1293027.html,100,6607.5,1,up,100,2020-07,41.56,10,3.687,9.735168,42.451,10,1.13,2.734687,39.823,10,1.038,2.676292,41.05,10,0.997,2.489202,41.5408,10,0.9806,2.417641,2.7,-2.4,51.1,54.2,54.1,5129,1434135.2,279.61,48.596729,48.596729,0,48.596729,51.403271,100,up,no_adjust,up,0,1,,,,,S3_segmented_smoothing,0.0,"small=1.0, medium=0.8, large=0.6, extreme=0.5",0,0,0,17007.02214,0,-490.800382,240885.014971,0,0,0,0.046498,0.555975,0.090371
2020-07-24,2020-07-24,0,0,7075,6140,7月24日国内成品油价格不作调整,https://www.ndrc.gov.cn/xwdt/ztzl/gncpyjg/202007/t20200724_1293028.html,0,6607.5,0,no_adjust,0,2020-07,43.719,10,2.159,5.194899,43.484,10,1.033,2.433394,40.887,10,1.064,2.671823,42.1855,10,1.1355,2.766139,42.7049,10,1.1641,2.802305,2.7,-2.4,51.1,54.2,54.1,5129,1434135.2,279.61,57.353168,105.949897,105.949897,0,-57.353168,-105.949897,up,up,no_adjust,1,0,0,105.949897,1,0,S3_segmented_smoothing,105.949897,"small=1.0, medium=0.8, large=0.6, extreme=0.5",11225.380674,0,17287.086238,11225.380674,0,-490.800382,240885.014971,0.02298,0,0.029491,0.030691,0.555975,0.101118
2020-08-07,2020-08-07,0,0,7075,6140,8月7日国内成品油价格不作调整,https://www.ndrc.gov.cn/xwdt/ztzl/gncpyjg/202008/t20200807_1293029.html,0,6607.5,0,no_adjust,0,2020-08,43.832,10,0.113,0.258469,43.712,10,0.228,0.524331,41.134,10,0.247,0.604104,42.423,10,0.2375,0.56299,42.9386,10,0.2337,0.547244,2.4,-2,51,55.2,54.5,4748,1492292.6,314.3,12.9554,12.9554,0,12.9554,-12.9554,0,up,no_adjust,no_adjust,0,0,,,,,S3_segmented_smoothing,0.0,"small=1.0, medium=0.8, large=0.6, extreme=0.5",0,0,0,11225.380674,0,-490.800382,240885.014971,0,0,0,0.030691,0.555975,0.088
2020-08-22,2020-08-21,85,80,7160,6220,国内成品油价格按机制上调,https://www.ndrc.gov.cn/xwdt/ztzl/gncpyjg/202008/t20200821_1293030.html,82.5,6690,1,up,82.5,2020-08,45.08,10,1.248,2.847235,44.678,10,0.966,2.209919,42.285,10,1.151,2.798172,43.4815,10,1.0585,2.495109,43.9601,10,1.0215,2.378978,2.4,-2,51,55.2,54.5,4748,1492292.6,314.3,50.548437,63.503837,63.503837,0,31.951563,18.996163,up,up,up,1,1,1.299134,-18.996163,0,1,S3_segmented_smoothing,63.503837,"small=1.0, medium=0.8, large=0.6, extreme=0.5",4032.737314,0,5968.451224,4032.737314,0,-490.800382,240885.014971,0.008256,0,0.010182,0.011026,0.555975,0.08966
2020-09-04,2020-09-04,0,0,7160,6220,9月4日国内成品油价格不作调整,https://www.ndrc.gov.cn/xwdt/ztzl/gncpyjg/202009/t20200904_1293031.html,0,6690,0,no_adjust,0,2020-09,45.312,10,0.232,0.514641,44.593,10,-0.085,-0.19025,42.65,10,0.365,0.86319,43.622,10,0.1405,0.323126,44.0104,10,0.0503,0.114422,1.7,-2.1,51.5,55.9,55.1,100,101019.8,1010.2,4.203733,4.203733,0,4.203733,-4.203733,0,up,no_adjust,no_adjust,0,0,,,,,S3_segmented_smoothing,0.0,"small=1.0, medium=0.8, large=0.6, extreme=0.5",0,0,0,4032.737314,0,-490.800382,240885.014971,0,0,0,0.011026,0.555975,0.08505
2020-09-19,2020-09-18,-315,-300,6845,5920,国内成品油价格按机制下调,https://www.ndrc.gov.cn/xwdt/ztzl/gncpyjg/202009/t20200918_1293032.html,-307.5,6382.5,1,down,307.5,2020-09,40.604,10,-4.708,-10.390184,40.004,10,-4.589,-10.290853,38.726,10,-3.924,-9.200469,39.4675,10,-4.1545,-9.523864,39.7641,10,-4.2463,-9.648401,1.7,-2.1,51.5,55.9,55.1,100,101019.8,1010.2,-200.825769,-196.622036,-196.622036,0,-106.674231,-110.877964,down,down,down,1,1,1.563914,110.877964,0,1,S3_segmented_smoothing,-196.622036,"small=1.0, medium=0.8, large=0.6, extreme=0.5",0,0,0,38660.225041,0,-490.800382,240885.014971,0,0,0,0.1057,0.555975,0.099251
2020-10-09,2020-10-09,0,0,6845,5920,10月9日国内成品油价格不作调整,https://www.ndrc.gov.cn/xwdt/ztzl/gncpyjg/202010/t20201009_1293033.html,0,6382.5,0,no_adjust,0,2020-10,40.459,10,-0.145,-0.357108,40.455,10,0.451,1.127387,39.552,10,0.826,2.132934,40.0035,10,0.536,1.358079,40.1841,10,0.42,1.056229,0.5,-2.1,51.4,56.2,55.3,4256,1327523.7,311.92,21.845452,21.845452,0,21.845452,-21.845452,0,up,no_adjust,no_adjust,0,0,,,,,S3_segmented_smoothing,0.0,"small=1.0, medium=0.8, large=0.6, extreme=0.5",0,0,0,38660.225041,0,-490.800382,240885.014971,0,0,0,0.1057,0.555975,0.099251
2020-10-23,2020-10-22,80,70,6925,5990,国内成品油价格按机制上调,https://www.ndrc.gov.cn/xwdt/ztzl/gncpyjg/202010/t20201022_1293034.html,75,6457.5,1,up,75,2020-10,41.108,10,0.649,1.604093,41.323,10,0.868,2.145594,40.507,10,0.955,2.414543,40.915,10,0.9115,2.278551,41.0782,10,0.8941,2.225009,0.5,-2.1,51.4,56.2,55.3,4256,1327523.7,311.92,44.469035,66.314486,66.314486,0,30.530965,8.685514,up,up,up,1,1,1.130975,-8.685514,0,1,S3_segmented_smoothing,66.314486,"small=1.0, medium=0.8, large=0.6, extreme=0.5",4397.611053,0,4837.372159,4397.611053,0,-490.800382,240885.014971,0.009003,0,0.008252,0.012023,0.555975,0.089514
2020-11-06,2020-11-05,-160,-150,6765,5840,国内成品油价格按机制下调,https://www.ndrc.gov.cn/xwdt/ztzl/gncpyjg/202011/t20201105_1293035.html,-155,6302.5,1,down,155,2020-11,38.617,10,-2.491,-6.059648,38.715,10,-2.608,-6.311255,37.978,10,-2.529,-6.243365,38.3465,10,-2.5685,-6.277649,38.4939,10,-2.5843,-6.291171,-0.5,-1.5,52.1,56.4,55.7,280,42203,150.72,-121.516773,-121.516773,-121.516773,0,-33.483227,-33.483227,down,down,down,1,1,1.275544,33.483227,0,1,S3_segmented_smoothing,-121.516773,"small=1.0, medium=0.8, large=0.6, extreme=0.5",0,0,0,35280.581858,0,-490.800382,240885.014971,0,0,0,0.096459,0.555975,0.097865
2020-11-20,2020-11-19,150,145,6915,5985,2020年11月19日24时起国内成品油价格按机制上调,https://www.ndrc.gov.cn/xwdt/ztzl/gncpyjg/202011/t20201119_1293036.html,147.5,6450,1,up,147.5,2020-11,41.788,10,3.171,8.211409,41.506,10,2.791,7.209092,40.284,10,2.306,6.071936,40.895,10,2.5485,6.645978,41.1394,10,2.6455,6.872517,-0.5,-1.5,52.1,56.4,55.7,280,42203,150.72,128.044111,128.044111,128.044111,0,19.455889,19.455889,up,up,up,1,1,1.151947,-19.455889,0,1,S3_segmented_smoothing,128.044111,"small=1.0, medium=0.8, large=0.6, extreme=0.5",16395.294362,0,16395.294362,62280.634823,0,-490.800382,240885.014971,0.033564,0,0.02797,0.170279,0.555975,0.124322
2020-12-04,2020-12-03,250,240,7165,6225,2020年12月3日24时起国内成品油价格按机制上调,https://www.ndrc.gov.cn/xwdt/ztzl/gncpyjg/202012/t20201203_1293037.html,245,6695,1,up,245,2020-12,45.697,10,3.909,9.35436,46.068,10,4.562,10.991182,43.461,10,3.177,7.886506,44.377,10,3.482,8.514488,44.7434,10,3.604,8.760458,0.2,-0.4,51.9,55.7,55.1,3847,1245360,323.72,173.782783,173.782783,173.782783,0,71.217217,71.217217,up,up,up,1,1,1.409806,-71.217217,0,1,S3_segmented_smoothing,173.782783,"small=1.0, medium=0.8, large=0.6, extreme=0.5",30200.455667,0,31408.473894,2092.026116,0,-490.800382,240885.014971,0.061826,0,0.053582,0.00572,0.555975,0.113106
2020-12-18,2020-12-17,155,150,7320,6375,2020年12月17日24时起国内成品油价格按机制上调,https://www.ndrc.gov.cn/xwdt/ztzl/gncpyjg/202012/t20201217_1293038.html,152.5,6847.5,1,up,152.5,2020-12,48.751,10,3.054,6.683152,49.596,10,3.528,7.658244,46.453,10,2.992,6.884333,48.0245,10,3.6475,8.219348,48.6531,10,3.9097,8.738049,0.2,-0.4,51.9,55.7,55.1,3847,1245360,323.72,188.370484,188.370484,188.370484,0,-35.870484,-35.870484,up,up,up,1,1,0.809575,35.870484,1,0,S3_segmented_smoothing,188.370484,"small=1.0, medium=0.8, large=0.6, extreme=0.5",35483.439242,0,36902.776812,212.80102,0,-490.800382,240885.014971,0.072641,0,0.062955,0.000582,0.555975,0.117383
2021-01-01,2020-12-31,90,85,7410,6460,2020年12月31日24时起国内成品油价格按机制上调,https://www.ndrc.gov.cn/xwdt/ztzl/gncpyjg/202012/t20201231_1293039.html,87.5,6935,1,up,87.5,2021-01,50.063,10,1.312,2.691227,50.868,10,1.272,2.564723,47.976,10,1.523,3.278583,49.422,10,1.3975,2.909973,50.0004,10,1.3473,2.769197,-0.3,0.3,51.3,52.4,52.8,4459,1612834.7,3617.03,66.095291,66.095291,66.095291,0,21.404709,21.404709,up,up,up,1,1,1.323846,-21.404709,0,1,S3_segmented_smoothing,66.095291,"small=1.0, medium=0.8, large=0.6, extreme=0.5",4368.587492,0,4368.587492,14951.222823,0,-490.800382,240885.014971,0.008943,0,0.007453,0.040878,0.555975,0.093627
2021-01-16,2021-01-15,185,180,7595,6640,2021年1月15日24时起国内成品油价格按机制上调,https://www.ndrc.gov.cn/xwdt/ztzl/gncpyjg/202101/t20210115_1293040.html,182.5,7117.5,1,up,182.5,2021-01,53.503,10,3.44,6.871342,53.986,10,3.118,6.12959,51.033,10,3.057,6.371936,52.5095,10,3.0875,6.247218,53.1001,10,3.0997,6.19935,-0.3,0.3,51.3,52.4,52.8,4459,1612834.7,3617.03,149.718085,149.718085,149.718085,0,32.781915,32.781915,up,up,up,1,1,1.218958,-32.781915,0,1,S3_segmented_smoothing,149.718085,"small=1.0, medium=0.8, large=0.6, extreme=0.5",22415.504976,0,22415.504976,6992.771676,0,-490.800382,240885.014971,0.045888,0,0.03824,0.019119,0.555975,0.107296
2021-01-30,2021-01-29,75,70,7670,6710,2021年1月29日24时起国内成品油价格按机制上调,https://www.ndrc.gov.cn/xwdt/ztzl/gncpyjg/202101/t20210129_1293041.html,72.5,7190,1,up,72.5,2021-01,54.842,10,1.339,2.502663,55.159,10,1.173,2.172786,52.749,10,1.716,3.36253,54.0315,10,1.522,2.898523,54.5445,10,1.4444,2.720146,-0.3,0.3,51.3,52.4,52.8,4459,1612834.7,3617.03,70.728806,70.728806,70.728806,0,1.771194,1.771194,up,up,up,1,1,1.025042,-1.771194,0,1,S3_segmented_smoothing,70.728806,"small=1.0, medium=0.8, large=0.6, extreme=0.5",5002.563998,0,5002.563998,6239.306197,0,-490.800382,240885.014971,0.010241,0,0.008534,0.017059,0.555975,0.090649
2021-02-19,2021-02-18,275,265,7945,6975,2021年2月18日24时起国内成品油价格按机制上调,https://www.ndrc.gov.cn/xwdt/ztzl/gncpyjg/202102/t20210218_1293042.html,270,7460,1,up,270,2021-02,60.706,10,5.864,10.692535,61.666,10,6.507,11.796806,58.252,10,5.503,10.432425,59.7105,10,5.679,10.510536,60.2939,10,5.7494,10.540751,-0.2,1.7,50.6,51.4,51.6,4498,1783365.6,396.48,276.159149,276.159149,276.159149,0,-6.159149,-6.159149,up,up,up,1,1,0.977697,6.159149,1,0,S3_segmented_smoothing,276.159149,"small=1.0, medium=0.8, large=0.6, extreme=0.5",76263.875576,0,76263.875576,42201.625825,0,-490.800382,240885.014971,0.156125,0,0.130104,0.115382,0.555975,0.172261
2021-03-04,2021-03-03,260,250,8205,7225,2021年3月3日24时起国内成品油价格按机制上调,https://www.ndrc.gov.cn/xwdt/ztzl/gncpyjg/202103/t20210303_1293043.html,255,7715,1,up,255,2021-03,63.35,10,2.644,4.355418,64.897,10,3.231,5.239516,61.237,10,2.985,5.124288,63.067,10,3.3565,5.621289,63.799,10,3.5051,5.813358,0.4,4.4,51.9,56.3,55.3,4966,2267884.9,456.68,169.063372,169.063372,169.063372,0,85.936628,85.936628,up,up,up,1,1,1.50831,-85.936628,0,1,S3_segmented_smoothing,169.063372,"small=1.0, medium=0.8, large=0.6, extreme=0.5",28582.423752,0,30869.017652,11469.505451,0,-490.800382,240885.014971,0.058513,0,0.052662,0.031358,0.555975,0.115894
2021-03-18,2021-03-17,235,230,8440,7455,2021年3月17日24时起国内成品油价格按机制上调,https://www.ndrc.gov.cn/xwdt/ztzl/gncpyjg/202103/t20210317_1293044.html,232.5,7947.5,1,up,232.5,2021-03,66.413,10,3.063,4.835043,67.947,10,3.05,4.699755,64.651,10,3.414,5.575061,66.299,10,3.232,5.124709,66.9582,10,3.1592,4.951802,0.4,4.4,51.9,56.3,55.3,4966,2267884.9,456.68,152.557367,152.557367,152.557367,0,79.942633,79.942633,up,up,up,1,1,1.524017,-79.942633,0,1,S3_segmented_smoothing,152.557367,"small=1.0, medium=0.8, large=0.6, extreme=0.5",23273.750226,0,25135.650244,272.448201,0,-490.800382,240885.014971,0.047645,0,0.042881,0.000745,0.555975,0.10614
2021-04-01,2021-03-31,-225,-220,8215,7235,2021年3月31日24时起国内成品油价格按机制下调,https://www.ndrc.gov.cn/xwdt/ztzl/gncpyjg/202103/t20210331_1293045.html,-222.5,7725,1,down,222.5,2021-04,63.154,10,-3.259,-4.907172,63.371,10,-4.576,-6.734661,60.772,10,-3.879,-5.999907,62.0715,10,-4.2275,-6.376416,62.5913,10,-4.3669,-6.52183,0.9,6.8,51.1,54.9,53.8,4036,1839330.1,455.73,-206.580682,-206.580682,-206.580682,0,-15.919318,-15.919318,down,down,down,1,1,1.077061,15.919318,0,1,S3_segmented_smoothing,-206.580682,"small=1.0, medium=0.8, large=0.6, extreme=0.5",0,0,0,128980.13824,0,-490.800382,240885.014971,0,0,0,0.35264,0.555975,0.136292
2021-04-15,2021-04-15,0,0,8215,7235,2021年4月15日国内成品油价格不作调整,https://www.ndrc.gov.cn/xwdt/ztzl/gncpyjg/202104/t20210415_1293046.html,0,7725,0,no_adjust,0,2021-04,61.748,10,-1.406,-2.226304,62.928,10,-0.443,-0.699058,60.039,10,-0.733,-1.206148,61.5745,10,-0.497,-0.80069,62.1159,10,-0.4754,-0.75953,0.9,6.8,51.1,54.9,53.8,4036,1839330.1,455.73,-20.882151,-20.882151,0,-20.882151,20.882151,0,down,no_adjust,no_adjust,0,0,,,,,S3_segmented_smoothing,0.0,"small=1.0, medium=0.8, large=0.6, extreme=0.5",0,0,0,42675.578176,0,-490.800382,240885.014971,0,0,0,0.116678,0.555975,0.100898
2021-04-29,2021-04-28,100,95,8315,7330,2021年4月28日24时起国内成品油价格按机制上调,https://www.ndrc.gov.cn/xwdt/ztzl/gncpyjg/202104/t20210428_1293047.html,97.5,7822.5,1,up,97.5,2021-04,64.138,10,2.39,3.870571,65.669,10,2.741,4.355772,62.569,10,2.53,4.213928,64.119,10,2.5445,4.132392,64.739,10,2.6231,4.222912,0.9,6.8,51.1,54.9,53.8,4036,1839330.1,455.73,126.975205,106.093054,106.093054,0,-29.475205,-8.593054,up,up,up,1,1,0.919005,8.593054,1,0,S3_segmented_smoothing,106.093054,"small=1.0, medium=0.8, large=0.6, extreme=0.5",11255.736107,0,13281.768606,11255.736107,0,-490.800382,240885.014971,0.023042,0,0.022658,0.030774,0.555975,0.099438
2021-05-15,2021-05-14,100,100,8415,7430,2021年5月14日24时起国内成品油价格按机制上调,https://www.ndrc.gov.cn/xwdt/ztzl/gncpyjg/202105/t20210514_1293048.html,100,7922.5,1,up,100,2021-05,66.717,10,2.579,4.021017,68.638,10,2.969,4.521159,64.901,10,2.332,3.727085,66.7965,10,2.6775,4.175829,67.5331,10,2.7941,4.315946,1.3,9,51,55.2,54.2,4095,2039882.1,498.14,135.135156,135.135156,135.135156,0,-35.135156,-35.135156,up,up,up,1,1,0.74,35.135156,1,0,S3_segmented_smoothing,135.135156,"small=1.0, medium=0.8, large=0.6, extreme=0.5",18261.510387,0,23009.503088,843.443689,0,-490.800382,240885.014971,0.037384,0,0.039254,0.002306,0.555975,0.102902
2021-05-28,2021-05-28,0,0,8415,7430,2021年5月28日国内成品油价格不作调整,https://www.ndrc.gov.cn/xwdt/ztzl/gncpyjg/202105/t20210528_1293049.html,0,7922.5,0,no_adjust,0,2021-05,66.662,10,-0.055,-0.082438,68.24,10,-0.398,-0.579854,65.157,10,0.256,0.394447,66.6985,10,-0.098,-0.146714,67.3151,10,-0.218,-0.322805,1.3,9,51,55.2,54.2,4095,2039882.1,498.14,-8.599277,-8.599277,0,-8.599277,8.599277,0,down,no_adjust,no_adjust,0,0,,,,,S3_segmented_smoothing,0.0,"small=1.0, medium=0.8, large=0.6, extreme=0.5",0,0,0,18261.510387,0,-490.800382,240885.014971,0,0,0,0.049928,0.555975,0.090885
2021-06-12,2021-06-11,175,170,8590,7600,2021年6月11日24时起国内成品油价格按机制上调,https://www.ndrc.gov.cn/xwdt/ztzl/gncpyjg/202106/t20210611_1293050.html,172.5,8095,1,up,172.5,2021-06,69.738,10,3.076,4.614323,70.667,10,2.427,3.556565,68.771,10,3.614,5.546603,69.719,10,3.0205,4.528588,70.0982,10,2.7831,4.134436,1.1,8.8,50.9,53.5,52.9,4012,2071889.6,516.42,134.610247,126.010969,126.010969,0,37.889753,46.489031,up,up,up,1,1,1.368928,-46.489031,0,1,S3_segmented_smoothing,126.010969,"small=1.0, medium=0.8, large=0.6, extreme=0.5",15878.764308,0,19372.092456,15878.764308,0,-490.800382,240885.014971,0.032507,0,0.033048,0.043414,0.555975,0.106297
2021-06-29,2021-06-28,225,215,8815,7815,2021年6月28日24时起国内成品油价格按机制上调,https://www.ndrc.gov.cn/xwdt/ztzl/gncpyjg/202106/t20210628_1293051.html,220,8315,1,up,220,2021-06,72.892,10,3.154,4.522642,74.258,10,3.591,5.08158,72.515,10,3.744,5.444155,73.3865,10,3.6675,5.260402,73.7351,10,3.6369,5.188293,1.1,8.8,50.9,53.5,52.9,4012,2071889.6,516.42,175.352738,175.352738,175.352738,0,44.647262,44.647262,up,up,up,1,1,1.254614,-44.647262,0,1,S3_segmented_smoothing,175.352738,"small=1.0, medium=0.8, large=0.6, extreme=0.5",30748.582724,0,37513.270923,2434.610168,0,-490.800382,240885.014971,0.062948,0,0.063997,0.006656,0.555975,0.116131
2021-07-13,2021-07-12,70,65,8885,7880,2021年7月12日24时起国内成品油价格按机制上调,https://www.ndrc.gov.cn/xwdt/ztzl/gncpyjg/202107/t20210712_1293052.html,67.5,8382.5,1,up,67.5,2021-07,74.224,10,1.332,1.827361,76.197,10,1.939,2.611166,73.793,10,1.278,1.762394,74.9005,10,1.514,2.06305,75.3435,10,1.6084,2.181322,1,9,50.4,53.3,52.4,4117,2208676.2,536.48,78.554724,78.554724,78.554724,0,-11.054724,-11.054724,up,up,up,1,1,0.859274,11.054724,1,0,S3_segmented_smoothing,78.554724,"small=1.0, medium=0.8, large=0.6, extreme=0.5",6170.844663,0,7405.013595,9369.855514,0,-490.800382,240885.014971,0.012633,0,0.012633,0.025618,0.555975,0.093555
2021-07-27,2021-07-26,-100,-95,8785,7785,2021年7月26日24时起国内成品油价格按机制下调,https://www.ndrc.gov.cn/xwdt/ztzl/gncpyjg/202107/t20210726_1293053.html,-97.5,8285,1,down,97.5,2021-07,72.683,10,-1.541,-2.076148,74.001,10,-2.196,-2.882003,71.436,10,-2.357,-3.19407,72.7185,10,-2.182,-2.913198,73.2315,10,-2.112,-2.803162,1,9,50.4,53.3,52.4,4117,2208676.2,536.48,-98.979084,-98.979084,-98.979084,0,1.479084,1.479084,down,down,down,1,1,0.985057,-1.479084,1,0,S3_segmented_smoothing,-98.979084,"small=1.0, medium=0.8, large=0.6, extreme=0.5",0,0,0,31518.252983,0,-490.800382,240885.014971,0,0,0,0.086173,0.555975,0.096322
2021-08-09,2021-08-09,0,0,8785,7785,2021年8月9日国内成品油价格不作调整,https://www.ndrc.gov.cn/xwdt/ztzl/gncpyjg/202108/t20210809_1293373.html,0,8285,0,no_adjust,0,2021-08,72.934,10,0.251,0.345335,74.007,10,0.006,0.008108,71.125,10,-0.311,-0.435355,72.566,10,-0.1525,-0.209713,73.1424,10,-0.0891,-0.121669,0.8,9.5,50.1,47.5,48.9,4453,2427251.9,545.08,-2.448297,-2.448297,0,-2.448297,2.448297,0,down,no_adjust,no_adjust,0,0,,,,,S3_segmented_smoothing,0.0,"small=1.0, medium=0.8, large=0.6, extreme=0.5",0,0,0,9796.859069,0,-490.800382,240885.014971,0,0,0,0.026785,0.555975,0.087414
2021-08-24,2021-08-23,-250,-245,8535,7540,2021年8月23日24时起国内成品油价格按机制下调,https://www.ndrc.gov.cn/xwdt/ztzl/gncpyjg/202108/t20210823_1294332.html,-247.5,8037.5,1,down,247.5,2021-08,69.411,10,-3.523,-4.830395,69.586,10,-4.421,-5.973759,66.691,10,-4.434,-6.234095,68.1385,10,-4.4275,-6.101342,68.7175,10,-4.4249,-6.049706,0.8,9.5,50.1,47.5,48.9,4453,2427251.9,545.08,-209.348385,-211.796682,-211.796682,0,-38.151615,-35.703318,down,down,down,1,1,1.168574,35.703318,0,1,S3_segmented_smoothing,-211.796682,"small=1.0, medium=0.8, large=0.6, extreme=0.5",0,0,0,44857.834506,0,-490.800382,240885.014971,0,0,0,0.122644,0.555975,0.101793
2021-09-07,2021-09-06,140,140,8675,7680,2021年9月6日24时起国内成品油价格按机制上调,https://www.ndrc.gov.cn/xwdt/ztzl/gncpyjg/202109/t20210906_1296106.html,140,8177.5,1,up,140,2021-09,70.861,10,1.45,2.089006,71.266,10,1.68,2.414279,68.37,10,1.679,2.517581,69.4665,10,1.328,1.948972,70.1863,10,1.4688,2.137447,0.7,10.7,49.6,53.2,51.7,4104,2195876.9,535.06,71.89315,71.89315,71.89315,0,68.10685,68.10685,up,up,up,1,1,1.947334,-68.10685,0,1,S3_segmented_smoothing,71.89315,"small=1.0, medium=0.8, large=0.6, extreme=0.5",5168.625017,0,5892.232519,80479.92078,0,-490.800382,240885.014971,0.010581,0,0.010052,0.220037,0.555975,0.12156
2021-09-19,2021-09-18,90,85,8765,7765,2021年9月18日24时起国内成品油价格按机制上调,https://www.ndrc.gov.cn/xwdt/ztzl/gncpyjg/202109/t20210918_1297148.html,87.5,8265,1,up,87.5,2021-09,72.575,10,1.714,2.41882,73.071,10,1.805,2.532765,70.371,10,2.001,2.926722,71.753,10,2.2865,3.291515,72.3058,10,2.1195,3.01982,0.7,10.7,49.6,53.2,51.7,4104,2195876.9,535.06,102.943911,102.943911,102.943911,0,-15.443911,-15.443911,up,up,up,1,1,0.849977,15.443911,1,0,S3_segmented_smoothing,102.943911,"small=1.0, medium=0.8, large=0.6, extreme=0.5",10597.448812,0,12081.091646,964.149759,0,-490.800382,240885.014971,0.021695,0,0.02061,0.002636,0.555975,0.094368
2021-10-10,2021-10-09,345,330,9110,8095,2021年10月9日24时起国内成品油价格按机制上调,https://www.ndrc.gov.cn/xwdt/ztzl/gncpyjg/202110/t20211009_1298893.html,337.5,8602.5,1,up,337.5,2021-10,78.676,10,6.101,8.406476,80.228,10,7.157,9.794583,76.979,10,6.608,9.390232,78.6035,10,6.8505,9.547336,79.2533,10,6.9475,9.608496,1.5,13.5,49.2,52.4,50.8,3766,2098861.3,557.32,333.331296,333.331296,333.331296,0,4.168704,4.168704,up,up,up,1,1,1.012506,-4.168704,0,1,S3_segmented_smoothing,266.6650368,"small=1.0, medium=0.8, large=0.6, extreme=0.5",71110.241852,4444.390116,92443.314407,26804.607033,66.666259,-424.134123,179889.754123,0.145575,0.020471,0.157706,0.073286,0.41418,0.153034
2021-10-23,2021-10-22,300,290,9410,8385,2021年10月22日24时起国内成品油价格按机制上调,https://www.ndrc.gov.cn/xwdt/ztzl/gncpyjg/202110/t20211022_1300685.html,295,8897.5,1,up,295,2021-10,82.845,10,4.169,5.298948,84.1,10,3.872,4.826245,81.828,10,4.849,6.299121,82.964,10,4.3605,5.547463,83.4184,10,4.1651,5.255428,1.5,13.5,49.2,52.4,50.8,3766,2098861.3,557.32,200.55792,200.55792,200.55792,0,94.44208,94.44208,up,up,up,1,1,1.470897,-94.44208,0,1,S3_segmented_smoothing,200.55792,"small=1.0, medium=0.8, large=0.6, extreme=0.5",40223.479275,0,52290.523057,4370.150892,0,-424.134123,179889.754123,0.082344,0,0.089206,0.011948,0.41418,0.106807
2021-11-05,2021-11-05,0,0,9410,8385,2021年11月5日国内成品油价格不作调整,https://www.ndrc.gov.cn/xwdt/ztzl/gncpyjg/202111/t20211105_1303115.html,0,8897.5,0,no_adjust,0,2021-11,83.068,10,0.223,0.269177,83.619,10,-0.481,-0.571938,83.144,10,1.316,1.608251,83.3815,10,0.4175,0.50323,83.4765,10,0.0581,0.069649,2.3,12.9,50.1,52.3,52.2,4178,2496433.8,597.52,4.575942,4.575942,0,4.575942,-4.575942,0,up,no_adjust,no_adjust,0,0,,,,,S3_segmented_smoothing,0.0,"small=1.0, medium=0.8, large=0.6, extreme=0.5",0,0,0,40223.479275,0,-424.134123,179889.754123,0,0,0,0.109974,0.41418,0.078623
2021-11-20,2021-11-19,-95,-90,9315,8295,2021年11月19日24时起国内成品油价格按机制下调,https://www.ndrc.gov.cn/xwdt/ztzl/gncpyjg/202111/t20211119_1304442.html,-92.5,8805,1,down,92.5,2021-11,81.607,10,-1.461,-1.7588,82.729,10,-0.89,-1.064351,80.975,10,-2.169,-2.608727,81.852,10,-1.5295,-1.83434,82.2028,10,-1.2737,-1.525819,2.3,12.9,50.1,52.3,52.2,4178,2496433.8,597.52,-58.976237,-54.400296,-54.400296,0,-33.523763,-38.099704,down,down,down,1,1,1.700358,38.099704,0,1,S3_segmented_smoothing,-54.400296,"small=1.0, medium=0.8, large=0.6, extreme=0.5",0,0,0,2959.392205,0,-424.134123,179889.754123,0,0,0,0.008091,0.41418,0.063341
2021-12-04,2021-12-03,-430,-415,8885,7880,2021年12月3日24时起国内成品油价格按机制下调,https://www.ndrc.gov.cn/xwdt/ztzl/gncpyjg/202112/t20211203_1306844.html,-422.5,8382.5,1,down,422.5,2021-12,76.472,10,-5.135,-6.292352,76.572,10,-6.157,-7.442372,73.479,10,-7.496,-9.257178,75.4605,10,-6.3915,-7.808606,76.2531,10,-5.9497,-7.237831,1.5,10.3,50.3,52.7,52.2,4614,2690828.6,583.19,-282.110333,-282.110333,-282.110333,0,-140.389667,-140.389667,down,down,down,1,1,1.497641,140.389667,0,1,S3_segmented_smoothing,-282.110333,"small=1.0, medium=0.8, large=0.6, extreme=0.5",0,0,0,51851.860951,0,-424.134123,179889.754123,0,0,0,0.141766,0.41418,0.083392
2021-12-18,2021-12-17,-130,-125,8755,7755,2021年12月17日24时起国内成品油价格按机制下调,https://www.ndrc.gov.cn/xwdt/xwfb/202112/t20211217_1308356.html,-127.5,8255,1,down,127.5,2021-12,73.946,10,-2.526,-3.30317,74.049,10,-2.523,-3.294938,70.795,10,-2.684,-3.652744,72.422,10,-3.0385,-4.02661,73.0728,10,-3.1803,-4.170716,1.5,10.3,50.3,52.7,52.2,4614,2690828.6,583.19,-149.957304,-149.957304,-149.957304,0,22.457304,22.457304,down,down,down,1,1,0.850242,-22.457304,1,0,S3_segmented_smoothing,-149.957304,"small=1.0, medium=0.8, large=0.6, extreme=0.5",0,0,0,17464.423074,0,-424.134123,179889.754123,0,0,0,0.047749,0.41418,0.069289
2022-01-01,2021-12-31,140,135,8895,7890,2021年12月31日24时起国内成品油价格按机制上调,https://www.ndrc.gov.cn/xwdt/xwfb/202112/t20211231_1311298.html,137.5,8392.5,1,up,137.5,2022-01,75.152,10,1.206,1.63092,74.811,10,0.762,1.029048,73.468,10,2.673,3.77569,73.544,10,1.122,1.549253,73.976,10,0.9032,1.236028,0.9,9.1,50.1,51.1,51,4880,2795758.1,572.9,44.903278,44.903278,0,44.903278,92.596722,137.5,up,no_adjust,up,0,1,,,,,S3_segmented_smoothing,0.0,"small=1.0, medium=0.8, large=0.6, extreme=0.5",0,0,0,22487.193023,0,-424.134123,179889.754123,0,0,0,0.061481,0.41418,0.071349
2022-01-18,2022-01-17,345,330,9240,8220,2022年1月17日24时起国内成品油价格按机制上调,https://www.ndrc.gov.cn/xwdt/xwfb/202201/t20220117_1312120.html,337.5,8730,1,up,337.5,2022-01,81.683,10,6.531,8.690387,82.785,10,7.974,10.65886,79.687,10,6.219,8.46491,81.236,10,7.692,10.459045,81.8556,10,7.8796,10.651563,0.9,9.1,50.1,51.1,51,4880,2795758.1,572.9,377.810186,422.713464,422.713464,0,-40.310186,-85.213464,up,up,up,1,1,0.798413,85.213464,1,0,S3_segmented_smoothing,338.1707712,"small=1.0, medium=0.8, large=0.6, extreme=0.5",114359.470494,7147.466906,134944.175183,114359.470494,84.542693,-339.59143,115322.339329,0.234114,0.032922,0.230212,0.312666,0.264081,0.209178
2022-01-30,2022-01-29,310,300,9550,8520,2022年1月29日24时起国内成品油价格按机制上调,https://www.ndrc.gov.cn/xwdt/xwfb/202201/t20220129_1313943.html,305,9035,1,up,305,2022-01,88.254,10,6.571,8.044514,89.641,10,6.856,8.281694,86.223,10,6.536,8.202091,87.8995,10,6.6635,8.202644,88.5701,10,6.7145,8.20286,0.9,9.1,50.1,51.1,51,4880,2795758.1,572.9,322.212766,322.212766,322.212766,0,-17.212766,-17.212766,up,up,up,1,1,0.94658,17.212766,1,0,S3_segmented_smoothing,257.7702128,"small=1.0, medium=0.8, large=0.6, extreme=0.5",66445.482607,4152.842663,78405.669476,6464.249791,64.442553,-275.148877,75706.904404,0.136025,0.019129,0.133758,0.017674,0.171988,0.099721
2022-02-18,2022-02-17,210,200,9760,8720,2022年2月17日24时起国内成品油价格按机制上调,https://www.ndrc.gov.cn/xwdt/xwfb/202202/t20220217_1315772.html,205,9240,1,up,205,2022-02,92.871,10,4.617,5.231491,96.955,10,7.314,8.159213,91.693,10,5.47,6.344015,94.324,10,6.4245,7.308915,95.3764,10,6.8063,7.684648,0.9,8.8,50.2,51.6,51.2,3634,2271578.6,625.09,326.593372,326.593372,326.593372,0,-121.593372,-121.593372,up,up,up,1,1,0.627692,121.593372,1,0,S3_segmented_smoothing,261.2746976,"small=1.0, medium=0.8, large=0.6, extreme=0.5",68264.467606,4266.529225,80552.071775,12.281414,65.318674,-209.830202,44028.713839,0.139749,0.019652,0.13742,0.000034,0.098346,0.08798
2022-03-04,2022-03-03,260,255,10020,8975,2022年3月3日24时起国内成品油价格按机制上调,https://www.ndrc.gov.cn/xwdt/xwfb/202203/t20220303_1318078.html,257.5,9497.5,1,up,257.5,2022-03,98.592,10,5.721,6.160158,102.123,10,5.168,5.330308,95.61,10,3.917,4.271864,98.791,10,4.467,4.735804,100.0634,10,4.687,4.914214,1.5,8.3,49.5,48.4,48.8,4271,3021685.3,707.49,225.462472,225.462472,225.462472,0,32.037528,32.037528,up,up,up,1,1,1.142097,-32.037528,0,1,S3_segmented_smoothing,225.462472,"small=1.0, medium=0.8, large=0.6, extreme=0.5",50833.32628,0,66083.324164,1282.515502,0,-209.830202,44028.713839,0.104065,0,0.112737,0.003506,0.098346,0.069478
2022-03-18,2022-03-17,750,720,10770,9695,2022年3月17日24时起国内成品油价格按机制上调,https://www.ndrc.gov.cn/xwdt/xwfb/202203/t20220317_1319438.html,735,10232.5,1,up,735,2022-03,115.932,10,17.34,17.587634,117.079,10,14.956,14.645085,108.49,10,12.88,13.471394,112.7845,10,13.9935,14.164752,114.5023,10,14.4389,14.429752,1.5,8.3,49.5,48.4,48.8,4271,3021685.3,707.49,690.813495,690.813495,690.813495,0,44.186505,44.186505,up,up,up,1,1,1.063963,-44.186505,0,1,S3_segmented_smoothing,552.650796,"small=1.0, medium=0.8, large=0.6, extreme=0.5",305422.902319,19088.931395,397049.773015,107052.199362,138.162699,-71.667503,5136.231044,0.625253,0.087926,0.677358,0.292688,0.007934,0.388331
2022-04-01,2022-03-31,110,110,10880,9805,2022年3月31日24时起国内成品油价格按机制上调,https://www.ndrc.gov.cn/xwdt/xwfb/202203/t20220331_1321429.html,110,10342.5,1,up,110,2022-04,112.719,10,-3.213,-2.771452,118.869,10,1.79,1.528882,109.573,10,1.083,0.998249,114.221,10,1.4365,1.273668,116.0802,10,1.5779,1.378051,2.1,8,47.4,41.9,42.7,4303,3422562.7,795.39,77.099294,77.099294,77.099294,0,32.900706,32.900706,up,up,up,1,1,1.426732,-32.900706,0,1,S3_segmented_smoothing,77.099294,"small=1.0, medium=0.8, large=0.6, extreme=0.5",5944.301135,0,8440.907612,226149.231054,0,-71.667503,5136.231044,0.012169,0,0.0144,0.618307,0.007934,0.100578
2022-04-16,2022-04-15,-545,-530,10335,9275,2022年4月15日24时起国内成品油价格按机制下调,https://www.ndrc.gov.cn/xwdt/xwfb/202204/t20220415_1322196.html,-537.5,9805,1,down,537.5,2022-04,104.374,10,-8.345,-7.403366,104.444,10,-14.425,-12.135208,100.122,10,-9.451,-8.6253,102.283,10,-11.938,-10.451668,103.1474,10,-12.9328,-11.141263,2.1,8,47.4,41.9,42.7,4303,3422562.7,795.39,-615.336958,-615.336958,-615.336958,0,77.836958,77.836958,down,down,down,1,1,0.873505,-77.836958,1,0,S3_segmented_smoothing,-492.26956640000003,"small=1.0, medium=0.8, large=0.6, extreme=0.5",0,15145.582875,0,324180.899193,-123.067392,-194.734895,37921.679331,0,0.069763,0,0.886332,0.084149,0.159525
2022-04-29,2022-04-28,205,200,10540,9475,2022年4月28日24时起国内成品油价格按机制上调,https://www.ndrc.gov.cn/xwdt/xwfb/202204/t20220428_1323651.html,202.5,10007.5,1,up,202.5,2022-04,107.029,10,2.655,2.543737,105.209,10,0.765,0.73245,103.537,10,3.415,3.410839,103.987,10,1.704,1.665966,104.4758,10,1.3284,1.287866,2.1,8,47.4,41.9,42.7,4303,3422562.7,795.39,65.193401,65.193401,65.193401,0,137.306599,137.306599,up,up,up,1,1,3.106143,-137.306599,0,1,S3_segmented_smoothing,65.193401,"small=1.0, medium=0.8, large=0.6, extreme=0.5",4250.179534,0,6035.254938,310764.960022,0,-194.734895,37921.679331,0.008701,0,0.010296,0.849652,0.084149,0.144819
2022-05-17,2022-05-16,285,270,10825,9745,2022年5月16日24时起国内成品油价格按机制上调,https://www.ndrc.gov.cn/xwdt/xwfb/202205/t20220516_1324609.html,277.5,10285,1,up,277.5,2022-05,110.858,10,3.829,3.577535,108.696,10,3.487,3.314355,105.843,10,2.306,2.227223,107.24,10,3.253,3.128276,107.8224,10,3.3466,3.20323,2.1,6.4,49.6,47.8,48.4,4583,3522859,768.68,161.499909,161.499909,161.499909,0,116.000091,116.000091,up,up,up,1,1,1.718267,-116.000091,0,1,S3_segmented_smoothing,161.499909,"small=1.0, medium=0.8, large=0.6, extreme=0.5",26082.220607,0,37036.753262,9274.943483,0,-194.734895,37921.679331,0.053395,0,0.063184,0.025358,0.084149,0.045571
2022-05-31,2022-05-30,400,390,11225,10135,2022年5月30日24时起国内成品油价格按机制上调,https://www.ndrc.gov.cn/xwdt/xwfb/202205/t20220530_1326109.html,395,10680,1,up,395,2022-05,115.363,10,4.505,4.063757,115.295,10,6.599,6.071061,112.779,10,6.936,6.553102,114.037,10,6.797,6.33812,114.5402,10,6.7178,6.230431,2.1,6.4,49.6,47.8,48.4,4583,3522859,768.68,322.370239,322.370239,322.370239,0,72.629761,72.629761,up,up,up,1,1,1.225299,-72.629761,0,1,S3_segmented_smoothing,257.89619120000003,"small=1.0, medium=0.8, large=0.6, extreme=0.5",66510.445435,4156.90284,94444.832518,9292.243222,64.474048,-130.260847,16967.888313,0.136158,0.019147,0.161121,0.025406,0.035439,0.087276
2022-06-15,2022-06-14,390,375,11615,10510,2022年6月14日24时起国内成品油价格按机制上调,https://www.ndrc.gov.cn/xwdt/xwfb/202206/t20220614_1327247.html,382.5,11062.5,1,up,382.5,2022-06,120.039,10,4.676,4.053293,126.185,10,10.89,9.445336,118.856,10,6.077,5.388415,122.3335,10,8.2965,7.27527,123.8013,10,9.2611,8.085458,2.5,6.1,50.2,54.7,54.1,3582,2859140.2,798.2,443.734,443.734,443.734,0,-61.234,-61.234,up,up,up,1,1,0.862003,61.234,1,0,S3_segmented_smoothing,354.98720000000003,"small=1.0, medium=0.8, large=0.6, extreme=0.5",126015.912164,7875.99451,189023.868246,9426.66399,88.7468,-41.514047,1723.416115,0.257976,0.036278,0.32247,0.025773,0,0.156233
2022-06-29,2022-06-28,-320,-310,11295,10200,2022年6月28日24时起国内成品油价格按机制下调,https://www.ndrc.gov.cn/xwdt/xwfb/202206/t20220628_1328991.html,-315,10747.5,1,down,315,2022-06,116.169,10,-3.87,-3.223952,120.083,10,-6.102,-4.835757,112.525,10,-6.331,-5.326614,116.8135,10,-5.52,-4.512255,118.5289,10,-5.2724,-4.25876,2.5,6.1,50.2,54.7,54.1,3582,2859140.2,798.2,-249.790247,-249.790247,-249.790247,0,-65.209753,-65.209753,down,down,down,1,1,1.261058,65.209753,0,1,S3_segmented_smoothing,-249.790247,"small=1.0, medium=0.8, large=0.6, extreme=0.5",0,0,0,365755.7604,0,-41.514047,1723.416115,0,0,0,1,0,0.15
2022-07-13,2022-07-12,-360,-345,10935,9855,2022年7月12日24时起国内成品油价格按机制下调,https://www.ndrc.gov.cn/xwdt/xwfb/202207/t20220712_1330413.html,-352.5,10395,1,down,352.5,2022-07,112.316,10,-3.853,-3.31672,116.503,10,-3.58,-2.981271,107.416,10,-5.109,-4.540324,111.854,10,-4.9595,-4.245657,113.6292,10,-4.8997,-4.13376,2.7,4.2,49,53.8,52.5,3733,3017713.3,808.39,-232.005371,-232.005371,-232.005371,0,-120.494629,-120.494629,down,down,down,1,1,1.519361,120.494629,0,1,S3_segmented_smoothing,-232.005371,"small=1.0, medium=0.8, large=0.6, extreme=0.5",0,0,0,316.301814,0,-41.514047,1723.416115,0,0,0,0.000865,0,0.00013
2022-07-27,2022-07-26,-300,-290,10635,9565,2022年7月26日24时起国内成品油价格按机制下调,https://www.ndrc.gov.cn/xwdt/xwfb/202207/t20220726_1331402.html,-295,10100,1,down,295,2022-07,106.816,10,-5.5,-4.896898,111.005,10,-5.498,-4.719192,100.454,10,-6.962,-6.481344,105.7295,10,-6.1245,-5.475441,107.8397,10,-5.7895,-5.095081,2.7,4.2,49,53.8,52.5,3733,3017713.3,808.39,-274.465747,-274.465747,-274.465747,0,-20.534253,-20.534253,down,down,down,1,1,1.074815,20.534253,0,1,S3_segmented_smoothing,-274.465747,"small=1.0, medium=0.8, large=0.6, extreme=0.5",0,0,0,1802.88353,0,-41.514047,1723.416115,0,0,0,0.004929,0,0.000739
2022-08-10,2022-08-09,-130,-125,10505,9440,2022年8月9日24时起国内成品油价格按机制下调,https://www.ndrc.gov.cn/xwdt/xwfb/202208/t20220809_1332823.html,-127.5,9972.5,1,down,127.5,2022-08,105.68,10,-1.136,-1.063511,105.433,10,-5.572,-5.019594,96.175,10,-4.279,-4.259661,100.804,10,-4.9255,-4.658586,102.6556,10,-5.1841,-4.807228,2.5,2.3,49.4,52.6,51.7,4035,3050600.4,756.03,-245.576658,-245.576658,-245.576658,0,118.076658,118.076658,down,down,down,1,1,0.519186,-118.076658,1,0,S3_segmented_smoothing,-245.576658,"small=1.0, medium=0.8, large=0.6, extreme=0.5",0,0,0,834.579463,0,-41.514047,1723.416115,0,0,0,0.002282,0,0.000342
2022-08-24,2022-08-23,-205,-200,10300,9240,2022年8月23日24时起国内成品油价格按机制下调,https://www.ndrc.gov.cn/xwdt/xwfb/202208/t20220823_1333590.html,-202.5,9770,1,down,202.5,2022-08,99.905,10,-5.775,-5.46461,99.845,10,-5.588,-5.300048,93.223,10,-2.952,-3.069405,96.534,10,-4.27,-4.235943,97.8584,10,-4.7972,-4.673101,2.5,2.3,49.4,52.6,51.7,4035,3050600.4,756.03,-227.114173,-227.114173,-227.114173,0,24.614173,24.614173,down,down,down,1,1,0.891622,-24.614173,1,0,S3_segmented_smoothing,-227.114173,"small=1.0, medium=0.8, large=0.6, extreme=0.5",0,0,0,340.863352,0,-41.514047,1723.416115,0,0,0,0.000932,0,0.00014
2022-09-07,2022-09-06,190,185,10490,9425,2022年9月6日24时起国内成品油价格按机制上调,https://www.ndrc.gov.cn/xwdt/xwfb/202209/t20220906_1335202.html,187.5,9957.5,1,up,187.5,2022-09,102.388,10,2.483,2.485361,96.98,10,-2.865,-2.869448,92.631,10,-0.592,-0.635036,94.7245,10,-1.8095,-1.874469,95.7159,10,-2.1425,-2.189388,2.8,0.9,50.1,50.6,50.9,4024,2884192.5,716.75,-100.434514,-100.434514,-100.434514,0,287.934514,287.934514,down,down,up,1,1,-1.866888,-287.934514,0,1,S3_segmented_smoothing,-100.434514,"small=1.0, medium=0.8, large=0.6, extreme=0.5",0,0,0,16047.736004,0,-41.514047,1723.416115,0,0,0,0.043876,0,0.006581
2022-09-22,2022-09-21,-290,-280,10200,9145,2022年9月21日24时起国内成品油价格按机制下调,https://www.ndrc.gov.cn/xwdt/xwfb/202209/t20220921_1335893.html,-285,9672.5,1,down,285,2022-09,96.179,10,-6.209,-6.064187,90.458,10,-6.522,-6.725098,86.084,10,-6.547,-7.067828,88.331,10,-6.3935,-6.749574,89.1818,10,-6.5341,-6.826557,2.8,0.9,50.1,50.6,50.9,4024,2884192.5,716.75,-309.997323,-309.997323,-309.997323,0,24.997323,24.997323,down,down,down,1,1,0.919363,-24.997323,1,0,S3_segmented_smoothing,-247.9978584,"small=1.0, medium=0.8, large=0.6, extreme=0.5",0,3843.933611,0,21774.940611,-61.999465,-103.513512,10715.047125,0,0.017706,0,0.059534,0.020903,0.015607
2022-10-10,2022-10-10,0,0,10200,9145,2022年10月10日国内成品油价格不作调整,https://www.ndrc.gov.cn/xwdt/xwfb/202210/t20221010_1338431.html,0,9672.5,0,no_adjust,0,2022-10,92.482,10,-3.697,-3.843874,90.968,10,0.51,0.563798,84.149,10,-1.935,-2.247804,87.5585,10,-0.7725,-0.874551,88.9223,10,-0.2595,-0.290979,2.1,-1.3,49.2,48.7,49,4314,2984358.1,691.78,-10.579616,-10.579616,0,-10.579616,10.579616,0,down,no_adjust,no_adjust,0,0,,,,,S3_segmented_smoothing,0.0,"small=1.0, medium=0.8, large=0.6, extreme=0.5",0,0,0,61502.937771,0,-103.513512,10715.047125,0,0,0,0.168153,0.020903,0.028358
2022-10-25,2022-10-24,185,175,10385,9320,2022年10月24日24时起国内成品油价格按机制上调,https://www.ndrc.gov.cn/xwdt/xwfb/202210/t20221024_1338989.html,180,9852.5,1,up,180,2022-10,93.495,10,1.013,1.095348,92.83,10,1.862,2.046874,87.165,10,3.016,3.584119,89.9975,10,2.439,2.785566,91.1305,10,2.2082,2.483292,2.1,-1.3,49.2,48.7,49,4314,2984358.1,691.78,107.176587,96.596971,96.596971,0,72.823413,83.403029,up,up,up,1,1,1.863412,-83.403029,0,1,S3_segmented_smoothing,96.596971,"small=1.0, medium=0.8, large=0.6, extreme=0.5",9330.974806,0,13249.984225,9330.974806,0,-103.513512,10715.047125,0.019102,0,0.022604,0.025511,0.020903,0.017389
2022-11-08,2022-11-07,155,150,10540,9470,2022年11月7日24时起国内成品油价格按机制上调,https://www.ndrc.gov.cn/xwdt/xwfb/202211/t20221107_1340921.html,152.5,10005,1,up,152.5,2022-11,93.968,10,0.473,0.505909,94.438,10,1.608,1.732199,88.503,10,1.338,1.53502,91.4705,10,1.473,1.636712,92.6575,10,1.527,1.675619,1.6,-1.3,48,46.7,47.1,4674,3158599.9,675.78,74.670397,74.670397,74.670397,0,77.829603,77.829603,up,up,up,1,1,2.042309,-77.829603,0,1,S3_segmented_smoothing,74.670397,"small=1.0, medium=0.8, large=0.6, extreme=0.5",5575.668188,0,7359.882008,480.774647,0,-103.513512,10715.047125,0.011414,0,0.012556,0.001314,0.020903,0.009325
2022-11-22,2022-11-21,-175,-165,10365,9305,2022年11月21日24时起国内成品油价格按机制下调,https://www.ndrc.gov.cn/xwdt/xwfb/202211/t20221121_1341667.html,-170,9835,1,down,170,2022-11,92.801,10,-1.167,-1.241912,94.082,10,-0.356,-0.376967,86.215,10,-2.288,-2.585223,90.1485,10,-1.322,-1.445275,91.7219,10,-0.9356,-1.00974,1.6,-1.3,48,46.7,47.1,4674,3158599.9,675.78,-42.84244,-42.84244,0,-42.84244,-127.15756,-170,down,no_adjust,down,0,1,,,,,S3_segmented_smoothing,0.0,"small=1.0, medium=0.8, large=0.6, extreme=0.5",0,0,0,5575.668188,0,-103.513512,10715.047125,0,0,0,0.015244,0.020903,0.005422
2022-12-06,2022-12-05,-440,-425,9925,8880,2022年12月5日24时起国内成品油价格按机制下调,https://www.ndrc.gov.cn/xwdt/xwfb/202212/t20221205_1343287.html,-432.5,9402.5,1,down,432.5,2022-12,83.55,10,-9.251,-9.968643,85.713,10,-8.369,-8.895432,79.148,10,-7.067,-8.196949,82.5975,10,-7.551,-8.376179,83.9773,10,-7.7446,-8.443567,1.8,-0.7,47,41.6,42.6,4807,3073177.7,639.31,-367.761186,-410.603625,-410.603625,0,-64.738814,-21.896375,down,down,down,1,1,1.053327,21.896375,0,1,S3_segmented_smoothing,-328.48290000000003,"small=1.0, medium=0.8, large=0.6, extreme=0.5",0,6743.813475,0,107901.015592,-82.120725,-185.634237,34460.069872,0,0.031063,0,0.295008,0.076102,0.061879
2022-12-20,2022-12-19,-480,-460,9445,8420,2022年12月19日24时起国内成品油价格按机制下调,https://www.ndrc.gov.cn/xwdt/xwfb/202212/t20221219_1343672.html,-470,8932.5,1,down,470,2022-12,78.2,10,-5.35,-6.403351,79.679,10,-6.034,-7.039772,74.094,10,-5.054,-6.385506,76.8865,10,-5.711,-6.914253,78.0035,10,-5.9738,-7.113589,1.8,-0.7,47,41.6,42.6,4807,3073177.7,639.31,-283.260361,-283.260361,-283.260361,0,-186.739639,-186.739639,down,down,down,1,1,1.659251,186.739639,0,1,S3_segmented_smoothing,-283.260361,"small=1.0, medium=0.8, large=0.6, extreme=0.5",0,0,0,2045.078034,0,-185.634237,34460.069872,0,0,0,0.005591,0.076102,0.012254
2023-01-04,2023-01-03,250,240,9695,8660,2023年1月3日24时起国内成品油价格按机制上调,https://www.ndrc.gov.cn/xwdt/xwfb/202301/t20230103_1345637.html,245,9177.5,1,up,245,2023-01,80.192,10,1.992,2.547315,81.141,10,1.462,1.834862,77.751,10,3.657,4.935622,79.268,10,2.3815,3.097423,80.0172,10,2.0137,2.581551,2.1,-0.8,50.1,54.4,52.9,4333,2571954.1,593.57,97.895239,97.895239,97.895239,0,147.104761,147.104761,up,up,up,1,1,2.502675,-147.104761,0,1,S3_segmented_smoothing,97.895239,"small=1.0, medium=0.8, large=0.6, extreme=0.5",9583.477819,0,13608.538503,145279.591411,0,-185.634237,34460.069872,0.019619,0,0.023216,0.397204,0.076102,0.081705
2023-01-18,2023-01-17,-205,-195,9490,8465,2023年1月17日24时起国内成品油价格按机制下调,https://www.ndrc.gov.cn/xwdt/xwfb/202301/t20230117_1346762.html,-200,8977.5,1,down,200,2023-01,78.849,10,-1.343,-1.674731,79.449,10,-1.692,-2.085259,76.271,10,-1.48,-1.903512,77.8685,10,-1.3995,-1.76553,78.5075,10,-1.5097,-1.886719,2.1,-0.8,50.1,54.4,52.9,4333,2571954.1,593.57,-70.237924,-70.237924,-70.237924,0,-129.762076,-129.762076,down,down,down,1,1,2.847465,129.762076,0,1,S3_segmented_smoothing,-70.237924,"small=1.0, medium=0.8, large=0.6, extreme=0.5",0,0,0,28268.7605,0,-185.634237,34460.069872,0,0,0,0.077289,0.076102,0.023009
2023-02-04,2023-02-03,210,200,9700,8665,2023年2月3日24时起国内成品油价格按机制上调,https://www.ndrc.gov.cn/xwdt/xwfb/202302/t20230203_1348327.html,205,9182.5,1,up,205,2023-02,83.836,10,4.987,6.324747,84.698,10,5.249,6.606754,79.203,10,2.932,3.844187,81.9505,10,4.082,5.242171,83.0495,10,4.542,5.785435,1,-1.4,52.6,56.3,56.4,4074,2379809.1,584.15,218.543215,218.543215,218.543215,0,-13.543215,-13.543215,up,up,up,1,1,0.93803,13.543215,1,0,S3_segmented_smoothing,218.543215,"small=1.0, medium=0.8, large=0.6, extreme=0.5",47761.136823,0,57313.364187,83394.546242,0,-185.634237,34460.069872,0.097775,0,0.097775,0.228006,0.076102,0.094504
2023-02-17,2023-02-17,0,0,9700,8665,2023年2月17日国内成品油价格不作调整,https://www.ndrc.gov.cn/xwdt/xwfb/202302/t20230217_1348864.html,0,9182.5,0,no_adjust,0,2023-02,82.191,10,-1.645,-1.962164,83.423,10,-1.275,-1.505348,77.717,10,-1.486,-1.876192,80.57,10,-1.3805,-1.684553,81.7112,10,-1.3383,-1.611449,1,-1.4,52.6,56.3,56.4,4074,2379809.1,584.15,-62.058885,-62.058885,-62.058885,0,62.058885,62.058885,down,down,no_adjust,1,0,0,-62.058885,1,0,S3_segmented_smoothing,-62.058885,"small=1.0, medium=0.8, large=0.6, extreme=0.5",0,0,0,78737.538524,0,-185.634237,34460.069872,0,0,0,0.215274,0.076102,0.043706
2023-03-03,2023-03-03,0,0,9700,8665,2023年3月3日国内成品油价格不作调整,https://www.ndrc.gov.cn/xwdt/xwfb/202303/t20230303_1350622.html,0,9182.5,0,no_adjust,0,2023-03,81.814,10,-0.377,-0.458688,82.312,10,-1.111,-1.331767,76.451,10,-1.266,-1.628987,79.434,10,-1.136,-1.409954,80.6272,10,-1.084,-1.326624,0.7,-2.5,51.9,58.2,57,5231,3042961.1,581.72,-49.923941,-49.923941,0,-49.923941,49.923941,0,down,no_adjust,no_adjust,0,0,,,,,S3_segmented_smoothing,0.0,"small=1.0, medium=0.8, large=0.6, extreme=0.5",0,0,0,3851.305207,0,-185.634237,34460.069872,0,0,0,0.01053,0.076102,0.012995
2023-03-18,2023-03-17,-100,-95,9600,8570,2023年3月17日24时起国内成品油价格按机制下调,https://www.ndrc.gov.cn/xwdt/xwfb/202303/t20230317_1351325.html,-97.5,9085,1,down,97.5,2023-03,80.844,10,-0.97,-1.185616,80.389,10,-1.923,-2.336233,74.756,10,-1.695,-2.217106,77.5725,10,-1.8615,-2.343455,78.6991,10,-1.9281,-2.391377,0.7,-2.5,51.9,58.2,57,5231,3042961.1,581.72,-90.203558,-140.127499,-140.127499,0,-7.296442,42.627499,down,down,down,1,1,0.695795,-42.627499,1,0,S3_segmented_smoothing,-140.127499,"small=1.0, medium=0.8, large=0.6, extreme=0.5",0,0,0,19635.715976,0,-185.634237,34460.069872,0,0,0,0.053685,0.076102,0.019468
2023-04-01,2023-03-31,-335,-320,9265,8250,2023年3月31日24时起国内成品油价格按机制下调,https://www.ndrc.gov.cn/xwdt/xwfb/202303/t20230331_1353081.html,-327.5,8757.5,1,down,327.5,2023-04,75.196,10,-5.648,-6.986295,75.308,10,-5.081,-6.320516,70.653,10,-4.103,-5.488523,72.9805,10,-4.592,-5.919624,73.9115,10,-4.7876,-6.083424,0.1,-3.6,49.2,56.4,54.4,4241,2446502.9,576.87,-226.65607,-226.65607,-226.65607,0,-100.84393,-100.84393,down,down,down,1,1,1.44492,100.84393,0,1,S3_segmented_smoothing,-226.65607,"small=1.0, medium=0.8, large=0.6, extreme=0.5",0,0,0,7487.193599,0,-185.634237,34460.069872,0,0,0,0.02047,0.076102,0.014486
2023-04-18,2023-04-17,550,525,9815,8775,2023年4月17日24时起国内成品油价格按机制上调,https://www.ndrc.gov.cn/xwdt/xwfb/202304/t20230417_1353648.html,537.5,9295,1,up,537.5,2023-04,85.127,10,9.931,13.20682,85.105,10,9.797,13.009242,80.75,10,10.097,14.290971,82.654,10,9.6735,13.254911,83.6344,10,9.7229,13.154786,0.1,-3.6,49.2,56.4,54.4,4241,2446502.9,576.87,465.770639,465.770639,465.770639,0,71.729361,71.729361,up,up,up,1,1,1.154001,-71.729361,0,1,S3_segmented_smoothing,372.61651120000005,"small=1.0, medium=0.8, large=0.6, extreme=0.5",138843.064419,8677.691526,141619.925707,359127.626578,93.154128,-92.480109,8552.570561,0.284236,0.039971,0.2416,0.981878,0.015876,0.289116
2023-04-29,2023-04-28,-160,-155,9655,8620,2023年4月28日24时起国内成品油价格按机制下调,https://www.ndrc.gov.cn/xwdt/xwfb/202304/t20230428_1355157.html,-157.5,9137.5,1,down,157.5,2023-04,83.22,10,-1.907,-2.240182,83.607,10,-1.498,-1.760179,78.346,10,-2.404,-2.97709,80.9765,10,-1.6775,-2.029545,82.0287,10,-1.6057,-1.919904,0.1,-3.6,49.2,56.4,54.4,4241,2446502.9,576.87,-74.818949,-74.818949,-74.818949,0,-82.681051,-82.681051,down,down,down,1,1,2.105082,82.681051,0,1,S3_segmented_smoothing,-74.818949,"small=1.0, medium=0.8, large=0.6, extreme=0.5",0,0,0,200198.491044,0,-92.480109,8552.570561,0,0,0,0.547356,0.015876,0.084485
2023-05-17,2023-05-16,-380,-365,9275,8255,2023年5月16日24时起国内成品油价格按机制下调,https://www.ndrc.gov.cn/xwdt/xwfb/202305/t20230516_1355789.html,-372.5,8765,1,down,372.5,2023-05,75.511,10,-7.709,-9.263398,75.957,10,-7.65,-9.149952,71.141,10,-7.205,-9.196385,73.7315,10,-7.245,-8.94704,74.6217,10,-7.407,-9.029766,0.2,-4.6,48.8,54.5,52.9,5144,3030257.4,589.09,-351.651247,-351.651247,-351.651247,0,-20.848753,-20.848753,down,down,down,1,1,1.059288,20.848753,0,1,S3_segmented_smoothing,-281.3209976,"small=1.0, medium=0.8, large=0.6, extreme=0.5",0,4946.343981,0,42643.096076,-70.330249,-162.810358,26507.212802,0,0.022784,0,0.116589,0.057614,0.030687
2023-05-31,2023-05-30,100,95,9375,8350,2023年5月30日24时起国内成品油价格按机制上调,https://www.ndrc.gov.cn/xwdt/xwfb/202305/t20230530_1356745.html,97.5,8862.5,1,up,97.5,2023-05,76.035,10,0.524,0.693939,76.117,10,0.16,0.210645,72.117,10,0.976,1.371923,74.117,10,0.3855,0.522843,74.917,10,0.2953,0.395729,0.2,-4.6,48.8,54.5,52.9,5144,3030257.4,589.09,15.894891,15.894891,0,15.894891,81.605109,97.5,up,no_adjust,up,0,1,,,,,S3_segmented_smoothing,0.0,"small=1.0, medium=0.8, large=0.6, extreme=0.5",0,0,0,79141.503691,0,-162.810358,26507.212802,0,0,0,0.216378,0.057614,0.041099
2023-06-14,2023-06-13,-55,-50,9320,8300,2023年6月13日24时起国内成品油价格按机制下调,https://www.ndrc.gov.cn/xwdt/xwfb/202306/t20230613_1357539.html,-52.5,8810,1,down,52.5,2023-06,74.832,10,-1.203,-1.582166,74.764,10,-1.353,-1.777527,70.43,10,-1.687,-2.339254,72.597,10,-1.52,-2.050812,73.4638,10,-1.4532,-1.939747,0,-5.4,49,53.2,52.3,5206,2818571.4,541.41,-67.5418,-51.646909,-51.646909,0,15.0418,-0.853091,down,down,down,1,1,1.016518,0.853091,0,1,S3_segmented_smoothing,-51.646909,"small=1.0, medium=0.8, large=0.6, extreme=0.5",0,0,0,2667.403209,0,-162.810358,26507.212802,0,0,0,0.007293,0.057614,0.009736
2023-06-29,2023-06-28,70,70,9390,8370,2023年6月28日24时起国内成品油价格按机制上调,https://www.ndrc.gov.cn/xwdt/xwfb/202306/t20230628_1357927.html,70,8880,1,up,70,2023-06,75.624,10,0.792,1.058371,74.793,10,0.029,0.038789,69.842,10,-0.588,-0.834872,72.225,10,-0.372,-0.512418,73.1782,10,-0.2856,-0.388763,0,-5.4,49,53.2,52.3,5206,2818571.4,541.41,-11.825083,-11.825083,0,-11.825083,81.825083,70,down,no_adjust,up,0,1,,,,,S3_segmented_smoothing,0.0,"small=1.0, medium=0.8, large=0.6, extreme=0.5",0,0,0,2667.403209,0,-162.810358,26507.212802,0,0,0,0.007293,0.057614,0.009736
2023-07-13,2023-07-12,155,150,9545,8520,2023年7月12日24时起国内成品油价格按机制上调,https://www.ndrc.gov.cn/xwdt/xwfb/202307/t20230712_1358334.html,152.5,9032.5,1,up,152.5,2023-07,76.853,10,1.229,1.625145,76.236,10,1.443,1.929325,71.281,10,1.439,2.060365,73.541,10,1.316,1.822084,74.445,10,1.2668,1.731117,-0.3,-4.4,49.3,51.5,51.1,4369,2390446.7,547.14,62.25391,50.428828,50.428828,0,90.24609,102.071172,up,up,up,1,1,3.024064,-102.071172,0,1,S3_segmented_smoothing,50.428828,"small=1.0, medium=0.8, large=0.6, extreme=0.5",2543.066693,0,2543.066693,2543.066693,0,-162.810358,26507.212802,0.005206,0,0.004338,0.006953,0.057614,0.012071
2023-07-27,2023-07-26,275,260,9820,8780,2023年7月26日24时起国内成品油价格按机制上调,https://www.ndrc.gov.cn/xwdt/xwfb/202307/t20230726_1358699.html,267.5,9300,1,up,267.5,2023-07,81.717,10,4.864,6.328966,80.495,10,4.259,5.5866,76.468,10,5.187,7.276834,78.4815,10,4.9405,6.718021,79.2869,10,4.8419,6.503996,-0.3,-4.4,49.3,51.5,51.1,4369,2390446.7,547.14,232.854146,232.854146,232.854146,0,34.645854,34.645854,up,up,up,1,1,1.148788,-34.645854,0,1,S3_segmented_smoothing,232.854146,"small=1.0, medium=0.8, large=0.6, extreme=0.5",54221.053309,0,54221.053309,33278.996647,0,-162.810358,26507.212802,0.111,0,0.0925,0.090987,0.057614,0.073165
2023-08-10,2023-08-09,240,230,10060,9010,2023年8月9日24时起国内成品油价格按机制上调,https://www.ndrc.gov.cn/xwdt/xwfb/202308/t20230809_1359258.html,235,9535,1,up,235,2023-08,86.418,10,4.701,5.752781,85.436,10,4.941,6.138269,81.17,10,4.702,6.148977,83.303,10,4.8215,6.143486,84.1562,10,4.8693,6.141368,0.1,-3,49.7,51,51.3,5280,3064332.6,580.37,234.161647,234.161647,234.161647,0,0.838353,0.838353,up,up,up,1,1,1.00358,-0.838353,0,1,S3_segmented_smoothing,234.161647,"small=1.0, medium=0.8, large=0.6, extreme=0.5",54831.676926,0,55928.310464,1.709559,0,-162.810358,26507.212802,0.11225,0,0.095412,0.000005,0.057614,0.060558
2023-08-24,2023-08-23,55,55,10115,9065,2023年8月23日24时起国内成品油价格按机制上调,https://www.ndrc.gov.cn/xwdt/xwfb/202308/t20230823_1360025.html,55,9590,1,up,55,2023-08,87.708,10,1.29,1.492745,86.415,10,0.979,1.145887,81.593,10,0.423,0.521128,84.004,10,0.701,0.841506,84.9684,10,0.8122,0.96511,0.1,-3,49.7,51,51.3,5280,3064332.6,580.37,40.560848,40.560848,0,40.560848,14.439152,55,up,no_adjust,up,0,1,,,,,S3_segmented_smoothing,0.0,"small=1.0, medium=0.8, large=0.6, extreme=0.5",0,0,0,54831.676926,0,-162.810358,26507.212802,0,0,0,0.149913,0.057614,0.031129
2023-09-06,2023-09-06,0,0,10115,9065,2023年9月6日国内成品油价格不作调整,https://www.ndrc.gov.cn/xwdt/xwfb/202309/t20230906_1360397.html,0,9590,0,no_adjust,0,2023-09,88.12,10,0.412,0.469741,87.006,10,0.591,0.683909,81.839,10,0.246,0.301496,84.1765,10,0.1725,0.205347,85.1091,10,0.1407,0.165591,0,-2.5,50.2,51.7,52,4574,2883165.4,630.34,8.517532,49.07838,0,49.07838,-8.517532,0,up,no_adjust,no_adjust,0,0,,,,,S3_segmented_smoothing,0.0,"small=1.0, medium=0.8, large=0.6, extreme=0.5",0,0,0,0,0,-162.810358,26507.212802,0,0,0,0,0.057614,0.008642
2023-09-21,2023-09-20,385,370,10500,9435,2023年9月20日24时起国内成品油价格按机制调整,https://www.ndrc.gov.cn/xwdt/xwfb/202309/t20230920_1360717.html,377.5,9967.5,1,up,377.5,2023-09,94.692,10,6.572,7.458012,93.62,10,6.614,7.601775,89.028,10,7.189,8.78432,91.324,10,7.1475,8.491087,92.2424,10,7.1333,8.38136,0,-2.5,50.2,51.7,52,4574,2883165.4,630.34,342.197488,391.275868,391.275868,0,35.302512,-13.775868,up,up,up,1,1,0.964792,13.775868,1,0,S3_segmented_smoothing,313.0206944,"small=1.0, medium=0.8, large=0.6, extreme=0.5",97981.955123,6123.872195,97981.955123,97981.955123,78.255174,-84.555185,7149.579277,0.200586,0.028207,0.167155,0.267889,0.012614,0.139652
2023-10-11,2023-10-10,-85,-80,10415,9355,2023年10月10日24时起国内成品油价格按机制调整,https://www.ndrc.gov.cn/xwdt/xwfb/202310/t20231010_1361121.html,-82.5,9885,1,down,82.5,2023-10,93.225,10,-1.467,-1.549233,92.707,10,-0.913,-0.975219,88.472,10,-0.556,-0.624523,90.7215,10,-0.6025,-0.659739,91.6213,10,-0.6211,-0.673335,-0.2,-2.6,49.5,50.6,50.7,4897,3235356,660.68,-27.834811,-27.834811,0,-27.834811,-54.665189,-82.5,down,no_adjust,down,0,1,,,,,S3_segmented_smoothing,0.0,"small=1.0, medium=0.8, large=0.6, extreme=0.5",0,0,0,97981.955123,0,-84.555185,7149.579277,0,0,0,0.267889,0.012614,0.042075
2023-10-25,2023-10-24,-70,-70,10345,9285,2023年10月24日24时起国内成品油价格按机制调整,https://www.ndrc.gov.cn/xwdt/xwfb/202310/t20231024_1361478.html,-70,9815,1,down,70,2023-10,92.572,10,-0.653,-0.700456,91.523,10,-1.184,-1.277142,86.575,10,-1.897,-2.144181,89.049,10,-1.6725,-1.843554,90.0386,10,-1.5827,-1.727437,-0.2,-2.6,49.5,50.6,50.7,4897,3235356,660.68,-73.721412,-101.556222,-101.556222,0,3.721412,31.556222,down,down,down,1,1,0.689273,-31.556222,1,0,S3_segmented_smoothing,-101.556222,"small=1.0, medium=0.8, large=0.6, extreme=0.5",0,0,0,10313.666227,0,-84.555185,7149.579277,0,0,0,0.028198,0.012614,0.006122
2023-11-08,2023-11-07,-140,-135,10205,9150,2023年11月7日24时起国内成品油价格按机制调整,https://www.ndrc.gov.cn/xwdt/xwfb/202311/t20231107_1361829.html,-137.5,9677.5,1,down,137.5,2023-11,90.282,10,-2.29,-2.47375,88.567,10,-2.956,-3.229789,83.198,10,-3.377,-3.900664,85.8825,10,-3.1665,-3.555907,86.9563,10,-3.0823,-3.42331,-0.5,-3,49.4,50.2,50.4,4245,2755831.4,649.19,-145.280841,-145.280841,-145.280841,0,7.780841,7.780841,down,down,down,1,1,0.946443,-7.780841,1,0,S3_segmented_smoothing,-145.280841,"small=1.0, medium=0.8, large=0.6, extreme=0.5",0,0,0,1911.842307,0,-84.555185,7149.579277,0,0,0,0.005227,0.012614,0.002676
2023-11-22,2023-11-21,-340,-330,9865,8820,2023年11月21日24时起国内成品油价格按机制调整,https://www.ndrc.gov.cn/xwdt/xwfb/202311/t20231121_1362158.html,-335,9342.5,1,down,335,2023-11,83.981,10,-6.301,-6.979243,82.318,10,-6.249,-7.055675,77.467,10,-5.731,-6.888387,80.075,10,-5.8075,-6.762146,81.1182,10,-5.8381,-6.713832,-0.5,-3,49.4,50.2,50.4,4245,2755831.4,649.19,-276.784891,-276.784891,-276.784891,0,-58.215109,-58.215109,down,down,down,1,1,1.210326,58.215109,0,1,S3_segmented_smoothing,-276.784891,"small=1.0, medium=0.8, large=0.6, extreme=0.5",0,0,0,17293.315166,0,-84.555185,7149.579277,0,0,0,0.047281,0.012614,0.008984
2023-12-06,2023-12-05,-55,-50,9810,8770,2023年12月5日24时起国内成品油价格按机制调整,https://www.ndrc.gov.cn/xwdt/xwfb/202312/t20231205_1362437.html,-52.5,9290,1,down,52.5,2023-12,83.436,10,-0.545,-0.648956,80.758,10,-1.56,-1.89509,75.828,10,-1.639,-2.11574,78.413,10,-1.662,-2.075554,79.447,10,-1.6712,-2.060204,-0.3,-2.7,49,50.4,50.3,4836,2934162.3,606.73,-77.944544,-77.944544,-77.944544,0,25.444544,25.444544,down,down,down,1,1,0.673556,-25.444544,1,0,S3_segmented_smoothing,-77.944544,"small=1.0, medium=0.8, large=0.6, extreme=0.5",0,0,0,39537.483595,0,-84.555185,7149.579277,0,0,0,0.108098,0.012614,0.018107
2023-12-20,2023-12-19,-415,-400,9395,8370,2023年12月19日24时起国内成品油价格按机制调整,https://www.ndrc.gov.cn/xwdt/xwfb/202312/t20231219_1362767.html,-407.5,8882.5,1,down,407.5,2023-12,77.413,10,-6.023,-7.218707,75.853,10,-4.905,-6.073702,70.353,10,-5.475,-7.220288,73.103,10,-5.31,-6.771836,74.203,10,-5.244,-6.600627,-0.3,-2.7,49,50.4,50.3,4836,2934162.3,606.73,-248.435027,-248.435027,-248.435027,0,-159.064973,-159.064973,down,down,down,1,1,1.640268,159.064973,0,1,S3_segmented_smoothing,-248.435027,"small=1.0, medium=0.8, large=0.6, extreme=0.5",0,0,0,29067.004794,0,-84.555185,7149.579277,0,0,0,0.079471,0.012614,0.013813
2024-01-04,2024-01-03,200,190,9595,8560,2024年1月3日24时起国内成品油价格按机制调整,https://www.ndrc.gov.cn/xwdt/xwfb/202401/t20240103_1363079.html,195,9077.5,1,up,195,2024-01,80.061,10,2.648,3.420614,79.155,10,3.302,4.353157,73.082,10,2.729,3.87901,75.879,10,2.776,3.797382,77.1894,10,2.9864,4.024635,-0.8,-2.5,49.2,50.7,50.9,4417,2559588.4,579.49,144.311521,144.311521,144.311521,0,50.688479,50.688479,up,up,up,1,1,1.351243,-50.688479,0,1,S3_segmented_smoothing,144.311521,"small=1.0, medium=0.8, large=0.6, extreme=0.5",20825.815093,0,20825.815093,154249.850966,0,-84.555185,7149.579277,0.042634,0,0.035528,0.421729,0.012614,0.084692
2024-01-18,2024-01-17,-50,-50,9545,8510,2024年1月17日24时起国内成品油价格按机制调整,https://www.ndrc.gov.cn/xwdt/xwfb/202401/t20240117_1363439.html,-50,9027.5,1,down,50,2024-01,78.739,10,-1.322,-1.651241,78.319,10,-0.836,-1.056156,72.275,10,-0.807,-1.104239,75.121,10,-0.758,-0.998959,76.2594,10,-0.93,-1.204829,-0.8,-2.5,49.2,50.7,50.9,4417,2559588.4,579.49,-42.575213,-42.575213,0,-42.575213,-7.424787,-50,down,no_adjust,down,0,1,,,,,S3_segmented_smoothing,0.0,"small=1.0, medium=0.8, large=0.6, extreme=0.5",0,0,0,20825.815093,0,-84.555185,7149.579277,0,0,0,0.056939,0.012614,0.010433
2024-02-01,2024-01-31,200,200,9745,8710,2024年1月31日24时起国内成品油价格按机制上调,https://www.ndrc.gov.cn/xwdt/xwfb/202401/t20240131_1363834.html,200,9227.5,1,up,200,2024-02,81.22,10,2.481,3.150916,82.032,10,3.713,4.740867,75.817,10,3.542,4.900726,78.9245,10,3.8035,5.063165,80.1675,10,3.9081,5.124745,0.7,-2.7,49.1,51.4,50.9,4268,2569275.2,601.99,188.294134,145.718921,145.718921,0,11.705866,54.281079,up,up,up,1,1,1.372505,-54.281079,0,1,S3_segmented_smoothing,145.718921,"small=1.0, medium=0.8, large=0.6, extreme=0.5",21234.003937,0,24206.764489,21234.003937,0,-84.555185,7149.579277,0.04347,0,0.041296,0.058055,0.012614,0.031792
2024-02-19,2024-02-19,0,0,9745,8710,2024年2月19日国内成品油价格按机制不作调整,https://www.ndrc.gov.cn/xwdt/xwfb/202402/t20240219_1364095.html,0,9227.5,0,no_adjust,0,2024-02,80.677,10,-0.543,-0.668555,82.975,10,0.943,1.149551,76.606,10,0.789,1.040664,79.7905,10,0.866,1.097251,81.0643,10,0.8968,1.118658,0.7,-2.7,49.1,51.4,50.9,4268,2569275.2,601.99,44.597876,44.597876,0,44.597876,-44.597876,0,up,no_adjust,no_adjust,0,0,,,,,S3_segmented_smoothing,0.0,"small=1.0, medium=0.8, large=0.6, extreme=0.5",0,0,0,21234.003937,0,-84.555185,7149.579277,0,0,0,0.058055,0.012614,0.0106
2024-03-05,2024-03-04,125,120,9870,8830,2024年3月4日国内成品油价格按机制调整,https://www.ndrc.gov.cn/xwdt/xwfb/202403/t20240304_1364393.html,122.5,9350,1,up,122.5,2024-03,82.259,10,1.582,1.960906,84.637,10,1.662,2.003013,79.239,10,2.633,3.437068,81.906,10,2.1155,2.651318,82.9728,10,1.9085,2.354304,0.1,-2.8,50.8,53,52.7,4905,2937969.6,588.55,92.875199,137.473076,137.473076,0,29.624801,-14.973076,up,up,up,1,1,0.891084,14.973076,1,0,S3_segmented_smoothing,137.473076,"small=1.0, medium=0.8, large=0.6, extreme=0.5",18898.846625,0,19276.823557,18898.846625,0,-84.555185,7149.579277,0.038689,0,0.032886,0.051671,0.012614,0.027536
2024-03-18,2024-03-18,0,0,9870,8830,2024年3月18日国内成品油价格按机制不作调整,https://www.ndrc.gov.cn/xwdt/xwfb/202403/t20240318_1365046.html,0,9350,0,no_adjust,0,2024-03,83.077,10,0.818,0.99442,85.076,10,0.439,0.518686,79.978,10,0.739,0.932622,82.527,10,0.621,0.758186,83.5466,10,0.5738,0.691552,0.1,-2.8,50.8,53,52.7,4905,2937969.6,588.55,29.184636,29.184636,0,29.184636,-29.184636,0,up,no_adjust,no_adjust,0,0,,,,,S3_segmented_smoothing,0.0,"small=1.0, medium=0.8, large=0.6, extreme=0.5",0,0,0,18898.846625,0,-84.555185,7149.579277,0,0,0,0.051671,0.012614,0.009643
2024-04-02,2024-04-01,200,190,10070,9020,2024年4月1日国内成品油价格按机制调整,https://www.ndrc.gov.cn/xwdt/xwfb/202404/t20240401_1365388.html,195,9545,1,up,195,2024-04,85.577,10,2.5,3.009256,85.798,10,0.722,0.848653,82.682,10,2.704,3.38093,84.24,10,1.713,2.075684,84.8632,10,1.3166,1.575887,0.3,-2.5,50.4,51.2,51.7,4472,2791949.1,624.32,64.630317,93.814952,93.814952,0,130.369683,101.185048,up,up,up,1,1,2.07856,-101.185048,0,1,S3_segmented_smoothing,93.814952,"small=1.0, medium=0.8, large=0.6, extreme=0.5",8801.245219,0,9329.319932,8801.245219,0,-84.555185,7149.579277,0.018018,0,0.015916,0.024063,0.012614,0.013985
2024-04-17,2024-04-16,200,195,10270,9215,国内成品油价格按机制调整,https://www.ndrc.gov.cn/xwdt/xwfb/202404/t20240416_1365703.html,197.5,9742.5,1,up,197.5,2024-04,90.136,10,4.559,5.327366,91.224,10,5.426,6.324157,86.595,10,3.913,4.73259,88.9095,10,4.6695,5.543091,89.8353,10,4.9721,5.858959,0.3,-2.5,50.4,51.2,51.7,4472,2791949.1,624.32,239.067162,239.067162,239.067162,0,-41.567162,-41.567162,up,up,up,1,1,0.826128,41.567162,1,0,S3_segmented_smoothing,239.067162,"small=1.0, medium=0.8, large=0.6, extreme=0.5",57153.107947,0,60582.294424,21098.20451,0,-84.555185,7149.579277,0.117002,0,0.103352,0.057684,0.012614,0.065633
2024-04-30,2024-04-29,-70,-70,10200,9145,2024年4月29日国内成品油价格按机制调整,https://www.ndrc.gov.cn/xwdt/xwfb/202404/t20240429_1366287.html,-70,9672.5,1,down,70,2024-04,88.497,10,-1.639,-1.818363,89.063,10,-2.161,-2.368894,84.561,10,-2.034,-2.348865,86.812,10,-2.0975,-2.35914,87.7124,10,-2.1229,-2.363102,0.3,-2.5,50.4,51.2,51.7,4472,2791949.1,624.32,-99.499221,-99.499221,-99.499221,0,29.499221,29.499221,down,down,down,1,1,0.703523,-29.499221,1,0,S3_segmented_smoothing,-99.499221,"small=1.0, medium=0.8, large=0.6, extreme=0.5",0,0,0,114627.195698,0,-84.555185,7149.579277,0,0,0,0.313398,0.012614,0.048902
2024-05-16,2024-05-15,-235,-225,9965,8920,2024年5月15日国内成品油价格按机制调整,https://www.ndrc.gov.cn/xwdt/xwfb/202405/t20240515_1386222.html,-230,9442.5,1,down,230,2024-05,84.048,10,-4.449,-5.027289,83.616,10,-5.447,-6.115895,80.258,10,-4.303,-5.088634,82.1065,10,-4.7055,-5.420334,82.7103,10,-5.0021,-5.702842,0.3,-1.4,49.5,51.1,51,4697,2972291.4,632.81,-236.891798,-236.891798,-236.891798,0,6.891798,6.891798,down,down,down,1,1,0.970907,-6.891798,1,0,S3_segmented_smoothing,-236.891798,"small=1.0, medium=0.8, large=0.6, extreme=0.5",0,0,0,18876.720215,0,-84.555185,7149.579277,0,0,0,0.05161,0.012614,0.009634
2024-05-29,2024-05-29,0,0,9965,8920,2024年5月29日国内成品油价格按机制不作调整,https://www.ndrc.gov.cn/xwdt/xwfb/202405/t20240529_1386532.html,0,9442.5,0,no_adjust,0,2024-05,83.251,10,-0.797,-0.948268,80.741,10,-2.875,-3.438337,80.041,10,-0.217,-0.270378,80.391,10,-1.7155,-2.08936,80.531,10,-2.1793,-2.634859,0.3,-1.4,49.5,51.1,51,4697,2972291.4,632.81,-102.190574,-102.190574,-102.190574,0,102.190574,102.190574,down,down,no_adjust,1,0,0,-102.190574,1,0,S3_segmented_smoothing,-102.190574,"small=1.0, medium=0.8, large=0.6, extreme=0.5",0,0,0,18144.419747,0,-84.555185,7149.579277,0,0,0,0.049608,0.012614,0.009333
2024-06-14,2024-06-13,-190,-180,9775,8740,2024年6月13日国内成品油价格按机制调整,https://www.ndrc.gov.cn/xwdt/xwfb/202406/t20240613_1386864.html,-185,9257.5,1,down,185,2024-06,80.884,10,-2.367,-2.843209,78.402,10,-2.339,-2.896917,77.178,10,-2.863,-3.576917,77.79,10,-2.601,-3.235437,78.0348,10,-2.4962,-3.099676,0.2,-0.8,49.5,50.5,50.5,4645,2823960,607.96,-117.312728,-117.312728,-117.312728,0,-67.687272,-67.687272,down,down,down,1,1,1.576981,67.687272,0,1,S3_segmented_smoothing,-117.312728,"small=1.0, medium=0.8, large=0.6, extreme=0.5",0,0,0,228.679542,0,-84.555185,7149.579277,0,0,0,0.000625,0.012614,0.001986
2024-06-28,2024-06-27,210,200,9985,8940,2024年6月27日国内成品油价格按机制调整,https://www.ndrc.gov.cn/xwdt/xwfb/202406/t20240627_1391342.html,205,9462.5,1,up,205,2024-06,84.8,10,3.916,4.841501,84.747,10,6.345,8.092906,81.442,10,4.264,5.524891,82.8385,10,5.0485,6.489909,83.3971,10,5.3623,6.871678,0.2,-0.8,49.5,50.5,50.5,4645,2823960,607.96,257.68712,257.68712,257.68712,0,-52.68712,-52.68712,up,up,up,1,1,0.795538,52.68712,1,0,S3_segmented_smoothing,257.68712,"small=1.0, medium=0.8, large=0.6, extreme=0.5",66402.651814,0,69058.757886,140624.886,0,-84.555185,7149.579277,0.135938,0,0.117813,0.384478,0.012614,0.123001
2024-07-12,2024-07-11,110,105,10095,9045,2024年7月11日国内成品油价格按机制调整,https://www.ndrc.gov.cn/xwdt/xwfb/202407/t20240711_1391617.html,107.5,9570,1,up,107.5,2024-07,86.717,10,1.917,2.260613,87.454,10,2.707,3.194213,83.628,10,2.186,2.684119,85.412,10,2.5735,3.106647,86.1256,10,2.7285,3.271696,0.5,-0.8,49.4,50.2,50.2,4234,2578459.6,608.99,132.004789,132.004789,132.004789,0,-24.504789,-24.504789,up,up,up,1,1,0.814364,24.504789,1,0,S3_segmented_smoothing,132.004789,"small=1.0, medium=0.8, large=0.6, extreme=0.5",17425.264319,0,19167.790751,15796.048326,0,-84.555185,7149.579277,0.035673,0,0.0327,0.043187,0.012614,0.025463
2024-07-26,2024-07-25,-145,-140,9950,8905,2024年7月25日国内成品油价格按机制调整,https://www.ndrc.gov.cn/xwdt/xwfb/202407/t20240725_1391947.html,-142.5,9427.5,1,down,142.5,2024-07,84.334,10,-2.383,-2.748019,85.272,10,-2.182,-2.495026,82.058,10,-1.57,-1.877362,83.665,10,-1.747,-2.04538,84.3078,10,-1.8178,-2.110638,0.5,-0.8,49.4,50.2,50.2,4234,2578459.6,608.99,-84.940151,-84.940151,-84.940151,0,-57.559849,-57.559849,down,down,down,1,1,1.677652,57.559849,0,1,S3_segmented_smoothing,-84.940151,"small=1.0, medium=0.8, large=0.6, extreme=0.5",0,0,0,47065.106992,0,-84.555185,7149.579277,0,0,0,0.128679,0.012614,0.021194
2024-08-09,2024-08-08,-305,-290,9645,8615,2024年8月8日国内成品油价格按机制调整,https://www.ndrc.gov.cn/xwdt/xwfb/202408/t20240808_1392318.html,-297.5,9130,1,down,297.5,2024-08,79.12,10,-5.214,-6.18256,79.763,10,-5.509,-6.460503,76.928,10,-5.13,-6.251676,78.3455,10,-5.3195,-6.358095,78.9125,10,-5.3953,-6.399526,0.6,-1.8,49.1,50.3,50.1,4910,2936268.9,598.02,-255.654913,-255.654913,-255.654913,0,-41.845087,-41.845087,down,down,down,1,1,1.163678,41.845087,0,1,S3_segmented_smoothing,-255.654913,"small=1.0, medium=0.8, large=0.6, extreme=0.5",0,0,0,29143.529965,0,-84.555185,7149.579277,0,0,0,0.07968,0.012614,0.013844
2024-08-22,2024-08-22,0,0,9645,8615,2024年8月22日国内成品油价格按机制不作调整,https://www.ndrc.gov.cn/xwdt/xwfb/202408/t20240822_1392530.html,0,9130,0,no_adjust,0,2024-08,78.904,10,-0.216,-0.273003,81.291,10,1.528,1.915675,77.721,10,0.793,1.030834,79.506,10,1.1605,1.481259,80.22,10,1.3075,1.656898,0.6,-1.8,49.1,50.3,50.1,4910,2936268.9,598.02,64.196074,64.196074,64.196074,0,-64.196074,-64.196074,up,up,no_adjust,1,0,0,64.196074,1,0,S3_segmented_smoothing,64.196074,"small=1.0, medium=0.8, large=0.6, extreme=0.5",4121.135917,0,4615.672227,102304.653885,0,-84.555185,7149.579277,0.008437,0,0.007874,0.279708,0.012614,0.047926
2024-09-06,2024-09-05,-100,-100,9545,8515,2024年9月5日国内成品油价格按机制调整,https://www.ndrc.gov.cn/xwdt/xwfb/202409/t20240905_1392834.html,-100,9030,1,down,100,2024-09,77.58,10,-1.324,-1.677988,79.016,10,-2.275,-2.798588,74.55,10,-3.171,-4.079978,76.678,10,-2.828,-3.556964,77.6544,10,-2.5656,-3.198205,0.4,-2.8,49.8,50,50.4,4549,2573473.2,565.72,-120.624428,-120.624428,-120.624428,0,20.624428,20.624428,down,down,down,1,1,0.829019,-20.624428,1,0,S3_segmented_smoothing,-120.624428,"small=1.0, medium=0.8, large=0.6, extreme=0.5",0,0,0,34158.61796,0,-84.555185,7149.579277,0,0,0,0.093392,0.012614,0.015901
2024-09-21,2024-09-20,-365,-350,9180,8165,2024年9月20日国内成品油价格按机制调整,https://www.ndrc.gov.cn/xwdt/xwfb/202409/t20240920_1393111.html,-357.5,8672.5,1,down,357.5,2024-09,72.829,10,-4.751,-6.124001,73.229,10,-5.787,-7.323833,70.068,10,-4.482,-6.012072,71.6485,10,-5.0295,-6.559248,72.2807,10,-5.3737,-6.92002,0.4,-2.8,49.8,50,50.4,4549,2573473.2,565.72,-254.624182,-254.624182,-254.624182,0,-102.875818,-102.875818,down,down,down,1,1,1.40403,102.875818,0,1,S3_segmented_smoothing,-254.624182,"small=1.0, medium=0.8, large=0.6, extreme=0.5",0,0,0,17955.934072,0,-84.555185,7149.579277,0,0,0,0.049093,0.012614,0.009256
2024-10-11,2024-10-10,140,135,9320,8300,2024年10月10日国内成品油价格按机制调整,https://www.ndrc.gov.cn/xwdt/xwfb/202410/t20241010_1393553.html,137.5,8810,1,up,137.5,2024-10,74.879,10,2.05,2.814813,76.108,10,2.879,3.931503,72.203,10,2.135,3.04704,74.1555,10,2.507,3.499026,74.9365,10,2.6558,3.674286,0.3,-2.9,50.1,50.2,50.8,4470,2430092.9,543.64,128.535616,128.535616,128.535616,0,8.964384,8.964384,up,up,up,1,1,1.069742,-8.964384,0,1,S3_segmented_smoothing,128.535616,"small=1.0, medium=0.8, large=0.6, extreme=0.5",16521.40458,0,17512.688855,146811.430803,0,-84.555185,7149.579277,0.033822,0,0.029876,0.401392,0.012614,0.078026
2024-10-24,2024-10-23,90,85,9410,8385,2024年10月23日国内成品油价格按机制调整,https://www.ndrc.gov.cn/xwdt/xwfb/202410/t20241023_1393865.html,87.5,8897.5,1,up,87.5,2024-10,74.973,10,0.094,0.125536,75.858,10,-0.25,-0.328481,72.791,10,0.588,0.814371,74.3105,10,0.155,0.20902,74.9183,10,-0.0182,-0.024287,0.3,-2.9,50.1,50.2,50.8,4470,2430092.9,543.64,0.934981,0.934981,0,0.934981,86.565019,87.5,up,no_adjust,up,0,1,,,,,S3_segmented_smoothing,0.0,"small=1.0, medium=0.8, large=0.6, extreme=0.5",0,0,0,16521.40458,0,-84.555185,7149.579277,0,0,0,0.045171,0.012614,0.008668
2024-11-07,2024-11-06,-145,-140,9265,8245,2024年11月6日国内成品油价格按机制调整,https://www.ndrc.gov.cn/xwdt/xwfb/202411/t20241106_1394298.html,-142.5,8755,1,down,142.5,2024-11,73.042,10,-1.931,-2.575594,73.949,10,-1.909,-2.516544,70.149,10,-2.642,-3.62957,72.049,10,-2.2615,-3.043312,72.809,10,-2.1093,-2.815467,0.2,-2.5,50.3,50,50.8,4852,2627508.2,541.53,-98.850243,-97.915262,-97.915262,0,-43.649757,-44.584738,down,down,down,1,1,1.45534,44.584738,0,1,S3_segmented_smoothing,-97.915262,"small=1.0, medium=0.8, large=0.6, extreme=0.5",0,0,0,9587.398533,0,-84.555185,7149.579277,0,0,0,0.026213,0.012614,0.005824
2024-11-20,2024-11-20,0,0,9265,8245,2024年11月20日国内成品油价格不作调整,https://www.ndrc.gov.cn/xwdt/xwfb/202411/t20241120_1394603.html,0,8755,0,no_adjust,0,2024-11,72.541,10,-0.501,-0.685907,73.941,10,-0.008,-0.010818,70.034,10,-0.115,-0.163937,72.227,10,0.178,0.247054,73.1042,10,0.2952,0.405444,0.2,-2.5,50.3,50,50.8,4852,2627508.2,541.53,15.890119,15.890119,0,15.890119,-15.890119,0,up,no_adjust,no_adjust,0,0,,,,,S3_segmented_smoothing,0.0,"small=1.0, medium=0.8, large=0.6, extreme=0.5",0,0,0,9587.398533,0,-84.555185,7149.579277,0,0,0,0.026213,0.012614,0.005824
2024-12-04,2024-12-04,0,0,9265,8245,2024年12月4日国内成品油价格按机制不作调整,https://www.ndrc.gov.cn/xwdt/xwfb/202412/t20241204_1394837.html,0,8755,0,no_adjust,0,2024-12,72.901,10,0.36,0.496271,74.395,10,0.454,0.614003,69.532,10,-0.502,-0.716795,71.9835,10,-0.2435,-0.337132,72.9641,10,-0.1401,-0.191644,0.1,-2.3,50.1,52.2,52.2,4923,2678963.5,544.17,-4.881966,11.008153,0,11.008153,4.881966,0,down,no_adjust,no_adjust,0,0,,,,,S3_segmented_smoothing,0.0,"small=1.0, medium=0.8, large=0.6, extreme=0.5",0,0,0,0,0,-84.555185,7149.579277,0,0,0,0,0.012614,0.001892
2024-12-18,2024-12-18,0,0,9265,8245,2024年12月18日国内成品油价格按机制不作调整,https://www.ndrc.gov.cn/xwdt/xwfb/202412/t20241218_1395064.html,0,8755,0,no_adjust,0,2024-12,72.809,10,-0.092,-0.126199,73.986,10,-0.409,-0.549768,69.717,10,0.185,0.266065,71.8515,10,-0.132,-0.183375,72.7053,10,-0.2588,-0.354695,0.1,-2.3,50.1,52.2,52.2,4923,2678963.5,544.17,-10.546213,0.46194,0,0.46194,10.546213,0,down,no_adjust,no_adjust,0,0,,,,,S3_segmented_smoothing,0.0,"small=1.0, medium=0.8, large=0.6, extreme=0.5",0,0,0,0,0,-84.555185,7149.579277,0,0,0,0,0.012614,0.001892
2025-01-03,2025-01-02,70,70,9335,8315,2025年1月2日国内成品油价格按机制调整,https://www.ndrc.gov.cn/xwdt/xwfb/202501/t20250102_1395423.html,70,8825,1,up,70,2025-01,73.555,10,0.746,1.024599,73.718,10,-0.268,-0.362231,70.712,10,0.995,1.427199,72.2475,10,0.396,0.551137,72.8357,10,0.1304,0.179354,0.5,-2.3,49.1,50.2,50.1,,,,8.026026,8.487966,0,8.487966,61.973974,70,up,no_adjust,up,0,1,,,,,S3_segmented_smoothing,0.0,"small=1.0, medium=0.8, large=0.6, extreme=0.5",0,0,0,0,0,-84.555185,7149.579277,0,0,0,0,0.012614,0.001892
2025-01-17,2025-01-16,340,325,9675,8640,2025年1月16日国内成品油价格按机制调整,https://www.ndrc.gov.cn/xwdt/xwfb/202501/t20250116_1395727.html,332.5,9157.5,1,up,332.5,2025-01,77.796,10,4.241,5.765754,79.21,10,5.492,7.450012,75.993,10,5.281,7.468322,77.4085,10,5.161,7.1435,77.9747,10,5.139,7.055606,0.5,-2.3,49.1,50.2,50.1,,,,247.031465,255.51943,255.51943,0,85.468535,76.98057,up,up,up,1,1,1.301271,-76.98057,0,1,S3_segmented_smoothing,255.51943,"small=1.0, medium=0.8, large=0.6, extreme=0.5",65290.179108,0,71819.197018,65290.179108,0,-84.555185,7149.579277,0.13366,0,0.122522,0.178508,0.012614,0.092714
2025-02-06,2025-02-06,0,0,9675,8640,2025年2月6日国内成品油价格按机制不作调整,https://www.ndrc.gov.cn/xwdt/xwfb/202502/t20250206_1396007.html,0,9157.5,0,no_adjust,0,2025-02,78.976,10,1.18,1.516787,77.197,10,-2.013,-2.541346,73.449,10,-2.544,-3.347677,75.323,10,-2.0855,-2.694149,76.0726,10,-1.9021,-2.439381,-0.7,-2.2,50.2,50.4,51.1,,,,-88.962864,-88.962864,-88.962864,0,88.962864,88.962864,down,down,no_adjust,1,0,0,-88.962864,1,0,S3_segmented_smoothing,-88.962864,"small=1.0, medium=0.8, large=0.6, extreme=0.5",0,0,0,118668.05088,0,-84.555185,7149.579277,0,0,0,0.324446,0.012614,0.050559
2025-02-20,2025-02-19,-170,-160,9505,8480,2025年2月19日国内成品油价格按机制调整,https://www.ndrc.gov.cn/xwdt/xwfb/202502/t20250219_1396225.html,-165,8992.5,1,down,165,2025-02,77.06,10,-1.916,-2.426053,75.626,10,-1.571,-2.035053,71.976,10,-1.473,-2.005473,73.8395,10,-1.4835,-1.969518,74.5849,10,-1.4877,-1.955632,-0.7,-2.2,50.2,50.4,51.1,,,,-69.188106,-69.188106,-69.188106,0,-95.811894,-95.811894,down,down,down,1,1,2.384803,95.811894,0,1,S3_segmented_smoothing,-69.188106,"small=1.0, medium=0.8, large=0.6, extreme=0.5",0,0,0,391.041054,0,-84.555185,7149.579277,0,0,0,0.001069,0.012614,0.002052
2025-03-06,2025-03-05,-135,-130,9370,8350,2025年3月5日国内成品油价格按机制调整,https://www.ndrc.gov.cn/xwdt/xwfb/202503/t20250305_1396430.html,-132.5,8860,1,down,132.5,2025-03,75.801,10,-1.259,-1.633792,74.459,10,-1.167,-1.54312,70.295,10,-1.681,-2.335501,72.377,10,-1.4625,-1.980647,73.2098,10,-1.3751,-1.843671,-0.1,-2.5,50.5,50.8,51.4,,,,-63.814945,-63.814945,-63.814945,0,-68.685055,-68.685055,down,down,down,1,1,2.076316,68.685055,0,1,S3_segmented_smoothing,-63.814945,"small=1.0, medium=0.8, large=0.6, extreme=0.5",0,0,0,28.870859,0,-84.555185,7149.579277,0,0,0,0.000079,0.012614,0.001904
2025-03-20,2025-03-19,-280,-270,9090,8080,2025年3月19日国内成品油价格按机制调整,https://www.ndrc.gov.cn/xwdt/xwfb/202503/t20250319_1396715.html,-275,8585,1,down,275,2025-03,72.828,10,-2.973,-3.922112,71.606,10,-2.853,-3.831639,67.055,10,-3.24,-4.609147,69.3305,10,-3.0465,-4.20921,70.2407,10,-2.9691,-4.055605,-0.1,-2.5,50.5,50.8,51.4,,,,-139.879049,-139.879049,-139.879049,0,-135.120951,-135.120951,down,down,down,1,1,1.965984,135.120951,0,1,S3_segmented_smoothing,-139.879049,"small=1.0, medium=0.8, large=0.6, extreme=0.5",0,0,0,5785.747917,0,-84.555185,7149.579277,0,0,0,0.015819,0.012614,0.004265
2025-04-03,2025-04-02,230,220,9320,8300,2025年4月2日国内成品油价格按机制调整,https://www.ndrc.gov.cn/xwdt/xwfb/202504/t20250402_1396996.html,225,8810,1,up,225,2025-04,75.578,10,2.75,3.77602,74.395,10,2.789,3.894925,69.698,10,2.643,3.941541,72.0465,10,2.716,3.917468,72.9859,10,2.7452,3.908275,-0.1,-2.7,49,50.4,50.2,,,,132.801696,132.801696,132.801696,0,92.198304,92.198304,up,up,up,1,1,1.694255,-92.198304,0,1,S3_segmented_smoothing,132.801696,"small=1.0, medium=0.8, large=0.6, extreme=0.5",17636.29046,0,17636.29046,74354.788694,0,-84.555185,7149.579277,0.036105,0,0.030087,0.203291,0.012614,0.048934
2025-04-18,2025-04-17,-480,-465,8840,7835,2025年4月17日国内成品油价格按机制调整,https://www.ndrc.gov.cn/xwdt/xwfb/202504/t20250417_1397240.html,-472.5,8337.5,1,down,472.5,2025-04,67.84,10,-7.738,-10.238429,67.309,10,-7.086,-9.524834,62.266,10,-7.432,-10.663147,64.7875,10,-7.259,-10.075437,65.7961,10,-7.1898,-9.850944,-0.1,-2.7,49,50.4,50.2,,,,-341.286678,-341.286678,-341.286678,0,-131.213322,-131.213322,down,down,down,1,1,1.384467,131.213322,0,1,S3_segmented_smoothing,-273.0293424,"small=1.0, medium=0.8, large=0.6, extreme=0.5",0,4659.063863,0,164698.831729,-68.257336,-152.81252,23351.666391,0,0.02146,0,0.450297,0.050279,0.079378
2025-04-30,2025-04-30,0,0,8840,7835,2025年4月30日国内成品油价格按机制不作调整,https://www.ndrc.gov.cn/xwdt/xwfb/202504/t20250430_1397516.html,0,8337.5,0,no_adjust,0,2025-04,68.731,10,0.891,1.313384,67.288,10,-0.021,-0.031199,63.295,10,1.029,1.652587,65.217,10,0.4295,0.662937,66.0454,10,0.2493,0.378898,-0.1,-2.7,49,50.4,50.2,,,,13.699816,13.699816,0,13.699816,-13.699816,0,up,no_adjust,no_adjust,0,0,,,,,S3_segmented_smoothing,0.0,"small=1.0, medium=0.8, large=0.6, extreme=0.5",0,0,0,74545.021811,0,-152.81252,23351.666391,0,0,0,0.203811,0.050279,0.038113
2025-05-20,2025-05-19,-230,-220,8610,7615,2025年5月19日国内成品油价格按机制调整,https://www.ndrc.gov.cn/xwdt/xwfb/202505/t20250519_1397793.html,-225,8112.5,1,down,225,2025-05,63.389,10,-5.342,-7.77233,63.841,10,-3.447,-5.122756,62.167,10,-1.128,-1.782131,63.0625,10,-2.1545,-3.303586,63.3739,10,-2.6715,-4.044945,-0.1,-3.3,49.5,50.3,50.4,,,,-125.677871,-111.978054,-111.978054,0,-99.322129,-113.021946,down,down,down,1,1,2.009322,113.021946,0,1,S3_segmented_smoothing,-111.978054,"small=1.0, medium=0.8, large=0.6, extreme=0.5",0,0,0,12539.084578,0,-152.81252,23351.666391,0,0,0,0.034283,0.050279,0.012684
2025-06-04,2025-06-03,65,60,8675,7675,2025年6月3日国内成品油价格按机制调整,https://www.ndrc.gov.cn/xwdt/xwfb/202506/t20250603_1398198.html,62.5,8175,1,up,62.5,2025-06,64.199,10,0.81,1.277824,65.483,10,1.642,2.572015,62.686,10,0.519,0.834848,64.0845,10,1.022,1.620614,64.6439,10,1.27,2.00398,0.1,-3.6,49.7,50.5,50.7,,,,62.406611,62.406611,62.406611,0,0.093389,0.093389,up,up,up,1,1,1.001496,-0.093389,0,1,S3_segmented_smoothing,62.406611,"small=1.0, medium=0.8, large=0.6, extreme=0.5",3894.585097,0,3972.476798,30410.011387,0,-152.81252,23351.666391,0.007973,0,0.006777,0.083143,0.050279,0.023701
2025-06-18,2025-06-17,260,255,8935,7930,2025年6月17日国内成品油价格按机制调整,https://www.ndrc.gov.cn/xwdt/xwfb/202506/t20250617_1398486.html,257.5,8432.5,1,up,257.5,2025-06,67.733,10,3.534,5.504759,69.965,10,4.482,6.844525,67.269,10,4.583,7.311042,68.617,10,4.5325,7.072693,69.1562,10,4.5123,6.980241,0.1,-3.6,49.7,50.5,50.7,,,,217.12596,217.12596,217.12596,0,40.37404,40.37404,up,up,up,1,1,1.185948,-40.37404,0,1,S3_segmented_smoothing,217.12596,"small=1.0, medium=0.8, large=0.6, extreme=0.5",47143.682506,0,48086.556156,23938.076955,0,-152.81252,23351.666391,0.096511,0,0.082035,0.065448,0.050279,0.061996
2025-07-02,2025-07-01,235,225,9170,8155,2025年7月1日国内成品油价格按机制调整,https://www.ndrc.gov.cn/xwdt/xwfb/202507/t20250701_1398919.html,230,8662.5,1,up,230,2025-07,72.26,10,4.527,6.683596,73.414,10,3.449,4.929608,69.995,10,2.726,4.052387,71.4385,10,2.8215,4.111955,72.0159,10,2.8597,4.135132,0,-3.6,49.3,50.1,50.2,,,,138.265523,138.265523,138.265523,0,91.734477,91.734477,up,up,up,1,1,1.663466,-91.734477,0,1,S3_segmented_smoothing,138.265523,"small=1.0, medium=0.8, large=0.6, extreme=0.5",19117.35485,0,19117.35485,6218.968524,0,-152.81252,23351.666391,0.039137,0,0.032614,0.017003,0.050279,0.02803
2025-07-16,2025-07-15,-130,-125,9040,8030,2025年7月15日国内成品油价格按机制调整,https://www.ndrc.gov.cn/xwdt/xwfb/202507/t20250715_1399195.html,-127.5,8535,1,down,127.5,2025-07,70.362,10,-1.898,-2.626626,70.971,10,-2.443,-3.327703,68.365,10,-1.63,-2.328738,69.524,10,-1.9145,-2.679927,69.9876,10,-2.0283,-2.816461,0,-3.6,49.3,50.1,50.2,,,,-94.985003,-94.985003,-94.985003,0,-32.514997,-32.514997,down,down,down,1,1,1.342317,32.514997,0,1,S3_segmented_smoothing,-94.985003,"small=1.0, medium=0.8, large=0.6, extreme=0.5",0,0,0,54405.807879,0,-152.81252,23351.666391,0,0,0,0.148749,0.050279,0.029854
2025-07-29,2025-07-29,0,0,9040,8030,2025年7月29日国内成品油价格按机制不作调整,https://www.ndrc.gov.cn/xwdt/xwfb/202507/t20250729_1399467.html,0,8535,0,no_adjust,0,2025-07,70.588,10,0.226,0.321196,70.362,10,-0.609,-0.858097,67.553,10,-0.812,-1.187742,68.9575,10,-0.5665,-0.814827,69.5193,10,-0.4683,-0.669119,0,-3.6,49.3,50.1,50.2,,,,-20.543346,-20.543346,0,-20.543346,20.543346,0,down,no_adjust,no_adjust,0,0,,,,,S3_segmented_smoothing,0.0,"small=1.0, medium=0.8, large=0.6, extreme=0.5",0,0,0,9022.150795,0,-152.81252,23351.666391,0,0,0,0.024667,0.050279,0.011242
2025-08-12,2025-08-12,0,0,9040,8030,2025年8月12日国内成品油价格按机制不作调整,https://www.ndrc.gov.cn/xwdt/xwfb/202508/t20250812_1399754.html,0,8535,0,no_adjust,0,2025-08,71.74,10,1.152,1.632005,69.936,10,-0.426,-0.60544,67.389,10,-0.164,-0.242772,68.6625,10,-0.295,-0.4278,69.1719,10,-0.3474,-0.499717,-0.4,-2.9,49.4,50.3,50.5,,,,-14.774117,-35.317463,0,-35.317463,14.774117,0,down,no_adjust,no_adjust,0,0,,,,,S3_segmented_smoothing,0.0,"small=1.0, medium=0.8, large=0.6, extreme=0.5",0,0,0,0,0,-152.81252,23351.666391,0,0,0,0,0.050279,0.007542
2025-08-27,2025-08-26,-180,-175,8860,7855,2025年8月26日国内成品油价格按机制调整,https://www.ndrc.gov.cn/xwdt/xwfb/202508/t20250826_1400056.html,-177.5,8357.5,1,down,177.5,2025-08,69.136,10,-2.604,-3.629774,67.494,10,-2.442,-3.491764,64.257,10,-3.132,-4.647643,65.868,10,-2.7945,-4.069907,66.5184,10,-2.6535,-3.836095,-0.4,-2.9,49.4,50.3,50.5,,,,-124.818929,-160.136392,-160.136392,0,-52.681071,-17.363608,down,down,down,1,1,1.10843,17.363608,0,1,S3_segmented_smoothing,-160.136392,"small=1.0, medium=0.8, large=0.6, extreme=0.5",0,0,0,25643.664043,0,-152.81252,23351.666391,0,0,0,0.070111,0.050279,0.018059
2025-09-09,2025-09-09,0,0,8860,7855,2025年9月9日国内成品油价格按机制不作调整,https://www.ndrc.gov.cn/xwdt/xwfb/202509/t20250909_1400343.html,0,8357.5,0,no_adjust,0,2025-09,70.442,10,1.306,1.88903,67.079,10,-0.415,-0.614869,64.153,10,-0.104,-0.16185,65.621,10,-0.247,-0.374992,66.2522,10,-0.2662,-0.40019,-0.3,-2.3,49.8,50,50.6,,,,-10.899334,-10.899334,0,-10.899334,10.899334,0,down,no_adjust,no_adjust,0,0,,,,,S3_segmented_smoothing,0.0,"small=1.0, medium=0.8, large=0.6, extreme=0.5",0,0,0,25643.664043,0,-152.81252,23351.666391,0,0,0,0.070111,0.050279,0.018059
2025-09-23,2025-09-23,0,0,8860,7855,2025年9月23日国内成品油价格按机制不作调整,https://www.ndrc.gov.cn/xwdt/xwfb/202509/t20250923_1400624.html,0,8357.5,0,no_adjust,0,2025-09,70.572,10,0.13,0.184549,67.922,10,0.843,1.256727,63.559,10,-0.594,-0.925911,65.7405,10,0.1195,0.182106,66.6131,10,0.3609,0.544737,-0.3,-2.3,49.8,50,50.6,,,,19.025258,8.125924,0,8.125924,-19.025258,0,up,no_adjust,no_adjust,0,0,,,,,S3_segmented_smoothing,0.0,"small=1.0, medium=0.8, large=0.6, extreme=0.5",0,0,0,0,0,-152.81252,23351.666391,0,0,0,0,0.050279,0.007542
2025-10-14,2025-10-13,-75,-70,8785,7785,2025年10月13日国内成品油价格按机制调整,https://www.ndrc.gov.cn/xwdt/xwfb/202510/t20251013_1400937.html,-72.5,8285,1,down,72.5,2025-10,67.17,10,-3.402,-4.820609,66.901,10,-1.021,-1.503195,62.345,10,-1.214,-1.910036,64.623,10,-1.1175,-1.699865,65.5342,10,-1.0789,-1.619651,0.2,-2.1,49,50.1,50,,,,-49.680574,-41.55465,0,-41.55465,-22.819426,-72.5,down,no_adjust,down,0,1,,,,,S3_segmented_smoothing,0.0,"small=1.0, medium=0.8, large=0.6, extreme=0.5",0,0,0,0,0,-152.81252,23351.666391,0,0,0,0,0.050279,0.007542
2025-10-28,2025-10-27,-265,-255,8520,7530,2025年10月27日国内成品油价格按机制调整,https://www.ndrc.gov.cn/xwdt/xwfb/202510/t20251027_1401193.html,-260,8025,1,down,260,2025-10,63.901,10,-3.269,-4.866756,62.79,10,-4.111,-6.144901,59.595,10,-2.75,-4.410939,61.2055,10,-3.4175,-5.288365,61.8497,10,-3.6845,-5.622255,0.2,-2.1,49,50.1,50,,,,-174.017229,-215.571879,-215.571879,0,-85.982771,-44.428121,down,down,down,1,1,1.206094,44.428121,0,1,S3_segmented_smoothing,-215.571879,"small=1.0, medium=0.8, large=0.6, extreme=0.5",0,0,0,46471.235016,0,-152.81252,23351.666391,0,0,0,0.127055,0.050279,0.0266
2025-11-11,2025-11-10,125,120,8645,7650,2025年11月10日国内成品油价格按机制调整,https://www.ndrc.gov.cn/xwdt/xwfb/202511/t20251110_1401464.html,122.5,8147.5,1,up,122.5,2025-11,65.935,10,2.034,3.183049,64.661,10,1.871,2.979774,61.182,10,1.587,2.662975,62.9215,10,1.716,2.80367,63.6173,10,1.7676,2.857896,0.7,-2.2,49.2,49.5,49.7,,,,86.151591,86.151591,86.151591,0,36.348409,36.348409,up,up,up,1,1,1.421912,-36.348409,0,1,S3_segmented_smoothing,86.151591,"small=1.0, medium=0.8, large=0.6, extreme=0.5",7422.096632,0,8461.19016,91037.052349,0,-152.81252,23351.666391,0.015194,0,0.014435,0.248901,0.050279,0.052284
2025-11-25,2025-11-24,-70,-65,8575,7585,2025年11月24日国内成品油价格按机制调整,https://www.ndrc.gov.cn/xwdt/xwfb/202511/t20251124_1401864.html,-67.5,8080,1,down,67.5,2025-11,64.545,10,-1.39,-2.108137,63.256,10,-1.405,-2.172871,60.256,10,-0.926,-1.513517,61.749,10,-1.1725,-1.863433,62.3462,10,-1.2711,-1.998041,0.7,-2.2,49.2,49.5,49.7,,,,-58.852168,-58.852168,-58.852168,0,-8.647832,-8.647832,down,down,down,1,1,1.146942,8.647832,0,1,S3_segmented_smoothing,-58.852168,"small=1.0, medium=0.8, large=0.6, extreme=0.5",0,0,0,21026.090124,0,-152.81252,23351.666391,0,0,0,0.057487,0.050279,0.016165
2025-12-09,2025-12-08,-55,-55,8520,7530,2025年12月8日国内成品油价格按机制调整,https://www.ndrc.gov.cn/xwdt/xwfb/202512/t20251208_1402287.html,-55,8025,1,down,55,2025-12,63.552,10,-0.993,-1.538462,64.179,10,0.923,1.45915,59.103,10,-1.153,-1.913502,61.571,10,-0.178,-0.288264,62.5582,10,0.212,0.340037,0.8,-1.9,50.1,50.2,50.7,,,,11.919897,11.919897,0,11.919897,-66.919897,-55,up,no_adjust,down,0,1,,,,,S3_segmented_smoothing,0.0,"small=1.0, medium=0.8, large=0.6, extreme=0.5",0,0,0,3463.577678,0,-152.81252,23351.666391,0,0,0,0.00947,0.050279,0.008962
2025-12-23,2025-12-22,-170,-165,8350,7365,2025年12月22日国内成品油价格按机制调整,https://www.ndrc.gov.cn/xwdt/xwfb/202512/t20251222_1402523.html,-167.5,7857.5,1,down,167.5,2025-12,61.018,10,-2.534,-3.987286,61.715,10,-2.464,-3.839262,57.298,10,-1.805,-3.05399,59.5065,10,-2.0645,-3.35304,60.3899,10,-2.1683,-3.466052,0.8,-1.9,50.1,50.2,50.7,,,,-101.665665,-89.745767,-89.745767,0,-65.834335,-77.754233,down,down,down,1,1,1.866383,77.754233,0,1,S3_segmented_smoothing,-89.745767,"small=1.0, medium=0.8, large=0.6, extreme=0.5",0,0,0,8054.302694,0,-152.81252,23351.666391,0,0,0,0.022021,0.050279,0.010845
2026-01-06,2026-01-06,0,0,8350,7365,2026年1月6日国内成品油价格按机制不作调整,https://www.ndrc.gov.cn/xwdt/xwfb/202601/t20260106_1403050.html,0,7857.5,0,no_adjust,0,2026-01,60.838,10,-0.18,-0.294995,62.339,10,0.624,1.011099,57.71,10,0.412,0.719048,60.0055,10,0.499,0.838564,60.9389,10,0.549,0.909092,0.2,-1.4,49.3,49.4,49.8,,,,28.001204,28.001204,0,28.001204,-28.001204,0,up,no_adjust,no_adjust,0,0,,,,,S3_segmented_smoothing,0.0,"small=1.0, medium=0.8, large=0.6, extreme=0.5",0,0,0,8054.302694,0,-152.81252,23351.666391,0,0,0,0.022021,0.050279,0.010845
2026-01-21,2026-01-20,85,85,8435,7450,2026年1月20日国内成品油价格按机制调整,https://www.ndrc.gov.cn/xwdt/xwfb/202601/t20260120_1403319.html,85,7942.5,1,up,85,2026-01,61.303,10,0.465,0.764325,65.352,10,3.013,4.83325,58.839,10,1.129,1.956333,61.9,10,1.8945,3.157211,63.1244,10,2.1855,3.586379,0.2,-1.4,49.3,49.4,49.8,,,,106.093366,134.09457,134.09457,0,-21.093366,-49.09457,up,up,up,1,1,0.633881,49.09457,1,0,S3_segmented_smoothing,134.09457,"small=1.0, medium=0.8, large=0.6, extreme=0.5",17981.353703,0,18700.607852,17981.353703,0,-152.81252,23351.666391,0.036811,0,0.031903,0.049162,0.050279,0.032095
2026-02-04,2026-02-03,205,195,8640,7645,2026年2月3日国内成品油价格按机制调整,https://www.ndrc.gov.cn/xwdt/xwfb/202602/t20260203_1403566.html,200,8142.5,1,up,200,2026-02,64.204,10,2.901,4.732232,68.787,10,3.435,5.256151,61.674,10,2.835,4.818233,65.2305,10,3.3305,5.380452,66.6531,10,3.5287,5.590073,1.3,-0.9,49,49.5,49.5,,,,170.189541,170.189541,170.189541,0,29.810459,29.810459,up,up,up,1,1,1.17516,-29.810459,0,1,S3_segmented_smoothing,170.189541,"small=1.0, medium=0.8, large=0.6, extreme=0.5",28964.479866,0,36495.244631,1302.846931,0,-152.81252,23351.666391,0.059295,0,0.06226,0.003562,0.050279,0.038465
2026-02-25,2026-02-24,175,170,8815,7815,2026年2月24日国内成品油价格按机制调整,https://www.ndrc.gov.cn/xwdt/xwfb/202602/t20260224_1403852.html,172.5,8315,1,up,172.5,2026-02,68.106,10,3.902,6.077503,71.247,10,2.46,3.576257,64.723,10,3.049,4.943736,68.004,10,2.7735,4.251845,69.3164,10,2.6633,3.995763,1.3,-0.9,49,49.5,49.5,,,,128.893509,128.893509,128.893509,0,43.606491,43.606491,up,up,up,1,1,1.338314,-43.606491,0,1,S3_segmented_smoothing,128.893509,"small=1.0, medium=0.8, large=0.6, extreme=0.5",16613.536662,0,20933.056195,1705.362259,0,-152.81252,23351.666391,0.034011,0,0.035711,0.004663,0.050279,0.025672
2026-03-10,2026-03-09,695,670,9510,8485,2026年3月9日国内成品油价格按机制调整,https://www.ndrc.gov.cn/xwdt/xwfb/202603/t20260309_1404075.html,682.5,8997.5,1,up,682.5,2026-03,77.672,10,9.566,14.045752,78.319,10,7.072,9.926032,72.118,10,7.395,11.425614,75.2185,10,7.2145,10.608935,76.4587,10,7.1423,10.303911,1,0.5,50.4,50.1,50.5,,,,342.626959,342.626959,342.626959,0,339.873041,339.873041,up,up,up,1,1,1.991962,-339.873041,0,1,S3_segmented_smoothing,274.10156720000003,"small=1.0, medium=0.8, large=0.6, extreme=0.5",75131.669141,4695.729321,90158.00297,21085.380166,68.525392,-84.287129,7104.320048,0.153807,0.021629,0.153807,0.057649,0.012509,0.091753
2026-03-24,2026-03-23,1160,1115,10670,9600,2026年3月23日国内成品油价格调整,https://www.ndrc.gov.cn/xwdt/xwfb/202603/t20260323_1404295.html,1137.5,10135,1,up,1137.5,2026-03,125.659,10,47.987,61.781594,103.777,10,25.458,32.505522,93.959,10,21.841,30.285088,98.868,10,23.6495,31.441068,100.8316,10,24.3729,31.87721,1,0.5,50.4,50.1,50.5,,,,1164.85415,1164.85415,1164.85415,0,-27.35415,-27.35415,up,up,up,1,1,0.976517,27.35415,1,0,S3_segmented_smoothing,698.9124899999999,"small=1.0, medium=0.8, large=0.6, extreme=0.5",488478.668678,217101.630524,586174.402414,180464.32013,465.94166,381.654531,145660.181338,1,1,1,0.493401,0.334607,0.824201
2026-04-08,2026-04-07,420,400,11090,10000,2026年4月7日国家继续实施调控，成品油价格适当调整,https://www.ndrc.gov.cn/xwdt/xwfb/202604/t20260407_1404528.html,410,10545,1,up,410,2026-04,123.192,10,-2.467,-1.96325,117.037,10,13.26,12.777398,100.815,10,6.856,7.2968,108.161,10,9.293,9.399401,111.7114,10,10.8798,10.79007,1.2,2.8,50.3,49.4,50.1,,,,520.976763,520.976763,520.976763,0,-110.976763,-110.976763,up,up,up,1,1,0.786983,110.976763,1,0,S3_segmented_smoothing,416.7814104,"small=1.0, medium=0.8, large=0.6, extreme=0.5",173706.744055,10856.671503,215396.362628,79597.946076,104.195353,485.849884,236050.109783,0.355608,0.050007,0.367461,0.217626,0.544735,0.305123
2026-04-22,2026-04-21,-555,-530,10535,9470,2026年4月21日国内成品油价格下调,https://www.ndrc.gov.cn/xwdt/xwfb/202604/t20260421_1404789.html,-542.5,10002.5,1,down,542.5,2026-04,107.016,10,-16.176,-13.130723,117.398,10,0.361,0.308449,96.897,10,-3.918,-3.886326,107.1475,10,-1.0135,-0.937029,111.2477,10,-0.4637,-0.415087,1.2,2.8,50.3,49.4,50.1,,,,-20.323838,-20.323838,0,-20.323838,-522.176162,-542.5,down,no_adjust,down,0,1,,,,,S3_segmented_smoothing,0.0,"small=1.0, medium=0.8, large=0.6, extreme=0.5",0,0,0,173706.744055,0,485.849884,236050.109783,0,0,0,0.474926,0.544735,0.152949
2026-05-09,2026-05-08,320,310,10855,9780,2026年5月8日国内成品油价格调整,https://www.ndrc.gov.cn/xwdt/xwfb/202605/t20260508_1405100.html,315,10317.5,1,up,315,2026-05,112.562,10,5.546,5.182403,114.626,10,-2.772,-2.361199,102.368,10,5.471,5.646202,107.562,10,0.4145,0.38685,110.3876,10,-0.8601,-0.77314,,,,,,,,,-39.239654,-59.563493,-59.563493,0,354.239654,374.563493,down,down,up,1,1,-5.288474,-374.563493,0,1,S3_segmented_smoothing,-59.563493,"small=1.0, medium=0.8, large=0.6, extreme=0.5",0,0,0,3547.809698,0,485.849884,236050.109783,0,0,0,0.0097,0.544735,0.083165
2016-01-14,2016-01-13,-140,-135,6925,5970,完善成品油价格机制 同步下调成品油价格,https://www.ndrc.gov.cn/xwdt/ztzl/gncpyjg/201601/t20160113_1292913.html,-137.5,6447.5,1,down,137.5,2016-01,29.61,10,-9.253,-23.809279,33.936,10,-9.007,-20.974315,34.668,10,-5.88,-14.501332,34.302,10,-7.28,-17.507575,34.1556,10,-7.84,-18.668622,1.8,-5.3,49.4,53.5,,2669,752620.9,281.99,-372.313579,-372.313579,-372.313579,0,234.813579,234.813579,down,down,down,1,1,0.369312,-234.813579,1,0,S4_grid_best_fixed_lambda,-372.313579,best lambda=1; threshold=50,0,0,0,0,0,0,0,0,0,0,0,0,0
2016-01-27,2016-01-27,0,0,6925,5970,1月27日国内成品油价格不作调整,https://www.ndrc.gov.cn/xwdt/ztzl/gncpyjg/201601/t20160127_1292914.html,0,6447.5,0,no_adjust,0,2016-01,24.442,10,-5.168,-17.453563,28.576,10,-5.36,-15.794437,29.813,10,-4.855,-14.004269,29.2835,10,-5.0185,-14.630342,29.0717,10,-5.0839,-14.884528,1.8,-5.3,49.4,53.5,,2669,752620.9,281.99,-240.795213,-240.795213,-240.795213,0,240.795213,240.795213,down,down,no_adjust,1,0,0,-240.795213,1,0,S4_grid_best_fixed_lambda,-240.795213,best lambda=1; threshold=50,0,0,0,17297.080595,0,0,0,0,0,0,0.025585,0,0.003838
2016-02-15,2016-02-15,0,0,6925,5970,2月15日国内成品油价格不作调整,https://www.ndrc.gov.cn/xwdt/ztzl/gncpyjg/201602/t20160215_1292915.html,0,6447.5,0,no_adjust,0,2016-02,28.122,10,3.68,15.056051,31.297,10,2.721,9.521976,29.702,10,-0.111,-0.372321,30.4995,10,1.216,4.152509,30.8185,10,1.7468,6.008593,2.3,-4.9,49,52.7,,3180,737326.3,231.86,85.159035,85.159035,85.159035,0,-85.159035,-85.159035,up,up,no_adjust,1,0,0,85.159035,1,0,S4_grid_best_fixed_lambda,85.159035,best lambda=1; threshold=50,7252.061242,0,10588.009414,106246.171789,0,0,0,0.005345,0,0.006503,0.157156,0,0.026535
2016-02-29,2016-02-29,0,0,6925,5970,2月29日国内成品油价格不作调整,https://www.ndrc.gov.cn/xwdt/ztzl/gncpyjg/201602/t20160229_1292916.html,0,6447.5,0,no_adjust,0,2016-02,29.175,10,1.053,3.744399,32.654,10,1.357,4.335879,30.602,10,0.9,3.030099,31.628,10,1.1285,3.700061,32.0384,10,1.2199,3.958337,2.3,-4.9,49,52.7,,3180,737326.3,231.86,60.015889,60.015889,60.015889,0,-60.015889,-60.015889,up,up,no_adjust,1,0,0,60.015889,1,0,S4_grid_best_fixed_lambda,60.015889,best lambda=1; threshold=50,3601.906932,0,5258.784121,632.177791,0,0,0,0.002655,0,0.00323,0.000935,0,0.001611
2016-03-14,2016-03-14,0,0,6925,5970,3月14日国内成品油价格不作调整,https://www.ndrc.gov.cn/xwdt/ztzl/gncpyjg/201603/t20160314_1292917.html,0,6447.5,0,no_adjust,0,2016-03,33.3,10,4.125,14.138817,37.787,10,5.133,15.719361,36.064,10,5.462,17.848507,36.9255,10,5.2975,16.749399,37.2701,10,5.2317,16.329467,2.3,-4.3,50.2,53.8,,3261,771184.3,236.49,251.455017,251.455017,251.455017,0,-251.455017,-251.455017,up,up,no_adjust,1,0,0,251.455017,1,0,S4_grid_best_fixed_lambda,251.455017,best lambda=1; threshold=50,63229.625574,0,92315.253339,36648.939729,0,0,0,0.046599,0,0.056696,0.05421,0,0.033955
2016-03-28,2016-03-28,0,0,6925,5970,3月28日国内成品油价格不作调整,https://www.ndrc.gov.cn/xwdt/ztzl/gncpyjg/201603/t20160328_1292918.html,0,6447.5,0,no_adjust,0,2016-03,35.493,10,2.193,6.585586,38.951,10,1.164,3.080424,38.788,10,2.724,7.553239,38.8695,10,1.944,5.264655,38.9021,10,1.632,4.378845,2.3,-4.3,50.2,53.8,,3261,771184.3,236.49,79.680893,79.680893,79.680893,0,-79.680893,-79.680893,up,up,no_adjust,1,0,0,79.680893,1,0,S4_grid_best_fixed_lambda,79.680893,best lambda=1; threshold=50,6349.044709,0,9269.605276,29506.349676,0,0,0,0.004679,0,0.005693,0.043645,0,0.00914
2016-04-12,2016-04-12,0,0,6925,5970,4月12日国内成品油价格不作调整,https://www.ndrc.gov.cn/xwdt/ztzl/gncpyjg/201604/t20160412_1292919.html,0,6447.5,0,no_adjust,0,2016-04,34.606,10,-0.887,-2.499084,37.581,10,-1.37,-3.51724,37.018,10,-1.77,-4.563267,37.2995,10,-1.57,-4.039157,37.4121,10,-1.49,-3.830127,2.3,-3.4,50.1,53.5,,3258,870569.7,267.21,-69.297859,-69.297859,-69.297859,0,69.297859,69.297859,down,down,no_adjust,1,0,0,-69.297859,1,0,S4_grid_best_fixed_lambda,-69.297859,best lambda=1; threshold=50,0,0,0,22194.668547,0,0,0,0,0,0,0.03283,0,0.004924
2016-04-27,2016-04-26,165,160,7090,6130,国内成品油价格按机制上调,https://www.ndrc.gov.cn/xwdt/ztzl/gncpyjg/201604/t20160426_1292920.html,162.5,6610,1,up,162.5,2016-04,38.674,10,4.068,11.755187,42.834,10,5.253,13.977808,41.662,10,4.644,12.545248,42.248,10,4.9485,13.266934,42.4824,10,5.0703,13.552567,2.3,-3.4,50.1,53.5,,3258,870569.7,267.21,243.753168,243.753168,243.753168,0,-81.253168,-81.253168,up,up,up,1,1,0.666658,81.253168,1,0,S4_grid_best_fixed_lambda,243.753168,best lambda=1; threshold=50,59415.60691,0,86746.786089,98000.945506,0,0,0,0.043788,0,0.053276,0.144959,0,0.04601
2016-05-12,2016-05-11,120,115,7210,6245,国内成品油价格按机制上调,https://www.ndrc.gov.cn/xwdt/ztzl/gncpyjg/201605/t20160511_1292921.html,117.5,6727.5,1,up,117.5,2016-05,41.279,10,2.605,6.735791,44.283,10,1.449,3.382827,44.651,10,2.989,7.174404,44.467,10,2.219,5.25232,44.3934,10,1.911,4.498333,2,-2.8,50.1,53.1,,3224,940142.9,291.61,92.994497,92.994497,92.994497,0,24.505503,24.505503,up,up,up,1,1,1.263516,-24.505503,0,1,S4_grid_best_fixed_lambda,92.994497,best lambda=1; threshold=50,8647.976472,0,12107.167061,22728.176882,0,0,0,0.006373,0,0.007436,0.033619,0,0.008495
2016-05-26,2016-05-25,210,200,7420,6445,国内成品油价格按机制上调,https://www.ndrc.gov.cn/xwdt/ztzl/gncpyjg/201605/t20160525_1292922.html,205,6932.5,1,up,205,2016-05,43.883,10,2.604,6.308292,47.743,10,3.46,7.813382,47.519,10,2.868,6.423148,47.631,10,3.164,7.115389,47.6758,10,3.2824,7.393892,2,-2.8,50.1,53.1,,3224,940142.9,291.61,158.436349,158.436349,158.436349,0,46.563651,46.563651,up,up,up,1,1,1.293895,-46.563651,0,1,S4_grid_best_fixed_lambda,158.436349,best lambda=1; threshold=50,25102.076684,0,35142.907358,4282.635993,0,0,0,0.0185,0,0.021583,0.006335,0,0.010971
2016-06-09,2016-06-08,110,110,7530,6555,国内成品油价格按机制上调,https://www.ndrc.gov.cn/xwdt/ztzl/gncpyjg/201606/t20160608_1292923.html,110,7042.5,1,up,110,2016-06,45.461,10,1.578,3.595926,49.022,10,1.279,2.678927,49.158,10,1.639,3.449147,49.09,10,1.459,3.063131,49.0628,10,1.387,2.909233,1.9,-2.6,50,53.7,,3062,983636.1,321.24,67.989735,67.989735,67.989735,0,42.010265,42.010265,up,up,up,1,1,1.617891,-42.010265,0,1,S4_grid_best_fixed_lambda,67.989735,best lambda=1; threshold=50,4622.604065,0,6379.19361,8180.589984,0,0,0,0.003407,0,0.003918,0.0121,0,0.003646
2016-06-23,2016-06-23,0,0,7530,6555,6月23日国内成品油价格不作调整,https://www.ndrc.gov.cn/xwdt/ztzl/gncpyjg/201606/t20160623_1292924.html,0,7042.5,0,no_adjust,0,2016-06,45.925,10,0.464,1.020655,48.252,10,-0.77,-1.570723,48.656,10,-0.502,-1.021197,48.454,10,-0.636,-1.29558,48.3732,10,-0.6896,-1.405546,1.9,-2.6,50,53.7,,3062,983636.1,321.24,-31.103563,-31.103563,0,-31.103563,31.103563,0,down,no_adjust,no_adjust,0,0,,,,,S4_grid_best_fixed_lambda,0.0,best lambda=1; threshold=50,0,0,0,4622.604065,0,0,0,0,0,0,0.006838,0,0.001026
2016-07-07,2016-07-07,0,0,7530,6555,7月7日国内成品油价格不作调整,https://www.ndrc.gov.cn/xwdt/ztzl/gncpyjg/201607/t20160707_1292925.html,0,7042.5,0,no_adjust,0,2016-07,45.21,10,-0.715,-1.556886,47.014,10,-1.238,-2.565697,48.017,10,-0.639,-1.313302,47.536,10,-0.918,-1.89458,47.3436,10,-1.0296,-2.128451,1.8,-1.7,49.9,53.9,,3107,1061217.3,341.56,-47.328027,-78.43159,-78.43159,0,47.328027,78.43159,down,down,no_adjust,1,0,0,-78.43159,1,0,S4_grid_best_fixed_lambda,-78.43159,best lambda=1; threshold=50,0,0,0,6151.51431,0,0,0,0,0,0,0.009099,0,0.001365
2016-07-22,2016-07-21,-155,-150,7375,6405,国内成品油价格按机制下调,https://www.ndrc.gov.cn/xwdt/ztzl/gncpyjg/201607/t20160721_1292926.html,-152.5,6890,1,down,152.5,2016-07,43.027,10,-2.183,-4.828578,45.502,10,-1.512,-3.216063,45.341,10,-2.676,-5.573026,45.4215,10,-2.1145,-4.448208,45.4537,10,-1.8899,-3.991881,1.8,-1.7,49.9,53.9,,3107,1061217.3,341.56,-88.380692,-88.380692,-88.380692,0,-64.119308,-64.119308,down,down,down,1,1,1.72549,64.119308,0,1,S4_grid_best_fixed_lambda,-88.380692,best lambda=1; threshold=50,0,0,0,98.984631,0,0,0,0,0,0,0.000146,0,0.000022
2016-08-05,2016-08-04,-220,-215,7155,6190,国内成品油价格按机制下调,https://www.ndrc.gov.cn/xwdt/ztzl/gncpyjg/201608/t20160804_1292927.html,-217.5,6672.5,1,down,217.5,2016-08,40.168,10,-2.859,-6.644665,42.258,10,-3.244,-7.129357,41.685,10,-3.656,-8.063342,41.9715,10,-3.45,-7.595522,42.0861,10,-3.3676,-7.408858,1.3,-0.8,50.4,53.5,,3285,1071423.6,326.16,-158.895074,-158.895074,-158.895074,0,-58.604926,-58.604926,down,down,down,1,1,1.368828,58.604926,0,1,S4_grid_best_fixed_lambda,-158.895074,best lambda=1; threshold=50,0,0,0,4972.278069,0,0,0,0,0,0,0.007355,0,0.001103
2016-08-19,2016-08-18,175,170,7330,6360,国内成品油价格按机制上调,https://www.ndrc.gov.cn/xwdt/ztzl/gncpyjg/201608/t20160818_1292928.html,172.5,6845,1,up,172.5,2016-08,41.994,10,1.826,4.545907,44.611,10,2.353,5.568176,43.842,10,2.157,5.174523,44.2265,10,2.255,5.372693,44.3803,10,2.2942,5.451206,1.3,-0.8,50.4,53.5,,3285,1071423.6,326.16,111.280422,111.280422,111.280422,0,61.219578,61.219578,up,up,up,1,1,1.550138,-61.219578,0,1,S4_grid_best_fixed_lambda,111.280422,best lambda=1; threshold=50,12383.33232,0,15602.998724,72994.798639,0,0,0,0.009126,0,0.009583,0.107971,0,0.020873
2016-09-02,2016-09-01,205,200,7535,6560,国内成品油价格按机制上调,https://www.ndrc.gov.cn/xwdt/ztzl/gncpyjg/201609/t20160901_1292929.html,202.5,7047.5,1,up,202.5,2016-09,45.558,10,3.564,8.486927,48.766,10,4.155,9.313846,46.989,10,3.147,7.178048,47.8775,10,3.651,8.255232,48.2329,10,3.8526,8.680879,1.9,0.1,50.4,53.7,,3306,1051321.5,318,185.645729,185.645729,185.645729,0,16.854271,16.854271,up,up,up,1,1,1.090787,-16.854271,0,1,S4_grid_best_fixed_lambda,185.645729,best lambda=1; threshold=50,34464.336696,0,47560.78464,5530.198885,0,0,0,0.0254,0,0.02921,0.00818,0,0.014879
2016-09-19,2016-09-18,-155,-150,7380,6410,国内成品油价格按机制下调,https://www.ndrc.gov.cn/xwdt/ztzl/gncpyjg/201609/t20160918_1292930.html,-152.5,6895,1,down,152.5,2016-09,43.204,10,-2.354,-5.16704,46.857,10,-1.909,-3.914613,44.992,10,-1.997,-4.249931,45.8865,10,-1.991,-4.15853,46.2443,10,-1.9886,-4.122912,1.9,0.1,50.4,53.7,,3306,1051321.5,318,-93.090558,-93.090558,-93.090558,0,-59.409442,-59.409442,down,down,down,1,1,1.63819,59.409442,0,1,S4_grid_best_fixed_lambda,-93.090558,best lambda=1; threshold=50,0,0,0,77693.917691,0,0,0,0,0,0,0.114922,0,0.017238
2016-09-30,2016-09-30,0,0,7380,6410,9月30日国内成品油价格不作调整,https://www.ndrc.gov.cn/xwdt/ztzl/gncpyjg/201609/t20160930_1292931.html,0,6895,0,no_adjust,0,2016-09,42.509,10,-0.695,-1.608647,46.193,10,-0.664,-1.417077,45.106,10,0.114,0.253378,45.6495,10,-0.237,-0.516492,45.8669,10,-0.3774,-0.816101,1.9,0.1,50.4,53.7,,3306,1051321.5,318,-16.205688,-16.205688,0,-16.205688,16.205688,0,down,no_adjust,no_adjust,0,0,,,,,S4_grid_best_fixed_lambda,0.0,best lambda=1; threshold=50,0,0,0,8665.851989,0,0,0,0,0,0,0.012818,0,0.001923
2016-10-20,2016-10-19,355,340,7735,6750,国内成品油价格按机制上调,https://www.ndrc.gov.cn/xwdt/ztzl/gncpyjg/201610/t20161019_1292932.html,347.5,7242.5,1,up,347.5,2016-10,48.316,10,5.807,13.660637,49.903,10,3.71,8.03152,50.166,10,5.06,11.21802,50.0345,10,4.385,9.605801,49.9819,10,4.115,8.971611,2.1,1.2,51.2,54,,2879,940085,326.53,198.167197,181.96151,181.96151,0,149.332803,165.53849,up,up,up,1,1,1.909745,-165.53849,0,1,S4_grid_best_fixed_lambda,181.96151,best lambda=1; threshold=50,33109.991121,0,47016.187393,33109.991121,0,0,0,0.024401,0,0.028875,0.048975,0,0.020665
2016-11-02,2016-11-02,0,0,7735,6750,11月2日国内成品油价格不作调整,https://www.ndrc.gov.cn/xwdt/ztzl/gncpyjg/201611/t20161102_1292933.html,0,7242.5,0,no_adjust,0,2016-11,47.32,10,-0.996,-2.061429,48.929,10,-0.974,-1.951786,49.281,10,-0.885,-1.764143,49.105,10,-0.9295,-1.857718,49.0346,10,-0.9473,-1.895286,2.3,3.3,51.7,54.7,,3235,1121513.6,346.68,-43.400752,-43.400752,0,-43.400752,43.400752,0,down,no_adjust,no_adjust,0,0,,,,,S4_grid_best_fixed_lambda,0.0,best lambda=1; threshold=50,0,0,0,33109.991121,0,0,0,0,0,0,0.048975,0,0.007346
2016-11-17,2016-11-16,-365,-355,7370,6395,国内成品油价格按机制下调,https://www.ndrc.gov.cn/xwdt/ztzl/gncpyjg/201611/t20161116_1292934.html,-360,6882.5,1,down,360,2016-11,42.066,10,-5.254,-11.103128,43.26,10,-5.669,-11.586176,44.625,10,-4.656,-9.44786,43.9425,10,-5.1625,-10.513186,43.6695,10,-5.3651,-10.941458,2.3,3.3,51.7,54.7,,3235,1121513.6,346.68,-254.213799,-297.614551,-297.614551,0,-105.786201,-62.385449,down,down,down,1,1,1.209618,62.385449,0,1,S4_grid_best_fixed_lambda,-297.614551,best lambda=1; threshold=50,0,0,0,88574.420967,0,0,0,0,0,0,0.131016,0,0.019652
2016-12-01,2016-11-30,175,170,7545,6565,国内成品油价格按机制上调,https://www.ndrc.gov.cn/xwdt/ztzl/gncpyjg/201611/t20161130_1292935.html,172.5,7055,1,up,172.5,2016-12,44.083,10,2.017,4.794846,45.783,10,2.523,5.832178,46.242,10,1.617,3.623529,45.843,10,1.9005,4.32497,45.6834,10,2.0139,4.611686,2.1,5.5,51.4,54.5,,3638,1229788.7,338.04,97.904783,97.904783,97.904783,0,74.595217,74.595217,up,up,up,1,1,1.761916,-74.595217,0,1,S4_grid_best_fixed_lambda,97.904783,best lambda=1; threshold=50,9585.346534,0,13611.192079,156435.543568,0,0,0,0.007064,0,0.008359,0.231394,0,0.038565
2016-12-15,2016-12-14,435,420,7980,6985,国内成品油价格按机制上调,https://www.ndrc.gov.cn/xwdt/ztzl/gncpyjg/201612/t20161214_1292936.html,427.5,7482.5,1,up,427.5,2016-12,50.357,10,6.274,14.232244,52.115,10,6.332,13.830461,51.279,10,5.037,10.892695,51.697,10,5.854,12.76967,51.8642,10,6.1808,13.529641,2.1,5.5,51.4,54.5,,3638,1229788.7,338.04,296.74513,296.74513,296.74513,0,130.75487,130.75487,up,up,up,1,1,1.44063,-130.75487,0,1,S4_grid_best_fixed_lambda,296.74513,best lambda=1; threshold=50,88057.672179,0,125041.894494,39537.483595,0,0,0,0.064897,0,0.076795,0.058482,0,0.044195
2016-12-29,2016-12-28,100,95,8080,7080,国内成品油价格按机制上调,https://www.ndrc.gov.cn/xwdt/ztzl/gncpyjg/201612/t20161228_1292937.html,97.5,7580,1,up,97.5,2016-12,51.861,10,1.504,2.986675,53.536,10,1.421,2.726662,51.943,10,0.664,1.294877,52.7355,10,1.0385,2.008821,53.0557,10,1.1915,2.297346,2.1,5.5,51.4,54.5,,3638,1229788.7,338.04,58.660669,58.660669,58.660669,0,38.839331,38.839331,up,up,up,1,1,1.662102,-38.839331,0,1,S4_grid_best_fixed_lambda,58.660669,best lambda=1; threshold=50,3441.074088,0,4886.325204,56684.21057,0,0,0,0.002536,0,0.003001,0.083845,0,0.013961
2017-01-13,2017-01-12,70,70,8150,7150,国内成品油价格按机制上调,https://www.ndrc.gov.cn/xwdt/ztzl/gncpyjg/201701/t20170112_1292938.html,70,7650,1,up,70,2017-01,52.78,10,0.919,1.772045,54.659,10,1.123,2.097654,52.989,10,1.046,2.013746,53.824,10,1.0885,2.064074,54.158,10,1.1023,2.077628,2.5,6.9,51.3,54.6,54,3403,1296886.6,381.1,54.404133,54.404133,54.404133,0,15.595867,15.595867,up,up,up,1,1,1.286667,-15.595867,0,1,S4_grid_best_fixed_lambda,54.404133,best lambda=1; threshold=50,2959.809687,0,4439.714531,18.118099,0,0,0,0.002181,0,0.002727,0.000027,0,0.001231
2017-01-26,2017-01-25,-70,-70,8080,7080,国内成品油价格按机制下调,https://www.ndrc.gov.cn/xwdt/ztzl/gncpyjg/201701/t20170125_1292939.html,-70,7580,1,down,70,2017-01,52.077,10,-0.703,-1.331944,54.296,10,-0.363,-0.664118,52.082,10,-0.907,-1.711676,53.134,10,-0.69,-1.281956,53.5548,10,-0.6032,-1.113778,2.5,6.9,51.3,54.6,54,3403,1296886.6,381.1,-26.98064,-26.98064,0,-26.98064,-43.01936,-70,down,no_adjust,down,0,1,,,,,S4_grid_best_fixed_lambda,0.0,best lambda=1; threshold=50,0,0,0,2959.809687,0,0,0,0,0,0,0.004378,0,0.000657
2017-02-15,2017-02-14,50,50,8130,7130,国内成品油价格按机制上调,https://www.ndrc.gov.cn/xwdt/ztzl/gncpyjg/201702/t20170214_1292940.html,50,7630,1,up,50,2017-02,53.126,10,1.049,2.014325,54.946,10,0.65,1.197142,53.137,10,1.055,2.025652,54.0415,10,0.9075,1.707946,54.4033,10,0.8485,1.584358,0.8,7.8,51.6,54.2,54,3178,1249189.9,393.07,42.293048,15.312407,0,15.312407,7.706952,50,up,no_adjust,up,0,1,,,,,S4_grid_best_fixed_lambda,0.0,best lambda=1; threshold=50,0,0,0,0,0,0,0,0,0,0,0,0,0
2017-02-28,2017-02-28,0,0,8130,7130,2月28日国内成品油价格不作调整,https://www.ndrc.gov.cn/xwdt/ztzl/gncpyjg/201702/t20170228_1292941.html,0,7630,0,no_adjust,0,2017-02,53.492,10,0.366,0.688928,54.982,10,0.036,0.065519,53.624,10,0.487,0.916499,54.248,10,0.2065,0.382114,54.4976,10,0.0943,0.173335,0.8,7.8,51.6,54.2,54,3178,1249189.9,393.07,6.30337,21.615777,0,21.615777,-6.30337,0,up,no_adjust,no_adjust,0,0,,,,,S4_grid_best_fixed_lambda,0.0,best lambda=1; threshold=50,0,0,0,0,0,0,0,0,0,0,0,0,0
2017-03-15,2017-03-14,-85,-85,8045,7045,国内成品油价格按机制下调,https://www.ndrc.gov.cn/xwdt/ztzl/gncpyjg/201703/t20170314_1292942.html,-85,7545,1,down,85,2017-03,52.329,10,-1.163,-2.174157,53.138,10,-1.844,-3.353825,51.423,10,-2.201,-4.104505,52.2805,10,-1.9675,-3.626862,52.6235,10,-1.8741,-3.438867,0.9,7.6,51.8,55.1,54.7,3895,1535754.3,394.29,-87.626732,-66.010954,-66.010954,0,2.626732,-18.989046,down,down,down,1,1,1.287665,18.989046,0,1,S4_grid_best_fixed_lambda,-66.010954,best lambda=1; threshold=50,0,0,0,4357.446048,0,0,0,0,0,0,0.006445,0,0.000967
2017-03-29,2017-03-28,-230,-220,7815,6825,国内成品油价格按机制下调,https://www.ndrc.gov.cn/xwdt/ztzl/gncpyjg/201703/t20170328_1292943.html,-225,7320,1,down,225,2017-03,48.841,10,-3.488,-6.66552,50.2,10,-2.938,-5.529,47.564,10,-3.859,-7.504424,48.882,10,-3.3985,-6.500512,49.4092,10,-3.2143,-6.108108,0.9,7.6,51.8,55.1,54.7,3895,1535754.3,394.29,-151.57975,-151.57975,-151.57975,0,-73.42025,-73.42025,down,down,down,1,1,1.484367,73.42025,0,1,S4_grid_best_fixed_lambda,-151.57975,best lambda=1; threshold=50,0,0,0,7322.018849,0,0,0,0,0,0,0.01083,0,0.001625
2017-04-13,2017-04-12,200,190,8015,7015,国内成品油价格按机制上调,https://www.ndrc.gov.cn/xwdt/ztzl/gncpyjg/201704/t20170412_1292944.html,195,7515,1,up,195,2017-04,51.469,10,2.628,5.380725,53.172,10,2.972,5.920319,51.307,10,3.743,7.869397,52.2395,10,3.3575,6.868581,52.6125,10,3.2033,6.483206,1.2,6.4,51.2,54,53.9,3439,1306318.4,379.85,154.661775,154.661775,154.661775,0,40.338225,40.338225,up,up,up,1,1,1.260816,-40.338225,0,1,S4_grid_best_fixed_lambda,154.661775,best lambda=1; threshold=50,23920.264646,0,29661.128161,93783.871634,0,0,0,0.017629,0,0.018216,0.138722,0,0.02977
2017-04-26,2017-04-26,0,0,8015,7015,4月26日国内成品油价格不作调整,https://www.ndrc.gov.cn/xwdt/ztzl/gncpyjg/201704/t20170426_1292945.html,0,7515,0,no_adjust,0,2017-04,51.698,10,0.229,0.444928,52.376,10,-0.796,-1.497029,51.328,10,0.021,0.04093,51.852,10,-0.3875,-0.741776,52.0616,10,-0.5509,-1.04709,1.2,6.4,51.2,54,53.9,3439,1306318.4,379.85,-24.484936,-24.484936,0,-24.484936,24.484936,0,down,no_adjust,no_adjust,0,0,,,,,S4_grid_best_fixed_lambda,0.0,best lambda=1; threshold=50,0,0,0,23920.264646,0,0,0,0,0,0,0.035382,0,0.005307
2017-05-12,2017-05-11,-250,-235,7765,6780,国内成品油价格按机制下调,https://www.ndrc.gov.cn/xwdt/ztzl/gncpyjg/201705/t20170511_1292946.html,-242.5,7272.5,1,down,242.5,2017-05,48.005,10,-3.693,-7.14341,48.42,10,-3.956,-7.553078,47.39,10,-3.938,-7.672226,47.905,10,-3.947,-7.61205,48.111,10,-3.9506,-7.588318,1.5,5.5,51.2,54.5,54.1,3720,1413334.7,379.93,-186.715258,-211.200194,-211.200194,0,-55.784742,-31.299806,down,down,down,1,1,1.1482,31.299806,0,1,S4_grid_best_fixed_lambda,-211.200194,best lambda=1; threshold=50,0,0,0,44605.521946,0,0,0,0,0,0,0.065979,0,0.009897
2017-05-26,2017-05-25,140,135,7905,6915,国内成品油价格按机制上调,https://www.ndrc.gov.cn/xwdt/ztzl/gncpyjg/201705/t20170525_1292947.html,137.5,7410,1,up,137.5,2017-05,50.138,10,2.133,4.443287,51.684,10,3.264,6.741016,49.478,10,2.088,4.405993,50.581,10,2.676,5.586056,51.0222,10,2.9112,6.051007,1.5,5.5,51.2,54.5,54.1,3720,1413334.7,379.93,140.723052,140.723052,140.723052,0,-3.223052,-3.223052,up,up,up,1,1,0.977096,3.223052,1,0,S4_grid_best_fixed_lambda,140.723052,best lambda=1; threshold=50,19802.977364,0,25743.870573,123849.971075,0,0,0,0.014594,0,0.015811,0.183194,0,0.03508
2017-06-10,2017-06-09,-180,-175,7725,6740,国内成品油价格按机制下调,https://www.ndrc.gov.cn/xwdt/ztzl/gncpyjg/201706/t20170609_1292948.html,-177.5,7232.5,1,down,177.5,2017-06,48.032,10,-2.106,-4.200407,49.175,10,-2.509,-4.8545,47.908,10,-1.57,-3.173127,48.5415,10,-2.0395,-4.032146,48.7949,10,-2.2273,-4.365355,1.5,5.5,51.7,54.9,54.7,3611,1310854.3,363.02,-104.481086,-104.481086,-104.481086,0,-73.018914,-73.018914,down,down,down,1,1,1.698872,73.018914,0,1,S4_grid_best_fixed_lambda,-104.481086,best lambda=1; threshold=50,0,0,0,60125.069292,0,0,0,0,0,0,0.088935,0,0.01334
2017-06-24,2017-06-23,-250,-240,7475,6500,国内成品油价格按机制下调,https://www.ndrc.gov.cn/xwdt/ztzl/gncpyjg/201706/t20170623_1292949.html,-245,6987.5,1,down,245,2017-06,44.564,10,-3.468,-7.220187,45.654,10,-3.521,-7.160142,44.491,10,-3.417,-7.13242,45.0725,10,-3.469,-7.146462,45.3051,10,-3.4898,-7.151977,1.5,5.5,51.7,54.9,54.7,3611,1310854.3,363.02,-164.726338,-164.726338,-164.726338,0,-80.273662,-80.273662,down,down,down,1,1,1.487315,80.273662,0,1,S4_grid_best_fixed_lambda,-164.726338,best lambda=1; threshold=50,0,0,0,3629.490389,0,0,0,0,0,0,0.005369,0,0.000805
2017-07-07,2017-07-07,0,0,7475,6500,7月7日国内成品油价格不作调整,https://www.ndrc.gov.cn/xwdt/ztzl/gncpyjg/201707/t20170707_1292950.html,0,6987.5,0,no_adjust,0,2017-07,45.416,10,0.852,1.911857,46.934,10,1.28,2.803697,44.163,10,-0.328,-0.737228,45.0885,10,0.016,0.035498,45.4587,10,0.1536,0.339035,1.4,5.5,51.4,54.5,54.1,3474,1186558.3,341.55,9.133107,9.133107,0,9.133107,-9.133107,0,up,no_adjust,no_adjust,0,0,,,,,S4_grid_best_fixed_lambda,0.0,best lambda=1; threshold=50,0,0,0,27134.766431,0,0,0,0,0,0,0.040137,0,0.006021
2017-07-22,2017-07-21,75,75,7550,6575,国内成品油价格按机制上调,https://www.ndrc.gov.cn/xwdt/ztzl/gncpyjg/201707/t20170721_1292951.html,75,7062.5,1,up,75,2017-07,46.033,10,0.617,1.358552,47.445,10,0.511,1.088763,45.803,10,1.64,3.713516,46.624,10,1.5355,3.405525,46.9524,10,1.4937,3.28584,1.4,5.5,51.4,54.5,54.1,3474,1186558.3,341.55,73.081354,82.214461,82.214461,0,1.918646,-7.214461,up,up,up,1,1,0.912248,7.214461,1,0,S4_grid_best_fixed_lambda,82.214461,best lambda=1; threshold=50,6759.217598,0,8651.798525,6759.217598,0,0,0,0.004981,0,0.005314,0.009998,0,0.004073
2017-08-05,2017-08-04,175,165,7725,6740,国内成品油价格按机制上调,https://www.ndrc.gov.cn/xwdt/ztzl/gncpyjg/201708/t20170804_1292952.html,170,7232.5,1,up,170,2017-08,48.655,10,2.622,5.695914,50.495,10,3.05,6.428496,48.514,10,2.711,5.918826,49.5045,10,2.8805,6.178149,49.9007,10,2.9483,6.279338,1.8,6.3,51.7,53.4,53.7,3398,1176655.2,346.28,142.493427,142.493427,142.493427,0,27.506573,27.506573,up,up,up,1,1,1.193037,-27.506573,0,1,S4_grid_best_fixed_lambda,142.493427,best lambda=1; threshold=50,20304.376738,0,27613.952364,3633.553742,0,0,0,0.014964,0,0.016959,0.005375,0,0.008787
2017-08-18,2017-08-18,0,0,7725,6740,8月18日国内成品油价格不作调整,https://www.ndrc.gov.cn/xwdt/ztzl/gncpyjg/201708/t20170818_1292953.html,0,7232.5,0,no_adjust,0,2017-08,49.574,10,0.919,1.888809,51.425,10,0.93,1.841767,48.398,10,-0.116,-0.239106,49.9115,10,0.407,0.822147,50.5169,10,0.6162,1.234852,1.8,6.3,51.7,53.4,53.7,3398,1176655.2,346.28,31.207922,31.207922,0,31.207922,-31.207922,0,up,no_adjust,no_adjust,0,0,,,,,S4_grid_best_fixed_lambda,0.0,best lambda=1; threshold=50,0,0,0,20304.376738,0,0,0,0,0,0,0.030034,0,0.004505
2017-09-01,2017-09-01,0,0,7725,6740,9月1日国内成品油价格不作调整,https://www.ndrc.gov.cn/xwdt/ztzl/gncpyjg/201709/t20170901_1292954.html,0,7232.5,0,no_adjust,0,2017-09,49.548,10,-0.026,-0.052447,51.921,10,0.496,0.964511,47.305,10,-1.093,-2.258358,49.613,10,-0.2985,-0.598059,50.5362,10,0.0193,0.038205,1.6,6.9,52.4,55.4,55.1,3701,1360255.4,367.54,2.724444,33.932365,0,33.932365,-2.724444,0,up,no_adjust,no_adjust,0,0,,,,,S4_grid_best_fixed_lambda,0.0,best lambda=1; threshold=50,0,0,0,0,0,0,0,0,0,0,0,0,0
2017-09-16,2017-09-15,95,95,7820,6835,国内成品油价格按机制上调,https://www.ndrc.gov.cn/xwdt/ztzl/gncpyjg/201709/t20170915_1292955.html,95,7327.5,1,up,95,2017-09,51.853,10,2.305,4.652055,54.411,10,2.49,4.795747,48.431,10,1.126,2.380298,51.4255,10,1.8125,3.653276,52.6233,10,2.0871,4.129911,1.6,6.9,52.4,55.4,55.1,3701,1360255.4,367.54,101.397815,135.33018,135.33018,0,-6.397815,-40.33018,up,up,up,1,1,0.701987,40.33018,1,0,S4_grid_best_fixed_lambda,135.33018,best lambda=1; threshold=50,18314.257619,0,24174.820057,18314.257619,0,0,0,0.013497,0,0.014847,0.02709,0,0.01115
2017-09-30,2017-09-29,210,195,8030,7030,国内成品油价格按机制上调,https://www.ndrc.gov.cn/xwdt/ztzl/gncpyjg/201709/t20170929_1292956.html,202.5,7530,1,up,202.5,2017-09,54.843,10,2.99,5.766301,57.808,10,3.397,6.243223,50.772,10,2.341,4.833681,54.29,10,2.8645,5.570194,55.6972,10,3.0739,5.841329,1.6,6.9,52.4,55.4,55.1,3701,1360255.4,367.54,148.486935,148.486935,148.486935,0,54.013065,54.013065,up,up,up,1,1,1.363756,-54.013065,0,1,S4_grid_best_fixed_lambda,148.486935,best lambda=1; threshold=50,22048.369866,0,29103.848223,173.100202,0,0,0,0.016249,0,0.017874,0.000256,0,0.008569
2017-10-19,2017-10-19,0,0,8030,7030,10月19日国内成品油价格不作调整,https://www.ndrc.gov.cn/xwdt/ztzl/gncpyjg/201710/t20171019_1292957.html,0,7530,0,no_adjust,0,2017-10,54.881,10,0.038,0.069289,56.679,10,-1.129,-1.953017,50.976,10,0.204,0.401796,53.8275,10,-0.4625,-0.851906,54.9681,10,-0.7291,-1.309042,1.9,6.9,51.6,54.3,53.9,3103,1213554.1,391.09,-32.988464,-32.988464,0,-32.988464,32.988464,0,down,no_adjust,no_adjust,0,0,,,,,S4_grid_best_fixed_lambda,0.0,best lambda=1; threshold=50,0,0,0,22048.369866,0,0,0,0,0,0,0.032613,0,0.004892
2017-11-03,2017-11-02,150,150,8180,7180,国内成品油价格按机制上调,https://www.ndrc.gov.cn/xwdt/ztzl/gncpyjg/201711/t20171102_1292958.html,150,7680,1,up,150,2017-11,56.863,10,1.982,3.61145,59.157,10,2.478,4.37199,52.824,10,1.848,3.625235,55.9905,10,2.163,4.018392,57.2571,10,2.289,4.164233,1.7,5.8,51.8,54.8,54.6,3704,1413334.7,381.57,111.032283,78.043819,78.043819,0,38.967717,71.956181,up,up,up,1,1,1.921997,-71.956181,0,1,S4_grid_best_fixed_lambda,78.043819,best lambda=1; threshold=50,6090.837684,0,8161.722497,6090.837684,0,0,0,0.004489,0,0.005013,0.009009,0,0.003727
2017-11-17,2017-11-16,265,250,8445,7430,国内成品油价格按机制上调,https://www.ndrc.gov.cn/xwdt/ztzl/gncpyjg/201711/t20171116_1292959.html,257.5,7937.5,1,up,257.5,2017-11,60.746,10,3.883,6.828694,62.874,10,3.717,6.28328,56.316,10,3.492,6.610632,59.595,10,3.6045,6.437699,60.9066,10,3.6495,6.373882,1.7,5.8,51.8,54.8,54.6,3704,1413334.7,381.57,175.953998,175.953998,175.953998,0,81.546002,81.546002,up,up,up,1,1,1.463451,-81.546002,0,1,S4_grid_best_fixed_lambda,175.953998,best lambda=1; threshold=50,30959.809412,0,41486.144612,9586.403152,0,0,0,0.022817,0,0.025479,0.01418,0,0.014201
2017-11-30,2017-11-30,0,0,8445,7430,11月30日国内成品油价格不作调整,https://www.ndrc.gov.cn/xwdt/ztzl/gncpyjg/201711/t20171130_1292960.html,0,7937.5,0,no_adjust,0,2017-11,60.853,10,0.107,0.176143,62.646,10,-0.228,-0.36263,56.981,10,0.665,1.180837,59.7125,10,0.1175,0.197164,60.8051,10,-0.1015,-0.166649,1.7,5.8,51.8,54.8,54.6,3704,1413334.7,381.57,-3.040013,-3.040013,0,-3.040013,3.040013,0,down,no_adjust,no_adjust,0,0,,,,,S4_grid_best_fixed_lambda,0.0,best lambda=1; threshold=50,0,0,0,30959.809412,0,0,0,0,0,0,0.045795,0,0.006869
2017-12-14,2017-12-14,0,0,8445,7430,12月14日国内成品油价格不作调整,https://www.ndrc.gov.cn/xwdt/ztzl/gncpyjg/201712/t20171214_1292961.html,0,7937.5,0,no_adjust,0,2017-12,61.316,10,0.463,0.76085,63.772,10,1.126,1.797401,57.188,10,0.207,0.363279,60.48,10,0.7675,1.285326,61.7968,10,0.9917,1.630949,1.8,4.9,51.6,55,54.6,3370,1492760.9,442.96,49.12641,46.086398,0,46.086398,-49.12641,0,up,no_adjust,no_adjust,0,0,,,,,S4_grid_best_fixed_lambda,0.0,best lambda=1; threshold=50,0,0,0,0,0,0,0,0,0,0,0,0,0
2017-12-29,2017-12-28,70,70,8515,7500,国内成品油价格按机制上调,https://www.ndrc.gov.cn/xwdt/ztzl/gncpyjg/201712/t20171228_1292962.html,70,8007.5,1,up,70,2017-12,62.2,10,0.884,1.441712,64.4,10,0.628,0.984758,57.944,10,0.756,1.321956,61.0505,10,0.5705,0.943287,62.3903,10,0.5935,0.960406,1.8,4.9,51.6,55,54.6,3370,1492760.9,442.96,30.1247,76.211098,76.211098,0,39.8753,-6.211098,up,up,up,1,1,0.918501,6.211098,1,0,S4_grid_best_fixed_lambda,76.211098,best lambda=1; threshold=50,5808.131458,0,7899.058783,5808.131458,0,0,0,0.00428,0,0.004851,0.008591,0,0.003572
2018-01-13,2018-01-12,180,175,8695,7675,国内成品油价格按机制上调,https://www.ndrc.gov.cn/xwdt/ztzl/gncpyjg/201801/t20180112_1292963.html,177.5,8185,1,up,177.5,2018-01,65.746,10,3.546,5.700965,68.248,10,3.848,5.975155,61.781,10,3.837,6.621911,65.0145,10,3.964,6.492985,66.3079,10,3.9176,6.279181,1.5,4.3,51.3,55.3,54.6,4064,1876820,461.82,188.747464,188.747464,188.747464,0,-11.247464,-11.247464,up,up,up,1,1,0.94041,11.247464,1,0,S4_grid_best_fixed_lambda,188.747464,best lambda=1; threshold=50,35625.605166,0,46313.286716,12664.433672,0,0,0,0.026255,0,0.028443,0.018733,0,0.016485
2018-01-27,2018-01-26,65,60,8760,7735,国内成品油价格按机制上调,https://www.ndrc.gov.cn/xwdt/ztzl/gncpyjg/201801/t20180126_1292964.html,62.5,8247.5,1,up,62.5,2018-01,67.352,10,1.606,2.442734,69.67,10,1.422,2.083578,64.253,10,2.472,4.00123,66.964,10,1.9495,2.998562,68.0484,10,1.7405,2.624876,1.5,4.3,51.3,55.3,54.6,4064,1876820,461.82,84.858406,84.858406,84.858406,0,-22.358406,-22.358406,up,up,up,1,1,0.736521,22.358406,1,0,S4_grid_best_fixed_lambda,84.858406,best lambda=1; threshold=50,7200.949069,0,9361.23379,10792.936372,0,0,0,0.005307,0,0.005749,0.015965,0,0.005159
2018-02-10,2018-02-09,-170,-160,8590,7575,国内成品油价格按机制下调,https://www.ndrc.gov.cn/xwdt/ztzl/gncpyjg/201802/t20180209_1292965.html,-165,8082.5,1,down,165,2018-02,66.015,10,-1.337,-1.985093,67.454,10,-2.216,-3.180709,64.373,10,0.12,0.186762,65.9135,10,-1.0505,-1.568753,66.5297,10,-1.5187,-2.231794,2.9,3.7,50.3,54.4,52.9,3226,1579220,489.53,-70.667395,-70.667395,-70.667395,0,-94.332605,-94.332605,down,down,down,1,1,2.334882,94.332605,0,1,S4_grid_best_fixed_lambda,-70.667395,best lambda=1; threshold=50,0,0,0,24188.274777,0,0,0,0,0,0,0.035778,0,0.005367
2018-03-01,2018-02-28,-190,-185,8400,7390,国内成品油价格按机制下调,https://www.ndrc.gov.cn/xwdt/ztzl/gncpyjg/201802/t20180228_1292966.html,-187.5,7895,1,down,187.5,2018-03,63.072,10,-2.943,-4.458078,65.26,10,-2.194,-3.252587,62.003,10,-2.37,-3.681668,63.481,10,-2.4325,-3.690443,64.0722,10,-2.4575,-3.693839,2.1,3.1,51.5,54.6,54,3917,1829280,467.01,-115.466003,-115.466003,-115.466003,0,-72.033997,-72.033997,down,down,down,1,1,1.623855,72.033997,0,1,S4_grid_best_fixed_lambda,-115.466003,best lambda=1; threshold=50,0,0,0,2006.915279,0,0,0,0,0,0,0.002969,0,0.000445
2018-03-14,2018-03-14,0,0,8400,7390,3月14日国内成品油价格不作调整,https://www.ndrc.gov.cn/xwdt/ztzl/gncpyjg/201803/t20180314_1292967.html,0,7895,0,no_adjust,0,2018-03,62.498,10,-0.574,-0.910071,64.89,10,-0.37,-0.566963,61.391,10,-0.612,-0.987049,63.1405,10,-0.3405,-0.536381,63.8403,10,-0.2319,-0.361935,2.1,3.1,51.5,54.6,54,3917,1829280,467.01,-9.262572,-9.262572,0,-9.262572,9.262572,0,down,no_adjust,no_adjust,0,0,,,,,S4_grid_best_fixed_lambda,0.0,best lambda=1; threshold=50,0,0,0,13332.397849,0,0,0,0,0,0,0.019721,0,0.002958
2018-03-29,2018-03-28,170,165,8570,7555,国内成品油价格按机制上调,https://www.ndrc.gov.cn/xwdt/ztzl/gncpyjg/201803/t20180328_1292968.html,167.5,8062.5,1,up,167.5,2018-03,64.597,10,2.099,3.358507,66.638,10,1.748,2.693789,63.557,10,2.166,3.528204,65.0975,10,1.957,3.099437,65.7137,10,1.8734,2.93451,2.1,3.1,51.5,54.6,54,3917,1829280,467.01,91.200262,81.937691,81.937691,0,76.299738,85.562309,up,up,up,1,1,2.044236,-85.562309,0,1,S4_grid_best_fixed_lambda,81.937691,best lambda=1; threshold=50,6713.785206,0,9533.574993,6713.785206,0,0,0,0.004948,0,0.005855,0.009931,0,0.00419
2018-04-13,2018-04-12,55,50,8625,7605,国内成品油价格按机制上调,https://www.ndrc.gov.cn/xwdt/ztzl/gncpyjg/201804/t20180412_1292969.html,52.5,8115,1,up,52.5,2018-04,65.776,10,1.179,1.825162,68.549,10,1.911,2.867733,64.023,10,0.466,0.7332,66.394,10,1.2965,1.991628,67.256,10,1.5423,2.346999,1.8,3.4,51.4,54.8,54.1,3946,1867060,473.15,75.400498,75.400498,75.400498,0,-22.900498,-22.900498,up,up,up,1,1,0.696282,22.900498,1,0,S4_grid_best_fixed_lambda,75.400498,best lambda=1; threshold=50,5685.235099,0,7731.919734,42.734892,0,0,0,0.00419,0,0.004749,0.000063,0,0.002244
2018-04-27,2018-04-26,255,245,8880,7850,国内成品油价格按机制上调,https://www.ndrc.gov.cn/xwdt/ztzl/gncpyjg/201804/t20180426_1292970.html,250,8365,1,up,250,2018-04,69.788,10,4.012,6.099489,73.577,10,5.028,7.334899,67.542,10,3.519,5.496462,70.5595,10,4.1655,6.27391,71.7665,10,4.5105,6.706465,1.8,3.4,51.4,54.8,54.1,3946,1867060,473.15,217.040066,217.040066,217.040066,0,32.959934,32.959934,up,up,up,1,1,1.151861,-32.959934,0,1,S4_grid_best_fixed_lambda,217.040066,best lambda=1; threshold=50,47106.390249,0,64064.690739,20061.767223,0,0,0,0.034717,0,0.039345,0.029675,0,0.022967
2018-05-01,2018-04-29,-75,-65,8805,7785,国内成品油价格因增值税税率调整相应下调,https://www.ndrc.gov.cn/xwdt/ztzl/gncpyjg/201804/t20180429_1292971.html,-70,8295,1,down,70,2018-05,70.209,10,0.421,0.603256,74.187,10,0.61,0.829063,67.729,10,0.187,0.276865,70.958,10,0.3985,0.564772,72.2496,10,0.4831,0.673155,1.8,4.1,51.9,54.9,54.6,3905,1996370,511.23,24.856521,24.856521,0,24.856521,-94.856521,-70,up,no_adjust,down,0,1,,,,,S4_grid_best_fixed_lambda,0.0,best lambda=1; threshold=50,0,0,0,47106.390249,0,0,0,0,0,0,0.069678,0,0.010452
2018-05-12,2018-05-11,170,165,8975,7950,国内成品油价格按机制上调,https://www.ndrc.gov.cn/xwdt/ztzl/gncpyjg/201805/t20180511_1292972.html,167.5,8462.5,1,up,167.5,2018-05,71.785,10,1.576,2.244726,75.218,10,1.031,1.389731,69.211,10,1.482,2.188132,72.0865,10,1.1285,1.590377,73.3391,10,1.0895,1.507967,1.8,4.1,51.9,54.9,54.6,3905,1996370,511.23,53.793329,78.649851,78.649851,0,113.706671,88.850149,up,up,up,1,1,2.129693,-88.850149,0,1,S4_grid_best_fixed_lambda,78.649851,best lambda=1; threshold=50,6185.799062,0,8412.686725,6185.799062,0,0,0,0.004559,0,0.005167,0.00915,0,0.003804
2018-05-26,2018-05-25,260,250,9235,8200,国内成品油价格按机制上调,https://www.ndrc.gov.cn/xwdt/ztzl/gncpyjg/201805/t20180525_1292973.html,255,8717.5,1,up,255,2018-05,75.895,10,4.11,5.72543,78.749,10,3.531,4.694355,71.414,10,2.203,3.18302,75.0815,10,2.995,4.154731,76.5485,10,3.2094,4.37611,1.8,4.1,51.9,54.9,54.6,3905,1996370,511.23,154.952861,154.952861,154.952861,0,100.047139,100.047139,up,up,up,1,1,1.645662,-100.047139,0,1,S4_grid_best_fixed_lambda,154.952861,best lambda=1; threshold=50,24010.389132,0,32654.12922,5822.149335,0,0,0,0.017695,0,0.020055,0.008612,0,0.010729
2018-06-09,2018-06-08,-130,-125,9105,8075,国内成品油价格按机制下调,https://www.ndrc.gov.cn/xwdt/ztzl/gncpyjg/201806/t20180608_1292974.html,-127.5,8590,1,down,127.5,2018-06,73.738,10,-2.157,-2.842084,75.167,10,-3.582,-4.548629,66.75,10,-4.664,-6.530932,70.9585,10,-4.123,-5.491366,72.6419,10,-3.9066,-5.103431,1.9,4.7,51.5,55,54.4,3435,1863780,542.59,-184.615621,-184.615621,-184.615621,0,57.115621,57.115621,down,down,down,1,1,0.690624,-57.115621,1,0,S4_grid_best_fixed_lambda,-184.615621,best lambda=1; threshold=50,0,0,0,115306.753968,0,0,0,0,0,0,0.170558,0,0.025584
2018-06-26,2018-06-25,-55,-55,9050,8020,国内成品油价格按机制下调,https://www.ndrc.gov.cn/xwdt/ztzl/gncpyjg/201806/t20180625_1292975.html,-55,8535,1,down,55,2018-06,72.638,10,-1.1,-1.491768,74.188,10,-0.979,-1.302433,66.265,10,-0.485,-0.726592,70.2265,10,-0.732,-1.031589,71.8111,10,-0.8308,-1.143693,1.9,4.7,51.5,55,54.4,3435,1863780,542.59,-37.841487,-37.841487,0,-37.841487,-17.158513,-55,down,no_adjust,down,0,1,,,,,S4_grid_best_fixed_lambda,0.0,best lambda=1; threshold=50,0,0,0,34082.927517,0,0,0,0,0,0,0.050414,0,0.007562
2018-07-10,2018-07-09,270,260,9320,8280,国内成品油价格按机制上调,https://www.ndrc.gov.cn/xwdt/ztzl/gncpyjg/201807/t20180709_1292976.html,265,8800,1,up,265,2018-07,74.536,10,1.898,2.612957,75.783,10,1.595,2.149943,73.406,10,7.141,10.776428,74.4285,10,4.202,5.983496,74.8375,10,3.0264,4.21439,2.1,4.6,51.2,54,53.6,3602,1934240,536.99,146.220282,108.378795,108.378795,0,118.779718,156.621205,up,up,up,1,1,2.445128,-156.621205,0,1,S4_grid_best_fixed_lambda,108.378795,best lambda=1; threshold=50,11745.963206,0,16679.267752,11745.963206,0,0,0,0.008657,0,0.010244,0.017374,0,0.007331
2018-07-24,2018-07-23,-125,-120,9195,8160,国内成品油价格按机制下调,https://www.ndrc.gov.cn/xwdt/ztzl/gncpyjg/201807/t20180723_1292977.html,-122.5,8677.5,1,down,122.5,2018-07,72.501,10,-2.035,-2.730224,73.28,10,-2.503,-3.302852,70.458,10,-2.948,-4.01602,71.869,10,-2.5595,-3.438871,72.4334,10,-2.4041,-3.212427,2.1,4.6,51.2,54,53.6,3602,1934240,536.99,-112.917807,-112.917807,-112.917807,0,-9.582193,-9.582193,down,down,down,1,1,1.08486,9.582193,0,1,S4_grid_best_fixed_lambda,-112.917807,best lambda=1; threshold=50,0,0,0,48972.186057,0,0,0,0,0,0,0.072438,0,0.010866
2018-08-07,2018-08-06,70,70,9265,8230,国内成品油价格按机制上调,https://www.ndrc.gov.cn/xwdt/ztzl/gncpyjg/201808/t20180806_1292978.html,70,8747.5,1,up,70,2018-08,72.669,10,0.168,0.231721,73.686,10,0.406,0.554039,69.736,10,-0.722,-1.024724,71.711,10,-0.158,-0.219844,72.501,10,0.0676,0.093327,2.3,4.1,51.3,54.2,53.8,3838,2051910,534.63,5.029272,5.029272,0,5.029272,64.970728,70,up,no_adjust,up,0,1,,,,,S4_grid_best_fixed_lambda,0.0,best lambda=1; threshold=50,0,0,0,12750.431138,0,0,0,0,0,0,0.01886,0,0.002829
2018-08-21,2018-08-20,-50,-50,9215,8180,国内成品油价格按机制下调,https://www.ndrc.gov.cn/xwdt/ztzl/gncpyjg/201808/t20180820_1292979.html,-50,8697.5,1,down,50,2018-08,71.121,10,-1.548,-2.130207,70.62,10,-3.066,-4.160899,67.025,10,-2.711,-3.887519,68.8225,10,-2.8885,-4.027973,69.5415,10,-2.9595,-4.082013,2.3,4.1,51.3,54.2,53.8,3838,2051910,534.63,-139.420946,-134.391674,-134.391674,0,89.420946,84.391674,down,down,down,1,1,0.372047,-84.391674,1,0,S4_grid_best_fixed_lambda,-134.391674,best lambda=1; threshold=50,0,0,0,18061.122041,0,0,0,0,0,0,0.026715,0,0.004007
2018-09-04,2018-09-03,180,170,9395,8350,国内成品油价格按机制上调,https://www.ndrc.gov.cn/xwdt/ztzl/gncpyjg/201809/t20180903_1292980.html,175,8872.5,1,up,175,2018-09,73.521,10,2.4,3.374531,74.424,10,3.804,5.386576,68.879,10,1.854,2.766132,71.6515,10,2.829,4.110574,72.7605,10,3.219,4.628891,2.5,3.6,50.8,54.9,54.1,3721,1994450,536,155.410963,155.410963,155.410963,0,19.589037,19.589037,up,up,up,1,1,1.126047,-19.589037,0,1,S4_grid_best_fixed_lambda,155.410963,best lambda=1; threshold=50,24152.567421,0,36228.851131,83985.568412,0,0,0,0.0178,0,0.02225,0.124228,0,0.028647
2018-09-18,2018-09-17,145,145,9540,8495,国内成品油价格按机制上调,https://www.ndrc.gov.cn/xwdt/ztzl/gncpyjg/201809/t20180917_1292981.html,145,9017.5,1,up,145,2018-09,75.684,10,2.163,2.942017,77.376,10,2.952,3.966462,68.868,10,-0.011,-0.01597,73.0785,10,1.427,1.991584,74.7627,10,2.0022,2.751768,2.5,3.6,50.8,54.9,54.1,3721,1994450,536,97.346471,97.346471,97.346471,0,47.653529,47.653529,up,up,up,1,1,1.489525,-47.653529,0,1,S4_grid_best_fixed_lambda,97.346471,best lambda=1; threshold=50,9476.335416,0,14214.503124,3371.485231,0,0,0,0.006984,0,0.00873,0.004987,0,0.004676
2018-10-01,2018-09-30,240,230,9780,8725,国内成品油价格按机制上调,https://www.ndrc.gov.cn/xwdt/ztzl/gncpyjg/201809/t20180930_1292982.html,235,9252.5,1,up,235,2018-10,78.674,10,2.99,3.950637,80.406,10,3.03,3.915943,71.557,10,2.689,3.904571,75.9815,10,2.903,3.972441,77.7513,10,2.9886,3.997448,2.5,3.3,50.2,53.9,53.1,4080,2293980,562.25,144.416503,144.416503,144.416503,0,90.583497,90.583497,up,up,up,1,1,1.627238,-90.583497,0,1,S4_grid_best_fixed_lambda,144.416503,best lambda=1; threshold=50,20856.126339,0,31284.189508,2215.587912,0,0,0,0.015371,0,0.019213,0.003277,0,0.009138
2018-10-20,2018-10-19,165,160,9945,8885,国内成品油价格按机制上调,https://www.ndrc.gov.cn/xwdt/ztzl/gncpyjg/201810/t20181019_1292983.html,162.5,9415,1,up,162.5,2018-10,80.647,10,1.973,2.507817,82.203,10,1.797,2.234908,72.107,10,0.55,0.768618,77.155,10,1.1735,1.544455,79.1742,10,1.4229,1.830066,2.5,3.3,50.2,53.9,53.1,4080,2293980,562.25,69.702848,69.702848,69.702848,0,92.797152,92.797152,up,up,up,1,1,2.331325,-92.797152,0,1,S4_grid_best_fixed_lambda,69.702848,best lambda=1; threshold=50,4858.487019,0,7287.730529,5582.130243,0,0,0,0.003581,0,0.004476,0.008257,0,0.003253
2018-11-03,2018-11-02,-375,-365,9570,8520,国内成品油价格按机制下调,https://www.ndrc.gov.cn/xwdt/ztzl/gncpyjg/201811/t20181102_1292984.html,-370,9045,1,down,370,2018-11,75.948,10,-4.699,-5.826627,77.087,10,-5.116,-6.223617,66.845,10,-5.262,-7.297488,71.966,10,-5.189,-6.725423,74.0144,10,-5.1598,-6.517022,2.2,2.7,50,53.4,52.8,4287,2415680,563.49,-244.417086,-244.417086,-244.417086,0,-125.582914,-125.582914,down,down,down,1,1,1.513806,125.582914,0,1,S4_grid_best_fixed_lambda,-244.417086,best lambda=1; threshold=50,0,0,0,98671.332936,0,0,0,0,0,0,0.145951,0,0.021893
2018-11-17,2018-11-16,-510,-490,9060,8030,国内成品油价格按机制下调,https://www.ndrc.gov.cn/xwdt/ztzl/gncpyjg/201811/t20181116_1292985.html,-500,8545,1,down,500,2018-11,69.05,10,-6.898,-9.08253,68.858,10,-8.229,-10.674952,59.908,10,-6.937,-10.37774,64.383,10,-7.583,-10.53692,66.173,10,-7.8414,-10.594425,2.2,2.7,50,53.4,52.8,4287,2415680,563.49,-372.380386,-372.380386,-372.380386,0,-127.619614,-127.619614,down,down,down,1,1,1.342713,127.619614,0,1,S4_grid_best_fixed_lambda,-372.380386,best lambda=1; threshold=50,0,0,0,16374.606147,0,0,0,0,0,0,0.024221,0,0.003633
2018-12-01,2018-11-30,-540,-520,8520,7510,国内成品油价格按机制下调,https://www.ndrc.gov.cn/xwdt/ztzl/gncpyjg/201811/t20181130_1292986.html,-530,8015,1,down,530,2018-12,61.584,10,-7.466,-10.812455,60.692,10,-8.166,-11.859188,53.835,10,-6.073,-10.13721,57.848,10,-6.535,-10.150195,59.4532,10,-6.7198,-10.154897,1.9,0.9,49.4,53.8,52.6,4378,2130360,486.61,-318.858743,-318.858743,-318.858743,0,-211.141257,-211.141257,down,down,down,1,1,1.662178,211.141257,0,1,S4_grid_best_fixed_lambda,-318.858743,best lambda=1; threshold=50,0,0,0,2864.566269,0,0,0,0,0,0,0.004237,0,0.000636
2018-12-15,2018-12-14,-125,-120,8395,7390,国内成品油价格按机制下调,https://www.ndrc.gov.cn/xwdt/ztzl/gncpyjg/201812/t20181214_1292987.html,-122.5,7892.5,1,down,122.5,2018-12,59.422,10,-2.162,-3.510652,59.903,10,-0.789,-1.300007,52.036,10,-1.799,-3.341692,55.9695,10,-1.8785,-3.247303,57.5429,10,-1.9103,-3.213116,1.9,0.9,49.4,53.8,52.6,4378,2130360,486.61,-89.35416,-89.35416,-89.35416,0,-33.14584,-33.14584,down,down,down,1,1,1.370949,33.14584,0,1,S4_grid_best_fixed_lambda,-89.35416,best lambda=1; threshold=50,0,0,0,52672.353618,0,0,0,0,0,0,0.077911,0,0.011687
2018-12-29,2018-12-28,-370,-355,8025,7035,国内成品油价格按机制下调,https://www.ndrc.gov.cn/xwdt/ztzl/gncpyjg/201812/t20181228_1292988.html,-362.5,7530,1,down,362.5,2018-12,55.541,10,-3.881,-6.531251,56.197,10,-3.706,-6.186668,48.041,10,-3.995,-7.677377,52.3995,10,-3.57,-6.378474,53.9185,10,-3.6244,-6.298605,1.9,0.9,49.4,53.8,52.6,4378,2130360,486.61,-171.149316,-171.149316,-171.149316,0,-191.350684,-191.350684,down,down,down,1,1,2.118034,191.350684,0,1,S4_grid_best_fixed_lambda,-171.149316,best lambda=1; threshold=50,0,0,0,6690.447545,0,0,0,0,0,0,0.009896,0,0.001484
2019-01-15,2019-01-14,105,105,8130,7140,国内成品油价格按机制上调,https://www.ndrc.gov.cn/xwdt/ztzl/gncpyjg/201901/t20190114_1292989.html,105,7635,1,up,105,2019-01,55.429,10,-0.112,-0.201653,55.817,10,-0.38,-0.676193,48.452,10,0.411,0.855519,52.1345,10,-0.265,-0.50573,53.6075,10,-0.311,-0.576796,1.7,0.1,49.5,54.7,53.2,4260,1867880,438.47,-13.037145,-13.037145,0,-13.037145,118.037145,105,down,no_adjust,up,0,1,,,,,S4_grid_best_fixed_lambda,0.0,best lambda=1; threshold=50,0,0,0,29292.088367,0,0,0,0,0,0,0.043328,0,0.006499
2019-01-29,2019-01-28,245,230,8375,7370,国内成品油价格按机制上调,https://www.ndrc.gov.cn/xwdt/ztzl/gncpyjg/201901/t20190128_1292990.html,237.5,7872.5,1,up,237.5,2019-01,60.047,10,4.618,8.331379,60.586,10,4.769,8.543992,52.256,10,3.804,7.851069,56.274,10,4.1395,7.94004,57.8812,10,4.2737,7.972205,1.7,0.1,49.5,54.7,53.2,4260,1867880,438.47,205.740204,192.703059,192.703059,0,31.759796,44.796941,up,up,up,1,1,1.232466,-44.796941,0,1,S4_grid_best_fixed_lambda,192.703059,best lambda=1; threshold=50,37134.468948,0,49760.18839,37134.468948,0,0,0,0.027367,0,0.03056,0.054928,0,0.022721
2019-02-15,2019-02-14,50,50,8425,7420,国内成品油价格按机制上调,https://www.ndrc.gov.cn/xwdt/ztzl/gncpyjg/201902/t20190214_1292991.html,50,7922.5,1,up,50,2019-02,61.801,10,1.754,2.921045,62,10,1.414,2.333873,53.617,10,1.361,2.604486,57.8085,10,1.5345,2.726837,59.4851,10,1.6039,2.771021,1.5,0.1,49.2,54.3,52.4,3923,1723480,439.33,78.339989,78.339989,78.339989,0,-28.339989,-28.339989,up,up,up,1,1,0.638244,28.339989,1,0,S4_grid_best_fixed_lambda,78.339989,best lambda=1; threshold=50,6137.153877,0,7978.300039,13078.91178,0,0,0,0.004523,0,0.0049,0.019346,0,0.005258
2019-03-01,2019-02-28,270,260,8695,7680,国内成品油价格按机制上调,https://www.ndrc.gov.cn/xwdt/ztzl/gncpyjg/201902/t20190228_1292992.html,265,8187.5,1,up,265,2019-03,65.441,10,3.64,5.889872,65.664,10,3.664,5.909677,55.844,10,2.227,4.153533,60.597,10,2.7885,4.823685,62.4982,10,3.0131,5.065302,2.3,0.4,50.5,54.8,54,3934,1856320,471.87,145.585619,145.585619,145.585619,0,119.414381,119.414381,up,up,up,1,1,1.820235,-119.414381,0,1,S4_grid_best_fixed_lambda,145.585619,best lambda=1; threshold=50,21195.17246,0,30944.951791,4521.974754,0,0,0,0.01562,0,0.019005,0.006689,0,0.00966
2019-03-14,2019-03-14,0,0,8695,7680,3月14日国内成品油价格不作调整,https://www.ndrc.gov.cn/xwdt/ztzl/gncpyjg/201903/t20190314_1292993.html,0,8187.5,0,no_adjust,0,2019-03,65.474,10,0.033,0.050427,64.869,10,-0.795,-1.210709,56.666,10,0.822,1.471958,60.7675,10,0.1705,0.281367,62.4081,10,-0.0901,-0.144164,2.3,0.4,50.5,54.8,54,3934,1856320,471.87,-2.496016,-2.496016,0,-2.496016,2.496016,0,down,no_adjust,no_adjust,0,0,,,,,S4_grid_best_fixed_lambda,0.0,best lambda=1; threshold=50,0,0,0,21195.17246,0,0,0,0,0,0,0.031351,0,0.004703
2019-03-29,2019-03-28,80,80,8775,7760,国内成品油价格按机制上调,https://www.ndrc.gov.cn/xwdt/ztzl/gncpyjg/201903/t20190328_1292994.html,80,8267.5,1,up,80,2019-03,67.068,10,1.594,2.434554,67.124,10,2.255,3.476237,59.225,10,2.559,4.515935,63.1745,10,2.407,3.960999,64.7543,10,2.3462,3.759448,2.3,0.4,50.5,54.8,54,3934,1856320,471.87,113.761811,111.265795,111.265795,0,-33.761811,-31.265795,up,up,up,1,1,0.718999,31.265795,1,0,S4_grid_best_fixed_lambda,111.265795,best lambda=1; threshold=50,12380.077137,0,18074.91262,12380.077137,0,0,0,0.009124,0,0.011101,0.018312,0,0.007803
2019-04-01,2019-03-29,-225,-200,8550,7560,国内成品油价格因增值税税率调整相应下调,https://www.ndrc.gov.cn/xwdt/ztzl/gncpyjg/201903/t20190329_1292995.html,-212.5,8055,1,down,212.5,2019-04,66.977,10,-0.091,-0.135683,67.114,10,-0.01,-0.014898,59.295,10,0.07,0.118193,63.2045,10,0.03,0.047488,64.7683,10,0.014,0.02162,2.5,0.9,50.1,54.3,53.4,4373,2148650,491.34,2.471533,2.471533,0,2.471533,-214.971533,-212.5,up,no_adjust,down,0,1,,,,,S4_grid_best_fixed_lambda,0.0,best lambda=1; threshold=50,0,0,0,12380.077137,0,0,0,0,0,0,0.018312,0,0.002747
2019-04-13,2019-04-12,155,150,8705,7710,国内成品油价格按机制上调,https://www.ndrc.gov.cn/xwdt/ztzl/gncpyjg/201904/t20190412_1292996.html,152.5,8207.5,1,up,152.5,2019-04,69.267,10,2.29,3.419084,70.07,10,2.956,4.404446,62.864,10,3.569,6.019057,66.467,10,3.2625,5.161816,67.9082,10,3.1399,4.847896,2.5,0.9,50.1,54.3,53.4,4373,2148650,491.34,151.63639,154.107923,154.107923,0,0.86361,-1.607923,up,up,up,1,1,0.989566,1.607923,1,0,S4_grid_best_fixed_lambda,154.107923,best lambda=1; threshold=50,23749.251931,0,35623.877897,23749.251931,0,0,0,0.017503,0,0.021878,0.035129,0,0.015115
2019-04-27,2019-04-26,195,185,8900,7895,国内成品油价格按机制上调,https://www.ndrc.gov.cn/xwdt/ztzl/gncpyjg/201904/t20190426_1292997.html,190,8397.5,1,up,190,2019-04,71.609,10,2.342,3.381119,71.999,10,1.929,2.752961,64.576,10,1.712,2.723339,68.2875,10,1.8205,2.738953,69.7721,10,1.8639,2.744735,2.5,0.9,50.1,54.3,53.4,4373,2148650,491.34,90.746932,90.746932,90.746932,0,99.253068,99.253068,up,up,up,1,1,2.093735,-99.253068,0,1,S4_grid_best_fixed_lambda,90.746932,best lambda=1; threshold=50,8235.005667,0,12352.508501,4014.615181,0,0,0,0.006069,0,0.007586,0.005938,0,0.004305
2019-05-14,2019-05-13,-75,-75,8825,7820,国内成品油价格按机制下调,https://www.ndrc.gov.cn/xwdt/ztzl/gncpyjg/201905/t20190513_1292998.html,-75,8322.5,1,down,75,2019-05,70.745,10,-0.864,-1.206552,71.419,10,-0.58,-0.805567,62.357,10,-2.219,-3.436261,66.888,10,-1.3995,-2.049423,68.7004,10,-1.0717,-1.536001,2.7,0.6,49.4,54.3,53.3,4023,2107140,523.77,-49.336997,-49.336997,0,-49.336997,-25.663003,-75,down,no_adjust,down,0,1,,,,,S4_grid_best_fixed_lambda,0.0,best lambda=1; threshold=50,0,0,0,8235.005667,0,0,0,0,0,0,0.012181,0,0.001827
2019-05-28,2019-05-27,50,50,8875,7870,国内成品油价格按机制上调,https://www.ndrc.gov.cn/xwdt/ztzl/gncpyjg/201905/t20190527_1292999.html,50,8372.5,1,up,50,2019-05,70.948,10,0.203,0.286946,72.105,10,0.686,0.960529,61.413,10,-0.944,-1.513864,66.759,10,-0.129,-0.19286,68.8974,10,0.197,0.286752,2.7,0.6,49.4,54.3,53.3,4023,2107140,523.77,11.204112,-38.132885,0,-38.132885,38.795888,50,up,no_adjust,up,0,1,,,,,S4_grid_best_fixed_lambda,0.0,best lambda=1; threshold=50,0,0,0,0,0,0,0,0,0,0,0,0,0
2019-06-12,2019-06-11,-465,-445,8410,7425,国内成品油价格按机制下调,https://www.ndrc.gov.cn/xwdt/ztzl/gncpyjg/201906/t20190611_1293000.html,-455,7917.5,1,down,455,2019-06,63.872,10,-7.076,-9.973502,65.72,10,-6.385,-8.855142,54.59,10,-6.823,-11.110026,60.155,10,-6.604,-9.892299,62.381,10,-6.5164,-9.458122,2.7,0,49.4,54.2,53,3958,2017356.1,509.69,-309.152696,-347.285581,-347.285581,0,-145.847304,-107.714419,down,down,down,1,1,1.310161,107.714419,0,1,S4_grid_best_fixed_lambda,-347.285581,best lambda=1; threshold=50,0,0,0,120607.274771,0,0,0,0,0,0,0.178398,0,0.02676
2019-06-26,2019-06-25,-120,-115,8290,7310,国内成品油价格按机制下调,https://www.ndrc.gov.cn/xwdt/ztzl/gncpyjg/201906/t20190625_1293001.html,-117.5,7800,1,down,117.5,2019-06,62.586,10,-1.286,-2.013402,63.698,10,-2.022,-3.076689,54.078,10,-0.512,-0.937901,58.888,10,-1.267,-2.106226,60.812,10,-1.569,-2.515189,2.7,0,49.4,54.2,53,3958,2017356.1,509.69,-73.067661,-73.067661,-73.067661,0,-44.432339,-44.432339,down,down,down,1,1,1.608099,44.432339,0,1,S4_grid_best_fixed_lambda,-73.067661,best lambda=1; threshold=50,0,0,0,75195.467649,0,0,0,0,0,0,0.111226,0,0.016684
2019-07-10,2019-07-09,150,140,8440,7450,国内成品油价格按机制上调,https://www.ndrc.gov.cn/xwdt/ztzl/gncpyjg/201907/t20190709_1293002.html,145,7945,1,up,145,2019-07,64.565,10,1.979,3.162049,65.148,10,1.45,2.276367,57.858,10,3.78,6.989903,61.668,10,2.78,4.720826,63.192,10,2.38,3.913701,2.8,-0.3,49.7,53.7,53.1,4104,1960366.9,477.67,115.374713,115.374713,115.374713,0,29.625287,29.625287,up,up,up,1,1,1.256775,-29.625287,0,1,S4_grid_best_fixed_lambda,115.374713,best lambda=1; threshold=50,13311.3244,0,20765.666064,35510.528319,0,0,0,0.00981,0,0.012753,0.052526,0,0.01352
2019-07-23,2019-07-23,0,0,8440,7450,7月23日国内成品油价格不作调整,https://www.ndrc.gov.cn/xwdt/ztzl/gncpyjg/201907/t20190723_1293003.html,0,7945,0,no_adjust,0,2019-07,65.32,10,0.755,1.169364,64.51,10,-0.638,-0.979309,57.738,10,-0.12,-0.207404,61.124,10,-0.544,-0.882143,62.4784,10,-0.7136,-1.129257,2.8,-0.3,49.7,53.7,53.1,4104,1960366.9,477.67,-32.248819,-32.248819,0,-32.248819,32.248819,0,down,no_adjust,no_adjust,0,0,,,,,S4_grid_best_fixed_lambda,0.0,best lambda=1; threshold=50,0,0,0,13311.3244,0,0,0,0,0,0,0.01969,0,0.002953
2019-08-07,2019-08-06,-80,-70,8360,7380,国内成品油价格按机制下调,https://www.ndrc.gov.cn/xwdt/ztzl/gncpyjg/201908/t20190806_1293004.html,-75,7870,1,down,75,2019-08,63.634,10,-1.686,-2.581139,62.429,10,-2.081,-3.225856,56.176,10,-1.562,-2.705324,59.3025,10,-1.8215,-2.980008,60.5531,10,-1.9253,-3.081545,2.8,-0.8,49.5,53.8,53,4217,1979320.4,469.37,-90.069945,-122.318764,-122.318764,0,15.069945,47.318764,down,down,down,1,1,0.613152,-47.318764,1,0,S4_grid_best_fixed_lambda,-122.318764,best lambda=1; threshold=50,0,0,0,14961.880026,0,0,0,0,0,0,0.022131,0,0.00332
2019-08-21,2019-08-20,-210,-205,8150,7175,国内成品油价格按机制下调,https://www.ndrc.gov.cn/xwdt/ztzl/gncpyjg/201908/t20190820_1293005.html,-207.5,7662.5,1,down,207.5,2019-08,58.687,10,-4.947,-7.774146,57.837,10,-4.592,-7.355556,54.452,10,-1.724,-3.068926,56.1445,10,-3.158,-5.325239,56.8215,10,-3.7316,-6.162525,2.8,-0.8,49.5,53.8,53,4217,1979320.4,469.37,-176.264794,-176.264794,-176.264794,0,-31.235206,-31.235206,down,down,down,1,1,1.177206,31.235206,0,1,S4_grid_best_fixed_lambda,-176.264794,best lambda=1; threshold=50,0,0,0,2910.174153,0,0,0,0,0,0,0.004305,0,0.000646
2019-09-04,2019-09-03,115,105,8265,7280,国内成品油价格按机制上调,https://www.ndrc.gov.cn/xwdt/ztzl/gncpyjg/201909/t20190903_1293006.html,110,7772.5,1,up,110,2019-09,59.82,10,1.133,1.930581,59.576,10,1.739,3.006726,55.351,10,0.899,1.650995,57.5255,10,1.381,2.459724,58.3953,10,1.5738,2.769726,3,-1.2,49.8,53.7,53.1,4124,1854637.8,449.72,76.903647,76.903647,76.903647,0,33.096353,33.096353,up,up,up,1,1,1.430361,-33.096353,0,1,S4_grid_best_fixed_lambda,76.903647,best lambda=1; threshold=50,5914.170922,0,9462.673475,64094.259518,0,0,0,0.004359,0,0.005812,0.094806,0,0.016763
2019-09-19,2019-09-18,125,125,8390,7405,国内成品油价格按机制上调,https://www.ndrc.gov.cn/xwdt/ztzl/gncpyjg/201909/t20190918_1293007.html,125,7897.5,1,up,125,2019-09,62.196,10,2.376,3.971916,63.236,10,3.66,6.143413,57.216,10,1.865,3.369406,60.226,10,2.7005,4.69444,61.43,10,3.0347,5.196822,3,-1.2,49.8,53.7,53.1,4124,1854637.8,449.72,146.61635,146.61635,146.61635,0,-21.61635,-21.61635,up,up,up,1,1,0.852565,21.61635,1,0,S4_grid_best_fixed_lambda,146.61635,best lambda=1; threshold=50,21496.354087,0,34394.16654,4859.86096,0,0,0,0.015842,0,0.021123,0.007189,0,0.01032
2019-10-08,2019-10-08,0,0,8390,7405,10月8日国内成品油价格不作调整,https://www.ndrc.gov.cn/xwdt/ztzl/gncpyjg/201910/t20191008_1293008.html,0,7897.5,0,no_adjust,0,2019-10,60.635,10,-1.561,-2.509808,60.667,10,-2.569,-4.062559,54.416,10,-2.8,-4.893736,57.5415,10,-2.6845,-4.457377,58.7917,10,-2.6383,-4.294807,3.8,-1.6,49.3,52.8,52,4551,2073141.2,455.54,-124.0936,-124.0936,-124.0936,0,124.0936,124.0936,down,down,no_adjust,1,0,0,-124.0936,1,0,S4_grid_best_fixed_lambda,-124.0936,best lambda=1; threshold=50,0,0,0,73283.877029,0,0,0,0,0,0,0.108399,0,0.01626
2019-10-22,2019-10-21,-150,-145,8240,7260,国内成品油价格按机制下调,https://www.ndrc.gov.cn/xwdt/ztzl/gncpyjg/201910/t20191021_1293009.html,-147.5,7750,1,down,147.5,2019-10,59.452,10,-1.183,-1.951018,59.358,10,-1.309,-2.15768,53.38,10,-1.036,-1.903852,56.369,10,-1.1725,-2.03766,57.5646,10,-1.2271,-2.087199,3.8,-1.6,49.3,52.8,52,4551,2073141.2,455.54,-56.752531,-56.752531,-56.752531,0,-90.747469,-90.747469,down,down,down,1,1,2.599003,90.747469,0,1,S4_grid_best_fixed_lambda,-56.752531,best lambda=1; threshold=50,0,0,0,4534.819574,0,0,0,0,0,0,0.006708,0,0.001006
2019-11-05,2019-11-04,105,105,8345,7365,国内成品油价格按机制上调,https://www.ndrc.gov.cn/xwdt/ztzl/gncpyjg/201911/t20191104_1293010.html,105,7855,1,up,105,2019-11,60.853,10,1.401,2.356523,60.487,10,1.129,1.902018,55.187,10,1.807,3.385163,57.837,10,1.468,2.604268,58.897,10,1.3324,2.314617,4.5,-1.4,50.2,54.4,53.7,4574,2089499.4,456.82,65.384277,65.384277,65.384277,0,39.615723,39.615723,up,up,up,1,1,1.605891,-39.615723,0,1,S4_grid_best_fixed_lambda,65.384277,best lambda=1; threshold=50,4275.103679,0,8122.69699,14917.399868,0,0,0,0.003151,0,0.004989,0.022065,0,0.005345
2019-11-19,2019-11-18,70,65,8415,7430,国内成品油价格按机制上调,https://www.ndrc.gov.cn/xwdt/ztzl/gncpyjg/201911/t20191118_1293011.html,67.5,7922.5,1,up,67.5,2019-11,62.494,10,1.641,2.696662,62.477,10,1.99,3.289963,56.715,10,1.528,2.768768,59.4755,10,1.6385,2.832962,60.5797,10,1.6827,2.857022,4.5,-1.4,50.2,54.4,53.7,4574,2089499.4,456.82,82.100247,82.100247,82.100247,0,-14.600247,-14.600247,up,up,up,1,1,0.822166,14.600247,1,0,S4_grid_best_fixed_lambda,82.100247,best lambda=1; threshold=50,6740.450557,0,12806.856059,279.423653,0,0,0,0.004968,0,0.007865,0.000413,0,0.00327
2019-12-03,2019-12-02,55,50,8470,7480,国内成品油价格按机制上调,https://www.ndrc.gov.cn/xwdt/ztzl/gncpyjg/201912/t20191202_1293012.html,52.5,7975,1,up,52.5,2019-12,63.671,10,1.177,1.883381,64.251,10,1.774,2.839445,57.432,10,0.717,1.264216,60.7735,10,1.298,2.182411,62.1101,10,1.5304,2.526259,4.5,-0.5,50.2,53.5,53.4,4548,2192920,482.17,74.832641,74.832641,74.832641,0,-22.332641,-22.332641,up,up,up,1,1,0.701566,22.332641,1,0,S4_grid_best_fixed_lambda,74.832641,best lambda=1; threshold=50,5599.924159,0,10639.855902,52.818097,0,0,0,0.004127,0,0.006534,0.000078,0,0.002677
2019-12-16,2019-12-16,0,0,8470,7480,12月16日国内成品油价格不作调整,https://www.ndrc.gov.cn/xwdt/ztzl/gncpyjg/201912/t20191216_1293013.html,0,7975,0,no_adjust,0,2019-12,64.769,10,1.098,1.72449,65.606,10,1.355,2.108917,58.444,10,1.012,1.762084,62.025,10,1.2515,2.059286,63.4574,10,1.3473,2.169212,4.5,-0.5,50.2,53.5,53.4,4548,2192920,482.17,66.095291,66.095291,66.095291,0,-66.095291,-66.095291,up,up,no_adjust,1,0,0,66.095291,1,0,S4_grid_best_fixed_lambda,66.095291,best lambda=1; threshold=50,4368.587492,0,8300.316236,76.341285,0,0,0,0.00322,0,0.005098,0.000113,0,0.002096
2019-12-31,2019-12-30,235,230,8705,7710,国内成品油价格按机制上调,https://www.ndrc.gov.cn/xwdt/ztzl/gncpyjg/201912/t20191230_1293014.html,232.5,8207.5,1,up,232.5,2019-12,67.828,10,3.059,4.722938,68.687,10,3.081,4.696217,60.902,10,2.458,4.205735,64.7945,10,2.7695,4.465135,66.3515,10,2.8941,4.560697,4.5,-0.5,50.2,53.5,53.4,4548,2192920,482.17,139.907057,139.907057,139.907057,0,92.592943,92.592943,up,up,up,1,1,1.661818,-92.592943,0,1,S4_grid_best_fixed_lambda,139.907057,best lambda=1; threshold=50,19573.984598,0,37190.570737,5448.1768,0,0,0,0.014426,0,0.022841,0.008059,0,0.010525
2020-01-14,2020-01-14,0,0,8705,7710,1月14日国内成品油价格不作调整,https://www.ndrc.gov.cn/xwdt/ztzl/gncpyjg/202001/t20200114_1293015.html,0,8207.5,0,no_adjust,0,2020-01,68.373,10,0.545,0.803503,67.599,10,-1.088,-1.583997,60.934,10,0.032,0.052543,64.2665,10,-0.528,-0.814884,65.5995,10,-0.752,-1.133358,5.4,0.1,50,54.1,53,,,,-34.081229,-34.081229,0,-34.081229,34.081229,0,down,no_adjust,no_adjust,0,0,,,,,S4_grid_best_fixed_lambda,0.0,best lambda=1; threshold=50,0,0,0,19573.984598,0,0,0,0,0,0,0.028953,0,0.004343
2020-02-05,2020-02-04,-420,-405,8285,7305,国内成品油价格按机制下调,https://www.ndrc.gov.cn/xwdt/ztzl/gncpyjg/202002/t20200204_1293016.html,-412.5,7795,1,down,412.5,2020-02,61.266,10,-7.107,-10.394454,59.323,10,-8.276,-12.242785,53.815,10,-7.119,-11.683133,56.569,10,-7.6975,-11.977469,57.6706,10,-7.9289,-12.08683,5.2,-0.4,35.7,29.6,28.9,8609,4218444.2,490,-376.555799,-410.637029,-410.637029,0,-35.944201,-1.862971,down,down,down,1,1,1.004537,1.862971,0,1,S4_grid_best_fixed_lambda,-410.637029,best lambda=1; threshold=50,0,0,0,168622.769586,0,0,0,0,0,0,0.249421,0,0.037413
2020-02-19,2020-02-18,-415,-400,7870,6905,国内成品油价格按机制下调,https://www.ndrc.gov.cn/xwdt/ztzl/gncpyjg/202002/t20200218_1293017.html,-407.5,7387.5,1,down,407.5,2020-02,55.451,10,-5.815,-9.491398,55.344,10,-3.979,-6.707348,50.596,10,-3.219,-5.981604,52.7785,10,-3.7905,-6.700666,53.6515,10,-4.0191,-6.969062,5.2,-0.4,35.7,29.6,28.9,8609,4218444.2,490,-189.98401,-189.98401,-189.98401,0,-217.51599,-217.51599,down,down,down,1,1,2.144917,217.51599,0,1,S4_grid_best_fixed_lambda,-189.98401,best lambda=1; threshold=50,0,0,0,48687.754794,0,0,0,0,0,0,0.072017,0,0.010803
2020-03-03,2020-03-03,0,0,7870,6905,3月3日国内成品油价格不作调整,https://www.ndrc.gov.cn/xwdt/ztzl/gncpyjg/202003/t20200303_1293018.html,0,7387.5,0,no_adjust,0,2020-03,55.218,10,-0.233,-0.420191,55.822,10,0.478,0.863689,50.113,10,-0.483,-0.954621,52.9675,10,0.189,0.3581,54.1093,10,0.4578,0.853285,4.3,-1.5,52,52.3,52.3,4110,1673864.3,407.27,23.64923,23.64923,0,23.64923,-23.64923,0,up,no_adjust,no_adjust,0,0,,,,,S4_grid_best_fixed_lambda,0.0,best lambda=1; threshold=50,0,0,0,36093.924056,0,0,0,0,0,0,0.053389,0,0.008008
2020-03-18,2020-03-17,-1015,-975,6855,5930,国内成品油价格按机制下调,https://www.ndrc.gov.cn/xwdt/ztzl/gncpyjg/202003/t20200317_1293019.html,-995,6392.5,1,down,995,2020-03,40.882,10,-14.336,-25.962548,39.759,10,-16.063,-28.775393,37.198,10,-12.915,-25.771756,38.4785,10,-14.489,-27.35451,38.9907,10,-15.1186,-27.940853,4.3,-1.5,52,52.3,52.3,4110,1673864.3,407.27,-719.641173,-695.991942,-695.991942,0,-275.358827,-299.008058,down,down,down,1,1,1.429614,299.008058,0,1,S4_grid_best_fixed_lambda,-695.991942,best lambda=1; threshold=50,0,0,0,484404.783329,0,0,0,0,0,0,0.716514,0,0.107477
2020-03-31,2020-03-31,0,0,6855,5930,3月31日国内成品油价格不作调整,https://www.ndrc.gov.cn/xwdt/ztzl/gncpyjg/202003/t20200331_1293020.html,0,6392.5,0,no_adjust,0,2020-03,26.312,10,-14.57,-35.639157,23.929,10,-15.83,-39.814885,20.33,10,-16.868,-45.346524,22.1295,10,-16.349,-42.488662,22.8493,10,-16.1414,-41.398077,4.3,-1.5,52,52.3,52.3,4110,1673864.3,407.27,-768.448177,-768.448177,-768.448177,0,768.448177,768.448177,down,down,no_adjust,1,0,0,-768.448177,1,0,S4_grid_best_fixed_lambda,-768.448177,best lambda=1; threshold=50,0,0,0,5249.90599,0,0,0,0,0,0,0.007765,0,0.001165
2020-04-15,2020-04-15,0,0,6855,5930,4月15日国内成品油价格不作调整,https://www.ndrc.gov.cn/xwdt/ztzl/gncpyjg/202004/t20200415_1293021.html,0,6392.5,0,no_adjust,0,2020-04,21.137,10,-5.175,-19.667832,20.545,10,-3.384,-14.141836,23.446,10,3.116,15.327103,21.5825,10,-0.547,-2.471814,21.1675,10,-1.6818,-7.360401,3.3,-3.1,50.8,53.2,53.4,4043,1088790.5,269.3,-78.450366,-78.450366,-78.450366,0,78.450366,78.450366,down,down,no_adjust,1,0,0,-78.450366,1,0,S4_grid_best_fixed_lambda,-78.450366,best lambda=1; threshold=50,0,0,0,476096.979185,0,0,0,0,0,0,0.704226,0,0.105634
2020-04-28,2020-04-28,0,0,6855,5930,4月28日国内成品油价格不作调整,https://www.ndrc.gov.cn/xwdt/ztzl/gncpyjg/202004/t20200428_1293022.html,0,6392.5,0,no_adjust,0,2020-04,15.699,10,-5.438,-25.727397,16.633,10,-3.912,-19.041129,10.703,10,-12.743,-54.350422,13.668,10,-7.9145,-36.670914,14.854,10,-6.3135,-29.826385,3.3,-3.1,50.8,53.2,53.4,4043,1088790.5,269.3,-299.470509,-299.470509,-299.470509,0,299.470509,299.470509,down,down,no_adjust,1,0,0,-299.470509,1,0,S4_grid_best_fixed_lambda,-299.470509,best lambda=1; threshold=50,0,0,0,48849.903612,0,0,0,0,0,0,0.072257,0,0.010839
2020-05-14,2020-05-14,0,0,6855,5930,5月14日国内成品油价格不作调整,https://www.ndrc.gov.cn/xwdt/ztzl/gncpyjg/202005/t20200514_1293023.html,0,6392.5,0,no_adjust,0,2020-05,21.067,10,5.368,34.193261,22.884,10,6.251,37.581915,23.142,10,12.439,116.219751,22.5285,10,8.8605,64.826602,22.6707,10,7.8167,52.623536,2.4,-3.7,50.6,53.6,53.4,4797,946857.4,197.39,374.80866,374.80866,374.80866,0,-374.80866,-374.80866,up,up,no_adjust,1,0,0,374.80866,1,0,S4_grid_best_fixed_lambda,374.80866,best lambda=1; threshold=50,140481.531611,0,207912.666784,454652.397747,0,0,0,0.103532,0,0.12769,0.672505,0,0.158681
2020-05-28,2020-05-28,0,0,6855,5930,5月28日国内成品油价格不作调整,https://www.ndrc.gov.cn/xwdt/ztzl/gncpyjg/202005/t20200528_1293024.html,0,6392.5,0,no_adjust,0,2020-05,27.658,10,6.591,31.285897,32.509,10,9.625,42.059955,31.519,10,8.377,36.198254,32.014,10,9.4855,42.104445,32.212,10,9.5413,42.086482,2.4,-3.7,50.6,53.6,53.4,4797,946857.4,197.39,457.104867,457.104867,457.104867,0,-457.104867,-457.104867,up,up,no_adjust,1,0,0,457.104867,1,0,S4_grid_best_fixed_lambda,457.104867,best lambda=1; threshold=50,208944.859435,0,309238.391964,6772.665687,0,0,0,0.153989,0,0.189919,0.010018,0,0.08748
2020-06-11,2020-06-11,0,0,6855,5930,6月11日国内成品油价格不作调整,https://www.ndrc.gov.cn/xwdt/ztzl/gncpyjg/202006/t20200611_1293025.html,0,6392.5,0,no_adjust,0,2020-06,34.672,10,7.014,25.359751,38.127,10,5.618,17.281368,37.254,10,5.735,18.195374,37.6905,10,5.6765,17.731305,37.8651,10,5.6531,17.549671,2.5,-3,50.9,54.4,54.2,521,273937.7,525.79,271.563808,271.563808,271.563808,0,-271.563808,-271.563808,up,up,no_adjust,1,0,0,271.563808,1,0,S4_grid_best_fixed_lambda,271.563808,best lambda=1; threshold=50,73746.901815,0,110620.352723,34425.484575,0,0,0,0.05435,0,0.067938,0.050921,0,0.03821
2020-06-29,2020-06-28,120,110,6975,6040,国内成品油价格按机制上调,https://www.ndrc.gov.cn/xwdt/ztzl/gncpyjg/202006/t20200628_1293026.html,115,6507.5,1,up,115,2020-06,37.873,10,3.201,9.232234,41.321,10,3.194,8.377265,38.785,10,1.531,4.109626,40.053,10,2.3625,6.268158,40.5602,10,2.6951,7.117636,2.5,-3,50.9,54.4,54.2,521,273937.7,525.79,130.410974,130.410974,130.410974,0,-15.410974,-15.410974,up,up,up,1,1,0.881828,15.410974,1,0,S4_grid_best_fixed_lambda,130.410974,best lambda=1; threshold=50,17007.02214,0,25510.533209,19924.122546,0,0,0,0.012534,0,0.015667,0.029471,0,0.011471
2020-07-11,2020-07-10,100,100,7075,6140,国内成品油价格按机制上调,https://www.ndrc.gov.cn/xwdt/ztzl/gncpyjg/202007/t20200710_1293027.html,100,6607.5,1,up,100,2020-07,41.56,10,3.687,9.735168,42.451,10,1.13,2.734687,39.823,10,1.038,2.676292,41.05,10,0.997,2.489202,41.5408,10,0.9806,2.417641,2.7,-2.4,51.1,54.2,54.1,5129,1434135.2,279.61,48.596729,48.596729,0,48.596729,51.403271,100,up,no_adjust,up,0,1,,,,,S4_grid_best_fixed_lambda,0.0,best lambda=1; threshold=50,0,0,0,17007.02214,0,0,0,0,0,0,0.025156,0,0.003773
2020-07-24,2020-07-24,0,0,7075,6140,7月24日国内成品油价格不作调整,https://www.ndrc.gov.cn/xwdt/ztzl/gncpyjg/202007/t20200724_1293028.html,0,6607.5,0,no_adjust,0,2020-07,43.719,10,2.159,5.194899,43.484,10,1.033,2.433394,40.887,10,1.064,2.671823,42.1855,10,1.1355,2.766139,42.7049,10,1.1641,2.802305,2.7,-2.4,51.1,54.2,54.1,5129,1434135.2,279.61,57.353168,105.949897,105.949897,0,-57.353168,-105.949897,up,up,no_adjust,1,0,0,105.949897,1,0,S4_grid_best_fixed_lambda,105.949897,best lambda=1; threshold=50,11225.380674,0,17287.086238,11225.380674,0,0,0,0.008273,0,0.010617,0.016604,0,0.007213
2020-08-07,2020-08-07,0,0,7075,6140,8月7日国内成品油价格不作调整,https://www.ndrc.gov.cn/xwdt/ztzl/gncpyjg/202008/t20200807_1293029.html,0,6607.5,0,no_adjust,0,2020-08,43.832,10,0.113,0.258469,43.712,10,0.228,0.524331,41.134,10,0.247,0.604104,42.423,10,0.2375,0.56299,42.9386,10,0.2337,0.547244,2.4,-2,51,55.2,54.5,4748,1492292.6,314.3,12.9554,12.9554,0,12.9554,-12.9554,0,up,no_adjust,no_adjust,0,0,,,,,S4_grid_best_fixed_lambda,0.0,best lambda=1; threshold=50,0,0,0,11225.380674,0,0,0,0,0,0,0.016604,0,0.002491
2020-08-22,2020-08-21,85,80,7160,6220,国内成品油价格按机制上调,https://www.ndrc.gov.cn/xwdt/ztzl/gncpyjg/202008/t20200821_1293030.html,82.5,6690,1,up,82.5,2020-08,45.08,10,1.248,2.847235,44.678,10,0.966,2.209919,42.285,10,1.151,2.798172,43.4815,10,1.0585,2.495109,43.9601,10,1.0215,2.378978,2.4,-2,51,55.2,54.5,4748,1492292.6,314.3,50.548437,63.503837,63.503837,0,31.951563,18.996163,up,up,up,1,1,1.299134,-18.996163,0,1,S4_grid_best_fixed_lambda,63.503837,best lambda=1; threshold=50,4032.737314,0,5968.451224,4032.737314,0,0,0,0.002972,0,0.003666,0.005965,0,0.002554
2020-09-04,2020-09-04,0,0,7160,6220,9月4日国内成品油价格不作调整,https://www.ndrc.gov.cn/xwdt/ztzl/gncpyjg/202009/t20200904_1293031.html,0,6690,0,no_adjust,0,2020-09,45.312,10,0.232,0.514641,44.593,10,-0.085,-0.19025,42.65,10,0.365,0.86319,43.622,10,0.1405,0.323126,44.0104,10,0.0503,0.114422,1.7,-2.1,51.5,55.9,55.1,100,101019.8,1010.2,4.203733,4.203733,0,4.203733,-4.203733,0,up,no_adjust,no_adjust,0,0,,,,,S4_grid_best_fixed_lambda,0.0,best lambda=1; threshold=50,0,0,0,4032.737314,0,0,0,0,0,0,0.005965,0,0.000895
2020-09-19,2020-09-18,-315,-300,6845,5920,国内成品油价格按机制下调,https://www.ndrc.gov.cn/xwdt/ztzl/gncpyjg/202009/t20200918_1293032.html,-307.5,6382.5,1,down,307.5,2020-09,40.604,10,-4.708,-10.390184,40.004,10,-4.589,-10.290853,38.726,10,-3.924,-9.200469,39.4675,10,-4.1545,-9.523864,39.7641,10,-4.2463,-9.648401,1.7,-2.1,51.5,55.9,55.1,100,101019.8,1010.2,-200.825769,-196.622036,-196.622036,0,-106.674231,-110.877964,down,down,down,1,1,1.563914,110.877964,0,1,S4_grid_best_fixed_lambda,-196.622036,best lambda=1; threshold=50,0,0,0,38660.225041,0,0,0,0,0,0,0.057185,0,0.008578
2020-10-09,2020-10-09,0,0,6845,5920,10月9日国内成品油价格不作调整,https://www.ndrc.gov.cn/xwdt/ztzl/gncpyjg/202010/t20201009_1293033.html,0,6382.5,0,no_adjust,0,2020-10,40.459,10,-0.145,-0.357108,40.455,10,0.451,1.127387,39.552,10,0.826,2.132934,40.0035,10,0.536,1.358079,40.1841,10,0.42,1.056229,0.5,-2.1,51.4,56.2,55.3,4256,1327523.7,311.92,21.845452,21.845452,0,21.845452,-21.845452,0,up,no_adjust,no_adjust,0,0,,,,,S4_grid_best_fixed_lambda,0.0,best lambda=1; threshold=50,0,0,0,38660.225041,0,0,0,0,0,0,0.057185,0,0.008578
2020-10-23,2020-10-22,80,70,6925,5990,国内成品油价格按机制上调,https://www.ndrc.gov.cn/xwdt/ztzl/gncpyjg/202010/t20201022_1293034.html,75,6457.5,1,up,75,2020-10,41.108,10,0.649,1.604093,41.323,10,0.868,2.145594,40.507,10,0.955,2.414543,40.915,10,0.9115,2.278551,41.0782,10,0.8941,2.225009,0.5,-2.1,51.4,56.2,55.3,4256,1327523.7,311.92,44.469035,66.314486,66.314486,0,30.530965,8.685514,up,up,up,1,1,1.130975,-8.685514,0,1,S4_grid_best_fixed_lambda,66.314486,best lambda=1; threshold=50,4397.611053,0,4837.372159,4397.611053,0,0,0,0.003241,0,0.002971,0.006505,0,0.002529
2020-11-06,2020-11-05,-160,-150,6765,5840,国内成品油价格按机制下调,https://www.ndrc.gov.cn/xwdt/ztzl/gncpyjg/202011/t20201105_1293035.html,-155,6302.5,1,down,155,2020-11,38.617,10,-2.491,-6.059648,38.715,10,-2.608,-6.311255,37.978,10,-2.529,-6.243365,38.3465,10,-2.5685,-6.277649,38.4939,10,-2.5843,-6.291171,-0.5,-1.5,52.1,56.4,55.7,280,42203,150.72,-121.516773,-121.516773,-121.516773,0,-33.483227,-33.483227,down,down,down,1,1,1.275544,33.483227,0,1,S4_grid_best_fixed_lambda,-121.516773,best lambda=1; threshold=50,0,0,0,35280.581858,0,0,0,0,0,0,0.052186,0,0.007828
2020-11-20,2020-11-19,150,145,6915,5985,2020年11月19日24时起国内成品油价格按机制上调,https://www.ndrc.gov.cn/xwdt/ztzl/gncpyjg/202011/t20201119_1293036.html,147.5,6450,1,up,147.5,2020-11,41.788,10,3.171,8.211409,41.506,10,2.791,7.209092,40.284,10,2.306,6.071936,40.895,10,2.5485,6.645978,41.1394,10,2.6455,6.872517,-0.5,-1.5,52.1,56.4,55.7,280,42203,150.72,128.044111,128.044111,128.044111,0,19.455889,19.455889,up,up,up,1,1,1.151947,-19.455889,0,1,S4_grid_best_fixed_lambda,128.044111,best lambda=1; threshold=50,16395.294362,0,16395.294362,62280.634823,0,0,0,0.012083,0,0.010069,0.092123,0,0.019357
2020-12-04,2020-12-03,250,240,7165,6225,2020年12月3日24时起国内成品油价格按机制上调,https://www.ndrc.gov.cn/xwdt/ztzl/gncpyjg/202012/t20201203_1293037.html,245,6695,1,up,245,2020-12,45.697,10,3.909,9.35436,46.068,10,4.562,10.991182,43.461,10,3.177,7.886506,44.377,10,3.482,8.514488,44.7434,10,3.604,8.760458,0.2,-0.4,51.9,55.7,55.1,3847,1245360,323.72,173.782783,173.782783,173.782783,0,71.217217,71.217217,up,up,up,1,1,1.409806,-71.217217,0,1,S4_grid_best_fixed_lambda,173.782783,best lambda=1; threshold=50,30200.455667,0,31408.473894,2092.026116,0,0,0,0.022257,0,0.01929,0.003094,0,0.010851
2020-12-18,2020-12-17,155,150,7320,6375,2020年12月17日24时起国内成品油价格按机制上调,https://www.ndrc.gov.cn/xwdt/ztzl/gncpyjg/202012/t20201217_1293038.html,152.5,6847.5,1,up,152.5,2020-12,48.751,10,3.054,6.683152,49.596,10,3.528,7.658244,46.453,10,2.992,6.884333,48.0245,10,3.6475,8.219348,48.6531,10,3.9097,8.738049,0.2,-0.4,51.9,55.7,55.1,3847,1245360,323.72,188.370484,188.370484,188.370484,0,-35.870484,-35.870484,up,up,up,1,1,0.809575,35.870484,1,0,S4_grid_best_fixed_lambda,188.370484,best lambda=1; threshold=50,35483.439242,0,36902.776812,212.80102,0,0,0,0.026151,0,0.022664,0.000315,0,0.012251
2021-01-01,2020-12-31,90,85,7410,6460,2020年12月31日24时起国内成品油价格按机制上调,https://www.ndrc.gov.cn/xwdt/ztzl/gncpyjg/202012/t20201231_1293039.html,87.5,6935,1,up,87.5,2021-01,50.063,10,1.312,2.691227,50.868,10,1.272,2.564723,47.976,10,1.523,3.278583,49.422,10,1.3975,2.909973,50.0004,10,1.3473,2.769197,-0.3,0.3,51.3,52.4,52.8,4459,1612834.7,3617.03,66.095291,66.095291,66.095291,0,21.404709,21.404709,up,up,up,1,1,1.323846,-21.404709,0,1,S4_grid_best_fixed_lambda,66.095291,best lambda=1; threshold=50,4368.587492,0,4368.587492,14951.222823,0,0,0,0.00322,0,0.002683,0.022115,0,0.004793
2021-01-16,2021-01-15,185,180,7595,6640,2021年1月15日24时起国内成品油价格按机制上调,https://www.ndrc.gov.cn/xwdt/ztzl/gncpyjg/202101/t20210115_1293040.html,182.5,7117.5,1,up,182.5,2021-01,53.503,10,3.44,6.871342,53.986,10,3.118,6.12959,51.033,10,3.057,6.371936,52.5095,10,3.0875,6.247218,53.1001,10,3.0997,6.19935,-0.3,0.3,51.3,52.4,52.8,4459,1612834.7,3617.03,149.718085,149.718085,149.718085,0,32.781915,32.781915,up,up,up,1,1,1.218958,-32.781915,0,1,S4_grid_best_fixed_lambda,149.718085,best lambda=1; threshold=50,22415.504976,0,22415.504976,6992.771676,0,0,0,0.01652,0,0.013767,0.010343,0,0.009123
2021-01-30,2021-01-29,75,70,7670,6710,2021年1月29日24时起国内成品油价格按机制上调,https://www.ndrc.gov.cn/xwdt/ztzl/gncpyjg/202101/t20210129_1293041.html,72.5,7190,1,up,72.5,2021-01,54.842,10,1.339,2.502663,55.159,10,1.173,2.172786,52.749,10,1.716,3.36253,54.0315,10,1.522,2.898523,54.5445,10,1.4444,2.720146,-0.3,0.3,51.3,52.4,52.8,4459,1612834.7,3617.03,70.728806,70.728806,70.728806,0,1.771194,1.771194,up,up,up,1,1,1.025042,-1.771194,0,1,S4_grid_best_fixed_lambda,70.728806,best lambda=1; threshold=50,5002.563998,0,5002.563998,6239.306197,0,0,0,0.003687,0,0.003072,0.009229,0,0.003074
2021-02-19,2021-02-18,275,265,7945,6975,2021年2月18日24时起国内成品油价格按机制上调,https://www.ndrc.gov.cn/xwdt/ztzl/gncpyjg/202102/t20210218_1293042.html,270,7460,1,up,270,2021-02,60.706,10,5.864,10.692535,61.666,10,6.507,11.796806,58.252,10,5.503,10.432425,59.7105,10,5.679,10.510536,60.2939,10,5.7494,10.540751,-0.2,1.7,50.6,51.4,51.6,4498,1783365.6,396.48,276.159149,276.159149,276.159149,0,-6.159149,-6.159149,up,up,up,1,1,0.977697,6.159149,1,0,S4_grid_best_fixed_lambda,276.159149,best lambda=1; threshold=50,76263.875576,0,76263.875576,42201.625825,0,0,0,0.056205,0,0.046838,0.062423,0,0.035124
2021-03-04,2021-03-03,260,250,8205,7225,2021年3月3日24时起国内成品油价格按机制上调,https://www.ndrc.gov.cn/xwdt/ztzl/gncpyjg/202103/t20210303_1293043.html,255,7715,1,up,255,2021-03,63.35,10,2.644,4.355418,64.897,10,3.231,5.239516,61.237,10,2.985,5.124288,63.067,10,3.3565,5.621289,63.799,10,3.5051,5.813358,0.4,4.4,51.9,56.3,55.3,4966,2267884.9,456.68,169.063372,169.063372,169.063372,0,85.936628,85.936628,up,up,up,1,1,1.50831,-85.936628,0,1,S4_grid_best_fixed_lambda,169.063372,best lambda=1; threshold=50,28582.423752,0,30869.017652,11469.505451,0,0,0,0.021065,0,0.018958,0.016965,0,0.012551
2021-03-18,2021-03-17,235,230,8440,7455,2021年3月17日24时起国内成品油价格按机制上调,https://www.ndrc.gov.cn/xwdt/ztzl/gncpyjg/202103/t20210317_1293044.html,232.5,7947.5,1,up,232.5,2021-03,66.413,10,3.063,4.835043,67.947,10,3.05,4.699755,64.651,10,3.414,5.575061,66.299,10,3.232,5.124709,66.9582,10,3.1592,4.951802,0.4,4.4,51.9,56.3,55.3,4966,2267884.9,456.68,152.557367,152.557367,152.557367,0,79.942633,79.942633,up,up,up,1,1,1.524017,-79.942633,0,1,S4_grid_best_fixed_lambda,152.557367,best lambda=1; threshold=50,23273.750226,0,25135.650244,272.448201,0,0,0,0.017152,0,0.015437,0.000403,0,0.008208
2021-04-01,2021-03-31,-225,-220,8215,7235,2021年3月31日24时起国内成品油价格按机制下调,https://www.ndrc.gov.cn/xwdt/ztzl/gncpyjg/202103/t20210331_1293045.html,-222.5,7725,1,down,222.5,2021-04,63.154,10,-3.259,-4.907172,63.371,10,-4.576,-6.734661,60.772,10,-3.879,-5.999907,62.0715,10,-4.2275,-6.376416,62.5913,10,-4.3669,-6.52183,0.9,6.8,51.1,54.9,53.8,4036,1839330.1,455.73,-206.580682,-206.580682,-206.580682,0,-15.919318,-15.919318,down,down,down,1,1,1.077061,15.919318,0,1,S4_grid_best_fixed_lambda,-206.580682,best lambda=1; threshold=50,0,0,0,128980.13824,0,0,0,0,0,0,0.190783,0,0.028617
2021-04-15,2021-04-15,0,0,8215,7235,2021年4月15日国内成品油价格不作调整,https://www.ndrc.gov.cn/xwdt/ztzl/gncpyjg/202104/t20210415_1293046.html,0,7725,0,no_adjust,0,2021-04,61.748,10,-1.406,-2.226304,62.928,10,-0.443,-0.699058,60.039,10,-0.733,-1.206148,61.5745,10,-0.497,-0.80069,62.1159,10,-0.4754,-0.75953,0.9,6.8,51.1,54.9,53.8,4036,1839330.1,455.73,-20.882151,-20.882151,0,-20.882151,20.882151,0,down,no_adjust,no_adjust,0,0,,,,,S4_grid_best_fixed_lambda,0.0,best lambda=1; threshold=50,0,0,0,42675.578176,0,0,0,0,0,0,0.063124,0,0.009469
2021-04-29,2021-04-28,100,95,8315,7330,2021年4月28日24时起国内成品油价格按机制上调,https://www.ndrc.gov.cn/xwdt/ztzl/gncpyjg/202104/t20210428_1293047.html,97.5,7822.5,1,up,97.5,2021-04,64.138,10,2.39,3.870571,65.669,10,2.741,4.355772,62.569,10,2.53,4.213928,64.119,10,2.5445,4.132392,64.739,10,2.6231,4.222912,0.9,6.8,51.1,54.9,53.8,4036,1839330.1,455.73,126.975205,106.093054,106.093054,0,-29.475205,-8.593054,up,up,up,1,1,0.919005,8.593054,1,0,S4_grid_best_fixed_lambda,106.093054,best lambda=1; threshold=50,11255.736107,0,13281.768606,11255.736107,0,0,0,0.008295,0,0.008157,0.016649,0,0.00661
2021-05-15,2021-05-14,100,100,8415,7430,2021年5月14日24时起国内成品油价格按机制上调,https://www.ndrc.gov.cn/xwdt/ztzl/gncpyjg/202105/t20210514_1293048.html,100,7922.5,1,up,100,2021-05,66.717,10,2.579,4.021017,68.638,10,2.969,4.521159,64.901,10,2.332,3.727085,66.7965,10,2.6775,4.175829,67.5331,10,2.7941,4.315946,1.3,9,51,55.2,54.2,4095,2039882.1,498.14,135.135156,135.135156,135.135156,0,-35.135156,-35.135156,up,up,up,1,1,0.74,35.135156,1,0,S4_grid_best_fixed_lambda,135.135156,best lambda=1; threshold=50,18261.510387,0,23009.503088,843.443689,0,0,0,0.013458,0,0.014131,0.001248,0,0.007085
2021-05-28,2021-05-28,0,0,8415,7430,2021年5月28日国内成品油价格不作调整,https://www.ndrc.gov.cn/xwdt/ztzl/gncpyjg/202105/t20210528_1293049.html,0,7922.5,0,no_adjust,0,2021-05,66.662,10,-0.055,-0.082438,68.24,10,-0.398,-0.579854,65.157,10,0.256,0.394447,66.6985,10,-0.098,-0.146714,67.3151,10,-0.218,-0.322805,1.3,9,51,55.2,54.2,4095,2039882.1,498.14,-8.599277,-8.599277,0,-8.599277,8.599277,0,down,no_adjust,no_adjust,0,0,,,,,S4_grid_best_fixed_lambda,0.0,best lambda=1; threshold=50,0,0,0,18261.510387,0,0,0,0,0,0,0.027012,0,0.004052
2021-06-12,2021-06-11,175,170,8590,7600,2021年6月11日24时起国内成品油价格按机制上调,https://www.ndrc.gov.cn/xwdt/ztzl/gncpyjg/202106/t20210611_1293050.html,172.5,8095,1,up,172.5,2021-06,69.738,10,3.076,4.614323,70.667,10,2.427,3.556565,68.771,10,3.614,5.546603,69.719,10,3.0205,4.528588,70.0982,10,2.7831,4.134436,1.1,8.8,50.9,53.5,52.9,4012,2071889.6,516.42,134.610247,126.010969,126.010969,0,37.889753,46.489031,up,up,up,1,1,1.368928,-46.489031,0,1,S4_grid_best_fixed_lambda,126.010969,best lambda=1; threshold=50,15878.764308,0,19372.092456,15878.764308,0,0,0,0.011702,0,0.011897,0.023487,0,0.009423
2021-06-29,2021-06-28,225,215,8815,7815,2021年6月28日24时起国内成品油价格按机制上调,https://www.ndrc.gov.cn/xwdt/ztzl/gncpyjg/202106/t20210628_1293051.html,220,8315,1,up,220,2021-06,72.892,10,3.154,4.522642,74.258,10,3.591,5.08158,72.515,10,3.744,5.444155,73.3865,10,3.6675,5.260402,73.7351,10,3.6369,5.188293,1.1,8.8,50.9,53.5,52.9,4012,2071889.6,516.42,175.352738,175.352738,175.352738,0,44.647262,44.647262,up,up,up,1,1,1.254614,-44.647262,0,1,S4_grid_best_fixed_lambda,175.352738,best lambda=1; threshold=50,30748.582724,0,37513.270923,2434.610168,0,0,0,0.022661,0,0.023039,0.003601,0,0.011965
2021-07-13,2021-07-12,70,65,8885,7880,2021年7月12日24时起国内成品油价格按机制上调,https://www.ndrc.gov.cn/xwdt/ztzl/gncpyjg/202107/t20210712_1293052.html,67.5,8382.5,1,up,67.5,2021-07,74.224,10,1.332,1.827361,76.197,10,1.939,2.611166,73.793,10,1.278,1.762394,74.9005,10,1.514,2.06305,75.3435,10,1.6084,2.181322,1,9,50.4,53.3,52.4,4117,2208676.2,536.48,78.554724,78.554724,78.554724,0,-11.054724,-11.054724,up,up,up,1,1,0.859274,11.054724,1,0,S4_grid_best_fixed_lambda,78.554724,best lambda=1; threshold=50,6170.844663,0,7405.013595,9369.855514,0,0,0,0.004548,0,0.004548,0.01386,0,0.004353
2021-07-27,2021-07-26,-100,-95,8785,7785,2021年7月26日24时起国内成品油价格按机制下调,https://www.ndrc.gov.cn/xwdt/ztzl/gncpyjg/202107/t20210726_1293053.html,-97.5,8285,1,down,97.5,2021-07,72.683,10,-1.541,-2.076148,74.001,10,-2.196,-2.882003,71.436,10,-2.357,-3.19407,72.7185,10,-2.182,-2.913198,73.2315,10,-2.112,-2.803162,1,9,50.4,53.3,52.4,4117,2208676.2,536.48,-98.979084,-98.979084,-98.979084,0,1.479084,1.479084,down,down,down,1,1,0.985057,-1.479084,1,0,S4_grid_best_fixed_lambda,-98.979084,best lambda=1; threshold=50,0,0,0,31518.252983,0,0,0,0,0,0,0.046621,0,0.006993
2021-08-09,2021-08-09,0,0,8785,7785,2021年8月9日国内成品油价格不作调整,https://www.ndrc.gov.cn/xwdt/ztzl/gncpyjg/202108/t20210809_1293373.html,0,8285,0,no_adjust,0,2021-08,72.934,10,0.251,0.345335,74.007,10,0.006,0.008108,71.125,10,-0.311,-0.435355,72.566,10,-0.1525,-0.209713,73.1424,10,-0.0891,-0.121669,0.8,9.5,50.1,47.5,48.9,4453,2427251.9,545.08,-2.448297,-2.448297,0,-2.448297,2.448297,0,down,no_adjust,no_adjust,0,0,,,,,S4_grid_best_fixed_lambda,0.0,best lambda=1; threshold=50,0,0,0,9796.859069,0,0,0,0,0,0,0.014491,0,0.002174
2021-08-24,2021-08-23,-250,-245,8535,7540,2021年8月23日24时起国内成品油价格按机制下调,https://www.ndrc.gov.cn/xwdt/ztzl/gncpyjg/202108/t20210823_1294332.html,-247.5,8037.5,1,down,247.5,2021-08,69.411,10,-3.523,-4.830395,69.586,10,-4.421,-5.973759,66.691,10,-4.434,-6.234095,68.1385,10,-4.4275,-6.101342,68.7175,10,-4.4249,-6.049706,0.8,9.5,50.1,47.5,48.9,4453,2427251.9,545.08,-209.348385,-211.796682,-211.796682,0,-38.151615,-35.703318,down,down,down,1,1,1.168574,35.703318,0,1,S4_grid_best_fixed_lambda,-211.796682,best lambda=1; threshold=50,0,0,0,44857.834506,0,0,0,0,0,0,0.066352,0,0.009953
2021-09-07,2021-09-06,140,140,8675,7680,2021年9月6日24时起国内成品油价格按机制上调,https://www.ndrc.gov.cn/xwdt/ztzl/gncpyjg/202109/t20210906_1296106.html,140,8177.5,1,up,140,2021-09,70.861,10,1.45,2.089006,71.266,10,1.68,2.414279,68.37,10,1.679,2.517581,69.4665,10,1.328,1.948972,70.1863,10,1.4688,2.137447,0.7,10.7,49.6,53.2,51.7,4104,2195876.9,535.06,71.89315,71.89315,71.89315,0,68.10685,68.10685,up,up,up,1,1,1.947334,-68.10685,0,1,S4_grid_best_fixed_lambda,71.89315,best lambda=1; threshold=50,5168.625017,0,5892.232519,80479.92078,0,0,0,0.003809,0,0.003619,0.119043,0,0.019713
2021-09-19,2021-09-18,90,85,8765,7765,2021年9月18日24时起国内成品油价格按机制上调,https://www.ndrc.gov.cn/xwdt/ztzl/gncpyjg/202109/t20210918_1297148.html,87.5,8265,1,up,87.5,2021-09,72.575,10,1.714,2.41882,73.071,10,1.805,2.532765,70.371,10,2.001,2.926722,71.753,10,2.2865,3.291515,72.3058,10,2.1195,3.01982,0.7,10.7,49.6,53.2,51.7,4104,2195876.9,535.06,102.943911,102.943911,102.943911,0,-15.443911,-15.443911,up,up,up,1,1,0.849977,15.443911,1,0,S4_grid_best_fixed_lambda,102.943911,best lambda=1; threshold=50,10597.448812,0,12081.091646,964.149759,0,0,0,0.00781,0,0.00742,0.001426,0,0.004021
2021-10-10,2021-10-09,345,330,9110,8095,2021年10月9日24时起国内成品油价格按机制上调,https://www.ndrc.gov.cn/xwdt/ztzl/gncpyjg/202110/t20211009_1298893.html,337.5,8602.5,1,up,337.5,2021-10,78.676,10,6.101,8.406476,80.228,10,7.157,9.794583,76.979,10,6.608,9.390232,78.6035,10,6.8505,9.547336,79.2533,10,6.9475,9.608496,1.5,13.5,49.2,52.4,50.8,3766,2098861.3,557.32,333.331296,333.331296,333.331296,0,4.168704,4.168704,up,up,up,1,1,1.012506,-4.168704,0,1,S4_grid_best_fixed_lambda,333.331296,best lambda=1; threshold=50,111109.752893,0,144442.678761,53078.347167,0,0,0,0.081886,0,0.08871,0.078512,0,0.054426
2021-10-23,2021-10-22,300,290,9410,8385,2021年10月22日24时起国内成品油价格按机制上调,https://www.ndrc.gov.cn/xwdt/ztzl/gncpyjg/202110/t20211022_1300685.html,295,8897.5,1,up,295,2021-10,82.845,10,4.169,5.298948,84.1,10,3.872,4.826245,81.828,10,4.849,6.299121,82.964,10,4.3605,5.547463,83.4184,10,4.1651,5.255428,1.5,13.5,49.2,52.4,50.8,3766,2098861.3,557.32,200.55792,200.55792,200.55792,0,94.44208,94.44208,up,up,up,1,1,1.470897,-94.44208,0,1,S4_grid_best_fixed_lambda,200.55792,best lambda=1; threshold=50,40223.479275,0,52290.523057,17628.769374,0,0,0,0.029644,0,0.032114,0.026076,0,0.019351
2021-11-05,2021-11-05,0,0,9410,8385,2021年11月5日国内成品油价格不作调整,https://www.ndrc.gov.cn/xwdt/ztzl/gncpyjg/202111/t20211105_1303115.html,0,8897.5,0,no_adjust,0,2021-11,83.068,10,0.223,0.269177,83.619,10,-0.481,-0.571938,83.144,10,1.316,1.608251,83.3815,10,0.4175,0.50323,83.4765,10,0.0581,0.069649,2.3,12.9,50.1,52.3,52.2,4178,2496433.8,597.52,4.575942,4.575942,0,4.575942,-4.575942,0,up,no_adjust,no_adjust,0,0,,,,,S4_grid_best_fixed_lambda,0.0,best lambda=1; threshold=50,0,0,0,40223.479275,0,0,0,0,0,0,0.059497,0,0.008925
2021-11-20,2021-11-19,-95,-90,9315,8295,2021年11月19日24时起国内成品油价格按机制下调,https://www.ndrc.gov.cn/xwdt/ztzl/gncpyjg/202111/t20211119_1304442.html,-92.5,8805,1,down,92.5,2021-11,81.607,10,-1.461,-1.7588,82.729,10,-0.89,-1.064351,80.975,10,-2.169,-2.608727,81.852,10,-1.5295,-1.83434,82.2028,10,-1.2737,-1.525819,2.3,12.9,50.1,52.3,52.2,4178,2496433.8,597.52,-58.976237,-54.400296,-54.400296,0,-33.523763,-38.099704,down,down,down,1,1,1.700358,38.099704,0,1,S4_grid_best_fixed_lambda,-54.400296,best lambda=1; threshold=50,0,0,0,2959.392205,0,0,0,0,0,0,0.004377,0,0.000657
2021-12-04,2021-12-03,-430,-415,8885,7880,2021年12月3日24时起国内成品油价格按机制下调,https://www.ndrc.gov.cn/xwdt/ztzl/gncpyjg/202112/t20211203_1306844.html,-422.5,8382.5,1,down,422.5,2021-12,76.472,10,-5.135,-6.292352,76.572,10,-6.157,-7.442372,73.479,10,-7.496,-9.257178,75.4605,10,-6.3915,-7.808606,76.2531,10,-5.9497,-7.237831,1.5,10.3,50.3,52.7,52.2,4614,2690828.6,583.19,-282.110333,-282.110333,-282.110333,0,-140.389667,-140.389667,down,down,down,1,1,1.497641,140.389667,0,1,S4_grid_best_fixed_lambda,-282.110333,best lambda=1; threshold=50,0,0,0,51851.860951,0,0,0,0,0,0,0.076697,0,0.011505
2021-12-18,2021-12-17,-130,-125,8755,7755,2021年12月17日24时起国内成品油价格按机制下调,https://www.ndrc.gov.cn/xwdt/xwfb/202112/t20211217_1308356.html,-127.5,8255,1,down,127.5,2021-12,73.946,10,-2.526,-3.30317,74.049,10,-2.523,-3.294938,70.795,10,-2.684,-3.652744,72.422,10,-3.0385,-4.02661,73.0728,10,-3.1803,-4.170716,1.5,10.3,50.3,52.7,52.2,4614,2690828.6,583.19,-149.957304,-149.957304,-149.957304,0,22.457304,22.457304,down,down,down,1,1,0.850242,-22.457304,1,0,S4_grid_best_fixed_lambda,-149.957304,best lambda=1; threshold=50,0,0,0,17464.423074,0,0,0,0,0,0,0.025833,0,0.003875
2022-01-01,2021-12-31,140,135,8895,7890,2021年12月31日24时起国内成品油价格按机制上调,https://www.ndrc.gov.cn/xwdt/xwfb/202112/t20211231_1311298.html,137.5,8392.5,1,up,137.5,2022-01,75.152,10,1.206,1.63092,74.811,10,0.762,1.029048,73.468,10,2.673,3.77569,73.544,10,1.122,1.549253,73.976,10,0.9032,1.236028,0.9,9.1,50.1,51.1,51,4880,2795758.1,572.9,44.903278,44.903278,0,44.903278,92.596722,137.5,up,no_adjust,up,0,1,,,,,S4_grid_best_fixed_lambda,0.0,best lambda=1; threshold=50,0,0,0,22487.193023,0,0,0,0,0,0,0.033262,0,0.004989
2022-01-18,2022-01-17,345,330,9240,8220,2022年1月17日24时起国内成品油价格按机制上调,https://www.ndrc.gov.cn/xwdt/xwfb/202201/t20220117_1312120.html,337.5,8730,1,up,337.5,2022-01,81.683,10,6.531,8.690387,82.785,10,7.974,10.65886,79.687,10,6.219,8.46491,81.236,10,7.692,10.459045,81.8556,10,7.8796,10.651563,0.9,9.1,50.1,51.1,51,4880,2795758.1,572.9,377.810186,422.713464,422.713464,0,-40.310186,-85.213464,up,up,up,1,1,0.798413,85.213464,1,0,S4_grid_best_fixed_lambda,422.713464,best lambda=1; threshold=50,178686.672647,0,210850.273723,178686.672647,0,0,0,0.131689,0,0.129494,0.264307,0,0.104942
2022-01-30,2022-01-29,310,300,9550,8520,2022年1月29日24时起国内成品油价格按机制上调,https://www.ndrc.gov.cn/xwdt/xwfb/202201/t20220129_1313943.html,305,9035,1,up,305,2022-01,88.254,10,6.571,8.044514,89.641,10,6.856,8.281694,86.223,10,6.536,8.202091,87.8995,10,6.6635,8.202644,88.5701,10,6.7145,8.20286,0.9,9.1,50.1,51.1,51,4880,2795758.1,572.9,322.212766,322.212766,322.212766,0,-17.212766,-17.212766,up,up,up,1,1,0.94658,17.212766,1,0,S4_grid_best_fixed_lambda,322.212766,best lambda=1; threshold=50,103821.066573,0,122508.858557,10100.390298,0,0,0,0.076514,0,0.075239,0.01494,0,0.040179
2022-02-18,2022-02-17,210,200,9760,8720,2022年2月17日24时起国内成品油价格按机制上调,https://www.ndrc.gov.cn/xwdt/xwfb/202202/t20220217_1315772.html,205,9240,1,up,205,2022-02,92.871,10,4.617,5.231491,96.955,10,7.314,8.159213,91.693,10,5.47,6.344015,94.324,10,6.4245,7.308915,95.3764,10,6.8063,7.684648,0.9,8.8,50.2,51.6,51.2,3634,2271578.6,625.09,326.593372,326.593372,326.593372,0,-121.593372,-121.593372,up,up,up,1,1,0.627692,121.593372,1,0,S4_grid_best_fixed_lambda,326.593372,best lambda=1; threshold=50,106663.230634,0,125862.612149,19.189709,0,0,0,0.078609,0,0.077299,0.000028,0,0.038981
2022-03-04,2022-03-03,260,255,10020,8975,2022年3月3日24时起国内成品油价格按机制上调,https://www.ndrc.gov.cn/xwdt/xwfb/202203/t20220303_1318078.html,257.5,9497.5,1,up,257.5,2022-03,98.592,10,5.721,6.160158,102.123,10,5.168,5.330308,95.61,10,3.917,4.271864,98.791,10,4.467,4.735804,100.0634,10,4.687,4.914214,1.5,8.3,49.5,48.4,48.8,4271,3021685.3,707.49,225.462472,225.462472,225.462472,0,32.037528,32.037528,up,up,up,1,1,1.142097,-32.037528,0,1,S4_grid_best_fixed_lambda,225.462472,best lambda=1; threshold=50,50833.32628,0,66083.324164,10227.458935,0,0,0,0.037463,0,0.040585,0.015128,0,0.021781
2022-03-18,2022-03-17,750,720,10770,9695,2022年3月17日24时起国内成品油价格按机制上调,https://www.ndrc.gov.cn/xwdt/xwfb/202203/t20220317_1319438.html,735,10232.5,1,up,735,2022-03,115.932,10,17.34,17.587634,117.079,10,14.956,14.645085,108.49,10,12.88,13.471394,112.7845,10,13.9935,14.164752,114.5023,10,14.4389,14.429752,1.5,8.3,49.5,48.4,48.8,4271,3021685.3,707.49,690.813495,690.813495,690.813495,0,44.186505,44.186505,up,up,up,1,1,1.063963,-44.186505,0,1,S4_grid_best_fixed_lambda,690.813495,best lambda=1; threshold=50,477223.284874,0,620390.270336,216551.574607,0,0,0,0.351705,0,0.381014,0.320315,0,0.231227
2022-04-01,2022-03-31,110,110,10880,9805,2022年3月31日24时起国内成品油价格按机制上调,https://www.ndrc.gov.cn/xwdt/xwfb/202203/t20220331_1321429.html,110,10342.5,1,up,110,2022-04,112.719,10,-3.213,-2.771452,118.869,10,1.79,1.528882,109.573,10,1.083,0.998249,114.221,10,1.4365,1.273668,116.0802,10,1.5779,1.378051,2.1,8,47.4,41.9,42.7,4303,3422562.7,795.39,77.099294,77.099294,77.099294,0,32.900706,32.900706,up,up,up,1,1,1.426732,-32.900706,0,1,S4_grid_best_fixed_lambda,77.099294,best lambda=1; threshold=50,5944.301135,0,8440.907612,376645.120509,0,0,0,0.004381,0,0.005184,0.55712,0,0.085959
2022-04-16,2022-04-15,-545,-530,10335,9275,2022年4月15日24时起国内成品油价格按机制下调,https://www.ndrc.gov.cn/xwdt/xwfb/202204/t20220415_1322196.html,-537.5,9805,1,down,537.5,2022-04,104.374,10,-8.345,-7.403366,104.444,10,-14.425,-12.135208,100.122,10,-9.451,-8.6253,102.283,10,-11.938,-10.451668,103.1474,10,-12.9328,-11.141263,2.1,8,47.4,41.9,42.7,4303,3422562.7,795.39,-615.336958,-615.336958,-615.336958,0,77.836958,77.836958,down,down,down,1,1,0.873505,-77.836958,1,0,S4_grid_best_fixed_lambda,-615.336958,best lambda=1; threshold=50,0,0,0,479467.963084,0,0,0,0,0,0,0.709212,0,0.106382
2022-04-29,2022-04-28,205,200,10540,9475,2022年4月28日24时起国内成品油价格按机制上调,https://www.ndrc.gov.cn/xwdt/xwfb/202204/t20220428_1323651.html,202.5,10007.5,1,up,202.5,2022-04,107.029,10,2.655,2.543737,105.209,10,0.765,0.73245,103.537,10,3.415,3.410839,103.987,10,1.704,1.665966,104.4758,10,1.3284,1.287866,2.1,8,47.4,41.9,42.7,4303,3422562.7,795.39,65.193401,65.193401,65.193401,0,137.306599,137.306599,up,up,up,1,1,3.106143,-137.306599,0,1,S4_grid_best_fixed_lambda,65.193401,best lambda=1; threshold=50,4250.179534,0,6035.254938,463121.569521,0,0,0,0.003132,0,0.003707,0.685033,0,0.104465
2022-05-17,2022-05-16,285,270,10825,9745,2022年5月16日24时起国内成品油价格按机制上调,https://www.ndrc.gov.cn/xwdt/xwfb/202205/t20220516_1324609.html,277.5,10285,1,up,277.5,2022-05,110.858,10,3.829,3.577535,108.696,10,3.487,3.314355,105.843,10,2.306,2.227223,107.24,10,3.253,3.128276,107.8224,10,3.3466,3.20323,2.1,6.4,49.6,47.8,48.4,4583,3522859,768.68,161.499909,161.499909,161.499909,0,116.000091,116.000091,up,up,up,1,1,1.718267,-116.000091,0,1,S4_grid_best_fixed_lambda,161.499909,best lambda=1; threshold=50,26082.220607,0,37036.753262,9274.943483,0,0,0,0.019222,0,0.022746,0.013719,0,0.01255
2022-05-31,2022-05-30,400,390,11225,10135,2022年5月30日24时起国内成品油价格按机制上调,https://www.ndrc.gov.cn/xwdt/xwfb/202205/t20220530_1326109.html,395,10680,1,up,395,2022-05,115.363,10,4.505,4.063757,115.295,10,6.599,6.071061,112.779,10,6.936,6.553102,114.037,10,6.797,6.33812,114.5402,10,6.7178,6.230431,2.1,6.4,49.6,47.8,48.4,4583,3522859,768.68,322.370239,322.370239,322.370239,0,72.629761,72.629761,up,up,up,1,1,1.225299,-72.629761,0,1,S4_grid_best_fixed_lambda,322.370239,best lambda=1; threshold=50,103922.570993,0,147570.05081,25879.263074,0,0,0,0.076589,0,0.09063,0.03828,0,0.047547
2022-06-15,2022-06-14,390,375,11615,10510,2022年6月14日24时起国内成品油价格按机制上调,https://www.ndrc.gov.cn/xwdt/xwfb/202206/t20220614_1327247.html,382.5,11062.5,1,up,382.5,2022-06,120.039,10,4.676,4.053293,126.185,10,10.89,9.445336,118.856,10,6.077,5.388415,122.3335,10,8.2965,7.27527,123.8013,10,9.2611,8.085458,2.5,6.1,50.2,54.7,54.1,3582,2859140.2,798.2,443.734,443.734,443.734,0,-61.234,-61.234,up,up,up,1,1,0.862003,61.234,1,0,S4_grid_best_fixed_lambda,443.734,best lambda=1; threshold=50,196899.862756,0,295349.794134,14729.162484,0,0,0,0.145112,0,0.18139,0.021787,0,0.084893
2022-06-29,2022-06-28,-320,-310,11295,10200,2022年6月28日24时起国内成品油价格按机制下调,https://www.ndrc.gov.cn/xwdt/xwfb/202206/t20220628_1328991.html,-315,10747.5,1,down,315,2022-06,116.169,10,-3.87,-3.223952,120.083,10,-6.102,-4.835757,112.525,10,-6.331,-5.326614,116.8135,10,-5.52,-4.512255,118.5289,10,-5.2724,-4.25876,2.5,6.1,50.2,54.7,54.1,3582,2859140.2,798.2,-249.790247,-249.790247,-249.790247,0,-65.209753,-65.209753,down,down,down,1,1,1.261058,65.209753,0,1,S4_grid_best_fixed_lambda,-249.790247,best lambda=1; threshold=50,0,0,0,480975.881177,0,0,0,0,0,0,0.711442,0,0.106716
2022-07-13,2022-07-12,-360,-345,10935,9855,2022年7月12日24时起国内成品油价格按机制下调,https://www.ndrc.gov.cn/xwdt/xwfb/202207/t20220712_1330413.html,-352.5,10395,1,down,352.5,2022-07,112.316,10,-3.853,-3.31672,116.503,10,-3.58,-2.981271,107.416,10,-5.109,-4.540324,111.854,10,-4.9595,-4.245657,113.6292,10,-4.8997,-4.13376,2.7,4.2,49,53.8,52.5,3733,3017713.3,808.39,-232.005371,-232.005371,-232.005371,0,-120.494629,-120.494629,down,down,down,1,1,1.519361,120.494629,0,1,S4_grid_best_fixed_lambda,-232.005371,best lambda=1; threshold=50,0,0,0,316.301814,0,0,0,0,0,0,0.000468,0,0.00007
2022-07-27,2022-07-26,-300,-290,10635,9565,2022年7月26日24时起国内成品油价格按机制下调,https://www.ndrc.gov.cn/xwdt/xwfb/202207/t20220726_1331402.html,-295,10100,1,down,295,2022-07,106.816,10,-5.5,-4.896898,111.005,10,-5.498,-4.719192,100.454,10,-6.962,-6.481344,105.7295,10,-6.1245,-5.475441,107.8397,10,-5.7895,-5.095081,2.7,4.2,49,53.8,52.5,3733,3017713.3,808.39,-274.465747,-274.465747,-274.465747,0,-20.534253,-20.534253,down,down,down,1,1,1.074815,20.534253,0,1,S4_grid_best_fixed_lambda,-274.465747,best lambda=1; threshold=50,0,0,0,1802.88353,0,0,0,0,0,0,0.002667,0,0.0004
2022-08-10,2022-08-09,-130,-125,10505,9440,2022年8月9日24时起国内成品油价格按机制下调,https://www.ndrc.gov.cn/xwdt/xwfb/202208/t20220809_1332823.html,-127.5,9972.5,1,down,127.5,2022-08,105.68,10,-1.136,-1.063511,105.433,10,-5.572,-5.019594,96.175,10,-4.279,-4.259661,100.804,10,-4.9255,-4.658586,102.6556,10,-5.1841,-4.807228,2.5,2.3,49.4,52.6,51.7,4035,3050600.4,756.03,-245.576658,-245.576658,-245.576658,0,118.076658,118.076658,down,down,down,1,1,0.519186,-118.076658,1,0,S4_grid_best_fixed_lambda,-245.576658,best lambda=1; threshold=50,0,0,0,834.579463,0,0,0,0,0,0,0.001234,0,0.000185
2022-08-24,2022-08-23,-205,-200,10300,9240,2022年8月23日24时起国内成品油价格按机制下调,https://www.ndrc.gov.cn/xwdt/xwfb/202208/t20220823_1333590.html,-202.5,9770,1,down,202.5,2022-08,99.905,10,-5.775,-5.46461,99.845,10,-5.588,-5.300048,93.223,10,-2.952,-3.069405,96.534,10,-4.27,-4.235943,97.8584,10,-4.7972,-4.673101,2.5,2.3,49.4,52.6,51.7,4035,3050600.4,756.03,-227.114173,-227.114173,-227.114173,0,24.614173,24.614173,down,down,down,1,1,0.891622,-24.614173,1,0,S4_grid_best_fixed_lambda,-227.114173,best lambda=1; threshold=50,0,0,0,340.863352,0,0,0,0,0,0,0.000504,0,0.000076
2022-09-07,2022-09-06,190,185,10490,9425,2022年9月6日24时起国内成品油价格按机制上调,https://www.ndrc.gov.cn/xwdt/xwfb/202209/t20220906_1335202.html,187.5,9957.5,1,up,187.5,2022-09,102.388,10,2.483,2.485361,96.98,10,-2.865,-2.869448,92.631,10,-0.592,-0.635036,94.7245,10,-1.8095,-1.874469,95.7159,10,-2.1425,-2.189388,2.8,0.9,50.1,50.6,50.9,4024,2884192.5,716.75,-100.434514,-100.434514,-100.434514,0,287.934514,287.934514,down,down,up,1,1,-1.866888,-287.934514,0,1,S4_grid_best_fixed_lambda,-100.434514,best lambda=1; threshold=50,0,0,0,16047.736004,0,0,0,0,0,0,0.023737,0,0.003561
2022-09-22,2022-09-21,-290,-280,10200,9145,2022年9月21日24时起国内成品油价格按机制下调,https://www.ndrc.gov.cn/xwdt/xwfb/202209/t20220921_1335893.html,-285,9672.5,1,down,285,2022-09,96.179,10,-6.209,-6.064187,90.458,10,-6.522,-6.725098,86.084,10,-6.547,-7.067828,88.331,10,-6.3935,-6.749574,89.1818,10,-6.5341,-6.826557,2.8,0.9,50.1,50.6,50.9,4024,2884192.5,716.75,-309.997323,-309.997323,-309.997323,0,24.997323,24.997323,down,down,down,1,1,0.919363,-24.997323,1,0,S4_grid_best_fixed_lambda,-309.997323,best lambda=1; threshold=50,0,0,0,43916.570916,0,0,0,0,0,0,0.06496,0,0.009744
2022-10-10,2022-10-10,0,0,10200,9145,2022年10月10日国内成品油价格不作调整,https://www.ndrc.gov.cn/xwdt/xwfb/202210/t20221010_1338431.html,0,9672.5,0,no_adjust,0,2022-10,92.482,10,-3.697,-3.843874,90.968,10,0.51,0.563798,84.149,10,-1.935,-2.247804,87.5585,10,-0.7725,-0.874551,88.9223,10,-0.2595,-0.290979,2.1,-1.3,49.2,48.7,49,4314,2984358.1,691.78,-10.579616,-10.579616,0,-10.579616,10.579616,0,down,no_adjust,no_adjust,0,0,,,,,S4_grid_best_fixed_lambda,0.0,best lambda=1; threshold=50,0,0,0,96098.340267,0,0,0,0,0,0,0.142145,0,0.021322
2022-10-25,2022-10-24,185,175,10385,9320,2022年10月24日24时起国内成品油价格按机制上调,https://www.ndrc.gov.cn/xwdt/xwfb/202210/t20221024_1338989.html,180,9852.5,1,up,180,2022-10,93.495,10,1.013,1.095348,92.83,10,1.862,2.046874,87.165,10,3.016,3.584119,89.9975,10,2.439,2.785566,91.1305,10,2.2082,2.483292,2.1,-1.3,49.2,48.7,49,4314,2984358.1,691.78,107.176587,96.596971,96.596971,0,72.823413,83.403029,up,up,up,1,1,1.863412,-83.403029,0,1,S4_grid_best_fixed_lambda,96.596971,best lambda=1; threshold=50,9330.974806,0,13249.984225,9330.974806,0,0,0,0.006877,0,0.008138,0.013802,0,0.005824
2022-11-08,2022-11-07,155,150,10540,9470,2022年11月7日24时起国内成品油价格按机制上调,https://www.ndrc.gov.cn/xwdt/xwfb/202211/t20221107_1340921.html,152.5,10005,1,up,152.5,2022-11,93.968,10,0.473,0.505909,94.438,10,1.608,1.732199,88.503,10,1.338,1.53502,91.4705,10,1.473,1.636712,92.6575,10,1.527,1.675619,1.6,-1.3,48,46.7,47.1,4674,3158599.9,675.78,74.670397,74.670397,74.670397,0,77.829603,77.829603,up,up,up,1,1,2.042309,-77.829603,0,1,S4_grid_best_fixed_lambda,74.670397,best lambda=1; threshold=50,5575.668188,0,7359.882008,480.774647,0,0,0,0.004109,0,0.00452,0.000711,0,0.002264
2022-11-22,2022-11-21,-175,-165,10365,9305,2022年11月21日24时起国内成品油价格按机制下调,https://www.ndrc.gov.cn/xwdt/xwfb/202211/t20221121_1341667.html,-170,9835,1,down,170,2022-11,92.801,10,-1.167,-1.241912,94.082,10,-0.356,-0.376967,86.215,10,-2.288,-2.585223,90.1485,10,-1.322,-1.445275,91.7219,10,-0.9356,-1.00974,1.6,-1.3,48,46.7,47.1,4674,3158599.9,675.78,-42.84244,-42.84244,0,-42.84244,-127.15756,-170,down,no_adjust,down,0,1,,,,,S4_grid_best_fixed_lambda,0.0,best lambda=1; threshold=50,0,0,0,5575.668188,0,0,0,0,0,0,0.008247,0,0.001237
2022-12-06,2022-12-05,-440,-425,9925,8880,2022年12月5日24时起国内成品油价格按机制下调,https://www.ndrc.gov.cn/xwdt/xwfb/202212/t20221205_1343287.html,-432.5,9402.5,1,down,432.5,2022-12,83.55,10,-9.251,-9.968643,85.713,10,-8.369,-8.895432,79.148,10,-7.067,-8.196949,82.5975,10,-7.551,-8.376179,83.9773,10,-7.7446,-8.443567,1.8,-0.7,47,41.6,42.6,4807,3073177.7,639.31,-367.761186,-410.603625,-410.603625,0,-64.738814,-21.896375,down,down,down,1,1,1.053327,21.896375,0,1,S4_grid_best_fixed_lambda,-410.603625,best lambda=1; threshold=50,0,0,0,168595.336863,0,0,0,0,0,0,0.24938,0,0.037407
2022-12-20,2022-12-19,-480,-460,9445,8420,2022年12月19日24时起国内成品油价格按机制下调,https://www.ndrc.gov.cn/xwdt/xwfb/202212/t20221219_1343672.html,-470,8932.5,1,down,470,2022-12,78.2,10,-5.35,-6.403351,79.679,10,-6.034,-7.039772,74.094,10,-5.054,-6.385506,76.8865,10,-5.711,-6.914253,78.0035,10,-5.9738,-7.113589,1.8,-0.7,47,41.6,42.6,4807,3073177.7,639.31,-283.260361,-283.260361,-283.260361,0,-186.739639,-186.739639,down,down,down,1,1,1.659251,186.739639,0,1,S4_grid_best_fixed_lambda,-283.260361,best lambda=1; threshold=50,0,0,0,16216.306886,0,0,0,0,0,0,0.023987,0,0.003598
2023-01-04,2023-01-03,250,240,9695,8660,2023年1月3日24时起国内成品油价格按机制上调,https://www.ndrc.gov.cn/xwdt/xwfb/202301/t20230103_1345637.html,245,9177.5,1,up,245,2023-01,80.192,10,1.992,2.547315,81.141,10,1.462,1.834862,77.751,10,3.657,4.935622,79.268,10,2.3815,3.097423,80.0172,10,2.0137,2.581551,2.1,-0.8,50.1,54.4,52.9,4333,2571954.1,593.57,97.895239,97.895239,97.895239,0,147.104761,147.104761,up,up,up,1,1,2.502675,-147.104761,0,1,S4_grid_best_fixed_lambda,97.895239,best lambda=1; threshold=50,9583.477819,0,13608.538503,145279.591411,0,0,0,0.007063,0,0.008358,0.214892,0,0.036089
2023-01-18,2023-01-17,-205,-195,9490,8465,2023年1月17日24时起国内成品油价格按机制下调,https://www.ndrc.gov.cn/xwdt/xwfb/202301/t20230117_1346762.html,-200,8977.5,1,down,200,2023-01,78.849,10,-1.343,-1.674731,79.449,10,-1.692,-2.085259,76.271,10,-1.48,-1.903512,77.8685,10,-1.3995,-1.76553,78.5075,10,-1.5097,-1.886719,2.1,-0.8,50.1,54.4,52.9,4333,2571954.1,593.57,-70.237924,-70.237924,-70.237924,0,-129.762076,-129.762076,down,down,down,1,1,2.847465,129.762076,0,1,S4_grid_best_fixed_lambda,-70.237924,best lambda=1; threshold=50,0,0,0,28268.7605,0,0,0,0,0,0,0.041814,0,0.006272
2023-02-04,2023-02-03,210,200,9700,8665,2023年2月3日24时起国内成品油价格按机制上调,https://www.ndrc.gov.cn/xwdt/xwfb/202302/t20230203_1348327.html,205,9182.5,1,up,205,2023-02,83.836,10,4.987,6.324747,84.698,10,5.249,6.606754,79.203,10,2.932,3.844187,81.9505,10,4.082,5.242171,83.0495,10,4.542,5.785435,1,-1.4,52.6,56.3,56.4,4074,2379809.1,584.15,218.543215,218.543215,218.543215,0,-13.543215,-13.543215,up,up,up,1,1,0.93803,13.543215,1,0,S4_grid_best_fixed_lambda,218.543215,best lambda=1; threshold=50,47761.136823,0,57313.364187,83394.546242,0,0,0,0.035199,0,0.035199,0.123354,0,0.036103
2023-02-17,2023-02-17,0,0,9700,8665,2023年2月17日国内成品油价格不作调整,https://www.ndrc.gov.cn/xwdt/xwfb/202302/t20230217_1348864.html,0,9182.5,0,no_adjust,0,2023-02,82.191,10,-1.645,-1.962164,83.423,10,-1.275,-1.505348,77.717,10,-1.486,-1.876192,80.57,10,-1.3805,-1.684553,81.7112,10,-1.3383,-1.611449,1,-1.4,52.6,56.3,56.4,4074,2379809.1,584.15,-62.058885,-62.058885,-62.058885,0,62.058885,62.058885,down,down,no_adjust,1,0,0,-62.058885,1,0,S4_grid_best_fixed_lambda,-62.058885,best lambda=1; threshold=50,0,0,0,78737.538524,0,0,0,0,0,0,0.116466,0,0.01747
2023-03-03,2023-03-03,0,0,9700,8665,2023年3月3日国内成品油价格不作调整,https://www.ndrc.gov.cn/xwdt/xwfb/202303/t20230303_1350622.html,0,9182.5,0,no_adjust,0,2023-03,81.814,10,-0.377,-0.458688,82.312,10,-1.111,-1.331767,76.451,10,-1.266,-1.628987,79.434,10,-1.136,-1.409954,80.6272,10,-1.084,-1.326624,0.7,-2.5,51.9,58.2,57,5231,3042961.1,581.72,-49.923941,-49.923941,0,-49.923941,49.923941,0,down,no_adjust,no_adjust,0,0,,,,,S4_grid_best_fixed_lambda,0.0,best lambda=1; threshold=50,0,0,0,3851.305207,0,0,0,0,0,0,0.005697,0,0.000855
2023-03-18,2023-03-17,-100,-95,9600,8570,2023年3月17日24时起国内成品油价格按机制下调,https://www.ndrc.gov.cn/xwdt/xwfb/202303/t20230317_1351325.html,-97.5,9085,1,down,97.5,2023-03,80.844,10,-0.97,-1.185616,80.389,10,-1.923,-2.336233,74.756,10,-1.695,-2.217106,77.5725,10,-1.8615,-2.343455,78.6991,10,-1.9281,-2.391377,0.7,-2.5,51.9,58.2,57,5231,3042961.1,581.72,-90.203558,-140.127499,-140.127499,0,-7.296442,42.627499,down,down,down,1,1,0.695795,-42.627499,1,0,S4_grid_best_fixed_lambda,-140.127499,best lambda=1; threshold=50,0,0,0,19635.715976,0,0,0,0,0,0,0.029044,0,0.004357
2023-04-01,2023-03-31,-335,-320,9265,8250,2023年3月31日24时起国内成品油价格按机制下调,https://www.ndrc.gov.cn/xwdt/xwfb/202303/t20230331_1353081.html,-327.5,8757.5,1,down,327.5,2023-04,75.196,10,-5.648,-6.986295,75.308,10,-5.081,-6.320516,70.653,10,-4.103,-5.488523,72.9805,10,-4.592,-5.919624,73.9115,10,-4.7876,-6.083424,0.1,-3.6,49.2,56.4,54.4,4241,2446502.9,576.87,-226.65607,-226.65607,-226.65607,0,-100.84393,-100.84393,down,down,down,1,1,1.44492,100.84393,0,1,S4_grid_best_fixed_lambda,-226.65607,best lambda=1; threshold=50,0,0,0,7487.193599,0,0,0,0,0,0,0.011075,0,0.001661
2023-04-18,2023-04-17,550,525,9815,8775,2023年4月17日24时起国内成品油价格按机制上调,https://www.ndrc.gov.cn/xwdt/xwfb/202304/t20230417_1353648.html,537.5,9295,1,up,537.5,2023-04,85.127,10,9.931,13.20682,85.105,10,9.797,13.009242,80.75,10,10.097,14.290971,82.654,10,9.6735,13.254911,83.6344,10,9.7229,13.154786,0.1,-3.6,49.2,56.4,54.4,4241,2446502.9,576.87,465.770639,465.770639,465.770639,0,71.729361,71.729361,up,up,up,1,1,1.154001,-71.729361,0,1,S4_grid_best_fixed_lambda,465.770639,best lambda=1; threshold=50,216942.288154,0,221281.133918,479454.747337,0,0,0,0.159883,0,0.1359,0.709192,0,0.180325
2023-04-29,2023-04-28,-160,-155,9655,8620,2023年4月28日24时起国内成品油价格按机制下调,https://www.ndrc.gov.cn/xwdt/xwfb/202304/t20230428_1355157.html,-157.5,9137.5,1,down,157.5,2023-04,83.22,10,-1.907,-2.240182,83.607,10,-1.498,-1.760179,78.346,10,-2.404,-2.97709,80.9765,10,-1.6775,-2.029545,82.0287,10,-1.6057,-1.919904,0.1,-3.6,49.2,56.4,54.4,4241,2446502.9,576.87,-74.818949,-74.818949,-74.818949,0,-82.681051,-82.681051,down,down,down,1,1,2.105082,82.681051,0,1,S4_grid_best_fixed_lambda,-74.818949,best lambda=1; threshold=50,0,0,0,292237.102654,0,0,0,0,0,0,0.432267,0,0.06484
2023-05-17,2023-05-16,-380,-365,9275,8255,2023年5月16日24时起国内成品油价格按机制下调,https://www.ndrc.gov.cn/xwdt/xwfb/202305/t20230516_1355789.html,-372.5,8765,1,down,372.5,2023-05,75.511,10,-7.709,-9.263398,75.957,10,-7.65,-9.149952,71.141,10,-7.205,-9.196385,73.7315,10,-7.245,-8.94704,74.6217,10,-7.407,-9.029766,0.2,-4.6,48.8,54.5,52.9,5144,3030257.4,589.09,-351.651247,-351.651247,-351.651247,0,-20.848753,-20.848753,down,down,down,1,1,1.059288,20.848753,0,1,S4_grid_best_fixed_lambda,-351.651247,best lambda=1; threshold=50,0,0,0,76636.121216,0,0,0,0,0,0,0.113357,0,0.017004
2023-05-31,2023-05-30,100,95,9375,8350,2023年5月30日24时起国内成品油价格按机制上调,https://www.ndrc.gov.cn/xwdt/xwfb/202305/t20230530_1356745.html,97.5,8862.5,1,up,97.5,2023-05,76.035,10,0.524,0.693939,76.117,10,0.16,0.210645,72.117,10,0.976,1.371923,74.117,10,0.3855,0.522843,74.917,10,0.2953,0.395729,0.2,-4.6,48.8,54.5,52.9,5144,3030257.4,589.09,15.894891,15.894891,0,15.894891,81.605109,97.5,up,no_adjust,up,0,1,,,,,S4_grid_best_fixed_lambda,0.0,best lambda=1; threshold=50,0,0,0,123658.599517,0,0,0,0,0,0,0.182911,0,0.027437
2023-06-14,2023-06-13,-55,-50,9320,8300,2023年6月13日24时起国内成品油价格按机制下调,https://www.ndrc.gov.cn/xwdt/xwfb/202306/t20230613_1357539.html,-52.5,8810,1,down,52.5,2023-06,74.832,10,-1.203,-1.582166,74.764,10,-1.353,-1.777527,70.43,10,-1.687,-2.339254,72.597,10,-1.52,-2.050812,73.4638,10,-1.4532,-1.939747,0,-5.4,49,53.2,52.3,5206,2818571.4,541.41,-67.5418,-51.646909,-51.646909,0,15.0418,-0.853091,down,down,down,1,1,1.016518,0.853091,0,1,S4_grid_best_fixed_lambda,-51.646909,best lambda=1; threshold=50,0,0,0,2667.403209,0,0,0,0,0,0,0.003946,0,0.000592
2023-06-29,2023-06-28,70,70,9390,8370,2023年6月28日24时起国内成品油价格按机制上调,https://www.ndrc.gov.cn/xwdt/xwfb/202306/t20230628_1357927.html,70,8880,1,up,70,2023-06,75.624,10,0.792,1.058371,74.793,10,0.029,0.038789,69.842,10,-0.588,-0.834872,72.225,10,-0.372,-0.512418,73.1782,10,-0.2856,-0.388763,0,-5.4,49,53.2,52.3,5206,2818571.4,541.41,-11.825083,-11.825083,0,-11.825083,81.825083,70,down,no_adjust,up,0,1,,,,,S4_grid_best_fixed_lambda,0.0,best lambda=1; threshold=50,0,0,0,2667.403209,0,0,0,0,0,0,0.003946,0,0.000592
2023-07-13,2023-07-12,155,150,9545,8520,2023年7月12日24时起国内成品油价格按机制上调,https://www.ndrc.gov.cn/xwdt/xwfb/202307/t20230712_1358334.html,152.5,9032.5,1,up,152.5,2023-07,76.853,10,1.229,1.625145,76.236,10,1.443,1.929325,71.281,10,1.439,2.060365,73.541,10,1.316,1.822084,74.445,10,1.2668,1.731117,-0.3,-4.4,49.3,51.5,51.1,4369,2390446.7,547.14,62.25391,50.428828,50.428828,0,90.24609,102.071172,up,up,up,1,1,3.024064,-102.071172,0,1,S4_grid_best_fixed_lambda,50.428828,best lambda=1; threshold=50,2543.066693,0,2543.066693,2543.066693,0,0,0,0.001874,0,0.001562,0.003762,0,0.001423
2023-07-27,2023-07-26,275,260,9820,8780,2023年7月26日24时起国内成品油价格按机制上调,https://www.ndrc.gov.cn/xwdt/xwfb/202307/t20230726_1358699.html,267.5,9300,1,up,267.5,2023-07,81.717,10,4.864,6.328966,80.495,10,4.259,5.5866,76.468,10,5.187,7.276834,78.4815,10,4.9405,6.718021,79.2869,10,4.8419,6.503996,-0.3,-4.4,49.3,51.5,51.1,4369,2390446.7,547.14,232.854146,232.854146,232.854146,0,34.645854,34.645854,up,up,up,1,1,1.148788,-34.645854,0,1,S4_grid_best_fixed_lambda,232.854146,best lambda=1; threshold=50,54221.053309,0,54221.053309,33278.996647,0,0,0,0.03996,0,0.0333,0.049225,0,0.025699
2023-08-10,2023-08-09,240,230,10060,9010,2023年8月9日24时起国内成品油价格按机制上调,https://www.ndrc.gov.cn/xwdt/xwfb/202308/t20230809_1359258.html,235,9535,1,up,235,2023-08,86.418,10,4.701,5.752781,85.436,10,4.941,6.138269,81.17,10,4.702,6.148977,83.303,10,4.8215,6.143486,84.1562,10,4.8693,6.141368,0.1,-3,49.7,51,51.3,5280,3064332.6,580.37,234.161647,234.161647,234.161647,0,0.838353,0.838353,up,up,up,1,1,1.00358,-0.838353,0,1,S4_grid_best_fixed_lambda,234.161647,best lambda=1; threshold=50,54831.676926,0,55928.310464,1.709559,0,0,0,0.04041,0,0.034348,0.000003,0,0.01869
2023-08-24,2023-08-23,55,55,10115,9065,2023年8月23日24时起国内成品油价格按机制上调,https://www.ndrc.gov.cn/xwdt/xwfb/202308/t20230823_1360025.html,55,9590,1,up,55,2023-08,87.708,10,1.29,1.492745,86.415,10,0.979,1.145887,81.593,10,0.423,0.521128,84.004,10,0.701,0.841506,84.9684,10,0.8122,0.96511,0.1,-3,49.7,51,51.3,5280,3064332.6,580.37,40.560848,40.560848,0,40.560848,14.439152,55,up,no_adjust,up,0,1,,,,,S4_grid_best_fixed_lambda,0.0,best lambda=1; threshold=50,0,0,0,54831.676926,0,0,0,0,0,0,0.081105,0,0.012166
2023-09-06,2023-09-06,0,0,10115,9065,2023年9月6日国内成品油价格不作调整,https://www.ndrc.gov.cn/xwdt/xwfb/202309/t20230906_1360397.html,0,9590,0,no_adjust,0,2023-09,88.12,10,0.412,0.469741,87.006,10,0.591,0.683909,81.839,10,0.246,0.301496,84.1765,10,0.1725,0.205347,85.1091,10,0.1407,0.165591,0,-2.5,50.2,51.7,52,4574,2883165.4,630.34,8.517532,49.07838,0,49.07838,-8.517532,0,up,no_adjust,no_adjust,0,0,,,,,S4_grid_best_fixed_lambda,0.0,best lambda=1; threshold=50,0,0,0,0,0,0,0,0,0,0,0,0,0
2023-09-21,2023-09-20,385,370,10500,9435,2023年9月20日24时起国内成品油价格按机制调整,https://www.ndrc.gov.cn/xwdt/xwfb/202309/t20230920_1360717.html,377.5,9967.5,1,up,377.5,2023-09,94.692,10,6.572,7.458012,93.62,10,6.614,7.601775,89.028,10,7.189,8.78432,91.324,10,7.1475,8.491087,92.2424,10,7.1333,8.38136,0,-2.5,50.2,51.7,52,4574,2883165.4,630.34,342.197488,391.275868,391.275868,0,35.302512,-13.775868,up,up,up,1,1,0.964792,13.775868,1,0,S4_grid_best_fixed_lambda,391.275868,best lambda=1; threshold=50,153096.804879,0,153096.804879,153096.804879,0,0,0,0.11283,0,0.094025,0.226455,0,0.085682
2023-10-11,2023-10-10,-85,-80,10415,9355,2023年10月10日24时起国内成品油价格按机制调整,https://www.ndrc.gov.cn/xwdt/xwfb/202310/t20231010_1361121.html,-82.5,9885,1,down,82.5,2023-10,93.225,10,-1.467,-1.549233,92.707,10,-0.913,-0.975219,88.472,10,-0.556,-0.624523,90.7215,10,-0.6025,-0.659739,91.6213,10,-0.6211,-0.673335,-0.2,-2.6,49.5,50.6,50.7,4897,3235356,660.68,-27.834811,-27.834811,0,-27.834811,-54.665189,-82.5,down,no_adjust,down,0,1,,,,,S4_grid_best_fixed_lambda,0.0,best lambda=1; threshold=50,0,0,0,153096.804879,0,0,0,0,0,0,0.226455,0,0.033968
2023-10-25,2023-10-24,-70,-70,10345,9285,2023年10月24日24时起国内成品油价格按机制调整,https://www.ndrc.gov.cn/xwdt/xwfb/202310/t20231024_1361478.html,-70,9815,1,down,70,2023-10,92.572,10,-0.653,-0.700456,91.523,10,-1.184,-1.277142,86.575,10,-1.897,-2.144181,89.049,10,-1.6725,-1.843554,90.0386,10,-1.5827,-1.727437,-0.2,-2.6,49.5,50.6,50.7,4897,3235356,660.68,-73.721412,-101.556222,-101.556222,0,3.721412,31.556222,down,down,down,1,1,0.689273,-31.556222,1,0,S4_grid_best_fixed_lambda,-101.556222,best lambda=1; threshold=50,0,0,0,10313.666227,0,0,0,0,0,0,0.015256,0,0.002288
2023-11-08,2023-11-07,-140,-135,10205,9150,2023年11月7日24时起国内成品油价格按机制调整,https://www.ndrc.gov.cn/xwdt/xwfb/202311/t20231107_1361829.html,-137.5,9677.5,1,down,137.5,2023-11,90.282,10,-2.29,-2.47375,88.567,10,-2.956,-3.229789,83.198,10,-3.377,-3.900664,85.8825,10,-3.1665,-3.555907,86.9563,10,-3.0823,-3.42331,-0.5,-3,49.4,50.2,50.4,4245,2755831.4,649.19,-145.280841,-145.280841,-145.280841,0,7.780841,7.780841,down,down,down,1,1,0.946443,-7.780841,1,0,S4_grid_best_fixed_lambda,-145.280841,best lambda=1; threshold=50,0,0,0,1911.842307,0,0,0,0,0,0,0.002828,0,0.000424
2023-11-22,2023-11-21,-340,-330,9865,8820,2023年11月21日24时起国内成品油价格按机制调整,https://www.ndrc.gov.cn/xwdt/xwfb/202311/t20231121_1362158.html,-335,9342.5,1,down,335,2023-11,83.981,10,-6.301,-6.979243,82.318,10,-6.249,-7.055675,77.467,10,-5.731,-6.888387,80.075,10,-5.8075,-6.762146,81.1182,10,-5.8381,-6.713832,-0.5,-3,49.4,50.2,50.4,4245,2755831.4,649.19,-276.784891,-276.784891,-276.784891,0,-58.215109,-58.215109,down,down,down,1,1,1.210326,58.215109,0,1,S4_grid_best_fixed_lambda,-276.784891,best lambda=1; threshold=50,0,0,0,17293.315166,0,0,0,0,0,0,0.02558,0,0.003837
2023-12-06,2023-12-05,-55,-50,9810,8770,2023年12月5日24时起国内成品油价格按机制调整,https://www.ndrc.gov.cn/xwdt/xwfb/202312/t20231205_1362437.html,-52.5,9290,1,down,52.5,2023-12,83.436,10,-0.545,-0.648956,80.758,10,-1.56,-1.89509,75.828,10,-1.639,-2.11574,78.413,10,-1.662,-2.075554,79.447,10,-1.6712,-2.060204,-0.3,-2.7,49,50.4,50.3,4836,2934162.3,606.73,-77.944544,-77.944544,-77.944544,0,25.444544,25.444544,down,down,down,1,1,0.673556,-25.444544,1,0,S4_grid_best_fixed_lambda,-77.944544,best lambda=1; threshold=50,0,0,0,39537.483595,0,0,0,0,0,0,0.058482,0,0.008772
2023-12-20,2023-12-19,-415,-400,9395,8370,2023年12月19日24时起国内成品油价格按机制调整,https://www.ndrc.gov.cn/xwdt/xwfb/202312/t20231219_1362767.html,-407.5,8882.5,1,down,407.5,2023-12,77.413,10,-6.023,-7.218707,75.853,10,-4.905,-6.073702,70.353,10,-5.475,-7.220288,73.103,10,-5.31,-6.771836,74.203,10,-5.244,-6.600627,-0.3,-2.7,49,50.4,50.3,4836,2934162.3,606.73,-248.435027,-248.435027,-248.435027,0,-159.064973,-159.064973,down,down,down,1,1,1.640268,159.064973,0,1,S4_grid_best_fixed_lambda,-248.435027,best lambda=1; threshold=50,0,0,0,29067.004794,0,0,0,0,0,0,0.042995,0,0.006449
2024-01-04,2024-01-03,200,190,9595,8560,2024年1月3日24时起国内成品油价格按机制调整,https://www.ndrc.gov.cn/xwdt/xwfb/202401/t20240103_1363079.html,195,9077.5,1,up,195,2024-01,80.061,10,2.648,3.420614,79.155,10,3.302,4.353157,73.082,10,2.729,3.87901,75.879,10,2.776,3.797382,77.1894,10,2.9864,4.024635,-0.8,-2.5,49.2,50.7,50.9,4417,2559588.4,579.49,144.311521,144.311521,144.311521,0,50.688479,50.688479,up,up,up,1,1,1.351243,-50.688479,0,1,S4_grid_best_fixed_lambda,144.311521,best lambda=1; threshold=50,20825.815093,0,20825.815093,154249.850966,0,0,0,0.015348,0,0.01279,0.228161,0,0.041259
2024-01-18,2024-01-17,-50,-50,9545,8510,2024年1月17日24时起国内成品油价格按机制调整,https://www.ndrc.gov.cn/xwdt/xwfb/202401/t20240117_1363439.html,-50,9027.5,1,down,50,2024-01,78.739,10,-1.322,-1.651241,78.319,10,-0.836,-1.056156,72.275,10,-0.807,-1.104239,75.121,10,-0.758,-0.998959,76.2594,10,-0.93,-1.204829,-0.8,-2.5,49.2,50.7,50.9,4417,2559588.4,579.49,-42.575213,-42.575213,0,-42.575213,-7.424787,-50,down,no_adjust,down,0,1,,,,,S4_grid_best_fixed_lambda,0.0,best lambda=1; threshold=50,0,0,0,20825.815093,0,0,0,0,0,0,0.030805,0,0.004621
2024-02-01,2024-01-31,200,200,9745,8710,2024年1月31日24时起国内成品油价格按机制上调,https://www.ndrc.gov.cn/xwdt/xwfb/202401/t20240131_1363834.html,200,9227.5,1,up,200,2024-02,81.22,10,2.481,3.150916,82.032,10,3.713,4.740867,75.817,10,3.542,4.900726,78.9245,10,3.8035,5.063165,80.1675,10,3.9081,5.124745,0.7,-2.7,49.1,51.4,50.9,4268,2569275.2,601.99,188.294134,145.718921,145.718921,0,11.705866,54.281079,up,up,up,1,1,1.372505,-54.281079,0,1,S4_grid_best_fixed_lambda,145.718921,best lambda=1; threshold=50,21234.003937,0,24206.764489,21234.003937,0,0,0,0.015649,0,0.014867,0.031409,0,0.01234
2024-02-19,2024-02-19,0,0,9745,8710,2024年2月19日国内成品油价格按机制不作调整,https://www.ndrc.gov.cn/xwdt/xwfb/202402/t20240219_1364095.html,0,9227.5,0,no_adjust,0,2024-02,80.677,10,-0.543,-0.668555,82.975,10,0.943,1.149551,76.606,10,0.789,1.040664,79.7905,10,0.866,1.097251,81.0643,10,0.8968,1.118658,0.7,-2.7,49.1,51.4,50.9,4268,2569275.2,601.99,44.597876,44.597876,0,44.597876,-44.597876,0,up,no_adjust,no_adjust,0,0,,,,,S4_grid_best_fixed_lambda,0.0,best lambda=1; threshold=50,0,0,0,21234.003937,0,0,0,0,0,0,0.031409,0,0.004711
2024-03-05,2024-03-04,125,120,9870,8830,2024年3月4日国内成品油价格按机制调整,https://www.ndrc.gov.cn/xwdt/xwfb/202403/t20240304_1364393.html,122.5,9350,1,up,122.5,2024-03,82.259,10,1.582,1.960906,84.637,10,1.662,2.003013,79.239,10,2.633,3.437068,81.906,10,2.1155,2.651318,82.9728,10,1.9085,2.354304,0.1,-2.8,50.8,53,52.7,4905,2937969.6,588.55,92.875199,137.473076,137.473076,0,29.624801,-14.973076,up,up,up,1,1,0.891084,14.973076,1,0,S4_grid_best_fixed_lambda,137.473076,best lambda=1; threshold=50,18898.846625,0,19276.823557,18898.846625,0,0,0,0.013928,0,0.011839,0.027954,0,0.010635
2024-03-18,2024-03-18,0,0,9870,8830,2024年3月18日国内成品油价格按机制不作调整,https://www.ndrc.gov.cn/xwdt/xwfb/202403/t20240318_1365046.html,0,9350,0,no_adjust,0,2024-03,83.077,10,0.818,0.99442,85.076,10,0.439,0.518686,79.978,10,0.739,0.932622,82.527,10,0.621,0.758186,83.5466,10,0.5738,0.691552,0.1,-2.8,50.8,53,52.7,4905,2937969.6,588.55,29.184636,29.184636,0,29.184636,-29.184636,0,up,no_adjust,no_adjust,0,0,,,,,S4_grid_best_fixed_lambda,0.0,best lambda=1; threshold=50,0,0,0,18898.846625,0,0,0,0,0,0,0.027954,0,0.004193
2024-04-02,2024-04-01,200,190,10070,9020,2024年4月1日国内成品油价格按机制调整,https://www.ndrc.gov.cn/xwdt/xwfb/202404/t20240401_1365388.html,195,9545,1,up,195,2024-04,85.577,10,2.5,3.009256,85.798,10,0.722,0.848653,82.682,10,2.704,3.38093,84.24,10,1.713,2.075684,84.8632,10,1.3166,1.575887,0.3,-2.5,50.4,51.2,51.7,4472,2791949.1,624.32,64.630317,93.814952,93.814952,0,130.369683,101.185048,up,up,up,1,1,2.07856,-101.185048,0,1,S4_grid_best_fixed_lambda,93.814952,best lambda=1; threshold=50,8801.245219,0,9329.319932,8801.245219,0,0,0,0.006486,0,0.00573,0.013018,0,0.005007
2024-04-17,2024-04-16,200,195,10270,9215,国内成品油价格按机制调整,https://www.ndrc.gov.cn/xwdt/xwfb/202404/t20240416_1365703.html,197.5,9742.5,1,up,197.5,2024-04,90.136,10,4.559,5.327366,91.224,10,5.426,6.324157,86.595,10,3.913,4.73259,88.9095,10,4.6695,5.543091,89.8353,10,4.9721,5.858959,0.3,-2.5,50.4,51.2,51.7,4472,2791949.1,624.32,239.067162,239.067162,239.067162,0,-41.567162,-41.567162,up,up,up,1,1,0.826128,41.567162,1,0,S4_grid_best_fixed_lambda,239.067162,best lambda=1; threshold=50,57153.107947,0,60582.294424,21098.20451,0,0,0,0.042121,0,0.037207,0.031208,0,0.024513
2024-04-30,2024-04-29,-70,-70,10200,9145,2024年4月29日国内成品油价格按机制调整,https://www.ndrc.gov.cn/xwdt/xwfb/202404/t20240429_1366287.html,-70,9672.5,1,down,70,2024-04,88.497,10,-1.639,-1.818363,89.063,10,-2.161,-2.368894,84.561,10,-2.034,-2.348865,86.812,10,-2.0975,-2.35914,87.7124,10,-2.1229,-2.363102,0.3,-2.5,50.4,51.2,51.7,4472,2791949.1,624.32,-99.499221,-99.499221,-99.499221,0,29.499221,29.499221,down,down,down,1,1,0.703523,-29.499221,1,0,S4_grid_best_fixed_lambda,-99.499221,best lambda=1; threshold=50,0,0,0,114627.195698,0,0,0,0,0,0,0.169552,0,0.025433
2024-05-16,2024-05-15,-235,-225,9965,8920,2024年5月15日国内成品油价格按机制调整,https://www.ndrc.gov.cn/xwdt/xwfb/202405/t20240515_1386222.html,-230,9442.5,1,down,230,2024-05,84.048,10,-4.449,-5.027289,83.616,10,-5.447,-6.115895,80.258,10,-4.303,-5.088634,82.1065,10,-4.7055,-5.420334,82.7103,10,-5.0021,-5.702842,0.3,-1.4,49.5,51.1,51,4697,2972291.4,632.81,-236.891798,-236.891798,-236.891798,0,6.891798,6.891798,down,down,down,1,1,0.970907,-6.891798,1,0,S4_grid_best_fixed_lambda,-236.891798,best lambda=1; threshold=50,0,0,0,18876.720215,0,0,0,0,0,0,0.027922,0,0.004188
2024-05-29,2024-05-29,0,0,9965,8920,2024年5月29日国内成品油价格按机制不作调整,https://www.ndrc.gov.cn/xwdt/xwfb/202405/t20240529_1386532.html,0,9442.5,0,no_adjust,0,2024-05,83.251,10,-0.797,-0.948268,80.741,10,-2.875,-3.438337,80.041,10,-0.217,-0.270378,80.391,10,-1.7155,-2.08936,80.531,10,-2.1793,-2.634859,0.3,-1.4,49.5,51.1,51,4697,2972291.4,632.81,-102.190574,-102.190574,-102.190574,0,102.190574,102.190574,down,down,no_adjust,1,0,0,-102.190574,1,0,S4_grid_best_fixed_lambda,-102.190574,best lambda=1; threshold=50,0,0,0,18144.419747,0,0,0,0,0,0,0.026839,0,0.004026
2024-06-14,2024-06-13,-190,-180,9775,8740,2024年6月13日国内成品油价格按机制调整,https://www.ndrc.gov.cn/xwdt/xwfb/202406/t20240613_1386864.html,-185,9257.5,1,down,185,2024-06,80.884,10,-2.367,-2.843209,78.402,10,-2.339,-2.896917,77.178,10,-2.863,-3.576917,77.79,10,-2.601,-3.235437,78.0348,10,-2.4962,-3.099676,0.2,-0.8,49.5,50.5,50.5,4645,2823960,607.96,-117.312728,-117.312728,-117.312728,0,-67.687272,-67.687272,down,down,down,1,1,1.576981,67.687272,0,1,S4_grid_best_fixed_lambda,-117.312728,best lambda=1; threshold=50,0,0,0,228.679542,0,0,0,0,0,0,0.000338,0,0.000051
2024-06-28,2024-06-27,210,200,9985,8940,2024年6月27日国内成品油价格按机制调整,https://www.ndrc.gov.cn/xwdt/xwfb/202406/t20240627_1391342.html,205,9462.5,1,up,205,2024-06,84.8,10,3.916,4.841501,84.747,10,6.345,8.092906,81.442,10,4.264,5.524891,82.8385,10,5.0485,6.489909,83.3971,10,5.3623,6.871678,0.2,-0.8,49.5,50.5,50.5,4645,2823960,607.96,257.68712,257.68712,257.68712,0,-52.68712,-52.68712,up,up,up,1,1,0.795538,52.68712,1,0,S4_grid_best_fixed_lambda,257.68712,best lambda=1; threshold=50,66402.651814,0,69058.757886,140624.886,0,0,0,0.048938,0,0.042413,0.208007,0,0.054039
2024-07-12,2024-07-11,110,105,10095,9045,2024年7月11日国内成品油价格按机制调整,https://www.ndrc.gov.cn/xwdt/xwfb/202407/t20240711_1391617.html,107.5,9570,1,up,107.5,2024-07,86.717,10,1.917,2.260613,87.454,10,2.707,3.194213,83.628,10,2.186,2.684119,85.412,10,2.5735,3.106647,86.1256,10,2.7285,3.271696,0.5,-0.8,49.4,50.2,50.2,4234,2578459.6,608.99,132.004789,132.004789,132.004789,0,-24.504789,-24.504789,up,up,up,1,1,0.814364,24.504789,1,0,S4_grid_best_fixed_lambda,132.004789,best lambda=1; threshold=50,17425.264319,0,19167.790751,15796.048326,0,0,0,0.012842,0,0.011772,0.023365,0,0.009658
2024-07-26,2024-07-25,-145,-140,9950,8905,2024年7月25日国内成品油价格按机制调整,https://www.ndrc.gov.cn/xwdt/xwfb/202407/t20240725_1391947.html,-142.5,9427.5,1,down,142.5,2024-07,84.334,10,-2.383,-2.748019,85.272,10,-2.182,-2.495026,82.058,10,-1.57,-1.877362,83.665,10,-1.747,-2.04538,84.3078,10,-1.8178,-2.110638,0.5,-0.8,49.4,50.2,50.2,4234,2578459.6,608.99,-84.940151,-84.940151,-84.940151,0,-57.559849,-57.559849,down,down,down,1,1,1.677652,57.559849,0,1,S4_grid_best_fixed_lambda,-84.940151,best lambda=1; threshold=50,0,0,0,47065.106992,0,0,0,0,0,0,0.069617,0,0.010443
2024-08-09,2024-08-08,-305,-290,9645,8615,2024年8月8日国内成品油价格按机制调整,https://www.ndrc.gov.cn/xwdt/xwfb/202408/t20240808_1392318.html,-297.5,9130,1,down,297.5,2024-08,79.12,10,-5.214,-6.18256,79.763,10,-5.509,-6.460503,76.928,10,-5.13,-6.251676,78.3455,10,-5.3195,-6.358095,78.9125,10,-5.3953,-6.399526,0.6,-1.8,49.1,50.3,50.1,4910,2936268.9,598.02,-255.654913,-255.654913,-255.654913,0,-41.845087,-41.845087,down,down,down,1,1,1.163678,41.845087,0,1,S4_grid_best_fixed_lambda,-255.654913,best lambda=1; threshold=50,0,0,0,29143.529965,0,0,0,0,0,0,0.043108,0,0.006466
2024-08-22,2024-08-22,0,0,9645,8615,2024年8月22日国内成品油价格按机制不作调整,https://www.ndrc.gov.cn/xwdt/xwfb/202408/t20240822_1392530.html,0,9130,0,no_adjust,0,2024-08,78.904,10,-0.216,-0.273003,81.291,10,1.528,1.915675,77.721,10,0.793,1.030834,79.506,10,1.1605,1.481259,80.22,10,1.3075,1.656898,0.6,-1.8,49.1,50.3,50.1,4910,2936268.9,598.02,64.196074,64.196074,64.196074,0,-64.196074,-64.196074,up,up,no_adjust,1,0,0,64.196074,1,0,S4_grid_best_fixed_lambda,64.196074,best lambda=1; threshold=50,4121.135917,0,4615.672227,102304.653885,0,0,0,0.003037,0,0.002835,0.151325,0,0.024167
2024-09-06,2024-09-05,-100,-100,9545,8515,2024年9月5日国内成品油价格按机制调整,https://www.ndrc.gov.cn/xwdt/xwfb/202409/t20240905_1392834.html,-100,9030,1,down,100,2024-09,77.58,10,-1.324,-1.677988,79.016,10,-2.275,-2.798588,74.55,10,-3.171,-4.079978,76.678,10,-2.828,-3.556964,77.6544,10,-2.5656,-3.198205,0.4,-2.8,49.8,50,50.4,4549,2573473.2,565.72,-120.624428,-120.624428,-120.624428,0,20.624428,20.624428,down,down,down,1,1,0.829019,-20.624428,1,0,S4_grid_best_fixed_lambda,-120.624428,best lambda=1; threshold=50,0,0,0,34158.61796,0,0,0,0,0,0,0.050526,0,0.007579
2024-09-21,2024-09-20,-365,-350,9180,8165,2024年9月20日国内成品油价格按机制调整,https://www.ndrc.gov.cn/xwdt/xwfb/202409/t20240920_1393111.html,-357.5,8672.5,1,down,357.5,2024-09,72.829,10,-4.751,-6.124001,73.229,10,-5.787,-7.323833,70.068,10,-4.482,-6.012072,71.6485,10,-5.0295,-6.559248,72.2807,10,-5.3737,-6.92002,0.4,-2.8,49.8,50,50.4,4549,2573473.2,565.72,-254.624182,-254.624182,-254.624182,0,-102.875818,-102.875818,down,down,down,1,1,1.40403,102.875818,0,1,S4_grid_best_fixed_lambda,-254.624182,best lambda=1; threshold=50,0,0,0,17955.934072,0,0,0,0,0,0,0.02656,0,0.003984
2024-10-11,2024-10-10,140,135,9320,8300,2024年10月10日国内成品油价格按机制调整,https://www.ndrc.gov.cn/xwdt/xwfb/202410/t20241010_1393553.html,137.5,8810,1,up,137.5,2024-10,74.879,10,2.05,2.814813,76.108,10,2.879,3.931503,72.203,10,2.135,3.04704,74.1555,10,2.507,3.499026,74.9365,10,2.6558,3.674286,0.3,-2.9,50.1,50.2,50.8,4470,2430092.9,543.64,128.535616,128.535616,128.535616,0,8.964384,8.964384,up,up,up,1,1,1.069742,-8.964384,0,1,S4_grid_best_fixed_lambda,128.535616,best lambda=1; threshold=50,16521.40458,0,17512.688855,146811.430803,0,0,0,0.012176,0,0.010755,0.217158,0,0.038307
2024-10-24,2024-10-23,90,85,9410,8385,2024年10月23日国内成品油价格按机制调整,https://www.ndrc.gov.cn/xwdt/xwfb/202410/t20241023_1393865.html,87.5,8897.5,1,up,87.5,2024-10,74.973,10,0.094,0.125536,75.858,10,-0.25,-0.328481,72.791,10,0.588,0.814371,74.3105,10,0.155,0.20902,74.9183,10,-0.0182,-0.024287,0.3,-2.9,50.1,50.2,50.8,4470,2430092.9,543.64,0.934981,0.934981,0,0.934981,86.565019,87.5,up,no_adjust,up,0,1,,,,,S4_grid_best_fixed_lambda,0.0,best lambda=1; threshold=50,0,0,0,16521.40458,0,0,0,0,0,0,0.024438,0,0.003666
2024-11-07,2024-11-06,-145,-140,9265,8245,2024年11月6日国内成品油价格按机制调整,https://www.ndrc.gov.cn/xwdt/xwfb/202411/t20241106_1394298.html,-142.5,8755,1,down,142.5,2024-11,73.042,10,-1.931,-2.575594,73.949,10,-1.909,-2.516544,70.149,10,-2.642,-3.62957,72.049,10,-2.2615,-3.043312,72.809,10,-2.1093,-2.815467,0.2,-2.5,50.3,50,50.8,4852,2627508.2,541.53,-98.850243,-97.915262,-97.915262,0,-43.649757,-44.584738,down,down,down,1,1,1.45534,44.584738,0,1,S4_grid_best_fixed_lambda,-97.915262,best lambda=1; threshold=50,0,0,0,9587.398533,0,0,0,0,0,0,0.014181,0,0.002127
2024-11-20,2024-11-20,0,0,9265,8245,2024年11月20日国内成品油价格不作调整,https://www.ndrc.gov.cn/xwdt/xwfb/202411/t20241120_1394603.html,0,8755,0,no_adjust,0,2024-11,72.541,10,-0.501,-0.685907,73.941,10,-0.008,-0.010818,70.034,10,-0.115,-0.163937,72.227,10,0.178,0.247054,73.1042,10,0.2952,0.405444,0.2,-2.5,50.3,50,50.8,4852,2627508.2,541.53,15.890119,15.890119,0,15.890119,-15.890119,0,up,no_adjust,no_adjust,0,0,,,,,S4_grid_best_fixed_lambda,0.0,best lambda=1; threshold=50,0,0,0,9587.398533,0,0,0,0,0,0,0.014181,0,0.002127
2024-12-04,2024-12-04,0,0,9265,8245,2024年12月4日国内成品油价格按机制不作调整,https://www.ndrc.gov.cn/xwdt/xwfb/202412/t20241204_1394837.html,0,8755,0,no_adjust,0,2024-12,72.901,10,0.36,0.496271,74.395,10,0.454,0.614003,69.532,10,-0.502,-0.716795,71.9835,10,-0.2435,-0.337132,72.9641,10,-0.1401,-0.191644,0.1,-2.3,50.1,52.2,52.2,4923,2678963.5,544.17,-4.881966,11.008153,0,11.008153,4.881966,0,down,no_adjust,no_adjust,0,0,,,,,S4_grid_best_fixed_lambda,0.0,best lambda=1; threshold=50,0,0,0,0,0,0,0,0,0,0,0,0,0
2024-12-18,2024-12-18,0,0,9265,8245,2024年12月18日国内成品油价格按机制不作调整,https://www.ndrc.gov.cn/xwdt/xwfb/202412/t20241218_1395064.html,0,8755,0,no_adjust,0,2024-12,72.809,10,-0.092,-0.126199,73.986,10,-0.409,-0.549768,69.717,10,0.185,0.266065,71.8515,10,-0.132,-0.183375,72.7053,10,-0.2588,-0.354695,0.1,-2.3,50.1,52.2,52.2,4923,2678963.5,544.17,-10.546213,0.46194,0,0.46194,10.546213,0,down,no_adjust,no_adjust,0,0,,,,,S4_grid_best_fixed_lambda,0.0,best lambda=1; threshold=50,0,0,0,0,0,0,0,0,0,0,0,0,0
2025-01-03,2025-01-02,70,70,9335,8315,2025年1月2日国内成品油价格按机制调整,https://www.ndrc.gov.cn/xwdt/xwfb/202501/t20250102_1395423.html,70,8825,1,up,70,2025-01,73.555,10,0.746,1.024599,73.718,10,-0.268,-0.362231,70.712,10,0.995,1.427199,72.2475,10,0.396,0.551137,72.8357,10,0.1304,0.179354,0.5,-2.3,49.1,50.2,50.1,,,,8.026026,8.487966,0,8.487966,61.973974,70,up,no_adjust,up,0,1,,,,,S4_grid_best_fixed_lambda,0.0,best lambda=1; threshold=50,0,0,0,0,0,0,0,0,0,0,0,0,0
2025-01-17,2025-01-16,340,325,9675,8640,2025年1月16日国内成品油价格按机制调整,https://www.ndrc.gov.cn/xwdt/xwfb/202501/t20250116_1395727.html,332.5,9157.5,1,up,332.5,2025-01,77.796,10,4.241,5.765754,79.21,10,5.492,7.450012,75.993,10,5.281,7.468322,77.4085,10,5.161,7.1435,77.9747,10,5.139,7.055606,0.5,-2.3,49.1,50.2,50.1,,,,247.031465,255.51943,255.51943,0,85.468535,76.98057,up,up,up,1,1,1.301271,-76.98057,0,1,S4_grid_best_fixed_lambda,255.51943,best lambda=1; threshold=50,65290.179108,0,71819.197018,65290.179108,0,0,0,0.048118,0,0.044108,0.096575,0,0.037543
2025-02-06,2025-02-06,0,0,9675,8640,2025年2月6日国内成品油价格按机制不作调整,https://www.ndrc.gov.cn/xwdt/xwfb/202502/t20250206_1396007.html,0,9157.5,0,no_adjust,0,2025-02,78.976,10,1.18,1.516787,77.197,10,-2.013,-2.541346,73.449,10,-2.544,-3.347677,75.323,10,-2.0855,-2.694149,76.0726,10,-1.9021,-2.439381,-0.7,-2.2,50.2,50.4,51.1,,,,-88.962864,-88.962864,-88.962864,0,88.962864,88.962864,down,down,no_adjust,1,0,0,-88.962864,1,0,S4_grid_best_fixed_lambda,-88.962864,best lambda=1; threshold=50,0,0,0,118668.05088,0,0,0,0,0,0,0.17553,0,0.026329
2025-02-20,2025-02-19,-170,-160,9505,8480,2025年2月19日国内成品油价格按机制调整,https://www.ndrc.gov.cn/xwdt/xwfb/202502/t20250219_1396225.html,-165,8992.5,1,down,165,2025-02,77.06,10,-1.916,-2.426053,75.626,10,-1.571,-2.035053,71.976,10,-1.473,-2.005473,73.8395,10,-1.4835,-1.969518,74.5849,10,-1.4877,-1.955632,-0.7,-2.2,50.2,50.4,51.1,,,,-69.188106,-69.188106,-69.188106,0,-95.811894,-95.811894,down,down,down,1,1,2.384803,95.811894,0,1,S4_grid_best_fixed_lambda,-69.188106,best lambda=1; threshold=50,0,0,0,391.041054,0,0,0,0,0,0,0.000578,0,0.000087
2025-03-06,2025-03-05,-135,-130,9370,8350,2025年3月5日国内成品油价格按机制调整,https://www.ndrc.gov.cn/xwdt/xwfb/202503/t20250305_1396430.html,-132.5,8860,1,down,132.5,2025-03,75.801,10,-1.259,-1.633792,74.459,10,-1.167,-1.54312,70.295,10,-1.681,-2.335501,72.377,10,-1.4625,-1.980647,73.2098,10,-1.3751,-1.843671,-0.1,-2.5,50.5,50.8,51.4,,,,-63.814945,-63.814945,-63.814945,0,-68.685055,-68.685055,down,down,down,1,1,2.076316,68.685055,0,1,S4_grid_best_fixed_lambda,-63.814945,best lambda=1; threshold=50,0,0,0,28.870859,0,0,0,0,0,0,0.000043,0,0.000006
2025-03-20,2025-03-19,-280,-270,9090,8080,2025年3月19日国内成品油价格按机制调整,https://www.ndrc.gov.cn/xwdt/xwfb/202503/t20250319_1396715.html,-275,8585,1,down,275,2025-03,72.828,10,-2.973,-3.922112,71.606,10,-2.853,-3.831639,67.055,10,-3.24,-4.609147,69.3305,10,-3.0465,-4.20921,70.2407,10,-2.9691,-4.055605,-0.1,-2.5,50.5,50.8,51.4,,,,-139.879049,-139.879049,-139.879049,0,-135.120951,-135.120951,down,down,down,1,1,1.965984,135.120951,0,1,S4_grid_best_fixed_lambda,-139.879049,best lambda=1; threshold=50,0,0,0,5785.747917,0,0,0,0,0,0,0.008558,0,0.001284
2025-04-03,2025-04-02,230,220,9320,8300,2025年4月2日国内成品油价格按机制调整,https://www.ndrc.gov.cn/xwdt/xwfb/202504/t20250402_1396996.html,225,8810,1,up,225,2025-04,75.578,10,2.75,3.77602,74.395,10,2.789,3.894925,69.698,10,2.643,3.941541,72.0465,10,2.716,3.917468,72.9859,10,2.7452,3.908275,-0.1,-2.7,49,50.4,50.2,,,,132.801696,132.801696,132.801696,0,92.198304,92.198304,up,up,up,1,1,1.694255,-92.198304,0,1,S4_grid_best_fixed_lambda,132.801696,best lambda=1; threshold=50,17636.29046,0,17636.29046,74354.788694,0,0,0,0.012998,0,0.010831,0.109983,0,0.022455
2025-04-18,2025-04-17,-480,-465,8840,7835,2025年4月17日国内成品油价格按机制调整,https://www.ndrc.gov.cn/xwdt/xwfb/202504/t20250417_1397240.html,-472.5,8337.5,1,down,472.5,2025-04,67.84,10,-7.738,-10.238429,67.309,10,-7.086,-9.524834,62.266,10,-7.432,-10.663147,64.7875,10,-7.259,-10.075437,65.7961,10,-7.1898,-9.850944,-0.1,-2.7,49,50.4,50.2,,,,-341.286678,-341.286678,-341.286678,0,-131.213322,-131.213322,down,down,down,1,1,1.384467,131.213322,0,1,S4_grid_best_fixed_lambda,-341.286678,best lambda=1; threshold=50,0,0,0,224759.786362,0,0,0,0,0,0,0.332457,0,0.049868
2025-04-30,2025-04-30,0,0,8840,7835,2025年4月30日国内成品油价格按机制不作调整,https://www.ndrc.gov.cn/xwdt/xwfb/202504/t20250430_1397516.html,0,8337.5,0,no_adjust,0,2025-04,68.731,10,0.891,1.313384,67.288,10,-0.021,-0.031199,63.295,10,1.029,1.652587,65.217,10,0.4295,0.662937,66.0454,10,0.2493,0.378898,-0.1,-2.7,49,50.4,50.2,,,,13.699816,13.699816,0,13.699816,-13.699816,0,up,no_adjust,no_adjust,0,0,,,,,S4_grid_best_fixed_lambda,0.0,best lambda=1; threshold=50,0,0,0,116476.59658,0,0,0,0,0,0,0.172288,0,0.025843
2025-05-20,2025-05-19,-230,-220,8610,7615,2025年5月19日国内成品油价格按机制调整,https://www.ndrc.gov.cn/xwdt/xwfb/202505/t20250519_1397793.html,-225,8112.5,1,down,225,2025-05,63.389,10,-5.342,-7.77233,63.841,10,-3.447,-5.122756,62.167,10,-1.128,-1.782131,63.0625,10,-2.1545,-3.303586,63.3739,10,-2.6715,-4.044945,-0.1,-3.3,49.5,50.3,50.4,,,,-125.677871,-111.978054,-111.978054,0,-99.322129,-113.021946,down,down,down,1,1,2.009322,113.021946,0,1,S4_grid_best_fixed_lambda,-111.978054,best lambda=1; threshold=50,0,0,0,12539.084578,0,0,0,0,0,0,0.018547,0,0.002782
2025-06-04,2025-06-03,65,60,8675,7675,2025年6月3日国内成品油价格按机制调整,https://www.ndrc.gov.cn/xwdt/xwfb/202506/t20250603_1398198.html,62.5,8175,1,up,62.5,2025-06,64.199,10,0.81,1.277824,65.483,10,1.642,2.572015,62.686,10,0.519,0.834848,64.0845,10,1.022,1.620614,64.6439,10,1.27,2.00398,0.1,-3.6,49.7,50.5,50.7,,,,62.406611,62.406611,62.406611,0,0.093389,0.093389,up,up,up,1,1,1.001496,-0.093389,0,1,S4_grid_best_fixed_lambda,62.406611,best lambda=1; threshold=50,3894.585097,0,3972.476798,30410.011387,0,0,0,0.00287,0,0.00244,0.044981,0,0.008075
2025-06-18,2025-06-17,260,255,8935,7930,2025年6月17日国内成品油价格按机制调整,https://www.ndrc.gov.cn/xwdt/xwfb/202506/t20250617_1398486.html,257.5,8432.5,1,up,257.5,2025-06,67.733,10,3.534,5.504759,69.965,10,4.482,6.844525,67.269,10,4.583,7.311042,68.617,10,4.5325,7.072693,69.1562,10,4.5123,6.980241,0.1,-3.6,49.7,50.5,50.7,,,,217.12596,217.12596,217.12596,0,40.37404,40.37404,up,up,up,1,1,1.185948,-40.37404,0,1,S4_grid_best_fixed_lambda,217.12596,best lambda=1; threshold=50,47143.682506,0,48086.556156,23938.076955,0,0,0,0.034744,0,0.029532,0.035408,0,0.02138
2025-07-02,2025-07-01,235,225,9170,8155,2025年7月1日国内成品油价格按机制调整,https://www.ndrc.gov.cn/xwdt/xwfb/202507/t20250701_1398919.html,230,8662.5,1,up,230,2025-07,72.26,10,4.527,6.683596,73.414,10,3.449,4.929608,69.995,10,2.726,4.052387,71.4385,10,2.8215,4.111955,72.0159,10,2.8597,4.135132,0,-3.6,49.3,50.1,50.2,,,,138.265523,138.265523,138.265523,0,91.734477,91.734477,up,up,up,1,1,1.663466,-91.734477,0,1,S4_grid_best_fixed_lambda,138.265523,best lambda=1; threshold=50,19117.35485,0,19117.35485,6218.968524,0,0,0,0.014089,0,0.011741,0.009199,0,0.007837
2025-07-16,2025-07-15,-130,-125,9040,8030,2025年7月15日国内成品油价格按机制调整,https://www.ndrc.gov.cn/xwdt/xwfb/202507/t20250715_1399195.html,-127.5,8535,1,down,127.5,2025-07,70.362,10,-1.898,-2.626626,70.971,10,-2.443,-3.327703,68.365,10,-1.63,-2.328738,69.524,10,-1.9145,-2.679927,69.9876,10,-2.0283,-2.816461,0,-3.6,49.3,50.1,50.2,,,,-94.985003,-94.985003,-94.985003,0,-32.514997,-32.514997,down,down,down,1,1,1.342317,32.514997,0,1,S4_grid_best_fixed_lambda,-94.985003,best lambda=1; threshold=50,0,0,0,54405.807879,0,0,0,0,0,0,0.080475,0,0.012071
2025-07-29,2025-07-29,0,0,9040,8030,2025年7月29日国内成品油价格按机制不作调整,https://www.ndrc.gov.cn/xwdt/xwfb/202507/t20250729_1399467.html,0,8535,0,no_adjust,0,2025-07,70.588,10,0.226,0.321196,70.362,10,-0.609,-0.858097,67.553,10,-0.812,-1.187742,68.9575,10,-0.5665,-0.814827,69.5193,10,-0.4683,-0.669119,0,-3.6,49.3,50.1,50.2,,,,-20.543346,-20.543346,0,-20.543346,20.543346,0,down,no_adjust,no_adjust,0,0,,,,,S4_grid_best_fixed_lambda,0.0,best lambda=1; threshold=50,0,0,0,9022.150795,0,0,0,0,0,0,0.013345,0,0.002002
2025-08-12,2025-08-12,0,0,9040,8030,2025年8月12日国内成品油价格按机制不作调整,https://www.ndrc.gov.cn/xwdt/xwfb/202508/t20250812_1399754.html,0,8535,0,no_adjust,0,2025-08,71.74,10,1.152,1.632005,69.936,10,-0.426,-0.60544,67.389,10,-0.164,-0.242772,68.6625,10,-0.295,-0.4278,69.1719,10,-0.3474,-0.499717,-0.4,-2.9,49.4,50.3,50.5,,,,-14.774117,-35.317463,0,-35.317463,14.774117,0,down,no_adjust,no_adjust,0,0,,,,,S4_grid_best_fixed_lambda,0.0,best lambda=1; threshold=50,0,0,0,0,0,0,0,0,0,0,0,0,0
2025-08-27,2025-08-26,-180,-175,8860,7855,2025年8月26日国内成品油价格按机制调整,https://www.ndrc.gov.cn/xwdt/xwfb/202508/t20250826_1400056.html,-177.5,8357.5,1,down,177.5,2025-08,69.136,10,-2.604,-3.629774,67.494,10,-2.442,-3.491764,64.257,10,-3.132,-4.647643,65.868,10,-2.7945,-4.069907,66.5184,10,-2.6535,-3.836095,-0.4,-2.9,49.4,50.3,50.5,,,,-124.818929,-160.136392,-160.136392,0,-52.681071,-17.363608,down,down,down,1,1,1.10843,17.363608,0,1,S4_grid_best_fixed_lambda,-160.136392,best lambda=1; threshold=50,0,0,0,25643.664043,0,0,0,0,0,0,0.037931,0,0.00569
2025-09-09,2025-09-09,0,0,8860,7855,2025年9月9日国内成品油价格按机制不作调整,https://www.ndrc.gov.cn/xwdt/xwfb/202509/t20250909_1400343.html,0,8357.5,0,no_adjust,0,2025-09,70.442,10,1.306,1.88903,67.079,10,-0.415,-0.614869,64.153,10,-0.104,-0.16185,65.621,10,-0.247,-0.374992,66.2522,10,-0.2662,-0.40019,-0.3,-2.3,49.8,50,50.6,,,,-10.899334,-10.899334,0,-10.899334,10.899334,0,down,no_adjust,no_adjust,0,0,,,,,S4_grid_best_fixed_lambda,0.0,best lambda=1; threshold=50,0,0,0,25643.664043,0,0,0,0,0,0,0.037931,0,0.00569
2025-09-23,2025-09-23,0,0,8860,7855,2025年9月23日国内成品油价格按机制不作调整,https://www.ndrc.gov.cn/xwdt/xwfb/202509/t20250923_1400624.html,0,8357.5,0,no_adjust,0,2025-09,70.572,10,0.13,0.184549,67.922,10,0.843,1.256727,63.559,10,-0.594,-0.925911,65.7405,10,0.1195,0.182106,66.6131,10,0.3609,0.544737,-0.3,-2.3,49.8,50,50.6,,,,19.025258,8.125924,0,8.125924,-19.025258,0,up,no_adjust,no_adjust,0,0,,,,,S4_grid_best_fixed_lambda,0.0,best lambda=1; threshold=50,0,0,0,0,0,0,0,0,0,0,0,0,0
2025-10-14,2025-10-13,-75,-70,8785,7785,2025年10月13日国内成品油价格按机制调整,https://www.ndrc.gov.cn/xwdt/xwfb/202510/t20251013_1400937.html,-72.5,8285,1,down,72.5,2025-10,67.17,10,-3.402,-4.820609,66.901,10,-1.021,-1.503195,62.345,10,-1.214,-1.910036,64.623,10,-1.1175,-1.699865,65.5342,10,-1.0789,-1.619651,0.2,-2.1,49,50.1,50,,,,-49.680574,-41.55465,0,-41.55465,-22.819426,-72.5,down,no_adjust,down,0,1,,,,,S4_grid_best_fixed_lambda,0.0,best lambda=1; threshold=50,0,0,0,0,0,0,0,0,0,0,0,0,0
2025-10-28,2025-10-27,-265,-255,8520,7530,2025年10月27日国内成品油价格按机制调整,https://www.ndrc.gov.cn/xwdt/xwfb/202510/t20251027_1401193.html,-260,8025,1,down,260,2025-10,63.901,10,-3.269,-4.866756,62.79,10,-4.111,-6.144901,59.595,10,-2.75,-4.410939,61.2055,10,-3.4175,-5.288365,61.8497,10,-3.6845,-5.622255,0.2,-2.1,49,50.1,50,,,,-174.017229,-215.571879,-215.571879,0,-85.982771,-44.428121,down,down,down,1,1,1.206094,44.428121,0,1,S4_grid_best_fixed_lambda,-215.571879,best lambda=1; threshold=50,0,0,0,46471.235016,0,0,0,0,0,0,0.068739,0,0.010311
2025-11-11,2025-11-10,125,120,8645,7650,2025年11月10日国内成品油价格按机制调整,https://www.ndrc.gov.cn/xwdt/xwfb/202511/t20251110_1401464.html,122.5,8147.5,1,up,122.5,2025-11,65.935,10,2.034,3.183049,64.661,10,1.871,2.979774,61.182,10,1.587,2.662975,62.9215,10,1.716,2.80367,63.6173,10,1.7676,2.857896,0.7,-2.2,49.2,49.5,49.7,,,,86.151591,86.151591,86.151591,0,36.348409,36.348409,up,up,up,1,1,1.421912,-36.348409,0,1,S4_grid_best_fixed_lambda,86.151591,best lambda=1; threshold=50,7422.096632,0,8461.19016,91037.052349,0,0,0,0.00547,0,0.005196,0.134659,0,0.022865
2025-11-25,2025-11-24,-70,-65,8575,7585,2025年11月24日国内成品油价格按机制调整,https://www.ndrc.gov.cn/xwdt/xwfb/202511/t20251124_1401864.html,-67.5,8080,1,down,67.5,2025-11,64.545,10,-1.39,-2.108137,63.256,10,-1.405,-2.172871,60.256,10,-0.926,-1.513517,61.749,10,-1.1725,-1.863433,62.3462,10,-1.2711,-1.998041,0.7,-2.2,49.2,49.5,49.7,,,,-58.852168,-58.852168,-58.852168,0,-8.647832,-8.647832,down,down,down,1,1,1.146942,8.647832,0,1,S4_grid_best_fixed_lambda,-58.852168,best lambda=1; threshold=50,0,0,0,21026.090124,0,0,0,0,0,0,0.031101,0,0.004665
2025-12-09,2025-12-08,-55,-55,8520,7530,2025年12月8日国内成品油价格按机制调整,https://www.ndrc.gov.cn/xwdt/xwfb/202512/t20251208_1402287.html,-55,8025,1,down,55,2025-12,63.552,10,-0.993,-1.538462,64.179,10,0.923,1.45915,59.103,10,-1.153,-1.913502,61.571,10,-0.178,-0.288264,62.5582,10,0.212,0.340037,0.8,-1.9,50.1,50.2,50.7,,,,11.919897,11.919897,0,11.919897,-66.919897,-55,up,no_adjust,down,0,1,,,,,S4_grid_best_fixed_lambda,0.0,best lambda=1; threshold=50,0,0,0,3463.577678,0,0,0,0,0,0,0.005123,0,0.000768
2025-12-23,2025-12-22,-170,-165,8350,7365,2025年12月22日国内成品油价格按机制调整,https://www.ndrc.gov.cn/xwdt/xwfb/202512/t20251222_1402523.html,-167.5,7857.5,1,down,167.5,2025-12,61.018,10,-2.534,-3.987286,61.715,10,-2.464,-3.839262,57.298,10,-1.805,-3.05399,59.5065,10,-2.0645,-3.35304,60.3899,10,-2.1683,-3.466052,0.8,-1.9,50.1,50.2,50.7,,,,-101.665665,-89.745767,-89.745767,0,-65.834335,-77.754233,down,down,down,1,1,1.866383,77.754233,0,1,S4_grid_best_fixed_lambda,-89.745767,best lambda=1; threshold=50,0,0,0,8054.302694,0,0,0,0,0,0,0.011914,0,0.001787
2026-01-06,2026-01-06,0,0,8350,7365,2026年1月6日国内成品油价格按机制不作调整,https://www.ndrc.gov.cn/xwdt/xwfb/202601/t20260106_1403050.html,0,7857.5,0,no_adjust,0,2026-01,60.838,10,-0.18,-0.294995,62.339,10,0.624,1.011099,57.71,10,0.412,0.719048,60.0055,10,0.499,0.838564,60.9389,10,0.549,0.909092,0.2,-1.4,49.3,49.4,49.8,,,,28.001204,28.001204,0,28.001204,-28.001204,0,up,no_adjust,no_adjust,0,0,,,,,S4_grid_best_fixed_lambda,0.0,best lambda=1; threshold=50,0,0,0,8054.302694,0,0,0,0,0,0,0.011914,0,0.001787
2026-01-21,2026-01-20,85,85,8435,7450,2026年1月20日国内成品油价格按机制调整,https://www.ndrc.gov.cn/xwdt/xwfb/202601/t20260120_1403319.html,85,7942.5,1,up,85,2026-01,61.303,10,0.465,0.764325,65.352,10,3.013,4.83325,58.839,10,1.129,1.956333,61.9,10,1.8945,3.157211,63.1244,10,2.1855,3.586379,0.2,-1.4,49.3,49.4,49.8,,,,106.093366,134.09457,134.09457,0,-21.093366,-49.09457,up,up,up,1,1,0.633881,49.09457,1,0,S4_grid_best_fixed_lambda,134.09457,best lambda=1; threshold=50,17981.353703,0,18700.607852,17981.353703,0,0,0,0.013252,0,0.011485,0.026597,0,0.010174
2026-02-04,2026-02-03,205,195,8640,7645,2026年2月3日国内成品油价格按机制调整,https://www.ndrc.gov.cn/xwdt/xwfb/202602/t20260203_1403566.html,200,8142.5,1,up,200,2026-02,64.204,10,2.901,4.732232,68.787,10,3.435,5.256151,61.674,10,2.835,4.818233,65.2305,10,3.3305,5.380452,66.6531,10,3.5287,5.590073,1.3,-0.9,49,49.5,49.5,,,,170.189541,170.189541,170.189541,0,29.810459,29.810459,up,up,up,1,1,1.17516,-29.810459,0,1,S4_grid_best_fixed_lambda,170.189541,best lambda=1; threshold=50,28964.479866,0,36495.244631,1302.846931,0,0,0,0.021346,0,0.022414,0.001927,0,0.011229
2026-02-25,2026-02-24,175,170,8815,7815,2026年2月24日国内成品油价格按机制调整,https://www.ndrc.gov.cn/xwdt/xwfb/202602/t20260224_1403852.html,172.5,8315,1,up,172.5,2026-02,68.106,10,3.902,6.077503,71.247,10,2.46,3.576257,64.723,10,3.049,4.943736,68.004,10,2.7735,4.251845,69.3164,10,2.6633,3.995763,1.3,-0.9,49,49.5,49.5,,,,128.893509,128.893509,128.893509,0,43.606491,43.606491,up,up,up,1,1,1.338314,-43.606491,0,1,S4_grid_best_fixed_lambda,128.893509,best lambda=1; threshold=50,16613.536662,0,20933.056195,1705.362259,0,0,0,0.012244,0,0.012856,0.002523,0,0.006653
2026-03-10,2026-03-09,695,670,9510,8485,2026年3月9日国内成品油价格按机制调整,https://www.ndrc.gov.cn/xwdt/xwfb/202603/t20260309_1404075.html,682.5,8997.5,1,up,682.5,2026-03,77.672,10,9.566,14.045752,78.319,10,7.072,9.926032,72.118,10,7.395,11.425614,75.2185,10,7.2145,10.608935,76.4587,10,7.1423,10.303911,1,0.5,50.4,50.1,50.5,,,,342.626959,342.626959,342.626959,0,339.873041,339.873041,up,up,up,1,1,1.991962,-339.873041,0,1,S4_grid_best_fixed_lambda,342.626959,best lambda=1; threshold=50,117393.233034,0,140871.87964,45681.987649,0,0,0,0.086517,0,0.086517,0.067571,0,0.053394
2026-03-24,2026-03-23,1160,1115,10670,9600,2026年3月23日国内成品油价格调整,https://www.ndrc.gov.cn/xwdt/xwfb/202603/t20260323_1404295.html,1137.5,10135,1,up,1137.5,2026-03,125.659,10,47.987,61.781594,103.777,10,25.458,32.505522,93.959,10,21.841,30.285088,98.868,10,23.6495,31.441068,100.8316,10,24.3729,31.87721,1,0.5,50.4,50.1,50.5,,,,1164.85415,1164.85415,1164.85415,0,-27.35415,-27.35415,up,up,up,1,1,0.976517,27.35415,1,0,S4_grid_best_fixed_lambda,1164.85415,best lambda=1; threshold=50,1356885.190772,0,1628262.228927,676057.55362,0,0,0,1,0,1,1,0,0.65
2026-04-08,2026-04-07,420,400,11090,10000,2026年4月7日国家继续实施调控，成品油价格适当调整,https://www.ndrc.gov.cn/xwdt/xwfb/202604/t20260407_1404528.html,410,10545,1,up,410,2026-04,123.192,10,-2.467,-1.96325,117.037,10,13.26,12.777398,100.815,10,6.856,7.2968,108.161,10,9.293,9.399401,111.7114,10,10.8798,10.79007,1.2,2.8,50.3,49.4,50.1,,,,520.976763,520.976763,520.976763,0,-110.976763,-110.976763,up,up,up,1,1,0.786983,110.976763,1,0,S4_grid_best_fixed_lambda,520.976763,best lambda=1; threshold=50,271416.787586,0,336556.816607,414578.08949,0,0,0,0.200029,0,0.206697,0.613229,0,0.193666
2026-04-22,2026-04-21,-555,-530,10535,9470,2026年4月21日国内成品油价格下调,https://www.ndrc.gov.cn/xwdt/xwfb/202604/t20260421_1404789.html,-542.5,10002.5,1,down,542.5,2026-04,107.016,10,-16.176,-13.130723,117.398,10,0.361,0.308449,96.897,10,-3.918,-3.886326,107.1475,10,-1.0135,-0.937029,111.2477,10,-0.4637,-0.415087,1.2,2.8,50.3,49.4,50.1,,,,-20.323838,-20.323838,0,-20.323838,-522.176162,-542.5,down,no_adjust,down,0,1,,,,,S4_grid_best_fixed_lambda,0.0,best lambda=1; threshold=50,0,0,0,271416.787586,0,0,0,0,0,0,0.40147,0,0.06022
2026-05-09,2026-05-08,320,310,10855,9780,2026年5月8日国内成品油价格调整,https://www.ndrc.gov.cn/xwdt/xwfb/202605/t20260508_1405100.html,315,10317.5,1,up,315,2026-05,112.562,10,5.546,5.182403,114.626,10,-2.772,-2.361199,102.368,10,5.471,5.646202,107.562,10,0.4145,0.38685,110.3876,10,-0.8601,-0.77314,,,,,,,,,-39.239654,-59.563493,-59.563493,0,354.239654,374.563493,down,down,up,1,1,-5.288474,-374.563493,0,1,S4_grid_best_fixed_lambda,-59.563493,best lambda=1; threshold=50,0,0,0,3547.809698,0,0,0,0,0,0,0.005248,0,0.000787
2016-01-14,2016-01-13,-140,-135,6925,5970,完善成品油价格机制 同步下调成品油价格,https://www.ndrc.gov.cn/xwdt/ztzl/gncpyjg/201601/t20160113_1292913.html,-137.5,6447.5,1,down,137.5,2016-01,29.61,10,-9.253,-23.809279,33.936,10,-9.007,-20.974315,34.668,10,-5.88,-14.501332,34.302,10,-7.28,-17.507575,34.1556,10,-7.84,-18.668622,1.8,-5.3,49.4,53.5,,2669,752620.9,281.99,-372.313579,-372.313579,-372.313579,0,234.813579,234.813579,down,down,down,1,1,0.369312,-234.813579,1,0,S5_grid_best_segmented,-297.8508632,"best small=0.9, medium=0.8, large=0.7, extreme=0.4",0,5544.696044,0,0,-74.462716,-74.462716,5544.696044,0,0.045404,0,0,0.01432,0.011229
2016-01-27,2016-01-27,0,0,6925,5970,1月27日国内成品油价格不作调整,https://www.ndrc.gov.cn/xwdt/ztzl/gncpyjg/201601/t20160127_1292914.html,0,6447.5,0,no_adjust,0,2016-01,24.442,10,-5.168,-17.453563,28.576,10,-5.36,-15.794437,29.813,10,-4.855,-14.004269,29.2835,10,-5.0185,-14.630342,29.0717,10,-5.0839,-14.884528,1.8,-5.3,49.4,53.5,,2669,752620.9,281.99,-240.795213,-240.795213,-240.795213,0,240.795213,240.795213,down,down,no_adjust,1,0,0,-240.795213,1,0,S5_grid_best_segmented,-216.7156917,"best small=0.9, medium=0.8, large=0.7, extreme=0.4",0,579.823346,0,6582.916054,-24.079521,-98.542237,9710.572493,0,0.004748,0,0.019582,0.025083,0.007649
2016-02-15,2016-02-15,0,0,6925,5970,2月15日国内成品油价格不作调整,https://www.ndrc.gov.cn/xwdt/ztzl/gncpyjg/201602/t20160215_1292915.html,0,6447.5,0,no_adjust,0,2016-02,28.122,10,3.68,15.056051,31.297,10,2.721,9.521976,29.702,10,-0.111,-0.372321,30.4995,10,1.216,4.152509,30.8185,10,1.7468,6.008593,2.3,-4.9,49,52.7,,3180,737326.3,231.86,85.159035,85.159035,85.159035,0,-85.159035,-85.159035,up,up,no_adjust,1,0,0,85.159035,1,0,S5_grid_best_segmented,76.64313150000001,"best small=0.9, medium=0.8, large=0.7, extreme=0.4",5874.169606,72.520612,8576.287625,86059.399149,8.515903,-90.026334,8104.740741,0.008835,0.000594,0.010749,0.256003,0.020934,0.046555
2016-02-29,2016-02-29,0,0,6925,5970,2月29日国内成品油价格不作调整,https://www.ndrc.gov.cn/xwdt/ztzl/gncpyjg/201602/t20160229_1292916.html,0,6447.5,0,no_adjust,0,2016-02,29.175,10,1.053,3.744399,32.654,10,1.357,4.335879,30.602,10,0.9,3.030099,31.628,10,1.1285,3.700061,32.0384,10,1.2199,3.958337,2.3,-4.9,49,52.7,,3180,737326.3,231.86,60.015889,60.015889,60.015889,0,-60.015889,-60.015889,up,up,no_adjust,1,0,0,60.015889,1,0,S5_grid_best_segmented,54.0143001,"best small=0.9, medium=0.8, large=0.7, extreme=0.4",2917.544615,36.019069,4259.615138,512.064011,6.001589,-84.024745,7060.157722,0.004388,0.000295,0.005339,0.001523,0.018235,0.005455
2016-03-14,2016-03-14,0,0,6925,5970,3月14日国内成品油价格不作调整,https://www.ndrc.gov.cn/xwdt/ztzl/gncpyjg/201603/t20160314_1292917.html,0,6447.5,0,no_adjust,0,2016-03,33.3,10,4.125,14.138817,37.787,10,5.133,15.719361,36.064,10,5.462,17.848507,36.9255,10,5.2975,16.749399,37.2701,10,5.2317,16.329467,2.3,-4.3,50.2,53.8,,3261,771184.3,236.49,251.455017,251.455017,251.455017,0,-251.455017,-251.455017,up,up,no_adjust,1,0,0,251.455017,1,0,S5_grid_best_segmented,226.30951530000002,"best small=0.9, medium=0.8, large=0.7, extreme=0.4",51215.996715,632.296256,74775.355204,29685.641181,25.145502,-58.879243,3466.765256,0.077031,0.005178,0.093721,0.088306,0.008951,0.058312
2016-03-28,2016-03-28,0,0,6925,5970,3月28日国内成品油价格不作调整,https://www.ndrc.gov.cn/xwdt/ztzl/gncpyjg/201603/t20160328_1292918.html,0,6447.5,0,no_adjust,0,2016-03,35.493,10,2.193,6.585586,38.951,10,1.164,3.080424,38.788,10,2.724,7.553239,38.8695,10,1.944,5.264655,38.9021,10,1.632,4.378845,2.3,-4.3,50.2,53.8,,3261,771184.3,236.49,79.680893,79.680893,79.680893,0,-79.680893,-79.680893,up,up,no_adjust,1,0,0,79.680893,1,0,S5_grid_best_segmented,71.7128037,"best small=0.9, medium=0.8, large=0.7, extreme=0.4",5142.726215,63.490447,7508.380273,23900.143238,7.968089,-50.911154,2591.945571,0.007735,0.00052,0.009411,0.071096,0.006691,0.016058
2016-04-12,2016-04-12,0,0,6925,5970,4月12日国内成品油价格不作调整,https://www.ndrc.gov.cn/xwdt/ztzl/gncpyjg/201604/t20160412_1292919.html,0,6447.5,0,no_adjust,0,2016-04,34.606,10,-0.887,-2.499084,37.581,10,-1.37,-3.51724,37.018,10,-1.77,-4.563267,37.2995,10,-1.57,-4.039157,37.4121,10,-1.49,-3.830127,2.3,-3.4,50.1,53.5,,3258,870569.7,267.21,-69.297859,-69.297859,-69.297859,0,69.297859,69.297859,down,down,no_adjust,1,0,0,-69.297859,1,0,S5_grid_best_segmented,-62.368073100000004,"best small=0.9, medium=0.8, large=0.7, extreme=0.4",0,48.021933,0,17977.681523,-6.929786,-57.84094,3345.574294,0,0.000393,0,0.053479,0.008638,0.009396
2016-04-27,2016-04-26,165,160,7090,6130,国内成品油价格按机制上调,https://www.ndrc.gov.cn/xwdt/ztzl/gncpyjg/201604/t20160426_1292920.html,162.5,6610,1,up,162.5,2016-04,38.674,10,4.068,11.755187,42.834,10,5.253,13.977808,41.662,10,4.644,12.545248,42.248,10,4.9485,13.266934,42.4824,10,5.0703,13.552567,2.3,-3.4,50.1,53.5,,3258,870569.7,267.21,243.753168,243.753168,243.753168,0,-81.253168,-81.253168,up,up,up,1,1,0.666658,81.253168,1,0,S5_grid_best_segmented,219.37785119999998,"best small=0.9, medium=0.8, large=0.7, extreme=0.4",48126.641597,594.156069,70264.896732,79380.76586,24.375317,-33.465623,1119.947909,0.072385,0.004865,0.088068,0.236135,0.002888,0.07694
2016-05-12,2016-05-11,120,115,7210,6245,国内成品油价格按机制上调,https://www.ndrc.gov.cn/xwdt/ztzl/gncpyjg/201605/t20160511_1292921.html,117.5,6727.5,1,up,117.5,2016-05,41.279,10,2.605,6.735791,44.283,10,1.449,3.382827,44.651,10,2.989,7.174404,44.467,10,2.219,5.25232,44.3934,10,1.911,4.498333,2,-2.8,50.1,53.1,,3224,940142.9,291.61,92.994497,92.994497,92.994497,0,24.505503,24.505503,up,up,up,1,1,1.263516,-24.505503,0,1,S5_grid_best_segmented,83.6950473,"best small=0.9, medium=0.8, large=0.7, extreme=0.4",7004.860943,86.479765,9806.80532,18409.823274,9.29945,-24.166173,584.003922,0.010536,0.000708,0.012292,0.054764,0.001503,0.014288
2016-05-26,2016-05-25,210,200,7420,6445,国内成品油价格按机制上调,https://www.ndrc.gov.cn/xwdt/ztzl/gncpyjg/201605/t20160525_1292922.html,205,6932.5,1,up,205,2016-05,43.883,10,2.604,6.308292,47.743,10,3.46,7.813382,47.519,10,2.868,6.423148,47.631,10,3.164,7.115389,47.6758,10,3.2824,7.393892,2,-2.8,50.1,53.1,,3224,940142.9,291.61,158.436349,158.436349,158.436349,0,46.563651,46.563651,up,up,up,1,1,1.293895,-46.563651,0,1,S5_grid_best_segmented,142.59271410000002,"best small=0.9, medium=0.8, large=0.7, extreme=0.4",20332.682114,251.020767,28465.75496,3468.935154,15.843635,-8.322538,69.264642,0.030581,0.002056,0.035678,0.010319,0.000173,0.01855
2016-06-09,2016-06-08,110,110,7530,6555,国内成品油价格按机制上调,https://www.ndrc.gov.cn/xwdt/ztzl/gncpyjg/201606/t20160608_1292923.html,110,7042.5,1,up,110,2016-06,45.461,10,1.578,3.595926,49.022,10,1.279,2.678927,49.158,10,1.639,3.449147,49.09,10,1.459,3.063131,49.0628,10,1.387,2.909233,1.9,-2.6,50,53.7,,3062,983636.1,321.24,67.989735,67.989735,67.989735,0,42.010265,42.010265,up,up,up,1,1,1.617891,-42.010265,0,1,S5_grid_best_segmented,61.1907615,"best small=0.9, medium=0.8, large=0.7, extreme=0.4",3744.309293,46.226041,5167.146824,6626.277887,6.798973,-1.523565,2.321249,0.005632,0.000379,0.006476,0.019711,0,0.006059
2016-06-23,2016-06-23,0,0,7530,6555,6月23日国内成品油价格不作调整,https://www.ndrc.gov.cn/xwdt/ztzl/gncpyjg/201606/t20160623_1292924.html,0,7042.5,0,no_adjust,0,2016-06,45.925,10,0.464,1.020655,48.252,10,-0.77,-1.570723,48.656,10,-0.502,-1.021197,48.454,10,-0.636,-1.29558,48.3732,10,-0.6896,-1.405546,1.9,-2.6,50,53.7,,3062,983636.1,321.24,-31.103563,-31.103563,0,-31.103563,31.103563,0,down,no_adjust,no_adjust,0,0,,,,,S5_grid_best_segmented,0.0,"best small=0.9, medium=0.8, large=0.7, extreme=0.4",0,0,0,3744.309293,0,-1.523565,2.321249,0,0,0,0.011138,0,0.001671
2016-07-07,2016-07-07,0,0,7530,6555,7月7日国内成品油价格不作调整,https://www.ndrc.gov.cn/xwdt/ztzl/gncpyjg/201607/t20160707_1292925.html,0,7042.5,0,no_adjust,0,2016-07,45.21,10,-0.715,-1.556886,47.014,10,-1.238,-2.565697,48.017,10,-0.639,-1.313302,47.536,10,-0.918,-1.89458,47.3436,10,-1.0296,-2.128451,1.8,-1.7,49.9,53.9,,3107,1061217.3,341.56,-47.328027,-78.43159,-78.43159,0,47.328027,78.43159,down,down,no_adjust,1,0,0,-78.43159,1,0,S5_grid_best_segmented,-70.588431,"best small=0.9, medium=0.8, large=0.7, extreme=0.4",0,61.515143,0,4982.726591,-7.843159,-9.366724,87.735513,0,0.000504,0,0.014822,0.000221,0.002357
2016-07-22,2016-07-21,-155,-150,7375,6405,国内成品油价格按机制下调,https://www.ndrc.gov.cn/xwdt/ztzl/gncpyjg/201607/t20160721_1292926.html,-152.5,6890,1,down,152.5,2016-07,43.027,10,-2.183,-4.828578,45.502,10,-1.512,-3.216063,45.341,10,-2.676,-5.573026,45.4215,10,-2.1145,-4.448208,45.4537,10,-1.8899,-3.991881,1.8,-1.7,49.9,53.9,,3107,1061217.3,341.56,-88.380692,-88.380692,-88.380692,0,-64.119308,-64.119308,down,down,down,1,1,1.72549,64.119308,0,1,S5_grid_best_segmented,-79.5426228,"best small=0.9, medium=0.8, large=0.7, extreme=0.4",0,78.111467,0,80.177551,-8.838069,-18.204793,331.414485,0,0.00064,0,0.000239,0.00085,0.000291
2016-08-05,2016-08-04,-220,-215,7155,6190,国内成品油价格按机制下调,https://www.ndrc.gov.cn/xwdt/ztzl/gncpyjg/201608/t20160804_1292927.html,-217.5,6672.5,1,down,217.5,2016-08,40.168,10,-2.859,-6.644665,42.258,10,-3.244,-7.129357,41.685,10,-3.656,-8.063342,41.9715,10,-3.45,-7.595522,42.0861,10,-3.3676,-7.408858,1.3,-0.8,50.4,53.5,,3285,1071423.6,326.16,-158.895074,-158.895074,-158.895074,0,-58.604926,-58.604926,down,down,down,1,1,1.368828,58.604926,0,1,S5_grid_best_segmented,-143.0055666,"best small=0.9, medium=0.8, large=0.7, extreme=0.4",0,252.476445,0,4027.545236,-15.889507,-34.0943,1162.421313,0,0.002067,0,0.011981,0.002997,0.00266
2016-08-19,2016-08-18,175,170,7330,6360,国内成品油价格按机制上调,https://www.ndrc.gov.cn/xwdt/ztzl/gncpyjg/201608/t20160818_1292928.html,172.5,6845,1,up,172.5,2016-08,41.994,10,1.826,4.545907,44.611,10,2.353,5.568176,43.842,10,2.157,5.174523,44.2265,10,2.255,5.372693,44.3803,10,2.2942,5.451206,1.3,-0.8,50.4,53.5,,3285,1071423.6,326.16,111.280422,111.280422,111.280422,0,61.219578,61.219578,up,up,up,1,1,1.550138,-61.219578,0,1,S5_grid_best_segmented,100.1523798,"best small=0.9, medium=0.8, large=0.7, extreme=0.4",10030.49918,123.833323,12638.428966,59125.786897,11.128042,-22.966258,527.449011,0.015086,0.001014,0.015841,0.175883,0.001357,0.03452
2016-09-02,2016-09-01,205,200,7535,6560,国内成品油价格按机制上调,https://www.ndrc.gov.cn/xwdt/ztzl/gncpyjg/201609/t20160901_1292929.html,202.5,7047.5,1,up,202.5,2016-09,45.558,10,3.564,8.486927,48.766,10,4.155,9.313846,46.989,10,3.147,7.178048,47.8775,10,3.651,8.255232,48.2329,10,3.8526,8.680879,1.9,0.1,50.4,53.7,,3306,1051321.5,318,185.645729,185.645729,185.645729,0,16.854271,16.854271,up,up,up,1,1,1.090787,-16.854271,0,1,S5_grid_best_segmented,167.0811561,"best small=0.9, medium=0.8, large=0.7, extreme=0.4",27916.112724,344.643367,38524.235559,4479.461097,18.564573,-4.401685,19.374833,0.041987,0.002822,0.048285,0.013325,0.000044,0.025138
2016-09-19,2016-09-18,-155,-150,7380,6410,国内成品油价格按机制下调,https://www.ndrc.gov.cn/xwdt/ztzl/gncpyjg/201609/t20160918_1292930.html,-152.5,6895,1,down,152.5,2016-09,43.204,10,-2.354,-5.16704,46.857,10,-1.909,-3.914613,44.992,10,-1.997,-4.249931,45.8865,10,-1.991,-4.15853,46.2443,10,-1.9886,-4.122912,1.9,0.1,50.4,53.7,,3306,1051321.5,318,-93.090558,-93.090558,-93.090558,0,-59.409442,-59.409442,down,down,down,1,1,1.63819,59.409442,0,1,S5_grid_best_segmented,-83.7815022,"best small=0.9, medium=0.8, large=0.7, extreme=0.4",0,86.65852,0,62932.073329,-9.309056,-13.710741,187.984419,0,0.00071,0,0.187205,0.00048,0.028295
2016-09-30,2016-09-30,0,0,7380,6410,9月30日国内成品油价格不作调整,https://www.ndrc.gov.cn/xwdt/ztzl/gncpyjg/201609/t20160930_1292931.html,0,6895,0,no_adjust,0,2016-09,42.509,10,-0.695,-1.608647,46.193,10,-0.664,-1.417077,45.106,10,0.114,0.253378,45.6495,10,-0.237,-0.516492,45.8669,10,-0.3774,-0.816101,1.9,0.1,50.4,53.7,,3306,1051321.5,318,-16.205688,-16.205688,0,-16.205688,16.205688,0,down,no_adjust,no_adjust,0,0,,,,,S5_grid_best_segmented,0.0,"best small=0.9, medium=0.8, large=0.7, extreme=0.4",0,0,0,7019.340111,0,-13.710741,187.984419,0,0,0,0.020881,0.00048,0.003204
2016-10-20,2016-10-19,355,340,7735,6750,国内成品油价格按机制上调,https://www.ndrc.gov.cn/xwdt/ztzl/gncpyjg/201610/t20161019_1292932.html,347.5,7242.5,1,up,347.5,2016-10,48.316,10,5.807,13.660637,49.903,10,3.71,8.03152,50.166,10,5.06,11.21802,50.0345,10,4.385,9.605801,49.9819,10,4.115,8.971611,2.1,1.2,51.2,54,,2879,940085,326.53,198.167197,181.96151,181.96151,0,149.332803,165.53849,up,up,up,1,1,1.909745,-165.53849,0,1,S5_grid_best_segmented,163.76535900000002,"best small=0.9, medium=0.8, large=0.7, extreme=0.4",26819.092808,331.099911,38083.111788,26819.092808,18.196151,4.48541,20.118903,0.040337,0.002711,0.047732,0.079779,0.000046,0.034533
2016-11-02,2016-11-02,0,0,7735,6750,11月2日国内成品油价格不作调整,https://www.ndrc.gov.cn/xwdt/ztzl/gncpyjg/201611/t20161102_1292933.html,0,7242.5,0,no_adjust,0,2016-11,47.32,10,-0.996,-2.061429,48.929,10,-0.974,-1.951786,49.281,10,-0.885,-1.764143,49.105,10,-0.9295,-1.857718,49.0346,10,-0.9473,-1.895286,2.3,3.3,51.7,54.7,,3235,1121513.6,346.68,-43.400752,-43.400752,0,-43.400752,43.400752,0,down,no_adjust,no_adjust,0,0,,,,,S5_grid_best_segmented,0.0,"best small=0.9, medium=0.8, large=0.7, extreme=0.4",0,0,0,26819.092808,0,4.48541,20.118903,0,0,0,0.079779,0.000046,0.011974
2016-11-17,2016-11-16,-365,-355,7370,6395,国内成品油价格按机制下调,https://www.ndrc.gov.cn/xwdt/ztzl/gncpyjg/201611/t20161116_1292934.html,-360,6882.5,1,down,360,2016-11,42.066,10,-5.254,-11.103128,43.26,10,-5.669,-11.586176,44.625,10,-4.656,-9.44786,43.9425,10,-5.1625,-10.513186,43.6695,10,-5.3651,-10.941458,2.3,3.3,51.7,54.7,,3235,1121513.6,346.68,-254.213799,-297.614551,-297.614551,0,-105.786201,-62.385449,down,down,down,1,1,1.209618,62.385449,0,1,S5_grid_best_segmented,-267.8530959,"best small=0.9, medium=0.8, large=0.7, extreme=0.4",0,885.74421,0,71745.280983,-29.761455,-25.276045,638.878456,0,0.007253,0,0.213422,0.001645,0.033711
2016-12-01,2016-11-30,175,170,7545,6565,国内成品油价格按机制上调,https://www.ndrc.gov.cn/xwdt/ztzl/gncpyjg/201611/t20161130_1292935.html,172.5,7055,1,up,172.5,2016-12,44.083,10,2.017,4.794846,45.783,10,2.523,5.832178,46.242,10,1.617,3.623529,45.843,10,1.9005,4.32497,45.6834,10,2.0139,4.611686,2.1,5.5,51.4,54.5,,3638,1229788.7,338.04,97.904783,97.904783,97.904783,0,74.595217,74.595217,up,up,up,1,1,1.761916,-74.595217,0,1,S5_grid_best_segmented,88.11430469999999,"best small=0.9, medium=0.8, large=0.7, extreme=0.4",7764.130693,95.853465,11025.065584,126712.79029,9.790478,-15.485567,239.802779,0.011678,0.000785,0.013818,0.376935,0.000614,0.063163
2016-12-15,2016-12-14,435,420,7980,6985,国内成品油价格按机制上调,https://www.ndrc.gov.cn/xwdt/ztzl/gncpyjg/201612/t20161214_1292936.html,427.5,7482.5,1,up,427.5,2016-12,50.357,10,6.274,14.232244,52.115,10,6.332,13.830461,51.279,10,5.037,10.892695,51.697,10,5.854,12.76967,51.8642,10,6.1808,13.529641,2.1,5.5,51.4,54.5,,3638,1229788.7,338.04,296.74513,296.74513,296.74513,0,130.75487,130.75487,up,up,up,1,1,1.44063,-130.75487,0,1,S5_grid_best_segmented,267.070617,"best small=0.9, medium=0.8, large=0.7, extreme=0.4",71326.714465,880.576722,101283.93454,32025.361712,29.674513,14.188946,201.326194,0.107279,0.007211,0.126946,0.095266,0.000514,0.074365
2016-12-29,2016-12-28,100,95,8080,7080,国内成品油价格按机制上调,https://www.ndrc.gov.cn/xwdt/ztzl/gncpyjg/201612/t20161228_1292937.html,97.5,7580,1,up,97.5,2016-12,51.861,10,1.504,2.986675,53.536,10,1.421,2.726662,51.943,10,0.664,1.294877,52.7355,10,1.0385,2.008821,53.0557,10,1.1915,2.297346,2.1,5.5,51.4,54.5,,3638,1229788.7,338.04,58.660669,58.660669,58.660669,0,38.839331,38.839331,up,up,up,1,1,1.662102,-38.839331,0,1,S5_grid_best_segmented,52.7946021,"best small=0.9, medium=0.8, large=0.7, extreme=0.4",2787.270011,34.410741,3957.923415,45914.210561,5.866067,20.055013,402.20355,0.004192,0.000282,0.004961,0.136582,0.001033,0.022987
2017-01-13,2017-01-12,70,70,8150,7150,国内成品油价格按机制上调,https://www.ndrc.gov.cn/xwdt/ztzl/gncpyjg/201701/t20170112_1292938.html,70,7650,1,up,70,2017-01,52.78,10,0.919,1.772045,54.659,10,1.123,2.097654,52.989,10,1.046,2.013746,53.824,10,1.0885,2.064074,54.158,10,1.1023,2.077628,2.5,6.9,51.3,54.6,54,3403,1296886.6,381.1,54.404133,54.404133,54.404133,0,15.595867,15.595867,up,up,up,1,1,1.286667,-15.595867,0,1,S5_grid_best_segmented,48.963719700000006,"best small=0.9, medium=0.8, large=0.7, extreme=0.4",2397.445847,29.598097,3596.16877,14.67566,5.440413,25.495426,650.016767,0.003606,0.000242,0.004507,0.000044,0.001673,0.002334
2017-01-26,2017-01-25,-70,-70,8080,7080,国内成品油价格按机制下调,https://www.ndrc.gov.cn/xwdt/ztzl/gncpyjg/201701/t20170125_1292939.html,-70,7580,1,down,70,2017-01,52.077,10,-0.703,-1.331944,54.296,10,-0.363,-0.664118,52.082,10,-0.907,-1.711676,53.134,10,-0.69,-1.281956,53.5548,10,-0.6032,-1.113778,2.5,6.9,51.3,54.6,54,3403,1296886.6,381.1,-26.98064,-26.98064,0,-26.98064,-43.01936,-70,down,no_adjust,down,0,1,,,,,S5_grid_best_segmented,0.0,"best small=0.9, medium=0.8, large=0.7, extreme=0.4",0,0,0,2397.445847,0,25.495426,650.016767,0,0,0,0.007132,0.001673,0.001321
2017-02-15,2017-02-14,50,50,8130,7130,国内成品油价格按机制上调,https://www.ndrc.gov.cn/xwdt/ztzl/gncpyjg/201702/t20170214_1292940.html,50,7630,1,up,50,2017-02,53.126,10,1.049,2.014325,54.946,10,0.65,1.197142,53.137,10,1.055,2.025652,54.0415,10,0.9075,1.707946,54.4033,10,0.8485,1.584358,0.8,7.8,51.6,54.2,54,3178,1249189.9,393.07,42.293048,15.312407,0,15.312407,7.706952,50,up,no_adjust,up,0,1,,,,,S5_grid_best_segmented,0.0,"best small=0.9, medium=0.8, large=0.7, extreme=0.4",0,0,0,0,0,25.495426,650.016767,0,0,0,0,0.001673,0.000251
2017-02-28,2017-02-28,0,0,8130,7130,2月28日国内成品油价格不作调整,https://www.ndrc.gov.cn/xwdt/ztzl/gncpyjg/201702/t20170228_1292941.html,0,7630,0,no_adjust,0,2017-02,53.492,10,0.366,0.688928,54.982,10,0.036,0.065519,53.624,10,0.487,0.916499,54.248,10,0.2065,0.382114,54.4976,10,0.0943,0.173335,0.8,7.8,51.6,54.2,54,3178,1249189.9,393.07,6.30337,21.615777,0,21.615777,-6.30337,0,up,no_adjust,no_adjust,0,0,,,,,S5_grid_best_segmented,0.0,"best small=0.9, medium=0.8, large=0.7, extreme=0.4",0,0,0,0,0,25.495426,650.016767,0,0,0,0,0.001673,0.000251
2017-03-15,2017-03-14,-85,-85,8045,7045,国内成品油价格按机制下调,https://www.ndrc.gov.cn/xwdt/ztzl/gncpyjg/201703/t20170314_1292942.html,-85,7545,1,down,85,2017-03,52.329,10,-1.163,-2.174157,53.138,10,-1.844,-3.353825,51.423,10,-2.201,-4.104505,52.2805,10,-1.9675,-3.626862,52.6235,10,-1.8741,-3.438867,0.9,7.6,51.8,55.1,54.7,3895,1535754.3,394.29,-87.626732,-66.010954,-66.010954,0,2.626732,-18.989046,down,down,down,1,1,1.287665,18.989046,0,1,S5_grid_best_segmented,-59.4098586,"best small=0.9, medium=0.8, large=0.7, extreme=0.4",0,43.57446,0,3529.531299,-6.601095,18.894331,356.995744,0,0.000357,0,0.010499,0.000916,0.001784
2017-03-29,2017-03-28,-230,-220,7815,6825,国内成品油价格按机制下调,https://www.ndrc.gov.cn/xwdt/ztzl/gncpyjg/201703/t20170328_1292943.html,-225,7320,1,down,225,2017-03,48.841,10,-3.488,-6.66552,50.2,10,-2.938,-5.529,47.564,10,-3.859,-7.504424,48.882,10,-3.3985,-6.500512,49.4092,10,-3.2143,-6.108108,0.9,7.6,51.8,55.1,54.7,3895,1535754.3,394.29,-151.57975,-151.57975,-151.57975,0,-73.42025,-73.42025,down,down,down,1,1,1.484367,73.42025,0,1,S5_grid_best_segmented,-136.421775,"best small=0.9, medium=0.8, large=0.7, extreme=0.4",0,229.764206,0,5930.835268,-15.157975,3.736356,13.960356,0,0.001881,0,0.017643,0.00003,0.003027
2017-04-13,2017-04-12,200,190,8015,7015,国内成品油价格按机制上调,https://www.ndrc.gov.cn/xwdt/ztzl/gncpyjg/201704/t20170412_1292944.html,195,7515,1,up,195,2017-04,51.469,10,2.628,5.380725,53.172,10,2.972,5.920319,51.307,10,3.743,7.869397,52.2395,10,3.3575,6.868581,52.6125,10,3.2033,6.483206,1.2,6.4,51.2,54,53.9,3439,1306318.4,379.85,154.661775,154.661775,154.661775,0,40.338225,40.338225,up,up,up,1,1,1.260816,-40.338225,0,1,S5_grid_best_segmented,139.19559750000002,"best small=0.9, medium=0.8, large=0.7, extreme=0.4",19375.414363,239.202646,24025.513811,75964.936024,15.466177,19.202533,368.737293,0.029141,0.001959,0.030113,0.225974,0.000947,0.049243
2017-04-26,2017-04-26,0,0,8015,7015,4月26日国内成品油价格不作调整,https://www.ndrc.gov.cn/xwdt/ztzl/gncpyjg/201704/t20170426_1292945.html,0,7515,0,no_adjust,0,2017-04,51.698,10,0.229,0.444928,52.376,10,-0.796,-1.497029,51.328,10,0.021,0.04093,51.852,10,-0.3875,-0.741776,52.0616,10,-0.5509,-1.04709,1.2,6.4,51.2,54,53.9,3439,1306318.4,379.85,-24.484936,-24.484936,0,-24.484936,24.484936,0,down,no_adjust,no_adjust,0,0,,,,,S5_grid_best_segmented,0.0,"best small=0.9, medium=0.8, large=0.7, extreme=0.4",0,0,0,19375.414363,0,19.202533,368.737293,0,0,0,0.057636,0.000947,0.008787
2017-05-12,2017-05-11,-250,-235,7765,6780,国内成品油价格按机制下调,https://www.ndrc.gov.cn/xwdt/ztzl/gncpyjg/201705/t20170511_1292946.html,-242.5,7272.5,1,down,242.5,2017-05,48.005,10,-3.693,-7.14341,48.42,10,-3.956,-7.553078,47.39,10,-3.938,-7.672226,47.905,10,-3.947,-7.61205,48.111,10,-3.9506,-7.588318,1.5,5.5,51.2,54.5,54.1,3720,1413334.7,379.93,-186.715258,-211.200194,-211.200194,0,-55.784742,-31.299806,down,down,down,1,1,1.1482,31.299806,0,1,S5_grid_best_segmented,-190.08017460000002,"best small=0.9, medium=0.8, large=0.7, extreme=0.4",0,446.055219,0,36130.472776,-21.120019,-1.917486,3.676752,0,0.003653,0,0.107478,0.000004,0.016853
2017-05-26,2017-05-25,140,135,7905,6915,国内成品油价格按机制上调,https://www.ndrc.gov.cn/xwdt/ztzl/gncpyjg/201705/t20170525_1292947.html,137.5,7410,1,up,137.5,2017-05,50.138,10,2.133,4.443287,51.684,10,3.264,6.741016,49.478,10,2.088,4.405993,50.581,10,2.676,5.586056,51.0222,10,2.9112,6.051007,1.5,5.5,51.2,54.5,54.1,3720,1413334.7,379.93,140.723052,140.723052,140.723052,0,-3.223052,-3.223052,up,up,up,1,1,0.977096,3.223052,1,0,S5_grid_best_segmented,126.6507468,"best small=0.9, medium=0.8, large=0.7, extreme=0.4",16040.411665,198.029774,20852.535164,100318.476571,14.072305,12.154819,147.739632,0.024126,0.001622,0.026136,0.298419,0.000376,0.057709
2017-06-10,2017-06-09,-180,-175,7725,6740,国内成品油价格按机制下调,https://www.ndrc.gov.cn/xwdt/ztzl/gncpyjg/201706/t20170609_1292948.html,-177.5,7232.5,1,down,177.5,2017-06,48.032,10,-2.106,-4.200407,49.175,10,-2.509,-4.8545,47.908,10,-1.57,-3.173127,48.5415,10,-2.0395,-4.032146,48.7949,10,-2.2273,-4.365355,1.5,5.5,51.7,54.9,54.7,3611,1310854.3,363.02,-104.481086,-104.481086,-104.481086,0,-73.018914,-73.018914,down,down,down,1,1,1.698872,73.018914,0,1,S5_grid_best_segmented,-94.03297740000001,"best small=0.9, medium=0.8, large=0.7, extreme=0.4",0,109.162973,0,48701.306127,-10.448109,1.706711,2.912861,0,0.000894,0,0.144873,0.000002,0.02191
2017-06-24,2017-06-23,-250,-240,7475,6500,国内成品油价格按机制下调,https://www.ndrc.gov.cn/xwdt/ztzl/gncpyjg/201706/t20170623_1292949.html,-245,6987.5,1,down,245,2017-06,44.564,10,-3.468,-7.220187,45.654,10,-3.521,-7.160142,44.491,10,-3.417,-7.13242,45.0725,10,-3.469,-7.146462,45.3051,10,-3.4898,-7.151977,1.5,5.5,51.7,54.9,54.7,3611,1310854.3,363.02,-164.726338,-164.726338,-164.726338,0,-80.273662,-80.273662,down,down,down,1,1,1.487315,80.273662,0,1,S5_grid_best_segmented,-148.25370420000002,"best small=0.9, medium=0.8, large=0.7, extreme=0.4",0,271.347664,0,2939.887215,-16.472634,-14.765923,218.032485,0,0.002222,0,0.008745,0.000557,0.00184
2017-07-07,2017-07-07,0,0,7475,6500,7月7日国内成品油价格不作调整,https://www.ndrc.gov.cn/xwdt/ztzl/gncpyjg/201707/t20170707_1292950.html,0,6987.5,0,no_adjust,0,2017-07,45.416,10,0.852,1.911857,46.934,10,1.28,2.803697,44.163,10,-0.328,-0.737228,45.0885,10,0.016,0.035498,45.4587,10,0.1536,0.339035,1.4,5.5,51.4,54.5,54.1,3474,1186558.3,341.55,9.133107,9.133107,0,9.133107,-9.133107,0,up,no_adjust,no_adjust,0,0,,,,,S5_grid_best_segmented,0.0,"best small=0.9, medium=0.8, large=0.7, extreme=0.4",0,0,0,21979.160809,0,-14.765923,218.032485,0,0,0,0.065382,0.000557,0.009891
2017-07-22,2017-07-21,75,75,7550,6575,国内成品油价格按机制上调,https://www.ndrc.gov.cn/xwdt/ztzl/gncpyjg/201707/t20170721_1292951.html,75,7062.5,1,up,75,2017-07,46.033,10,0.617,1.358552,47.445,10,0.511,1.088763,45.803,10,1.64,3.713516,46.624,10,1.5355,3.405525,46.9524,10,1.4937,3.28584,1.4,5.5,51.4,54.5,54.1,3474,1186558.3,341.55,73.081354,82.214461,82.214461,0,1.918646,-7.214461,up,up,up,1,1,0.912248,7.214461,1,0,S5_grid_best_segmented,73.9930149,"best small=0.9, medium=0.8, large=0.7, extreme=0.4",5474.966254,67.592176,7007.956805,5474.966254,8.221446,-6.544477,42.830179,0.008235,0.000553,0.008784,0.016286,0.000105,0.006824
2017-08-05,2017-08-04,175,165,7725,6740,国内成品油价格按机制上调,https://www.ndrc.gov.cn/xwdt/ztzl/gncpyjg/201708/t20170804_1292952.html,170,7232.5,1,up,170,2017-08,48.655,10,2.622,5.695914,50.495,10,3.05,6.428496,48.514,10,2.711,5.918826,49.5045,10,2.8805,6.178149,49.9007,10,2.9483,6.279338,1.8,6.3,51.7,53.4,53.7,3398,1176655.2,346.28,142.493427,142.493427,142.493427,0,27.506573,27.506573,up,up,up,1,1,1.193037,-27.506573,0,1,S5_grid_best_segmented,128.2440843,"best small=0.9, medium=0.8, large=0.7, extreme=0.4",16446.545158,203.043767,22367.301415,2943.178531,14.249343,7.704866,59.364955,0.024736,0.001663,0.028035,0.008755,0.000147,0.014861
2017-08-18,2017-08-18,0,0,7725,6740,8月18日国内成品油价格不作调整,https://www.ndrc.gov.cn/xwdt/ztzl/gncpyjg/201708/t20170818_1292953.html,0,7232.5,0,no_adjust,0,2017-08,49.574,10,0.919,1.888809,51.425,10,0.93,1.841767,48.398,10,-0.116,-0.239106,49.9115,10,0.407,0.822147,50.5169,10,0.6162,1.234852,1.8,6.3,51.7,53.4,53.7,3398,1176655.2,346.28,31.207922,31.207922,0,31.207922,-31.207922,0,up,no_adjust,no_adjust,0,0,,,,,S5_grid_best_segmented,0.0,"best small=0.9, medium=0.8, large=0.7, extreme=0.4",0,0,0,16446.545158,0,7.704866,59.364955,0,0,0,0.048924,0.000147,0.007361
2017-09-01,2017-09-01,0,0,7725,6740,9月1日国内成品油价格不作调整,https://www.ndrc.gov.cn/xwdt/ztzl/gncpyjg/201709/t20170901_1292954.html,0,7232.5,0,no_adjust,0,2017-09,49.548,10,-0.026,-0.052447,51.921,10,0.496,0.964511,47.305,10,-1.093,-2.258358,49.613,10,-0.2985,-0.598059,50.5362,10,0.0193,0.038205,1.6,6.9,52.4,55.4,55.1,3701,1360255.4,367.54,2.724444,33.932365,0,33.932365,-2.724444,0,up,no_adjust,no_adjust,0,0,,,,,S5_grid_best_segmented,0.0,"best small=0.9, medium=0.8, large=0.7, extreme=0.4",0,0,0,0,0,7.704866,59.364955,0,0,0,0,0.000147,0.000022
2017-09-16,2017-09-15,95,95,7820,6835,国内成品油价格按机制上调,https://www.ndrc.gov.cn/xwdt/ztzl/gncpyjg/201709/t20170915_1292955.html,95,7327.5,1,up,95,2017-09,51.853,10,2.305,4.652055,54.411,10,2.49,4.795747,48.431,10,1.126,2.380298,51.4255,10,1.8125,3.653276,52.6233,10,2.0871,4.129911,1.6,6.9,52.4,55.4,55.1,3701,1360255.4,367.54,101.397815,135.33018,135.33018,0,-6.397815,-40.33018,up,up,up,1,1,0.701987,40.33018,1,0,S5_grid_best_segmented,121.79716200000001,"best small=0.9, medium=0.8, large=0.7, extreme=0.4",14834.548671,183.142576,19581.604246,14834.548671,13.533018,21.237884,451.047704,0.022312,0.0015,0.024543,0.044129,0.001159,0.018807
2017-09-30,2017-09-29,210,195,8030,7030,国内成品油价格按机制上调,https://www.ndrc.gov.cn/xwdt/ztzl/gncpyjg/201709/t20170929_1292956.html,202.5,7530,1,up,202.5,2017-09,54.843,10,2.99,5.766301,57.808,10,3.397,6.243223,50.772,10,2.341,4.833681,54.29,10,2.8645,5.570194,55.6972,10,3.0739,5.841329,1.6,6.9,52.4,55.4,55.1,3701,1360255.4,367.54,148.486935,148.486935,148.486935,0,54.013065,54.013065,up,up,up,1,1,1.363756,-54.013065,0,1,S5_grid_best_segmented,133.6382415,"best small=0.9, medium=0.8, large=0.7, extreme=0.4",17859.179591,220.483699,23574.11706,140.211164,14.848693,36.086577,1302.241054,0.026861,0.001805,0.029547,0.000417,0.003359,0.015029
2017-10-19,2017-10-19,0,0,8030,7030,10月19日国内成品油价格不作调整,https://www.ndrc.gov.cn/xwdt/ztzl/gncpyjg/201710/t20171019_1292957.html,0,7530,0,no_adjust,0,2017-10,54.881,10,0.038,0.069289,56.679,10,-1.129,-1.953017,50.976,10,0.204,0.401796,53.8275,10,-0.4625,-0.851906,54.9681,10,-0.7291,-1.309042,1.9,6.9,51.6,54.3,53.9,3103,1213554.1,391.09,-32.988464,-32.988464,0,-32.988464,32.988464,0,down,no_adjust,no_adjust,0,0,,,,,S5_grid_best_segmented,0.0,"best small=0.9, medium=0.8, large=0.7, extreme=0.4",0,0,0,17859.179591,0,36.086577,1302.241054,0,0,0,0.053126,0.003359,0.008473
2017-11-03,2017-11-02,150,150,8180,7180,国内成品油价格按机制上调,https://www.ndrc.gov.cn/xwdt/ztzl/gncpyjg/201711/t20171102_1292958.html,150,7680,1,up,150,2017-11,56.863,10,1.982,3.61145,59.157,10,2.478,4.37199,52.824,10,1.848,3.625235,55.9905,10,2.163,4.018392,57.2571,10,2.289,4.164233,1.7,5.8,51.8,54.8,54.6,3704,1413334.7,381.57,111.032283,78.043819,78.043819,0,38.967717,71.956181,up,up,up,1,1,1.921997,-71.956181,0,1,S5_grid_best_segmented,70.2394371,"best small=0.9, medium=0.8, large=0.7, extreme=0.4",4933.578524,60.908377,6610.995222,4933.578524,7.804382,43.890959,1926.416291,0.00742,0.000499,0.008286,0.014676,0.004971,0.006973
2017-11-17,2017-11-16,265,250,8445,7430,国内成品油价格按机制上调,https://www.ndrc.gov.cn/xwdt/ztzl/gncpyjg/201711/t20171116_1292959.html,257.5,7937.5,1,up,257.5,2017-11,60.746,10,3.883,6.828694,62.874,10,3.717,6.28328,56.316,10,3.492,6.610632,59.595,10,3.6045,6.437699,60.9066,10,3.6495,6.373882,1.7,5.8,51.8,54.8,54.6,3704,1413334.7,381.57,175.953998,175.953998,175.953998,0,81.546002,81.546002,up,up,up,1,1,1.463451,-81.546002,0,1,S5_grid_best_segmented,158.35859820000002,"best small=0.9, medium=0.8, large=0.7, extreme=0.4",25077.445624,309.598094,33603.777136,7764.986553,17.5954,61.486359,3780.572331,0.037718,0.002535,0.042118,0.023099,0.009762,0.025395
2017-11-30,2017-11-30,0,0,8445,7430,11月30日国内成品油价格不作调整,https://www.ndrc.gov.cn/xwdt/ztzl/gncpyjg/201711/t20171130_1292960.html,0,7937.5,0,no_adjust,0,2017-11,60.853,10,0.107,0.176143,62.646,10,-0.228,-0.36263,56.981,10,0.665,1.180837,59.7125,10,0.1175,0.197164,60.8051,10,-0.1015,-0.166649,1.7,5.8,51.8,54.8,54.6,3704,1413334.7,381.57,-3.040013,-3.040013,0,-3.040013,3.040013,0,down,no_adjust,no_adjust,0,0,,,,,S5_grid_best_segmented,0.0,"best small=0.9, medium=0.8, large=0.7, extreme=0.4",0,0,0,25077.445624,0,61.486359,3780.572331,0,0,0,0.074598,0.009762,0.012654
2017-12-14,2017-12-14,0,0,8445,7430,12月14日国内成品油价格不作调整,https://www.ndrc.gov.cn/xwdt/ztzl/gncpyjg/201712/t20171214_1292961.html,0,7937.5,0,no_adjust,0,2017-12,61.316,10,0.463,0.76085,63.772,10,1.126,1.797401,57.188,10,0.207,0.363279,60.48,10,0.7675,1.285326,61.7968,10,0.9917,1.630949,1.8,4.9,51.6,55,54.6,3370,1492760.9,442.96,49.12641,46.086398,0,46.086398,-49.12641,0,up,no_adjust,no_adjust,0,0,,,,,S5_grid_best_segmented,0.0,"best small=0.9, medium=0.8, large=0.7, extreme=0.4",0,0,0,0,0,61.486359,3780.572331,0,0,0,0,0.009762,0.001464
2017-12-29,2017-12-28,70,70,8515,7500,国内成品油价格按机制上调,https://www.ndrc.gov.cn/xwdt/ztzl/gncpyjg/201712/t20171228_1292962.html,70,8007.5,1,up,70,2017-12,62.2,10,0.884,1.441712,64.4,10,0.628,0.984758,57.944,10,0.756,1.321956,61.0505,10,0.5705,0.943287,62.3903,10,0.5935,0.960406,1.8,4.9,51.6,55,54.6,3370,1492760.9,442.96,30.1247,76.211098,76.211098,0,39.8753,-6.211098,up,up,up,1,1,0.918501,6.211098,1,0,S5_grid_best_segmented,68.58998820000001,"best small=0.9, medium=0.8, large=0.7, extreme=0.4",4704.586481,58.081315,6398.237615,4704.586481,7.62111,69.107469,4775.84223,0.007076,0.000476,0.008019,0.013995,0.012333,0.007818
2018-01-13,2018-01-12,180,175,8695,7675,国内成品油价格按机制上调,https://www.ndrc.gov.cn/xwdt/ztzl/gncpyjg/201801/t20180112_1292963.html,177.5,8185,1,up,177.5,2018-01,65.746,10,3.546,5.700965,68.248,10,3.848,5.975155,61.781,10,3.837,6.621911,65.0145,10,3.964,6.492985,66.3079,10,3.9176,6.279181,1.5,4.3,51.3,55.3,54.6,4064,1876820,461.82,188.747464,188.747464,188.747464,0,-11.247464,-11.247464,up,up,up,1,1,0.94041,11.247464,1,0,S5_grid_best_segmented,169.87271760000002,"best small=0.9, medium=0.8, large=0.7, extreme=0.4",28856.740185,356.256052,37513.76224,10258.191275,18.874746,87.982215,7740.870174,0.043402,0.002917,0.047019,0.030515,0.019994,0.030765
2018-01-27,2018-01-26,65,60,8760,7735,国内成品油价格按机制上调,https://www.ndrc.gov.cn/xwdt/ztzl/gncpyjg/201801/t20180126_1292964.html,62.5,8247.5,1,up,62.5,2018-01,67.352,10,1.606,2.442734,69.67,10,1.422,2.083578,64.253,10,2.472,4.00123,66.964,10,1.9495,2.998562,68.0484,10,1.7405,2.624876,1.5,4.3,51.3,55.3,54.6,4064,1876820,461.82,84.858406,84.858406,84.858406,0,-22.358406,-22.358406,up,up,up,1,1,0.736521,22.358406,1,0,S5_grid_best_segmented,76.3725654,"best small=0.9, medium=0.8, large=0.7, extreme=0.4",5832.768746,72.009491,7582.59937,8742.278461,8.485841,96.468056,9306.085771,0.008773,0.00059,0.009504,0.026006,0.024038,0.012194
2018-02-10,2018-02-09,-170,-160,8590,7575,国内成品油价格按机制下调,https://www.ndrc.gov.cn/xwdt/ztzl/gncpyjg/201802/t20180209_1292965.html,-165,8082.5,1,down,165,2018-02,66.015,10,-1.337,-1.985093,67.454,10,-2.216,-3.180709,64.373,10,0.12,0.186762,65.9135,10,-1.0505,-1.568753,66.5297,10,-1.5187,-2.231794,2.9,3.7,50.3,54.4,52.9,3226,1579220,489.53,-70.667395,-70.667395,-70.667395,0,-94.332605,-94.332605,down,down,down,1,1,2.334882,94.332605,0,1,S5_grid_best_segmented,-63.6006555,"best small=0.9, medium=0.8, large=0.7, extreme=0.4",0,49.938807,0,19592.502569,-7.066739,89.401316,7992.595338,0,0.000409,0,0.058282,0.020644,0.011921
2018-03-01,2018-02-28,-190,-185,8400,7390,国内成品油价格按机制下调,https://www.ndrc.gov.cn/xwdt/ztzl/gncpyjg/201802/t20180228_1292966.html,-187.5,7895,1,down,187.5,2018-03,63.072,10,-2.943,-4.458078,65.26,10,-2.194,-3.252587,62.003,10,-2.37,-3.681668,63.481,10,-2.4325,-3.690443,64.0722,10,-2.4575,-3.693839,2.1,3.1,51.5,54.6,54,3917,1829280,467.01,-115.466003,-115.466003,-115.466003,0,-72.033997,-72.033997,down,down,down,1,1,1.623855,72.033997,0,1,S5_grid_best_segmented,-103.9194027,"best small=0.9, medium=0.8, large=0.7, extreme=0.4",0,133.323978,0,1625.601376,-11.5466,77.854716,6061.356788,0,0.001092,0,0.004836,0.015655,0.003292
2018-03-14,2018-03-14,0,0,8400,7390,3月14日国内成品油价格不作调整,https://www.ndrc.gov.cn/xwdt/ztzl/gncpyjg/201803/t20180314_1292967.html,0,7895,0,no_adjust,0,2018-03,62.498,10,-0.574,-0.910071,64.89,10,-0.37,-0.566963,61.391,10,-0.612,-0.987049,63.1405,10,-0.3405,-0.536381,63.8403,10,-0.2319,-0.361935,2.1,3.1,51.5,54.6,54,3917,1829280,467.01,-9.262572,-9.262572,0,-9.262572,9.262572,0,down,no_adjust,no_adjust,0,0,,,,,S5_grid_best_segmented,0.0,"best small=0.9, medium=0.8, large=0.7, extreme=0.4",0,0,0,10799.242258,0,77.854716,6061.356788,0,0,0,0.032125,0.015655,0.007167
2018-03-29,2018-03-28,170,165,8570,7555,国内成品油价格按机制上调,https://www.ndrc.gov.cn/xwdt/ztzl/gncpyjg/201803/t20180328_1292968.html,167.5,8062.5,1,up,167.5,2018-03,64.597,10,2.099,3.358507,66.638,10,1.748,2.693789,63.557,10,2.166,3.528204,65.0975,10,1.957,3.099437,65.7137,10,1.8734,2.93451,2.1,3.1,51.5,54.6,54,3917,1829280,467.01,91.200262,81.937691,81.937691,0,76.299738,85.562309,up,up,up,1,1,2.044236,-85.562309,0,1,S5_grid_best_segmented,73.7439219,"best small=0.9, medium=0.8, large=0.7, extreme=0.4",5438.166017,67.137852,7722.195744,5438.166017,8.193769,86.048485,7404.341771,0.008179,0.00055,0.009679,0.016177,0.019124,0.00987
2018-04-13,2018-04-12,55,50,8625,7605,国内成品油价格按机制上调,https://www.ndrc.gov.cn/xwdt/ztzl/gncpyjg/201804/t20180412_1292969.html,52.5,8115,1,up,52.5,2018-04,65.776,10,1.179,1.825162,68.549,10,1.911,2.867733,64.023,10,0.466,0.7332,66.394,10,1.2965,1.991628,67.256,10,1.5423,2.346999,1.8,3.4,51.4,54.8,54.1,3946,1867060,473.15,75.400498,75.400498,75.400498,0,-22.900498,-22.900498,up,up,up,1,1,0.696282,22.900498,1,0,S5_grid_best_segmented,67.86044820000001,"best small=0.9, medium=0.8, large=0.7, extreme=0.4",4605.04043,56.852351,6262.854985,34.615263,7.54005,93.588535,8758.813846,0.006926,0.000466,0.00785,0.000103,0.022624,0.007196
2018-04-27,2018-04-26,255,245,8880,7850,国内成品油价格按机制上调,https://www.ndrc.gov.cn/xwdt/ztzl/gncpyjg/201804/t20180426_1292970.html,250,8365,1,up,250,2018-04,69.788,10,4.012,6.099489,73.577,10,5.028,7.334899,67.542,10,3.519,5.496462,70.5595,10,4.1655,6.27391,71.7665,10,4.5105,6.706465,1.8,3.4,51.4,54.8,54.1,3946,1867060,473.15,217.040066,217.040066,217.040066,0,32.959934,32.959934,up,up,up,1,1,1.151861,-32.959934,0,1,S5_grid_best_segmented,195.3360594,"best small=0.9, medium=0.8, large=0.7, extreme=0.4",38156.176102,471.063902,51892.399499,16250.031451,21.704007,115.292541,13292.370102,0.057389,0.003857,0.06504,0.048339,0.034337,0.04378
2018-05-01,2018-04-29,-75,-65,8805,7785,国内成品油价格因增值税税率调整相应下调,https://www.ndrc.gov.cn/xwdt/ztzl/gncpyjg/201804/t20180429_1292971.html,-70,8295,1,down,70,2018-05,70.209,10,0.421,0.603256,74.187,10,0.61,0.829063,67.729,10,0.187,0.276865,70.958,10,0.3985,0.564772,72.2496,10,0.4831,0.673155,1.8,4.1,51.9,54.9,54.6,3905,1996370,511.23,24.856521,24.856521,0,24.856521,-94.856521,-70,up,no_adjust,down,0,1,,,,,S5_grid_best_segmented,0.0,"best small=0.9, medium=0.8, large=0.7, extreme=0.4",0,0,0,38156.176102,0,115.292541,13292.370102,0,0,0,0.113504,0.034337,0.022176
2018-05-12,2018-05-11,170,165,8975,7950,国内成品油价格按机制上调,https://www.ndrc.gov.cn/xwdt/ztzl/gncpyjg/201805/t20180511_1292972.html,167.5,8462.5,1,up,167.5,2018-05,71.785,10,1.576,2.244726,75.218,10,1.031,1.389731,69.211,10,1.482,2.188132,72.0865,10,1.1285,1.590377,73.3391,10,1.0895,1.507967,1.8,4.1,51.9,54.9,54.6,3905,1996370,511.23,53.793329,78.649851,78.649851,0,113.706671,88.850149,up,up,up,1,1,2.129693,-88.850149,0,1,S5_grid_best_segmented,70.7848659,"best small=0.9, medium=0.8, large=0.7, extreme=0.4",5010.49724,61.857991,6814.276247,5010.49724,7.864985,123.157526,15167.776334,0.007536,0.000507,0.008541,0.014905,0.039183,0.012234
2018-05-26,2018-05-25,260,250,9235,8200,国内成品油价格按机制上调,https://www.ndrc.gov.cn/xwdt/ztzl/gncpyjg/201805/t20180525_1292973.html,255,8717.5,1,up,255,2018-05,75.895,10,4.11,5.72543,78.749,10,3.531,4.694355,71.414,10,2.203,3.18302,75.0815,10,2.995,4.154731,76.5485,10,3.2094,4.37611,1.8,4.1,51.9,54.9,54.6,3905,1996370,511.23,154.952861,154.952861,154.952861,0,100.047139,100.047139,up,up,up,1,1,1.645662,-100.047139,0,1,S5_grid_best_segmented,139.45757490000003,"best small=0.9, medium=0.8, large=0.7, extreme=0.4",19448.415197,240.103891,26449.844668,4715.940961,15.495286,138.652813,19224.602442,0.029251,0.001966,0.033151,0.014029,0.049664,0.025548
2018-06-09,2018-06-08,-130,-125,9105,8075,国内成品油价格按机制下调,https://www.ndrc.gov.cn/xwdt/ztzl/gncpyjg/201806/t20180608_1292974.html,-127.5,8590,1,down,127.5,2018-06,73.738,10,-2.157,-2.842084,75.167,10,-3.582,-4.548629,66.75,10,-4.664,-6.530932,70.9585,10,-4.123,-5.491366,72.6419,10,-3.9066,-5.103431,1.9,4.7,51.5,55,54.4,3435,1863780,542.59,-184.615621,-184.615621,-184.615621,0,57.115621,57.115621,down,down,down,1,1,0.690624,-57.115621,1,0,S5_grid_best_segmented,-166.1540589,"best small=0.9, medium=0.8, large=0.7, extreme=0.4",0,340.829275,0,93398.470714,-18.461562,120.19125,14445.936697,0,0.002791,0,0.277834,0.037318,0.047831
2018-06-26,2018-06-25,-55,-55,9050,8020,国内成品油价格按机制下调,https://www.ndrc.gov.cn/xwdt/ztzl/gncpyjg/201806/t20180625_1292975.html,-55,8535,1,down,55,2018-06,72.638,10,-1.1,-1.491768,74.188,10,-0.979,-1.302433,66.265,10,-0.485,-0.726592,70.2265,10,-0.732,-1.031589,71.8111,10,-0.8308,-1.143693,1.9,4.7,51.5,55,54.4,3435,1863780,542.59,-37.841487,-37.841487,0,-37.841487,-17.158513,-55,down,no_adjust,down,0,1,,,,,S5_grid_best_segmented,0.0,"best small=0.9, medium=0.8, large=0.7, extreme=0.4",0,0,0,27607.171289,0,120.19125,14445.936697,0,0,0,0.082124,0.037318,0.017916
2018-07-10,2018-07-09,270,260,9320,8280,国内成品油价格按机制上调,https://www.ndrc.gov.cn/xwdt/ztzl/gncpyjg/201807/t20180709_1292976.html,265,8800,1,up,265,2018-07,74.536,10,1.898,2.612957,75.783,10,1.595,2.149943,73.406,10,7.141,10.776428,74.4285,10,4.202,5.983496,74.8375,10,3.0264,4.21439,2.1,4.6,51.2,54,53.6,3602,1934240,536.99,146.220282,108.378795,108.378795,0,118.779718,156.621205,up,up,up,1,1,2.445128,-156.621205,0,1,S5_grid_best_segmented,97.5409155,"best small=0.9, medium=0.8, large=0.7, extreme=0.4",9514.230197,117.459632,13510.206879,9514.230197,10.837879,131.02913,17168.632909,0.01431,0.000962,0.016933,0.028302,0.044352,0.018901
2018-07-24,2018-07-23,-125,-120,9195,8160,国内成品油价格按机制下调,https://www.ndrc.gov.cn/xwdt/ztzl/gncpyjg/201807/t20180723_1292977.html,-122.5,8677.5,1,down,122.5,2018-07,72.501,10,-2.035,-2.730224,73.28,10,-2.503,-3.302852,70.458,10,-2.948,-4.01602,71.869,10,-2.5595,-3.438871,72.4334,10,-2.4041,-3.212427,2.1,4.6,51.2,54,53.6,3602,1934240,536.99,-112.917807,-112.917807,-112.917807,0,-9.582193,-9.582193,down,down,down,1,1,1.08486,9.582193,0,1,S5_grid_best_segmented,-101.62602629999999,"best small=0.9, medium=0.8, large=0.7, extreme=0.4",0,127.504311,0,39667.470706,-11.291781,119.737349,14337.032817,0,0.001044,0,0.118,0.037036,0.023464
2018-08-07,2018-08-06,70,70,9265,8230,国内成品油价格按机制上调,https://www.ndrc.gov.cn/xwdt/ztzl/gncpyjg/201808/t20180806_1292978.html,70,8747.5,1,up,70,2018-08,72.669,10,0.168,0.231721,73.686,10,0.406,0.554039,69.736,10,-0.722,-1.024724,71.711,10,-0.158,-0.219844,72.501,10,0.0676,0.093327,2.3,4.1,51.3,54.2,53.8,3838,2051910,534.63,5.029272,5.029272,0,5.029272,64.970728,70,up,no_adjust,up,0,1,,,,,S5_grid_best_segmented,0.0,"best small=0.9, medium=0.8, large=0.7, extreme=0.4",0,0,0,10327.849222,0,119.737349,14337.032817,0,0,0,0.030722,0.037036,0.010164
2018-08-21,2018-08-20,-50,-50,9215,8180,国内成品油价格按机制下调,https://www.ndrc.gov.cn/xwdt/ztzl/gncpyjg/201808/t20180820_1292979.html,-50,8697.5,1,down,50,2018-08,71.121,10,-1.548,-2.130207,70.62,10,-3.066,-4.160899,67.025,10,-2.711,-3.887519,68.8225,10,-2.8885,-4.027973,69.5415,10,-2.9595,-4.082013,2.3,4.1,51.3,54.2,53.8,3838,2051910,534.63,-139.420946,-134.391674,-134.391674,0,89.420946,84.391674,down,down,down,1,1,0.372047,-84.391674,1,0,S5_grid_best_segmented,-120.95250659999999,"best small=0.9, medium=0.8, large=0.7, extreme=0.4",0,180.61122,0,14629.508853,-13.439167,106.298182,11299.303475,0,0.001479,0,0.043519,0.029188,0.011202
2018-09-04,2018-09-03,180,170,9395,8350,国内成品油价格按机制上调,https://www.ndrc.gov.cn/xwdt/ztzl/gncpyjg/201809/t20180903_1292980.html,175,8872.5,1,up,175,2018-09,73.521,10,2.4,3.374531,74.424,10,3.804,5.386576,68.879,10,1.854,2.766132,71.6515,10,2.829,4.110574,72.7605,10,3.219,4.628891,2.5,3.6,50.8,54.9,54.1,3721,1994450,536,155.410963,155.410963,155.410963,0,19.589037,19.589037,up,up,up,1,1,1.126047,-19.589037,0,1,S5_grid_best_segmented,139.86986670000002,"best small=0.9, medium=0.8, large=0.7, extreme=0.4",19563.579611,241.525674,29345.369416,68028.310414,15.541096,121.839278,14844.809712,0.029425,0.001978,0.036781,0.202365,0.038348,0.053054
2018-09-18,2018-09-17,145,145,9540,8495,国内成品油价格按机制上调,https://www.ndrc.gov.cn/xwdt/ztzl/gncpyjg/201809/t20180917_1292981.html,145,9017.5,1,up,145,2018-09,75.684,10,2.163,2.942017,77.376,10,2.952,3.966462,68.868,10,-0.011,-0.01597,73.0785,10,1.427,1.991584,74.7627,10,2.0022,2.751768,2.5,3.6,50.8,54.9,54.1,3721,1994450,536,97.346471,97.346471,97.346471,0,47.653529,47.653529,up,up,up,1,1,1.489525,-47.653529,0,1,S5_grid_best_segmented,87.61182389999999,"best small=0.9, medium=0.8, large=0.7, extreme=0.4",7675.831687,94.763354,11513.747531,2730.903037,9.734647,131.573925,17311.697819,0.011545,0.000776,0.014431,0.008124,0.044722,0.014576
2018-10-01,2018-09-30,240,230,9780,8725,国内成品油价格按机制上调,https://www.ndrc.gov.cn/xwdt/ztzl/gncpyjg/201809/t20180930_1292982.html,235,9252.5,1,up,235,2018-10,78.674,10,2.99,3.950637,80.406,10,3.03,3.915943,71.557,10,2.689,3.904571,75.9815,10,2.903,3.972441,77.7513,10,2.9886,3.997448,2.5,3.3,50.2,53.9,53.1,4080,2293980,562.25,144.416503,144.416503,144.416503,0,90.583497,90.583497,up,up,up,1,1,1.627238,-90.583497,0,1,S5_grid_best_segmented,129.9748527,"best small=0.9, medium=0.8, large=0.7, extreme=0.4",16893.462334,208.561263,25340.193502,1794.626209,14.44165,146.015576,21320.548318,0.025409,0.001708,0.031761,0.005339,0.055079,0.023697
2018-10-20,2018-10-19,165,160,9945,8885,国内成品油价格按机制上调,https://www.ndrc.gov.cn/xwdt/ztzl/gncpyjg/201810/t20181019_1292983.html,162.5,9415,1,up,162.5,2018-10,80.647,10,1.973,2.507817,82.203,10,1.797,2.234908,72.107,10,0.55,0.768618,77.155,10,1.1735,1.544455,79.1742,10,1.4229,1.830066,2.5,3.3,50.2,53.9,53.1,4080,2293980,562.25,69.702848,69.702848,69.702848,0,92.797152,92.797152,up,up,up,1,1,2.331325,-92.797152,0,1,S5_grid_best_segmented,62.7325632,"best small=0.9, medium=0.8, large=0.7, extreme=0.4",3935.374486,48.58487,5903.061728,4521.525497,6.970285,152.98586,23404.673482,0.005919,0.000398,0.007399,0.01345,0.060464,0.014496
2018-11-03,2018-11-02,-375,-365,9570,8520,国内成品油价格按机制下调,https://www.ndrc.gov.cn/xwdt/ztzl/gncpyjg/201811/t20181102_1292984.html,-370,9045,1,down,370,2018-11,75.948,10,-4.699,-5.826627,77.087,10,-5.116,-6.223617,66.845,10,-5.262,-7.297488,71.966,10,-5.189,-6.725423,74.0144,10,-5.1598,-6.517022,2.2,2.7,50,53.4,52.8,4287,2415680,563.49,-244.417086,-244.417086,-244.417086,0,-125.582914,-125.582914,down,down,down,1,1,1.513806,125.582914,0,1,S5_grid_best_segmented,-219.9753774,"best small=0.9, medium=0.8, large=0.7, extreme=0.4",0,597.397119,0,79923.779678,-24.441709,128.544152,16523.598962,0,0.004892,0,0.237751,0.042686,0.043044
2018-11-17,2018-11-16,-510,-490,9060,8030,国内成品油价格按机制下调,https://www.ndrc.gov.cn/xwdt/ztzl/gncpyjg/201811/t20181116_1292985.html,-500,8545,1,down,500,2018-11,69.05,10,-6.898,-9.08253,68.858,10,-8.229,-10.674952,59.908,10,-6.937,-10.37774,64.383,10,-7.583,-10.53692,66.173,10,-7.8414,-10.594425,2.2,2.7,50,53.4,52.8,4287,2415680,563.49,-372.380386,-372.380386,-372.380386,0,-127.619614,-127.619614,down,down,down,1,1,1.342713,127.619614,0,1,S5_grid_best_segmented,-297.9043088,"best small=0.9, medium=0.8, large=0.7, extreme=0.4",0,5546.686075,0,6072.918349,-74.476077,54.068075,2923.356691,0,0.04542,0,0.018065,0.007547,0.012926
2018-12-01,2018-11-30,-540,-520,8520,7510,国内成品油价格按机制下调,https://www.ndrc.gov.cn/xwdt/ztzl/gncpyjg/201811/t20181130_1292986.html,-530,8015,1,down,530,2018-12,61.584,10,-7.466,-10.812455,60.692,10,-8.166,-11.859188,53.835,10,-6.073,-10.13721,57.848,10,-6.535,-10.150195,59.4532,10,-6.7198,-10.154897,1.9,0.9,49.4,53.8,52.6,4378,2130360,486.61,-318.858743,-318.858743,-318.858743,0,-211.141257,-211.141257,down,down,down,1,1,1.662178,211.141257,0,1,S5_grid_best_segmented,-255.0869944,"best small=0.9, medium=0.8, large=0.7, extreme=0.4",0,4066.83592,0,1833.322412,-63.771749,-9.703674,94.161289,0,0.033302,0,0.005454,0.000237,0.007514
2018-12-15,2018-12-14,-125,-120,8395,7390,国内成品油价格按机制下调,https://www.ndrc.gov.cn/xwdt/ztzl/gncpyjg/201812/t20181214_1292987.html,-122.5,7892.5,1,down,122.5,2018-12,59.422,10,-2.162,-3.510652,59.903,10,-0.789,-1.300007,52.036,10,-1.799,-3.341692,55.9695,10,-1.8785,-3.247303,57.5429,10,-1.9103,-3.213116,1.9,0.9,49.4,53.8,52.6,4378,2130360,486.61,-89.35416,-89.35416,-89.35416,0,-33.14584,-33.14584,down,down,down,1,1,1.370949,33.14584,0,1,S5_grid_best_segmented,-80.41874399999999,"best small=0.9, medium=0.8, large=0.7, extreme=0.4",0,79.841659,0,30508.997698,-8.935416,-18.63909,347.415676,0,0.000654,0,0.090756,0.000892,0.013878
2018-12-29,2018-12-28,-370,-355,8025,7035,国内成品油价格按机制下调,https://www.ndrc.gov.cn/xwdt/ztzl/gncpyjg/201812/t20181228_1292988.html,-362.5,7530,1,down,362.5,2018-12,55.541,10,-3.881,-6.531251,56.197,10,-3.706,-6.186668,48.041,10,-3.995,-7.677377,52.3995,10,-3.57,-6.378474,53.9185,10,-3.6244,-6.298605,1.9,0.9,49.4,53.8,52.6,4378,2130360,486.61,-171.149316,-171.149316,-171.149316,0,-191.350684,-191.350684,down,down,down,1,1,2.118034,191.350684,0,1,S5_grid_best_segmented,-154.0343844,"best small=0.9, medium=0.8, large=0.7, extreme=0.4",0,292.920884,0,5419.262512,-17.114932,-35.754022,1278.350061,0,0.002399,0,0.016121,0.003297,0.003392
2019-01-15,2019-01-14,105,105,8130,7140,国内成品油价格按机制上调,https://www.ndrc.gov.cn/xwdt/ztzl/gncpyjg/201901/t20190114_1292989.html,105,7635,1,up,105,2019-01,55.429,10,-0.112,-0.201653,55.817,10,-0.38,-0.676193,48.452,10,0.411,0.855519,52.1345,10,-0.265,-0.50573,53.6075,10,-0.311,-0.576796,1.7,0.1,49.5,54.7,53.2,4260,1867880,438.47,-13.037145,-13.037145,0,-13.037145,118.037145,105,down,no_adjust,up,0,1,,,,,S5_grid_best_segmented,0.0,"best small=0.9, medium=0.8, large=0.7, extreme=0.4",0,0,0,23726.591577,0,-35.754022,1278.350061,0,0,0,0.07058,0.003297,0.011082
2019-01-29,2019-01-28,245,230,8375,7370,国内成品油价格按机制上调,https://www.ndrc.gov.cn/xwdt/ztzl/gncpyjg/201901/t20190128_1292990.html,237.5,7872.5,1,up,237.5,2019-01,60.047,10,4.618,8.331379,60.586,10,4.769,8.543992,52.256,10,3.804,7.851069,56.274,10,4.1395,7.94004,57.8812,10,4.2737,7.972205,1.7,0.1,49.5,54.7,53.2,4260,1867880,438.47,205.740204,192.703059,192.703059,0,31.759796,44.796941,up,up,up,1,1,1.232466,-44.796941,0,1,S5_grid_best_segmented,173.4327531,"best small=0.9, medium=0.8, large=0.7, extreme=0.4",30078.919848,371.344689,40305.752596,30078.919848,19.270306,-16.483716,271.712883,0.04524,0.003041,0.050518,0.089476,0.000696,0.038074
2019-02-15,2019-02-14,50,50,8425,7420,国内成品油价格按机制上调,https://www.ndrc.gov.cn/xwdt/ztzl/gncpyjg/201902/t20190214_1292991.html,50,7922.5,1,up,50,2019-02,61.801,10,1.754,2.921045,62,10,1.414,2.333873,53.617,10,1.361,2.604486,57.8085,10,1.5345,2.726837,59.4851,10,1.6039,2.771021,1.5,0.1,49.2,54.3,52.4,3923,1723480,439.33,78.339989,78.339989,78.339989,0,-28.339989,-28.339989,up,up,up,1,1,0.638244,28.339989,1,0,S5_grid_best_segmented,70.5059901,"best small=0.9, medium=0.8, large=0.7, extreme=0.4",4971.09464,61.371539,6462.423032,10593.918542,7.833999,-8.649717,74.817601,0.007477,0.000503,0.0081,0.031514,0.000187,0.00875
2019-03-01,2019-02-28,270,260,8695,7680,国内成品油价格按机制上调,https://www.ndrc.gov.cn/xwdt/ztzl/gncpyjg/201902/t20190228_1292992.html,265,8187.5,1,up,265,2019-03,65.441,10,3.64,5.889872,65.664,10,3.664,5.909677,55.844,10,2.227,4.153533,60.597,10,2.7885,4.823685,62.4982,10,3.0131,5.065302,2.3,0.4,50.5,54.8,54,3934,1856320,471.87,145.585619,145.585619,145.585619,0,119.414381,119.414381,up,up,up,1,1,1.820235,-119.414381,0,1,S5_grid_best_segmented,131.0270571,"best small=0.9, medium=0.8, large=0.7, extreme=0.4",17168.089692,211.951725,25065.410951,3662.799551,14.558562,5.908845,34.91445,0.025822,0.001736,0.031416,0.010896,0.000084,0.016304
2019-03-14,2019-03-14,0,0,8695,7680,3月14日国内成品油价格不作调整,https://www.ndrc.gov.cn/xwdt/ztzl/gncpyjg/201903/t20190314_1292993.html,0,8187.5,0,no_adjust,0,2019-03,65.474,10,0.033,0.050427,64.869,10,-0.795,-1.210709,56.666,10,0.822,1.471958,60.7675,10,0.1705,0.281367,62.4081,10,-0.0901,-0.144164,2.3,0.4,50.5,54.8,54,3934,1856320,471.87,-2.496016,-2.496016,0,-2.496016,2.496016,0,down,no_adjust,no_adjust,0,0,,,,,S5_grid_best_segmented,0.0,"best small=0.9, medium=0.8, large=0.7, extreme=0.4",0,0,0,17168.089692,0,5.908845,34.91445,0,0,0,0.05107,0.000084,0.007673
2019-03-29,2019-03-28,80,80,8775,7760,国内成品油价格按机制上调,https://www.ndrc.gov.cn/xwdt/ztzl/gncpyjg/201903/t20190328_1292994.html,80,8267.5,1,up,80,2019-03,67.068,10,1.594,2.434554,67.124,10,2.255,3.476237,59.225,10,2.559,4.515935,63.1745,10,2.407,3.960999,64.7543,10,2.3462,3.759448,2.3,0.4,50.5,54.8,54,3934,1856320,471.87,113.761811,111.265795,111.265795,0,-33.761811,-31.265795,up,up,up,1,1,0.718999,31.265795,1,0,S5_grid_best_segmented,100.1392155,"best small=0.9, medium=0.8, large=0.7, extreme=0.4",10027.862481,123.800771,14640.679222,10027.862481,11.126579,17.035425,290.205691,0.015082,0.001014,0.01835,0.02983,0.000744,0.013147
2019-04-01,2019-03-29,-225,-200,8550,7560,国内成品油价格因增值税税率调整相应下调,https://www.ndrc.gov.cn/xwdt/ztzl/gncpyjg/201903/t20190329_1292995.html,-212.5,8055,1,down,212.5,2019-04,66.977,10,-0.091,-0.135683,67.114,10,-0.01,-0.014898,59.295,10,0.07,0.118193,63.2045,10,0.03,0.047488,64.7683,10,0.014,0.02162,2.5,0.9,50.1,54.3,53.4,4373,2148650,491.34,2.471533,2.471533,0,2.471533,-214.971533,-212.5,up,no_adjust,down,0,1,,,,,S5_grid_best_segmented,0.0,"best small=0.9, medium=0.8, large=0.7, extreme=0.4",0,0,0,10027.862481,0,17.035425,290.205691,0,0,0,0.02983,0.000744,0.004586
2019-04-13,2019-04-12,155,150,8705,7710,国内成品油价格按机制上调,https://www.ndrc.gov.cn/xwdt/ztzl/gncpyjg/201904/t20190412_1292996.html,152.5,8207.5,1,up,152.5,2019-04,69.267,10,2.29,3.419084,70.07,10,2.956,4.404446,62.864,10,3.569,6.019057,66.467,10,3.2625,5.161816,67.9082,10,3.1399,4.847896,2.5,0.9,50.1,54.3,53.4,4373,2148650,491.34,151.63639,154.107923,154.107923,0,0.86361,-1.607923,up,up,up,1,1,0.989566,1.607923,1,0,S5_grid_best_segmented,138.6971307,"best small=0.9, medium=0.8, large=0.7, extreme=0.4",19236.894064,237.492519,28855.341097,19236.894064,15.410792,32.446217,1052.756991,0.028933,0.001945,0.036166,0.057224,0.002714,0.025655
2019-04-27,2019-04-26,195,185,8900,7895,国内成品油价格按机制上调,https://www.ndrc.gov.cn/xwdt/ztzl/gncpyjg/201904/t20190426_1292997.html,190,8397.5,1,up,190,2019-04,71.609,10,2.342,3.381119,71.999,10,1.929,2.752961,64.576,10,1.712,2.723339,68.2875,10,1.8205,2.738953,69.7721,10,1.8639,2.744735,2.5,0.9,50.1,54.3,53.4,4373,2148650,491.34,90.746932,90.746932,90.746932,0,99.253068,99.253068,up,up,up,1,1,2.093735,-99.253068,0,1,S5_grid_best_segmented,81.6722388,"best small=0.9, medium=0.8, large=0.7, extreme=0.4",6670.354591,82.350057,10005.531886,3251.838296,9.074693,41.52091,1723.985976,0.010033,0.000674,0.012541,0.009673,0.004448,0.007896
2019-05-14,2019-05-13,-75,-75,8825,7820,国内成品油价格按机制下调,https://www.ndrc.gov.cn/xwdt/ztzl/gncpyjg/201905/t20190513_1292998.html,-75,8322.5,1,down,75,2019-05,70.745,10,-0.864,-1.206552,71.419,10,-0.58,-0.805567,62.357,10,-2.219,-3.436261,66.888,10,-1.3995,-2.049423,68.7004,10,-1.0717,-1.536001,2.7,0.6,49.4,54.3,53.3,4023,2107140,523.77,-49.336997,-49.336997,0,-49.336997,-25.663003,-75,down,no_adjust,down,0,1,,,,,S5_grid_best_segmented,0.0,"best small=0.9, medium=0.8, large=0.7, extreme=0.4",0,0,0,6670.354591,0,41.52091,1723.985976,0,0,0,0.019842,0.004448,0.003644
2019-05-28,2019-05-27,50,50,8875,7870,国内成品油价格按机制上调,https://www.ndrc.gov.cn/xwdt/ztzl/gncpyjg/201905/t20190527_1292999.html,50,8372.5,1,up,50,2019-05,70.948,10,0.203,0.286946,72.105,10,0.686,0.960529,61.413,10,-0.944,-1.513864,66.759,10,-0.129,-0.19286,68.8974,10,0.197,0.286752,2.7,0.6,49.4,54.3,53.3,4023,2107140,523.77,11.204112,-38.132885,0,-38.132885,38.795888,50,up,no_adjust,up,0,1,,,,,S5_grid_best_segmented,0.0,"best small=0.9, medium=0.8, large=0.7, extreme=0.4",0,0,0,0,0,41.52091,1723.985976,0,0,0,0,0.004448,0.000667
2019-06-12,2019-06-11,-465,-445,8410,7425,国内成品油价格按机制下调,https://www.ndrc.gov.cn/xwdt/ztzl/gncpyjg/201906/t20190611_1293000.html,-455,7917.5,1,down,455,2019-06,63.872,10,-7.076,-9.973502,65.72,10,-6.385,-8.855142,54.59,10,-6.823,-11.110026,60.155,10,-6.604,-9.892299,62.381,10,-6.5164,-9.458122,2.7,0,49.4,54.2,53,3958,2017356.1,509.69,-309.152696,-347.285581,-347.285581,0,-145.847304,-107.714419,down,down,down,1,1,1.310161,107.714419,0,1,S5_grid_best_segmented,-277.8284648,"best small=0.9, medium=0.8, large=0.7, extreme=0.4",0,4824.290991,0,77188.655853,-69.457116,-27.936206,780.431611,0,0.039505,0,0.229615,0.00201,0.042645
2019-06-26,2019-06-25,-120,-115,8290,7310,国内成品油价格按机制下调,https://www.ndrc.gov.cn/xwdt/ztzl/gncpyjg/201906/t20190625_1293001.html,-117.5,7800,1,down,117.5,2019-06,62.586,10,-1.286,-2.013402,63.698,10,-2.022,-3.076689,54.078,10,-0.512,-0.937901,58.888,10,-1.267,-2.106226,60.812,10,-1.569,-2.515189,2.7,0,49.4,54.2,53,3958,2017356.1,509.69,-73.067661,-73.067661,-73.067661,0,-44.432339,-44.432339,down,down,down,1,1,1.608099,44.432339,0,1,S5_grid_best_segmented,-65.7608949,"best small=0.9, medium=0.8, large=0.7, extreme=0.4",0,53.388831,0,44972.654203,-7.306766,-35.242972,1242.067089,0,0.000437,0,0.133781,0.003203,0.020635
2019-07-10,2019-07-09,150,140,8440,7450,国内成品油价格按机制上调,https://www.ndrc.gov.cn/xwdt/ztzl/gncpyjg/201907/t20190709_1293002.html,145,7945,1,up,145,2019-07,64.565,10,1.979,3.162049,65.148,10,1.45,2.276367,57.858,10,3.78,6.989903,61.668,10,2.78,4.720826,63.192,10,2.38,3.913701,2.8,-0.3,49.7,53.7,53.1,4104,1960366.9,477.67,115.374713,115.374713,115.374713,0,29.625287,29.625287,up,up,up,1,1,1.256775,-29.625287,0,1,S5_grid_best_segmented,103.8372417,"best small=0.9, medium=0.8, large=0.7, extreme=0.4",10782.172764,133.113244,16820.189512,28763.527938,11.537471,-23.705501,561.950773,0.016217,0.00109,0.021082,0.085563,0.001446,0.022594
2019-07-23,2019-07-23,0,0,8440,7450,7月23日国内成品油价格不作调整,https://www.ndrc.gov.cn/xwdt/ztzl/gncpyjg/201907/t20190723_1293003.html,0,7945,0,no_adjust,0,2019-07,65.32,10,0.755,1.169364,64.51,10,-0.638,-0.979309,57.738,10,-0.12,-0.207404,61.124,10,-0.544,-0.882143,62.4784,10,-0.7136,-1.129257,2.8,-0.3,49.7,53.7,53.1,4104,1960366.9,477.67,-32.248819,-32.248819,0,-32.248819,32.248819,0,down,no_adjust,no_adjust,0,0,,,,,S5_grid_best_segmented,0.0,"best small=0.9, medium=0.8, large=0.7, extreme=0.4",0,0,0,10782.172764,0,-23.705501,561.950773,0,0,0,0.032074,0.001446,0.005028
2019-08-07,2019-08-06,-80,-70,8360,7380,国内成品油价格按机制下调,https://www.ndrc.gov.cn/xwdt/ztzl/gncpyjg/201908/t20190806_1293004.html,-75,7870,1,down,75,2019-08,63.634,10,-1.686,-2.581139,62.429,10,-2.081,-3.225856,56.176,10,-1.562,-2.705324,59.3025,10,-1.8215,-2.980008,60.5531,10,-1.9253,-3.081545,2.8,-0.8,49.5,53.8,53,4217,1979320.4,469.37,-90.069945,-122.318764,-122.318764,0,15.069945,47.318764,down,down,down,1,1,0.613152,-47.318764,1,0,S5_grid_best_segmented,-110.0868876,"best small=0.9, medium=0.8, large=0.7, extreme=0.4",0,149.6188,0,12119.122821,-12.231876,-35.937377,1291.495087,0,0.001225,0,0.036051,0.003331,0.006152
2019-08-21,2019-08-20,-210,-205,8150,7175,国内成品油价格按机制下调,https://www.ndrc.gov.cn/xwdt/ztzl/gncpyjg/201908/t20190820_1293005.html,-207.5,7662.5,1,down,207.5,2019-08,58.687,10,-4.947,-7.774146,57.837,10,-4.592,-7.355556,54.452,10,-1.724,-3.068926,56.1445,10,-3.158,-5.325239,56.8215,10,-3.7316,-6.162525,2.8,-0.8,49.5,53.8,53,4217,1979320.4,469.37,-176.264794,-176.264794,-176.264794,0,-31.235206,-31.235206,down,down,down,1,1,1.177206,31.235206,0,1,S5_grid_best_segmented,-158.6383146,"best small=0.9, medium=0.8, large=0.7, extreme=0.4",0,310.692776,0,2357.241064,-17.626479,-53.563857,2869.086745,0,0.002544,0,0.007012,0.007407,0.002672
2019-09-04,2019-09-03,115,105,8265,7280,国内成品油价格按机制上调,https://www.ndrc.gov.cn/xwdt/ztzl/gncpyjg/201909/t20190903_1293006.html,110,7772.5,1,up,110,2019-09,59.82,10,1.133,1.930581,59.576,10,1.739,3.006726,55.351,10,0.899,1.650995,57.5255,10,1.381,2.459724,58.3953,10,1.5738,2.769726,3,-1.2,49.8,53.7,53.1,4124,1854637.8,449.72,76.903647,76.903647,76.903647,0,33.096353,33.096353,up,up,up,1,1,1.430361,-33.096353,0,1,S5_grid_best_segmented,69.2132823,"best small=0.9, medium=0.8, large=0.7, extreme=0.4",4790.478447,59.141709,7664.765515,51916.35021,7.690365,-45.873492,2104.377268,0.007205,0.000484,0.009607,0.154437,0.005431,0.02828
2019-09-19,2019-09-18,125,125,8390,7405,国内成品油价格按机制上调,https://www.ndrc.gov.cn/xwdt/ztzl/gncpyjg/201909/t20190918_1293007.html,125,7897.5,1,up,125,2019-09,62.196,10,2.376,3.971916,63.236,10,3.66,6.143413,57.216,10,1.865,3.369406,60.226,10,2.7005,4.69444,61.43,10,3.0347,5.196822,3,-1.2,49.8,53.7,53.1,4124,1854637.8,449.72,146.61635,146.61635,146.61635,0,-21.61635,-21.61635,up,up,up,1,1,0.852565,21.61635,1,0,S5_grid_best_segmented,131.95471500000002,"best small=0.9, medium=0.8, large=0.7, extreme=0.4",17412.046811,214.963541,27859.274897,3936.487377,14.661635,-31.211857,974.180017,0.026189,0.00176,0.034918,0.01171,0.002511,0.017762
2019-10-08,2019-10-08,0,0,8390,7405,10月8日国内成品油价格不作调整,https://www.ndrc.gov.cn/xwdt/ztzl/gncpyjg/201910/t20191008_1293008.html,0,7897.5,0,no_adjust,0,2019-10,60.635,10,-1.561,-2.509808,60.667,10,-2.569,-4.062559,54.416,10,-2.8,-4.893736,57.5415,10,-2.6845,-4.457377,58.7917,10,-2.6383,-4.294807,3.8,-1.6,49.3,52.8,52,4551,2073141.2,455.54,-124.0936,-124.0936,-124.0936,0,124.0936,124.0936,down,down,no_adjust,1,0,0,-124.0936,1,0,S5_grid_best_segmented,-111.68424,"best small=0.9, medium=0.8, large=0.7, extreme=0.4",0,153.992216,0,59359.940393,-12.40936,-43.621217,1902.810573,0,0.001261,0,0.176579,0.00491,0.027476
2019-10-22,2019-10-21,-150,-145,8240,7260,国内成品油价格按机制下调,https://www.ndrc.gov.cn/xwdt/ztzl/gncpyjg/201910/t20191021_1293009.html,-147.5,7750,1,down,147.5,2019-10,59.452,10,-1.183,-1.951018,59.358,10,-1.309,-2.15768,53.38,10,-1.036,-1.903852,56.369,10,-1.1725,-2.03766,57.5646,10,-1.2271,-2.087199,3.8,-1.6,49.3,52.8,52,4551,2073141.2,455.54,-56.752531,-56.752531,-56.752531,0,-90.747469,-90.747469,down,down,down,1,1,2.599003,90.747469,0,1,S5_grid_best_segmented,-51.0772779,"best small=0.9, medium=0.8, large=0.7, extreme=0.4",0,32.208498,0,3673.203855,-5.675253,-49.29647,2430.141964,0,0.000264,0,0.010927,0.006273,0.002633
2019-11-05,2019-11-04,105,105,8345,7365,国内成品油价格按机制上调,https://www.ndrc.gov.cn/xwdt/ztzl/gncpyjg/201911/t20191104_1293010.html,105,7855,1,up,105,2019-11,60.853,10,1.401,2.356523,60.487,10,1.129,1.902018,55.187,10,1.807,3.385163,57.837,10,1.468,2.604268,58.897,10,1.3324,2.314617,4.5,-1.4,50.2,54.4,53.7,4574,2089499.4,456.82,65.384277,65.384277,65.384277,0,39.615723,39.615723,up,up,up,1,1,1.605891,-39.615723,0,1,S5_grid_best_segmented,58.8458493,"best small=0.9, medium=0.8, large=0.7, extreme=0.4",3462.83398,42.751037,6579.384562,12083.093893,6.538428,-42.758042,1828.25019,0.005208,0.00035,0.008246,0.035944,0.004718,0.009533
2019-11-19,2019-11-18,70,65,8415,7430,国内成品油价格按机制上调,https://www.ndrc.gov.cn/xwdt/ztzl/gncpyjg/201911/t20191118_1293011.html,67.5,7922.5,1,up,67.5,2019-11,62.494,10,1.641,2.696662,62.477,10,1.99,3.289963,56.715,10,1.528,2.768768,59.4755,10,1.6385,2.832962,60.5797,10,1.6827,2.857022,4.5,-1.4,50.2,54.4,53.7,4574,2089499.4,456.82,82.100247,82.100247,82.100247,0,-14.600247,-14.600247,up,up,up,1,1,0.822166,14.600247,1,0,S5_grid_best_segmented,73.8902223,"best small=0.9, medium=0.8, large=0.7, extreme=0.4",5459.764952,67.404506,10373.553408,226.333159,8.210025,-34.548018,1193.565527,0.008212,0.000552,0.013002,0.000673,0.003078,0.005976
2019-12-03,2019-12-02,55,50,8470,7480,国内成品油价格按机制上调,https://www.ndrc.gov.cn/xwdt/ztzl/gncpyjg/201912/t20191202_1293012.html,52.5,7975,1,up,52.5,2019-12,63.671,10,1.177,1.883381,64.251,10,1.774,2.839445,57.432,10,0.717,1.264216,60.7735,10,1.298,2.182411,62.1101,10,1.5304,2.526259,4.5,-0.5,50.2,53.5,53.4,4548,2192920,482.17,74.832641,74.832641,74.832641,0,-22.332641,-22.332641,up,up,up,1,1,0.701566,22.332641,1,0,S5_grid_best_segmented,67.3493769,"best small=0.9, medium=0.8, large=0.7, extreme=0.4",4535.938569,55.999242,8618.283281,42.782659,7.483264,-27.064754,732.500887,0.006822,0.000459,0.010802,0.000127,0.001887,0.0048
2019-12-16,2019-12-16,0,0,8470,7480,12月16日国内成品油价格不作调整,https://www.ndrc.gov.cn/xwdt/ztzl/gncpyjg/201912/t20191216_1293013.html,0,7975,0,no_adjust,0,2019-12,64.769,10,1.098,1.72449,65.606,10,1.355,2.108917,58.444,10,1.012,1.762084,62.025,10,1.2515,2.059286,63.4574,10,1.3473,2.169212,4.5,-0.5,50.2,53.5,53.4,4548,2192920,482.17,66.095291,66.095291,66.095291,0,-66.095291,-66.095291,up,up,no_adjust,1,0,0,66.095291,1,0,S5_grid_best_segmented,59.48576190000001,"best small=0.9, medium=0.8, large=0.7, extreme=0.4",3538.555869,43.685875,6723.256151,61.836441,6.609529,-20.455225,418.416209,0.005322,0.000358,0.008427,0.000184,0.001075,0.003698
2019-12-31,2019-12-30,235,230,8705,7710,国内成品油价格按机制上调,https://www.ndrc.gov.cn/xwdt/ztzl/gncpyjg/201912/t20191230_1293014.html,232.5,8207.5,1,up,232.5,2019-12,67.828,10,3.059,4.722938,68.687,10,3.081,4.696217,60.902,10,2.458,4.205735,64.7945,10,2.7695,4.465135,66.3515,10,2.8941,4.560697,4.5,-0.5,50.2,53.5,53.4,4548,2192920,482.17,139.907057,139.907057,139.907057,0,92.592943,92.592943,up,up,up,1,1,1.661818,-92.592943,0,1,S5_grid_best_segmented,125.91635130000002,"best small=0.9, medium=0.8, large=0.7, extreme=0.4",15854.927525,195.739846,30124.362297,4413.023208,13.990706,-6.464519,41.790003,0.023847,0.001603,0.037757,0.013128,0.000102,0.017706
2020-01-14,2020-01-14,0,0,8705,7710,1月14日国内成品油价格不作调整,https://www.ndrc.gov.cn/xwdt/ztzl/gncpyjg/202001/t20200114_1293015.html,0,8207.5,0,no_adjust,0,2020-01,68.373,10,0.545,0.803503,67.599,10,-1.088,-1.583997,60.934,10,0.032,0.052543,64.2665,10,-0.528,-0.814884,65.5995,10,-0.752,-1.133358,5.4,0.1,50,54.1,53,,,,-34.081229,-34.081229,0,-34.081229,34.081229,0,down,no_adjust,no_adjust,0,0,,,,,S5_grid_best_segmented,0.0,"best small=0.9, medium=0.8, large=0.7, extreme=0.4",0,0,0,15854.927525,0,-6.464519,41.790003,0,0,0,0.047164,0.000102,0.00709
2020-02-05,2020-02-04,-420,-405,8285,7305,国内成品油价格按机制下调,https://www.ndrc.gov.cn/xwdt/ztzl/gncpyjg/202002/t20200204_1293016.html,-412.5,7795,1,down,412.5,2020-02,61.266,10,-7.107,-10.394454,59.323,10,-8.276,-12.242785,53.815,10,-7.119,-11.683133,56.569,10,-7.6975,-11.977469,57.6706,10,-7.9289,-12.08683,5.2,-0.4,35.7,29.6,28.9,8609,4218444.2,490,-376.555799,-410.637029,-410.637029,0,-35.944201,-1.862971,down,down,down,1,1,1.004537,1.862971,0,1,S5_grid_best_segmented,-328.5096232,"best small=0.9, medium=0.8, large=0.7, extreme=0.4",0,6744.910783,0,107918.572535,-82.127406,-88.591925,7848.529104,0,0.055232,0,0.321027,0.020272,0.062241
2020-02-19,2020-02-18,-415,-400,7870,6905,国内成品油价格按机制下调,https://www.ndrc.gov.cn/xwdt/ztzl/gncpyjg/202002/t20200218_1293017.html,-407.5,7387.5,1,down,407.5,2020-02,55.451,10,-5.815,-9.491398,55.344,10,-3.979,-6.707348,50.596,10,-3.219,-5.981604,52.7785,10,-3.7905,-6.700666,53.6515,10,-4.0191,-6.969062,5.2,-0.4,35.7,29.6,28.9,8609,4218444.2,490,-189.98401,-189.98401,-189.98401,0,-217.51599,-217.51599,down,down,down,1,1,2.144917,217.51599,0,1,S5_grid_best_segmented,-170.985609,"best small=0.9, medium=0.8, large=0.7, extreme=0.4",0,360.939241,0,24813.81505,-18.998401,-107.590326,11575.678163,0,0.002956,0,0.073814,0.029902,0.016149
2020-03-03,2020-03-03,0,0,7870,6905,3月3日国内成品油价格不作调整,https://www.ndrc.gov.cn/xwdt/ztzl/gncpyjg/202003/t20200303_1293018.html,0,7387.5,0,no_adjust,0,2020-03,55.218,10,-0.233,-0.420191,55.822,10,0.478,0.863689,50.113,10,-0.483,-0.954621,52.9675,10,0.189,0.3581,54.1093,10,0.4578,0.853285,4.3,-1.5,52,52.3,52.3,4110,1673864.3,407.27,23.64923,23.64923,0,23.64923,-23.64923,0,up,no_adjust,no_adjust,0,0,,,,,S5_grid_best_segmented,0.0,"best small=0.9, medium=0.8, large=0.7, extreme=0.4",0,0,0,29236.078485,0,-107.590326,11575.678163,0,0,0,0.086969,0.029902,0.017531
2020-03-18,2020-03-17,-1015,-975,6855,5930,国内成品油价格按机制下调,https://www.ndrc.gov.cn/xwdt/ztzl/gncpyjg/202003/t20200317_1293019.html,-995,6392.5,1,down,995,2020-03,40.882,10,-14.336,-25.962548,39.759,10,-16.063,-28.775393,37.198,10,-12.915,-25.771756,38.4785,10,-14.489,-27.35451,38.9907,10,-15.1186,-27.940853,4.3,-1.5,52,52.3,52.3,4110,1673864.3,407.27,-719.641173,-695.991942,-695.991942,0,-275.358827,-299.008058,down,down,down,1,1,1.429614,299.008058,0,1,S5_grid_best_segmented,-556.7935536,"best small=0.9, medium=0.8, large=0.7, extreme=0.4",0,19376.191333,0,310019.061331,-139.198388,-246.788714,60904.669358,0,0.158666,0,0.92222,0.157352,0.193669
2020-03-31,2020-03-31,0,0,6855,5930,3月31日国内成品油价格不作调整,https://www.ndrc.gov.cn/xwdt/ztzl/gncpyjg/202003/t20200331_1293020.html,0,6392.5,0,no_adjust,0,2020-03,26.312,10,-14.57,-35.639157,23.929,10,-15.83,-39.814885,20.33,10,-16.868,-45.346524,22.1295,10,-16.349,-42.488662,22.8493,10,-16.1414,-41.398077,4.3,-1.5,52,52.3,52.3,4110,1673864.3,407.27,-768.448177,-768.448177,-768.448177,0,768.448177,768.448177,down,down,no_adjust,1,0,0,-768.448177,1,0,S5_grid_best_segmented,-614.7585416000001,"best small=0.9, medium=0.8, large=0.7, extreme=0.4",0,23620.504029,0,3359.939834,-153.689635,-400.478349,160382.908338,0,0.193421,0,0.009995,0.414372,0.102339
2020-04-15,2020-04-15,0,0,6855,5930,4月15日国内成品油价格不作调整,https://www.ndrc.gov.cn/xwdt/ztzl/gncpyjg/202004/t20200415_1293021.html,0,6392.5,0,no_adjust,0,2020-04,21.137,10,-5.175,-19.667832,20.545,10,-3.384,-14.141836,23.446,10,3.116,15.327103,21.5825,10,-0.547,-2.471814,21.1675,10,-1.6818,-7.360401,3.3,-3.1,50.8,53.2,53.4,4043,1088790.5,269.3,-78.450366,-78.450366,-78.450366,0,78.450366,78.450366,down,down,no_adjust,1,0,0,-78.450366,1,0,S5_grid_best_segmented,-70.6053294,"best small=0.9, medium=0.8, large=0.7, extreme=0.4",0,61.544599,0,296102.718348,-7.845037,-408.323386,166727.987555,0,0.000504,0,0.880822,0.430766,0.196839
2020-04-28,2020-04-28,0,0,6855,5930,4月28日国内成品油价格不作调整,https://www.ndrc.gov.cn/xwdt/ztzl/gncpyjg/202004/t20200428_1293022.html,0,6392.5,0,no_adjust,0,2020-04,15.699,10,-5.438,-25.727397,16.633,10,-3.912,-19.041129,10.703,10,-12.743,-54.350422,13.668,10,-7.9145,-36.670914,14.854,10,-6.3135,-29.826385,3.3,-3.1,50.8,53.2,53.4,4043,1088790.5,269.3,-299.470509,-299.470509,-299.470509,0,299.470509,299.470509,down,down,no_adjust,1,0,0,-299.470509,1,0,S5_grid_best_segmented,-269.5234581,"best small=0.9, medium=0.8, large=0.7, extreme=0.4",0,896.825858,0,39568.421926,-29.947051,-438.270437,192080.975861,0,0.007344,0,0.117705,0.49627,0.093565
2020-05-14,2020-05-14,0,0,6855,5930,5月14日国内成品油价格不作调整,https://www.ndrc.gov.cn/xwdt/ztzl/gncpyjg/202005/t20200514_1293023.html,0,6392.5,0,no_adjust,0,2020-05,21.067,10,5.368,34.193261,22.884,10,6.251,37.581915,23.142,10,12.439,116.219751,22.5285,10,8.8605,64.826602,22.6707,10,7.8167,52.623536,2.4,-3.7,50.6,53.6,53.4,4797,946857.4,197.39,374.80866,374.80866,374.80866,0,-374.80866,-374.80866,up,up,no_adjust,1,0,0,374.80866,1,0,S5_grid_best_segmented,299.846928,"best small=0.9, medium=0.8, large=0.7, extreme=0.4",89908.180231,5619.261264,133064.106742,324182.636568,74.961732,-363.308705,131993.215056,0.135226,0.046014,0.166779,0.964352,0.341022,0.28051
2020-05-28,2020-05-28,0,0,6855,5930,5月28日国内成品油价格不作调整,https://www.ndrc.gov.cn/xwdt/ztzl/gncpyjg/202005/t20200528_1293024.html,0,6392.5,0,no_adjust,0,2020-05,27.658,10,6.591,31.285897,32.509,10,9.625,42.059955,31.519,10,8.377,36.198254,32.014,10,9.4855,42.104445,32.212,10,9.5413,42.086482,2.4,-3.7,50.6,53.6,53.4,4797,946857.4,197.39,457.104867,457.104867,457.104867,0,-457.104867,-457.104867,up,up,no_adjust,1,0,0,457.104867,1,0,S5_grid_best_segmented,365.68389360000003,"best small=0.9, medium=0.8, large=0.7, extreme=0.4",133724.710038,8357.794377,197912.570857,4334.506039,91.420973,-271.887731,73922.93854,0.201128,0.068439,0.248058,0.012894,0.190987,0.156566
2020-06-11,2020-06-11,0,0,6855,5930,6月11日国内成品油价格不作调整,https://www.ndrc.gov.cn/xwdt/ztzl/gncpyjg/202006/t20200611_1293025.html,0,6392.5,0,no_adjust,0,2020-06,34.672,10,7.014,25.359751,38.127,10,5.618,17.281368,37.254,10,5.735,18.195374,37.6905,10,5.6765,17.731305,37.8651,10,5.6531,17.549671,2.5,-3,50.9,54.4,54.2,521,273937.7,525.79,271.563808,271.563808,271.563808,0,-271.563808,-271.563808,up,up,no_adjust,1,0,0,271.563808,1,0,S5_grid_best_segmented,244.4074272,"best small=0.9, medium=0.8, large=0.7, extreme=0.4",59734.990471,737.469018,89602.485706,14707.981302,27.156381,-244.731351,59893.434015,0.089844,0.006039,0.112305,0.043752,0.154739,0.081519
2020-06-29,2020-06-28,120,110,6975,6040,国内成品油价格按机制上调,https://www.ndrc.gov.cn/xwdt/ztzl/gncpyjg/202006/t20200628_1293026.html,115,6507.5,1,up,115,2020-06,37.873,10,3.201,9.232234,41.321,10,3.194,8.377265,38.785,10,1.531,4.109626,40.053,10,2.3625,6.268158,40.5602,10,2.6951,7.117636,2.5,-3,50.9,54.4,54.2,521,273937.7,525.79,130.410974,130.410974,130.410974,0,-15.410974,-15.410974,up,up,up,1,1,0.881828,15.410974,1,0,S5_grid_best_segmented,117.36987660000001,"best small=0.9, medium=0.8, large=0.7, extreme=0.4",13775.687933,170.070221,20663.5319,16138.539262,13.041097,-231.690253,53680.373474,0.020719,0.001393,0.025899,0.048008,0.138687,0.039937
2020-07-11,2020-07-10,100,100,7075,6140,国内成品油价格按机制上调,https://www.ndrc.gov.cn/xwdt/ztzl/gncpyjg/202007/t20200710_1293027.html,100,6607.5,1,up,100,2020-07,41.56,10,3.687,9.735168,42.451,10,1.13,2.734687,39.823,10,1.038,2.676292,41.05,10,0.997,2.489202,41.5408,10,0.9806,2.417641,2.7,-2.4,51.1,54.2,54.1,5129,1434135.2,279.61,48.596729,48.596729,0,48.596729,51.403271,100,up,no_adjust,up,0,1,,,,,S5_grid_best_segmented,0.0,"best small=0.9, medium=0.8, large=0.7, extreme=0.4",0,0,0,13775.687933,0,-231.690253,53680.373474,0,0,0,0.040979,0.138687,0.02695
2020-07-24,2020-07-24,0,0,7075,6140,7月24日国内成品油价格不作调整,https://www.ndrc.gov.cn/xwdt/ztzl/gncpyjg/202007/t20200724_1293028.html,0,6607.5,0,no_adjust,0,2020-07,43.719,10,2.159,5.194899,43.484,10,1.033,2.433394,40.887,10,1.064,2.671823,42.1855,10,1.1355,2.766139,42.7049,10,1.1641,2.802305,2.7,-2.4,51.1,54.2,54.1,5129,1434135.2,279.61,57.353168,105.949897,105.949897,0,-57.353168,-105.949897,up,up,no_adjust,1,0,0,105.949897,1,0,S5_grid_best_segmented,95.35490730000001,"best small=0.9, medium=0.8, large=0.7, extreme=0.4",9092.558346,112.253807,14002.539853,9092.558346,10.59499,-221.095264,48883.115586,0.013676,0.000919,0.01755,0.027048,0.126292,0.030991
2020-08-07,2020-08-07,0,0,7075,6140,8月7日国内成品油价格不作调整,https://www.ndrc.gov.cn/xwdt/ztzl/gncpyjg/202008/t20200807_1293029.html,0,6607.5,0,no_adjust,0,2020-08,43.832,10,0.113,0.258469,43.712,10,0.228,0.524331,41.134,10,0.247,0.604104,42.423,10,0.2375,0.56299,42.9386,10,0.2337,0.547244,2.4,-2,51,55.2,54.5,4748,1492292.6,314.3,12.9554,12.9554,0,12.9554,-12.9554,0,up,no_adjust,no_adjust,0,0,,,,,S5_grid_best_segmented,0.0,"best small=0.9, medium=0.8, large=0.7, extreme=0.4",0,0,0,9092.558346,0,-221.095264,48883.115586,0,0,0,0.027048,0.126292,0.023001
2020-08-22,2020-08-21,85,80,7160,6220,国内成品油价格按机制上调,https://www.ndrc.gov.cn/xwdt/ztzl/gncpyjg/202008/t20200821_1293030.html,82.5,6690,1,up,82.5,2020-08,45.08,10,1.248,2.847235,44.678,10,0.966,2.209919,42.285,10,1.151,2.798172,43.4815,10,1.0585,2.495109,43.9601,10,1.0215,2.378978,2.4,-2,51,55.2,54.5,4748,1492292.6,314.3,50.548437,63.503837,63.503837,0,31.951563,18.996163,up,up,up,1,1,1.299134,-18.996163,0,1,S5_grid_best_segmented,57.153453299999995,"best small=0.9, medium=0.8, large=0.7, extreme=0.4",3266.517224,40.327373,4834.445492,3266.517224,6.350384,-214.74488,46115.363443,0.004913,0.00033,0.006059,0.009717,0.119141,0.022138
2020-09-04,2020-09-04,0,0,7160,6220,9月4日国内成品油价格不作调整,https://www.ndrc.gov.cn/xwdt/ztzl/gncpyjg/202009/t20200904_1293031.html,0,6690,0,no_adjust,0,2020-09,45.312,10,0.232,0.514641,44.593,10,-0.085,-0.19025,42.65,10,0.365,0.86319,43.622,10,0.1405,0.323126,44.0104,10,0.0503,0.114422,1.7,-2.1,51.5,55.9,55.1,100,101019.8,1010.2,4.203733,4.203733,0,4.203733,-4.203733,0,up,no_adjust,no_adjust,0,0,,,,,S5_grid_best_segmented,0.0,"best small=0.9, medium=0.8, large=0.7, extreme=0.4",0,0,0,3266.517224,0,-214.74488,46115.363443,0,0,0,0.009717,0.119141,0.019329
2020-09-19,2020-09-18,-315,-300,6845,5920,国内成品油价格按机制下调,https://www.ndrc.gov.cn/xwdt/ztzl/gncpyjg/202009/t20200918_1293032.html,-307.5,6382.5,1,down,307.5,2020-09,40.604,10,-4.708,-10.390184,40.004,10,-4.589,-10.290853,38.726,10,-3.924,-9.200469,39.4675,10,-4.1545,-9.523864,39.7641,10,-4.2463,-9.648401,1.7,-2.1,51.5,55.9,55.1,100,101019.8,1010.2,-200.825769,-196.622036,-196.622036,0,-106.674231,-110.877964,down,down,down,1,1,1.563914,110.877964,0,1,S5_grid_best_segmented,-176.9598324,"best small=0.9, medium=0.8, large=0.7, extreme=0.4",0,386.60225,0,31314.782283,-19.662204,-234.407083,54946.680795,0,0.003166,0,0.093153,0.141959,0.0359
2020-10-09,2020-10-09,0,0,6845,5920,10月9日国内成品油价格不作调整,https://www.ndrc.gov.cn/xwdt/ztzl/gncpyjg/202010/t20201009_1293033.html,0,6382.5,0,no_adjust,0,2020-10,40.459,10,-0.145,-0.357108,40.455,10,0.451,1.127387,39.552,10,0.826,2.132934,40.0035,10,0.536,1.358079,40.1841,10,0.42,1.056229,0.5,-2.1,51.4,56.2,55.3,4256,1327523.7,311.92,21.845452,21.845452,0,21.845452,-21.845452,0,up,no_adjust,no_adjust,0,0,,,,,S5_grid_best_segmented,0.0,"best small=0.9, medium=0.8, large=0.7, extreme=0.4",0,0,0,31314.782283,0,-234.407083,54946.680795,0,0,0,0.093153,0.141959,0.035267
2020-10-23,2020-10-22,80,70,6925,5990,国内成品油价格按机制上调,https://www.ndrc.gov.cn/xwdt/ztzl/gncpyjg/202010/t20201022_1293034.html,75,6457.5,1,up,75,2020-10,41.108,10,0.649,1.604093,41.323,10,0.868,2.145594,40.507,10,0.955,2.414543,40.915,10,0.9115,2.278551,41.0782,10,0.8941,2.225009,0.5,-2.1,51.4,56.2,55.3,4256,1327523.7,311.92,44.469035,66.314486,66.314486,0,30.530965,8.685514,up,up,up,1,1,1.130975,-8.685514,0,1,S5_grid_best_segmented,59.6830374,"best small=0.9, medium=0.8, large=0.7, extreme=0.4",3562.064953,43.976111,3918.271449,3562.064953,6.631449,-227.775635,51881.739854,0.005358,0.00036,0.004911,0.010596,0.13404,0.024335
2020-11-06,2020-11-05,-160,-150,6765,5840,国内成品油价格按机制下调,https://www.ndrc.gov.cn/xwdt/ztzl/gncpyjg/202011/t20201105_1293035.html,-155,6302.5,1,down,155,2020-11,38.617,10,-2.491,-6.059648,38.715,10,-2.608,-6.311255,37.978,10,-2.529,-6.243365,38.3465,10,-2.5685,-6.277649,38.4939,10,-2.5843,-6.291171,-0.5,-1.5,52.1,56.4,55.7,280,42203,150.72,-121.516773,-121.516773,-121.516773,0,-33.483227,-33.483227,down,down,down,1,1,1.275544,33.483227,0,1,S5_grid_best_segmented,-109.3650957,"best small=0.9, medium=0.8, large=0.7, extreme=0.4",0,147.663261,0,28577.271305,-12.151677,-239.927312,57565.11514,0,0.001209,0,0.085009,0.148724,0.035302
2020-11-20,2020-11-19,150,145,6915,5985,2020年11月19日24时起国内成品油价格按机制上调,https://www.ndrc.gov.cn/xwdt/ztzl/gncpyjg/202011/t20201119_1293036.html,147.5,6450,1,up,147.5,2020-11,41.788,10,3.171,8.211409,41.506,10,2.791,7.209092,40.284,10,2.306,6.071936,40.895,10,2.5485,6.645978,41.1394,10,2.6455,6.872517,-0.5,-1.5,52.1,56.4,55.7,280,42203,150.72,128.044111,128.044111,128.044111,0,19.455889,19.455889,up,up,up,1,1,1.151947,-19.455889,0,1,S5_grid_best_segmented,115.23969989999999,"best small=0.9, medium=0.8, large=0.7, extreme=0.4",13280.188433,163.952944,13280.188433,50447.314207,12.804411,-227.122901,51584.812204,0.019974,0.001343,0.016645,0.150067,0.133273,0.051924
2020-12-04,2020-12-03,250,240,7165,6225,2020年12月3日24时起国内成品油价格按机制上调,https://www.ndrc.gov.cn/xwdt/ztzl/gncpyjg/202012/t20201203_1293037.html,245,6695,1,up,245,2020-12,45.697,10,3.909,9.35436,46.068,10,4.562,10.991182,43.461,10,3.177,7.886506,44.377,10,3.482,8.514488,44.7434,10,3.604,8.760458,0.2,-0.4,51.9,55.7,55.1,3847,1245360,323.72,173.782783,173.782783,173.782783,0,71.217217,71.217217,up,up,up,1,1,1.409806,-71.217217,0,1,S5_grid_best_segmented,156.4045047,"best small=0.9, medium=0.8, large=0.7, extreme=0.4",24462.36909,302.004557,25440.863854,1694.541154,17.378278,-209.744623,43992.806794,0.036793,0.002473,0.031887,0.005041,0.113657,0.035469
2020-12-18,2020-12-17,155,150,7320,6375,2020年12月17日24时起国内成品油价格按机制上调,https://www.ndrc.gov.cn/xwdt/ztzl/gncpyjg/202012/t20201217_1293038.html,152.5,6847.5,1,up,152.5,2020-12,48.751,10,3.054,6.683152,49.596,10,3.528,7.658244,46.453,10,2.992,6.884333,48.0245,10,3.6475,8.219348,48.6531,10,3.9097,8.738049,0.2,-0.4,51.9,55.7,55.1,3847,1245360,323.72,188.370484,188.370484,188.370484,0,-35.870484,-35.870484,up,up,up,1,1,0.809575,35.870484,1,0,S5_grid_best_segmented,169.53343560000002,"best small=0.9, medium=0.8, large=0.7, extreme=0.4",28741.585786,354.834392,29891.249218,172.368827,18.837048,-190.907574,36445.701963,0.043229,0.002906,0.037465,0.000513,0.094158,0.034955
2021-01-01,2020-12-31,90,85,7410,6460,2020年12月31日24时起国内成品油价格按机制上调,https://www.ndrc.gov.cn/xwdt/ztzl/gncpyjg/202012/t20201231_1293039.html,87.5,6935,1,up,87.5,2021-01,50.063,10,1.312,2.691227,50.868,10,1.272,2.564723,47.976,10,1.523,3.278583,49.422,10,1.3975,2.909973,50.0004,10,1.3473,2.769197,-0.3,0.3,51.3,52.4,52.8,4459,1612834.7,3617.03,66.095291,66.095291,66.095291,0,21.404709,21.404709,up,up,up,1,1,1.323846,-21.404709,0,1,S5_grid_best_segmented,59.48576190000001,"best small=0.9, medium=0.8, large=0.7, extreme=0.4",3538.555869,43.685875,3538.555869,12110.490487,6.609529,-184.298045,33965.769501,0.005322,0.000358,0.004435,0.036025,0.087751,0.021077
2021-01-16,2021-01-15,185,180,7595,6640,2021年1月15日24时起国内成品油价格按机制上调,https://www.ndrc.gov.cn/xwdt/ztzl/gncpyjg/202101/t20210115_1293040.html,182.5,7117.5,1,up,182.5,2021-01,53.503,10,3.44,6.871342,53.986,10,3.118,6.12959,51.033,10,3.057,6.371936,52.5095,10,3.0875,6.247218,53.1001,10,3.0997,6.19935,-0.3,0.3,51.3,52.4,52.8,4459,1612834.7,3617.03,149.718085,149.718085,149.718085,0,32.781915,32.781915,up,up,up,1,1,1.218958,-32.781915,0,1,S5_grid_best_segmented,134.7462765,"best small=0.9, medium=0.8, large=0.7, extreme=0.4",18156.559031,224.15505,18156.559031,5664.145058,14.971809,-169.326237,28671.374469,0.027308,0.001836,0.022757,0.016849,0.074072,0.026522
2021-01-30,2021-01-29,75,70,7670,6710,2021年1月29日24时起国内成品油价格按机制上调,https://www.ndrc.gov.cn/xwdt/ztzl/gncpyjg/202101/t20210129_1293041.html,72.5,7190,1,up,72.5,2021-01,54.842,10,1.339,2.502663,55.159,10,1.173,2.172786,52.749,10,1.716,3.36253,54.0315,10,1.522,2.898523,54.5445,10,1.4444,2.720146,-0.3,0.3,51.3,52.4,52.8,4459,1612834.7,3617.03,70.728806,70.728806,70.728806,0,1.771194,1.771194,up,up,up,1,1,1.025042,-1.771194,0,1,S5_grid_best_segmented,63.65592540000001,"best small=0.9, medium=0.8, large=0.7, extreme=0.4",4052.076839,50.02564,4052.076839,5053.83802,7.072881,-162.253356,26326.151598,0.006095,0.00041,0.005079,0.015034,0.068012,0.015332
2021-02-19,2021-02-18,275,265,7945,6975,2021年2月18日24时起国内成品油价格按机制上调,https://www.ndrc.gov.cn/xwdt/ztzl/gncpyjg/202102/t20210218_1293042.html,270,7460,1,up,270,2021-02,60.706,10,5.864,10.692535,61.666,10,6.507,11.796806,58.252,10,5.503,10.432425,59.7105,10,5.679,10.510536,60.2939,10,5.7494,10.540751,-0.2,1.7,50.6,51.4,51.6,4498,1783365.6,396.48,276.159149,276.159149,276.159149,0,-6.159149,-6.159149,up,up,up,1,1,0.977697,6.159149,1,0,S5_grid_best_segmented,248.5432341,"best small=0.9, medium=0.8, large=0.7, extreme=0.4",61773.739217,762.638756,61773.739217,34183.316918,27.615915,-134.637441,18127.2406,0.09291,0.006245,0.077425,0.101686,0.046829,0.06611
2021-03-04,2021-03-03,260,250,8205,7225,2021年3月3日24时起国内成品油价格按机制上调,https://www.ndrc.gov.cn/xwdt/ztzl/gncpyjg/202103/t20210303_1293043.html,255,7715,1,up,255,2021-03,63.35,10,2.644,4.355418,64.897,10,3.231,5.239516,61.237,10,2.985,5.124288,63.067,10,3.3565,5.621289,63.799,10,3.5051,5.813358,0.4,4.4,51.9,56.3,55.3,4966,2267884.9,456.68,169.063372,169.063372,169.063372,0,85.936628,85.936628,up,up,up,1,1,1.50831,-85.936628,0,1,S5_grid_best_segmented,152.1570348,"best small=0.9, medium=0.8, large=0.7, extreme=0.4",23151.763239,285.824238,25003.904298,9290.299415,16.906337,-117.731104,13860.612873,0.034821,0.002341,0.031339,0.027636,0.035805,0.026524
2021-03-18,2021-03-17,235,230,8440,7455,2021年3月17日24时起国内成品油价格按机制上调,https://www.ndrc.gov.cn/xwdt/ztzl/gncpyjg/202103/t20210317_1293044.html,232.5,7947.5,1,up,232.5,2021-03,66.413,10,3.063,4.835043,67.947,10,3.05,4.699755,64.651,10,3.414,5.575061,66.299,10,3.232,5.124709,66.9582,10,3.1592,4.951802,0.4,4.4,51.9,56.3,55.3,4966,2267884.9,456.68,152.557367,152.557367,152.557367,0,79.942633,79.942633,up,up,up,1,1,1.524017,-79.942633,0,1,S5_grid_best_segmented,137.3016303,"best small=0.9, medium=0.8, large=0.7, extreme=0.4",18851.737683,232.737502,20359.876698,220.683043,15.255737,-102.475367,10501.200924,0.028354,0.001906,0.025518,0.000656,0.027126,0.018017
2021-04-01,2021-03-31,-225,-220,8215,7235,2021年3月31日24时起国内成品油价格按机制下调,https://www.ndrc.gov.cn/xwdt/ztzl/gncpyjg/202103/t20210331_1293045.html,-222.5,7725,1,down,222.5,2021-04,63.154,10,-3.259,-4.907172,63.371,10,-4.576,-6.734661,60.772,10,-3.879,-5.999907,62.0715,10,-4.2275,-6.376416,62.5913,10,-4.3669,-6.52183,0.9,6.8,51.1,54.9,53.8,4036,1839330.1,455.73,-206.580682,-206.580682,-206.580682,0,-15.919318,-15.919318,down,down,down,1,1,1.077061,15.919318,0,1,S5_grid_best_segmented,-185.9226138,"best small=0.9, medium=0.8, large=0.7, extreme=0.4",0,426.755782,0,104473.911974,-20.658068,-123.133436,15161.842963,0,0.003495,0,0.310781,0.039167,0.053191
2021-04-15,2021-04-15,0,0,8215,7235,2021年4月15日国内成品油价格不作调整,https://www.ndrc.gov.cn/xwdt/ztzl/gncpyjg/202104/t20210415_1293046.html,0,7725,0,no_adjust,0,2021-04,61.748,10,-1.406,-2.226304,62.928,10,-0.443,-0.699058,60.039,10,-0.733,-1.206148,61.5745,10,-0.497,-0.80069,62.1159,10,-0.4754,-0.75953,0.9,6.8,51.1,54.9,53.8,4036,1839330.1,455.73,-20.882151,-20.882151,0,-20.882151,20.882151,0,down,no_adjust,no_adjust,0,0,,,,,S5_grid_best_segmented,0.0,"best small=0.9, medium=0.8, large=0.7, extreme=0.4",0,0,0,34567.218322,0,-123.133436,15161.842963,0,0,0,0.102828,0.039167,0.021299
2021-04-29,2021-04-28,100,95,8315,7330,2021年4月28日24时起国内成品油价格按机制上调,https://www.ndrc.gov.cn/xwdt/ztzl/gncpyjg/202104/t20210428_1293047.html,97.5,7822.5,1,up,97.5,2021-04,64.138,10,2.39,3.870571,65.669,10,2.741,4.355772,62.569,10,2.53,4.213928,64.119,10,2.5445,4.132392,64.739,10,2.6231,4.222912,0.9,6.8,51.1,54.9,53.8,4036,1839330.1,455.73,126.975205,106.093054,106.093054,0,-29.475205,-8.593054,up,up,up,1,1,0.919005,8.593054,1,0,S5_grid_best_segmented,95.4837486,"best small=0.9, medium=0.8, large=0.7, extreme=0.4",9117.146247,112.557361,10758.232571,9117.146247,10.609305,-112.52413,12661.679877,0.013713,0.000922,0.013484,0.027121,0.032708,0.015958
2021-05-15,2021-05-14,100,100,8415,7430,2021年5月14日24时起国内成品油价格按机制上调,https://www.ndrc.gov.cn/xwdt/ztzl/gncpyjg/202105/t20210514_1293048.html,100,7922.5,1,up,100,2021-05,66.717,10,2.579,4.021017,68.638,10,2.969,4.521159,64.901,10,2.332,3.727085,66.7965,10,2.6775,4.175829,67.5331,10,2.7941,4.315946,1.3,9,51,55.2,54.2,4095,2039882.1,498.14,135.135156,135.135156,135.135156,0,-35.135156,-35.135156,up,up,up,1,1,0.74,35.135156,1,0,S5_grid_best_segmented,121.6216404,"best small=0.9, medium=0.8, large=0.7, extreme=0.4",14791.823414,182.615104,18637.697501,683.189388,13.513516,-99.010615,9803.101803,0.022248,0.001495,0.02336,0.002032,0.025322,0.015804
2021-05-28,2021-05-28,0,0,8415,7430,2021年5月28日国内成品油价格不作调整,https://www.ndrc.gov.cn/xwdt/ztzl/gncpyjg/202105/t20210528_1293049.html,0,7922.5,0,no_adjust,0,2021-05,66.662,10,-0.055,-0.082438,68.24,10,-0.398,-0.579854,65.157,10,0.256,0.394447,66.6985,10,-0.098,-0.146714,67.3151,10,-0.218,-0.322805,1.3,9,51,55.2,54.2,4095,2039882.1,498.14,-8.599277,-8.599277,0,-8.599277,8.599277,0,down,no_adjust,no_adjust,0,0,,,,,S5_grid_best_segmented,0.0,"best small=0.9, medium=0.8, large=0.7, extreme=0.4",0,0,0,14791.823414,0,-99.010615,9803.101803,0,0,0,0.044002,0.025322,0.010399
2021-06-12,2021-06-11,175,170,8590,7600,2021年6月11日24时起国内成品油价格按机制上调,https://www.ndrc.gov.cn/xwdt/ztzl/gncpyjg/202106/t20210611_1293050.html,172.5,8095,1,up,172.5,2021-06,69.738,10,3.076,4.614323,70.667,10,2.427,3.556565,68.771,10,3.614,5.546603,69.719,10,3.0205,4.528588,70.0982,10,2.7831,4.134436,1.1,8.8,50.9,53.5,52.9,4012,2071889.6,516.42,134.610247,126.010969,126.010969,0,37.889753,46.489031,up,up,up,1,1,1.368928,-46.489031,0,1,S5_grid_best_segmented,113.4098721,"best small=0.9, medium=0.8, large=0.7, extreme=0.4",12861.79909,158.787643,15691.394889,12861.79909,12.601097,-86.409518,7466.604749,0.019345,0.0013,0.019667,0.03826,0.019285,0.018645
2021-06-29,2021-06-28,225,215,8815,7815,2021年6月28日24时起国内成品油价格按机制上调,https://www.ndrc.gov.cn/xwdt/ztzl/gncpyjg/202106/t20210628_1293051.html,220,8315,1,up,220,2021-06,72.892,10,3.154,4.522642,74.258,10,3.591,5.08158,72.515,10,3.744,5.444155,73.3865,10,3.6675,5.260402,73.7351,10,3.6369,5.188293,1.1,8.8,50.9,53.5,52.9,4012,2071889.6,516.42,175.352738,175.352738,175.352738,0,44.647262,44.647262,up,up,up,1,1,1.254614,-44.647262,0,1,S5_grid_best_segmented,157.8174642,"best small=0.9, medium=0.8, large=0.7, extreme=0.4",24906.352007,307.485827,30385.749448,1972.034236,17.535274,-68.874244,4743.661473,0.03746,0.002518,0.038085,0.005866,0.01225,0.022107
2021-07-13,2021-07-12,70,65,8885,7880,2021年7月12日24时起国内成品油价格按机制上调,https://www.ndrc.gov.cn/xwdt/ztzl/gncpyjg/202107/t20210712_1293052.html,67.5,8382.5,1,up,67.5,2021-07,74.224,10,1.332,1.827361,76.197,10,1.939,2.611166,73.793,10,1.278,1.762394,74.9005,10,1.514,2.06305,75.3435,10,1.6084,2.181322,1,9,50.4,53.3,52.4,4117,2208676.2,536.48,78.554724,78.554724,78.554724,0,-11.054724,-11.054724,up,up,up,1,1,0.859274,11.054724,1,0,S5_grid_best_segmented,70.6992516,"best small=0.9, medium=0.8, large=0.7, extreme=0.4",4998.384177,61.708447,5998.061012,7589.582967,7.855472,-61.018772,3723.290475,0.007518,0.000505,0.007518,0.022577,0.009614,0.008689
2021-07-27,2021-07-26,-100,-95,8785,7785,2021年7月26日24时起国内成品油价格按机制下调,https://www.ndrc.gov.cn/xwdt/ztzl/gncpyjg/202107/t20210726_1293053.html,-97.5,8285,1,down,97.5,2021-07,72.683,10,-1.541,-2.076148,74.001,10,-2.196,-2.882003,71.436,10,-2.357,-3.19407,72.7185,10,-2.182,-2.913198,73.2315,10,-2.112,-2.803162,1,9,50.4,53.3,52.4,4117,2208676.2,536.48,-98.979084,-98.979084,-98.979084,0,1.479084,1.479084,down,down,down,1,1,0.985057,-1.479084,1,0,S5_grid_best_segmented,-89.08117560000001,"best small=0.9, medium=0.8, large=0.7, extreme=0.4",0,97.968591,0,25529.784916,-9.897908,-70.91668,5029.175488,0,0.000802,0,0.075944,0.012988,0.0135
2021-08-09,2021-08-09,0,0,8785,7785,2021年8月9日国内成品油价格不作调整,https://www.ndrc.gov.cn/xwdt/ztzl/gncpyjg/202108/t20210809_1293373.html,0,8285,0,no_adjust,0,2021-08,72.934,10,0.251,0.345335,74.007,10,0.006,0.008108,71.125,10,-0.311,-0.435355,72.566,10,-0.1525,-0.209713,73.1424,10,-0.0891,-0.121669,0.8,9.5,50.1,47.5,48.9,4453,2427251.9,545.08,-2.448297,-2.448297,0,-2.448297,2.448297,0,down,no_adjust,no_adjust,0,0,,,,,S5_grid_best_segmented,0.0,"best small=0.9, medium=0.8, large=0.7, extreme=0.4",0,0,0,7935.455846,0,-70.91668,5029.175488,0,0,0,0.023606,0.012988,0.005489
2021-08-24,2021-08-23,-250,-245,8535,7540,2021年8月23日24时起国内成品油价格按机制下调,https://www.ndrc.gov.cn/xwdt/ztzl/gncpyjg/202108/t20210823_1294332.html,-247.5,8037.5,1,down,247.5,2021-08,69.411,10,-3.523,-4.830395,69.586,10,-4.421,-5.973759,66.691,10,-4.434,-6.234095,68.1385,10,-4.4275,-6.101342,68.7175,10,-4.4249,-6.049706,0.8,9.5,50.1,47.5,48.9,4453,2427251.9,545.08,-209.348385,-211.796682,-211.796682,0,-38.151615,-35.703318,down,down,down,1,1,1.168574,35.703318,0,1,S5_grid_best_segmented,-190.6170138,"best small=0.9, medium=0.8, large=0.7, extreme=0.4",0,448.578345,0,36334.84595,-21.179668,-92.096348,8481.737333,0,0.003673,0,0.108086,0.021908,0.020234
2021-09-07,2021-09-06,140,140,8675,7680,2021年9月6日24时起国内成品油价格按机制上调,https://www.ndrc.gov.cn/xwdt/ztzl/gncpyjg/202109/t20210906_1296106.html,140,8177.5,1,up,140,2021-09,70.861,10,1.45,2.089006,71.266,10,1.68,2.414279,68.37,10,1.679,2.517581,69.4665,10,1.328,1.948972,70.1863,10,1.4688,2.137447,0.7,10.7,49.6,53.2,51.7,4104,2195876.9,535.06,71.89315,71.89315,71.89315,0,68.10685,68.10685,up,up,up,1,1,1.947334,-68.10685,0,1,S5_grid_best_segmented,64.70383500000001,"best small=0.9, medium=0.8, large=0.7, extreme=0.4",4186.586264,51.68625,4772.708341,65188.735832,7.189315,-84.907033,7209.20427,0.006297,0.000423,0.005982,0.193918,0.01862,0.035035
2021-09-19,2021-09-18,90,85,8765,7765,2021年9月18日24时起国内成品油价格按机制上调,https://www.ndrc.gov.cn/xwdt/ztzl/gncpyjg/202109/t20210918_1297148.html,87.5,8265,1,up,87.5,2021-09,72.575,10,1.714,2.41882,73.071,10,1.805,2.532765,70.371,10,2.001,2.926722,71.753,10,2.2865,3.291515,72.3058,10,2.1195,3.01982,0.7,10.7,49.6,53.2,51.7,4104,2195876.9,535.06,102.943911,102.943911,102.943911,0,-15.443911,-15.443911,up,up,up,1,1,0.849977,15.443911,1,0,S5_grid_best_segmented,92.6495199,"best small=0.9, medium=0.8, large=0.7, extreme=0.4",8583.933538,105.974488,9785.684233,780.961305,10.294391,-74.612642,5567.046346,0.012911,0.000868,0.012265,0.002323,0.014377,0.008973
2021-10-10,2021-10-09,345,330,9110,8095,2021年10月9日24时起国内成品油价格按机制上调,https://www.ndrc.gov.cn/xwdt/ztzl/gncpyjg/202110/t20211009_1298893.html,337.5,8602.5,1,up,337.5,2021-10,78.676,10,6.101,8.406476,80.228,10,7.157,9.794583,76.979,10,6.608,9.390232,78.6035,10,6.8505,9.547336,79.2533,10,6.9475,9.608496,1.5,13.5,49.2,52.4,50.8,3766,2098861.3,557.32,333.331296,333.331296,333.331296,0,4.168704,4.168704,up,up,up,1,1,1.012506,-4.168704,0,1,S5_grid_best_segmented,266.6650368,"best small=0.9, medium=0.8, large=0.7, extreme=0.4",71110.241852,4444.390116,92443.314407,30281.400122,66.666259,-7.946383,63.145,0.106953,0.036394,0.115866,0.090079,0.000157,0.076519
2021-10-23,2021-10-22,300,290,9410,8385,2021年10月22日24时起国内成品油价格按机制上调,https://www.ndrc.gov.cn/xwdt/ztzl/gncpyjg/202110/t20211022_1300685.html,295,8897.5,1,up,295,2021-10,82.845,10,4.169,5.298948,84.1,10,3.872,4.826245,81.828,10,4.849,6.299121,82.964,10,4.3605,5.547463,83.4184,10,4.1651,5.255428,1.5,13.5,49.2,52.4,50.8,3766,2098861.3,557.32,200.55792,200.55792,200.55792,0,94.44208,94.44208,up,up,up,1,1,1.470897,-94.44208,0,1,S5_grid_best_segmented,180.502128,"best small=0.9, medium=0.8, large=0.7, extreme=0.4",32581.018213,402.234793,42355.323676,7424.046853,20.055792,12.109409,146.637791,0.049003,0.003294,0.053087,0.022084,0.000373,0.02955
2021-11-05,2021-11-05,0,0,9410,8385,2021年11月5日国内成品油价格不作调整,https://www.ndrc.gov.cn/xwdt/ztzl/gncpyjg/202111/t20211105_1303115.html,0,8897.5,0,no_adjust,0,2021-11,83.068,10,0.223,0.269177,83.619,10,-0.481,-0.571938,83.144,10,1.316,1.608251,83.3815,10,0.4175,0.50323,83.4765,10,0.0581,0.069649,2.3,12.9,50.1,52.3,52.2,4178,2496433.8,597.52,4.575942,4.575942,0,4.575942,-4.575942,0,up,no_adjust,no_adjust,0,0,,,,,S5_grid_best_segmented,0.0,"best small=0.9, medium=0.8, large=0.7, extreme=0.4",0,0,0,32581.018213,0,12.109409,146.637791,0,0,0,0.096919,0.000373,0.014594
2021-11-20,2021-11-19,-95,-90,9315,8295,2021年11月19日24时起国内成品油价格按机制下调,https://www.ndrc.gov.cn/xwdt/ztzl/gncpyjg/202111/t20211119_1304442.html,-92.5,8805,1,down,92.5,2021-11,81.607,10,-1.461,-1.7588,82.729,10,-0.89,-1.064351,80.975,10,-2.169,-2.608727,81.852,10,-1.5295,-1.83434,82.2028,10,-1.2737,-1.525819,2.3,12.9,50.1,52.3,52.2,4178,2496433.8,597.52,-58.976237,-54.400296,-54.400296,0,-33.523763,-38.099704,down,down,down,1,1,1.700358,38.099704,0,1,S5_grid_best_segmented,-48.9602664,"best small=0.9, medium=0.8, large=0.7, extreme=0.4",0,29.593922,0,2397.107686,-5.44003,6.66938,44.480624,0,0.000242,0,0.007131,0.000109,0.001134
2021-12-04,2021-12-03,-430,-415,8885,7880,2021年12月3日24时起国内成品油价格按机制下调,https://www.ndrc.gov.cn/xwdt/ztzl/gncpyjg/202112/t20211203_1306844.html,-422.5,8382.5,1,down,422.5,2021-12,76.472,10,-5.135,-6.292352,76.572,10,-6.157,-7.442372,73.479,10,-7.496,-9.257178,75.4605,10,-6.3915,-7.808606,76.2531,10,-5.9497,-7.237831,1.5,10.3,50.3,52.7,52.2,4614,2690828.6,583.19,-282.110333,-282.110333,-282.110333,0,-140.389667,-140.389667,down,down,down,1,1,1.497641,140.389667,0,1,S5_grid_best_segmented,-253.89929970000003,"best small=0.9, medium=0.8, large=0.7, extreme=0.4",0,795.8624,0,42000.00737,-28.211033,-21.541654,464.042844,0,0.006517,0,0.124938,0.001193,0.020223
2021-12-18,2021-12-17,-130,-125,8755,7755,2021年12月17日24时起国内成品油价格按机制下调,https://www.ndrc.gov.cn/xwdt/xwfb/202112/t20211217_1308356.html,-127.5,8255,1,down,127.5,2021-12,73.946,10,-2.526,-3.30317,74.049,10,-2.523,-3.294938,70.795,10,-2.684,-3.652744,72.422,10,-3.0385,-4.02661,73.0728,10,-3.1803,-4.170716,1.5,10.3,50.3,52.7,52.2,4614,2690828.6,583.19,-149.957304,-149.957304,-149.957304,0,22.457304,22.457304,down,down,down,1,1,0.850242,-22.457304,1,0,S5_grid_best_segmented,-134.9615736,"best small=0.9, medium=0.8, large=0.7, extreme=0.4",0,224.87193,0,14146.18269,-14.99573,-36.537384,1334.980437,0,0.001841,0,0.042081,0.003443,0.007197
2022-01-01,2021-12-31,140,135,8895,7890,2021年12月31日24时起国内成品油价格按机制上调,https://www.ndrc.gov.cn/xwdt/xwfb/202112/t20211231_1311298.html,137.5,8392.5,1,up,137.5,2022-01,75.152,10,1.206,1.63092,74.811,10,0.762,1.029048,73.468,10,2.673,3.77569,73.544,10,1.122,1.549253,73.976,10,0.9032,1.236028,0.9,9.1,50.1,51.1,51,4880,2795758.1,572.9,44.903278,44.903278,0,44.903278,92.596722,137.5,up,no_adjust,up,0,1,,,,,S5_grid_best_segmented,0.0,"best small=0.9, medium=0.8, large=0.7, extreme=0.4",0,0,0,18214.626349,0,-36.537384,1334.980437,0,0,0,0.054183,0.003443,0.008644
2022-01-18,2022-01-17,345,330,9240,8220,2022年1月17日24时起国内成品油价格按机制上调,https://www.ndrc.gov.cn/xwdt/xwfb/202201/t20220117_1312120.html,337.5,8730,1,up,337.5,2022-01,81.683,10,6.531,8.690387,82.785,10,7.974,10.65886,79.687,10,6.219,8.46491,81.236,10,7.692,10.459045,81.8556,10,7.8796,10.651563,0.9,9.1,50.1,51.1,51,4880,2795758.1,572.9,377.810186,422.713464,422.713464,0,-40.310186,-85.213464,up,up,up,1,1,0.798413,85.213464,1,0,S5_grid_best_segmented,338.1707712,"best small=0.9, medium=0.8, large=0.7, extreme=0.4",114359.470494,7147.466906,134944.175183,114359.470494,84.542693,48.005309,2304.509663,0.172002,0.058528,0.169135,0.340187,0.005948,0.14891
2022-01-30,2022-01-29,310,300,9550,8520,2022年1月29日24时起国内成品油价格按机制上调,https://www.ndrc.gov.cn/xwdt/xwfb/202201/t20220129_1313943.html,305,9035,1,up,305,2022-01,88.254,10,6.571,8.044514,89.641,10,6.856,8.281694,86.223,10,6.536,8.202091,87.8995,10,6.6635,8.202644,88.5701,10,6.7145,8.20286,0.9,9.1,50.1,51.1,51,4880,2795758.1,572.9,322.212766,322.212766,322.212766,0,-17.212766,-17.212766,up,up,up,1,1,0.94658,17.212766,1,0,S5_grid_best_segmented,257.7702128,"best small=0.9, medium=0.8, large=0.7, extreme=0.4",66445.482607,4152.842663,78405.669476,6464.249791,64.442553,112.447862,12644.521646,0.099937,0.034006,0.098271,0.019229,0.032663,0.064137
2022-02-18,2022-02-17,210,200,9760,8720,2022年2月17日24时起国内成品油价格按机制上调,https://www.ndrc.gov.cn/xwdt/xwfb/202202/t20220217_1315772.html,205,9240,1,up,205,2022-02,92.871,10,4.617,5.231491,96.955,10,7.314,8.159213,91.693,10,5.47,6.344015,94.324,10,6.4245,7.308915,95.3764,10,6.8063,7.684648,0.9,8.8,50.2,51.6,51.2,3634,2271578.6,625.09,326.593372,326.593372,326.593372,0,-121.593372,-121.593372,up,up,up,1,1,0.627692,121.593372,1,0,S5_grid_best_segmented,261.2746976,"best small=0.9, medium=0.8, large=0.7, extreme=0.4",68264.467606,4266.529225,80552.071775,12.281414,65.318674,177.766536,31600.941428,0.102673,0.034937,0.100962,0.000037,0.081641,0.070148
2022-03-04,2022-03-03,260,255,10020,8975,2022年3月3日24时起国内成品油价格按机制上调,https://www.ndrc.gov.cn/xwdt/xwfb/202203/t20220303_1318078.html,257.5,9497.5,1,up,257.5,2022-03,98.592,10,5.721,6.160158,102.123,10,5.168,5.330308,95.61,10,3.917,4.271864,98.791,10,4.467,4.735804,100.0634,10,4.687,4.914214,1.5,8.3,49.5,48.4,48.8,4271,3021685.3,707.49,225.462472,225.462472,225.462472,0,32.037528,32.037528,up,up,up,1,1,1.142097,-32.037528,0,1,S5_grid_best_segmented,202.9162248,"best small=0.9, medium=0.8, large=0.7, extreme=0.4",41174.994287,508.333263,53527.492573,3405.711348,22.546247,200.312783,40125.211234,0.061929,0.004163,0.06709,0.010131,0.103665,0.050157
2022-03-18,2022-03-17,750,720,10770,9695,2022年3月17日24时起国内成品油价格按机制上调,https://www.ndrc.gov.cn/xwdt/xwfb/202203/t20220317_1319438.html,735,10232.5,1,up,735,2022-03,115.932,10,17.34,17.587634,117.079,10,14.956,14.645085,108.49,10,12.88,13.471394,112.7845,10,13.9935,14.164752,114.5023,10,14.4389,14.429752,1.5,8.3,49.5,48.4,48.8,4271,3021685.3,707.49,690.813495,690.813495,690.813495,0,44.186505,44.186505,up,up,up,1,1,1.063963,-44.186505,0,1,S5_grid_best_segmented,552.650796,"best small=0.9, medium=0.8, large=0.7, extreme=0.4",305422.902319,19088.931395,397049.773015,122314.270292,138.162699,338.475482,114565.652254,0.45937,0.156313,0.497651,0.363851,0.295995,0.369495
2022-04-01,2022-03-31,110,110,10880,9805,2022年3月31日24时起国内成品油价格按机制上调,https://www.ndrc.gov.cn/xwdt/xwfb/202203/t20220331_1321429.html,110,10342.5,1,up,110,2022-04,112.719,10,-3.213,-2.771452,118.869,10,1.79,1.528882,109.573,10,1.083,0.998249,114.221,10,1.4365,1.273668,116.0802,10,1.5779,1.378051,2.1,8,47.4,41.9,42.7,4303,3422562.7,795.39,77.099294,77.099294,77.099294,0,32.900706,32.900706,up,up,up,1,1,1.426732,-32.900706,0,1,S5_grid_best_segmented,69.38936460000001,"best small=0.9, medium=0.8, large=0.7, extreme=0.4",4814.88392,59.443011,6837.135166,233541.611079,7.709929,346.185412,119844.339412,0.007242,0.000487,0.008569,0.694721,0.309633,0.154703
2022-04-16,2022-04-15,-545,-530,10335,9275,2022年4月15日24时起国内成品油价格按机制下调,https://www.ndrc.gov.cn/xwdt/xwfb/202204/t20220415_1322196.html,-537.5,9805,1,down,537.5,2022-04,104.374,10,-8.345,-7.403366,104.444,10,-14.425,-12.135208,100.122,10,-9.451,-8.6253,102.283,10,-11.938,-10.451668,103.1474,10,-12.9328,-11.141263,2.1,8,47.4,41.9,42.7,4303,3422562.7,795.39,-615.336958,-615.336958,-615.336958,0,77.836958,77.836958,down,down,down,1,1,0.873505,-77.836958,1,0,S5_grid_best_segmented,-492.26956640000003,"best small=0.9, medium=0.8, large=0.7, extreme=0.4",0,15145.582875,0,315460.754772,-123.067392,223.11802,49781.650983,0,0.124022,0,0.938407,0.128614,0.184858
2022-04-29,2022-04-28,205,200,10540,9475,2022年4月28日24时起国内成品油价格按机制上调,https://www.ndrc.gov.cn/xwdt/xwfb/202204/t20220428_1323651.html,202.5,10007.5,1,up,202.5,2022-04,107.029,10,2.655,2.543737,105.209,10,0.765,0.73245,103.537,10,3.415,3.410839,103.987,10,1.704,1.665966,104.4758,10,1.3284,1.287866,2.1,8,47.4,41.9,42.7,4303,3422562.7,795.39,65.193401,65.193401,65.193401,0,137.306599,137.306599,up,up,up,1,1,3.106143,-137.306599,0,1,S5_grid_best_segmented,58.67406089999999,"best small=0.9, medium=0.8, large=0.7, extreme=0.4",3442.645422,42.501795,4888.5565,303538.880462,6.51934,229.63736,52733.317291,0.005178,0.000348,0.006127,0.902943,0.13624,0.158773
2022-05-17,2022-05-16,285,270,10825,9745,2022年5月16日24时起国内成品油价格按机制上调,https://www.ndrc.gov.cn/xwdt/xwfb/202205/t20220516_1324609.html,277.5,10285,1,up,277.5,2022-05,110.858,10,3.829,3.577535,108.696,10,3.487,3.314355,105.843,10,2.306,2.227223,107.24,10,3.253,3.128276,107.8224,10,3.3466,3.20323,2.1,6.4,49.6,47.8,48.4,4583,3522859,768.68,161.499909,161.499909,161.499909,0,116.000091,116.000091,up,up,up,1,1,1.718267,-116.000091,0,1,S5_grid_best_segmented,145.3499181,"best small=0.9, medium=0.8, large=0.7, extreme=0.4",21126.598692,260.822206,29999.770142,7512.704221,16.149991,245.787351,60411.422059,0.031775,0.002136,0.037601,0.022348,0.156078,0.044535
2022-05-31,2022-05-30,400,390,11225,10135,2022年5月30日24时起国内成品油价格按机制上调,https://www.ndrc.gov.cn/xwdt/xwfb/202205/t20220530_1326109.html,395,10680,1,up,395,2022-05,115.363,10,4.505,4.063757,115.295,10,6.599,6.071061,112.779,10,6.936,6.553102,114.037,10,6.797,6.33812,114.5402,10,6.7178,6.230431,2.1,6.4,49.6,47.8,48.4,4583,3522859,768.68,322.370239,322.370239,322.370239,0,72.629761,72.629761,up,up,up,1,1,1.225299,-72.629761,0,1,S5_grid_best_segmented,257.89619120000003,"best small=0.9, medium=0.8, large=0.7, extreme=0.4",66510.445435,4156.90284,94444.832518,12666.663589,64.474048,310.261399,96262.135771,0.100035,0.03404,0.118374,0.03768,0.248704,0.104368
2022-06-15,2022-06-14,390,375,11615,10510,2022年6月14日24时起国内成品油价格按机制上调,https://www.ndrc.gov.cn/xwdt/xwfb/202206/t20220614_1327247.html,382.5,11062.5,1,up,382.5,2022-06,120.039,10,4.676,4.053293,126.185,10,10.89,9.445336,118.856,10,6.077,5.388415,122.3335,10,8.2965,7.27527,123.8013,10,9.2611,8.085458,2.5,6.1,50.2,54.7,54.1,3582,2859140.2,798.2,443.734,443.734,443.734,0,-61.234,-61.234,up,up,up,1,1,0.862003,61.234,1,0,S5_grid_best_segmented,354.98720000000003,"best small=0.9, medium=0.8, large=0.7, extreme=0.4",126015.912164,7875.99451,189023.868246,9426.66399,88.7468,399.008199,159207.542949,0.189534,0.064494,0.236917,0.028042,0.411335,0.185418
2022-06-29,2022-06-28,-320,-310,11295,10200,2022年6月28日24时起国内成品油价格按机制下调,https://www.ndrc.gov.cn/xwdt/xwfb/202206/t20220628_1328991.html,-315,10747.5,1,down,315,2022-06,116.169,10,-3.87,-3.223952,120.083,10,-6.102,-4.835757,112.525,10,-6.331,-5.326614,116.8135,10,-5.52,-4.512255,118.5289,10,-5.2724,-4.25876,2.5,6.1,50.2,54.7,54.1,3582,2859140.2,798.2,-249.790247,-249.790247,-249.790247,0,-65.209753,-65.209753,down,down,down,1,1,1.261058,65.209753,0,1,S5_grid_best_segmented,-224.8112223,"best small=0.9, medium=0.8, large=0.7, extreme=0.4",0,623.951675,0,336166.210502,-24.979025,374.029174,139897.823302,0,0.005109,0,1,0.361445,0.205239
2022-07-13,2022-07-12,-360,-345,10935,9855,2022年7月12日24时起国内成品油价格按机制下调,https://www.ndrc.gov.cn/xwdt/xwfb/202207/t20220712_1330413.html,-352.5,10395,1,down,352.5,2022-07,112.316,10,-3.853,-3.31672,116.503,10,-3.58,-2.981271,107.416,10,-5.109,-4.540324,111.854,10,-4.9595,-4.245657,113.6292,10,-4.8997,-4.13376,2.7,4.2,49,53.8,52.5,3733,3017713.3,808.39,-232.005371,-232.005371,-232.005371,0,-120.494629,-120.494629,down,down,down,1,1,1.519361,120.494629,0,1,S5_grid_best_segmented,-208.8048339,"best small=0.9, medium=0.8, large=0.7, extreme=0.4",0,538.264922,0,256.20447,-23.200537,350.828637,123080.73275,0,0.004408,0,0.000762,0.317995,0.048695
2022-07-27,2022-07-26,-300,-290,10635,9565,2022年7月26日24时起国内成品油价格按机制下调,https://www.ndrc.gov.cn/xwdt/xwfb/202207/t20220726_1331402.html,-295,10100,1,down,295,2022-07,106.816,10,-5.5,-4.896898,111.005,10,-5.498,-4.719192,100.454,10,-6.962,-6.481344,105.7295,10,-6.1245,-5.475441,107.8397,10,-5.7895,-5.095081,2.7,4.2,49,53.8,52.5,3733,3017713.3,808.39,-274.465747,-274.465747,-274.465747,0,-20.534253,-20.534253,down,down,down,1,1,1.074815,20.534253,0,1,S5_grid_best_segmented,-247.01917230000004,"best small=0.9, medium=0.8, large=0.7, extreme=0.4",0,753.314463,0,1460.335659,-27.446575,323.382063,104575.958411,0,0.006169,0,0.004344,0.270185,0.042413
2022-08-10,2022-08-09,-130,-125,10505,9440,2022年8月9日24时起国内成品油价格按机制下调,https://www.ndrc.gov.cn/xwdt/xwfb/202208/t20220809_1332823.html,-127.5,9972.5,1,down,127.5,2022-08,105.68,10,-1.136,-1.063511,105.433,10,-5.572,-5.019594,96.175,10,-4.279,-4.259661,100.804,10,-4.9255,-4.658586,102.6556,10,-5.1841,-4.807228,2.5,2.3,49.4,52.6,51.7,4035,3050600.4,756.03,-245.576658,-245.576658,-245.576658,0,118.076658,118.076658,down,down,down,1,1,0.519186,-118.076658,1,0,S5_grid_best_segmented,-221.0189922,"best small=0.9, medium=0.8, large=0.7, extreme=0.4",0,603.07895,0,676.009365,-24.557666,298.824397,89296.020123,0,0.004938,0,0.002011,0.230706,0.035895
2022-08-24,2022-08-23,-205,-200,10300,9240,2022年8月23日24时起国内成品油价格按机制下调,https://www.ndrc.gov.cn/xwdt/xwfb/202208/t20220823_1333590.html,-202.5,9770,1,down,202.5,2022-08,99.905,10,-5.775,-5.46461,99.845,10,-5.588,-5.300048,93.223,10,-2.952,-3.069405,96.534,10,-4.27,-4.235943,97.8584,10,-4.7972,-4.673101,2.5,2.3,49.4,52.6,51.7,4035,3050600.4,756.03,-227.114173,-227.114173,-227.114173,0,24.614173,24.614173,down,down,down,1,1,0.891622,-24.614173,1,0,S5_grid_best_segmented,-204.4027557,"best small=0.9, medium=0.8, large=0.7, extreme=0.4",0,515.808476,0,276.099315,-22.711417,276.112979,76238.377448,0,0.004224,0,0.000821,0.196969,0.030513
2022-09-07,2022-09-06,190,185,10490,9425,2022年9月6日24时起国内成品油价格按机制上调,https://www.ndrc.gov.cn/xwdt/xwfb/202209/t20220906_1335202.html,187.5,9957.5,1,up,187.5,2022-09,102.388,10,2.483,2.485361,96.98,10,-2.865,-2.869448,92.631,10,-0.592,-0.635036,94.7245,10,-1.8095,-1.874469,95.7159,10,-2.1425,-2.189388,2.8,0.9,50.1,50.6,50.9,4024,2884192.5,716.75,-100.434514,-100.434514,-100.434514,0,287.934514,287.934514,down,down,up,1,1,-1.866888,-287.934514,0,1,S5_grid_best_segmented,-90.3910626,"best small=0.9, medium=0.8, large=0.7, extreme=0.4",0,100.870916,0,12998.666164,-10.043451,266.069528,70792.993783,0,0.000826,0,0.038667,0.1829,0.0334
2022-09-22,2022-09-21,-290,-280,10200,9145,2022年9月21日24时起国内成品油价格按机制下调,https://www.ndrc.gov.cn/xwdt/xwfb/202209/t20220921_1335893.html,-285,9672.5,1,down,285,2022-09,96.179,10,-6.209,-6.064187,90.458,10,-6.522,-6.725098,86.084,10,-6.547,-7.067828,88.331,10,-6.3935,-6.749574,89.1818,10,-6.5341,-6.826557,2.8,0.9,50.1,50.6,50.9,4024,2884192.5,716.75,-309.997323,-309.997323,-309.997323,0,24.997323,24.997323,down,down,down,1,1,0.919363,-24.997323,1,0,S5_grid_best_segmented,-247.9978584,"best small=0.9, medium=0.8, large=0.7, extreme=0.4",0,3843.933611,0,24839.902082,-61.999465,204.070063,41644.590817,0,0.031477,0,0.073892,0.10759,0.033518
2022-10-10,2022-10-10,0,0,10200,9145,2022年10月10日国内成品油价格不作调整,https://www.ndrc.gov.cn/xwdt/xwfb/202210/t20221010_1338431.html,0,9672.5,0,no_adjust,0,2022-10,92.482,10,-3.697,-3.843874,90.968,10,0.51,0.563798,84.149,10,-1.935,-2.247804,87.5585,10,-0.7725,-0.874551,88.9223,10,-0.2595,-0.290979,2.1,-1.3,49.2,48.7,49,4314,2984358.1,691.78,-10.579616,-10.579616,0,-10.579616,10.579616,0,down,no_adjust,no_adjust,0,0,,,,,S5_grid_best_segmented,0.0,"best small=0.9, medium=0.8, large=0.7, extreme=0.4",0,0,0,61502.937771,0,204.070063,41644.590817,0,0,0,0.182954,0.10759,0.043582
2022-10-25,2022-10-24,185,175,10385,9320,2022年10月24日24时起国内成品油价格按机制上调,https://www.ndrc.gov.cn/xwdt/xwfb/202210/t20221024_1338989.html,180,9852.5,1,up,180,2022-10,93.495,10,1.013,1.095348,92.83,10,1.862,2.046874,87.165,10,3.016,3.584119,89.9975,10,2.439,2.785566,91.1305,10,2.2082,2.483292,2.1,-1.3,49.2,48.7,49,4314,2984358.1,691.78,107.176587,96.596971,96.596971,0,72.823413,83.403029,up,up,up,1,1,1.863412,-83.403029,0,1,S5_grid_best_segmented,86.9372739,"best small=0.9, medium=0.8, large=0.7, extreme=0.4",7558.089593,93.309748,10732.487222,7558.089593,9.659697,213.729761,45680.410566,0.011368,0.000764,0.013452,0.022483,0.118018,0.027433
2022-11-08,2022-11-07,155,150,10540,9470,2022年11月7日24时起国内成品油价格按机制上调,https://www.ndrc.gov.cn/xwdt/xwfb/202211/t20221107_1340921.html,152.5,10005,1,up,152.5,2022-11,93.968,10,0.473,0.505909,94.438,10,1.608,1.732199,88.503,10,1.338,1.53502,91.4705,10,1.473,1.636712,92.6575,10,1.527,1.675619,1.6,-1.3,48,46.7,47.1,4674,3158599.9,675.78,74.670397,74.670397,74.670397,0,77.829603,77.829603,up,up,up,1,1,2.042309,-77.829603,0,1,S5_grid_best_segmented,67.2033573,"best small=0.9, medium=0.8, large=0.7, extreme=0.4",4516.291232,55.756682,5961.504427,389.427464,7.46704,221.1968,48928.024463,0.006793,0.000457,0.007472,0.001158,0.126408,0.022792
2022-11-22,2022-11-21,-175,-165,10365,9305,2022年11月21日24时起国内成品油价格按机制下调,https://www.ndrc.gov.cn/xwdt/xwfb/202211/t20221121_1341667.html,-170,9835,1,down,170,2022-11,92.801,10,-1.167,-1.241912,94.082,10,-0.356,-0.376967,86.215,10,-2.288,-2.585223,90.1485,10,-1.322,-1.445275,91.7219,10,-0.9356,-1.00974,1.6,-1.3,48,46.7,47.1,4674,3158599.9,675.78,-42.84244,-42.84244,0,-42.84244,-127.15756,-170,down,no_adjust,down,0,1,,,,,S5_grid_best_segmented,0.0,"best small=0.9, medium=0.8, large=0.7, extreme=0.4",0,0,0,4516.291232,0,221.1968,48928.024463,0,0,0,0.013435,0.126408,0.020976
2022-12-06,2022-12-05,-440,-425,9925,8880,2022年12月5日24时起国内成品油价格按机制下调,https://www.ndrc.gov.cn/xwdt/xwfb/202212/t20221205_1343287.html,-432.5,9402.5,1,down,432.5,2022-12,83.55,10,-9.251,-9.968643,85.713,10,-8.369,-8.895432,79.148,10,-7.067,-8.196949,82.5975,10,-7.551,-8.376179,83.9773,10,-7.7446,-8.443567,1.8,-0.7,47,41.6,42.6,4807,3073177.7,639.31,-367.761186,-410.603625,-410.603625,0,-64.738814,-21.896375,down,down,down,1,1,1.053327,21.896375,0,1,S5_grid_best_segmented,-328.48290000000003,"best small=0.9, medium=0.8, large=0.7, extreme=0.4",0,6743.813475,0,107901.015592,-82.120725,139.076075,19342.154721,0,0.055223,0,0.320975,0.049968,0.066686
2022-12-20,2022-12-19,-480,-460,9445,8420,2022年12月19日24时起国内成品油价格按机制下调,https://www.ndrc.gov.cn/xwdt/xwfb/202212/t20221219_1343672.html,-470,8932.5,1,down,470,2022-12,78.2,10,-5.35,-6.403351,79.679,10,-6.034,-7.039772,74.094,10,-5.054,-6.385506,76.8865,10,-5.711,-6.914253,78.0035,10,-5.9738,-7.113589,1.8,-0.7,47,41.6,42.6,4807,3073177.7,639.31,-283.260361,-283.260361,-283.260361,0,-186.739639,-186.739639,down,down,down,1,1,1.659251,186.739639,0,1,S5_grid_best_segmented,-254.9343249,"best small=0.9, medium=0.8, large=0.7, extreme=0.4",0,802.364321,0,5409.392899,-28.326036,110.750039,12265.571183,0,0.00657,0,0.016091,0.031684,0.00848
2023-01-04,2023-01-03,250,240,9695,8660,2023年1月3日24时起国内成品油价格按机制上调,https://www.ndrc.gov.cn/xwdt/xwfb/202301/t20230103_1345637.html,245,9177.5,1,up,245,2023-01,80.192,10,1.992,2.547315,81.141,10,1.462,1.834862,77.751,10,3.657,4.935622,79.268,10,2.3815,3.097423,80.0172,10,2.0137,2.581551,2.1,-0.8,50.1,54.4,52.9,4333,2571954.1,593.57,97.895239,97.895239,97.895239,0,147.104761,147.104761,up,up,up,1,1,2.502675,-147.104761,0,1,S5_grid_best_segmented,88.10571510000001,"best small=0.9, medium=0.8, large=0.7, extreme=0.4",7762.617033,95.834778,11022.916187,117676.469043,9.789524,120.539563,14529.786272,0.011675,0.000785,0.013816,0.350054,0.037534,0.064668
2023-01-18,2023-01-17,-205,-195,9490,8465,2023年1月17日24时起国内成品油价格按机制下调,https://www.ndrc.gov.cn/xwdt/xwfb/202301/t20230117_1346762.html,-200,8977.5,1,down,200,2023-01,78.849,10,-1.343,-1.674731,79.449,10,-1.692,-2.085259,76.271,10,-1.48,-1.903512,77.8685,10,-1.3995,-1.76553,78.5075,10,-1.5097,-1.886719,2.1,-0.8,50.1,54.4,52.9,4333,2571954.1,593.57,-70.237924,-70.237924,-70.237924,0,-129.762076,-129.762076,down,down,down,1,1,2.847465,129.762076,0,1,S5_grid_best_segmented,-63.21413160000001,"best small=0.9, medium=0.8, large=0.7, extreme=0.4",0,49.33366,0,22897.696005,-7.023792,113.515771,12885.830198,0,0.000404,0,0.068114,0.033287,0.015291
2023-02-04,2023-02-03,210,200,9700,8665,2023年2月3日24时起国内成品油价格按机制上调,https://www.ndrc.gov.cn/xwdt/xwfb/202302/t20230203_1348327.html,205,9182.5,1,up,205,2023-02,83.836,10,4.987,6.324747,84.698,10,5.249,6.606754,79.203,10,2.932,3.844187,81.9505,10,4.082,5.242171,83.0495,10,4.542,5.785435,1,-1.4,52.6,56.3,56.4,4074,2379809.1,584.15,218.543215,218.543215,218.543215,0,-13.543215,-13.543215,up,up,up,1,1,0.93803,13.543215,1,0,S5_grid_best_segmented,196.6888935,"best small=0.9, medium=0.8, large=0.7, extreme=0.4",38686.520826,477.611368,46423.824992,67549.582456,21.854321,135.370092,18325.061862,0.058186,0.003911,0.058186,0.200941,0.04734,0.067118
2023-02-17,2023-02-17,0,0,9700,8665,2023年2月17日国内成品油价格不作调整,https://www.ndrc.gov.cn/xwdt/xwfb/202302/t20230217_1348864.html,0,9182.5,0,no_adjust,0,2023-02,82.191,10,-1.645,-1.962164,83.423,10,-1.275,-1.505348,77.717,10,-1.486,-1.876192,80.57,10,-1.3805,-1.684553,81.7112,10,-1.3383,-1.611449,1,-1.4,52.6,56.3,56.4,4074,2379809.1,584.15,-62.058885,-62.058885,-62.058885,0,62.058885,62.058885,down,down,no_adjust,1,0,0,-62.058885,1,0,S5_grid_best_segmented,-55.852996499999996,"best small=0.9, medium=0.8, large=0.7, extreme=0.4",0,38.513052,0,63777.406205,-6.205889,129.164204,16683.391517,0,0.000315,0,0.18972,0.043099,0.034986
2023-03-03,2023-03-03,0,0,9700,8665,2023年3月3日国内成品油价格不作调整,https://www.ndrc.gov.cn/xwdt/xwfb/202303/t20230303_1350622.html,0,9182.5,0,no_adjust,0,2023-03,81.814,10,-0.377,-0.458688,82.312,10,-1.111,-1.331767,76.451,10,-1.266,-1.628987,79.434,10,-1.136,-1.409954,80.6272,10,-1.084,-1.326624,0.7,-2.5,51.9,58.2,57,5231,3042961.1,581.72,-49.923941,-49.923941,0,-49.923941,49.923941,0,down,no_adjust,no_adjust,0,0,,,,,S5_grid_best_segmented,0.0,"best small=0.9, medium=0.8, large=0.7, extreme=0.4",0,0,0,3119.557218,0,129.164204,16683.391517,0,0,0,0.00928,0.043099,0.007857
2023-03-18,2023-03-17,-100,-95,9600,8570,2023年3月17日24时起国内成品油价格按机制下调,https://www.ndrc.gov.cn/xwdt/xwfb/202303/t20230317_1351325.html,-97.5,9085,1,down,97.5,2023-03,80.844,10,-0.97,-1.185616,80.389,10,-1.923,-2.336233,74.756,10,-1.695,-2.217106,77.5725,10,-1.8615,-2.343455,78.6991,10,-1.9281,-2.391377,0.7,-2.5,51.9,58.2,57,5231,3042961.1,581.72,-90.203558,-140.127499,-140.127499,0,-7.296442,42.627499,down,down,down,1,1,0.695795,-42.627499,1,0,S5_grid_best_segmented,-126.1147491,"best small=0.9, medium=0.8, large=0.7, extreme=0.4",0,196.35716,0,15904.929941,-14.01275,115.151454,13259.857312,0,0.001608,0,0.047313,0.034253,0.012556
2023-04-01,2023-03-31,-335,-320,9265,8250,2023年3月31日24时起国内成品油价格按机制下调,https://www.ndrc.gov.cn/xwdt/xwfb/202303/t20230331_1353081.html,-327.5,8757.5,1,down,327.5,2023-04,75.196,10,-5.648,-6.986295,75.308,10,-5.081,-6.320516,70.653,10,-4.103,-5.488523,72.9805,10,-4.592,-5.919624,73.9115,10,-4.7876,-6.083424,0.1,-3.6,49.2,56.4,54.4,4241,2446502.9,576.87,-226.65607,-226.65607,-226.65607,0,-100.84393,-100.84393,down,down,down,1,1,1.44492,100.84393,0,1,S5_grid_best_segmented,-203.990463,"best small=0.9, medium=0.8, large=0.7, extreme=0.4",0,513.729741,0,6064.626815,-22.665607,92.485847,8553.631858,0,0.004207,0,0.018041,0.022094,0.006862
2023-04-18,2023-04-17,550,525,9815,8775,2023年4月17日24时起国内成品油价格按机制上调,https://www.ndrc.gov.cn/xwdt/xwfb/202304/t20230417_1353648.html,537.5,9295,1,up,537.5,2023-04,85.127,10,9.931,13.20682,85.105,10,9.797,13.009242,80.75,10,10.097,14.290971,82.654,10,9.6735,13.254911,83.6344,10,9.7229,13.154786,0.1,-3.6,49.2,56.4,54.4,4241,2446502.9,576.87,465.770639,465.770639,465.770639,0,71.729361,71.729361,up,up,up,1,1,1.154001,-71.729361,0,1,S5_grid_best_segmented,372.61651120000005,"best small=0.9, medium=0.8, large=0.7, extreme=0.4",138843.064419,8677.691526,141619.925707,332475.602696,93.154128,185.639975,34462.200169,0.208826,0.071059,0.177502,0.989021,0.089033,0.272502
2023-04-29,2023-04-28,-160,-155,9655,8620,2023年4月28日24时起国内成品油价格按机制下调,https://www.ndrc.gov.cn/xwdt/xwfb/202304/t20230428_1355157.html,-157.5,9137.5,1,down,157.5,2023-04,83.22,10,-1.907,-2.240182,83.607,10,-1.498,-1.760179,78.346,10,-2.404,-2.97709,80.9765,10,-1.6775,-2.029545,82.0287,10,-1.6057,-1.919904,0.1,-3.6,49.2,56.4,54.4,4241,2446502.9,576.87,-74.818949,-74.818949,-74.818949,0,-82.681051,-82.681051,down,down,down,1,1,2.105082,82.681051,0,1,S5_grid_best_segmented,-67.3370541,"best small=0.9, medium=0.8, large=0.7, extreme=0.4",0,55.978751,0,193559.13962,-7.481895,178.15808,31740.301362,0,0.000458,0,0.575784,0.082001,0.098759
2023-05-17,2023-05-16,-380,-365,9275,8255,2023年5月16日24时起国内成品油价格按机制下调,https://www.ndrc.gov.cn/xwdt/xwfb/202305/t20230516_1355789.html,-372.5,8765,1,down,372.5,2023-05,75.511,10,-7.709,-9.263398,75.957,10,-7.65,-9.149952,71.141,10,-7.205,-9.196385,73.7315,10,-7.245,-8.94704,74.6217,10,-7.407,-9.029766,0.2,-4.6,48.8,54.5,52.9,5144,3030257.4,589.09,-351.651247,-351.651247,-351.651247,0,-20.848753,-20.848753,down,down,down,1,1,1.059288,20.848753,0,1,S5_grid_best_segmented,-281.3209976,"best small=0.9, medium=0.8, large=0.7, extreme=0.4",0,4946.343981,0,45789.128076,-70.330249,107.82783,11626.840987,0,0.040504,0,0.13621,0.030034,0.033037
2023-05-31,2023-05-30,100,95,9375,8350,2023年5月30日24时起国内成品油价格按机制上调,https://www.ndrc.gov.cn/xwdt/xwfb/202305/t20230530_1356745.html,97.5,8862.5,1,up,97.5,2023-05,76.035,10,0.524,0.693939,76.117,10,0.16,0.210645,72.117,10,0.976,1.371923,74.117,10,0.3855,0.522843,74.917,10,0.2953,0.395729,0.2,-4.6,48.8,54.5,52.9,5144,3030257.4,589.09,15.894891,15.894891,0,15.894891,81.605109,97.5,up,no_adjust,up,0,1,,,,,S5_grid_best_segmented,0.0,"best small=0.9, medium=0.8, large=0.7, extreme=0.4",0,0,0,79141.503691,0,107.82783,11626.840987,0,0,0,0.235424,0.030034,0.039819
2023-06-14,2023-06-13,-55,-50,9320,8300,2023年6月13日24时起国内成品油价格按机制下调,https://www.ndrc.gov.cn/xwdt/xwfb/202306/t20230613_1357539.html,-52.5,8810,1,down,52.5,2023-06,74.832,10,-1.203,-1.582166,74.764,10,-1.353,-1.777527,70.43,10,-1.687,-2.339254,72.597,10,-1.52,-2.050812,73.4638,10,-1.4532,-1.939747,0,-5.4,49,53.2,52.3,5206,2818571.4,541.41,-67.5418,-51.646909,-51.646909,0,15.0418,-0.853091,down,down,down,1,1,1.016518,0.853091,0,1,S5_grid_best_segmented,-46.482218100000004,"best small=0.9, medium=0.8, large=0.7, extreme=0.4",0,26.674032,0,2160.596599,-5.164691,102.663139,10539.720191,0,0.000218,0,0.006427,0.027225,0.005092
2023-06-29,2023-06-28,70,70,9390,8370,2023年6月28日24时起国内成品油价格按机制上调,https://www.ndrc.gov.cn/xwdt/xwfb/202306/t20230628_1357927.html,70,8880,1,up,70,2023-06,75.624,10,0.792,1.058371,74.793,10,0.029,0.038789,69.842,10,-0.588,-0.834872,72.225,10,-0.372,-0.512418,73.1782,10,-0.2856,-0.388763,0,-5.4,49,53.2,52.3,5206,2818571.4,541.41,-11.825083,-11.825083,0,-11.825083,81.825083,70,down,no_adjust,up,0,1,,,,,S5_grid_best_segmented,0.0,"best small=0.9, medium=0.8, large=0.7, extreme=0.4",0,0,0,2160.596599,0,102.663139,10539.720191,0,0,0,0.006427,0.027225,0.005048
2023-07-13,2023-07-12,155,150,9545,8520,2023年7月12日24时起国内成品油价格按机制上调,https://www.ndrc.gov.cn/xwdt/xwfb/202307/t20230712_1358334.html,152.5,9032.5,1,up,152.5,2023-07,76.853,10,1.229,1.625145,76.236,10,1.443,1.929325,71.281,10,1.439,2.060365,73.541,10,1.316,1.822084,74.445,10,1.2668,1.731117,-0.3,-4.4,49.3,51.5,51.1,4369,2390446.7,547.14,62.25391,50.428828,50.428828,0,90.24609,102.071172,up,up,up,1,1,3.024064,-102.071172,0,1,S5_grid_best_segmented,45.3859452,"best small=0.9, medium=0.8, large=0.7, extreme=0.4",2059.884022,25.430667,2059.884022,2059.884022,5.042883,107.706022,11600.587218,0.003098,0.000208,0.002582,0.006128,0.029966,0.006876
2023-07-27,2023-07-26,275,260,9820,8780,2023年7月26日24时起国内成品油价格按机制上调,https://www.ndrc.gov.cn/xwdt/xwfb/202307/t20230726_1358699.html,267.5,9300,1,up,267.5,2023-07,81.717,10,4.864,6.328966,80.495,10,4.259,5.5866,76.468,10,5.187,7.276834,78.4815,10,4.9405,6.718021,79.2869,10,4.8419,6.503996,-0.3,-4.4,49.3,51.5,51.1,4369,2390446.7,547.14,232.854146,232.854146,232.854146,0,34.645854,34.645854,up,up,up,1,1,1.148788,-34.645854,0,1,S5_grid_best_segmented,209.5687314,"best small=0.9, medium=0.8, large=0.7, extreme=0.4",43919.053181,542.210533,43919.053181,26955.987284,23.285415,130.991437,17158.756515,0.066056,0.00444,0.055047,0.080186,0.044327,0.049841
2023-08-10,2023-08-09,240,230,10060,9010,2023年8月9日24时起国内成品油价格按机制上调,https://www.ndrc.gov.cn/xwdt/xwfb/202308/t20230809_1359258.html,235,9535,1,up,235,2023-08,86.418,10,4.701,5.752781,85.436,10,4.941,6.138269,81.17,10,4.702,6.148977,83.303,10,4.8215,6.143486,84.1562,10,4.8693,6.141368,0.1,-3,49.7,51,51.3,5280,3064332.6,580.37,234.161647,234.161647,234.161647,0,0.838353,0.838353,up,up,up,1,1,1.00358,-0.838353,0,1,S5_grid_best_segmented,210.7454823,"best small=0.9, medium=0.8, large=0.7, extreme=0.4",44413.65831,548.316769,45301.931476,1.384743,23.416165,154.407601,23841.707401,0.0668,0.00449,0.05678,0.000004,0.061593,0.041033
2023-08-24,2023-08-23,55,55,10115,9065,2023年8月23日24时起国内成品油价格按机制上调,https://www.ndrc.gov.cn/xwdt/xwfb/202308/t20230823_1360025.html,55,9590,1,up,55,2023-08,87.708,10,1.29,1.492745,86.415,10,0.979,1.145887,81.593,10,0.423,0.521128,84.004,10,0.701,0.841506,84.9684,10,0.8122,0.96511,0.1,-3,49.7,51,51.3,5280,3064332.6,580.37,40.560848,40.560848,0,40.560848,14.439152,55,up,no_adjust,up,0,1,,,,,S5_grid_best_segmented,0.0,"best small=0.9, medium=0.8, large=0.7, extreme=0.4",0,0,0,44413.65831,0,154.407601,23841.707401,0,0,0,0.132118,0.061593,0.029057
2023-09-06,2023-09-06,0,0,10115,9065,2023年9月6日国内成品油价格不作调整,https://www.ndrc.gov.cn/xwdt/xwfb/202309/t20230906_1360397.html,0,9590,0,no_adjust,0,2023-09,88.12,10,0.412,0.469741,87.006,10,0.591,0.683909,81.839,10,0.246,0.301496,84.1765,10,0.1725,0.205347,85.1091,10,0.1407,0.165591,0,-2.5,50.2,51.7,52,4574,2883165.4,630.34,8.517532,49.07838,0,49.07838,-8.517532,0,up,no_adjust,no_adjust,0,0,,,,,S5_grid_best_segmented,0.0,"best small=0.9, medium=0.8, large=0.7, extreme=0.4",0,0,0,0,0,154.407601,23841.707401,0,0,0,0,0.061593,0.009239
2023-09-21,2023-09-20,385,370,10500,9435,2023年9月20日24时起国内成品油价格按机制调整,https://www.ndrc.gov.cn/xwdt/xwfb/202309/t20230920_1360717.html,377.5,9967.5,1,up,377.5,2023-09,94.692,10,6.572,7.458012,93.62,10,6.614,7.601775,89.028,10,7.189,8.78432,91.324,10,7.1475,8.491087,92.2424,10,7.1333,8.38136,0,-2.5,50.2,51.7,52,4574,2883165.4,630.34,342.197488,391.275868,391.275868,0,35.302512,-13.775868,up,up,up,1,1,0.964792,13.775868,1,0,S5_grid_best_segmented,313.0206944,"best small=0.9, medium=0.8, large=0.7, extreme=0.4",97981.955123,6123.872195,97981.955123,97981.955123,78.255174,232.662775,54131.966917,0.147369,0.050146,0.122808,0.291469,0.139854,0.142272
2023-10-11,2023-10-10,-85,-80,10415,9355,2023年10月10日24时起国内成品油价格按机制调整,https://www.ndrc.gov.cn/xwdt/xwfb/202310/t20231010_1361121.html,-82.5,9885,1,down,82.5,2023-10,93.225,10,-1.467,-1.549233,92.707,10,-0.913,-0.975219,88.472,10,-0.556,-0.624523,90.7215,10,-0.6025,-0.659739,91.6213,10,-0.6211,-0.673335,-0.2,-2.6,49.5,50.6,50.7,4897,3235356,660.68,-27.834811,-27.834811,0,-27.834811,-54.665189,-82.5,down,no_adjust,down,0,1,,,,,S5_grid_best_segmented,0.0,"best small=0.9, medium=0.8, large=0.7, extreme=0.4",0,0,0,97981.955123,0,232.662775,54131.966917,0,0,0,0.291469,0.139854,0.064698
2023-10-25,2023-10-24,-70,-70,10345,9285,2023年10月24日24时起国内成品油价格按机制调整,https://www.ndrc.gov.cn/xwdt/xwfb/202310/t20231024_1361478.html,-70,9815,1,down,70,2023-10,92.572,10,-0.653,-0.700456,91.523,10,-1.184,-1.277142,86.575,10,-1.897,-2.144181,89.049,10,-1.6725,-1.843554,90.0386,10,-1.5827,-1.727437,-0.2,-2.6,49.5,50.6,50.7,4897,3235356,660.68,-73.721412,-101.556222,-101.556222,0,3.721412,31.556222,down,down,down,1,1,0.689273,-31.556222,1,0,S5_grid_best_segmented,-91.40059980000001,"best small=0.9, medium=0.8, large=0.7, extreme=0.4",0,103.136662,0,8354.069644,-10.155622,222.507153,49509.433092,0,0.000845,0,0.024851,0.12791,0.023083
2023-11-08,2023-11-07,-140,-135,10205,9150,2023年11月7日24时起国内成品油价格按机制调整,https://www.ndrc.gov.cn/xwdt/xwfb/202311/t20231107_1361829.html,-137.5,9677.5,1,down,137.5,2023-11,90.282,10,-2.29,-2.47375,88.567,10,-2.956,-3.229789,83.198,10,-3.377,-3.900664,85.8825,10,-3.1665,-3.555907,86.9563,10,-3.0823,-3.42331,-0.5,-3,49.4,50.2,50.4,4245,2755831.4,649.19,-145.280841,-145.280841,-145.280841,0,7.780841,7.780841,down,down,down,1,1,0.946443,-7.780841,1,0,S5_grid_best_segmented,-130.7527569,"best small=0.9, medium=0.8, large=0.7, extreme=0.4",0,211.065228,0,1548.592268,-14.528084,207.979069,43255.293059,0,0.001728,0,0.004607,0.111752,0.017799
2023-11-22,2023-11-21,-340,-330,9865,8820,2023年11月21日24时起国内成品油价格按机制调整,https://www.ndrc.gov.cn/xwdt/xwfb/202311/t20231121_1362158.html,-335,9342.5,1,down,335,2023-11,83.981,10,-6.301,-6.979243,82.318,10,-6.249,-7.055675,77.467,10,-5.731,-6.888387,80.075,10,-5.8075,-6.762146,81.1182,10,-5.8381,-6.713832,-0.5,-3,49.4,50.2,50.4,4245,2755831.4,649.19,-276.784891,-276.784891,-276.784891,0,-58.215109,-58.215109,down,down,down,1,1,1.210326,58.215109,0,1,S5_grid_best_segmented,-249.1064019,"best small=0.9, medium=0.8, large=0.7, extreme=0.4",0,766.098759,0,14007.585285,-27.678489,180.30058,32508.29904,0,0.006273,0,0.041669,0.083985,0.020103
2023-12-06,2023-12-05,-55,-50,9810,8770,2023年12月5日24时起国内成品油价格按机制调整,https://www.ndrc.gov.cn/xwdt/xwfb/202312/t20231205_1362437.html,-52.5,9290,1,down,52.5,2023-12,83.436,10,-0.545,-0.648956,80.758,10,-1.56,-1.89509,75.828,10,-1.639,-2.11574,78.413,10,-1.662,-2.075554,79.447,10,-1.6712,-2.060204,-0.3,-2.7,49,50.4,50.3,4836,2934162.3,606.73,-77.944544,-77.944544,-77.944544,0,25.444544,25.444544,down,down,down,1,1,0.673556,-25.444544,1,0,S5_grid_best_segmented,-70.1500896,"best small=0.9, medium=0.8, large=0.7, extreme=0.4",0,60.753519,0,32025.361712,-7.794454,172.506125,29758.363266,0,0.000497,0,0.095266,0.07688,0.025921
2023-12-20,2023-12-19,-415,-400,9395,8370,2023年12月19日24时起国内成品油价格按机制调整,https://www.ndrc.gov.cn/xwdt/xwfb/202312/t20231219_1362767.html,-407.5,8882.5,1,down,407.5,2023-12,77.413,10,-6.023,-7.218707,75.853,10,-4.905,-6.073702,70.353,10,-5.475,-7.220288,73.103,10,-5.31,-6.771836,74.203,10,-5.244,-6.600627,-0.3,-2.7,49,50.4,50.3,4836,2934162.3,606.73,-248.435027,-248.435027,-248.435027,0,-159.064973,-159.064973,down,down,down,1,1,1.640268,159.064973,0,1,S5_grid_best_segmented,-223.5915243,"best small=0.9, medium=0.8, large=0.7, extreme=0.4",0,617.199626,0,23544.273883,-24.843503,147.662623,21804.250113,0,0.005054,0,0.070038,0.056329,0.019966
2024-01-04,2024-01-03,200,190,9595,8560,2024年1月3日24时起国内成品油价格按机制调整,https://www.ndrc.gov.cn/xwdt/xwfb/202401/t20240103_1363079.html,195,9077.5,1,up,195,2024-01,80.061,10,2.648,3.420614,79.155,10,3.302,4.353157,73.082,10,2.729,3.87901,75.879,10,2.776,3.797382,77.1894,10,2.9864,4.024635,-0.8,-2.5,49.2,50.7,50.9,4417,2559588.4,579.49,144.311521,144.311521,144.311521,0,50.688479,50.688479,up,up,up,1,1,1.351243,-50.688479,0,1,S5_grid_best_segmented,129.8803689,"best small=0.9, medium=0.8, large=0.7, extreme=0.4",16868.910226,208.258151,16868.910226,124942.379282,14.431152,162.093775,26274.391796,0.025372,0.001705,0.021143,0.371668,0.067879,0.077902
2024-01-18,2024-01-17,-50,-50,9545,8510,2024年1月17日24时起国内成品油价格按机制调整,https://www.ndrc.gov.cn/xwdt/xwfb/202401/t20240117_1363439.html,-50,9027.5,1,down,50,2024-01,78.739,10,-1.322,-1.651241,78.319,10,-0.836,-1.056156,72.275,10,-0.807,-1.104239,75.121,10,-0.758,-0.998959,76.2594,10,-0.93,-1.204829,-0.8,-2.5,49.2,50.7,50.9,4417,2559588.4,579.49,-42.575213,-42.575213,0,-42.575213,-7.424787,-50,down,no_adjust,down,0,1,,,,,S5_grid_best_segmented,0.0,"best small=0.9, medium=0.8, large=0.7, extreme=0.4",0,0,0,16868.910226,0,162.093775,26274.391796,0,0,0,0.05018,0.067879,0.017709
2024-02-01,2024-01-31,200,200,9745,8710,2024年1月31日24时起国内成品油价格按机制上调,https://www.ndrc.gov.cn/xwdt/xwfb/202401/t20240131_1363834.html,200,9227.5,1,up,200,2024-02,81.22,10,2.481,3.150916,82.032,10,3.713,4.740867,75.817,10,3.542,4.900726,78.9245,10,3.8035,5.063165,80.1675,10,3.9081,5.124745,0.7,-2.7,49.1,51.4,50.9,4268,2569275.2,601.99,188.294134,145.718921,145.718921,0,11.705866,54.281079,up,up,up,1,1,1.372505,-54.281079,0,1,S5_grid_best_segmented,131.1470289,"best small=0.9, medium=0.8, large=0.7, extreme=0.4",17199.543189,212.340039,19607.479236,17199.543189,14.571892,176.665667,31210.757826,0.025869,0.001739,0.024575,0.051164,0.080633,0.032728
2024-02-19,2024-02-19,0,0,9745,8710,2024年2月19日国内成品油价格按机制不作调整,https://www.ndrc.gov.cn/xwdt/xwfb/202402/t20240219_1364095.html,0,9227.5,0,no_adjust,0,2024-02,80.677,10,-0.543,-0.668555,82.975,10,0.943,1.149551,76.606,10,0.789,1.040664,79.7905,10,0.866,1.097251,81.0643,10,0.8968,1.118658,0.7,-2.7,49.1,51.4,50.9,4268,2569275.2,601.99,44.597876,44.597876,0,44.597876,-44.597876,0,up,no_adjust,no_adjust,0,0,,,,,S5_grid_best_segmented,0.0,"best small=0.9, medium=0.8, large=0.7, extreme=0.4",0,0,0,17199.543189,0,176.665667,31210.757826,0,0,0,0.051164,0.080633,0.019769
2024-03-05,2024-03-04,125,120,9870,8830,2024年3月4日国内成品油价格按机制调整,https://www.ndrc.gov.cn/xwdt/xwfb/202403/t20240304_1364393.html,122.5,9350,1,up,122.5,2024-03,82.259,10,1.582,1.960906,84.637,10,1.662,2.003013,79.239,10,2.633,3.437068,81.906,10,2.1155,2.651318,82.9728,10,1.9085,2.354304,0.1,-2.8,50.8,53,52.7,4905,2937969.6,588.55,92.875199,137.473076,137.473076,0,29.624801,-14.973076,up,up,up,1,1,0.891084,14.973076,1,0,S5_grid_best_segmented,123.72576839999999,"best small=0.9, medium=0.8, large=0.7, extreme=0.4",15308.065766,188.988466,15614.227081,15308.065766,13.747308,190.412974,36257.10082,0.023024,0.001548,0.01957,0.045537,0.093671,0.031839
2024-03-18,2024-03-18,0,0,9870,8830,2024年3月18日国内成品油价格按机制不作调整,https://www.ndrc.gov.cn/xwdt/xwfb/202403/t20240318_1365046.html,0,9350,0,no_adjust,0,2024-03,83.077,10,0.818,0.99442,85.076,10,0.439,0.518686,79.978,10,0.739,0.932622,82.527,10,0.621,0.758186,83.5466,10,0.5738,0.691552,0.1,-2.8,50.8,53,52.7,4905,2937969.6,588.55,29.184636,29.184636,0,29.184636,-29.184636,0,up,no_adjust,no_adjust,0,0,,,,,S5_grid_best_segmented,0.0,"best small=0.9, medium=0.8, large=0.7, extreme=0.4",0,0,0,15308.065766,0,190.412974,36257.10082,0,0,0,0.045537,0.093671,0.020881
2024-04-02,2024-04-01,200,190,10070,9020,2024年4月1日国内成品油价格按机制调整,https://www.ndrc.gov.cn/xwdt/xwfb/202404/t20240401_1365388.html,195,9545,1,up,195,2024-04,85.577,10,2.5,3.009256,85.798,10,0.722,0.848653,82.682,10,2.704,3.38093,84.24,10,1.713,2.075684,84.8632,10,1.3166,1.575887,0.3,-2.5,50.4,51.2,51.7,4472,2791949.1,624.32,64.630317,93.814952,93.814952,0,130.369683,101.185048,up,up,up,1,1,2.07856,-101.185048,0,1,S5_grid_best_segmented,84.4334568,"best small=0.9, medium=0.8, large=0.7, extreme=0.4",7129.008627,88.012452,7556.749145,7129.008627,9.381495,199.79447,39917.830083,0.010722,0.000721,0.009471,0.021207,0.103129,0.023843
2024-04-17,2024-04-16,200,195,10270,9215,国内成品油价格按机制调整,https://www.ndrc.gov.cn/xwdt/xwfb/202404/t20240416_1365703.html,197.5,9742.5,1,up,197.5,2024-04,90.136,10,4.559,5.327366,91.224,10,5.426,6.324157,86.595,10,3.913,4.73259,88.9095,10,4.6695,5.543091,89.8353,10,4.9721,5.858959,0.3,-2.5,50.4,51.2,51.7,4472,2791949.1,624.32,239.067162,239.067162,239.067162,0,-41.567162,-41.567162,up,up,up,1,1,0.826128,41.567162,1,0,S5_grid_best_segmented,215.1604458,"best small=0.9, medium=0.8, large=0.7, extreme=0.4",46294.017437,571.531079,49071.658483,17089.545653,23.906716,223.701186,50042.220528,0.069628,0.00468,0.061505,0.050837,0.129287,0.060738
2024-04-30,2024-04-29,-70,-70,10200,9145,2024年4月29日国内成品油价格按机制调整,https://www.ndrc.gov.cn/xwdt/xwfb/202404/t20240429_1366287.html,-70,9672.5,1,down,70,2024-04,88.497,10,-1.639,-1.818363,89.063,10,-2.161,-2.368894,84.561,10,-2.034,-2.348865,86.812,10,-2.0975,-2.35914,87.7124,10,-2.1229,-2.363102,0.3,-2.5,50.4,51.2,51.7,4472,2791949.1,624.32,-99.499221,-99.499221,-99.499221,0,29.499221,29.499221,down,down,down,1,1,0.703523,-29.499221,1,0,S5_grid_best_segmented,-89.54929890000001,"best small=0.9, medium=0.8, large=0.7, extreme=0.4",0,99.00095,0,92848.028515,-9.949922,213.751264,45689.602733,0,0.000811,0,0.276197,0.118041,0.059298
2024-05-16,2024-05-15,-235,-225,9965,8920,2024年5月15日国内成品油价格按机制调整,https://www.ndrc.gov.cn/xwdt/xwfb/202405/t20240515_1386222.html,-230,9442.5,1,down,230,2024-05,84.048,10,-4.449,-5.027289,83.616,10,-5.447,-6.115895,80.258,10,-4.303,-5.088634,82.1065,10,-4.7055,-5.420334,82.7103,10,-5.0021,-5.702842,0.3,-1.4,49.5,51.1,51,4697,2972291.4,632.81,-236.891798,-236.891798,-236.891798,0,6.891798,6.891798,down,down,down,1,1,0.970907,-6.891798,1,0,S5_grid_best_segmented,-213.2026182,"best small=0.9, medium=0.8, large=0.7, extreme=0.4",0,561.17724,0,15290.143374,-23.68918,190.062084,36123.595736,0,0.004595,0,0.045484,0.093326,0.021741
2024-05-29,2024-05-29,0,0,9965,8920,2024年5月29日国内成品油价格按机制不作调整,https://www.ndrc.gov.cn/xwdt/xwfb/202405/t20240529_1386532.html,0,9442.5,0,no_adjust,0,2024-05,83.251,10,-0.797,-0.948268,80.741,10,-2.875,-3.438337,80.041,10,-0.217,-0.270378,80.391,10,-1.7155,-2.08936,80.531,10,-2.1793,-2.634859,0.3,-1.4,49.5,51.1,51,4697,2972291.4,632.81,-102.190574,-102.190574,-102.190574,0,102.190574,102.190574,down,down,no_adjust,1,0,0,-102.190574,1,0,S5_grid_best_segmented,-91.9715166,"best small=0.9, medium=0.8, large=0.7, extreme=0.4",0,104.429134,0,14696.979995,-10.219057,179.843026,32343.514181,0,0.000855,0,0.043719,0.083559,0.019263
2024-06-14,2024-06-13,-190,-180,9775,8740,2024年6月13日国内成品油价格按机制调整,https://www.ndrc.gov.cn/xwdt/xwfb/202406/t20240613_1386864.html,-185,9257.5,1,down,185,2024-06,80.884,10,-2.367,-2.843209,78.402,10,-2.339,-2.896917,77.178,10,-2.863,-3.576917,77.79,10,-2.601,-3.235437,78.0348,10,-2.4962,-3.099676,0.2,-0.8,49.5,50.5,50.5,4645,2823960,607.96,-117.312728,-117.312728,-117.312728,0,-67.687272,-67.687272,down,down,down,1,1,1.576981,67.687272,0,1,S5_grid_best_segmented,-105.58145520000001,"best small=0.9, medium=0.8, large=0.7, extreme=0.4",0,137.622762,0,185.230429,-11.731273,168.111754,28261.561732,0,0.001127,0,0.000551,0.073013,0.01126
2024-06-28,2024-06-27,210,200,9985,8940,2024年6月27日国内成品油价格按机制调整,https://www.ndrc.gov.cn/xwdt/xwfb/202406/t20240627_1391342.html,205,9462.5,1,up,205,2024-06,84.8,10,3.916,4.841501,84.747,10,6.345,8.092906,81.442,10,4.264,5.524891,82.8385,10,5.0485,6.489909,83.3971,10,5.3623,6.871678,0.2,-0.8,49.5,50.5,50.5,4645,2823960,607.96,257.68712,257.68712,257.68712,0,-52.68712,-52.68712,up,up,up,1,1,0.795538,52.68712,1,0,S5_grid_best_segmented,231.918408,"best small=0.9, medium=0.8, large=0.7, extreme=0.4",53786.147969,664.026518,55937.593888,113906.15766,25.768712,193.880466,37589.63498,0.080897,0.005438,0.070111,0.338839,0.097114,0.104232
2024-07-12,2024-07-11,110,105,10095,9045,2024年7月11日国内成品油价格按机制调整,https://www.ndrc.gov.cn/xwdt/xwfb/202407/t20240711_1391617.html,107.5,9570,1,up,107.5,2024-07,86.717,10,1.917,2.260613,87.454,10,2.707,3.194213,83.628,10,2.186,2.684119,85.412,10,2.5735,3.106647,86.1256,10,2.7285,3.271696,0.5,-0.8,49.4,50.2,50.2,4234,2578459.6,608.99,132.004789,132.004789,132.004789,0,-24.504789,-24.504789,up,up,up,1,1,0.814364,24.504789,1,0,S5_grid_best_segmented,118.8043101,"best small=0.9, medium=0.8, large=0.7, extreme=0.4",14114.464098,174.252643,15525.910508,12794.799144,13.200479,207.080945,42882.517616,0.021229,0.001427,0.01946,0.038061,0.110789,0.032785
2024-07-26,2024-07-25,-145,-140,9950,8905,2024年7月25日国内成品油价格按机制调整,https://www.ndrc.gov.cn/xwdt/xwfb/202407/t20240725_1391947.html,-142.5,9427.5,1,down,142.5,2024-07,84.334,10,-2.383,-2.748019,85.272,10,-2.182,-2.495026,82.058,10,-1.57,-1.877362,83.665,10,-1.747,-2.04538,84.3078,10,-1.8178,-2.110638,0.5,-0.8,49.4,50.2,50.2,4234,2578459.6,608.99,-84.940151,-84.940151,-84.940151,0,-57.559849,-57.559849,down,down,down,1,1,1.677652,57.559849,0,1,S5_grid_best_segmented,-76.4461359,"best small=0.9, medium=0.8, large=0.7, extreme=0.4",0,72.148293,0,38122.736663,-8.494015,198.586929,39436.768568,0,0.000591,0,0.113404,0.101886,0.032412
2024-08-09,2024-08-08,-305,-290,9645,8615,2024年8月8日国内成品油价格按机制调整,https://www.ndrc.gov.cn/xwdt/xwfb/202408/t20240808_1392318.html,-297.5,9130,1,down,297.5,2024-08,79.12,10,-5.214,-6.18256,79.763,10,-5.509,-6.460503,76.928,10,-5.13,-6.251676,78.3455,10,-5.3195,-6.358095,78.9125,10,-5.3953,-6.399526,0.6,-1.8,49.1,50.3,50.1,4910,2936268.9,598.02,-255.654913,-255.654913,-255.654913,0,-41.845087,-41.845087,down,down,down,1,1,1.163678,41.845087,0,1,S5_grid_best_segmented,-230.0894217,"best small=0.9, medium=0.8, large=0.7, extreme=0.4",0,653.594345,0,23606.259271,-25.565491,173.021438,29936.418077,0,0.005352,0,0.070222,0.07734,0.023205
2024-08-22,2024-08-22,0,0,9645,8615,2024年8月22日国内成品油价格按机制不作调整,https://www.ndrc.gov.cn/xwdt/xwfb/202408/t20240822_1392530.html,0,9130,0,no_adjust,0,2024-08,78.904,10,-0.216,-0.273003,81.291,10,1.528,1.915675,77.721,10,0.793,1.030834,79.506,10,1.1605,1.481259,80.22,10,1.3075,1.656898,0.6,-1.8,49.1,50.3,50.1,4910,2936268.9,598.02,64.196074,64.196074,64.196074,0,-64.196074,-64.196074,up,up,no_adjust,1,0,0,64.196074,1,0,S5_grid_best_segmented,57.7764666,"best small=0.9, medium=0.8, large=0.7, extreme=0.4",3338.120093,41.211359,3738.694504,82866.769647,6.419607,179.441046,32199.088846,0.005021,0.000337,0.004686,0.246505,0.083186,0.051948
2024-09-06,2024-09-05,-100,-100,9545,8515,2024年9月5日国内成品油价格按机制调整,https://www.ndrc.gov.cn/xwdt/xwfb/202409/t20240905_1392834.html,-100,9030,1,down,100,2024-09,77.58,10,-1.324,-1.677988,79.016,10,-2.275,-2.798588,74.55,10,-3.171,-4.079978,76.678,10,-2.828,-3.556964,77.6544,10,-2.5656,-3.198205,0.4,-2.8,49.8,50,50.4,4549,2573473.2,565.72,-120.624428,-120.624428,-120.624428,0,20.624428,20.624428,down,down,down,1,1,0.829019,-20.624428,1,0,S5_grid_best_segmented,-108.5619852,"best small=0.9, medium=0.8, large=0.7, extreme=0.4",0,145.502526,0,27668.480547,-12.062443,167.378603,28015.596675,0,0.001191,0,0.082306,0.072377,0.023441
2024-09-21,2024-09-20,-365,-350,9180,8165,2024年9月20日国内成品油价格按机制调整,https://www.ndrc.gov.cn/xwdt/xwfb/202409/t20240920_1393111.html,-357.5,8672.5,1,down,357.5,2024-09,72.829,10,-4.751,-6.124001,73.229,10,-5.787,-7.323833,70.068,10,-4.482,-6.012072,71.6485,10,-5.0295,-6.559248,72.2807,10,-5.3737,-6.92002,0.4,-2.8,49.8,50,50.4,4549,2573473.2,565.72,-254.624182,-254.624182,-254.624182,0,-102.875818,-102.875818,down,down,down,1,1,1.40403,102.875818,0,1,S5_grid_best_segmented,-229.1617638,"best small=0.9, medium=0.8, large=0.7, extreme=0.4",0,648.334741,0,14544.306598,-25.462418,141.916185,20140.203451,0,0.005309,0,0.043265,0.05203,0.015356
2024-10-11,2024-10-10,140,135,9320,8300,2024年10月10日国内成品油价格按机制调整,https://www.ndrc.gov.cn/xwdt/xwfb/202410/t20241010_1393553.html,137.5,8810,1,up,137.5,2024-10,74.879,10,2.05,2.814813,76.108,10,2.879,3.931503,72.203,10,2.135,3.04704,74.1555,10,2.507,3.499026,74.9365,10,2.6558,3.674286,0.3,-2.9,50.1,50.2,50.8,4470,2430092.9,543.64,128.535616,128.535616,128.535616,0,8.964384,8.964384,up,up,up,1,1,1.069742,-8.964384,0,1,S5_grid_best_segmented,115.68205440000001,"best small=0.9, medium=0.8, large=0.7, extreme=0.4",13382.33771,165.214046,14185.277973,118917.258951,12.853562,154.769746,23953.674339,0.020128,0.001353,0.017779,0.353745,0.061883,0.072092
2024-10-24,2024-10-23,90,85,9410,8385,2024年10月23日国内成品油价格按机制调整,https://www.ndrc.gov.cn/xwdt/xwfb/202410/t20241023_1393865.html,87.5,8897.5,1,up,87.5,2024-10,74.973,10,0.094,0.125536,75.858,10,-0.25,-0.328481,72.791,10,0.588,0.814371,74.3105,10,0.155,0.20902,74.9183,10,-0.0182,-0.024287,0.3,-2.9,50.1,50.2,50.8,4470,2430092.9,543.64,0.934981,0.934981,0,0.934981,86.565019,87.5,up,no_adjust,up,0,1,,,,,S5_grid_best_segmented,0.0,"best small=0.9, medium=0.8, large=0.7, extreme=0.4",0,0,0,13382.33771,0,154.769746,23953.674339,0,0,0,0.039809,0.061883,0.015254
2024-11-07,2024-11-06,-145,-140,9265,8245,2024年11月6日国内成品油价格按机制调整,https://www.ndrc.gov.cn/xwdt/xwfb/202411/t20241106_1394298.html,-142.5,8755,1,down,142.5,2024-11,73.042,10,-1.931,-2.575594,73.949,10,-1.909,-2.516544,70.149,10,-2.642,-3.62957,72.049,10,-2.2615,-3.043312,72.809,10,-2.1093,-2.815467,0.2,-2.5,50.3,50,50.8,4852,2627508.2,541.53,-98.850243,-97.915262,-97.915262,0,-43.649757,-44.584738,down,down,down,1,1,1.45534,44.584738,0,1,S5_grid_best_segmented,-88.1237358,"best small=0.9, medium=0.8, large=0.7, extreme=0.4",0,95.873985,0,7765.792811,-9.791526,144.97822,21018.684274,0,0.000785,0,0.023101,0.0543,0.011767
2024-11-20,2024-11-20,0,0,9265,8245,2024年11月20日国内成品油价格不作调整,https://www.ndrc.gov.cn/xwdt/xwfb/202411/t20241120_1394603.html,0,8755,0,no_adjust,0,2024-11,72.541,10,-0.501,-0.685907,73.941,10,-0.008,-0.010818,70.034,10,-0.115,-0.163937,72.227,10,0.178,0.247054,73.1042,10,0.2952,0.405444,0.2,-2.5,50.3,50,50.8,4852,2627508.2,541.53,15.890119,15.890119,0,15.890119,-15.890119,0,up,no_adjust,no_adjust,0,0,,,,,S5_grid_best_segmented,0.0,"best small=0.9, medium=0.8, large=0.7, extreme=0.4",0,0,0,7765.792811,0,144.97822,21018.684274,0,0,0,0.023101,0.0543,0.01161
2024-12-04,2024-12-04,0,0,9265,8245,2024年12月4日国内成品油价格按机制不作调整,https://www.ndrc.gov.cn/xwdt/xwfb/202412/t20241204_1394837.html,0,8755,0,no_adjust,0,2024-12,72.901,10,0.36,0.496271,74.395,10,0.454,0.614003,69.532,10,-0.502,-0.716795,71.9835,10,-0.2435,-0.337132,72.9641,10,-0.1401,-0.191644,0.1,-2.3,50.1,52.2,52.2,4923,2678963.5,544.17,-4.881966,11.008153,0,11.008153,4.881966,0,down,no_adjust,no_adjust,0,0,,,,,S5_grid_best_segmented,0.0,"best small=0.9, medium=0.8, large=0.7, extreme=0.4",0,0,0,0,0,144.97822,21018.684274,0,0,0,0,0.0543,0.008145
2024-12-18,2024-12-18,0,0,9265,8245,2024年12月18日国内成品油价格按机制不作调整,https://www.ndrc.gov.cn/xwdt/xwfb/202412/t20241218_1395064.html,0,8755,0,no_adjust,0,2024-12,72.809,10,-0.092,-0.126199,73.986,10,-0.409,-0.549768,69.717,10,0.185,0.266065,71.8515,10,-0.132,-0.183375,72.7053,10,-0.2588,-0.354695,0.1,-2.3,50.1,52.2,52.2,4923,2678963.5,544.17,-10.546213,0.46194,0,0.46194,10.546213,0,down,no_adjust,no_adjust,0,0,,,,,S5_grid_best_segmented,0.0,"best small=0.9, medium=0.8, large=0.7, extreme=0.4",0,0,0,0,0,144.97822,21018.684274,0,0,0,0,0.0543,0.008145
2025-01-03,2025-01-02,70,70,9335,8315,2025年1月2日国内成品油价格按机制调整,https://www.ndrc.gov.cn/xwdt/xwfb/202501/t20250102_1395423.html,70,8825,1,up,70,2025-01,73.555,10,0.746,1.024599,73.718,10,-0.268,-0.362231,70.712,10,0.995,1.427199,72.2475,10,0.396,0.551137,72.8357,10,0.1304,0.179354,0.5,-2.3,49.1,50.2,50.1,,,,8.026026,8.487966,0,8.487966,61.973974,70,up,no_adjust,up,0,1,,,,,S5_grid_best_segmented,0.0,"best small=0.9, medium=0.8, large=0.7, extreme=0.4",0,0,0,0,0,144.97822,21018.684274,0,0,0,0,0.0543,0.008145
2025-01-17,2025-01-16,340,325,9675,8640,2025年1月16日国内成品油价格按机制调整,https://www.ndrc.gov.cn/xwdt/xwfb/202501/t20250116_1395727.html,332.5,9157.5,1,up,332.5,2025-01,77.796,10,4.241,5.765754,79.21,10,5.492,7.450012,75.993,10,5.281,7.468322,77.4085,10,5.161,7.1435,77.9747,10,5.139,7.055606,0.5,-2.3,49.1,50.2,50.1,,,,247.031465,255.51943,255.51943,0,85.468535,76.98057,up,up,up,1,1,1.301271,-76.98057,0,1,S5_grid_best_segmented,229.967487,"best small=0.9, medium=0.8, large=0.7, extreme=0.4",52885.045077,652.901791,58173.549585,52885.045077,25.551943,170.530163,29080.536493,0.079541,0.005346,0.072913,0.157318,0.075129,0.07405
2025-02-06,2025-02-06,0,0,9675,8640,2025年2月6日国内成品油价格按机制不作调整,https://www.ndrc.gov.cn/xwdt/xwfb/202502/t20250206_1396007.html,0,9157.5,0,no_adjust,0,2025-02,78.976,10,1.18,1.516787,77.197,10,-2.013,-2.541346,73.449,10,-2.544,-3.347677,75.323,10,-2.0855,-2.694149,76.0726,10,-1.9021,-2.439381,-0.7,-2.2,50.2,50.4,51.1,,,,-88.962864,-88.962864,-88.962864,0,88.962864,88.962864,down,down,no_adjust,1,0,0,-88.962864,1,0,S5_grid_best_segmented,-80.0665776,"best small=0.9, medium=0.8, large=0.7, extreme=0.4",0,79.143912,0,96121.121212,-8.896286,161.633877,26125.510065,0,0.000648,0,0.285933,0.067494,0.053144
2025-02-20,2025-02-19,-170,-160,9505,8480,2025年2月19日国内成品油价格按机制调整,https://www.ndrc.gov.cn/xwdt/xwfb/202502/t20250219_1396225.html,-165,8992.5,1,down,165,2025-02,77.06,10,-1.916,-2.426053,75.626,10,-1.571,-2.035053,71.976,10,-1.473,-2.005473,73.8395,10,-1.4835,-1.969518,74.5849,10,-1.4877,-1.955632,-0.7,-2.2,50.2,50.4,51.1,,,,-69.188106,-69.188106,-69.188106,0,-95.811894,-95.811894,down,down,down,1,1,2.384803,95.811894,0,1,S5_grid_best_segmented,-62.269295400000004,"best small=0.9, medium=0.8, large=0.7, extreme=0.4",0,47.86994,0,316.743254,-6.918811,154.715066,23936.751647,0,0.000392,0,0.000942,0.061839,0.009496
2025-03-06,2025-03-05,-135,-130,9370,8350,2025年3月5日国内成品油价格按机制调整,https://www.ndrc.gov.cn/xwdt/xwfb/202503/t20250305_1396430.html,-132.5,8860,1,down,132.5,2025-03,75.801,10,-1.259,-1.633792,74.459,10,-1.167,-1.54312,70.295,10,-1.681,-2.335501,72.377,10,-1.4625,-1.980647,73.2098,10,-1.3751,-1.843671,-0.1,-2.5,50.5,50.8,51.4,,,,-63.814945,-63.814945,-63.814945,0,-68.685055,-68.685055,down,down,down,1,1,2.076316,68.685055,0,1,S5_grid_best_segmented,-57.4334505,"best small=0.9, medium=0.8, large=0.7, extreme=0.4",0,40.723472,0,23.385396,-6.381495,148.333571,22002.848434,0,0.000333,0,0.00007,0.056842,0.008603
2025-03-20,2025-03-19,-280,-270,9090,8080,2025年3月19日国内成品油价格按机制调整,https://www.ndrc.gov.cn/xwdt/xwfb/202503/t20250319_1396715.html,-275,8585,1,down,275,2025-03,72.828,10,-2.973,-3.922112,71.606,10,-2.853,-3.831639,67.055,10,-3.24,-4.609147,69.3305,10,-3.0465,-4.20921,70.2407,10,-2.9691,-4.055605,-0.1,-2.5,50.5,50.8,51.4,,,,-139.879049,-139.879049,-139.879049,0,-135.120951,-135.120951,down,down,down,1,1,1.965984,135.120951,0,1,S5_grid_best_segmented,-125.8911441,"best small=0.9, medium=0.8, large=0.7, extreme=0.4",0,195.661483,0,4686.455813,-13.987905,134.345667,18048.758134,0,0.001602,0,0.013941,0.046626,0.009406
2025-04-03,2025-04-02,230,220,9320,8300,2025年4月2日国内成品油价格按机制调整,https://www.ndrc.gov.cn/xwdt/xwfb/202504/t20250402_1396996.html,225,8810,1,up,225,2025-04,75.578,10,2.75,3.77602,74.395,10,2.789,3.894925,69.698,10,2.643,3.941541,72.0465,10,2.716,3.917468,72.9859,10,2.7452,3.908275,-0.1,-2.7,49,50.4,50.2,,,,132.801696,132.801696,132.801696,0,92.198304,92.198304,up,up,up,1,1,1.694255,-92.198304,0,1,S5_grid_best_segmented,119.5215264,"best small=0.9, medium=0.8, large=0.7, extreme=0.4",14285.395273,176.362905,14285.395273,60227.378842,13.28017,147.625836,21793.387514,0.021486,0.001444,0.017905,0.17916,0.056301,0.045456
2025-04-18,2025-04-17,-480,-465,8840,7835,2025年4月17日国内成品油价格按机制调整,https://www.ndrc.gov.cn/xwdt/xwfb/202504/t20250417_1397240.html,-472.5,8337.5,1,down,472.5,2025-04,67.84,10,-7.738,-10.238429,67.309,10,-7.086,-9.524834,62.266,10,-7.432,-10.663147,64.7875,10,-7.259,-10.075437,65.7961,10,-7.1898,-9.850944,-0.1,-2.7,49,50.4,50.2,,,,-341.286678,-341.286678,-341.286678,0,-131.213322,-131.213322,down,down,down,1,1,1.384467,131.213322,0,1,S5_grid_best_segmented,-273.0293424,"best small=0.9, medium=0.8, large=0.7, extreme=0.4",0,4659.063863,0,154096.184596,-68.257336,79.368501,6299.358887,0,0.038152,0,0.458393,0.01627,0.07883
2025-04-30,2025-04-30,0,0,8840,7835,2025年4月30日国内成品油价格按机制不作调整,https://www.ndrc.gov.cn/xwdt/xwfb/202504/t20250430_1397516.html,0,8337.5,0,no_adjust,0,2025-04,68.731,10,0.891,1.313384,67.288,10,-0.021,-0.031199,63.295,10,1.029,1.652587,65.217,10,0.4295,0.662937,66.0454,10,0.2493,0.378898,-0.1,-2.7,49,50.4,50.2,,,,13.699816,13.699816,0,13.699816,-13.699816,0,up,no_adjust,no_adjust,0,0,,,,,S5_grid_best_segmented,0.0,"best small=0.9, medium=0.8, large=0.7, extreme=0.4",0,0,0,74545.021811,0,79.368501,6299.358887,0,0,0,0.22175,0.01627,0.035703
2025-05-20,2025-05-19,-230,-220,8610,7615,2025年5月19日国内成品油价格按机制调整,https://www.ndrc.gov.cn/xwdt/xwfb/202505/t20250519_1397793.html,-225,8112.5,1,down,225,2025-05,63.389,10,-5.342,-7.77233,63.841,10,-3.447,-5.122756,62.167,10,-1.128,-1.782131,63.0625,10,-2.1545,-3.303586,63.3739,10,-2.6715,-4.044945,-0.1,-3.3,49.5,50.3,50.4,,,,-125.677871,-111.978054,-111.978054,0,-99.322129,-113.021946,down,down,down,1,1,2.009322,113.021946,0,1,S5_grid_best_segmented,-100.78024860000001,"best small=0.9, medium=0.8, large=0.7, extreme=0.4",0,125.390846,0,10156.658508,-11.197805,68.170695,4647.243684,0,0.001027,0,0.030213,0.012001,0.006537
2025-06-04,2025-06-03,65,60,8675,7675,2025年6月3日国内成品油价格按机制调整,https://www.ndrc.gov.cn/xwdt/xwfb/202506/t20250603_1398198.html,62.5,8175,1,up,62.5,2025-06,64.199,10,0.81,1.277824,65.483,10,1.642,2.572015,62.686,10,0.519,0.834848,64.0845,10,1.022,1.620614,64.6439,10,1.27,2.00398,0.1,-3.6,49.7,50.5,50.7,,,,62.406611,62.406611,62.406611,0,0.093389,0.093389,up,up,up,1,1,1.001496,-0.093389,0,1,S5_grid_best_segmented,56.1659499,"best small=0.9, medium=0.8, large=0.7, extreme=0.4",3154.613928,38.945851,3217.706207,24632.109224,6.240661,74.411356,5537.049946,0.004745,0.000319,0.004033,0.073274,0.0143,0.015394
2025-06-18,2025-06-17,260,255,8935,7930,2025年6月17日国内成品油价格按机制调整,https://www.ndrc.gov.cn/xwdt/xwfb/202506/t20250617_1398486.html,257.5,8432.5,1,up,257.5,2025-06,67.733,10,3.534,5.504759,69.965,10,4.482,6.844525,67.269,10,4.583,7.311042,68.617,10,4.5325,7.072693,69.1562,10,4.5123,6.980241,0.1,-3.6,49.7,50.5,50.7,,,,217.12596,217.12596,217.12596,0,40.37404,40.37404,up,up,up,1,1,1.185948,-40.37404,0,1,S5_grid_best_segmented,195.413364,"best small=0.9, medium=0.8, large=0.7, extreme=0.4",38186.38283,471.436825,38950.110486,19389.842334,21.712596,96.123952,9239.814206,0.057434,0.00386,0.048819,0.057679,0.023867,0.039567
2025-07-02,2025-07-01,235,225,9170,8155,2025年7月1日国内成品油价格按机制调整,https://www.ndrc.gov.cn/xwdt/xwfb/202507/t20250701_1398919.html,230,8662.5,1,up,230,2025-07,72.26,10,4.527,6.683596,73.414,10,3.449,4.929608,69.995,10,2.726,4.052387,71.4385,10,2.8215,4.111955,72.0159,10,2.8597,4.135132,0,-3.6,49.3,50.1,50.2,,,,138.265523,138.265523,138.265523,0,91.734477,91.734477,up,up,up,1,1,1.663466,-91.734477,0,1,S5_grid_best_segmented,124.4389707,"best small=0.9, medium=0.8, large=0.7, extreme=0.4",15485.057429,191.173549,15485.057429,5037.364504,13.826552,109.950505,12089.113462,0.02329,0.001565,0.019409,0.014985,0.031228,0.01792
2025-07-16,2025-07-15,-130,-125,9040,8030,2025年7月15日国内成品油价格按机制调整,https://www.ndrc.gov.cn/xwdt/xwfb/202507/t20250715_1399195.html,-127.5,8535,1,down,127.5,2025-07,70.362,10,-1.898,-2.626626,70.971,10,-2.443,-3.327703,68.365,10,-1.63,-2.328738,69.524,10,-1.9145,-2.679927,69.9876,10,-2.0283,-2.816461,0,-3.6,49.3,50.1,50.2,,,,-94.985003,-94.985003,-94.985003,0,-32.514997,-32.514997,down,down,down,1,1,1.342317,32.514997,0,1,S5_grid_best_segmented,-85.4865027,"best small=0.9, medium=0.8, large=0.7, extreme=0.4",0,90.221508,0,44068.704382,-9.4985,100.452004,10090.605168,0,0.000739,0,0.131092,0.026065,0.023721
2025-07-29,2025-07-29,0,0,9040,8030,2025年7月29日国内成品油价格按机制不作调整,https://www.ndrc.gov.cn/xwdt/xwfb/202507/t20250729_1399467.html,0,8535,0,no_adjust,0,2025-07,70.588,10,0.226,0.321196,70.362,10,-0.609,-0.858097,67.553,10,-0.812,-1.187742,68.9575,10,-0.5665,-0.814827,69.5193,10,-0.4683,-0.669119,0,-3.6,49.3,50.1,50.2,,,,-20.543346,-20.543346,0,-20.543346,20.543346,0,down,no_adjust,no_adjust,0,0,,,,,S5_grid_best_segmented,0.0,"best small=0.9, medium=0.8, large=0.7, extreme=0.4",0,0,0,7307.942144,0,100.452004,10090.605168,0,0,0,0.021739,0.026065,0.007171
2025-08-12,2025-08-12,0,0,9040,8030,2025年8月12日国内成品油价格按机制不作调整,https://www.ndrc.gov.cn/xwdt/xwfb/202508/t20250812_1399754.html,0,8535,0,no_adjust,0,2025-08,71.74,10,1.152,1.632005,69.936,10,-0.426,-0.60544,67.389,10,-0.164,-0.242772,68.6625,10,-0.295,-0.4278,69.1719,10,-0.3474,-0.499717,-0.4,-2.9,49.4,50.3,50.5,,,,-14.774117,-35.317463,0,-35.317463,14.774117,0,down,no_adjust,no_adjust,0,0,,,,,S5_grid_best_segmented,0.0,"best small=0.9, medium=0.8, large=0.7, extreme=0.4",0,0,0,0,0,100.452004,10090.605168,0,0,0,0,0.026065,0.00391
2025-08-27,2025-08-26,-180,-175,8860,7855,2025年8月26日国内成品油价格按机制调整,https://www.ndrc.gov.cn/xwdt/xwfb/202508/t20250826_1400056.html,-177.5,8357.5,1,down,177.5,2025-08,69.136,10,-2.604,-3.629774,67.494,10,-2.442,-3.491764,64.257,10,-3.132,-4.647643,65.868,10,-2.7945,-4.069907,66.5184,10,-2.6535,-3.836095,-0.4,-2.9,49.4,50.3,50.5,,,,-124.818929,-160.136392,-160.136392,0,-52.681071,-17.363608,down,down,down,1,1,1.10843,17.363608,0,1,S5_grid_best_segmented,-144.1227528,"best small=0.9, medium=0.8, large=0.7, extreme=0.4",0,256.43664,0,20771.367875,-16.013639,84.438365,7129.837501,0,0.0021,0,0.061789,0.018415,0.012451
2025-09-09,2025-09-09,0,0,8860,7855,2025年9月9日国内成品油价格按机制不作调整,https://www.ndrc.gov.cn/xwdt/xwfb/202509/t20250909_1400343.html,0,8357.5,0,no_adjust,0,2025-09,70.442,10,1.306,1.88903,67.079,10,-0.415,-0.614869,64.153,10,-0.104,-0.16185,65.621,10,-0.247,-0.374992,66.2522,10,-0.2662,-0.40019,-0.3,-2.3,49.8,50,50.6,,,,-10.899334,-10.899334,0,-10.899334,10.899334,0,down,no_adjust,no_adjust,0,0,,,,,S5_grid_best_segmented,0.0,"best small=0.9, medium=0.8, large=0.7, extreme=0.4",0,0,0,20771.367875,0,84.438365,7129.837501,0,0,0,0.061789,0.018415,0.012031
2025-09-23,2025-09-23,0,0,8860,7855,2025年9月23日国内成品油价格按机制不作调整,https://www.ndrc.gov.cn/xwdt/xwfb/202509/t20250923_1400624.html,0,8357.5,0,no_adjust,0,2025-09,70.572,10,0.13,0.184549,67.922,10,0.843,1.256727,63.559,10,-0.594,-0.925911,65.7405,10,0.1195,0.182106,66.6131,10,0.3609,0.544737,-0.3,-2.3,49.8,50,50.6,,,,19.025258,8.125924,0,8.125924,-19.025258,0,up,no_adjust,no_adjust,0,0,,,,,S5_grid_best_segmented,0.0,"best small=0.9, medium=0.8, large=0.7, extreme=0.4",0,0,0,0,0,84.438365,7129.837501,0,0,0,0,0.018415,0.002762
2025-10-14,2025-10-13,-75,-70,8785,7785,2025年10月13日国内成品油价格按机制调整,https://www.ndrc.gov.cn/xwdt/xwfb/202510/t20251013_1400937.html,-72.5,8285,1,down,72.5,2025-10,67.17,10,-3.402,-4.820609,66.901,10,-1.021,-1.503195,62.345,10,-1.214,-1.910036,64.623,10,-1.1175,-1.699865,65.5342,10,-1.0789,-1.619651,0.2,-2.1,49,50.1,50,,,,-49.680574,-41.55465,0,-41.55465,-22.819426,-72.5,down,no_adjust,down,0,1,,,,,S5_grid_best_segmented,0.0,"best small=0.9, medium=0.8, large=0.7, extreme=0.4",0,0,0,0,0,84.438365,7129.837501,0,0,0,0,0.018415,0.002762
2025-10-28,2025-10-27,-265,-255,8520,7530,2025年10月27日国内成品油价格按机制调整,https://www.ndrc.gov.cn/xwdt/xwfb/202510/t20251027_1401193.html,-260,8025,1,down,260,2025-10,63.901,10,-3.269,-4.866756,62.79,10,-4.111,-6.144901,59.595,10,-2.75,-4.410939,61.2055,10,-3.4175,-5.288365,61.8497,10,-3.6845,-5.622255,0.2,-2.1,49,50.1,50,,,,-174.017229,-215.571879,-215.571879,0,-85.982771,-44.428121,down,down,down,1,1,1.206094,44.428121,0,1,S5_grid_best_segmented,-194.0146911,"best small=0.9, medium=0.8, large=0.7, extreme=0.4",0,464.71235,0,37641.700363,-21.557188,62.881177,3954.042446,0,0.003805,0,0.111973,0.01021,0.019089
2025-11-11,2025-11-10,125,120,8645,7650,2025年11月10日国内成品油价格按机制调整,https://www.ndrc.gov.cn/xwdt/xwfb/202511/t20251110_1401464.html,122.5,8147.5,1,up,122.5,2025-11,65.935,10,2.034,3.183049,64.661,10,1.871,2.979774,61.182,10,1.587,2.662975,62.9215,10,1.716,2.80367,63.6173,10,1.7676,2.857896,0.7,-2.2,49.2,49.5,49.7,,,,86.151591,86.151591,86.151591,0,36.348409,36.348409,up,up,up,1,1,1.421912,-36.348409,0,1,S5_grid_best_segmented,77.5364319,"best small=0.9, medium=0.8, large=0.7, extreme=0.4",6011.898272,74.220966,6853.56403,73740.012403,8.615159,71.496336,5111.726104,0.009042,0.000608,0.00859,0.219356,0.013201,0.039413
2025-11-25,2025-11-24,-70,-65,8575,7585,2025年11月24日国内成品油价格按机制调整,https://www.ndrc.gov.cn/xwdt/xwfb/202511/t20251124_1401864.html,-67.5,8080,1,down,67.5,2025-11,64.545,10,-1.39,-2.108137,63.256,10,-1.405,-2.172871,60.256,10,-0.926,-1.513517,61.749,10,-1.1725,-1.863433,62.3462,10,-1.2711,-1.998041,0.7,-2.2,49.2,49.5,49.7,,,,-58.852168,-58.852168,-58.852168,0,-8.647832,-8.647832,down,down,down,1,1,1.146942,8.647832,0,1,S5_grid_best_segmented,-52.9669512,"best small=0.9, medium=0.8, large=0.7, extreme=0.4",0,34.635777,0,17031.133001,-5.885217,65.611119,4304.819002,0,0.000284,0,0.050663,0.011116,0.009324
2025-12-09,2025-12-08,-55,-55,8520,7530,2025年12月8日国内成品油价格按机制调整,https://www.ndrc.gov.cn/xwdt/xwfb/202512/t20251208_1402287.html,-55,8025,1,down,55,2025-12,63.552,10,-0.993,-1.538462,64.179,10,0.923,1.45915,59.103,10,-1.153,-1.913502,61.571,10,-0.178,-0.288264,62.5582,10,0.212,0.340037,0.8,-1.9,50.1,50.2,50.7,,,,11.919897,11.919897,0,11.919897,-66.919897,-55,up,no_adjust,down,0,1,,,,,S5_grid_best_segmented,0.0,"best small=0.9, medium=0.8, large=0.7, extreme=0.4",0,0,0,2805.497919,0,65.611119,4304.819002,0,0,0,0.008346,0.011116,0.002919
2025-12-23,2025-12-22,-170,-165,8350,7365,2025年12月22日国内成品油价格按机制调整,https://www.ndrc.gov.cn/xwdt/xwfb/202512/t20251222_1402523.html,-167.5,7857.5,1,down,167.5,2025-12,61.018,10,-2.534,-3.987286,61.715,10,-2.464,-3.839262,57.298,10,-1.805,-3.05399,59.5065,10,-2.0645,-3.35304,60.3899,10,-2.1683,-3.466052,0.8,-1.9,50.1,50.2,50.7,,,,-101.665665,-89.745767,-89.745767,0,-65.834335,-77.754233,down,down,down,1,1,1.866383,77.754233,0,1,S5_grid_best_segmented,-80.7711903,"best small=0.9, medium=0.8, large=0.7, extreme=0.4",0,80.543027,0,6523.985182,-8.974577,56.636543,3207.69798,0,0.00066,0,0.019407,0.008282,0.004285
2026-01-06,2026-01-06,0,0,8350,7365,2026年1月6日国内成品油价格按机制不作调整,https://www.ndrc.gov.cn/xwdt/xwfb/202601/t20260106_1403050.html,0,7857.5,0,no_adjust,0,2026-01,60.838,10,-0.18,-0.294995,62.339,10,0.624,1.011099,57.71,10,0.412,0.719048,60.0055,10,0.499,0.838564,60.9389,10,0.549,0.909092,0.2,-1.4,49.3,49.4,49.8,,,,28.001204,28.001204,0,28.001204,-28.001204,0,up,no_adjust,no_adjust,0,0,,,,,S5_grid_best_segmented,0.0,"best small=0.9, medium=0.8, large=0.7, extreme=0.4",0,0,0,6523.985182,0,56.636543,3207.69798,0,0,0,0.019407,0.008282,0.004153
2026-01-21,2026-01-20,85,85,8435,7450,2026年1月20日国内成品油价格按机制调整,https://www.ndrc.gov.cn/xwdt/xwfb/202601/t20260120_1403319.html,85,7942.5,1,up,85,2026-01,61.303,10,0.465,0.764325,65.352,10,3.013,4.83325,58.839,10,1.129,1.956333,61.9,10,1.8945,3.157211,63.1244,10,2.1855,3.586379,0.2,-1.4,49.3,49.4,49.8,,,,106.093366,134.09457,134.09457,0,-21.093366,-49.09457,up,up,up,1,1,0.633881,49.09457,1,0,S5_grid_best_segmented,120.685113,"best small=0.9, medium=0.8, large=0.7, extreme=0.4",14564.8965,179.813537,15147.49236,14564.8965,13.409457,70.046,4906.442088,0.021906,0.001472,0.018985,0.043326,0.012671,0.018917
2026-02-04,2026-02-03,205,195,8640,7645,2026年2月3日国内成品油价格按机制调整,https://www.ndrc.gov.cn/xwdt/xwfb/202602/t20260203_1403566.html,200,8142.5,1,up,200,2026-02,64.204,10,2.901,4.732232,68.787,10,3.435,5.256151,61.674,10,2.835,4.818233,65.2305,10,3.3305,5.380452,66.6531,10,3.5287,5.590073,1.3,-0.9,49,49.5,49.5,,,,170.189541,170.189541,170.189541,0,29.810459,29.810459,up,up,up,1,1,1.17516,-29.810459,0,1,S5_grid_best_segmented,153.1705869,"best small=0.9, medium=0.8, large=0.7, extreme=0.4",23461.228691,289.644799,29561.148151,1055.306015,17.018954,87.064954,7580.306198,0.035287,0.002372,0.037051,0.003139,0.019579,0.021967
2026-02-25,2026-02-24,175,170,8815,7815,2026年2月24日国内成品油价格按机制调整,https://www.ndrc.gov.cn/xwdt/xwfb/202602/t20260224_1403852.html,172.5,8315,1,up,172.5,2026-02,68.106,10,3.902,6.077503,71.247,10,2.46,3.576257,64.723,10,3.049,4.943736,68.004,10,2.7735,4.251845,69.3164,10,2.6633,3.995763,1.3,-0.9,49,49.5,49.5,,,,128.893509,128.893509,128.893509,0,43.606491,43.606491,up,up,up,1,1,1.338314,-43.606491,0,1,S5_grid_best_segmented,116.0041581,"best small=0.9, medium=0.8, large=0.7, extreme=0.4",13456.964696,166.135367,16955.775518,1381.34343,12.889351,99.954305,9990.863048,0.02024,0.00136,0.021252,0.004109,0.025807,0.015132
2026-03-10,2026-03-09,695,670,9510,8485,2026年3月9日国内成品油价格按机制调整,https://www.ndrc.gov.cn/xwdt/xwfb/202603/t20260309_1404075.html,682.5,8997.5,1,up,682.5,2026-03,77.672,10,9.566,14.045752,78.319,10,7.072,9.926032,72.118,10,7.395,11.425614,75.2185,10,7.2145,10.608935,76.4587,10,7.1423,10.303911,1,0.5,50.4,50.1,50.5,,,,342.626959,342.626959,342.626959,0,339.873041,339.873041,up,up,up,1,1,1.991962,-339.873041,0,1,S5_grid_best_segmented,274.10156720000003,"best small=0.9, medium=0.8, large=0.7, extreme=0.4",75131.669141,4695.729321,90158.00297,24994.790764,68.525392,168.479697,28385.408166,0.113001,0.038452,0.113001,0.074352,0.073333,0.086344
2026-03-24,2026-03-23,1160,1115,10670,9600,2026年3月23日国内成品油价格调整,https://www.ndrc.gov.cn/xwdt/xwfb/202603/t20260323_1404295.html,1137.5,10135,1,up,1137.5,2026-03,125.659,10,47.987,61.781594,103.777,10,25.458,32.505522,93.959,10,21.841,30.285088,98.868,10,23.6495,31.441068,100.8316,10,24.3729,31.87721,1,0.5,50.4,50.1,50.5,,,,1164.85415,1164.85415,1164.85415,0,-27.35415,-27.35415,up,up,up,1,1,0.976517,27.35415,1,0,S5_grid_best_segmented,815.3979049999999,"best small=0.9, medium=0.8, large=0.7, extreme=0.4",664873.743478,122119.667169,797848.492174,293001.725316,349.456245,517.935942,268257.639601,1,1,1,0.871598,0.693086,0.934703
2026-04-08,2026-04-07,420,400,11090,10000,2026年4月7日国家继续实施调控，成品油价格适当调整,https://www.ndrc.gov.cn/xwdt/xwfb/202604/t20260407_1404528.html,410,10545,1,up,410,2026-04,123.192,10,-2.467,-1.96325,117.037,10,13.26,12.777398,100.815,10,6.856,7.2968,108.161,10,9.293,9.399401,111.7114,10,10.8798,10.79007,1.2,2.8,50.3,49.4,50.1,,,,520.976763,520.976763,520.976763,0,-110.976763,-110.976763,up,up,up,1,1,0.786983,110.976763,1,0,S5_grid_best_segmented,416.7814104,"best small=0.9, medium=0.8, large=0.7, extreme=0.4",173706.744055,10856.671503,215396.362628,158895.109767,104.195353,622.131294,387047.347223,0.261263,0.088902,0.269972,0.472668,1,0.371489
2026-04-22,2026-04-21,-555,-530,10535,9470,2026年4月21日国内成品油价格下调,https://www.ndrc.gov.cn/xwdt/xwfb/202604/t20260421_1404789.html,-542.5,10002.5,1,down,542.5,2026-04,107.016,10,-16.176,-13.130723,117.398,10,0.361,0.308449,96.897,10,-3.918,-3.886326,107.1475,10,-1.0135,-0.937029,111.2477,10,-0.4637,-0.415087,1.2,2.8,50.3,49.4,50.1,,,,-20.323838,-20.323838,0,-20.323838,-522.176162,-542.5,down,no_adjust,down,0,1,,,,,S5_grid_best_segmented,0.0,"best small=0.9, medium=0.8, large=0.7, extreme=0.4",0,0,0,173706.744055,0,622.131294,387047.347223,0,0,0,0.516729,1,0.227509
2026-05-09,2026-05-08,320,310,10855,9780,2026年5月8日国内成品油价格调整,https://www.ndrc.gov.cn/xwdt/xwfb/202605/t20260508_1405100.html,315,10317.5,1,up,315,2026-05,112.562,10,5.546,5.182403,114.626,10,-2.772,-2.361199,102.368,10,5.471,5.646202,107.562,10,0.4145,0.38685,110.3876,10,-0.8601,-0.77314,,,,,,,,,-39.239654,-59.563493,-59.563493,0,354.239654,374.563493,down,down,up,1,1,-5.288474,-374.563493,0,1,S5_grid_best_segmented,-53.6071437,"best small=0.9, medium=0.8, large=0.7, extreme=0.4",0,35.478097,0,2873.725856,-5.956349,616.174945,379671.562723,0,0.000291,0,0.008549,0.980943,0.148482
