date,keyword,search_index
2016-01-01,油价上涨,
2016-01-01,油价调整,
2016-01-01,汽油涨价,
2016-01-01,柴油涨价,
2016-01-01,通胀,
2016-01-01,物流成本,
2016-01-02,油价上涨,
2016-01-02,油价调整,
2016-01-02,汽油涨价,
2016-01-02,柴油涨价,
2016-01-02,通胀,
2016-01-02,物流成本,
2016-01-03,油价上涨,
2016-01-03,油价调整,
2016-01-03,汽油涨价,
2016-01-03,柴油涨价,
2016-01-03,通胀,
2016-01-03,物流成本,
2016-01-04,油价上涨,
2016-01-04,油价调整,
2016-01-04,汽油涨价,
2016-01-04,柴油涨价,
2016-01-04,通胀,
2016-01-04,物流成本,
2016-01-05,油价上涨,
2016-01-05,油价调整,
2016-01-05,汽油涨价,
2016-01-05,柴油涨价,
2016-01-05,通胀,
2016-01-05,物流成本,
2016-01-06,油价上涨,
2016-01-06,油价调整,
2016-01-06,汽油涨价,
2016-01-06,柴油涨价,
2016-01-06,通胀,
2016-01-06,物流成本,
2016-01-07,油价上涨,
2016-01-07,油价调整,
2016-01-07,汽油涨价,
2016-01-07,柴油涨价,
2016-01-07,通胀,
2016-01-07,物流成本,
2016-01-08,油价上涨,
2016-01-08,油价调整,
2016-01-08,汽油涨价,
2016-01-08,柴油涨价,
2016-01-08,通胀,
2016-01-08,物流成本,
2016-01-09,油价上涨,
2016-01-09,油价调整,
2016-01-09,汽油涨价,
2016-01-09,柴油涨价,
2016-01-09,通胀,
2016-01-09,物流成本,
2016-01-10,油价上涨,
2016-01-10,油价调整,
2016-01-10,汽油涨价,
2016-01-10,柴油涨价,
2016-01-10,通胀,
2016-01-10,物流成本,
2016-01-11,油价上涨,
2016-01-11,油价调整,
2016-01-11,汽油涨价,
2016-01-11,柴油涨价,
2016-01-11,通胀,
2016-01-11,物流成本,
2016-01-12,油价上涨,
2016-01-12,油价调整,
2016-01-12,汽油涨价,
2016-01-12,柴油涨价,
2016-01-12,通胀,
2016-01-12,物流成本,
2016-01-13,油价上涨,
2016-01-13,油价调整,
2016-01-13,汽油涨价,
2016-01-13,柴油涨价,
2016-01-13,通胀,
2016-01-13,物流成本,
2016-01-14,油价上涨,
2016-01-14,油价调整,
2016-01-14,汽油涨价,
2016-01-14,柴油涨价,
2016-01-14,通胀,
2016-01-14,物流成本,
2016-01-15,油价上涨,
2016-01-15,油价调整,
2016-01-15,汽油涨价,
2016-01-15,柴油涨价,
2016-01-15,通胀,
2016-01-15,物流成本,
2016-01-16,油价上涨,
2016-01-16,油价调整,
2016-01-16,汽油涨价,
2016-01-16,柴油涨价,
2016-01-16,通胀,
2016-01-16,物流成本,
2016-01-17,油价上涨,
2016-01-17,油价调整,
2016-01-17,汽油涨价,
2016-01-17,柴油涨价,
2016-01-17,通胀,
2016-01-17,物流成本,
2016-01-18,油价上涨,
2016-01-18,油价调整,
2016-01-18,汽油涨价,
2016-01-18,柴油涨价,
2016-01-18,通胀,
2016-01-18,物流成本,
2016-01-19,油价上涨,
2016-01-19,油价调整,
2016-01-19,汽油涨价,
2016-01-19,柴油涨价,
2016-01-19,通胀,
2016-01-19,物流成本,
2016-01-20,油价上涨,
2016-01-20,油价调整,
2016-01-20,汽油涨价,
2016-01-20,柴油涨价,
2016-01-20,通胀,
2016-01-20,物流成本,
2016-01-21,油价上涨,
2016-01-21,油价调整,
2016-01-21,汽油涨价,
2016-01-21,柴油涨价,
2016-01-21,通胀,
2016-01-21,物流成本,
2016-01-22,油价上涨,
2016-01-22,油价调整,
2016-01-22,汽油涨价,
2016-01-22,柴油涨价,
2016-01-22,通胀,
2016-01-22,物流成本,
2016-01-23,油价上涨,
2016-01-23,油价调整,
2016-01-23,汽油涨价,
2016-01-23,柴油涨价,
2016-01-23,通胀,
2016-01-23,物流成本,
2016-01-24,油价上涨,
2016-01-24,油价调整,
2016-01-24,汽油涨价,
2016-01-24,柴油涨价,
2016-01-24,通胀,
2016-01-24,物流成本,
2016-01-25,油价上涨,
2016-01-25,油价调整,
2016-01-25,汽油涨价,
2016-01-25,柴油涨价,
2016-01-25,通胀,
2016-01-25,物流成本,
2016-01-26,油价上涨,
2016-01-26,油价调整,
2016-01-26,汽油涨价,
2016-01-26,柴油涨价,
2016-01-26,通胀,
2016-01-26,物流成本,
2016-01-27,油价上涨,
2016-01-27,油价调整,
2016-01-27,汽油涨价,
2016-01-27,柴油涨价,
2016-01-27,通胀,
2016-01-27,物流成本,
2016-01-28,油价上涨,
2016-01-28,油价调整,
2016-01-28,汽油涨价,
2016-01-28,柴油涨价,
2016-01-28,通胀,
2016-01-28,物流成本,
2016-01-29,油价上涨,
2016-01-29,油价调整,
2016-01-29,汽油涨价,
2016-01-29,柴油涨价,
2016-01-29,通胀,
2016-01-29,物流成本,
2016-01-30,油价上涨,
2016-01-30,油价调整,
2016-01-30,汽油涨价,
2016-01-30,柴油涨价,
2016-01-30,通胀,
2016-01-30,物流成本,
2016-01-31,油价上涨,
2016-01-31,油价调整,
2016-01-31,汽油涨价,
2016-01-31,柴油涨价,
2016-01-31,通胀,
2016-01-31,物流成本,
2016-02-01,油价上涨,
2016-02-01,油价调整,
2016-02-01,汽油涨价,
2016-02-01,柴油涨价,
2016-02-01,通胀,
2016-02-01,物流成本,
2016-02-02,油价上涨,
2016-02-02,油价调整,
2016-02-02,汽油涨价,
2016-02-02,柴油涨价,
2016-02-02,通胀,
2016-02-02,物流成本,
2016-02-03,油价上涨,
2016-02-03,油价调整,
2016-02-03,汽油涨价,
2016-02-03,柴油涨价,
2016-02-03,通胀,
2016-02-03,物流成本,
2016-02-04,油价上涨,
2016-02-04,油价调整,
2016-02-04,汽油涨价,
2016-02-04,柴油涨价,
2016-02-04,通胀,
2016-02-04,物流成本,
2016-02-05,油价上涨,
2016-02-05,油价调整,
2016-02-05,汽油涨价,
2016-02-05,柴油涨价,
2016-02-05,通胀,
2016-02-05,物流成本,
2016-02-06,油价上涨,
2016-02-06,油价调整,
2016-02-06,汽油涨价,
2016-02-06,柴油涨价,
2016-02-06,通胀,
2016-02-06,物流成本,
2016-02-07,油价上涨,
2016-02-07,油价调整,
2016-02-07,汽油涨价,
2016-02-07,柴油涨价,
2016-02-07,通胀,
2016-02-07,物流成本,
2016-02-08,油价上涨,
2016-02-08,油价调整,
2016-02-08,汽油涨价,
2016-02-08,柴油涨价,
2016-02-08,通胀,
2016-02-08,物流成本,
2016-02-09,油价上涨,
2016-02-09,油价调整,
2016-02-09,汽油涨价,
2016-02-09,柴油涨价,
2016-02-09,通胀,
2016-02-09,物流成本,
2016-02-10,油价上涨,
2016-02-10,油价调整,
2016-02-10,汽油涨价,
2016-02-10,柴油涨价,
2016-02-10,通胀,
2016-02-10,物流成本,
2016-02-11,油价上涨,
2016-02-11,油价调整,
2016-02-11,汽油涨价,
2016-02-11,柴油涨价,
2016-02-11,通胀,
2016-02-11,物流成本,
2016-02-12,油价上涨,
2016-02-12,油价调整,
2016-02-12,汽油涨价,
2016-02-12,柴油涨价,
2016-02-12,通胀,
2016-02-12,物流成本,
2016-02-13,油价上涨,
2016-02-13,油价调整,
2016-02-13,汽油涨价,
2016-02-13,柴油涨价,
2016-02-13,通胀,
2016-02-13,物流成本,
2016-02-14,油价上涨,
2016-02-14,油价调整,
2016-02-14,汽油涨价,
2016-02-14,柴油涨价,
2016-02-14,通胀,
2016-02-14,物流成本,
2016-02-15,油价上涨,
2016-02-15,油价调整,
2016-02-15,汽油涨价,
2016-02-15,柴油涨价,
2016-02-15,通胀,
2016-02-15,物流成本,
2016-02-16,油价上涨,
2016-02-16,油价调整,
2016-02-16,汽油涨价,
2016-02-16,柴油涨价,
2016-02-16,通胀,
2016-02-16,物流成本,
2016-02-17,油价上涨,
2016-02-17,油价调整,
2016-02-17,汽油涨价,
2016-02-17,柴油涨价,
2016-02-17,通胀,
2016-02-17,物流成本,
2016-02-18,油价上涨,
2016-02-18,油价调整,
2016-02-18,汽油涨价,
2016-02-18,柴油涨价,
2016-02-18,通胀,
2016-02-18,物流成本,
2016-02-19,油价上涨,
2016-02-19,油价调整,
2016-02-19,汽油涨价,
2016-02-19,柴油涨价,
2016-02-19,通胀,
2016-02-19,物流成本,
2016-02-20,油价上涨,
2016-02-20,油价调整,
2016-02-20,汽油涨价,
2016-02-20,柴油涨价,
2016-02-20,通胀,
2016-02-20,物流成本,
2016-02-21,油价上涨,
2016-02-21,油价调整,
2016-02-21,汽油涨价,
2016-02-21,柴油涨价,
2016-02-21,通胀,
2016-02-21,物流成本,
2016-02-22,油价上涨,
2016-02-22,油价调整,
2016-02-22,汽油涨价,
2016-02-22,柴油涨价,
2016-02-22,通胀,
2016-02-22,物流成本,
2016-02-23,油价上涨,
2016-02-23,油价调整,
2016-02-23,汽油涨价,
2016-02-23,柴油涨价,
2016-02-23,通胀,
2016-02-23,物流成本,
2016-02-24,油价上涨,
2016-02-24,油价调整,
2016-02-24,汽油涨价,
2016-02-24,柴油涨价,
2016-02-24,通胀,
2016-02-24,物流成本,
2016-02-25,油价上涨,
2016-02-25,油价调整,
2016-02-25,汽油涨价,
2016-02-25,柴油涨价,
2016-02-25,通胀,
2016-02-25,物流成本,
2016-02-26,油价上涨,
2016-02-26,油价调整,
2016-02-26,汽油涨价,
2016-02-26,柴油涨价,
2016-02-26,通胀,
2016-02-26,物流成本,
2016-02-27,油价上涨,
2016-02-27,油价调整,
2016-02-27,汽油涨价,
2016-02-27,柴油涨价,
2016-02-27,通胀,
2016-02-27,物流成本,
2016-02-28,油价上涨,
2016-02-28,油价调整,
2016-02-28,汽油涨价,
2016-02-28,柴油涨价,
2016-02-28,通胀,
2016-02-28,物流成本,
2016-02-29,油价上涨,
2016-02-29,油价调整,
2016-02-29,汽油涨价,
2016-02-29,柴油涨价,
2016-02-29,通胀,
2016-02-29,物流成本,
2016-03-01,油价上涨,
2016-03-01,油价调整,
2016-03-01,汽油涨价,
2016-03-01,柴油涨价,
2016-03-01,通胀,
2016-03-01,物流成本,
2016-03-02,油价上涨,
2016-03-02,油价调整,
2016-03-02,汽油涨价,
2016-03-02,柴油涨价,
2016-03-02,通胀,
2016-03-02,物流成本,
2016-03-03,油价上涨,
2016-03-03,油价调整,
2016-03-03,汽油涨价,
2016-03-03,柴油涨价,
2016-03-03,通胀,
2016-03-03,物流成本,
2016-03-04,油价上涨,
2016-03-04,油价调整,
2016-03-04,汽油涨价,
2016-03-04,柴油涨价,
2016-03-04,通胀,
2016-03-04,物流成本,
2016-03-05,油价上涨,
2016-03-05,油价调整,
2016-03-05,汽油涨价,
2016-03-05,柴油涨价,
2016-03-05,通胀,
2016-03-05,物流成本,
2016-03-06,油价上涨,
2016-03-06,油价调整,
2016-03-06,汽油涨价,
2016-03-06,柴油涨价,
2016-03-06,通胀,
2016-03-06,物流成本,
2016-03-07,油价上涨,
2016-03-07,油价调整,
2016-03-07,汽油涨价,
2016-03-07,柴油涨价,
2016-03-07,通胀,
2016-03-07,物流成本,
2016-03-08,油价上涨,
2016-03-08,油价调整,
2016-03-08,汽油涨价,
2016-03-08,柴油涨价,
2016-03-08,通胀,
2016-03-08,物流成本,
2016-03-09,油价上涨,
2016-03-09,油价调整,
2016-03-09,汽油涨价,
2016-03-09,柴油涨价,
2016-03-09,通胀,
2016-03-09,物流成本,
2016-03-10,油价上涨,
2016-03-10,油价调整,
2016-03-10,汽油涨价,
2016-03-10,柴油涨价,
2016-03-10,通胀,
2016-03-10,物流成本,
2016-03-11,油价上涨,
2016-03-11,油价调整,
2016-03-11,汽油涨价,
2016-03-11,柴油涨价,
2016-03-11,通胀,
2016-03-11,物流成本,
2016-03-12,油价上涨,
2016-03-12,油价调整,
2016-03-12,汽油涨价,
2016-03-12,柴油涨价,
2016-03-12,通胀,
2016-03-12,物流成本,
2016-03-13,油价上涨,
2016-03-13,油价调整,
2016-03-13,汽油涨价,
2016-03-13,柴油涨价,
2016-03-13,通胀,
2016-03-13,物流成本,
2016-03-14,油价上涨,
2016-03-14,油价调整,
2016-03-14,汽油涨价,
2016-03-14,柴油涨价,
2016-03-14,通胀,
2016-03-14,物流成本,
2016-03-15,油价上涨,
2016-03-15,油价调整,
2016-03-15,汽油涨价,
2016-03-15,柴油涨价,
2016-03-15,通胀,
2016-03-15,物流成本,
2016-03-16,油价上涨,
2016-03-16,油价调整,
2016-03-16,汽油涨价,
2016-03-16,柴油涨价,
2016-03-16,通胀,
2016-03-16,物流成本,
2016-03-17,油价上涨,
2016-03-17,油价调整,
2016-03-17,汽油涨价,
2016-03-17,柴油涨价,
2016-03-17,通胀,
2016-03-17,物流成本,
2016-03-18,油价上涨,
2016-03-18,油价调整,
2016-03-18,汽油涨价,
2016-03-18,柴油涨价,
2016-03-18,通胀,
2016-03-18,物流成本,
2016-03-19,油价上涨,
2016-03-19,油价调整,
2016-03-19,汽油涨价,
2016-03-19,柴油涨价,
2016-03-19,通胀,
2016-03-19,物流成本,
2016-03-20,油价上涨,
2016-03-20,油价调整,
2016-03-20,汽油涨价,
2016-03-20,柴油涨价,
2016-03-20,通胀,
2016-03-20,物流成本,
2016-03-21,油价上涨,
2016-03-21,油价调整,
2016-03-21,汽油涨价,
2016-03-21,柴油涨价,
2016-03-21,通胀,
2016-03-21,物流成本,
2016-03-22,油价上涨,
2016-03-22,油价调整,
2016-03-22,汽油涨价,
2016-03-22,柴油涨价,
2016-03-22,通胀,
2016-03-22,物流成本,
2016-03-23,油价上涨,
2016-03-23,油价调整,
2016-03-23,汽油涨价,
2016-03-23,柴油涨价,
2016-03-23,通胀,
2016-03-23,物流成本,
2016-03-24,油价上涨,
2016-03-24,油价调整,
2016-03-24,汽油涨价,
2016-03-24,柴油涨价,
2016-03-24,通胀,
2016-03-24,物流成本,
2016-03-25,油价上涨,
2016-03-25,油价调整,
2016-03-25,汽油涨价,
2016-03-25,柴油涨价,
2016-03-25,通胀,
2016-03-25,物流成本,
2016-03-26,油价上涨,
2016-03-26,油价调整,
2016-03-26,汽油涨价,
2016-03-26,柴油涨价,
2016-03-26,通胀,
2016-03-26,物流成本,
2016-03-27,油价上涨,
2016-03-27,油价调整,
2016-03-27,汽油涨价,
2016-03-27,柴油涨价,
2016-03-27,通胀,
2016-03-27,物流成本,
2016-03-28,油价上涨,
2016-03-28,油价调整,
2016-03-28,汽油涨价,
2016-03-28,柴油涨价,
2016-03-28,通胀,
2016-03-28,物流成本,
2016-03-29,油价上涨,
2016-03-29,油价调整,
2016-03-29,汽油涨价,
2016-03-29,柴油涨价,
2016-03-29,通胀,
2016-03-29,物流成本,
2016-03-30,油价上涨,
2016-03-30,油价调整,
2016-03-30,汽油涨价,
2016-03-30,柴油涨价,
2016-03-30,通胀,
2016-03-30,物流成本,
2016-03-31,油价上涨,
2016-03-31,油价调整,
2016-03-31,汽油涨价,
2016-03-31,柴油涨价,
2016-03-31,通胀,
2016-03-31,物流成本,
2016-04-01,油价上涨,
2016-04-01,油价调整,
2016-04-01,汽油涨价,
2016-04-01,柴油涨价,
2016-04-01,通胀,
2016-04-01,物流成本,
2016-04-02,油价上涨,
2016-04-02,油价调整,
2016-04-02,汽油涨价,
2016-04-02,柴油涨价,
2016-04-02,通胀,
2016-04-02,物流成本,
2016-04-03,油价上涨,
2016-04-03,油价调整,
2016-04-03,汽油涨价,
2016-04-03,柴油涨价,
2016-04-03,通胀,
2016-04-03,物流成本,
2016-04-04,油价上涨,
2016-04-04,油价调整,
2016-04-04,汽油涨价,
2016-04-04,柴油涨价,
2016-04-04,通胀,
2016-04-04,物流成本,
2016-04-05,油价上涨,
2016-04-05,油价调整,
2016-04-05,汽油涨价,
2016-04-05,柴油涨价,
2016-04-05,通胀,
2016-04-05,物流成本,
2016-04-06,油价上涨,
2016-04-06,油价调整,
2016-04-06,汽油涨价,
2016-04-06,柴油涨价,
2016-04-06,通胀,
2016-04-06,物流成本,
2016-04-07,油价上涨,
2016-04-07,油价调整,
2016-04-07,汽油涨价,
2016-04-07,柴油涨价,
2016-04-07,通胀,
2016-04-07,物流成本,
2016-04-08,油价上涨,
2016-04-08,油价调整,
2016-04-08,汽油涨价,
2016-04-08,柴油涨价,
2016-04-08,通胀,
2016-04-08,物流成本,
2016-04-09,油价上涨,
2016-04-09,油价调整,
2016-04-09,汽油涨价,
2016-04-09,柴油涨价,
2016-04-09,通胀,
2016-04-09,物流成本,
2016-04-10,油价上涨,
2016-04-10,油价调整,
2016-04-10,汽油涨价,
2016-04-10,柴油涨价,
2016-04-10,通胀,
2016-04-10,物流成本,
2016-04-11,油价上涨,
2016-04-11,油价调整,
2016-04-11,汽油涨价,
2016-04-11,柴油涨价,
2016-04-11,通胀,
2016-04-11,物流成本,
2016-04-12,油价上涨,
2016-04-12,油价调整,
2016-04-12,汽油涨价,
2016-04-12,柴油涨价,
2016-04-12,通胀,
2016-04-12,物流成本,
2016-04-13,油价上涨,
2016-04-13,油价调整,
2016-04-13,汽油涨价,
2016-04-13,柴油涨价,
2016-04-13,通胀,
2016-04-13,物流成本,
2016-04-14,油价上涨,
2016-04-14,油价调整,
2016-04-14,汽油涨价,
2016-04-14,柴油涨价,
2016-04-14,通胀,
2016-04-14,物流成本,
2016-04-15,油价上涨,
2016-04-15,油价调整,
2016-04-15,汽油涨价,
2016-04-15,柴油涨价,
2016-04-15,通胀,
2016-04-15,物流成本,
2016-04-16,油价上涨,
2016-04-16,油价调整,
2016-04-16,汽油涨价,
2016-04-16,柴油涨价,
2016-04-16,通胀,
2016-04-16,物流成本,
2016-04-17,油价上涨,
2016-04-17,油价调整,
2016-04-17,汽油涨价,
2016-04-17,柴油涨价,
2016-04-17,通胀,
2016-04-17,物流成本,
2016-04-18,油价上涨,
2016-04-18,油价调整,
2016-04-18,汽油涨价,
2016-04-18,柴油涨价,
2016-04-18,通胀,
2016-04-18,物流成本,
2016-04-19,油价上涨,
2016-04-19,油价调整,
2016-04-19,汽油涨价,
2016-04-19,柴油涨价,
2016-04-19,通胀,
2016-04-19,物流成本,
2016-04-20,油价上涨,
2016-04-20,油价调整,
2016-04-20,汽油涨价,
2016-04-20,柴油涨价,
2016-04-20,通胀,
2016-04-20,物流成本,
2016-04-21,油价上涨,
2016-04-21,油价调整,
2016-04-21,汽油涨价,
2016-04-21,柴油涨价,
2016-04-21,通胀,
2016-04-21,物流成本,
2016-04-22,油价上涨,
2016-04-22,油价调整,
2016-04-22,汽油涨价,
2016-04-22,柴油涨价,
2016-04-22,通胀,
2016-04-22,物流成本,
2016-04-23,油价上涨,
2016-04-23,油价调整,
2016-04-23,汽油涨价,
2016-04-23,柴油涨价,
2016-04-23,通胀,
2016-04-23,物流成本,
2016-04-24,油价上涨,
2016-04-24,油价调整,
2016-04-24,汽油涨价,
2016-04-24,柴油涨价,
2016-04-24,通胀,
2016-04-24,物流成本,
2016-04-25,油价上涨,
2016-04-25,油价调整,
2016-04-25,汽油涨价,
2016-04-25,柴油涨价,
2016-04-25,通胀,
2016-04-25,物流成本,
2016-04-26,油价上涨,
2016-04-26,油价调整,
2016-04-26,汽油涨价,
2016-04-26,柴油涨价,
2016-04-26,通胀,
2016-04-26,物流成本,
2016-04-27,油价上涨,
2016-04-27,油价调整,
2016-04-27,汽油涨价,
2016-04-27,柴油涨价,
2016-04-27,通胀,
2016-04-27,物流成本,
2016-04-28,油价上涨,
2016-04-28,油价调整,
2016-04-28,汽油涨价,
2016-04-28,柴油涨价,
2016-04-28,通胀,
2016-04-28,物流成本,
2016-04-29,油价上涨,
2016-04-29,油价调整,
2016-04-29,汽油涨价,
2016-04-29,柴油涨价,
2016-04-29,通胀,
2016-04-29,物流成本,
2016-04-30,油价上涨,
2016-04-30,油价调整,
2016-04-30,汽油涨价,
2016-04-30,柴油涨价,
2016-04-30,通胀,
2016-04-30,物流成本,
2016-05-01,油价上涨,
2016-05-01,油价调整,
2016-05-01,汽油涨价,
2016-05-01,柴油涨价,
2016-05-01,通胀,
2016-05-01,物流成本,
2016-05-02,油价上涨,
2016-05-02,油价调整,
2016-05-02,汽油涨价,
2016-05-02,柴油涨价,
2016-05-02,通胀,
2016-05-02,物流成本,
2016-05-03,油价上涨,
2016-05-03,油价调整,
2016-05-03,汽油涨价,
2016-05-03,柴油涨价,
2016-05-03,通胀,
2016-05-03,物流成本,
2016-05-04,油价上涨,
2016-05-04,油价调整,
2016-05-04,汽油涨价,
2016-05-04,柴油涨价,
2016-05-04,通胀,
2016-05-04,物流成本,
2016-05-05,油价上涨,
2016-05-05,油价调整,
2016-05-05,汽油涨价,
2016-05-05,柴油涨价,
2016-05-05,通胀,
2016-05-05,物流成本,
2016-05-06,油价上涨,
2016-05-06,油价调整,
2016-05-06,汽油涨价,
2016-05-06,柴油涨价,
2016-05-06,通胀,
2016-05-06,物流成本,
2016-05-07,油价上涨,
2016-05-07,油价调整,
2016-05-07,汽油涨价,
2016-05-07,柴油涨价,
2016-05-07,通胀,
2016-05-07,物流成本,
2016-05-08,油价上涨,
2016-05-08,油价调整,
2016-05-08,汽油涨价,
2016-05-08,柴油涨价,
2016-05-08,通胀,
2016-05-08,物流成本,
2016-05-09,油价上涨,
2016-05-09,油价调整,
2016-05-09,汽油涨价,
2016-05-09,柴油涨价,
2016-05-09,通胀,
2016-05-09,物流成本,
2016-05-10,油价上涨,
2016-05-10,油价调整,
2016-05-10,汽油涨价,
2016-05-10,柴油涨价,
2016-05-10,通胀,
2016-05-10,物流成本,
2016-05-11,油价上涨,
2016-05-11,油价调整,
2016-05-11,汽油涨价,
2016-05-11,柴油涨价,
2016-05-11,通胀,
2016-05-11,物流成本,
2016-05-12,油价上涨,
2016-05-12,油价调整,
2016-05-12,汽油涨价,
2016-05-12,柴油涨价,
2016-05-12,通胀,
2016-05-12,物流成本,
2016-05-13,油价上涨,
2016-05-13,油价调整,
2016-05-13,汽油涨价,
2016-05-13,柴油涨价,
2016-05-13,通胀,
2016-05-13,物流成本,
2016-05-14,油价上涨,
2016-05-14,油价调整,
2016-05-14,汽油涨价,
2016-05-14,柴油涨价,
2016-05-14,通胀,
2016-05-14,物流成本,
2016-05-15,油价上涨,
2016-05-15,油价调整,
2016-05-15,汽油涨价,
2016-05-15,柴油涨价,
2016-05-15,通胀,
2016-05-15,物流成本,
2016-05-16,油价上涨,
2016-05-16,油价调整,
2016-05-16,汽油涨价,
2016-05-16,柴油涨价,
2016-05-16,通胀,
2016-05-16,物流成本,
2016-05-17,油价上涨,
2016-05-17,油价调整,
2016-05-17,汽油涨价,
2016-05-17,柴油涨价,
2016-05-17,通胀,
2016-05-17,物流成本,
2016-05-18,油价上涨,
2016-05-18,油价调整,
2016-05-18,汽油涨价,
2016-05-18,柴油涨价,
2016-05-18,通胀,
2016-05-18,物流成本,
2016-05-19,油价上涨,
2016-05-19,油价调整,
2016-05-19,汽油涨价,
2016-05-19,柴油涨价,
2016-05-19,通胀,
2016-05-19,物流成本,
2016-05-20,油价上涨,
2016-05-20,油价调整,
2016-05-20,汽油涨价,
2016-05-20,柴油涨价,
2016-05-20,通胀,
2016-05-20,物流成本,
2016-05-21,油价上涨,
2016-05-21,油价调整,
2016-05-21,汽油涨价,
2016-05-21,柴油涨价,
2016-05-21,通胀,
2016-05-21,物流成本,
2016-05-22,油价上涨,
2016-05-22,油价调整,
2016-05-22,汽油涨价,
2016-05-22,柴油涨价,
2016-05-22,通胀,
2016-05-22,物流成本,
2016-05-23,油价上涨,
2016-05-23,油价调整,
2016-05-23,汽油涨价,
2016-05-23,柴油涨价,
2016-05-23,通胀,
2016-05-23,物流成本,
2016-05-24,油价上涨,
2016-05-24,油价调整,
2016-05-24,汽油涨价,
2016-05-24,柴油涨价,
2016-05-24,通胀,
2016-05-24,物流成本,
2016-05-25,油价上涨,
2016-05-25,油价调整,
2016-05-25,汽油涨价,
2016-05-25,柴油涨价,
2016-05-25,通胀,
2016-05-25,物流成本,
2016-05-26,油价上涨,
2016-05-26,油价调整,
2016-05-26,汽油涨价,
2016-05-26,柴油涨价,
2016-05-26,通胀,
2016-05-26,物流成本,
2016-05-27,油价上涨,
2016-05-27,油价调整,
2016-05-27,汽油涨价,
2016-05-27,柴油涨价,
2016-05-27,通胀,
2016-05-27,物流成本,
2016-05-28,油价上涨,
2016-05-28,油价调整,
2016-05-28,汽油涨价,
2016-05-28,柴油涨价,
2016-05-28,通胀,
2016-05-28,物流成本,
2016-05-29,油价上涨,
2016-05-29,油价调整,
2016-05-29,汽油涨价,
2016-05-29,柴油涨价,
2016-05-29,通胀,
2016-05-29,物流成本,
2016-05-30,油价上涨,
2016-05-30,油价调整,
2016-05-30,汽油涨价,
2016-05-30,柴油涨价,
2016-05-30,通胀,
2016-05-30,物流成本,
2016-05-31,油价上涨,
2016-05-31,油价调整,
2016-05-31,汽油涨价,
2016-05-31,柴油涨价,
2016-05-31,通胀,
2016-05-31,物流成本,
2016-06-01,油价上涨,
2016-06-01,油价调整,
2016-06-01,汽油涨价,
2016-06-01,柴油涨价,
2016-06-01,通胀,
2016-06-01,物流成本,
2016-06-02,油价上涨,
2016-06-02,油价调整,
2016-06-02,汽油涨价,
2016-06-02,柴油涨价,
2016-06-02,通胀,
2016-06-02,物流成本,
2016-06-03,油价上涨,
2016-06-03,油价调整,
2016-06-03,汽油涨价,
2016-06-03,柴油涨价,
2016-06-03,通胀,
2016-06-03,物流成本,
2016-06-04,油价上涨,
2016-06-04,油价调整,
2016-06-04,汽油涨价,
2016-06-04,柴油涨价,
2016-06-04,通胀,
2016-06-04,物流成本,
2016-06-05,油价上涨,
2016-06-05,油价调整,
2016-06-05,汽油涨价,
2016-06-05,柴油涨价,
2016-06-05,通胀,
2016-06-05,物流成本,
2016-06-06,油价上涨,
2016-06-06,油价调整,
2016-06-06,汽油涨价,
2016-06-06,柴油涨价,
2016-06-06,通胀,
2016-06-06,物流成本,
2016-06-07,油价上涨,
2016-06-07,油价调整,
2016-06-07,汽油涨价,
2016-06-07,柴油涨价,
2016-06-07,通胀,
2016-06-07,物流成本,
2016-06-08,油价上涨,
2016-06-08,油价调整,
2016-06-08,汽油涨价,
2016-06-08,柴油涨价,
2016-06-08,通胀,
2016-06-08,物流成本,
2016-06-09,油价上涨,
2016-06-09,油价调整,
2016-06-09,汽油涨价,
2016-06-09,柴油涨价,
2016-06-09,通胀,
2016-06-09,物流成本,
2016-06-10,油价上涨,
2016-06-10,油价调整,
2016-06-10,汽油涨价,
2016-06-10,柴油涨价,
2016-06-10,通胀,
2016-06-10,物流成本,
2016-06-11,油价上涨,
2016-06-11,油价调整,
2016-06-11,汽油涨价,
2016-06-11,柴油涨价,
2016-06-11,通胀,
2016-06-11,物流成本,
2016-06-12,油价上涨,
2016-06-12,油价调整,
2016-06-12,汽油涨价,
2016-06-12,柴油涨价,
2016-06-12,通胀,
2016-06-12,物流成本,
2016-06-13,油价上涨,
2016-06-13,油价调整,
2016-06-13,汽油涨价,
2016-06-13,柴油涨价,
2016-06-13,通胀,
2016-06-13,物流成本,
2016-06-14,油价上涨,
2016-06-14,油价调整,
2016-06-14,汽油涨价,
2016-06-14,柴油涨价,
2016-06-14,通胀,
2016-06-14,物流成本,
2016-06-15,油价上涨,
2016-06-15,油价调整,
2016-06-15,汽油涨价,
2016-06-15,柴油涨价,
2016-06-15,通胀,
2016-06-15,物流成本,
2016-06-16,油价上涨,
2016-06-16,油价调整,
2016-06-16,汽油涨价,
2016-06-16,柴油涨价,
2016-06-16,通胀,
2016-06-16,物流成本,
2016-06-17,油价上涨,
2016-06-17,油价调整,
2016-06-17,汽油涨价,
2016-06-17,柴油涨价,
2016-06-17,通胀,
2016-06-17,物流成本,
2016-06-18,油价上涨,
2016-06-18,油价调整,
2016-06-18,汽油涨价,
2016-06-18,柴油涨价,
2016-06-18,通胀,
2016-06-18,物流成本,
2016-06-19,油价上涨,
2016-06-19,油价调整,
2016-06-19,汽油涨价,
2016-06-19,柴油涨价,
2016-06-19,通胀,
2016-06-19,物流成本,
2016-06-20,油价上涨,
2016-06-20,油价调整,
2016-06-20,汽油涨价,
2016-06-20,柴油涨价,
2016-06-20,通胀,
2016-06-20,物流成本,
2016-06-21,油价上涨,
2016-06-21,油价调整,
2016-06-21,汽油涨价,
2016-06-21,柴油涨价,
2016-06-21,通胀,
2016-06-21,物流成本,
2016-06-22,油价上涨,
2016-06-22,油价调整,
2016-06-22,汽油涨价,
2016-06-22,柴油涨价,
2016-06-22,通胀,
2016-06-22,物流成本,
2016-06-23,油价上涨,
2016-06-23,油价调整,
2016-06-23,汽油涨价,
2016-06-23,柴油涨价,
2016-06-23,通胀,
2016-06-23,物流成本,
2016-06-24,油价上涨,
2016-06-24,油价调整,
2016-06-24,汽油涨价,
2016-06-24,柴油涨价,
2016-06-24,通胀,
2016-06-24,物流成本,
2016-06-25,油价上涨,
2016-06-25,油价调整,
2016-06-25,汽油涨价,
2016-06-25,柴油涨价,
2016-06-25,通胀,
2016-06-25,物流成本,
2016-06-26,油价上涨,
2016-06-26,油价调整,
2016-06-26,汽油涨价,
2016-06-26,柴油涨价,
2016-06-26,通胀,
2016-06-26,物流成本,
2016-06-27,油价上涨,
2016-06-27,油价调整,
2016-06-27,汽油涨价,
2016-06-27,柴油涨价,
2016-06-27,通胀,
2016-06-27,物流成本,
2016-06-28,油价上涨,
2016-06-28,油价调整,
2016-06-28,汽油涨价,
2016-06-28,柴油涨价,
2016-06-28,通胀,
2016-06-28,物流成本,
2016-06-29,油价上涨,
2016-06-29,油价调整,
2016-06-29,汽油涨价,
2016-06-29,柴油涨价,
2016-06-29,通胀,
2016-06-29,物流成本,
2016-06-30,油价上涨,
2016-06-30,油价调整,
2016-06-30,汽油涨价,
2016-06-30,柴油涨价,
2016-06-30,通胀,
2016-06-30,物流成本,
2016-07-01,油价上涨,
2016-07-01,油价调整,
2016-07-01,汽油涨价,
2016-07-01,柴油涨价,
2016-07-01,通胀,
2016-07-01,物流成本,
2016-07-02,油价上涨,
2016-07-02,油价调整,
2016-07-02,汽油涨价,
2016-07-02,柴油涨价,
2016-07-02,通胀,
2016-07-02,物流成本,
2016-07-03,油价上涨,
2016-07-03,油价调整,
2016-07-03,汽油涨价,
2016-07-03,柴油涨价,
2016-07-03,通胀,
2016-07-03,物流成本,
2016-07-04,油价上涨,
2016-07-04,油价调整,
2016-07-04,汽油涨价,
2016-07-04,柴油涨价,
2016-07-04,通胀,
2016-07-04,物流成本,
2016-07-05,油价上涨,
2016-07-05,油价调整,
2016-07-05,汽油涨价,
2016-07-05,柴油涨价,
2016-07-05,通胀,
2016-07-05,物流成本,
2016-07-06,油价上涨,
2016-07-06,油价调整,
2016-07-06,汽油涨价,
2016-07-06,柴油涨价,
2016-07-06,通胀,
2016-07-06,物流成本,
2016-07-07,油价上涨,
2016-07-07,油价调整,
2016-07-07,汽油涨价,
2016-07-07,柴油涨价,
2016-07-07,通胀,
2016-07-07,物流成本,
2016-07-08,油价上涨,
2016-07-08,油价调整,
2016-07-08,汽油涨价,
2016-07-08,柴油涨价,
2016-07-08,通胀,
2016-07-08,物流成本,
2016-07-09,油价上涨,
2016-07-09,油价调整,
2016-07-09,汽油涨价,
2016-07-09,柴油涨价,
2016-07-09,通胀,
2016-07-09,物流成本,
2016-07-10,油价上涨,
2016-07-10,油价调整,
2016-07-10,汽油涨价,
2016-07-10,柴油涨价,
2016-07-10,通胀,
2016-07-10,物流成本,
2016-07-11,油价上涨,
2016-07-11,油价调整,
2016-07-11,汽油涨价,
2016-07-11,柴油涨价,
2016-07-11,通胀,
2016-07-11,物流成本,
2016-07-12,油价上涨,
2016-07-12,油价调整,
2016-07-12,汽油涨价,
2016-07-12,柴油涨价,
2016-07-12,通胀,
2016-07-12,物流成本,
2016-07-13,油价上涨,
2016-07-13,油价调整,
2016-07-13,汽油涨价,
2016-07-13,柴油涨价,
2016-07-13,通胀,
2016-07-13,物流成本,
2016-07-14,油价上涨,
2016-07-14,油价调整,
2016-07-14,汽油涨价,
2016-07-14,柴油涨价,
2016-07-14,通胀,
2016-07-14,物流成本,
2016-07-15,油价上涨,
2016-07-15,油价调整,
2016-07-15,汽油涨价,
2016-07-15,柴油涨价,
2016-07-15,通胀,
2016-07-15,物流成本,
2016-07-16,油价上涨,
2016-07-16,油价调整,
2016-07-16,汽油涨价,
2016-07-16,柴油涨价,
2016-07-16,通胀,
2016-07-16,物流成本,
2016-07-17,油价上涨,
2016-07-17,油价调整,
2016-07-17,汽油涨价,
2016-07-17,柴油涨价,
2016-07-17,通胀,
2016-07-17,物流成本,
2016-07-18,油价上涨,
2016-07-18,油价调整,
2016-07-18,汽油涨价,
2016-07-18,柴油涨价,
2016-07-18,通胀,
2016-07-18,物流成本,
2016-07-19,油价上涨,
2016-07-19,油价调整,
2016-07-19,汽油涨价,
2016-07-19,柴油涨价,
2016-07-19,通胀,
2016-07-19,物流成本,
2016-07-20,油价上涨,
2016-07-20,油价调整,
2016-07-20,汽油涨价,
2016-07-20,柴油涨价,
2016-07-20,通胀,
2016-07-20,物流成本,
2016-07-21,油价上涨,
2016-07-21,油价调整,
2016-07-21,汽油涨价,
2016-07-21,柴油涨价,
2016-07-21,通胀,
2016-07-21,物流成本,
2016-07-22,油价上涨,
2016-07-22,油价调整,
2016-07-22,汽油涨价,
2016-07-22,柴油涨价,
2016-07-22,通胀,
2016-07-22,物流成本,
2016-07-23,油价上涨,
2016-07-23,油价调整,
2016-07-23,汽油涨价,
2016-07-23,柴油涨价,
2016-07-23,通胀,
2016-07-23,物流成本,
2016-07-24,油价上涨,
2016-07-24,油价调整,
2016-07-24,汽油涨价,
2016-07-24,柴油涨价,
2016-07-24,通胀,
2016-07-24,物流成本,
2016-07-25,油价上涨,
2016-07-25,油价调整,
2016-07-25,汽油涨价,
2016-07-25,柴油涨价,
2016-07-25,通胀,
2016-07-25,物流成本,
2016-07-26,油价上涨,
2016-07-26,油价调整,
2016-07-26,汽油涨价,
2016-07-26,柴油涨价,
2016-07-26,通胀,
2016-07-26,物流成本,
2016-07-27,油价上涨,
2016-07-27,油价调整,
2016-07-27,汽油涨价,
2016-07-27,柴油涨价,
2016-07-27,通胀,
2016-07-27,物流成本,
2016-07-28,油价上涨,
2016-07-28,油价调整,
2016-07-28,汽油涨价,
2016-07-28,柴油涨价,
2016-07-28,通胀,
2016-07-28,物流成本,
2016-07-29,油价上涨,
2016-07-29,油价调整,
2016-07-29,汽油涨价,
2016-07-29,柴油涨价,
2016-07-29,通胀,
2016-07-29,物流成本,
2016-07-30,油价上涨,
2016-07-30,油价调整,
2016-07-30,汽油涨价,
2016-07-30,柴油涨价,
2016-07-30,通胀,
2016-07-30,物流成本,
2016-07-31,油价上涨,
2016-07-31,油价调整,
2016-07-31,汽油涨价,
2016-07-31,柴油涨价,
2016-07-31,通胀,
2016-07-31,物流成本,
2016-08-01,油价上涨,
2016-08-01,油价调整,
2016-08-01,汽油涨价,
2016-08-01,柴油涨价,
2016-08-01,通胀,
2016-08-01,物流成本,
2016-08-02,油价上涨,
2016-08-02,油价调整,
2016-08-02,汽油涨价,
2016-08-02,柴油涨价,
2016-08-02,通胀,
2016-08-02,物流成本,
2016-08-03,油价上涨,
2016-08-03,油价调整,
2016-08-03,汽油涨价,
2016-08-03,柴油涨价,
2016-08-03,通胀,
2016-08-03,物流成本,
2016-08-04,油价上涨,
2016-08-04,油价调整,
2016-08-04,汽油涨价,
2016-08-04,柴油涨价,
2016-08-04,通胀,
2016-08-04,物流成本,
2016-08-05,油价上涨,
2016-08-05,油价调整,
2016-08-05,汽油涨价,
2016-08-05,柴油涨价,
2016-08-05,通胀,
2016-08-05,物流成本,
2016-08-06,油价上涨,
2016-08-06,油价调整,
2016-08-06,汽油涨价,
2016-08-06,柴油涨价,
2016-08-06,通胀,
2016-08-06,物流成本,
2016-08-07,油价上涨,
2016-08-07,油价调整,
2016-08-07,汽油涨价,
2016-08-07,柴油涨价,
2016-08-07,通胀,
2016-08-07,物流成本,
2016-08-08,油价上涨,
2016-08-08,油价调整,
2016-08-08,汽油涨价,
2016-08-08,柴油涨价,
2016-08-08,通胀,
2016-08-08,物流成本,
2016-08-09,油价上涨,
2016-08-09,油价调整,
2016-08-09,汽油涨价,
2016-08-09,柴油涨价,
2016-08-09,通胀,
2016-08-09,物流成本,
2016-08-10,油价上涨,
2016-08-10,油价调整,
2016-08-10,汽油涨价,
2016-08-10,柴油涨价,
2016-08-10,通胀,
2016-08-10,物流成本,
2016-08-11,油价上涨,
2016-08-11,油价调整,
2016-08-11,汽油涨价,
2016-08-11,柴油涨价,
2016-08-11,通胀,
2016-08-11,物流成本,
2016-08-12,油价上涨,
2016-08-12,油价调整,
2016-08-12,汽油涨价,
2016-08-12,柴油涨价,
2016-08-12,通胀,
2016-08-12,物流成本,
2016-08-13,油价上涨,
2016-08-13,油价调整,
2016-08-13,汽油涨价,
2016-08-13,柴油涨价,
2016-08-13,通胀,
2016-08-13,物流成本,
2016-08-14,油价上涨,
2016-08-14,油价调整,
2016-08-14,汽油涨价,
2016-08-14,柴油涨价,
2016-08-14,通胀,
2016-08-14,物流成本,
2016-08-15,油价上涨,
2016-08-15,油价调整,
2016-08-15,汽油涨价,
2016-08-15,柴油涨价,
2016-08-15,通胀,
2016-08-15,物流成本,
2016-08-16,油价上涨,
2016-08-16,油价调整,
2016-08-16,汽油涨价,
2016-08-16,柴油涨价,
2016-08-16,通胀,
2016-08-16,物流成本,
2016-08-17,油价上涨,
2016-08-17,油价调整,
2016-08-17,汽油涨价,
2016-08-17,柴油涨价,
2016-08-17,通胀,
2016-08-17,物流成本,
2016-08-18,油价上涨,
2016-08-18,油价调整,
2016-08-18,汽油涨价,
2016-08-18,柴油涨价,
2016-08-18,通胀,
2016-08-18,物流成本,
2016-08-19,油价上涨,
2016-08-19,油价调整,
2016-08-19,汽油涨价,
2016-08-19,柴油涨价,
2016-08-19,通胀,
2016-08-19,物流成本,
2016-08-20,油价上涨,
2016-08-20,油价调整,
2016-08-20,汽油涨价,
2016-08-20,柴油涨价,
2016-08-20,通胀,
2016-08-20,物流成本,
2016-08-21,油价上涨,
2016-08-21,油价调整,
2016-08-21,汽油涨价,
2016-08-21,柴油涨价,
2016-08-21,通胀,
2016-08-21,物流成本,
2016-08-22,油价上涨,
2016-08-22,油价调整,
2016-08-22,汽油涨价,
2016-08-22,柴油涨价,
2016-08-22,通胀,
2016-08-22,物流成本,
2016-08-23,油价上涨,
2016-08-23,油价调整,
2016-08-23,汽油涨价,
2016-08-23,柴油涨价,
2016-08-23,通胀,
2016-08-23,物流成本,
2016-08-24,油价上涨,
2016-08-24,油价调整,
2016-08-24,汽油涨价,
2016-08-24,柴油涨价,
2016-08-24,通胀,
2016-08-24,物流成本,
2016-08-25,油价上涨,
2016-08-25,油价调整,
2016-08-25,汽油涨价,
2016-08-25,柴油涨价,
2016-08-25,通胀,
2016-08-25,物流成本,
2016-08-26,油价上涨,
2016-08-26,油价调整,
2016-08-26,汽油涨价,
2016-08-26,柴油涨价,
2016-08-26,通胀,
2016-08-26,物流成本,
2016-08-27,油价上涨,
2016-08-27,油价调整,
2016-08-27,汽油涨价,
2016-08-27,柴油涨价,
2016-08-27,通胀,
2016-08-27,物流成本,
2016-08-28,油价上涨,
2016-08-28,油价调整,
2016-08-28,汽油涨价,
2016-08-28,柴油涨价,
2016-08-28,通胀,
2016-08-28,物流成本,
2016-08-29,油价上涨,
2016-08-29,油价调整,
2016-08-29,汽油涨价,
2016-08-29,柴油涨价,
2016-08-29,通胀,
2016-08-29,物流成本,
2016-08-30,油价上涨,
2016-08-30,油价调整,
2016-08-30,汽油涨价,
2016-08-30,柴油涨价,
2016-08-30,通胀,
2016-08-30,物流成本,
2016-08-31,油价上涨,
2016-08-31,油价调整,
2016-08-31,汽油涨价,
2016-08-31,柴油涨价,
2016-08-31,通胀,
2016-08-31,物流成本,
2016-09-01,油价上涨,
2016-09-01,油价调整,
2016-09-01,汽油涨价,
2016-09-01,柴油涨价,
2016-09-01,通胀,
2016-09-01,物流成本,
2016-09-02,油价上涨,
2016-09-02,油价调整,
2016-09-02,汽油涨价,
2016-09-02,柴油涨价,
2016-09-02,通胀,
2016-09-02,物流成本,
2016-09-03,油价上涨,
2016-09-03,油价调整,
2016-09-03,汽油涨价,
2016-09-03,柴油涨价,
2016-09-03,通胀,
2016-09-03,物流成本,
2016-09-04,油价上涨,
2016-09-04,油价调整,
2016-09-04,汽油涨价,
2016-09-04,柴油涨价,
2016-09-04,通胀,
2016-09-04,物流成本,
2016-09-05,油价上涨,
2016-09-05,油价调整,
2016-09-05,汽油涨价,
2016-09-05,柴油涨价,
2016-09-05,通胀,
2016-09-05,物流成本,
2016-09-06,油价上涨,
2016-09-06,油价调整,
2016-09-06,汽油涨价,
2016-09-06,柴油涨价,
2016-09-06,通胀,
2016-09-06,物流成本,
2016-09-07,油价上涨,
2016-09-07,油价调整,
2016-09-07,汽油涨价,
2016-09-07,柴油涨价,
2016-09-07,通胀,
2016-09-07,物流成本,
2016-09-08,油价上涨,
2016-09-08,油价调整,
2016-09-08,汽油涨价,
2016-09-08,柴油涨价,
2016-09-08,通胀,
2016-09-08,物流成本,
2016-09-09,油价上涨,
2016-09-09,油价调整,
2016-09-09,汽油涨价,
2016-09-09,柴油涨价,
2016-09-09,通胀,
2016-09-09,物流成本,
2016-09-10,油价上涨,
2016-09-10,油价调整,
2016-09-10,汽油涨价,
2016-09-10,柴油涨价,
2016-09-10,通胀,
2016-09-10,物流成本,
2016-09-11,油价上涨,
2016-09-11,油价调整,
2016-09-11,汽油涨价,
2016-09-11,柴油涨价,
2016-09-11,通胀,
2016-09-11,物流成本,
2016-09-12,油价上涨,
2016-09-12,油价调整,
2016-09-12,汽油涨价,
2016-09-12,柴油涨价,
2016-09-12,通胀,
2016-09-12,物流成本,
2016-09-13,油价上涨,
2016-09-13,油价调整,
2016-09-13,汽油涨价,
2016-09-13,柴油涨价,
2016-09-13,通胀,
2016-09-13,物流成本,
2016-09-14,油价上涨,
2016-09-14,油价调整,
2016-09-14,汽油涨价,
2016-09-14,柴油涨价,
2016-09-14,通胀,
2016-09-14,物流成本,
2016-09-15,油价上涨,
2016-09-15,油价调整,
2016-09-15,汽油涨价,
2016-09-15,柴油涨价,
2016-09-15,通胀,
2016-09-15,物流成本,
2016-09-16,油价上涨,
2016-09-16,油价调整,
2016-09-16,汽油涨价,
2016-09-16,柴油涨价,
2016-09-16,通胀,
2016-09-16,物流成本,
2016-09-17,油价上涨,
2016-09-17,油价调整,
2016-09-17,汽油涨价,
2016-09-17,柴油涨价,
2016-09-17,通胀,
2016-09-17,物流成本,
2016-09-18,油价上涨,
2016-09-18,油价调整,
2016-09-18,汽油涨价,
2016-09-18,柴油涨价,
2016-09-18,通胀,
2016-09-18,物流成本,
2016-09-19,油价上涨,
2016-09-19,油价调整,
2016-09-19,汽油涨价,
2016-09-19,柴油涨价,
2016-09-19,通胀,
2016-09-19,物流成本,
2016-09-20,油价上涨,
2016-09-20,油价调整,
2016-09-20,汽油涨价,
2016-09-20,柴油涨价,
2016-09-20,通胀,
2016-09-20,物流成本,
2016-09-21,油价上涨,
2016-09-21,油价调整,
2016-09-21,汽油涨价,
2016-09-21,柴油涨价,
2016-09-21,通胀,
2016-09-21,物流成本,
2016-09-22,油价上涨,
2016-09-22,油价调整,
2016-09-22,汽油涨价,
2016-09-22,柴油涨价,
2016-09-22,通胀,
2016-09-22,物流成本,
2016-09-23,油价上涨,
2016-09-23,油价调整,
2016-09-23,汽油涨价,
2016-09-23,柴油涨价,
2016-09-23,通胀,
2016-09-23,物流成本,
2016-09-24,油价上涨,
2016-09-24,油价调整,
2016-09-24,汽油涨价,
2016-09-24,柴油涨价,
2016-09-24,通胀,
2016-09-24,物流成本,
2016-09-25,油价上涨,
2016-09-25,油价调整,
2016-09-25,汽油涨价,
2016-09-25,柴油涨价,
2016-09-25,通胀,
2016-09-25,物流成本,
2016-09-26,油价上涨,
2016-09-26,油价调整,
2016-09-26,汽油涨价,
2016-09-26,柴油涨价,
2016-09-26,通胀,
2016-09-26,物流成本,
2016-09-27,油价上涨,
2016-09-27,油价调整,
2016-09-27,汽油涨价,
2016-09-27,柴油涨价,
2016-09-27,通胀,
2016-09-27,物流成本,
2016-09-28,油价上涨,
2016-09-28,油价调整,
2016-09-28,汽油涨价,
2016-09-28,柴油涨价,
2016-09-28,通胀,
2016-09-28,物流成本,
2016-09-29,油价上涨,
2016-09-29,油价调整,
2016-09-29,汽油涨价,
2016-09-29,柴油涨价,
2016-09-29,通胀,
2016-09-29,物流成本,
2016-09-30,油价上涨,
2016-09-30,油价调整,
2016-09-30,汽油涨价,
2016-09-30,柴油涨价,
2016-09-30,通胀,
2016-09-30,物流成本,
2016-10-01,油价上涨,
2016-10-01,油价调整,
2016-10-01,汽油涨价,
2016-10-01,柴油涨价,
2016-10-01,通胀,
2016-10-01,物流成本,
2016-10-02,油价上涨,
2016-10-02,油价调整,
2016-10-02,汽油涨价,
2016-10-02,柴油涨价,
2016-10-02,通胀,
2016-10-02,物流成本,
2016-10-03,油价上涨,
2016-10-03,油价调整,
2016-10-03,汽油涨价,
2016-10-03,柴油涨价,
2016-10-03,通胀,
2016-10-03,物流成本,
2016-10-04,油价上涨,
2016-10-04,油价调整,
2016-10-04,汽油涨价,
2016-10-04,柴油涨价,
2016-10-04,通胀,
2016-10-04,物流成本,
2016-10-05,油价上涨,
2016-10-05,油价调整,
2016-10-05,汽油涨价,
2016-10-05,柴油涨价,
2016-10-05,通胀,
2016-10-05,物流成本,
2016-10-06,油价上涨,
2016-10-06,油价调整,
2016-10-06,汽油涨价,
2016-10-06,柴油涨价,
2016-10-06,通胀,
2016-10-06,物流成本,
2016-10-07,油价上涨,
2016-10-07,油价调整,
2016-10-07,汽油涨价,
2016-10-07,柴油涨价,
2016-10-07,通胀,
2016-10-07,物流成本,
2016-10-08,油价上涨,
2016-10-08,油价调整,
2016-10-08,汽油涨价,
2016-10-08,柴油涨价,
2016-10-08,通胀,
2016-10-08,物流成本,
2016-10-09,油价上涨,
2016-10-09,油价调整,
2016-10-09,汽油涨价,
2016-10-09,柴油涨价,
2016-10-09,通胀,
2016-10-09,物流成本,
2016-10-10,油价上涨,
2016-10-10,油价调整,
2016-10-10,汽油涨价,
2016-10-10,柴油涨价,
2016-10-10,通胀,
2016-10-10,物流成本,
2016-10-11,油价上涨,
2016-10-11,油价调整,
2016-10-11,汽油涨价,
2016-10-11,柴油涨价,
2016-10-11,通胀,
2016-10-11,物流成本,
2016-10-12,油价上涨,
2016-10-12,油价调整,
2016-10-12,汽油涨价,
2016-10-12,柴油涨价,
2016-10-12,通胀,
2016-10-12,物流成本,
2016-10-13,油价上涨,
2016-10-13,油价调整,
2016-10-13,汽油涨价,
2016-10-13,柴油涨价,
2016-10-13,通胀,
2016-10-13,物流成本,
2016-10-14,油价上涨,
2016-10-14,油价调整,
2016-10-14,汽油涨价,
2016-10-14,柴油涨价,
2016-10-14,通胀,
2016-10-14,物流成本,
2016-10-15,油价上涨,
2016-10-15,油价调整,
2016-10-15,汽油涨价,
2016-10-15,柴油涨价,
2016-10-15,通胀,
2016-10-15,物流成本,
2016-10-16,油价上涨,
2016-10-16,油价调整,
2016-10-16,汽油涨价,
2016-10-16,柴油涨价,
2016-10-16,通胀,
2016-10-16,物流成本,
2016-10-17,油价上涨,
2016-10-17,油价调整,
2016-10-17,汽油涨价,
2016-10-17,柴油涨价,
2016-10-17,通胀,
2016-10-17,物流成本,
2016-10-18,油价上涨,
2016-10-18,油价调整,
2016-10-18,汽油涨价,
2016-10-18,柴油涨价,
2016-10-18,通胀,
2016-10-18,物流成本,
2016-10-19,油价上涨,
2016-10-19,油价调整,
2016-10-19,汽油涨价,
2016-10-19,柴油涨价,
2016-10-19,通胀,
2016-10-19,物流成本,
2016-10-20,油价上涨,
2016-10-20,油价调整,
2016-10-20,汽油涨价,
2016-10-20,柴油涨价,
2016-10-20,通胀,
2016-10-20,物流成本,
2016-10-21,油价上涨,
2016-10-21,油价调整,
2016-10-21,汽油涨价,
2016-10-21,柴油涨价,
2016-10-21,通胀,
2016-10-21,物流成本,
2016-10-22,油价上涨,
2016-10-22,油价调整,
2016-10-22,汽油涨价,
2016-10-22,柴油涨价,
2016-10-22,通胀,
2016-10-22,物流成本,
2016-10-23,油价上涨,
2016-10-23,油价调整,
2016-10-23,汽油涨价,
2016-10-23,柴油涨价,
2016-10-23,通胀,
2016-10-23,物流成本,
2016-10-24,油价上涨,
2016-10-24,油价调整,
2016-10-24,汽油涨价,
2016-10-24,柴油涨价,
2016-10-24,通胀,
2016-10-24,物流成本,
2016-10-25,油价上涨,
2016-10-25,油价调整,
2016-10-25,汽油涨价,
2016-10-25,柴油涨价,
2016-10-25,通胀,
2016-10-25,物流成本,
2016-10-26,油价上涨,
2016-10-26,油价调整,
2016-10-26,汽油涨价,
2016-10-26,柴油涨价,
2016-10-26,通胀,
2016-10-26,物流成本,
2016-10-27,油价上涨,
2016-10-27,油价调整,
2016-10-27,汽油涨价,
2016-10-27,柴油涨价,
2016-10-27,通胀,
2016-10-27,物流成本,
2016-10-28,油价上涨,
2016-10-28,油价调整,
2016-10-28,汽油涨价,
2016-10-28,柴油涨价,
2016-10-28,通胀,
2016-10-28,物流成本,
2016-10-29,油价上涨,
2016-10-29,油价调整,
2016-10-29,汽油涨价,
2016-10-29,柴油涨价,
2016-10-29,通胀,
2016-10-29,物流成本,
2016-10-30,油价上涨,
2016-10-30,油价调整,
2016-10-30,汽油涨价,
2016-10-30,柴油涨价,
2016-10-30,通胀,
2016-10-30,物流成本,
2016-10-31,油价上涨,
2016-10-31,油价调整,
2016-10-31,汽油涨价,
2016-10-31,柴油涨价,
2016-10-31,通胀,
2016-10-31,物流成本,
2016-11-01,油价上涨,
2016-11-01,油价调整,
2016-11-01,汽油涨价,
2016-11-01,柴油涨价,
2016-11-01,通胀,
2016-11-01,物流成本,
2016-11-02,油价上涨,
2016-11-02,油价调整,
2016-11-02,汽油涨价,
2016-11-02,柴油涨价,
2016-11-02,通胀,
2016-11-02,物流成本,
2016-11-03,油价上涨,
2016-11-03,油价调整,
2016-11-03,汽油涨价,
2016-11-03,柴油涨价,
2016-11-03,通胀,
2016-11-03,物流成本,
2016-11-04,油价上涨,
2016-11-04,油价调整,
2016-11-04,汽油涨价,
2016-11-04,柴油涨价,
2016-11-04,通胀,
2016-11-04,物流成本,
2016-11-05,油价上涨,
2016-11-05,油价调整,
2016-11-05,汽油涨价,
2016-11-05,柴油涨价,
2016-11-05,通胀,
2016-11-05,物流成本,
2016-11-06,油价上涨,
2016-11-06,油价调整,
2016-11-06,汽油涨价,
2016-11-06,柴油涨价,
2016-11-06,通胀,
2016-11-06,物流成本,
2016-11-07,油价上涨,
2016-11-07,油价调整,
2016-11-07,汽油涨价,
2016-11-07,柴油涨价,
2016-11-07,通胀,
2016-11-07,物流成本,
2016-11-08,油价上涨,
2016-11-08,油价调整,
2016-11-08,汽油涨价,
2016-11-08,柴油涨价,
2016-11-08,通胀,
2016-11-08,物流成本,
2016-11-09,油价上涨,
2016-11-09,油价调整,
2016-11-09,汽油涨价,
2016-11-09,柴油涨价,
2016-11-09,通胀,
2016-11-09,物流成本,
2016-11-10,油价上涨,
2016-11-10,油价调整,
2016-11-10,汽油涨价,
2016-11-10,柴油涨价,
2016-11-10,通胀,
2016-11-10,物流成本,
2016-11-11,油价上涨,
2016-11-11,油价调整,
2016-11-11,汽油涨价,
2016-11-11,柴油涨价,
2016-11-11,通胀,
2016-11-11,物流成本,
2016-11-12,油价上涨,
2016-11-12,油价调整,
2016-11-12,汽油涨价,
2016-11-12,柴油涨价,
2016-11-12,通胀,
2016-11-12,物流成本,
2016-11-13,油价上涨,
2016-11-13,油价调整,
2016-11-13,汽油涨价,
2016-11-13,柴油涨价,
2016-11-13,通胀,
2016-11-13,物流成本,
2016-11-14,油价上涨,
2016-11-14,油价调整,
2016-11-14,汽油涨价,
2016-11-14,柴油涨价,
2016-11-14,通胀,
2016-11-14,物流成本,
2016-11-15,油价上涨,
2016-11-15,油价调整,
2016-11-15,汽油涨价,
2016-11-15,柴油涨价,
2016-11-15,通胀,
2016-11-15,物流成本,
2016-11-16,油价上涨,
2016-11-16,油价调整,
2016-11-16,汽油涨价,
2016-11-16,柴油涨价,
2016-11-16,通胀,
2016-11-16,物流成本,
2016-11-17,油价上涨,
2016-11-17,油价调整,
2016-11-17,汽油涨价,
2016-11-17,柴油涨价,
2016-11-17,通胀,
2016-11-17,物流成本,
2016-11-18,油价上涨,
2016-11-18,油价调整,
2016-11-18,汽油涨价,
2016-11-18,柴油涨价,
2016-11-18,通胀,
2016-11-18,物流成本,
2016-11-19,油价上涨,
2016-11-19,油价调整,
2016-11-19,汽油涨价,
2016-11-19,柴油涨价,
2016-11-19,通胀,
2016-11-19,物流成本,
2016-11-20,油价上涨,
2016-11-20,油价调整,
2016-11-20,汽油涨价,
2016-11-20,柴油涨价,
2016-11-20,通胀,
2016-11-20,物流成本,
2016-11-21,油价上涨,
2016-11-21,油价调整,
2016-11-21,汽油涨价,
2016-11-21,柴油涨价,
2016-11-21,通胀,
2016-11-21,物流成本,
2016-11-22,油价上涨,
2016-11-22,油价调整,
2016-11-22,汽油涨价,
2016-11-22,柴油涨价,
2016-11-22,通胀,
2016-11-22,物流成本,
2016-11-23,油价上涨,
2016-11-23,油价调整,
2016-11-23,汽油涨价,
2016-11-23,柴油涨价,
2016-11-23,通胀,
2016-11-23,物流成本,
2016-11-24,油价上涨,
2016-11-24,油价调整,
2016-11-24,汽油涨价,
2016-11-24,柴油涨价,
2016-11-24,通胀,
2016-11-24,物流成本,
2016-11-25,油价上涨,
2016-11-25,油价调整,
2016-11-25,汽油涨价,
2016-11-25,柴油涨价,
2016-11-25,通胀,
2016-11-25,物流成本,
2016-11-26,油价上涨,
2016-11-26,油价调整,
2016-11-26,汽油涨价,
2016-11-26,柴油涨价,
2016-11-26,通胀,
2016-11-26,物流成本,
2016-11-27,油价上涨,
2016-11-27,油价调整,
2016-11-27,汽油涨价,
2016-11-27,柴油涨价,
2016-11-27,通胀,
2016-11-27,物流成本,
2016-11-28,油价上涨,
2016-11-28,油价调整,
2016-11-28,汽油涨价,
2016-11-28,柴油涨价,
2016-11-28,通胀,
2016-11-28,物流成本,
2016-11-29,油价上涨,
2016-11-29,油价调整,
2016-11-29,汽油涨价,
2016-11-29,柴油涨价,
2016-11-29,通胀,
2016-11-29,物流成本,
2016-11-30,油价上涨,
2016-11-30,油价调整,
2016-11-30,汽油涨价,
2016-11-30,柴油涨价,
2016-11-30,通胀,
2016-11-30,物流成本,
2016-12-01,油价上涨,
2016-12-01,油价调整,
2016-12-01,汽油涨价,
2016-12-01,柴油涨价,
2016-12-01,通胀,
2016-12-01,物流成本,
2016-12-02,油价上涨,
2016-12-02,油价调整,
2016-12-02,汽油涨价,
2016-12-02,柴油涨价,
2016-12-02,通胀,
2016-12-02,物流成本,
2016-12-03,油价上涨,
2016-12-03,油价调整,
2016-12-03,汽油涨价,
2016-12-03,柴油涨价,
2016-12-03,通胀,
2016-12-03,物流成本,
2016-12-04,油价上涨,
2016-12-04,油价调整,
2016-12-04,汽油涨价,
2016-12-04,柴油涨价,
2016-12-04,通胀,
2016-12-04,物流成本,
2016-12-05,油价上涨,
2016-12-05,油价调整,
2016-12-05,汽油涨价,
2016-12-05,柴油涨价,
2016-12-05,通胀,
2016-12-05,物流成本,
2016-12-06,油价上涨,
2016-12-06,油价调整,
2016-12-06,汽油涨价,
2016-12-06,柴油涨价,
2016-12-06,通胀,
2016-12-06,物流成本,
2016-12-07,油价上涨,
2016-12-07,油价调整,
2016-12-07,汽油涨价,
2016-12-07,柴油涨价,
2016-12-07,通胀,
2016-12-07,物流成本,
2016-12-08,油价上涨,
2016-12-08,油价调整,
2016-12-08,汽油涨价,
2016-12-08,柴油涨价,
2016-12-08,通胀,
2016-12-08,物流成本,
2016-12-09,油价上涨,
2016-12-09,油价调整,
2016-12-09,汽油涨价,
2016-12-09,柴油涨价,
2016-12-09,通胀,
2016-12-09,物流成本,
2016-12-10,油价上涨,
2016-12-10,油价调整,
2016-12-10,汽油涨价,
2016-12-10,柴油涨价,
2016-12-10,通胀,
2016-12-10,物流成本,
2016-12-11,油价上涨,
2016-12-11,油价调整,
2016-12-11,汽油涨价,
2016-12-11,柴油涨价,
2016-12-11,通胀,
2016-12-11,物流成本,
2016-12-12,油价上涨,
2016-12-12,油价调整,
2016-12-12,汽油涨价,
2016-12-12,柴油涨价,
2016-12-12,通胀,
2016-12-12,物流成本,
2016-12-13,油价上涨,
2016-12-13,油价调整,
2016-12-13,汽油涨价,
2016-12-13,柴油涨价,
2016-12-13,通胀,
2016-12-13,物流成本,
2016-12-14,油价上涨,
2016-12-14,油价调整,
2016-12-14,汽油涨价,
2016-12-14,柴油涨价,
2016-12-14,通胀,
2016-12-14,物流成本,
2016-12-15,油价上涨,
2016-12-15,油价调整,
2016-12-15,汽油涨价,
2016-12-15,柴油涨价,
2016-12-15,通胀,
2016-12-15,物流成本,
2016-12-16,油价上涨,
2016-12-16,油价调整,
2016-12-16,汽油涨价,
2016-12-16,柴油涨价,
2016-12-16,通胀,
2016-12-16,物流成本,
2016-12-17,油价上涨,
2016-12-17,油价调整,
2016-12-17,汽油涨价,
2016-12-17,柴油涨价,
2016-12-17,通胀,
2016-12-17,物流成本,
2016-12-18,油价上涨,
2016-12-18,油价调整,
2016-12-18,汽油涨价,
2016-12-18,柴油涨价,
2016-12-18,通胀,
2016-12-18,物流成本,
2016-12-19,油价上涨,
2016-12-19,油价调整,
2016-12-19,汽油涨价,
2016-12-19,柴油涨价,
2016-12-19,通胀,
2016-12-19,物流成本,
2016-12-20,油价上涨,
2016-12-20,油价调整,
2016-12-20,汽油涨价,
2016-12-20,柴油涨价,
2016-12-20,通胀,
2016-12-20,物流成本,
2016-12-21,油价上涨,
2016-12-21,油价调整,
2016-12-21,汽油涨价,
2016-12-21,柴油涨价,
2016-12-21,通胀,
2016-12-21,物流成本,
2016-12-22,油价上涨,
2016-12-22,油价调整,
2016-12-22,汽油涨价,
2016-12-22,柴油涨价,
2016-12-22,通胀,
2016-12-22,物流成本,
2016-12-23,油价上涨,
2016-12-23,油价调整,
2016-12-23,汽油涨价,
2016-12-23,柴油涨价,
2016-12-23,通胀,
2016-12-23,物流成本,
2016-12-24,油价上涨,
2016-12-24,油价调整,
2016-12-24,汽油涨价,
2016-12-24,柴油涨价,
2016-12-24,通胀,
2016-12-24,物流成本,
2016-12-25,油价上涨,
2016-12-25,油价调整,
2016-12-25,汽油涨价,
2016-12-25,柴油涨价,
2016-12-25,通胀,
2016-12-25,物流成本,
2016-12-26,油价上涨,
2016-12-26,油价调整,
2016-12-26,汽油涨价,
2016-12-26,柴油涨价,
2016-12-26,通胀,
2016-12-26,物流成本,
2016-12-27,油价上涨,
2016-12-27,油价调整,
2016-12-27,汽油涨价,
2016-12-27,柴油涨价,
2016-12-27,通胀,
2016-12-27,物流成本,
2016-12-28,油价上涨,
2016-12-28,油价调整,
2016-12-28,汽油涨价,
2016-12-28,柴油涨价,
2016-12-28,通胀,
2016-12-28,物流成本,
2016-12-29,油价上涨,
2016-12-29,油价调整,
2016-12-29,汽油涨价,
2016-12-29,柴油涨价,
2016-12-29,通胀,
2016-12-29,物流成本,
2016-12-30,油价上涨,
2016-12-30,油价调整,
2016-12-30,汽油涨价,
2016-12-30,柴油涨价,
2016-12-30,通胀,
2016-12-30,物流成本,
2016-12-31,油价上涨,
2016-12-31,油价调整,
2016-12-31,汽油涨价,
2016-12-31,柴油涨价,
2016-12-31,通胀,
2016-12-31,物流成本,
2017-01-01,油价上涨,
2017-01-01,油价调整,
2017-01-01,汽油涨价,
2017-01-01,柴油涨价,
2017-01-01,通胀,
2017-01-01,物流成本,
2017-01-02,油价上涨,
2017-01-02,油价调整,
2017-01-02,汽油涨价,
2017-01-02,柴油涨价,
2017-01-02,通胀,
2017-01-02,物流成本,
2017-01-03,油价上涨,
2017-01-03,油价调整,
2017-01-03,汽油涨价,
2017-01-03,柴油涨价,
2017-01-03,通胀,
2017-01-03,物流成本,
2017-01-04,油价上涨,
2017-01-04,油价调整,
2017-01-04,汽油涨价,
2017-01-04,柴油涨价,
2017-01-04,通胀,
2017-01-04,物流成本,
2017-01-05,油价上涨,
2017-01-05,油价调整,
2017-01-05,汽油涨价,
2017-01-05,柴油涨价,
2017-01-05,通胀,
2017-01-05,物流成本,
2017-01-06,油价上涨,
2017-01-06,油价调整,
2017-01-06,汽油涨价,
2017-01-06,柴油涨价,
2017-01-06,通胀,
2017-01-06,物流成本,
2017-01-07,油价上涨,
2017-01-07,油价调整,
2017-01-07,汽油涨价,
2017-01-07,柴油涨价,
2017-01-07,通胀,
2017-01-07,物流成本,
2017-01-08,油价上涨,
2017-01-08,油价调整,
2017-01-08,汽油涨价,
2017-01-08,柴油涨价,
2017-01-08,通胀,
2017-01-08,物流成本,
2017-01-09,油价上涨,
2017-01-09,油价调整,
2017-01-09,汽油涨价,
2017-01-09,柴油涨价,
2017-01-09,通胀,
2017-01-09,物流成本,
2017-01-10,油价上涨,
2017-01-10,油价调整,
2017-01-10,汽油涨价,
2017-01-10,柴油涨价,
2017-01-10,通胀,
2017-01-10,物流成本,
2017-01-11,油价上涨,
2017-01-11,油价调整,
2017-01-11,汽油涨价,
2017-01-11,柴油涨价,
2017-01-11,通胀,
2017-01-11,物流成本,
2017-01-12,油价上涨,
2017-01-12,油价调整,
2017-01-12,汽油涨价,
2017-01-12,柴油涨价,
2017-01-12,通胀,
2017-01-12,物流成本,
2017-01-13,油价上涨,
2017-01-13,油价调整,
2017-01-13,汽油涨价,
2017-01-13,柴油涨价,
2017-01-13,通胀,
2017-01-13,物流成本,
2017-01-14,油价上涨,
2017-01-14,油价调整,
2017-01-14,汽油涨价,
2017-01-14,柴油涨价,
2017-01-14,通胀,
2017-01-14,物流成本,
2017-01-15,油价上涨,
2017-01-15,油价调整,
2017-01-15,汽油涨价,
2017-01-15,柴油涨价,
2017-01-15,通胀,
2017-01-15,物流成本,
2017-01-16,油价上涨,
2017-01-16,油价调整,
2017-01-16,汽油涨价,
2017-01-16,柴油涨价,
2017-01-16,通胀,
2017-01-16,物流成本,
2017-01-17,油价上涨,
2017-01-17,油价调整,
2017-01-17,汽油涨价,
2017-01-17,柴油涨价,
2017-01-17,通胀,
2017-01-17,物流成本,
2017-01-18,油价上涨,
2017-01-18,油价调整,
2017-01-18,汽油涨价,
2017-01-18,柴油涨价,
2017-01-18,通胀,
2017-01-18,物流成本,
2017-01-19,油价上涨,
2017-01-19,油价调整,
2017-01-19,汽油涨价,
2017-01-19,柴油涨价,
2017-01-19,通胀,
2017-01-19,物流成本,
2017-01-20,油价上涨,
2017-01-20,油价调整,
2017-01-20,汽油涨价,
2017-01-20,柴油涨价,
2017-01-20,通胀,
2017-01-20,物流成本,
2017-01-21,油价上涨,
2017-01-21,油价调整,
2017-01-21,汽油涨价,
2017-01-21,柴油涨价,
2017-01-21,通胀,
2017-01-21,物流成本,
2017-01-22,油价上涨,
2017-01-22,油价调整,
2017-01-22,汽油涨价,
2017-01-22,柴油涨价,
2017-01-22,通胀,
2017-01-22,物流成本,
2017-01-23,油价上涨,
2017-01-23,油价调整,
2017-01-23,汽油涨价,
2017-01-23,柴油涨价,
2017-01-23,通胀,
2017-01-23,物流成本,
2017-01-24,油价上涨,
2017-01-24,油价调整,
2017-01-24,汽油涨价,
2017-01-24,柴油涨价,
2017-01-24,通胀,
2017-01-24,物流成本,
2017-01-25,油价上涨,
2017-01-25,油价调整,
2017-01-25,汽油涨价,
2017-01-25,柴油涨价,
2017-01-25,通胀,
2017-01-25,物流成本,
2017-01-26,油价上涨,
2017-01-26,油价调整,
2017-01-26,汽油涨价,
2017-01-26,柴油涨价,
2017-01-26,通胀,
2017-01-26,物流成本,
2017-01-27,油价上涨,
2017-01-27,油价调整,
2017-01-27,汽油涨价,
2017-01-27,柴油涨价,
2017-01-27,通胀,
2017-01-27,物流成本,
2017-01-28,油价上涨,
2017-01-28,油价调整,
2017-01-28,汽油涨价,
2017-01-28,柴油涨价,
2017-01-28,通胀,
2017-01-28,物流成本,
2017-01-29,油价上涨,
2017-01-29,油价调整,
2017-01-29,汽油涨价,
2017-01-29,柴油涨价,
2017-01-29,通胀,
2017-01-29,物流成本,
2017-01-30,油价上涨,
2017-01-30,油价调整,
2017-01-30,汽油涨价,
2017-01-30,柴油涨价,
2017-01-30,通胀,
2017-01-30,物流成本,
2017-01-31,油价上涨,
2017-01-31,油价调整,
2017-01-31,汽油涨价,
2017-01-31,柴油涨价,
2017-01-31,通胀,
2017-01-31,物流成本,
2017-02-01,油价上涨,
2017-02-01,油价调整,
2017-02-01,汽油涨价,
2017-02-01,柴油涨价,
2017-02-01,通胀,
2017-02-01,物流成本,
2017-02-02,油价上涨,
2017-02-02,油价调整,
2017-02-02,汽油涨价,
2017-02-02,柴油涨价,
2017-02-02,通胀,
2017-02-02,物流成本,
2017-02-03,油价上涨,
2017-02-03,油价调整,
2017-02-03,汽油涨价,
2017-02-03,柴油涨价,
2017-02-03,通胀,
2017-02-03,物流成本,
2017-02-04,油价上涨,
2017-02-04,油价调整,
2017-02-04,汽油涨价,
2017-02-04,柴油涨价,
2017-02-04,通胀,
2017-02-04,物流成本,
2017-02-05,油价上涨,
2017-02-05,油价调整,
2017-02-05,汽油涨价,
2017-02-05,柴油涨价,
2017-02-05,通胀,
2017-02-05,物流成本,
2017-02-06,油价上涨,
2017-02-06,油价调整,
2017-02-06,汽油涨价,
2017-02-06,柴油涨价,
2017-02-06,通胀,
2017-02-06,物流成本,
2017-02-07,油价上涨,
2017-02-07,油价调整,
2017-02-07,汽油涨价,
2017-02-07,柴油涨价,
2017-02-07,通胀,
2017-02-07,物流成本,
2017-02-08,油价上涨,
2017-02-08,油价调整,
2017-02-08,汽油涨价,
2017-02-08,柴油涨价,
2017-02-08,通胀,
2017-02-08,物流成本,
2017-02-09,油价上涨,
2017-02-09,油价调整,
2017-02-09,汽油涨价,
2017-02-09,柴油涨价,
2017-02-09,通胀,
2017-02-09,物流成本,
2017-02-10,油价上涨,
2017-02-10,油价调整,
2017-02-10,汽油涨价,
2017-02-10,柴油涨价,
2017-02-10,通胀,
2017-02-10,物流成本,
2017-02-11,油价上涨,
2017-02-11,油价调整,
2017-02-11,汽油涨价,
2017-02-11,柴油涨价,
2017-02-11,通胀,
2017-02-11,物流成本,
2017-02-12,油价上涨,
2017-02-12,油价调整,
2017-02-12,汽油涨价,
2017-02-12,柴油涨价,
2017-02-12,通胀,
2017-02-12,物流成本,
2017-02-13,油价上涨,
2017-02-13,油价调整,
2017-02-13,汽油涨价,
2017-02-13,柴油涨价,
2017-02-13,通胀,
2017-02-13,物流成本,
2017-02-14,油价上涨,
2017-02-14,油价调整,
2017-02-14,汽油涨价,
2017-02-14,柴油涨价,
2017-02-14,通胀,
2017-02-14,物流成本,
2017-02-15,油价上涨,
2017-02-15,油价调整,
2017-02-15,汽油涨价,
2017-02-15,柴油涨价,
2017-02-15,通胀,
2017-02-15,物流成本,
2017-02-16,油价上涨,
2017-02-16,油价调整,
2017-02-16,汽油涨价,
2017-02-16,柴油涨价,
2017-02-16,通胀,
2017-02-16,物流成本,
2017-02-17,油价上涨,
2017-02-17,油价调整,
2017-02-17,汽油涨价,
2017-02-17,柴油涨价,
2017-02-17,通胀,
2017-02-17,物流成本,
2017-02-18,油价上涨,
2017-02-18,油价调整,
2017-02-18,汽油涨价,
2017-02-18,柴油涨价,
2017-02-18,通胀,
2017-02-18,物流成本,
2017-02-19,油价上涨,
2017-02-19,油价调整,
2017-02-19,汽油涨价,
2017-02-19,柴油涨价,
2017-02-19,通胀,
2017-02-19,物流成本,
2017-02-20,油价上涨,
2017-02-20,油价调整,
2017-02-20,汽油涨价,
2017-02-20,柴油涨价,
2017-02-20,通胀,
2017-02-20,物流成本,
2017-02-21,油价上涨,
2017-02-21,油价调整,
2017-02-21,汽油涨价,
2017-02-21,柴油涨价,
2017-02-21,通胀,
2017-02-21,物流成本,
2017-02-22,油价上涨,
2017-02-22,油价调整,
2017-02-22,汽油涨价,
2017-02-22,柴油涨价,
2017-02-22,通胀,
2017-02-22,物流成本,
2017-02-23,油价上涨,
2017-02-23,油价调整,
2017-02-23,汽油涨价,
2017-02-23,柴油涨价,
2017-02-23,通胀,
2017-02-23,物流成本,
2017-02-24,油价上涨,
2017-02-24,油价调整,
2017-02-24,汽油涨价,
2017-02-24,柴油涨价,
2017-02-24,通胀,
2017-02-24,物流成本,
2017-02-25,油价上涨,
2017-02-25,油价调整,
2017-02-25,汽油涨价,
2017-02-25,柴油涨价,
2017-02-25,通胀,
2017-02-25,物流成本,
2017-02-26,油价上涨,
2017-02-26,油价调整,
2017-02-26,汽油涨价,
2017-02-26,柴油涨价,
2017-02-26,通胀,
2017-02-26,物流成本,
2017-02-27,油价上涨,
2017-02-27,油价调整,
2017-02-27,汽油涨价,
2017-02-27,柴油涨价,
2017-02-27,通胀,
2017-02-27,物流成本,
2017-02-28,油价上涨,
2017-02-28,油价调整,
2017-02-28,汽油涨价,
2017-02-28,柴油涨价,
2017-02-28,通胀,
2017-02-28,物流成本,
2017-03-01,油价上涨,
2017-03-01,油价调整,
2017-03-01,汽油涨价,
2017-03-01,柴油涨价,
2017-03-01,通胀,
2017-03-01,物流成本,
2017-03-02,油价上涨,
2017-03-02,油价调整,
2017-03-02,汽油涨价,
2017-03-02,柴油涨价,
2017-03-02,通胀,
2017-03-02,物流成本,
2017-03-03,油价上涨,
2017-03-03,油价调整,
2017-03-03,汽油涨价,
2017-03-03,柴油涨价,
2017-03-03,通胀,
2017-03-03,物流成本,
2017-03-04,油价上涨,
2017-03-04,油价调整,
2017-03-04,汽油涨价,
2017-03-04,柴油涨价,
2017-03-04,通胀,
2017-03-04,物流成本,
2017-03-05,油价上涨,
2017-03-05,油价调整,
2017-03-05,汽油涨价,
2017-03-05,柴油涨价,
2017-03-05,通胀,
2017-03-05,物流成本,
2017-03-06,油价上涨,
2017-03-06,油价调整,
2017-03-06,汽油涨价,
2017-03-06,柴油涨价,
2017-03-06,通胀,
2017-03-06,物流成本,
2017-03-07,油价上涨,
2017-03-07,油价调整,
2017-03-07,汽油涨价,
2017-03-07,柴油涨价,
2017-03-07,通胀,
2017-03-07,物流成本,
2017-03-08,油价上涨,
2017-03-08,油价调整,
2017-03-08,汽油涨价,
2017-03-08,柴油涨价,
2017-03-08,通胀,
2017-03-08,物流成本,
2017-03-09,油价上涨,
2017-03-09,油价调整,
2017-03-09,汽油涨价,
2017-03-09,柴油涨价,
2017-03-09,通胀,
2017-03-09,物流成本,
2017-03-10,油价上涨,
2017-03-10,油价调整,
2017-03-10,汽油涨价,
2017-03-10,柴油涨价,
2017-03-10,通胀,
2017-03-10,物流成本,
2017-03-11,油价上涨,
2017-03-11,油价调整,
2017-03-11,汽油涨价,
2017-03-11,柴油涨价,
2017-03-11,通胀,
2017-03-11,物流成本,
2017-03-12,油价上涨,
2017-03-12,油价调整,
2017-03-12,汽油涨价,
2017-03-12,柴油涨价,
2017-03-12,通胀,
2017-03-12,物流成本,
2017-03-13,油价上涨,
2017-03-13,油价调整,
2017-03-13,汽油涨价,
2017-03-13,柴油涨价,
2017-03-13,通胀,
2017-03-13,物流成本,
2017-03-14,油价上涨,
2017-03-14,油价调整,
2017-03-14,汽油涨价,
2017-03-14,柴油涨价,
2017-03-14,通胀,
2017-03-14,物流成本,
2017-03-15,油价上涨,
2017-03-15,油价调整,
2017-03-15,汽油涨价,
2017-03-15,柴油涨价,
2017-03-15,通胀,
2017-03-15,物流成本,
2017-03-16,油价上涨,
2017-03-16,油价调整,
2017-03-16,汽油涨价,
2017-03-16,柴油涨价,
2017-03-16,通胀,
2017-03-16,物流成本,
2017-03-17,油价上涨,
2017-03-17,油价调整,
2017-03-17,汽油涨价,
2017-03-17,柴油涨价,
2017-03-17,通胀,
2017-03-17,物流成本,
2017-03-18,油价上涨,
2017-03-18,油价调整,
2017-03-18,汽油涨价,
2017-03-18,柴油涨价,
2017-03-18,通胀,
2017-03-18,物流成本,
2017-03-19,油价上涨,
2017-03-19,油价调整,
2017-03-19,汽油涨价,
2017-03-19,柴油涨价,
2017-03-19,通胀,
2017-03-19,物流成本,
2017-03-20,油价上涨,
2017-03-20,油价调整,
2017-03-20,汽油涨价,
2017-03-20,柴油涨价,
2017-03-20,通胀,
2017-03-20,物流成本,
2017-03-21,油价上涨,
2017-03-21,油价调整,
2017-03-21,汽油涨价,
2017-03-21,柴油涨价,
2017-03-21,通胀,
2017-03-21,物流成本,
2017-03-22,油价上涨,
2017-03-22,油价调整,
2017-03-22,汽油涨价,
2017-03-22,柴油涨价,
2017-03-22,通胀,
2017-03-22,物流成本,
2017-03-23,油价上涨,
2017-03-23,油价调整,
2017-03-23,汽油涨价,
2017-03-23,柴油涨价,
2017-03-23,通胀,
2017-03-23,物流成本,
2017-03-24,油价上涨,
2017-03-24,油价调整,
2017-03-24,汽油涨价,
2017-03-24,柴油涨价,
2017-03-24,通胀,
2017-03-24,物流成本,
2017-03-25,油价上涨,
2017-03-25,油价调整,
2017-03-25,汽油涨价,
2017-03-25,柴油涨价,
2017-03-25,通胀,
2017-03-25,物流成本,
2017-03-26,油价上涨,
2017-03-26,油价调整,
2017-03-26,汽油涨价,
2017-03-26,柴油涨价,
2017-03-26,通胀,
2017-03-26,物流成本,
2017-03-27,油价上涨,
2017-03-27,油价调整,
2017-03-27,汽油涨价,
2017-03-27,柴油涨价,
2017-03-27,通胀,
2017-03-27,物流成本,
2017-03-28,油价上涨,
2017-03-28,油价调整,
2017-03-28,汽油涨价,
2017-03-28,柴油涨价,
2017-03-28,通胀,
2017-03-28,物流成本,
2017-03-29,油价上涨,
2017-03-29,油价调整,
2017-03-29,汽油涨价,
2017-03-29,柴油涨价,
2017-03-29,通胀,
2017-03-29,物流成本,
2017-03-30,油价上涨,
2017-03-30,油价调整,
2017-03-30,汽油涨价,
2017-03-30,柴油涨价,
2017-03-30,通胀,
2017-03-30,物流成本,
2017-03-31,油价上涨,
2017-03-31,油价调整,
2017-03-31,汽油涨价,
2017-03-31,柴油涨价,
2017-03-31,通胀,
2017-03-31,物流成本,
2017-04-01,油价上涨,
2017-04-01,油价调整,
2017-04-01,汽油涨价,
2017-04-01,柴油涨价,
2017-04-01,通胀,
2017-04-01,物流成本,
2017-04-02,油价上涨,
2017-04-02,油价调整,
2017-04-02,汽油涨价,
2017-04-02,柴油涨价,
2017-04-02,通胀,
2017-04-02,物流成本,
2017-04-03,油价上涨,
2017-04-03,油价调整,
2017-04-03,汽油涨价,
2017-04-03,柴油涨价,
2017-04-03,通胀,
2017-04-03,物流成本,
2017-04-04,油价上涨,
2017-04-04,油价调整,
2017-04-04,汽油涨价,
2017-04-04,柴油涨价,
2017-04-04,通胀,
2017-04-04,物流成本,
2017-04-05,油价上涨,
2017-04-05,油价调整,
2017-04-05,汽油涨价,
2017-04-05,柴油涨价,
2017-04-05,通胀,
2017-04-05,物流成本,
2017-04-06,油价上涨,
2017-04-06,油价调整,
2017-04-06,汽油涨价,
2017-04-06,柴油涨价,
2017-04-06,通胀,
2017-04-06,物流成本,
2017-04-07,油价上涨,
2017-04-07,油价调整,
2017-04-07,汽油涨价,
2017-04-07,柴油涨价,
2017-04-07,通胀,
2017-04-07,物流成本,
2017-04-08,油价上涨,
2017-04-08,油价调整,
2017-04-08,汽油涨价,
2017-04-08,柴油涨价,
2017-04-08,通胀,
2017-04-08,物流成本,
2017-04-09,油价上涨,
2017-04-09,油价调整,
2017-04-09,汽油涨价,
2017-04-09,柴油涨价,
2017-04-09,通胀,
2017-04-09,物流成本,
2017-04-10,油价上涨,
2017-04-10,油价调整,
2017-04-10,汽油涨价,
2017-04-10,柴油涨价,
2017-04-10,通胀,
2017-04-10,物流成本,
2017-04-11,油价上涨,
2017-04-11,油价调整,
2017-04-11,汽油涨价,
2017-04-11,柴油涨价,
2017-04-11,通胀,
2017-04-11,物流成本,
2017-04-12,油价上涨,
2017-04-12,油价调整,
2017-04-12,汽油涨价,
2017-04-12,柴油涨价,
2017-04-12,通胀,
2017-04-12,物流成本,
2017-04-13,油价上涨,
2017-04-13,油价调整,
2017-04-13,汽油涨价,
2017-04-13,柴油涨价,
2017-04-13,通胀,
2017-04-13,物流成本,
2017-04-14,油价上涨,
2017-04-14,油价调整,
2017-04-14,汽油涨价,
2017-04-14,柴油涨价,
2017-04-14,通胀,
2017-04-14,物流成本,
2017-04-15,油价上涨,
2017-04-15,油价调整,
2017-04-15,汽油涨价,
2017-04-15,柴油涨价,
2017-04-15,通胀,
2017-04-15,物流成本,
2017-04-16,油价上涨,
2017-04-16,油价调整,
2017-04-16,汽油涨价,
2017-04-16,柴油涨价,
2017-04-16,通胀,
2017-04-16,物流成本,
2017-04-17,油价上涨,
2017-04-17,油价调整,
2017-04-17,汽油涨价,
2017-04-17,柴油涨价,
2017-04-17,通胀,
2017-04-17,物流成本,
2017-04-18,油价上涨,
2017-04-18,油价调整,
2017-04-18,汽油涨价,
2017-04-18,柴油涨价,
2017-04-18,通胀,
2017-04-18,物流成本,
2017-04-19,油价上涨,
2017-04-19,油价调整,
2017-04-19,汽油涨价,
2017-04-19,柴油涨价,
2017-04-19,通胀,
2017-04-19,物流成本,
2017-04-20,油价上涨,
2017-04-20,油价调整,
2017-04-20,汽油涨价,
2017-04-20,柴油涨价,
2017-04-20,通胀,
2017-04-20,物流成本,
2017-04-21,油价上涨,
2017-04-21,油价调整,
2017-04-21,汽油涨价,
2017-04-21,柴油涨价,
2017-04-21,通胀,
2017-04-21,物流成本,
2017-04-22,油价上涨,
2017-04-22,油价调整,
2017-04-22,汽油涨价,
2017-04-22,柴油涨价,
2017-04-22,通胀,
2017-04-22,物流成本,
2017-04-23,油价上涨,
2017-04-23,油价调整,
2017-04-23,汽油涨价,
2017-04-23,柴油涨价,
2017-04-23,通胀,
2017-04-23,物流成本,
2017-04-24,油价上涨,
2017-04-24,油价调整,
2017-04-24,汽油涨价,
2017-04-24,柴油涨价,
2017-04-24,通胀,
2017-04-24,物流成本,
2017-04-25,油价上涨,
2017-04-25,油价调整,
2017-04-25,汽油涨价,
2017-04-25,柴油涨价,
2017-04-25,通胀,
2017-04-25,物流成本,
2017-04-26,油价上涨,
2017-04-26,油价调整,
2017-04-26,汽油涨价,
2017-04-26,柴油涨价,
2017-04-26,通胀,
2017-04-26,物流成本,
2017-04-27,油价上涨,
2017-04-27,油价调整,
2017-04-27,汽油涨价,
2017-04-27,柴油涨价,
2017-04-27,通胀,
2017-04-27,物流成本,
2017-04-28,油价上涨,
2017-04-28,油价调整,
2017-04-28,汽油涨价,
2017-04-28,柴油涨价,
2017-04-28,通胀,
2017-04-28,物流成本,
2017-04-29,油价上涨,
2017-04-29,油价调整,
2017-04-29,汽油涨价,
2017-04-29,柴油涨价,
2017-04-29,通胀,
2017-04-29,物流成本,
2017-04-30,油价上涨,
2017-04-30,油价调整,
2017-04-30,汽油涨价,
2017-04-30,柴油涨价,
2017-04-30,通胀,
2017-04-30,物流成本,
2017-05-01,油价上涨,
2017-05-01,油价调整,
2017-05-01,汽油涨价,
2017-05-01,柴油涨价,
2017-05-01,通胀,
2017-05-01,物流成本,
2017-05-02,油价上涨,
2017-05-02,油价调整,
2017-05-02,汽油涨价,
2017-05-02,柴油涨价,
2017-05-02,通胀,
2017-05-02,物流成本,
2017-05-03,油价上涨,
2017-05-03,油价调整,
2017-05-03,汽油涨价,
2017-05-03,柴油涨价,
2017-05-03,通胀,
2017-05-03,物流成本,
2017-05-04,油价上涨,
2017-05-04,油价调整,
2017-05-04,汽油涨价,
2017-05-04,柴油涨价,
2017-05-04,通胀,
2017-05-04,物流成本,
2017-05-05,油价上涨,
2017-05-05,油价调整,
2017-05-05,汽油涨价,
2017-05-05,柴油涨价,
2017-05-05,通胀,
2017-05-05,物流成本,
2017-05-06,油价上涨,
2017-05-06,油价调整,
2017-05-06,汽油涨价,
2017-05-06,柴油涨价,
2017-05-06,通胀,
2017-05-06,物流成本,
2017-05-07,油价上涨,
2017-05-07,油价调整,
2017-05-07,汽油涨价,
2017-05-07,柴油涨价,
2017-05-07,通胀,
2017-05-07,物流成本,
2017-05-08,油价上涨,
2017-05-08,油价调整,
2017-05-08,汽油涨价,
2017-05-08,柴油涨价,
2017-05-08,通胀,
2017-05-08,物流成本,
2017-05-09,油价上涨,
2017-05-09,油价调整,
2017-05-09,汽油涨价,
2017-05-09,柴油涨价,
2017-05-09,通胀,
2017-05-09,物流成本,
2017-05-10,油价上涨,
2017-05-10,油价调整,
2017-05-10,汽油涨价,
2017-05-10,柴油涨价,
2017-05-10,通胀,
2017-05-10,物流成本,
2017-05-11,油价上涨,
2017-05-11,油价调整,
2017-05-11,汽油涨价,
2017-05-11,柴油涨价,
2017-05-11,通胀,
2017-05-11,物流成本,
2017-05-12,油价上涨,
2017-05-12,油价调整,
2017-05-12,汽油涨价,
2017-05-12,柴油涨价,
2017-05-12,通胀,
2017-05-12,物流成本,
2017-05-13,油价上涨,
2017-05-13,油价调整,
2017-05-13,汽油涨价,
2017-05-13,柴油涨价,
2017-05-13,通胀,
2017-05-13,物流成本,
2017-05-14,油价上涨,
2017-05-14,油价调整,
2017-05-14,汽油涨价,
2017-05-14,柴油涨价,
2017-05-14,通胀,
2017-05-14,物流成本,
2017-05-15,油价上涨,
2017-05-15,油价调整,
2017-05-15,汽油涨价,
2017-05-15,柴油涨价,
2017-05-15,通胀,
2017-05-15,物流成本,
2017-05-16,油价上涨,
2017-05-16,油价调整,
2017-05-16,汽油涨价,
2017-05-16,柴油涨价,
2017-05-16,通胀,
2017-05-16,物流成本,
2017-05-17,油价上涨,
2017-05-17,油价调整,
2017-05-17,汽油涨价,
2017-05-17,柴油涨价,
2017-05-17,通胀,
2017-05-17,物流成本,
2017-05-18,油价上涨,
2017-05-18,油价调整,
2017-05-18,汽油涨价,
2017-05-18,柴油涨价,
2017-05-18,通胀,
2017-05-18,物流成本,
2017-05-19,油价上涨,
2017-05-19,油价调整,
2017-05-19,汽油涨价,
2017-05-19,柴油涨价,
2017-05-19,通胀,
2017-05-19,物流成本,
2017-05-20,油价上涨,
2017-05-20,油价调整,
2017-05-20,汽油涨价,
2017-05-20,柴油涨价,
2017-05-20,通胀,
2017-05-20,物流成本,
2017-05-21,油价上涨,
2017-05-21,油价调整,
2017-05-21,汽油涨价,
2017-05-21,柴油涨价,
2017-05-21,通胀,
2017-05-21,物流成本,
2017-05-22,油价上涨,
2017-05-22,油价调整,
2017-05-22,汽油涨价,
2017-05-22,柴油涨价,
2017-05-22,通胀,
2017-05-22,物流成本,
2017-05-23,油价上涨,
2017-05-23,油价调整,
2017-05-23,汽油涨价,
2017-05-23,柴油涨价,
2017-05-23,通胀,
2017-05-23,物流成本,
2017-05-24,油价上涨,
2017-05-24,油价调整,
2017-05-24,汽油涨价,
2017-05-24,柴油涨价,
2017-05-24,通胀,
2017-05-24,物流成本,
2017-05-25,油价上涨,
2017-05-25,油价调整,
2017-05-25,汽油涨价,
2017-05-25,柴油涨价,
2017-05-25,通胀,
2017-05-25,物流成本,
2017-05-26,油价上涨,
2017-05-26,油价调整,
2017-05-26,汽油涨价,
2017-05-26,柴油涨价,
2017-05-26,通胀,
2017-05-26,物流成本,
2017-05-27,油价上涨,
2017-05-27,油价调整,
2017-05-27,汽油涨价,
2017-05-27,柴油涨价,
2017-05-27,通胀,
2017-05-27,物流成本,
2017-05-28,油价上涨,
2017-05-28,油价调整,
2017-05-28,汽油涨价,
2017-05-28,柴油涨价,
2017-05-28,通胀,
2017-05-28,物流成本,
2017-05-29,油价上涨,
2017-05-29,油价调整,
2017-05-29,汽油涨价,
2017-05-29,柴油涨价,
2017-05-29,通胀,
2017-05-29,物流成本,
2017-05-30,油价上涨,
2017-05-30,油价调整,
2017-05-30,汽油涨价,
2017-05-30,柴油涨价,
2017-05-30,通胀,
2017-05-30,物流成本,
2017-05-31,油价上涨,
2017-05-31,油价调整,
2017-05-31,汽油涨价,
2017-05-31,柴油涨价,
2017-05-31,通胀,
2017-05-31,物流成本,
2017-06-01,油价上涨,
2017-06-01,油价调整,
2017-06-01,汽油涨价,
2017-06-01,柴油涨价,
2017-06-01,通胀,
2017-06-01,物流成本,
2017-06-02,油价上涨,
2017-06-02,油价调整,
2017-06-02,汽油涨价,
2017-06-02,柴油涨价,
2017-06-02,通胀,
2017-06-02,物流成本,
2017-06-03,油价上涨,
2017-06-03,油价调整,
2017-06-03,汽油涨价,
2017-06-03,柴油涨价,
2017-06-03,通胀,
2017-06-03,物流成本,
2017-06-04,油价上涨,
2017-06-04,油价调整,
2017-06-04,汽油涨价,
2017-06-04,柴油涨价,
2017-06-04,通胀,
2017-06-04,物流成本,
2017-06-05,油价上涨,
2017-06-05,油价调整,
2017-06-05,汽油涨价,
2017-06-05,柴油涨价,
2017-06-05,通胀,
2017-06-05,物流成本,
2017-06-06,油价上涨,
2017-06-06,油价调整,
2017-06-06,汽油涨价,
2017-06-06,柴油涨价,
2017-06-06,通胀,
2017-06-06,物流成本,
2017-06-07,油价上涨,
2017-06-07,油价调整,
2017-06-07,汽油涨价,
2017-06-07,柴油涨价,
2017-06-07,通胀,
2017-06-07,物流成本,
2017-06-08,油价上涨,
2017-06-08,油价调整,
2017-06-08,汽油涨价,
2017-06-08,柴油涨价,
2017-06-08,通胀,
2017-06-08,物流成本,
2017-06-09,油价上涨,
2017-06-09,油价调整,
2017-06-09,汽油涨价,
2017-06-09,柴油涨价,
2017-06-09,通胀,
2017-06-09,物流成本,
2017-06-10,油价上涨,
2017-06-10,油价调整,
2017-06-10,汽油涨价,
2017-06-10,柴油涨价,
2017-06-10,通胀,
2017-06-10,物流成本,
2017-06-11,油价上涨,
2017-06-11,油价调整,
2017-06-11,汽油涨价,
2017-06-11,柴油涨价,
2017-06-11,通胀,
2017-06-11,物流成本,
2017-06-12,油价上涨,
2017-06-12,油价调整,
2017-06-12,汽油涨价,
2017-06-12,柴油涨价,
2017-06-12,通胀,
2017-06-12,物流成本,
2017-06-13,油价上涨,
2017-06-13,油价调整,
2017-06-13,汽油涨价,
2017-06-13,柴油涨价,
2017-06-13,通胀,
2017-06-13,物流成本,
2017-06-14,油价上涨,
2017-06-14,油价调整,
2017-06-14,汽油涨价,
2017-06-14,柴油涨价,
2017-06-14,通胀,
2017-06-14,物流成本,
2017-06-15,油价上涨,
2017-06-15,油价调整,
2017-06-15,汽油涨价,
2017-06-15,柴油涨价,
2017-06-15,通胀,
2017-06-15,物流成本,
2017-06-16,油价上涨,
2017-06-16,油价调整,
2017-06-16,汽油涨价,
2017-06-16,柴油涨价,
2017-06-16,通胀,
2017-06-16,物流成本,
2017-06-17,油价上涨,
2017-06-17,油价调整,
2017-06-17,汽油涨价,
2017-06-17,柴油涨价,
2017-06-17,通胀,
2017-06-17,物流成本,
2017-06-18,油价上涨,
2017-06-18,油价调整,
2017-06-18,汽油涨价,
2017-06-18,柴油涨价,
2017-06-18,通胀,
2017-06-18,物流成本,
2017-06-19,油价上涨,
2017-06-19,油价调整,
2017-06-19,汽油涨价,
2017-06-19,柴油涨价,
2017-06-19,通胀,
2017-06-19,物流成本,
2017-06-20,油价上涨,
2017-06-20,油价调整,
2017-06-20,汽油涨价,
2017-06-20,柴油涨价,
2017-06-20,通胀,
2017-06-20,物流成本,
2017-06-21,油价上涨,
2017-06-21,油价调整,
2017-06-21,汽油涨价,
2017-06-21,柴油涨价,
2017-06-21,通胀,
2017-06-21,物流成本,
2017-06-22,油价上涨,
2017-06-22,油价调整,
2017-06-22,汽油涨价,
2017-06-22,柴油涨价,
2017-06-22,通胀,
2017-06-22,物流成本,
2017-06-23,油价上涨,
2017-06-23,油价调整,
2017-06-23,汽油涨价,
2017-06-23,柴油涨价,
2017-06-23,通胀,
2017-06-23,物流成本,
2017-06-24,油价上涨,
2017-06-24,油价调整,
2017-06-24,汽油涨价,
2017-06-24,柴油涨价,
2017-06-24,通胀,
2017-06-24,物流成本,
2017-06-25,油价上涨,
2017-06-25,油价调整,
2017-06-25,汽油涨价,
2017-06-25,柴油涨价,
2017-06-25,通胀,
2017-06-25,物流成本,
2017-06-26,油价上涨,
2017-06-26,油价调整,
2017-06-26,汽油涨价,
2017-06-26,柴油涨价,
2017-06-26,通胀,
2017-06-26,物流成本,
2017-06-27,油价上涨,
2017-06-27,油价调整,
2017-06-27,汽油涨价,
2017-06-27,柴油涨价,
2017-06-27,通胀,
2017-06-27,物流成本,
2017-06-28,油价上涨,
2017-06-28,油价调整,
2017-06-28,汽油涨价,
2017-06-28,柴油涨价,
2017-06-28,通胀,
2017-06-28,物流成本,
2017-06-29,油价上涨,
2017-06-29,油价调整,
2017-06-29,汽油涨价,
2017-06-29,柴油涨价,
2017-06-29,通胀,
2017-06-29,物流成本,
2017-06-30,油价上涨,
2017-06-30,油价调整,
2017-06-30,汽油涨价,
2017-06-30,柴油涨价,
2017-06-30,通胀,
2017-06-30,物流成本,
2017-07-01,油价上涨,
2017-07-01,油价调整,
2017-07-01,汽油涨价,
2017-07-01,柴油涨价,
2017-07-01,通胀,
2017-07-01,物流成本,
2017-07-02,油价上涨,
2017-07-02,油价调整,
2017-07-02,汽油涨价,
2017-07-02,柴油涨价,
2017-07-02,通胀,
2017-07-02,物流成本,
2017-07-03,油价上涨,
2017-07-03,油价调整,
2017-07-03,汽油涨价,
2017-07-03,柴油涨价,
2017-07-03,通胀,
2017-07-03,物流成本,
2017-07-04,油价上涨,
2017-07-04,油价调整,
2017-07-04,汽油涨价,
2017-07-04,柴油涨价,
2017-07-04,通胀,
2017-07-04,物流成本,
2017-07-05,油价上涨,
2017-07-05,油价调整,
2017-07-05,汽油涨价,
2017-07-05,柴油涨价,
2017-07-05,通胀,
2017-07-05,物流成本,
2017-07-06,油价上涨,
2017-07-06,油价调整,
2017-07-06,汽油涨价,
2017-07-06,柴油涨价,
2017-07-06,通胀,
2017-07-06,物流成本,
2017-07-07,油价上涨,
2017-07-07,油价调整,
2017-07-07,汽油涨价,
2017-07-07,柴油涨价,
2017-07-07,通胀,
2017-07-07,物流成本,
2017-07-08,油价上涨,
2017-07-08,油价调整,
2017-07-08,汽油涨价,
2017-07-08,柴油涨价,
2017-07-08,通胀,
2017-07-08,物流成本,
2017-07-09,油价上涨,
2017-07-09,油价调整,
2017-07-09,汽油涨价,
2017-07-09,柴油涨价,
2017-07-09,通胀,
2017-07-09,物流成本,
2017-07-10,油价上涨,
2017-07-10,油价调整,
2017-07-10,汽油涨价,
2017-07-10,柴油涨价,
2017-07-10,通胀,
2017-07-10,物流成本,
2017-07-11,油价上涨,
2017-07-11,油价调整,
2017-07-11,汽油涨价,
2017-07-11,柴油涨价,
2017-07-11,通胀,
2017-07-11,物流成本,
2017-07-12,油价上涨,
2017-07-12,油价调整,
2017-07-12,汽油涨价,
2017-07-12,柴油涨价,
2017-07-12,通胀,
2017-07-12,物流成本,
2017-07-13,油价上涨,
2017-07-13,油价调整,
2017-07-13,汽油涨价,
2017-07-13,柴油涨价,
2017-07-13,通胀,
2017-07-13,物流成本,
2017-07-14,油价上涨,
2017-07-14,油价调整,
2017-07-14,汽油涨价,
2017-07-14,柴油涨价,
2017-07-14,通胀,
2017-07-14,物流成本,
2017-07-15,油价上涨,
2017-07-15,油价调整,
2017-07-15,汽油涨价,
2017-07-15,柴油涨价,
2017-07-15,通胀,
2017-07-15,物流成本,
2017-07-16,油价上涨,
2017-07-16,油价调整,
2017-07-16,汽油涨价,
2017-07-16,柴油涨价,
2017-07-16,通胀,
2017-07-16,物流成本,
2017-07-17,油价上涨,
2017-07-17,油价调整,
2017-07-17,汽油涨价,
2017-07-17,柴油涨价,
2017-07-17,通胀,
2017-07-17,物流成本,
2017-07-18,油价上涨,
2017-07-18,油价调整,
2017-07-18,汽油涨价,
2017-07-18,柴油涨价,
2017-07-18,通胀,
2017-07-18,物流成本,
2017-07-19,油价上涨,
2017-07-19,油价调整,
2017-07-19,汽油涨价,
2017-07-19,柴油涨价,
2017-07-19,通胀,
2017-07-19,物流成本,
2017-07-20,油价上涨,
2017-07-20,油价调整,
2017-07-20,汽油涨价,
2017-07-20,柴油涨价,
2017-07-20,通胀,
2017-07-20,物流成本,
2017-07-21,油价上涨,
2017-07-21,油价调整,
2017-07-21,汽油涨价,
2017-07-21,柴油涨价,
2017-07-21,通胀,
2017-07-21,物流成本,
2017-07-22,油价上涨,
2017-07-22,油价调整,
2017-07-22,汽油涨价,
2017-07-22,柴油涨价,
2017-07-22,通胀,
2017-07-22,物流成本,
2017-07-23,油价上涨,
2017-07-23,油价调整,
2017-07-23,汽油涨价,
2017-07-23,柴油涨价,
2017-07-23,通胀,
2017-07-23,物流成本,
2017-07-24,油价上涨,
2017-07-24,油价调整,
2017-07-24,汽油涨价,
2017-07-24,柴油涨价,
2017-07-24,通胀,
2017-07-24,物流成本,
2017-07-25,油价上涨,
2017-07-25,油价调整,
2017-07-25,汽油涨价,
2017-07-25,柴油涨价,
2017-07-25,通胀,
2017-07-25,物流成本,
2017-07-26,油价上涨,
2017-07-26,油价调整,
2017-07-26,汽油涨价,
2017-07-26,柴油涨价,
2017-07-26,通胀,
2017-07-26,物流成本,
2017-07-27,油价上涨,
2017-07-27,油价调整,
2017-07-27,汽油涨价,
2017-07-27,柴油涨价,
2017-07-27,通胀,
2017-07-27,物流成本,
2017-07-28,油价上涨,
2017-07-28,油价调整,
2017-07-28,汽油涨价,
2017-07-28,柴油涨价,
2017-07-28,通胀,
2017-07-28,物流成本,
2017-07-29,油价上涨,
2017-07-29,油价调整,
2017-07-29,汽油涨价,
2017-07-29,柴油涨价,
2017-07-29,通胀,
2017-07-29,物流成本,
2017-07-30,油价上涨,
2017-07-30,油价调整,
2017-07-30,汽油涨价,
2017-07-30,柴油涨价,
2017-07-30,通胀,
2017-07-30,物流成本,
2017-07-31,油价上涨,
2017-07-31,油价调整,
2017-07-31,汽油涨价,
2017-07-31,柴油涨价,
2017-07-31,通胀,
2017-07-31,物流成本,
2017-08-01,油价上涨,
2017-08-01,油价调整,
2017-08-01,汽油涨价,
2017-08-01,柴油涨价,
2017-08-01,通胀,
2017-08-01,物流成本,
2017-08-02,油价上涨,
2017-08-02,油价调整,
2017-08-02,汽油涨价,
2017-08-02,柴油涨价,
2017-08-02,通胀,
2017-08-02,物流成本,
2017-08-03,油价上涨,
2017-08-03,油价调整,
2017-08-03,汽油涨价,
2017-08-03,柴油涨价,
2017-08-03,通胀,
2017-08-03,物流成本,
2017-08-04,油价上涨,
2017-08-04,油价调整,
2017-08-04,汽油涨价,
2017-08-04,柴油涨价,
2017-08-04,通胀,
2017-08-04,物流成本,
2017-08-05,油价上涨,
2017-08-05,油价调整,
2017-08-05,汽油涨价,
2017-08-05,柴油涨价,
2017-08-05,通胀,
2017-08-05,物流成本,
2017-08-06,油价上涨,
2017-08-06,油价调整,
2017-08-06,汽油涨价,
2017-08-06,柴油涨价,
2017-08-06,通胀,
2017-08-06,物流成本,
2017-08-07,油价上涨,
2017-08-07,油价调整,
2017-08-07,汽油涨价,
2017-08-07,柴油涨价,
2017-08-07,通胀,
2017-08-07,物流成本,
2017-08-08,油价上涨,
2017-08-08,油价调整,
2017-08-08,汽油涨价,
2017-08-08,柴油涨价,
2017-08-08,通胀,
2017-08-08,物流成本,
2017-08-09,油价上涨,
2017-08-09,油价调整,
2017-08-09,汽油涨价,
2017-08-09,柴油涨价,
2017-08-09,通胀,
2017-08-09,物流成本,
2017-08-10,油价上涨,
2017-08-10,油价调整,
2017-08-10,汽油涨价,
2017-08-10,柴油涨价,
2017-08-10,通胀,
2017-08-10,物流成本,
2017-08-11,油价上涨,
2017-08-11,油价调整,
2017-08-11,汽油涨价,
2017-08-11,柴油涨价,
2017-08-11,通胀,
2017-08-11,物流成本,
2017-08-12,油价上涨,
2017-08-12,油价调整,
2017-08-12,汽油涨价,
2017-08-12,柴油涨价,
2017-08-12,通胀,
2017-08-12,物流成本,
2017-08-13,油价上涨,
2017-08-13,油价调整,
2017-08-13,汽油涨价,
2017-08-13,柴油涨价,
2017-08-13,通胀,
2017-08-13,物流成本,
2017-08-14,油价上涨,
2017-08-14,油价调整,
2017-08-14,汽油涨价,
2017-08-14,柴油涨价,
2017-08-14,通胀,
2017-08-14,物流成本,
2017-08-15,油价上涨,
2017-08-15,油价调整,
2017-08-15,汽油涨价,
2017-08-15,柴油涨价,
2017-08-15,通胀,
2017-08-15,物流成本,
2017-08-16,油价上涨,
2017-08-16,油价调整,
2017-08-16,汽油涨价,
2017-08-16,柴油涨价,
2017-08-16,通胀,
2017-08-16,物流成本,
2017-08-17,油价上涨,
2017-08-17,油价调整,
2017-08-17,汽油涨价,
2017-08-17,柴油涨价,
2017-08-17,通胀,
2017-08-17,物流成本,
2017-08-18,油价上涨,
2017-08-18,油价调整,
2017-08-18,汽油涨价,
2017-08-18,柴油涨价,
2017-08-18,通胀,
2017-08-18,物流成本,
2017-08-19,油价上涨,
2017-08-19,油价调整,
2017-08-19,汽油涨价,
2017-08-19,柴油涨价,
2017-08-19,通胀,
2017-08-19,物流成本,
2017-08-20,油价上涨,
2017-08-20,油价调整,
2017-08-20,汽油涨价,
2017-08-20,柴油涨价,
2017-08-20,通胀,
2017-08-20,物流成本,
2017-08-21,油价上涨,
2017-08-21,油价调整,
2017-08-21,汽油涨价,
2017-08-21,柴油涨价,
2017-08-21,通胀,
2017-08-21,物流成本,
2017-08-22,油价上涨,
2017-08-22,油价调整,
2017-08-22,汽油涨价,
2017-08-22,柴油涨价,
2017-08-22,通胀,
2017-08-22,物流成本,
2017-08-23,油价上涨,
2017-08-23,油价调整,
2017-08-23,汽油涨价,
2017-08-23,柴油涨价,
2017-08-23,通胀,
2017-08-23,物流成本,
2017-08-24,油价上涨,
2017-08-24,油价调整,
2017-08-24,汽油涨价,
2017-08-24,柴油涨价,
2017-08-24,通胀,
2017-08-24,物流成本,
2017-08-25,油价上涨,
2017-08-25,油价调整,
2017-08-25,汽油涨价,
2017-08-25,柴油涨价,
2017-08-25,通胀,
2017-08-25,物流成本,
2017-08-26,油价上涨,
2017-08-26,油价调整,
2017-08-26,汽油涨价,
2017-08-26,柴油涨价,
2017-08-26,通胀,
2017-08-26,物流成本,
2017-08-27,油价上涨,
2017-08-27,油价调整,
2017-08-27,汽油涨价,
2017-08-27,柴油涨价,
2017-08-27,通胀,
2017-08-27,物流成本,
2017-08-28,油价上涨,
2017-08-28,油价调整,
2017-08-28,汽油涨价,
2017-08-28,柴油涨价,
2017-08-28,通胀,
2017-08-28,物流成本,
2017-08-29,油价上涨,
2017-08-29,油价调整,
2017-08-29,汽油涨价,
2017-08-29,柴油涨价,
2017-08-29,通胀,
2017-08-29,物流成本,
2017-08-30,油价上涨,
2017-08-30,油价调整,
2017-08-30,汽油涨价,
2017-08-30,柴油涨价,
2017-08-30,通胀,
2017-08-30,物流成本,
2017-08-31,油价上涨,
2017-08-31,油价调整,
2017-08-31,汽油涨价,
2017-08-31,柴油涨价,
2017-08-31,通胀,
2017-08-31,物流成本,
2017-09-01,油价上涨,
2017-09-01,油价调整,
2017-09-01,汽油涨价,
2017-09-01,柴油涨价,
2017-09-01,通胀,
2017-09-01,物流成本,
2017-09-02,油价上涨,
2017-09-02,油价调整,
2017-09-02,汽油涨价,
2017-09-02,柴油涨价,
2017-09-02,通胀,
2017-09-02,物流成本,
2017-09-03,油价上涨,
2017-09-03,油价调整,
2017-09-03,汽油涨价,
2017-09-03,柴油涨价,
2017-09-03,通胀,
2017-09-03,物流成本,
2017-09-04,油价上涨,
2017-09-04,油价调整,
2017-09-04,汽油涨价,
2017-09-04,柴油涨价,
2017-09-04,通胀,
2017-09-04,物流成本,
2017-09-05,油价上涨,
2017-09-05,油价调整,
2017-09-05,汽油涨价,
2017-09-05,柴油涨价,
2017-09-05,通胀,
2017-09-05,物流成本,
2017-09-06,油价上涨,
2017-09-06,油价调整,
2017-09-06,汽油涨价,
2017-09-06,柴油涨价,
2017-09-06,通胀,
2017-09-06,物流成本,
2017-09-07,油价上涨,
2017-09-07,油价调整,
2017-09-07,汽油涨价,
2017-09-07,柴油涨价,
2017-09-07,通胀,
2017-09-07,物流成本,
2017-09-08,油价上涨,
2017-09-08,油价调整,
2017-09-08,汽油涨价,
2017-09-08,柴油涨价,
2017-09-08,通胀,
2017-09-08,物流成本,
2017-09-09,油价上涨,
2017-09-09,油价调整,
2017-09-09,汽油涨价,
2017-09-09,柴油涨价,
2017-09-09,通胀,
2017-09-09,物流成本,
2017-09-10,油价上涨,
2017-09-10,油价调整,
2017-09-10,汽油涨价,
2017-09-10,柴油涨价,
2017-09-10,通胀,
2017-09-10,物流成本,
2017-09-11,油价上涨,
2017-09-11,油价调整,
2017-09-11,汽油涨价,
2017-09-11,柴油涨价,
2017-09-11,通胀,
2017-09-11,物流成本,
2017-09-12,油价上涨,
2017-09-12,油价调整,
2017-09-12,汽油涨价,
2017-09-12,柴油涨价,
2017-09-12,通胀,
2017-09-12,物流成本,
2017-09-13,油价上涨,
2017-09-13,油价调整,
2017-09-13,汽油涨价,
2017-09-13,柴油涨价,
2017-09-13,通胀,
2017-09-13,物流成本,
2017-09-14,油价上涨,
2017-09-14,油价调整,
2017-09-14,汽油涨价,
2017-09-14,柴油涨价,
2017-09-14,通胀,
2017-09-14,物流成本,
2017-09-15,油价上涨,
2017-09-15,油价调整,
2017-09-15,汽油涨价,
2017-09-15,柴油涨价,
2017-09-15,通胀,
2017-09-15,物流成本,
2017-09-16,油价上涨,
2017-09-16,油价调整,
2017-09-16,汽油涨价,
2017-09-16,柴油涨价,
2017-09-16,通胀,
2017-09-16,物流成本,
2017-09-17,油价上涨,
2017-09-17,油价调整,
2017-09-17,汽油涨价,
2017-09-17,柴油涨价,
2017-09-17,通胀,
2017-09-17,物流成本,
2017-09-18,油价上涨,
2017-09-18,油价调整,
2017-09-18,汽油涨价,
2017-09-18,柴油涨价,
2017-09-18,通胀,
2017-09-18,物流成本,
2017-09-19,油价上涨,
2017-09-19,油价调整,
2017-09-19,汽油涨价,
2017-09-19,柴油涨价,
2017-09-19,通胀,
2017-09-19,物流成本,
2017-09-20,油价上涨,
2017-09-20,油价调整,
2017-09-20,汽油涨价,
2017-09-20,柴油涨价,
2017-09-20,通胀,
2017-09-20,物流成本,
2017-09-21,油价上涨,
2017-09-21,油价调整,
2017-09-21,汽油涨价,
2017-09-21,柴油涨价,
2017-09-21,通胀,
2017-09-21,物流成本,
2017-09-22,油价上涨,
2017-09-22,油价调整,
2017-09-22,汽油涨价,
2017-09-22,柴油涨价,
2017-09-22,通胀,
2017-09-22,物流成本,
2017-09-23,油价上涨,
2017-09-23,油价调整,
2017-09-23,汽油涨价,
2017-09-23,柴油涨价,
2017-09-23,通胀,
2017-09-23,物流成本,
2017-09-24,油价上涨,
2017-09-24,油价调整,
2017-09-24,汽油涨价,
2017-09-24,柴油涨价,
2017-09-24,通胀,
2017-09-24,物流成本,
2017-09-25,油价上涨,
2017-09-25,油价调整,
2017-09-25,汽油涨价,
2017-09-25,柴油涨价,
2017-09-25,通胀,
2017-09-25,物流成本,
2017-09-26,油价上涨,
2017-09-26,油价调整,
2017-09-26,汽油涨价,
2017-09-26,柴油涨价,
2017-09-26,通胀,
2017-09-26,物流成本,
2017-09-27,油价上涨,
2017-09-27,油价调整,
2017-09-27,汽油涨价,
2017-09-27,柴油涨价,
2017-09-27,通胀,
2017-09-27,物流成本,
2017-09-28,油价上涨,
2017-09-28,油价调整,
2017-09-28,汽油涨价,
2017-09-28,柴油涨价,
2017-09-28,通胀,
2017-09-28,物流成本,
2017-09-29,油价上涨,
2017-09-29,油价调整,
2017-09-29,汽油涨价,
2017-09-29,柴油涨价,
2017-09-29,通胀,
2017-09-29,物流成本,
2017-09-30,油价上涨,
2017-09-30,油价调整,
2017-09-30,汽油涨价,
2017-09-30,柴油涨价,
2017-09-30,通胀,
2017-09-30,物流成本,
2017-10-01,油价上涨,
2017-10-01,油价调整,
2017-10-01,汽油涨价,
2017-10-01,柴油涨价,
2017-10-01,通胀,
2017-10-01,物流成本,
2017-10-02,油价上涨,
2017-10-02,油价调整,
2017-10-02,汽油涨价,
2017-10-02,柴油涨价,
2017-10-02,通胀,
2017-10-02,物流成本,
2017-10-03,油价上涨,
2017-10-03,油价调整,
2017-10-03,汽油涨价,
2017-10-03,柴油涨价,
2017-10-03,通胀,
2017-10-03,物流成本,
2017-10-04,油价上涨,
2017-10-04,油价调整,
2017-10-04,汽油涨价,
2017-10-04,柴油涨价,
2017-10-04,通胀,
2017-10-04,物流成本,
2017-10-05,油价上涨,
2017-10-05,油价调整,
2017-10-05,汽油涨价,
2017-10-05,柴油涨价,
2017-10-05,通胀,
2017-10-05,物流成本,
2017-10-06,油价上涨,
2017-10-06,油价调整,
2017-10-06,汽油涨价,
2017-10-06,柴油涨价,
2017-10-06,通胀,
2017-10-06,物流成本,
2017-10-07,油价上涨,
2017-10-07,油价调整,
2017-10-07,汽油涨价,
2017-10-07,柴油涨价,
2017-10-07,通胀,
2017-10-07,物流成本,
2017-10-08,油价上涨,
2017-10-08,油价调整,
2017-10-08,汽油涨价,
2017-10-08,柴油涨价,
2017-10-08,通胀,
2017-10-08,物流成本,
2017-10-09,油价上涨,
2017-10-09,油价调整,
2017-10-09,汽油涨价,
2017-10-09,柴油涨价,
2017-10-09,通胀,
2017-10-09,物流成本,
2017-10-10,油价上涨,
2017-10-10,油价调整,
2017-10-10,汽油涨价,
2017-10-10,柴油涨价,
2017-10-10,通胀,
2017-10-10,物流成本,
2017-10-11,油价上涨,
2017-10-11,油价调整,
2017-10-11,汽油涨价,
2017-10-11,柴油涨价,
2017-10-11,通胀,
2017-10-11,物流成本,
2017-10-12,油价上涨,
2017-10-12,油价调整,
2017-10-12,汽油涨价,
2017-10-12,柴油涨价,
2017-10-12,通胀,
2017-10-12,物流成本,
2017-10-13,油价上涨,
2017-10-13,油价调整,
2017-10-13,汽油涨价,
2017-10-13,柴油涨价,
2017-10-13,通胀,
2017-10-13,物流成本,
2017-10-14,油价上涨,
2017-10-14,油价调整,
2017-10-14,汽油涨价,
2017-10-14,柴油涨价,
2017-10-14,通胀,
2017-10-14,物流成本,
2017-10-15,油价上涨,
2017-10-15,油价调整,
2017-10-15,汽油涨价,
2017-10-15,柴油涨价,
2017-10-15,通胀,
2017-10-15,物流成本,
2017-10-16,油价上涨,
2017-10-16,油价调整,
2017-10-16,汽油涨价,
2017-10-16,柴油涨价,
2017-10-16,通胀,
2017-10-16,物流成本,
2017-10-17,油价上涨,
2017-10-17,油价调整,
2017-10-17,汽油涨价,
2017-10-17,柴油涨价,
2017-10-17,通胀,
2017-10-17,物流成本,
2017-10-18,油价上涨,
2017-10-18,油价调整,
2017-10-18,汽油涨价,
2017-10-18,柴油涨价,
2017-10-18,通胀,
2017-10-18,物流成本,
2017-10-19,油价上涨,
2017-10-19,油价调整,
2017-10-19,汽油涨价,
2017-10-19,柴油涨价,
2017-10-19,通胀,
2017-10-19,物流成本,
2017-10-20,油价上涨,
2017-10-20,油价调整,
2017-10-20,汽油涨价,
2017-10-20,柴油涨价,
2017-10-20,通胀,
2017-10-20,物流成本,
2017-10-21,油价上涨,
2017-10-21,油价调整,
2017-10-21,汽油涨价,
2017-10-21,柴油涨价,
2017-10-21,通胀,
2017-10-21,物流成本,
2017-10-22,油价上涨,
2017-10-22,油价调整,
2017-10-22,汽油涨价,
2017-10-22,柴油涨价,
2017-10-22,通胀,
2017-10-22,物流成本,
2017-10-23,油价上涨,
2017-10-23,油价调整,
2017-10-23,汽油涨价,
2017-10-23,柴油涨价,
2017-10-23,通胀,
2017-10-23,物流成本,
2017-10-24,油价上涨,
2017-10-24,油价调整,
2017-10-24,汽油涨价,
2017-10-24,柴油涨价,
2017-10-24,通胀,
2017-10-24,物流成本,
2017-10-25,油价上涨,
2017-10-25,油价调整,
2017-10-25,汽油涨价,
2017-10-25,柴油涨价,
2017-10-25,通胀,
2017-10-25,物流成本,
2017-10-26,油价上涨,
2017-10-26,油价调整,
2017-10-26,汽油涨价,
2017-10-26,柴油涨价,
2017-10-26,通胀,
2017-10-26,物流成本,
2017-10-27,油价上涨,
2017-10-27,油价调整,
2017-10-27,汽油涨价,
2017-10-27,柴油涨价,
2017-10-27,通胀,
2017-10-27,物流成本,
2017-10-28,油价上涨,
2017-10-28,油价调整,
2017-10-28,汽油涨价,
2017-10-28,柴油涨价,
2017-10-28,通胀,
2017-10-28,物流成本,
2017-10-29,油价上涨,
2017-10-29,油价调整,
2017-10-29,汽油涨价,
2017-10-29,柴油涨价,
2017-10-29,通胀,
2017-10-29,物流成本,
2017-10-30,油价上涨,
2017-10-30,油价调整,
2017-10-30,汽油涨价,
2017-10-30,柴油涨价,
2017-10-30,通胀,
2017-10-30,物流成本,
2017-10-31,油价上涨,
2017-10-31,油价调整,
2017-10-31,汽油涨价,
2017-10-31,柴油涨价,
2017-10-31,通胀,
2017-10-31,物流成本,
2017-11-01,油价上涨,
2017-11-01,油价调整,
2017-11-01,汽油涨价,
2017-11-01,柴油涨价,
2017-11-01,通胀,
2017-11-01,物流成本,
2017-11-02,油价上涨,
2017-11-02,油价调整,
2017-11-02,汽油涨价,
2017-11-02,柴油涨价,
2017-11-02,通胀,
2017-11-02,物流成本,
2017-11-03,油价上涨,
2017-11-03,油价调整,
2017-11-03,汽油涨价,
2017-11-03,柴油涨价,
2017-11-03,通胀,
2017-11-03,物流成本,
2017-11-04,油价上涨,
2017-11-04,油价调整,
2017-11-04,汽油涨价,
2017-11-04,柴油涨价,
2017-11-04,通胀,
2017-11-04,物流成本,
2017-11-05,油价上涨,
2017-11-05,油价调整,
2017-11-05,汽油涨价,
2017-11-05,柴油涨价,
2017-11-05,通胀,
2017-11-05,物流成本,
2017-11-06,油价上涨,
2017-11-06,油价调整,
2017-11-06,汽油涨价,
2017-11-06,柴油涨价,
2017-11-06,通胀,
2017-11-06,物流成本,
2017-11-07,油价上涨,
2017-11-07,油价调整,
2017-11-07,汽油涨价,
2017-11-07,柴油涨价,
2017-11-07,通胀,
2017-11-07,物流成本,
2017-11-08,油价上涨,
2017-11-08,油价调整,
2017-11-08,汽油涨价,
2017-11-08,柴油涨价,
2017-11-08,通胀,
2017-11-08,物流成本,
2017-11-09,油价上涨,
2017-11-09,油价调整,
2017-11-09,汽油涨价,
2017-11-09,柴油涨价,
2017-11-09,通胀,
2017-11-09,物流成本,
2017-11-10,油价上涨,
2017-11-10,油价调整,
2017-11-10,汽油涨价,
2017-11-10,柴油涨价,
2017-11-10,通胀,
2017-11-10,物流成本,
2017-11-11,油价上涨,
2017-11-11,油价调整,
2017-11-11,汽油涨价,
2017-11-11,柴油涨价,
2017-11-11,通胀,
2017-11-11,物流成本,
2017-11-12,油价上涨,
2017-11-12,油价调整,
2017-11-12,汽油涨价,
2017-11-12,柴油涨价,
2017-11-12,通胀,
2017-11-12,物流成本,
2017-11-13,油价上涨,
2017-11-13,油价调整,
2017-11-13,汽油涨价,
2017-11-13,柴油涨价,
2017-11-13,通胀,
2017-11-13,物流成本,
2017-11-14,油价上涨,
2017-11-14,油价调整,
2017-11-14,汽油涨价,
2017-11-14,柴油涨价,
2017-11-14,通胀,
2017-11-14,物流成本,
2017-11-15,油价上涨,
2017-11-15,油价调整,
2017-11-15,汽油涨价,
2017-11-15,柴油涨价,
2017-11-15,通胀,
2017-11-15,物流成本,
2017-11-16,油价上涨,
2017-11-16,油价调整,
2017-11-16,汽油涨价,
2017-11-16,柴油涨价,
2017-11-16,通胀,
2017-11-16,物流成本,
2017-11-17,油价上涨,
2017-11-17,油价调整,
2017-11-17,汽油涨价,
2017-11-17,柴油涨价,
2017-11-17,通胀,
2017-11-17,物流成本,
2017-11-18,油价上涨,
2017-11-18,油价调整,
2017-11-18,汽油涨价,
2017-11-18,柴油涨价,
2017-11-18,通胀,
2017-11-18,物流成本,
2017-11-19,油价上涨,
2017-11-19,油价调整,
2017-11-19,汽油涨价,
2017-11-19,柴油涨价,
2017-11-19,通胀,
2017-11-19,物流成本,
2017-11-20,油价上涨,
2017-11-20,油价调整,
2017-11-20,汽油涨价,
2017-11-20,柴油涨价,
2017-11-20,通胀,
2017-11-20,物流成本,
2017-11-21,油价上涨,
2017-11-21,油价调整,
2017-11-21,汽油涨价,
2017-11-21,柴油涨价,
2017-11-21,通胀,
2017-11-21,物流成本,
2017-11-22,油价上涨,
2017-11-22,油价调整,
2017-11-22,汽油涨价,
2017-11-22,柴油涨价,
2017-11-22,通胀,
2017-11-22,物流成本,
2017-11-23,油价上涨,
2017-11-23,油价调整,
2017-11-23,汽油涨价,
2017-11-23,柴油涨价,
2017-11-23,通胀,
2017-11-23,物流成本,
2017-11-24,油价上涨,
2017-11-24,油价调整,
2017-11-24,汽油涨价,
2017-11-24,柴油涨价,
2017-11-24,通胀,
2017-11-24,物流成本,
2017-11-25,油价上涨,
2017-11-25,油价调整,
2017-11-25,汽油涨价,
2017-11-25,柴油涨价,
2017-11-25,通胀,
2017-11-25,物流成本,
2017-11-26,油价上涨,
2017-11-26,油价调整,
2017-11-26,汽油涨价,
2017-11-26,柴油涨价,
2017-11-26,通胀,
2017-11-26,物流成本,
2017-11-27,油价上涨,
2017-11-27,油价调整,
2017-11-27,汽油涨价,
2017-11-27,柴油涨价,
2017-11-27,通胀,
2017-11-27,物流成本,
2017-11-28,油价上涨,
2017-11-28,油价调整,
2017-11-28,汽油涨价,
2017-11-28,柴油涨价,
2017-11-28,通胀,
2017-11-28,物流成本,
2017-11-29,油价上涨,
2017-11-29,油价调整,
2017-11-29,汽油涨价,
2017-11-29,柴油涨价,
2017-11-29,通胀,
2017-11-29,物流成本,
2017-11-30,油价上涨,
2017-11-30,油价调整,
2017-11-30,汽油涨价,
2017-11-30,柴油涨价,
2017-11-30,通胀,
2017-11-30,物流成本,
2017-12-01,油价上涨,
2017-12-01,油价调整,
2017-12-01,汽油涨价,
2017-12-01,柴油涨价,
2017-12-01,通胀,
2017-12-01,物流成本,
2017-12-02,油价上涨,
2017-12-02,油价调整,
2017-12-02,汽油涨价,
2017-12-02,柴油涨价,
2017-12-02,通胀,
2017-12-02,物流成本,
2017-12-03,油价上涨,
2017-12-03,油价调整,
2017-12-03,汽油涨价,
2017-12-03,柴油涨价,
2017-12-03,通胀,
2017-12-03,物流成本,
2017-12-04,油价上涨,
2017-12-04,油价调整,
2017-12-04,汽油涨价,
2017-12-04,柴油涨价,
2017-12-04,通胀,
2017-12-04,物流成本,
2017-12-05,油价上涨,
2017-12-05,油价调整,
2017-12-05,汽油涨价,
2017-12-05,柴油涨价,
2017-12-05,通胀,
2017-12-05,物流成本,
2017-12-06,油价上涨,
2017-12-06,油价调整,
2017-12-06,汽油涨价,
2017-12-06,柴油涨价,
2017-12-06,通胀,
2017-12-06,物流成本,
2017-12-07,油价上涨,
2017-12-07,油价调整,
2017-12-07,汽油涨价,
2017-12-07,柴油涨价,
2017-12-07,通胀,
2017-12-07,物流成本,
2017-12-08,油价上涨,
2017-12-08,油价调整,
2017-12-08,汽油涨价,
2017-12-08,柴油涨价,
2017-12-08,通胀,
2017-12-08,物流成本,
2017-12-09,油价上涨,
2017-12-09,油价调整,
2017-12-09,汽油涨价,
2017-12-09,柴油涨价,
2017-12-09,通胀,
2017-12-09,物流成本,
2017-12-10,油价上涨,
2017-12-10,油价调整,
2017-12-10,汽油涨价,
2017-12-10,柴油涨价,
2017-12-10,通胀,
2017-12-10,物流成本,
2017-12-11,油价上涨,
2017-12-11,油价调整,
2017-12-11,汽油涨价,
2017-12-11,柴油涨价,
2017-12-11,通胀,
2017-12-11,物流成本,
2017-12-12,油价上涨,
2017-12-12,油价调整,
2017-12-12,汽油涨价,
2017-12-12,柴油涨价,
2017-12-12,通胀,
2017-12-12,物流成本,
2017-12-13,油价上涨,
2017-12-13,油价调整,
2017-12-13,汽油涨价,
2017-12-13,柴油涨价,
2017-12-13,通胀,
2017-12-13,物流成本,
2017-12-14,油价上涨,
2017-12-14,油价调整,
2017-12-14,汽油涨价,
2017-12-14,柴油涨价,
2017-12-14,通胀,
2017-12-14,物流成本,
2017-12-15,油价上涨,
2017-12-15,油价调整,
2017-12-15,汽油涨价,
2017-12-15,柴油涨价,
2017-12-15,通胀,
2017-12-15,物流成本,
2017-12-16,油价上涨,
2017-12-16,油价调整,
2017-12-16,汽油涨价,
2017-12-16,柴油涨价,
2017-12-16,通胀,
2017-12-16,物流成本,
2017-12-17,油价上涨,
2017-12-17,油价调整,
2017-12-17,汽油涨价,
2017-12-17,柴油涨价,
2017-12-17,通胀,
2017-12-17,物流成本,
2017-12-18,油价上涨,
2017-12-18,油价调整,
2017-12-18,汽油涨价,
2017-12-18,柴油涨价,
2017-12-18,通胀,
2017-12-18,物流成本,
2017-12-19,油价上涨,
2017-12-19,油价调整,
2017-12-19,汽油涨价,
2017-12-19,柴油涨价,
2017-12-19,通胀,
2017-12-19,物流成本,
2017-12-20,油价上涨,
2017-12-20,油价调整,
2017-12-20,汽油涨价,
2017-12-20,柴油涨价,
2017-12-20,通胀,
2017-12-20,物流成本,
2017-12-21,油价上涨,
2017-12-21,油价调整,
2017-12-21,汽油涨价,
2017-12-21,柴油涨价,
2017-12-21,通胀,
2017-12-21,物流成本,
2017-12-22,油价上涨,
2017-12-22,油价调整,
2017-12-22,汽油涨价,
2017-12-22,柴油涨价,
2017-12-22,通胀,
2017-12-22,物流成本,
2017-12-23,油价上涨,
2017-12-23,油价调整,
2017-12-23,汽油涨价,
2017-12-23,柴油涨价,
2017-12-23,通胀,
2017-12-23,物流成本,
2017-12-24,油价上涨,
2017-12-24,油价调整,
2017-12-24,汽油涨价,
2017-12-24,柴油涨价,
2017-12-24,通胀,
2017-12-24,物流成本,
2017-12-25,油价上涨,
2017-12-25,油价调整,
2017-12-25,汽油涨价,
2017-12-25,柴油涨价,
2017-12-25,通胀,
2017-12-25,物流成本,
2017-12-26,油价上涨,
2017-12-26,油价调整,
2017-12-26,汽油涨价,
2017-12-26,柴油涨价,
2017-12-26,通胀,
2017-12-26,物流成本,
2017-12-27,油价上涨,
2017-12-27,油价调整,
2017-12-27,汽油涨价,
2017-12-27,柴油涨价,
2017-12-27,通胀,
2017-12-27,物流成本,
2017-12-28,油价上涨,
2017-12-28,油价调整,
2017-12-28,汽油涨价,
2017-12-28,柴油涨价,
2017-12-28,通胀,
2017-12-28,物流成本,
2017-12-29,油价上涨,
2017-12-29,油价调整,
2017-12-29,汽油涨价,
2017-12-29,柴油涨价,
2017-12-29,通胀,
2017-12-29,物流成本,
2017-12-30,油价上涨,
2017-12-30,油价调整,
2017-12-30,汽油涨价,
2017-12-30,柴油涨价,
2017-12-30,通胀,
2017-12-30,物流成本,
2017-12-31,油价上涨,
2017-12-31,油价调整,
2017-12-31,汽油涨价,
2017-12-31,柴油涨价,
2017-12-31,通胀,
2017-12-31,物流成本,
2018-01-01,油价上涨,
2018-01-01,油价调整,
2018-01-01,汽油涨价,
2018-01-01,柴油涨价,
2018-01-01,通胀,
2018-01-01,物流成本,
2018-01-02,油价上涨,
2018-01-02,油价调整,
2018-01-02,汽油涨价,
2018-01-02,柴油涨价,
2018-01-02,通胀,
2018-01-02,物流成本,
2018-01-03,油价上涨,
2018-01-03,油价调整,
2018-01-03,汽油涨价,
2018-01-03,柴油涨价,
2018-01-03,通胀,
2018-01-03,物流成本,
2018-01-04,油价上涨,
2018-01-04,油价调整,
2018-01-04,汽油涨价,
2018-01-04,柴油涨价,
2018-01-04,通胀,
2018-01-04,物流成本,
2018-01-05,油价上涨,
2018-01-05,油价调整,
2018-01-05,汽油涨价,
2018-01-05,柴油涨价,
2018-01-05,通胀,
2018-01-05,物流成本,
2018-01-06,油价上涨,
2018-01-06,油价调整,
2018-01-06,汽油涨价,
2018-01-06,柴油涨价,
2018-01-06,通胀,
2018-01-06,物流成本,
2018-01-07,油价上涨,
2018-01-07,油价调整,
2018-01-07,汽油涨价,
2018-01-07,柴油涨价,
2018-01-07,通胀,
2018-01-07,物流成本,
2018-01-08,油价上涨,
2018-01-08,油价调整,
2018-01-08,汽油涨价,
2018-01-08,柴油涨价,
2018-01-08,通胀,
2018-01-08,物流成本,
2018-01-09,油价上涨,
2018-01-09,油价调整,
2018-01-09,汽油涨价,
2018-01-09,柴油涨价,
2018-01-09,通胀,
2018-01-09,物流成本,
2018-01-10,油价上涨,
2018-01-10,油价调整,
2018-01-10,汽油涨价,
2018-01-10,柴油涨价,
2018-01-10,通胀,
2018-01-10,物流成本,
2018-01-11,油价上涨,
2018-01-11,油价调整,
2018-01-11,汽油涨价,
2018-01-11,柴油涨价,
2018-01-11,通胀,
2018-01-11,物流成本,
2018-01-12,油价上涨,
2018-01-12,油价调整,
2018-01-12,汽油涨价,
2018-01-12,柴油涨价,
2018-01-12,通胀,
2018-01-12,物流成本,
2018-01-13,油价上涨,
2018-01-13,油价调整,
2018-01-13,汽油涨价,
2018-01-13,柴油涨价,
2018-01-13,通胀,
2018-01-13,物流成本,
2018-01-14,油价上涨,
2018-01-14,油价调整,
2018-01-14,汽油涨价,
2018-01-14,柴油涨价,
2018-01-14,通胀,
2018-01-14,物流成本,
2018-01-15,油价上涨,
2018-01-15,油价调整,
2018-01-15,汽油涨价,
2018-01-15,柴油涨价,
2018-01-15,通胀,
2018-01-15,物流成本,
2018-01-16,油价上涨,
2018-01-16,油价调整,
2018-01-16,汽油涨价,
2018-01-16,柴油涨价,
2018-01-16,通胀,
2018-01-16,物流成本,
2018-01-17,油价上涨,
2018-01-17,油价调整,
2018-01-17,汽油涨价,
2018-01-17,柴油涨价,
2018-01-17,通胀,
2018-01-17,物流成本,
2018-01-18,油价上涨,
2018-01-18,油价调整,
2018-01-18,汽油涨价,
2018-01-18,柴油涨价,
2018-01-18,通胀,
2018-01-18,物流成本,
2018-01-19,油价上涨,
2018-01-19,油价调整,
2018-01-19,汽油涨价,
2018-01-19,柴油涨价,
2018-01-19,通胀,
2018-01-19,物流成本,
2018-01-20,油价上涨,
2018-01-20,油价调整,
2018-01-20,汽油涨价,
2018-01-20,柴油涨价,
2018-01-20,通胀,
2018-01-20,物流成本,
2018-01-21,油价上涨,
2018-01-21,油价调整,
2018-01-21,汽油涨价,
2018-01-21,柴油涨价,
2018-01-21,通胀,
2018-01-21,物流成本,
2018-01-22,油价上涨,
2018-01-22,油价调整,
2018-01-22,汽油涨价,
2018-01-22,柴油涨价,
2018-01-22,通胀,
2018-01-22,物流成本,
2018-01-23,油价上涨,
2018-01-23,油价调整,
2018-01-23,汽油涨价,
2018-01-23,柴油涨价,
2018-01-23,通胀,
2018-01-23,物流成本,
2018-01-24,油价上涨,
2018-01-24,油价调整,
2018-01-24,汽油涨价,
2018-01-24,柴油涨价,
2018-01-24,通胀,
2018-01-24,物流成本,
2018-01-25,油价上涨,
2018-01-25,油价调整,
2018-01-25,汽油涨价,
2018-01-25,柴油涨价,
2018-01-25,通胀,
2018-01-25,物流成本,
2018-01-26,油价上涨,
2018-01-26,油价调整,
2018-01-26,汽油涨价,
2018-01-26,柴油涨价,
2018-01-26,通胀,
2018-01-26,物流成本,
2018-01-27,油价上涨,
2018-01-27,油价调整,
2018-01-27,汽油涨价,
2018-01-27,柴油涨价,
2018-01-27,通胀,
2018-01-27,物流成本,
2018-01-28,油价上涨,
2018-01-28,油价调整,
2018-01-28,汽油涨价,
2018-01-28,柴油涨价,
2018-01-28,通胀,
2018-01-28,物流成本,
2018-01-29,油价上涨,
2018-01-29,油价调整,
2018-01-29,汽油涨价,
2018-01-29,柴油涨价,
2018-01-29,通胀,
2018-01-29,物流成本,
2018-01-30,油价上涨,
2018-01-30,油价调整,
2018-01-30,汽油涨价,
2018-01-30,柴油涨价,
2018-01-30,通胀,
2018-01-30,物流成本,
2018-01-31,油价上涨,
2018-01-31,油价调整,
2018-01-31,汽油涨价,
2018-01-31,柴油涨价,
2018-01-31,通胀,
2018-01-31,物流成本,
2018-02-01,油价上涨,
2018-02-01,油价调整,
2018-02-01,汽油涨价,
2018-02-01,柴油涨价,
2018-02-01,通胀,
2018-02-01,物流成本,
2018-02-02,油价上涨,
2018-02-02,油价调整,
2018-02-02,汽油涨价,
2018-02-02,柴油涨价,
2018-02-02,通胀,
2018-02-02,物流成本,
2018-02-03,油价上涨,
2018-02-03,油价调整,
2018-02-03,汽油涨价,
2018-02-03,柴油涨价,
2018-02-03,通胀,
2018-02-03,物流成本,
2018-02-04,油价上涨,
2018-02-04,油价调整,
2018-02-04,汽油涨价,
2018-02-04,柴油涨价,
2018-02-04,通胀,
2018-02-04,物流成本,
2018-02-05,油价上涨,
2018-02-05,油价调整,
2018-02-05,汽油涨价,
2018-02-05,柴油涨价,
2018-02-05,通胀,
2018-02-05,物流成本,
2018-02-06,油价上涨,
2018-02-06,油价调整,
2018-02-06,汽油涨价,
2018-02-06,柴油涨价,
2018-02-06,通胀,
2018-02-06,物流成本,
2018-02-07,油价上涨,
2018-02-07,油价调整,
2018-02-07,汽油涨价,
2018-02-07,柴油涨价,
2018-02-07,通胀,
2018-02-07,物流成本,
2018-02-08,油价上涨,
2018-02-08,油价调整,
2018-02-08,汽油涨价,
2018-02-08,柴油涨价,
2018-02-08,通胀,
2018-02-08,物流成本,
2018-02-09,油价上涨,
2018-02-09,油价调整,
2018-02-09,汽油涨价,
2018-02-09,柴油涨价,
2018-02-09,通胀,
2018-02-09,物流成本,
2018-02-10,油价上涨,
2018-02-10,油价调整,
2018-02-10,汽油涨价,
2018-02-10,柴油涨价,
2018-02-10,通胀,
2018-02-10,物流成本,
2018-02-11,油价上涨,
2018-02-11,油价调整,
2018-02-11,汽油涨价,
2018-02-11,柴油涨价,
2018-02-11,通胀,
2018-02-11,物流成本,
2018-02-12,油价上涨,
2018-02-12,油价调整,
2018-02-12,汽油涨价,
2018-02-12,柴油涨价,
2018-02-12,通胀,
2018-02-12,物流成本,
2018-02-13,油价上涨,
2018-02-13,油价调整,
2018-02-13,汽油涨价,
2018-02-13,柴油涨价,
2018-02-13,通胀,
2018-02-13,物流成本,
2018-02-14,油价上涨,
2018-02-14,油价调整,
2018-02-14,汽油涨价,
2018-02-14,柴油涨价,
2018-02-14,通胀,
2018-02-14,物流成本,
2018-02-15,油价上涨,
2018-02-15,油价调整,
2018-02-15,汽油涨价,
2018-02-15,柴油涨价,
2018-02-15,通胀,
2018-02-15,物流成本,
2018-02-16,油价上涨,
2018-02-16,油价调整,
2018-02-16,汽油涨价,
2018-02-16,柴油涨价,
2018-02-16,通胀,
2018-02-16,物流成本,
2018-02-17,油价上涨,
2018-02-17,油价调整,
2018-02-17,汽油涨价,
2018-02-17,柴油涨价,
2018-02-17,通胀,
2018-02-17,物流成本,
2018-02-18,油价上涨,
2018-02-18,油价调整,
2018-02-18,汽油涨价,
2018-02-18,柴油涨价,
2018-02-18,通胀,
2018-02-18,物流成本,
2018-02-19,油价上涨,
2018-02-19,油价调整,
2018-02-19,汽油涨价,
2018-02-19,柴油涨价,
2018-02-19,通胀,
2018-02-19,物流成本,
2018-02-20,油价上涨,
2018-02-20,油价调整,
2018-02-20,汽油涨价,
2018-02-20,柴油涨价,
2018-02-20,通胀,
2018-02-20,物流成本,
2018-02-21,油价上涨,
2018-02-21,油价调整,
2018-02-21,汽油涨价,
2018-02-21,柴油涨价,
2018-02-21,通胀,
2018-02-21,物流成本,
2018-02-22,油价上涨,
2018-02-22,油价调整,
2018-02-22,汽油涨价,
2018-02-22,柴油涨价,
2018-02-22,通胀,
2018-02-22,物流成本,
2018-02-23,油价上涨,
2018-02-23,油价调整,
2018-02-23,汽油涨价,
2018-02-23,柴油涨价,
2018-02-23,通胀,
2018-02-23,物流成本,
2018-02-24,油价上涨,
2018-02-24,油价调整,
2018-02-24,汽油涨价,
2018-02-24,柴油涨价,
2018-02-24,通胀,
2018-02-24,物流成本,
2018-02-25,油价上涨,
2018-02-25,油价调整,
2018-02-25,汽油涨价,
2018-02-25,柴油涨价,
2018-02-25,通胀,
2018-02-25,物流成本,
2018-02-26,油价上涨,
2018-02-26,油价调整,
2018-02-26,汽油涨价,
2018-02-26,柴油涨价,
2018-02-26,通胀,
2018-02-26,物流成本,
2018-02-27,油价上涨,
2018-02-27,油价调整,
2018-02-27,汽油涨价,
2018-02-27,柴油涨价,
2018-02-27,通胀,
2018-02-27,物流成本,
2018-02-28,油价上涨,
2018-02-28,油价调整,
2018-02-28,汽油涨价,
2018-02-28,柴油涨价,
2018-02-28,通胀,
2018-02-28,物流成本,
2018-03-01,油价上涨,
2018-03-01,油价调整,
2018-03-01,汽油涨价,
2018-03-01,柴油涨价,
2018-03-01,通胀,
2018-03-01,物流成本,
2018-03-02,油价上涨,
2018-03-02,油价调整,
2018-03-02,汽油涨价,
2018-03-02,柴油涨价,
2018-03-02,通胀,
2018-03-02,物流成本,
2018-03-03,油价上涨,
2018-03-03,油价调整,
2018-03-03,汽油涨价,
2018-03-03,柴油涨价,
2018-03-03,通胀,
2018-03-03,物流成本,
2018-03-04,油价上涨,
2018-03-04,油价调整,
2018-03-04,汽油涨价,
2018-03-04,柴油涨价,
2018-03-04,通胀,
2018-03-04,物流成本,
2018-03-05,油价上涨,
2018-03-05,油价调整,
2018-03-05,汽油涨价,
2018-03-05,柴油涨价,
2018-03-05,通胀,
2018-03-05,物流成本,
2018-03-06,油价上涨,
2018-03-06,油价调整,
2018-03-06,汽油涨价,
2018-03-06,柴油涨价,
2018-03-06,通胀,
2018-03-06,物流成本,
2018-03-07,油价上涨,
2018-03-07,油价调整,
2018-03-07,汽油涨价,
2018-03-07,柴油涨价,
2018-03-07,通胀,
2018-03-07,物流成本,
2018-03-08,油价上涨,
2018-03-08,油价调整,
2018-03-08,汽油涨价,
2018-03-08,柴油涨价,
2018-03-08,通胀,
2018-03-08,物流成本,
2018-03-09,油价上涨,
2018-03-09,油价调整,
2018-03-09,汽油涨价,
2018-03-09,柴油涨价,
2018-03-09,通胀,
2018-03-09,物流成本,
2018-03-10,油价上涨,
2018-03-10,油价调整,
2018-03-10,汽油涨价,
2018-03-10,柴油涨价,
2018-03-10,通胀,
2018-03-10,物流成本,
2018-03-11,油价上涨,
2018-03-11,油价调整,
2018-03-11,汽油涨价,
2018-03-11,柴油涨价,
2018-03-11,通胀,
2018-03-11,物流成本,
2018-03-12,油价上涨,
2018-03-12,油价调整,
2018-03-12,汽油涨价,
2018-03-12,柴油涨价,
2018-03-12,通胀,
2018-03-12,物流成本,
2018-03-13,油价上涨,
2018-03-13,油价调整,
2018-03-13,汽油涨价,
2018-03-13,柴油涨价,
2018-03-13,通胀,
2018-03-13,物流成本,
2018-03-14,油价上涨,
2018-03-14,油价调整,
2018-03-14,汽油涨价,
2018-03-14,柴油涨价,
2018-03-14,通胀,
2018-03-14,物流成本,
2018-03-15,油价上涨,
2018-03-15,油价调整,
2018-03-15,汽油涨价,
2018-03-15,柴油涨价,
2018-03-15,通胀,
2018-03-15,物流成本,
2018-03-16,油价上涨,
2018-03-16,油价调整,
2018-03-16,汽油涨价,
2018-03-16,柴油涨价,
2018-03-16,通胀,
2018-03-16,物流成本,
2018-03-17,油价上涨,
2018-03-17,油价调整,
2018-03-17,汽油涨价,
2018-03-17,柴油涨价,
2018-03-17,通胀,
2018-03-17,物流成本,
2018-03-18,油价上涨,
2018-03-18,油价调整,
2018-03-18,汽油涨价,
2018-03-18,柴油涨价,
2018-03-18,通胀,
2018-03-18,物流成本,
2018-03-19,油价上涨,
2018-03-19,油价调整,
2018-03-19,汽油涨价,
2018-03-19,柴油涨价,
2018-03-19,通胀,
2018-03-19,物流成本,
2018-03-20,油价上涨,
2018-03-20,油价调整,
2018-03-20,汽油涨价,
2018-03-20,柴油涨价,
2018-03-20,通胀,
2018-03-20,物流成本,
2018-03-21,油价上涨,
2018-03-21,油价调整,
2018-03-21,汽油涨价,
2018-03-21,柴油涨价,
2018-03-21,通胀,
2018-03-21,物流成本,
2018-03-22,油价上涨,
2018-03-22,油价调整,
2018-03-22,汽油涨价,
2018-03-22,柴油涨价,
2018-03-22,通胀,
2018-03-22,物流成本,
2018-03-23,油价上涨,
2018-03-23,油价调整,
2018-03-23,汽油涨价,
2018-03-23,柴油涨价,
2018-03-23,通胀,
2018-03-23,物流成本,
2018-03-24,油价上涨,
2018-03-24,油价调整,
2018-03-24,汽油涨价,
2018-03-24,柴油涨价,
2018-03-24,通胀,
2018-03-24,物流成本,
2018-03-25,油价上涨,
2018-03-25,油价调整,
2018-03-25,汽油涨价,
2018-03-25,柴油涨价,
2018-03-25,通胀,
2018-03-25,物流成本,
2018-03-26,油价上涨,
2018-03-26,油价调整,
2018-03-26,汽油涨价,
2018-03-26,柴油涨价,
2018-03-26,通胀,
2018-03-26,物流成本,
2018-03-27,油价上涨,
2018-03-27,油价调整,
2018-03-27,汽油涨价,
2018-03-27,柴油涨价,
2018-03-27,通胀,
2018-03-27,物流成本,
2018-03-28,油价上涨,
2018-03-28,油价调整,
2018-03-28,汽油涨价,
2018-03-28,柴油涨价,
2018-03-28,通胀,
2018-03-28,物流成本,
2018-03-29,油价上涨,
2018-03-29,油价调整,
2018-03-29,汽油涨价,
2018-03-29,柴油涨价,
2018-03-29,通胀,
2018-03-29,物流成本,
2018-03-30,油价上涨,
2018-03-30,油价调整,
2018-03-30,汽油涨价,
2018-03-30,柴油涨价,
2018-03-30,通胀,
2018-03-30,物流成本,
2018-03-31,油价上涨,
2018-03-31,油价调整,
2018-03-31,汽油涨价,
2018-03-31,柴油涨价,
2018-03-31,通胀,
2018-03-31,物流成本,
2018-04-01,油价上涨,
2018-04-01,油价调整,
2018-04-01,汽油涨价,
2018-04-01,柴油涨价,
2018-04-01,通胀,
2018-04-01,物流成本,
2018-04-02,油价上涨,
2018-04-02,油价调整,
2018-04-02,汽油涨价,
2018-04-02,柴油涨价,
2018-04-02,通胀,
2018-04-02,物流成本,
2018-04-03,油价上涨,
2018-04-03,油价调整,
2018-04-03,汽油涨价,
2018-04-03,柴油涨价,
2018-04-03,通胀,
2018-04-03,物流成本,
2018-04-04,油价上涨,
2018-04-04,油价调整,
2018-04-04,汽油涨价,
2018-04-04,柴油涨价,
2018-04-04,通胀,
2018-04-04,物流成本,
2018-04-05,油价上涨,
2018-04-05,油价调整,
2018-04-05,汽油涨价,
2018-04-05,柴油涨价,
2018-04-05,通胀,
2018-04-05,物流成本,
2018-04-06,油价上涨,
2018-04-06,油价调整,
2018-04-06,汽油涨价,
2018-04-06,柴油涨价,
2018-04-06,通胀,
2018-04-06,物流成本,
2018-04-07,油价上涨,
2018-04-07,油价调整,
2018-04-07,汽油涨价,
2018-04-07,柴油涨价,
2018-04-07,通胀,
2018-04-07,物流成本,
2018-04-08,油价上涨,
2018-04-08,油价调整,
2018-04-08,汽油涨价,
2018-04-08,柴油涨价,
2018-04-08,通胀,
2018-04-08,物流成本,
2018-04-09,油价上涨,
2018-04-09,油价调整,
2018-04-09,汽油涨价,
2018-04-09,柴油涨价,
2018-04-09,通胀,
2018-04-09,物流成本,
2018-04-10,油价上涨,
2018-04-10,油价调整,
2018-04-10,汽油涨价,
2018-04-10,柴油涨价,
2018-04-10,通胀,
2018-04-10,物流成本,
2018-04-11,油价上涨,
2018-04-11,油价调整,
2018-04-11,汽油涨价,
2018-04-11,柴油涨价,
2018-04-11,通胀,
2018-04-11,物流成本,
2018-04-12,油价上涨,
2018-04-12,油价调整,
2018-04-12,汽油涨价,
2018-04-12,柴油涨价,
2018-04-12,通胀,
2018-04-12,物流成本,
2018-04-13,油价上涨,
2018-04-13,油价调整,
2018-04-13,汽油涨价,
2018-04-13,柴油涨价,
2018-04-13,通胀,
2018-04-13,物流成本,
2018-04-14,油价上涨,
2018-04-14,油价调整,
2018-04-14,汽油涨价,
2018-04-14,柴油涨价,
2018-04-14,通胀,
2018-04-14,物流成本,
2018-04-15,油价上涨,
2018-04-15,油价调整,
2018-04-15,汽油涨价,
2018-04-15,柴油涨价,
2018-04-15,通胀,
2018-04-15,物流成本,
2018-04-16,油价上涨,
2018-04-16,油价调整,
2018-04-16,汽油涨价,
2018-04-16,柴油涨价,
2018-04-16,通胀,
2018-04-16,物流成本,
2018-04-17,油价上涨,
2018-04-17,油价调整,
2018-04-17,汽油涨价,
2018-04-17,柴油涨价,
2018-04-17,通胀,
2018-04-17,物流成本,
2018-04-18,油价上涨,
2018-04-18,油价调整,
2018-04-18,汽油涨价,
2018-04-18,柴油涨价,
2018-04-18,通胀,
2018-04-18,物流成本,
2018-04-19,油价上涨,
2018-04-19,油价调整,
2018-04-19,汽油涨价,
2018-04-19,柴油涨价,
2018-04-19,通胀,
2018-04-19,物流成本,
2018-04-20,油价上涨,
2018-04-20,油价调整,
2018-04-20,汽油涨价,
2018-04-20,柴油涨价,
2018-04-20,通胀,
2018-04-20,物流成本,
2018-04-21,油价上涨,
2018-04-21,油价调整,
2018-04-21,汽油涨价,
2018-04-21,柴油涨价,
2018-04-21,通胀,
2018-04-21,物流成本,
2018-04-22,油价上涨,
2018-04-22,油价调整,
2018-04-22,汽油涨价,
2018-04-22,柴油涨价,
2018-04-22,通胀,
2018-04-22,物流成本,
2018-04-23,油价上涨,
2018-04-23,油价调整,
2018-04-23,汽油涨价,
2018-04-23,柴油涨价,
2018-04-23,通胀,
2018-04-23,物流成本,
2018-04-24,油价上涨,
2018-04-24,油价调整,
2018-04-24,汽油涨价,
2018-04-24,柴油涨价,
2018-04-24,通胀,
2018-04-24,物流成本,
2018-04-25,油价上涨,
2018-04-25,油价调整,
2018-04-25,汽油涨价,
2018-04-25,柴油涨价,
2018-04-25,通胀,
2018-04-25,物流成本,
2018-04-26,油价上涨,
2018-04-26,油价调整,
2018-04-26,汽油涨价,
2018-04-26,柴油涨价,
2018-04-26,通胀,
2018-04-26,物流成本,
2018-04-27,油价上涨,
2018-04-27,油价调整,
2018-04-27,汽油涨价,
2018-04-27,柴油涨价,
2018-04-27,通胀,
2018-04-27,物流成本,
2018-04-28,油价上涨,
2018-04-28,油价调整,
2018-04-28,汽油涨价,
2018-04-28,柴油涨价,
2018-04-28,通胀,
2018-04-28,物流成本,
2018-04-29,油价上涨,
2018-04-29,油价调整,
2018-04-29,汽油涨价,
2018-04-29,柴油涨价,
2018-04-29,通胀,
2018-04-29,物流成本,
2018-04-30,油价上涨,
2018-04-30,油价调整,
2018-04-30,汽油涨价,
2018-04-30,柴油涨价,
2018-04-30,通胀,
2018-04-30,物流成本,
2018-05-01,油价上涨,
2018-05-01,油价调整,
2018-05-01,汽油涨价,
2018-05-01,柴油涨价,
2018-05-01,通胀,
2018-05-01,物流成本,
2018-05-02,油价上涨,
2018-05-02,油价调整,
2018-05-02,汽油涨价,
2018-05-02,柴油涨价,
2018-05-02,通胀,
2018-05-02,物流成本,
2018-05-03,油价上涨,
2018-05-03,油价调整,
2018-05-03,汽油涨价,
2018-05-03,柴油涨价,
2018-05-03,通胀,
2018-05-03,物流成本,
2018-05-04,油价上涨,
2018-05-04,油价调整,
2018-05-04,汽油涨价,
2018-05-04,柴油涨价,
2018-05-04,通胀,
2018-05-04,物流成本,
2018-05-05,油价上涨,
2018-05-05,油价调整,
2018-05-05,汽油涨价,
2018-05-05,柴油涨价,
2018-05-05,通胀,
2018-05-05,物流成本,
2018-05-06,油价上涨,
2018-05-06,油价调整,
2018-05-06,汽油涨价,
2018-05-06,柴油涨价,
2018-05-06,通胀,
2018-05-06,物流成本,
2018-05-07,油价上涨,
2018-05-07,油价调整,
2018-05-07,汽油涨价,
2018-05-07,柴油涨价,
2018-05-07,通胀,
2018-05-07,物流成本,
2018-05-08,油价上涨,
2018-05-08,油价调整,
2018-05-08,汽油涨价,
2018-05-08,柴油涨价,
2018-05-08,通胀,
2018-05-08,物流成本,
2018-05-09,油价上涨,
2018-05-09,油价调整,
2018-05-09,汽油涨价,
2018-05-09,柴油涨价,
2018-05-09,通胀,
2018-05-09,物流成本,
2018-05-10,油价上涨,
2018-05-10,油价调整,
2018-05-10,汽油涨价,
2018-05-10,柴油涨价,
2018-05-10,通胀,
2018-05-10,物流成本,
2018-05-11,油价上涨,
2018-05-11,油价调整,
2018-05-11,汽油涨价,
2018-05-11,柴油涨价,
2018-05-11,通胀,
2018-05-11,物流成本,
2018-05-12,油价上涨,
2018-05-12,油价调整,
2018-05-12,汽油涨价,
2018-05-12,柴油涨价,
2018-05-12,通胀,
2018-05-12,物流成本,
2018-05-13,油价上涨,
2018-05-13,油价调整,
2018-05-13,汽油涨价,
2018-05-13,柴油涨价,
2018-05-13,通胀,
2018-05-13,物流成本,
2018-05-14,油价上涨,
2018-05-14,油价调整,
2018-05-14,汽油涨价,
2018-05-14,柴油涨价,
2018-05-14,通胀,
2018-05-14,物流成本,
2018-05-15,油价上涨,
2018-05-15,油价调整,
2018-05-15,汽油涨价,
2018-05-15,柴油涨价,
2018-05-15,通胀,
2018-05-15,物流成本,
2018-05-16,油价上涨,
2018-05-16,油价调整,
2018-05-16,汽油涨价,
2018-05-16,柴油涨价,
2018-05-16,通胀,
2018-05-16,物流成本,
2018-05-17,油价上涨,
2018-05-17,油价调整,
2018-05-17,汽油涨价,
2018-05-17,柴油涨价,
2018-05-17,通胀,
2018-05-17,物流成本,
2018-05-18,油价上涨,
2018-05-18,油价调整,
2018-05-18,汽油涨价,
2018-05-18,柴油涨价,
2018-05-18,通胀,
2018-05-18,物流成本,
2018-05-19,油价上涨,
2018-05-19,油价调整,
2018-05-19,汽油涨价,
2018-05-19,柴油涨价,
2018-05-19,通胀,
2018-05-19,物流成本,
2018-05-20,油价上涨,
2018-05-20,油价调整,
2018-05-20,汽油涨价,
2018-05-20,柴油涨价,
2018-05-20,通胀,
2018-05-20,物流成本,
2018-05-21,油价上涨,
2018-05-21,油价调整,
2018-05-21,汽油涨价,
2018-05-21,柴油涨价,
2018-05-21,通胀,
2018-05-21,物流成本,
2018-05-22,油价上涨,
2018-05-22,油价调整,
2018-05-22,汽油涨价,
2018-05-22,柴油涨价,
2018-05-22,通胀,
2018-05-22,物流成本,
2018-05-23,油价上涨,
2018-05-23,油价调整,
2018-05-23,汽油涨价,
2018-05-23,柴油涨价,
2018-05-23,通胀,
2018-05-23,物流成本,
2018-05-24,油价上涨,
2018-05-24,油价调整,
2018-05-24,汽油涨价,
2018-05-24,柴油涨价,
2018-05-24,通胀,
2018-05-24,物流成本,
2018-05-25,油价上涨,
2018-05-25,油价调整,
2018-05-25,汽油涨价,
2018-05-25,柴油涨价,
2018-05-25,通胀,
2018-05-25,物流成本,
2018-05-26,油价上涨,
2018-05-26,油价调整,
2018-05-26,汽油涨价,
2018-05-26,柴油涨价,
2018-05-26,通胀,
2018-05-26,物流成本,
2018-05-27,油价上涨,
2018-05-27,油价调整,
2018-05-27,汽油涨价,
2018-05-27,柴油涨价,
2018-05-27,通胀,
2018-05-27,物流成本,
2018-05-28,油价上涨,
2018-05-28,油价调整,
2018-05-28,汽油涨价,
2018-05-28,柴油涨价,
2018-05-28,通胀,
2018-05-28,物流成本,
2018-05-29,油价上涨,
2018-05-29,油价调整,
2018-05-29,汽油涨价,
2018-05-29,柴油涨价,
2018-05-29,通胀,
2018-05-29,物流成本,
2018-05-30,油价上涨,
2018-05-30,油价调整,
2018-05-30,汽油涨价,
2018-05-30,柴油涨价,
2018-05-30,通胀,
2018-05-30,物流成本,
2018-05-31,油价上涨,
2018-05-31,油价调整,
2018-05-31,汽油涨价,
2018-05-31,柴油涨价,
2018-05-31,通胀,
2018-05-31,物流成本,
2018-06-01,油价上涨,
2018-06-01,油价调整,
2018-06-01,汽油涨价,
2018-06-01,柴油涨价,
2018-06-01,通胀,
2018-06-01,物流成本,
2018-06-02,油价上涨,
2018-06-02,油价调整,
2018-06-02,汽油涨价,
2018-06-02,柴油涨价,
2018-06-02,通胀,
2018-06-02,物流成本,
2018-06-03,油价上涨,
2018-06-03,油价调整,
2018-06-03,汽油涨价,
2018-06-03,柴油涨价,
2018-06-03,通胀,
2018-06-03,物流成本,
2018-06-04,油价上涨,
2018-06-04,油价调整,
2018-06-04,汽油涨价,
2018-06-04,柴油涨价,
2018-06-04,通胀,
2018-06-04,物流成本,
2018-06-05,油价上涨,
2018-06-05,油价调整,
2018-06-05,汽油涨价,
2018-06-05,柴油涨价,
2018-06-05,通胀,
2018-06-05,物流成本,
2018-06-06,油价上涨,
2018-06-06,油价调整,
2018-06-06,汽油涨价,
2018-06-06,柴油涨价,
2018-06-06,通胀,
2018-06-06,物流成本,
2018-06-07,油价上涨,
2018-06-07,油价调整,
2018-06-07,汽油涨价,
2018-06-07,柴油涨价,
2018-06-07,通胀,
2018-06-07,物流成本,
2018-06-08,油价上涨,
2018-06-08,油价调整,
2018-06-08,汽油涨价,
2018-06-08,柴油涨价,
2018-06-08,通胀,
2018-06-08,物流成本,
2018-06-09,油价上涨,
2018-06-09,油价调整,
2018-06-09,汽油涨价,
2018-06-09,柴油涨价,
2018-06-09,通胀,
2018-06-09,物流成本,
2018-06-10,油价上涨,
2018-06-10,油价调整,
2018-06-10,汽油涨价,
2018-06-10,柴油涨价,
2018-06-10,通胀,
2018-06-10,物流成本,
2018-06-11,油价上涨,
2018-06-11,油价调整,
2018-06-11,汽油涨价,
2018-06-11,柴油涨价,
2018-06-11,通胀,
2018-06-11,物流成本,
2018-06-12,油价上涨,
2018-06-12,油价调整,
2018-06-12,汽油涨价,
2018-06-12,柴油涨价,
2018-06-12,通胀,
2018-06-12,物流成本,
2018-06-13,油价上涨,
2018-06-13,油价调整,
2018-06-13,汽油涨价,
2018-06-13,柴油涨价,
2018-06-13,通胀,
2018-06-13,物流成本,
2018-06-14,油价上涨,
2018-06-14,油价调整,
2018-06-14,汽油涨价,
2018-06-14,柴油涨价,
2018-06-14,通胀,
2018-06-14,物流成本,
2018-06-15,油价上涨,
2018-06-15,油价调整,
2018-06-15,汽油涨价,
2018-06-15,柴油涨价,
2018-06-15,通胀,
2018-06-15,物流成本,
2018-06-16,油价上涨,
2018-06-16,油价调整,
2018-06-16,汽油涨价,
2018-06-16,柴油涨价,
2018-06-16,通胀,
2018-06-16,物流成本,
2018-06-17,油价上涨,
2018-06-17,油价调整,
2018-06-17,汽油涨价,
2018-06-17,柴油涨价,
2018-06-17,通胀,
2018-06-17,物流成本,
2018-06-18,油价上涨,
2018-06-18,油价调整,
2018-06-18,汽油涨价,
2018-06-18,柴油涨价,
2018-06-18,通胀,
2018-06-18,物流成本,
2018-06-19,油价上涨,
2018-06-19,油价调整,
2018-06-19,汽油涨价,
2018-06-19,柴油涨价,
2018-06-19,通胀,
2018-06-19,物流成本,
2018-06-20,油价上涨,
2018-06-20,油价调整,
2018-06-20,汽油涨价,
2018-06-20,柴油涨价,
2018-06-20,通胀,
2018-06-20,物流成本,
2018-06-21,油价上涨,
2018-06-21,油价调整,
2018-06-21,汽油涨价,
2018-06-21,柴油涨价,
2018-06-21,通胀,
2018-06-21,物流成本,
2018-06-22,油价上涨,
2018-06-22,油价调整,
2018-06-22,汽油涨价,
2018-06-22,柴油涨价,
2018-06-22,通胀,
2018-06-22,物流成本,
2018-06-23,油价上涨,
2018-06-23,油价调整,
2018-06-23,汽油涨价,
2018-06-23,柴油涨价,
2018-06-23,通胀,
2018-06-23,物流成本,
2018-06-24,油价上涨,
2018-06-24,油价调整,
2018-06-24,汽油涨价,
2018-06-24,柴油涨价,
2018-06-24,通胀,
2018-06-24,物流成本,
2018-06-25,油价上涨,
2018-06-25,油价调整,
2018-06-25,汽油涨价,
2018-06-25,柴油涨价,
2018-06-25,通胀,
2018-06-25,物流成本,
2018-06-26,油价上涨,
2018-06-26,油价调整,
2018-06-26,汽油涨价,
2018-06-26,柴油涨价,
2018-06-26,通胀,
2018-06-26,物流成本,
2018-06-27,油价上涨,
2018-06-27,油价调整,
2018-06-27,汽油涨价,
2018-06-27,柴油涨价,
2018-06-27,通胀,
2018-06-27,物流成本,
2018-06-28,油价上涨,
2018-06-28,油价调整,
2018-06-28,汽油涨价,
2018-06-28,柴油涨价,
2018-06-28,通胀,
2018-06-28,物流成本,
2018-06-29,油价上涨,
2018-06-29,油价调整,
2018-06-29,汽油涨价,
2018-06-29,柴油涨价,
2018-06-29,通胀,
2018-06-29,物流成本,
2018-06-30,油价上涨,
2018-06-30,油价调整,
2018-06-30,汽油涨价,
2018-06-30,柴油涨价,
2018-06-30,通胀,
2018-06-30,物流成本,
2018-07-01,油价上涨,
2018-07-01,油价调整,
2018-07-01,汽油涨价,
2018-07-01,柴油涨价,
2018-07-01,通胀,
2018-07-01,物流成本,
2018-07-02,油价上涨,
2018-07-02,油价调整,
2018-07-02,汽油涨价,
2018-07-02,柴油涨价,
2018-07-02,通胀,
2018-07-02,物流成本,
2018-07-03,油价上涨,
2018-07-03,油价调整,
2018-07-03,汽油涨价,
2018-07-03,柴油涨价,
2018-07-03,通胀,
2018-07-03,物流成本,
2018-07-04,油价上涨,
2018-07-04,油价调整,
2018-07-04,汽油涨价,
2018-07-04,柴油涨价,
2018-07-04,通胀,
2018-07-04,物流成本,
2018-07-05,油价上涨,
2018-07-05,油价调整,
2018-07-05,汽油涨价,
2018-07-05,柴油涨价,
2018-07-05,通胀,
2018-07-05,物流成本,
2018-07-06,油价上涨,
2018-07-06,油价调整,
2018-07-06,汽油涨价,
2018-07-06,柴油涨价,
2018-07-06,通胀,
2018-07-06,物流成本,
2018-07-07,油价上涨,
2018-07-07,油价调整,
2018-07-07,汽油涨价,
2018-07-07,柴油涨价,
2018-07-07,通胀,
2018-07-07,物流成本,
2018-07-08,油价上涨,
2018-07-08,油价调整,
2018-07-08,汽油涨价,
2018-07-08,柴油涨价,
2018-07-08,通胀,
2018-07-08,物流成本,
2018-07-09,油价上涨,
2018-07-09,油价调整,
2018-07-09,汽油涨价,
2018-07-09,柴油涨价,
2018-07-09,通胀,
2018-07-09,物流成本,
2018-07-10,油价上涨,
2018-07-10,油价调整,
2018-07-10,汽油涨价,
2018-07-10,柴油涨价,
2018-07-10,通胀,
2018-07-10,物流成本,
2018-07-11,油价上涨,
2018-07-11,油价调整,
2018-07-11,汽油涨价,
2018-07-11,柴油涨价,
2018-07-11,通胀,
2018-07-11,物流成本,
2018-07-12,油价上涨,
2018-07-12,油价调整,
2018-07-12,汽油涨价,
2018-07-12,柴油涨价,
2018-07-12,通胀,
2018-07-12,物流成本,
2018-07-13,油价上涨,
2018-07-13,油价调整,
2018-07-13,汽油涨价,
2018-07-13,柴油涨价,
2018-07-13,通胀,
2018-07-13,物流成本,
2018-07-14,油价上涨,
2018-07-14,油价调整,
2018-07-14,汽油涨价,
2018-07-14,柴油涨价,
2018-07-14,通胀,
2018-07-14,物流成本,
2018-07-15,油价上涨,
2018-07-15,油价调整,
2018-07-15,汽油涨价,
2018-07-15,柴油涨价,
2018-07-15,通胀,
2018-07-15,物流成本,
2018-07-16,油价上涨,
2018-07-16,油价调整,
2018-07-16,汽油涨价,
2018-07-16,柴油涨价,
2018-07-16,通胀,
2018-07-16,物流成本,
2018-07-17,油价上涨,
2018-07-17,油价调整,
2018-07-17,汽油涨价,
2018-07-17,柴油涨价,
2018-07-17,通胀,
2018-07-17,物流成本,
2018-07-18,油价上涨,
2018-07-18,油价调整,
2018-07-18,汽油涨价,
2018-07-18,柴油涨价,
2018-07-18,通胀,
2018-07-18,物流成本,
2018-07-19,油价上涨,
2018-07-19,油价调整,
2018-07-19,汽油涨价,
2018-07-19,柴油涨价,
2018-07-19,通胀,
2018-07-19,物流成本,
2018-07-20,油价上涨,
2018-07-20,油价调整,
2018-07-20,汽油涨价,
2018-07-20,柴油涨价,
2018-07-20,通胀,
2018-07-20,物流成本,
2018-07-21,油价上涨,
2018-07-21,油价调整,
2018-07-21,汽油涨价,
2018-07-21,柴油涨价,
2018-07-21,通胀,
2018-07-21,物流成本,
2018-07-22,油价上涨,
2018-07-22,油价调整,
2018-07-22,汽油涨价,
2018-07-22,柴油涨价,
2018-07-22,通胀,
2018-07-22,物流成本,
2018-07-23,油价上涨,
2018-07-23,油价调整,
2018-07-23,汽油涨价,
2018-07-23,柴油涨价,
2018-07-23,通胀,
2018-07-23,物流成本,
2018-07-24,油价上涨,
2018-07-24,油价调整,
2018-07-24,汽油涨价,
2018-07-24,柴油涨价,
2018-07-24,通胀,
2018-07-24,物流成本,
2018-07-25,油价上涨,
2018-07-25,油价调整,
2018-07-25,汽油涨价,
2018-07-25,柴油涨价,
2018-07-25,通胀,
2018-07-25,物流成本,
2018-07-26,油价上涨,
2018-07-26,油价调整,
2018-07-26,汽油涨价,
2018-07-26,柴油涨价,
2018-07-26,通胀,
2018-07-26,物流成本,
2018-07-27,油价上涨,
2018-07-27,油价调整,
2018-07-27,汽油涨价,
2018-07-27,柴油涨价,
2018-07-27,通胀,
2018-07-27,物流成本,
2018-07-28,油价上涨,
2018-07-28,油价调整,
2018-07-28,汽油涨价,
2018-07-28,柴油涨价,
2018-07-28,通胀,
2018-07-28,物流成本,
2018-07-29,油价上涨,
2018-07-29,油价调整,
2018-07-29,汽油涨价,
2018-07-29,柴油涨价,
2018-07-29,通胀,
2018-07-29,物流成本,
2018-07-30,油价上涨,
2018-07-30,油价调整,
2018-07-30,汽油涨价,
2018-07-30,柴油涨价,
2018-07-30,通胀,
2018-07-30,物流成本,
2018-07-31,油价上涨,
2018-07-31,油价调整,
2018-07-31,汽油涨价,
2018-07-31,柴油涨价,
2018-07-31,通胀,
2018-07-31,物流成本,
2018-08-01,油价上涨,
2018-08-01,油价调整,
2018-08-01,汽油涨价,
2018-08-01,柴油涨价,
2018-08-01,通胀,
2018-08-01,物流成本,
2018-08-02,油价上涨,
2018-08-02,油价调整,
2018-08-02,汽油涨价,
2018-08-02,柴油涨价,
2018-08-02,通胀,
2018-08-02,物流成本,
2018-08-03,油价上涨,
2018-08-03,油价调整,
2018-08-03,汽油涨价,
2018-08-03,柴油涨价,
2018-08-03,通胀,
2018-08-03,物流成本,
2018-08-04,油价上涨,
2018-08-04,油价调整,
2018-08-04,汽油涨价,
2018-08-04,柴油涨价,
2018-08-04,通胀,
2018-08-04,物流成本,
2018-08-05,油价上涨,
2018-08-05,油价调整,
2018-08-05,汽油涨价,
2018-08-05,柴油涨价,
2018-08-05,通胀,
2018-08-05,物流成本,
2018-08-06,油价上涨,
2018-08-06,油价调整,
2018-08-06,汽油涨价,
2018-08-06,柴油涨价,
2018-08-06,通胀,
2018-08-06,物流成本,
2018-08-07,油价上涨,
2018-08-07,油价调整,
2018-08-07,汽油涨价,
2018-08-07,柴油涨价,
2018-08-07,通胀,
2018-08-07,物流成本,
2018-08-08,油价上涨,
2018-08-08,油价调整,
2018-08-08,汽油涨价,
2018-08-08,柴油涨价,
2018-08-08,通胀,
2018-08-08,物流成本,
2018-08-09,油价上涨,
2018-08-09,油价调整,
2018-08-09,汽油涨价,
2018-08-09,柴油涨价,
2018-08-09,通胀,
2018-08-09,物流成本,
2018-08-10,油价上涨,
2018-08-10,油价调整,
2018-08-10,汽油涨价,
2018-08-10,柴油涨价,
2018-08-10,通胀,
2018-08-10,物流成本,
2018-08-11,油价上涨,
2018-08-11,油价调整,
2018-08-11,汽油涨价,
2018-08-11,柴油涨价,
2018-08-11,通胀,
2018-08-11,物流成本,
2018-08-12,油价上涨,
2018-08-12,油价调整,
2018-08-12,汽油涨价,
2018-08-12,柴油涨价,
2018-08-12,通胀,
2018-08-12,物流成本,
2018-08-13,油价上涨,
2018-08-13,油价调整,
2018-08-13,汽油涨价,
2018-08-13,柴油涨价,
2018-08-13,通胀,
2018-08-13,物流成本,
2018-08-14,油价上涨,
2018-08-14,油价调整,
2018-08-14,汽油涨价,
2018-08-14,柴油涨价,
2018-08-14,通胀,
2018-08-14,物流成本,
2018-08-15,油价上涨,
2018-08-15,油价调整,
2018-08-15,汽油涨价,
2018-08-15,柴油涨价,
2018-08-15,通胀,
2018-08-15,物流成本,
2018-08-16,油价上涨,
2018-08-16,油价调整,
2018-08-16,汽油涨价,
2018-08-16,柴油涨价,
2018-08-16,通胀,
2018-08-16,物流成本,
2018-08-17,油价上涨,
2018-08-17,油价调整,
2018-08-17,汽油涨价,
2018-08-17,柴油涨价,
2018-08-17,通胀,
2018-08-17,物流成本,
2018-08-18,油价上涨,
2018-08-18,油价调整,
2018-08-18,汽油涨价,
2018-08-18,柴油涨价,
2018-08-18,通胀,
2018-08-18,物流成本,
2018-08-19,油价上涨,
2018-08-19,油价调整,
2018-08-19,汽油涨价,
2018-08-19,柴油涨价,
2018-08-19,通胀,
2018-08-19,物流成本,
2018-08-20,油价上涨,
2018-08-20,油价调整,
2018-08-20,汽油涨价,
2018-08-20,柴油涨价,
2018-08-20,通胀,
2018-08-20,物流成本,
2018-08-21,油价上涨,
2018-08-21,油价调整,
2018-08-21,汽油涨价,
2018-08-21,柴油涨价,
2018-08-21,通胀,
2018-08-21,物流成本,
2018-08-22,油价上涨,
2018-08-22,油价调整,
2018-08-22,汽油涨价,
2018-08-22,柴油涨价,
2018-08-22,通胀,
2018-08-22,物流成本,
2018-08-23,油价上涨,
2018-08-23,油价调整,
2018-08-23,汽油涨价,
2018-08-23,柴油涨价,
2018-08-23,通胀,
2018-08-23,物流成本,
2018-08-24,油价上涨,
2018-08-24,油价调整,
2018-08-24,汽油涨价,
2018-08-24,柴油涨价,
2018-08-24,通胀,
2018-08-24,物流成本,
2018-08-25,油价上涨,
2018-08-25,油价调整,
2018-08-25,汽油涨价,
2018-08-25,柴油涨价,
2018-08-25,通胀,
2018-08-25,物流成本,
2018-08-26,油价上涨,
2018-08-26,油价调整,
2018-08-26,汽油涨价,
2018-08-26,柴油涨价,
2018-08-26,通胀,
2018-08-26,物流成本,
2018-08-27,油价上涨,
2018-08-27,油价调整,
2018-08-27,汽油涨价,
2018-08-27,柴油涨价,
2018-08-27,通胀,
2018-08-27,物流成本,
2018-08-28,油价上涨,
2018-08-28,油价调整,
2018-08-28,汽油涨价,
2018-08-28,柴油涨价,
2018-08-28,通胀,
2018-08-28,物流成本,
2018-08-29,油价上涨,
2018-08-29,油价调整,
2018-08-29,汽油涨价,
2018-08-29,柴油涨价,
2018-08-29,通胀,
2018-08-29,物流成本,
2018-08-30,油价上涨,
2018-08-30,油价调整,
2018-08-30,汽油涨价,
2018-08-30,柴油涨价,
2018-08-30,通胀,
2018-08-30,物流成本,
2018-08-31,油价上涨,
2018-08-31,油价调整,
2018-08-31,汽油涨价,
2018-08-31,柴油涨价,
2018-08-31,通胀,
2018-08-31,物流成本,
2018-09-01,油价上涨,
2018-09-01,油价调整,
2018-09-01,汽油涨价,
2018-09-01,柴油涨价,
2018-09-01,通胀,
2018-09-01,物流成本,
2018-09-02,油价上涨,
2018-09-02,油价调整,
2018-09-02,汽油涨价,
2018-09-02,柴油涨价,
2018-09-02,通胀,
2018-09-02,物流成本,
2018-09-03,油价上涨,
2018-09-03,油价调整,
2018-09-03,汽油涨价,
2018-09-03,柴油涨价,
2018-09-03,通胀,
2018-09-03,物流成本,
2018-09-04,油价上涨,
2018-09-04,油价调整,
2018-09-04,汽油涨价,
2018-09-04,柴油涨价,
2018-09-04,通胀,
2018-09-04,物流成本,
2018-09-05,油价上涨,
2018-09-05,油价调整,
2018-09-05,汽油涨价,
2018-09-05,柴油涨价,
2018-09-05,通胀,
2018-09-05,物流成本,
2018-09-06,油价上涨,
2018-09-06,油价调整,
2018-09-06,汽油涨价,
2018-09-06,柴油涨价,
2018-09-06,通胀,
2018-09-06,物流成本,
2018-09-07,油价上涨,
2018-09-07,油价调整,
2018-09-07,汽油涨价,
2018-09-07,柴油涨价,
2018-09-07,通胀,
2018-09-07,物流成本,
2018-09-08,油价上涨,
2018-09-08,油价调整,
2018-09-08,汽油涨价,
2018-09-08,柴油涨价,
2018-09-08,通胀,
2018-09-08,物流成本,
2018-09-09,油价上涨,
2018-09-09,油价调整,
2018-09-09,汽油涨价,
2018-09-09,柴油涨价,
2018-09-09,通胀,
2018-09-09,物流成本,
2018-09-10,油价上涨,
2018-09-10,油价调整,
2018-09-10,汽油涨价,
2018-09-10,柴油涨价,
2018-09-10,通胀,
2018-09-10,物流成本,
2018-09-11,油价上涨,
2018-09-11,油价调整,
2018-09-11,汽油涨价,
2018-09-11,柴油涨价,
2018-09-11,通胀,
2018-09-11,物流成本,
2018-09-12,油价上涨,
2018-09-12,油价调整,
2018-09-12,汽油涨价,
2018-09-12,柴油涨价,
2018-09-12,通胀,
2018-09-12,物流成本,
2018-09-13,油价上涨,
2018-09-13,油价调整,
2018-09-13,汽油涨价,
2018-09-13,柴油涨价,
2018-09-13,通胀,
2018-09-13,物流成本,
2018-09-14,油价上涨,
2018-09-14,油价调整,
2018-09-14,汽油涨价,
2018-09-14,柴油涨价,
2018-09-14,通胀,
2018-09-14,物流成本,
2018-09-15,油价上涨,
2018-09-15,油价调整,
2018-09-15,汽油涨价,
2018-09-15,柴油涨价,
2018-09-15,通胀,
2018-09-15,物流成本,
2018-09-16,油价上涨,
2018-09-16,油价调整,
2018-09-16,汽油涨价,
2018-09-16,柴油涨价,
2018-09-16,通胀,
2018-09-16,物流成本,
2018-09-17,油价上涨,
2018-09-17,油价调整,
2018-09-17,汽油涨价,
2018-09-17,柴油涨价,
2018-09-17,通胀,
2018-09-17,物流成本,
2018-09-18,油价上涨,
2018-09-18,油价调整,
2018-09-18,汽油涨价,
2018-09-18,柴油涨价,
2018-09-18,通胀,
2018-09-18,物流成本,
2018-09-19,油价上涨,
2018-09-19,油价调整,
2018-09-19,汽油涨价,
2018-09-19,柴油涨价,
2018-09-19,通胀,
2018-09-19,物流成本,
2018-09-20,油价上涨,
2018-09-20,油价调整,
2018-09-20,汽油涨价,
2018-09-20,柴油涨价,
2018-09-20,通胀,
2018-09-20,物流成本,
2018-09-21,油价上涨,
2018-09-21,油价调整,
2018-09-21,汽油涨价,
2018-09-21,柴油涨价,
2018-09-21,通胀,
2018-09-21,物流成本,
2018-09-22,油价上涨,
2018-09-22,油价调整,
2018-09-22,汽油涨价,
2018-09-22,柴油涨价,
2018-09-22,通胀,
2018-09-22,物流成本,
2018-09-23,油价上涨,
2018-09-23,油价调整,
2018-09-23,汽油涨价,
2018-09-23,柴油涨价,
2018-09-23,通胀,
2018-09-23,物流成本,
2018-09-24,油价上涨,
2018-09-24,油价调整,
2018-09-24,汽油涨价,
2018-09-24,柴油涨价,
2018-09-24,通胀,
2018-09-24,物流成本,
2018-09-25,油价上涨,
2018-09-25,油价调整,
2018-09-25,汽油涨价,
2018-09-25,柴油涨价,
2018-09-25,通胀,
2018-09-25,物流成本,
2018-09-26,油价上涨,
2018-09-26,油价调整,
2018-09-26,汽油涨价,
2018-09-26,柴油涨价,
2018-09-26,通胀,
2018-09-26,物流成本,
2018-09-27,油价上涨,
2018-09-27,油价调整,
2018-09-27,汽油涨价,
2018-09-27,柴油涨价,
2018-09-27,通胀,
2018-09-27,物流成本,
2018-09-28,油价上涨,
2018-09-28,油价调整,
2018-09-28,汽油涨价,
2018-09-28,柴油涨价,
2018-09-28,通胀,
2018-09-28,物流成本,
2018-09-29,油价上涨,
2018-09-29,油价调整,
2018-09-29,汽油涨价,
2018-09-29,柴油涨价,
2018-09-29,通胀,
2018-09-29,物流成本,
2018-09-30,油价上涨,
2018-09-30,油价调整,
2018-09-30,汽油涨价,
2018-09-30,柴油涨价,
2018-09-30,通胀,
2018-09-30,物流成本,
2018-10-01,油价上涨,
2018-10-01,油价调整,
2018-10-01,汽油涨价,
2018-10-01,柴油涨价,
2018-10-01,通胀,
2018-10-01,物流成本,
2018-10-02,油价上涨,
2018-10-02,油价调整,
2018-10-02,汽油涨价,
2018-10-02,柴油涨价,
2018-10-02,通胀,
2018-10-02,物流成本,
2018-10-03,油价上涨,
2018-10-03,油价调整,
2018-10-03,汽油涨价,
2018-10-03,柴油涨价,
2018-10-03,通胀,
2018-10-03,物流成本,
2018-10-04,油价上涨,
2018-10-04,油价调整,
2018-10-04,汽油涨价,
2018-10-04,柴油涨价,
2018-10-04,通胀,
2018-10-04,物流成本,
2018-10-05,油价上涨,
2018-10-05,油价调整,
2018-10-05,汽油涨价,
2018-10-05,柴油涨价,
2018-10-05,通胀,
2018-10-05,物流成本,
2018-10-06,油价上涨,
2018-10-06,油价调整,
2018-10-06,汽油涨价,
2018-10-06,柴油涨价,
2018-10-06,通胀,
2018-10-06,物流成本,
2018-10-07,油价上涨,
2018-10-07,油价调整,
2018-10-07,汽油涨价,
2018-10-07,柴油涨价,
2018-10-07,通胀,
2018-10-07,物流成本,
2018-10-08,油价上涨,
2018-10-08,油价调整,
2018-10-08,汽油涨价,
2018-10-08,柴油涨价,
2018-10-08,通胀,
2018-10-08,物流成本,
2018-10-09,油价上涨,
2018-10-09,油价调整,
2018-10-09,汽油涨价,
2018-10-09,柴油涨价,
2018-10-09,通胀,
2018-10-09,物流成本,
2018-10-10,油价上涨,
2018-10-10,油价调整,
2018-10-10,汽油涨价,
2018-10-10,柴油涨价,
2018-10-10,通胀,
2018-10-10,物流成本,
2018-10-11,油价上涨,
2018-10-11,油价调整,
2018-10-11,汽油涨价,
2018-10-11,柴油涨价,
2018-10-11,通胀,
2018-10-11,物流成本,
2018-10-12,油价上涨,
2018-10-12,油价调整,
2018-10-12,汽油涨价,
2018-10-12,柴油涨价,
2018-10-12,通胀,
2018-10-12,物流成本,
2018-10-13,油价上涨,
2018-10-13,油价调整,
2018-10-13,汽油涨价,
2018-10-13,柴油涨价,
2018-10-13,通胀,
2018-10-13,物流成本,
2018-10-14,油价上涨,
2018-10-14,油价调整,
2018-10-14,汽油涨价,
2018-10-14,柴油涨价,
2018-10-14,通胀,
2018-10-14,物流成本,
2018-10-15,油价上涨,
2018-10-15,油价调整,
2018-10-15,汽油涨价,
2018-10-15,柴油涨价,
2018-10-15,通胀,
2018-10-15,物流成本,
2018-10-16,油价上涨,
2018-10-16,油价调整,
2018-10-16,汽油涨价,
2018-10-16,柴油涨价,
2018-10-16,通胀,
2018-10-16,物流成本,
2018-10-17,油价上涨,
2018-10-17,油价调整,
2018-10-17,汽油涨价,
2018-10-17,柴油涨价,
2018-10-17,通胀,
2018-10-17,物流成本,
2018-10-18,油价上涨,
2018-10-18,油价调整,
2018-10-18,汽油涨价,
2018-10-18,柴油涨价,
2018-10-18,通胀,
2018-10-18,物流成本,
2018-10-19,油价上涨,
2018-10-19,油价调整,
2018-10-19,汽油涨价,
2018-10-19,柴油涨价,
2018-10-19,通胀,
2018-10-19,物流成本,
2018-10-20,油价上涨,
2018-10-20,油价调整,
2018-10-20,汽油涨价,
2018-10-20,柴油涨价,
2018-10-20,通胀,
2018-10-20,物流成本,
2018-10-21,油价上涨,
2018-10-21,油价调整,
2018-10-21,汽油涨价,
2018-10-21,柴油涨价,
2018-10-21,通胀,
2018-10-21,物流成本,
2018-10-22,油价上涨,
2018-10-22,油价调整,
2018-10-22,汽油涨价,
2018-10-22,柴油涨价,
2018-10-22,通胀,
2018-10-22,物流成本,
2018-10-23,油价上涨,
2018-10-23,油价调整,
2018-10-23,汽油涨价,
2018-10-23,柴油涨价,
2018-10-23,通胀,
2018-10-23,物流成本,
2018-10-24,油价上涨,
2018-10-24,油价调整,
2018-10-24,汽油涨价,
2018-10-24,柴油涨价,
2018-10-24,通胀,
2018-10-24,物流成本,
2018-10-25,油价上涨,
2018-10-25,油价调整,
2018-10-25,汽油涨价,
2018-10-25,柴油涨价,
2018-10-25,通胀,
2018-10-25,物流成本,
2018-10-26,油价上涨,
2018-10-26,油价调整,
2018-10-26,汽油涨价,
2018-10-26,柴油涨价,
2018-10-26,通胀,
2018-10-26,物流成本,
2018-10-27,油价上涨,
2018-10-27,油价调整,
2018-10-27,汽油涨价,
2018-10-27,柴油涨价,
2018-10-27,通胀,
2018-10-27,物流成本,
2018-10-28,油价上涨,
2018-10-28,油价调整,
2018-10-28,汽油涨价,
2018-10-28,柴油涨价,
2018-10-28,通胀,
2018-10-28,物流成本,
2018-10-29,油价上涨,
2018-10-29,油价调整,
2018-10-29,汽油涨价,
2018-10-29,柴油涨价,
2018-10-29,通胀,
2018-10-29,物流成本,
2018-10-30,油价上涨,
2018-10-30,油价调整,
2018-10-30,汽油涨价,
2018-10-30,柴油涨价,
2018-10-30,通胀,
2018-10-30,物流成本,
2018-10-31,油价上涨,
2018-10-31,油价调整,
2018-10-31,汽油涨价,
2018-10-31,柴油涨价,
2018-10-31,通胀,
2018-10-31,物流成本,
2018-11-01,油价上涨,
2018-11-01,油价调整,
2018-11-01,汽油涨价,
2018-11-01,柴油涨价,
2018-11-01,通胀,
2018-11-01,物流成本,
2018-11-02,油价上涨,
2018-11-02,油价调整,
2018-11-02,汽油涨价,
2018-11-02,柴油涨价,
2018-11-02,通胀,
2018-11-02,物流成本,
2018-11-03,油价上涨,
2018-11-03,油价调整,
2018-11-03,汽油涨价,
2018-11-03,柴油涨价,
2018-11-03,通胀,
2018-11-03,物流成本,
2018-11-04,油价上涨,
2018-11-04,油价调整,
2018-11-04,汽油涨价,
2018-11-04,柴油涨价,
2018-11-04,通胀,
2018-11-04,物流成本,
2018-11-05,油价上涨,
2018-11-05,油价调整,
2018-11-05,汽油涨价,
2018-11-05,柴油涨价,
2018-11-05,通胀,
2018-11-05,物流成本,
2018-11-06,油价上涨,
2018-11-06,油价调整,
2018-11-06,汽油涨价,
2018-11-06,柴油涨价,
2018-11-06,通胀,
2018-11-06,物流成本,
2018-11-07,油价上涨,
2018-11-07,油价调整,
2018-11-07,汽油涨价,
2018-11-07,柴油涨价,
2018-11-07,通胀,
2018-11-07,物流成本,
2018-11-08,油价上涨,
2018-11-08,油价调整,
2018-11-08,汽油涨价,
2018-11-08,柴油涨价,
2018-11-08,通胀,
2018-11-08,物流成本,
2018-11-09,油价上涨,
2018-11-09,油价调整,
2018-11-09,汽油涨价,
2018-11-09,柴油涨价,
2018-11-09,通胀,
2018-11-09,物流成本,
2018-11-10,油价上涨,
2018-11-10,油价调整,
2018-11-10,汽油涨价,
2018-11-10,柴油涨价,
2018-11-10,通胀,
2018-11-10,物流成本,
2018-11-11,油价上涨,
2018-11-11,油价调整,
2018-11-11,汽油涨价,
2018-11-11,柴油涨价,
2018-11-11,通胀,
2018-11-11,物流成本,
2018-11-12,油价上涨,
2018-11-12,油价调整,
2018-11-12,汽油涨价,
2018-11-12,柴油涨价,
2018-11-12,通胀,
2018-11-12,物流成本,
2018-11-13,油价上涨,
2018-11-13,油价调整,
2018-11-13,汽油涨价,
2018-11-13,柴油涨价,
2018-11-13,通胀,
2018-11-13,物流成本,
2018-11-14,油价上涨,
2018-11-14,油价调整,
2018-11-14,汽油涨价,
2018-11-14,柴油涨价,
2018-11-14,通胀,
2018-11-14,物流成本,
2018-11-15,油价上涨,
2018-11-15,油价调整,
2018-11-15,汽油涨价,
2018-11-15,柴油涨价,
2018-11-15,通胀,
2018-11-15,物流成本,
2018-11-16,油价上涨,
2018-11-16,油价调整,
2018-11-16,汽油涨价,
2018-11-16,柴油涨价,
2018-11-16,通胀,
2018-11-16,物流成本,
2018-11-17,油价上涨,
2018-11-17,油价调整,
2018-11-17,汽油涨价,
2018-11-17,柴油涨价,
2018-11-17,通胀,
2018-11-17,物流成本,
2018-11-18,油价上涨,
2018-11-18,油价调整,
2018-11-18,汽油涨价,
2018-11-18,柴油涨价,
2018-11-18,通胀,
2018-11-18,物流成本,
2018-11-19,油价上涨,
2018-11-19,油价调整,
2018-11-19,汽油涨价,
2018-11-19,柴油涨价,
2018-11-19,通胀,
2018-11-19,物流成本,
2018-11-20,油价上涨,
2018-11-20,油价调整,
2018-11-20,汽油涨价,
2018-11-20,柴油涨价,
2018-11-20,通胀,
2018-11-20,物流成本,
2018-11-21,油价上涨,
2018-11-21,油价调整,
2018-11-21,汽油涨价,
2018-11-21,柴油涨价,
2018-11-21,通胀,
2018-11-21,物流成本,
2018-11-22,油价上涨,
2018-11-22,油价调整,
2018-11-22,汽油涨价,
2018-11-22,柴油涨价,
2018-11-22,通胀,
2018-11-22,物流成本,
2018-11-23,油价上涨,
2018-11-23,油价调整,
2018-11-23,汽油涨价,
2018-11-23,柴油涨价,
2018-11-23,通胀,
2018-11-23,物流成本,
2018-11-24,油价上涨,
2018-11-24,油价调整,
2018-11-24,汽油涨价,
2018-11-24,柴油涨价,
2018-11-24,通胀,
2018-11-24,物流成本,
2018-11-25,油价上涨,
2018-11-25,油价调整,
2018-11-25,汽油涨价,
2018-11-25,柴油涨价,
2018-11-25,通胀,
2018-11-25,物流成本,
2018-11-26,油价上涨,
2018-11-26,油价调整,
2018-11-26,汽油涨价,
2018-11-26,柴油涨价,
2018-11-26,通胀,
2018-11-26,物流成本,
2018-11-27,油价上涨,
2018-11-27,油价调整,
2018-11-27,汽油涨价,
2018-11-27,柴油涨价,
2018-11-27,通胀,
2018-11-27,物流成本,
2018-11-28,油价上涨,
2018-11-28,油价调整,
2018-11-28,汽油涨价,
2018-11-28,柴油涨价,
2018-11-28,通胀,
2018-11-28,物流成本,
2018-11-29,油价上涨,
2018-11-29,油价调整,
2018-11-29,汽油涨价,
2018-11-29,柴油涨价,
2018-11-29,通胀,
2018-11-29,物流成本,
2018-11-30,油价上涨,
2018-11-30,油价调整,
2018-11-30,汽油涨价,
2018-11-30,柴油涨价,
2018-11-30,通胀,
2018-11-30,物流成本,
2018-12-01,油价上涨,
2018-12-01,油价调整,
2018-12-01,汽油涨价,
2018-12-01,柴油涨价,
2018-12-01,通胀,
2018-12-01,物流成本,
2018-12-02,油价上涨,
2018-12-02,油价调整,
2018-12-02,汽油涨价,
2018-12-02,柴油涨价,
2018-12-02,通胀,
2018-12-02,物流成本,
2018-12-03,油价上涨,
2018-12-03,油价调整,
2018-12-03,汽油涨价,
2018-12-03,柴油涨价,
2018-12-03,通胀,
2018-12-03,物流成本,
2018-12-04,油价上涨,
2018-12-04,油价调整,
2018-12-04,汽油涨价,
2018-12-04,柴油涨价,
2018-12-04,通胀,
2018-12-04,物流成本,
2018-12-05,油价上涨,
2018-12-05,油价调整,
2018-12-05,汽油涨价,
2018-12-05,柴油涨价,
2018-12-05,通胀,
2018-12-05,物流成本,
2018-12-06,油价上涨,
2018-12-06,油价调整,
2018-12-06,汽油涨价,
2018-12-06,柴油涨价,
2018-12-06,通胀,
2018-12-06,物流成本,
2018-12-07,油价上涨,
2018-12-07,油价调整,
2018-12-07,汽油涨价,
2018-12-07,柴油涨价,
2018-12-07,通胀,
2018-12-07,物流成本,
2018-12-08,油价上涨,
2018-12-08,油价调整,
2018-12-08,汽油涨价,
2018-12-08,柴油涨价,
2018-12-08,通胀,
2018-12-08,物流成本,
2018-12-09,油价上涨,
2018-12-09,油价调整,
2018-12-09,汽油涨价,
2018-12-09,柴油涨价,
2018-12-09,通胀,
2018-12-09,物流成本,
2018-12-10,油价上涨,
2018-12-10,油价调整,
2018-12-10,汽油涨价,
2018-12-10,柴油涨价,
2018-12-10,通胀,
2018-12-10,物流成本,
2018-12-11,油价上涨,
2018-12-11,油价调整,
2018-12-11,汽油涨价,
2018-12-11,柴油涨价,
2018-12-11,通胀,
2018-12-11,物流成本,
2018-12-12,油价上涨,
2018-12-12,油价调整,
2018-12-12,汽油涨价,
2018-12-12,柴油涨价,
2018-12-12,通胀,
2018-12-12,物流成本,
2018-12-13,油价上涨,
2018-12-13,油价调整,
2018-12-13,汽油涨价,
2018-12-13,柴油涨价,
2018-12-13,通胀,
2018-12-13,物流成本,
2018-12-14,油价上涨,
2018-12-14,油价调整,
2018-12-14,汽油涨价,
2018-12-14,柴油涨价,
2018-12-14,通胀,
2018-12-14,物流成本,
2018-12-15,油价上涨,
2018-12-15,油价调整,
2018-12-15,汽油涨价,
2018-12-15,柴油涨价,
2018-12-15,通胀,
2018-12-15,物流成本,
2018-12-16,油价上涨,
2018-12-16,油价调整,
2018-12-16,汽油涨价,
2018-12-16,柴油涨价,
2018-12-16,通胀,
2018-12-16,物流成本,
2018-12-17,油价上涨,
2018-12-17,油价调整,
2018-12-17,汽油涨价,
2018-12-17,柴油涨价,
2018-12-17,通胀,
2018-12-17,物流成本,
2018-12-18,油价上涨,
2018-12-18,油价调整,
2018-12-18,汽油涨价,
2018-12-18,柴油涨价,
2018-12-18,通胀,
2018-12-18,物流成本,
2018-12-19,油价上涨,
2018-12-19,油价调整,
2018-12-19,汽油涨价,
2018-12-19,柴油涨价,
2018-12-19,通胀,
2018-12-19,物流成本,
2018-12-20,油价上涨,
2018-12-20,油价调整,
2018-12-20,汽油涨价,
2018-12-20,柴油涨价,
2018-12-20,通胀,
2018-12-20,物流成本,
2018-12-21,油价上涨,
2018-12-21,油价调整,
2018-12-21,汽油涨价,
2018-12-21,柴油涨价,
2018-12-21,通胀,
2018-12-21,物流成本,
2018-12-22,油价上涨,
2018-12-22,油价调整,
2018-12-22,汽油涨价,
2018-12-22,柴油涨价,
2018-12-22,通胀,
2018-12-22,物流成本,
2018-12-23,油价上涨,
2018-12-23,油价调整,
2018-12-23,汽油涨价,
2018-12-23,柴油涨价,
2018-12-23,通胀,
2018-12-23,物流成本,
2018-12-24,油价上涨,
2018-12-24,油价调整,
2018-12-24,汽油涨价,
2018-12-24,柴油涨价,
2018-12-24,通胀,
2018-12-24,物流成本,
2018-12-25,油价上涨,
2018-12-25,油价调整,
2018-12-25,汽油涨价,
2018-12-25,柴油涨价,
2018-12-25,通胀,
2018-12-25,物流成本,
2018-12-26,油价上涨,
2018-12-26,油价调整,
2018-12-26,汽油涨价,
2018-12-26,柴油涨价,
2018-12-26,通胀,
2018-12-26,物流成本,
2018-12-27,油价上涨,
2018-12-27,油价调整,
2018-12-27,汽油涨价,
2018-12-27,柴油涨价,
2018-12-27,通胀,
2018-12-27,物流成本,
2018-12-28,油价上涨,
2018-12-28,油价调整,
2018-12-28,汽油涨价,
2018-12-28,柴油涨价,
2018-12-28,通胀,
2018-12-28,物流成本,
2018-12-29,油价上涨,
2018-12-29,油价调整,
2018-12-29,汽油涨价,
2018-12-29,柴油涨价,
2018-12-29,通胀,
2018-12-29,物流成本,
2018-12-30,油价上涨,
2018-12-30,油价调整,
2018-12-30,汽油涨价,
2018-12-30,柴油涨价,
2018-12-30,通胀,
2018-12-30,物流成本,
2018-12-31,油价上涨,
2018-12-31,油价调整,
2018-12-31,汽油涨价,
2018-12-31,柴油涨价,
2018-12-31,通胀,
2018-12-31,物流成本,
2019-01-01,油价上涨,
2019-01-01,油价调整,
2019-01-01,汽油涨价,
2019-01-01,柴油涨价,
2019-01-01,通胀,
2019-01-01,物流成本,
2019-01-02,油价上涨,
2019-01-02,油价调整,
2019-01-02,汽油涨价,
2019-01-02,柴油涨价,
2019-01-02,通胀,
2019-01-02,物流成本,
2019-01-03,油价上涨,
2019-01-03,油价调整,
2019-01-03,汽油涨价,
2019-01-03,柴油涨价,
2019-01-03,通胀,
2019-01-03,物流成本,
2019-01-04,油价上涨,
2019-01-04,油价调整,
2019-01-04,汽油涨价,
2019-01-04,柴油涨价,
2019-01-04,通胀,
2019-01-04,物流成本,
2019-01-05,油价上涨,
2019-01-05,油价调整,
2019-01-05,汽油涨价,
2019-01-05,柴油涨价,
2019-01-05,通胀,
2019-01-05,物流成本,
2019-01-06,油价上涨,
2019-01-06,油价调整,
2019-01-06,汽油涨价,
2019-01-06,柴油涨价,
2019-01-06,通胀,
2019-01-06,物流成本,
2019-01-07,油价上涨,
2019-01-07,油价调整,
2019-01-07,汽油涨价,
2019-01-07,柴油涨价,
2019-01-07,通胀,
2019-01-07,物流成本,
2019-01-08,油价上涨,
2019-01-08,油价调整,
2019-01-08,汽油涨价,
2019-01-08,柴油涨价,
2019-01-08,通胀,
2019-01-08,物流成本,
2019-01-09,油价上涨,
2019-01-09,油价调整,
2019-01-09,汽油涨价,
2019-01-09,柴油涨价,
2019-01-09,通胀,
2019-01-09,物流成本,
2019-01-10,油价上涨,
2019-01-10,油价调整,
2019-01-10,汽油涨价,
2019-01-10,柴油涨价,
2019-01-10,通胀,
2019-01-10,物流成本,
2019-01-11,油价上涨,
2019-01-11,油价调整,
2019-01-11,汽油涨价,
2019-01-11,柴油涨价,
2019-01-11,通胀,
2019-01-11,物流成本,
2019-01-12,油价上涨,
2019-01-12,油价调整,
2019-01-12,汽油涨价,
2019-01-12,柴油涨价,
2019-01-12,通胀,
2019-01-12,物流成本,
2019-01-13,油价上涨,
2019-01-13,油价调整,
2019-01-13,汽油涨价,
2019-01-13,柴油涨价,
2019-01-13,通胀,
2019-01-13,物流成本,
2019-01-14,油价上涨,
2019-01-14,油价调整,
2019-01-14,汽油涨价,
2019-01-14,柴油涨价,
2019-01-14,通胀,
2019-01-14,物流成本,
2019-01-15,油价上涨,
2019-01-15,油价调整,
2019-01-15,汽油涨价,
2019-01-15,柴油涨价,
2019-01-15,通胀,
2019-01-15,物流成本,
2019-01-16,油价上涨,
2019-01-16,油价调整,
2019-01-16,汽油涨价,
2019-01-16,柴油涨价,
2019-01-16,通胀,
2019-01-16,物流成本,
2019-01-17,油价上涨,
2019-01-17,油价调整,
2019-01-17,汽油涨价,
2019-01-17,柴油涨价,
2019-01-17,通胀,
2019-01-17,物流成本,
2019-01-18,油价上涨,
2019-01-18,油价调整,
2019-01-18,汽油涨价,
2019-01-18,柴油涨价,
2019-01-18,通胀,
2019-01-18,物流成本,
2019-01-19,油价上涨,
2019-01-19,油价调整,
2019-01-19,汽油涨价,
2019-01-19,柴油涨价,
2019-01-19,通胀,
2019-01-19,物流成本,
2019-01-20,油价上涨,
2019-01-20,油价调整,
2019-01-20,汽油涨价,
2019-01-20,柴油涨价,
2019-01-20,通胀,
2019-01-20,物流成本,
2019-01-21,油价上涨,
2019-01-21,油价调整,
2019-01-21,汽油涨价,
2019-01-21,柴油涨价,
2019-01-21,通胀,
2019-01-21,物流成本,
2019-01-22,油价上涨,
2019-01-22,油价调整,
2019-01-22,汽油涨价,
2019-01-22,柴油涨价,
2019-01-22,通胀,
2019-01-22,物流成本,
2019-01-23,油价上涨,
2019-01-23,油价调整,
2019-01-23,汽油涨价,
2019-01-23,柴油涨价,
2019-01-23,通胀,
2019-01-23,物流成本,
2019-01-24,油价上涨,
2019-01-24,油价调整,
2019-01-24,汽油涨价,
2019-01-24,柴油涨价,
2019-01-24,通胀,
2019-01-24,物流成本,
2019-01-25,油价上涨,
2019-01-25,油价调整,
2019-01-25,汽油涨价,
2019-01-25,柴油涨价,
2019-01-25,通胀,
2019-01-25,物流成本,
2019-01-26,油价上涨,
2019-01-26,油价调整,
2019-01-26,汽油涨价,
2019-01-26,柴油涨价,
2019-01-26,通胀,
2019-01-26,物流成本,
2019-01-27,油价上涨,
2019-01-27,油价调整,
2019-01-27,汽油涨价,
2019-01-27,柴油涨价,
2019-01-27,通胀,
2019-01-27,物流成本,
2019-01-28,油价上涨,
2019-01-28,油价调整,
2019-01-28,汽油涨价,
2019-01-28,柴油涨价,
2019-01-28,通胀,
2019-01-28,物流成本,
2019-01-29,油价上涨,
2019-01-29,油价调整,
2019-01-29,汽油涨价,
2019-01-29,柴油涨价,
2019-01-29,通胀,
2019-01-29,物流成本,
2019-01-30,油价上涨,
2019-01-30,油价调整,
2019-01-30,汽油涨价,
2019-01-30,柴油涨价,
2019-01-30,通胀,
2019-01-30,物流成本,
2019-01-31,油价上涨,
2019-01-31,油价调整,
2019-01-31,汽油涨价,
2019-01-31,柴油涨价,
2019-01-31,通胀,
2019-01-31,物流成本,
2019-02-01,油价上涨,
2019-02-01,油价调整,
2019-02-01,汽油涨价,
2019-02-01,柴油涨价,
2019-02-01,通胀,
2019-02-01,物流成本,
2019-02-02,油价上涨,
2019-02-02,油价调整,
2019-02-02,汽油涨价,
2019-02-02,柴油涨价,
2019-02-02,通胀,
2019-02-02,物流成本,
2019-02-03,油价上涨,
2019-02-03,油价调整,
2019-02-03,汽油涨价,
2019-02-03,柴油涨价,
2019-02-03,通胀,
2019-02-03,物流成本,
2019-02-04,油价上涨,
2019-02-04,油价调整,
2019-02-04,汽油涨价,
2019-02-04,柴油涨价,
2019-02-04,通胀,
2019-02-04,物流成本,
2019-02-05,油价上涨,
2019-02-05,油价调整,
2019-02-05,汽油涨价,
2019-02-05,柴油涨价,
2019-02-05,通胀,
2019-02-05,物流成本,
2019-02-06,油价上涨,
2019-02-06,油价调整,
2019-02-06,汽油涨价,
2019-02-06,柴油涨价,
2019-02-06,通胀,
2019-02-06,物流成本,
2019-02-07,油价上涨,
2019-02-07,油价调整,
2019-02-07,汽油涨价,
2019-02-07,柴油涨价,
2019-02-07,通胀,
2019-02-07,物流成本,
2019-02-08,油价上涨,
2019-02-08,油价调整,
2019-02-08,汽油涨价,
2019-02-08,柴油涨价,
2019-02-08,通胀,
2019-02-08,物流成本,
2019-02-09,油价上涨,
2019-02-09,油价调整,
2019-02-09,汽油涨价,
2019-02-09,柴油涨价,
2019-02-09,通胀,
2019-02-09,物流成本,
2019-02-10,油价上涨,
2019-02-10,油价调整,
2019-02-10,汽油涨价,
2019-02-10,柴油涨价,
2019-02-10,通胀,
2019-02-10,物流成本,
2019-02-11,油价上涨,
2019-02-11,油价调整,
2019-02-11,汽油涨价,
2019-02-11,柴油涨价,
2019-02-11,通胀,
2019-02-11,物流成本,
2019-02-12,油价上涨,
2019-02-12,油价调整,
2019-02-12,汽油涨价,
2019-02-12,柴油涨价,
2019-02-12,通胀,
2019-02-12,物流成本,
2019-02-13,油价上涨,
2019-02-13,油价调整,
2019-02-13,汽油涨价,
2019-02-13,柴油涨价,
2019-02-13,通胀,
2019-02-13,物流成本,
2019-02-14,油价上涨,
2019-02-14,油价调整,
2019-02-14,汽油涨价,
2019-02-14,柴油涨价,
2019-02-14,通胀,
2019-02-14,物流成本,
2019-02-15,油价上涨,
2019-02-15,油价调整,
2019-02-15,汽油涨价,
2019-02-15,柴油涨价,
2019-02-15,通胀,
2019-02-15,物流成本,
2019-02-16,油价上涨,
2019-02-16,油价调整,
2019-02-16,汽油涨价,
2019-02-16,柴油涨价,
2019-02-16,通胀,
2019-02-16,物流成本,
2019-02-17,油价上涨,
2019-02-17,油价调整,
2019-02-17,汽油涨价,
2019-02-17,柴油涨价,
2019-02-17,通胀,
2019-02-17,物流成本,
2019-02-18,油价上涨,
2019-02-18,油价调整,
2019-02-18,汽油涨价,
2019-02-18,柴油涨价,
2019-02-18,通胀,
2019-02-18,物流成本,
2019-02-19,油价上涨,
2019-02-19,油价调整,
2019-02-19,汽油涨价,
2019-02-19,柴油涨价,
2019-02-19,通胀,
2019-02-19,物流成本,
2019-02-20,油价上涨,
2019-02-20,油价调整,
2019-02-20,汽油涨价,
2019-02-20,柴油涨价,
2019-02-20,通胀,
2019-02-20,物流成本,
2019-02-21,油价上涨,
2019-02-21,油价调整,
2019-02-21,汽油涨价,
2019-02-21,柴油涨价,
2019-02-21,通胀,
2019-02-21,物流成本,
2019-02-22,油价上涨,
2019-02-22,油价调整,
2019-02-22,汽油涨价,
2019-02-22,柴油涨价,
2019-02-22,通胀,
2019-02-22,物流成本,
2019-02-23,油价上涨,
2019-02-23,油价调整,
2019-02-23,汽油涨价,
2019-02-23,柴油涨价,
2019-02-23,通胀,
2019-02-23,物流成本,
2019-02-24,油价上涨,
2019-02-24,油价调整,
2019-02-24,汽油涨价,
2019-02-24,柴油涨价,
2019-02-24,通胀,
2019-02-24,物流成本,
2019-02-25,油价上涨,
2019-02-25,油价调整,
2019-02-25,汽油涨价,
2019-02-25,柴油涨价,
2019-02-25,通胀,
2019-02-25,物流成本,
2019-02-26,油价上涨,
2019-02-26,油价调整,
2019-02-26,汽油涨价,
2019-02-26,柴油涨价,
2019-02-26,通胀,
2019-02-26,物流成本,
2019-02-27,油价上涨,
2019-02-27,油价调整,
2019-02-27,汽油涨价,
2019-02-27,柴油涨价,
2019-02-27,通胀,
2019-02-27,物流成本,
2019-02-28,油价上涨,
2019-02-28,油价调整,
2019-02-28,汽油涨价,
2019-02-28,柴油涨价,
2019-02-28,通胀,
2019-02-28,物流成本,
2019-03-01,油价上涨,
2019-03-01,油价调整,
2019-03-01,汽油涨价,
2019-03-01,柴油涨价,
2019-03-01,通胀,
2019-03-01,物流成本,
2019-03-02,油价上涨,
2019-03-02,油价调整,
2019-03-02,汽油涨价,
2019-03-02,柴油涨价,
2019-03-02,通胀,
2019-03-02,物流成本,
2019-03-03,油价上涨,
2019-03-03,油价调整,
2019-03-03,汽油涨价,
2019-03-03,柴油涨价,
2019-03-03,通胀,
2019-03-03,物流成本,
2019-03-04,油价上涨,
2019-03-04,油价调整,
2019-03-04,汽油涨价,
2019-03-04,柴油涨价,
2019-03-04,通胀,
2019-03-04,物流成本,
2019-03-05,油价上涨,
2019-03-05,油价调整,
2019-03-05,汽油涨价,
2019-03-05,柴油涨价,
2019-03-05,通胀,
2019-03-05,物流成本,
2019-03-06,油价上涨,
2019-03-06,油价调整,
2019-03-06,汽油涨价,
2019-03-06,柴油涨价,
2019-03-06,通胀,
2019-03-06,物流成本,
2019-03-07,油价上涨,
2019-03-07,油价调整,
2019-03-07,汽油涨价,
2019-03-07,柴油涨价,
2019-03-07,通胀,
2019-03-07,物流成本,
2019-03-08,油价上涨,
2019-03-08,油价调整,
2019-03-08,汽油涨价,
2019-03-08,柴油涨价,
2019-03-08,通胀,
2019-03-08,物流成本,
2019-03-09,油价上涨,
2019-03-09,油价调整,
2019-03-09,汽油涨价,
2019-03-09,柴油涨价,
2019-03-09,通胀,
2019-03-09,物流成本,
2019-03-10,油价上涨,
2019-03-10,油价调整,
2019-03-10,汽油涨价,
2019-03-10,柴油涨价,
2019-03-10,通胀,
2019-03-10,物流成本,
2019-03-11,油价上涨,
2019-03-11,油价调整,
2019-03-11,汽油涨价,
2019-03-11,柴油涨价,
2019-03-11,通胀,
2019-03-11,物流成本,
2019-03-12,油价上涨,
2019-03-12,油价调整,
2019-03-12,汽油涨价,
2019-03-12,柴油涨价,
2019-03-12,通胀,
2019-03-12,物流成本,
2019-03-13,油价上涨,
2019-03-13,油价调整,
2019-03-13,汽油涨价,
2019-03-13,柴油涨价,
2019-03-13,通胀,
2019-03-13,物流成本,
2019-03-14,油价上涨,
2019-03-14,油价调整,
2019-03-14,汽油涨价,
2019-03-14,柴油涨价,
2019-03-14,通胀,
2019-03-14,物流成本,
2019-03-15,油价上涨,
2019-03-15,油价调整,
2019-03-15,汽油涨价,
2019-03-15,柴油涨价,
2019-03-15,通胀,
2019-03-15,物流成本,
2019-03-16,油价上涨,
2019-03-16,油价调整,
2019-03-16,汽油涨价,
2019-03-16,柴油涨价,
2019-03-16,通胀,
2019-03-16,物流成本,
2019-03-17,油价上涨,
2019-03-17,油价调整,
2019-03-17,汽油涨价,
2019-03-17,柴油涨价,
2019-03-17,通胀,
2019-03-17,物流成本,
2019-03-18,油价上涨,
2019-03-18,油价调整,
2019-03-18,汽油涨价,
2019-03-18,柴油涨价,
2019-03-18,通胀,
2019-03-18,物流成本,
2019-03-19,油价上涨,
2019-03-19,油价调整,
2019-03-19,汽油涨价,
2019-03-19,柴油涨价,
2019-03-19,通胀,
2019-03-19,物流成本,
2019-03-20,油价上涨,
2019-03-20,油价调整,
2019-03-20,汽油涨价,
2019-03-20,柴油涨价,
2019-03-20,通胀,
2019-03-20,物流成本,
2019-03-21,油价上涨,
2019-03-21,油价调整,
2019-03-21,汽油涨价,
2019-03-21,柴油涨价,
2019-03-21,通胀,
2019-03-21,物流成本,
2019-03-22,油价上涨,
2019-03-22,油价调整,
2019-03-22,汽油涨价,
2019-03-22,柴油涨价,
2019-03-22,通胀,
2019-03-22,物流成本,
2019-03-23,油价上涨,
2019-03-23,油价调整,
2019-03-23,汽油涨价,
2019-03-23,柴油涨价,
2019-03-23,通胀,
2019-03-23,物流成本,
2019-03-24,油价上涨,
2019-03-24,油价调整,
2019-03-24,汽油涨价,
2019-03-24,柴油涨价,
2019-03-24,通胀,
2019-03-24,物流成本,
2019-03-25,油价上涨,
2019-03-25,油价调整,
2019-03-25,汽油涨价,
2019-03-25,柴油涨价,
2019-03-25,通胀,
2019-03-25,物流成本,
2019-03-26,油价上涨,
2019-03-26,油价调整,
2019-03-26,汽油涨价,
2019-03-26,柴油涨价,
2019-03-26,通胀,
2019-03-26,物流成本,
2019-03-27,油价上涨,
2019-03-27,油价调整,
2019-03-27,汽油涨价,
2019-03-27,柴油涨价,
2019-03-27,通胀,
2019-03-27,物流成本,
2019-03-28,油价上涨,
2019-03-28,油价调整,
2019-03-28,汽油涨价,
2019-03-28,柴油涨价,
2019-03-28,通胀,
2019-03-28,物流成本,
2019-03-29,油价上涨,
2019-03-29,油价调整,
2019-03-29,汽油涨价,
2019-03-29,柴油涨价,
2019-03-29,通胀,
2019-03-29,物流成本,
2019-03-30,油价上涨,
2019-03-30,油价调整,
2019-03-30,汽油涨价,
2019-03-30,柴油涨价,
2019-03-30,通胀,
2019-03-30,物流成本,
2019-03-31,油价上涨,
2019-03-31,油价调整,
2019-03-31,汽油涨价,
2019-03-31,柴油涨价,
2019-03-31,通胀,
2019-03-31,物流成本,
2019-04-01,油价上涨,
2019-04-01,油价调整,
2019-04-01,汽油涨价,
2019-04-01,柴油涨价,
2019-04-01,通胀,
2019-04-01,物流成本,
2019-04-02,油价上涨,
2019-04-02,油价调整,
2019-04-02,汽油涨价,
2019-04-02,柴油涨价,
2019-04-02,通胀,
2019-04-02,物流成本,
2019-04-03,油价上涨,
2019-04-03,油价调整,
2019-04-03,汽油涨价,
2019-04-03,柴油涨价,
2019-04-03,通胀,
2019-04-03,物流成本,
2019-04-04,油价上涨,
2019-04-04,油价调整,
2019-04-04,汽油涨价,
2019-04-04,柴油涨价,
2019-04-04,通胀,
2019-04-04,物流成本,
2019-04-05,油价上涨,
2019-04-05,油价调整,
2019-04-05,汽油涨价,
2019-04-05,柴油涨价,
2019-04-05,通胀,
2019-04-05,物流成本,
2019-04-06,油价上涨,
2019-04-06,油价调整,
2019-04-06,汽油涨价,
2019-04-06,柴油涨价,
2019-04-06,通胀,
2019-04-06,物流成本,
2019-04-07,油价上涨,
2019-04-07,油价调整,
2019-04-07,汽油涨价,
2019-04-07,柴油涨价,
2019-04-07,通胀,
2019-04-07,物流成本,
2019-04-08,油价上涨,
2019-04-08,油价调整,
2019-04-08,汽油涨价,
2019-04-08,柴油涨价,
2019-04-08,通胀,
2019-04-08,物流成本,
2019-04-09,油价上涨,
2019-04-09,油价调整,
2019-04-09,汽油涨价,
2019-04-09,柴油涨价,
2019-04-09,通胀,
2019-04-09,物流成本,
2019-04-10,油价上涨,
2019-04-10,油价调整,
2019-04-10,汽油涨价,
2019-04-10,柴油涨价,
2019-04-10,通胀,
2019-04-10,物流成本,
2019-04-11,油价上涨,
2019-04-11,油价调整,
2019-04-11,汽油涨价,
2019-04-11,柴油涨价,
2019-04-11,通胀,
2019-04-11,物流成本,
2019-04-12,油价上涨,
2019-04-12,油价调整,
2019-04-12,汽油涨价,
2019-04-12,柴油涨价,
2019-04-12,通胀,
2019-04-12,物流成本,
2019-04-13,油价上涨,
2019-04-13,油价调整,
2019-04-13,汽油涨价,
2019-04-13,柴油涨价,
2019-04-13,通胀,
2019-04-13,物流成本,
2019-04-14,油价上涨,
2019-04-14,油价调整,
2019-04-14,汽油涨价,
2019-04-14,柴油涨价,
2019-04-14,通胀,
2019-04-14,物流成本,
2019-04-15,油价上涨,
2019-04-15,油价调整,
2019-04-15,汽油涨价,
2019-04-15,柴油涨价,
2019-04-15,通胀,
2019-04-15,物流成本,
2019-04-16,油价上涨,
2019-04-16,油价调整,
2019-04-16,汽油涨价,
2019-04-16,柴油涨价,
2019-04-16,通胀,
2019-04-16,物流成本,
2019-04-17,油价上涨,
2019-04-17,油价调整,
2019-04-17,汽油涨价,
2019-04-17,柴油涨价,
2019-04-17,通胀,
2019-04-17,物流成本,
2019-04-18,油价上涨,
2019-04-18,油价调整,
2019-04-18,汽油涨价,
2019-04-18,柴油涨价,
2019-04-18,通胀,
2019-04-18,物流成本,
2019-04-19,油价上涨,
2019-04-19,油价调整,
2019-04-19,汽油涨价,
2019-04-19,柴油涨价,
2019-04-19,通胀,
2019-04-19,物流成本,
2019-04-20,油价上涨,
2019-04-20,油价调整,
2019-04-20,汽油涨价,
2019-04-20,柴油涨价,
2019-04-20,通胀,
2019-04-20,物流成本,
2019-04-21,油价上涨,
2019-04-21,油价调整,
2019-04-21,汽油涨价,
2019-04-21,柴油涨价,
2019-04-21,通胀,
2019-04-21,物流成本,
2019-04-22,油价上涨,
2019-04-22,油价调整,
2019-04-22,汽油涨价,
2019-04-22,柴油涨价,
2019-04-22,通胀,
2019-04-22,物流成本,
2019-04-23,油价上涨,
2019-04-23,油价调整,
2019-04-23,汽油涨价,
2019-04-23,柴油涨价,
2019-04-23,通胀,
2019-04-23,物流成本,
2019-04-24,油价上涨,
2019-04-24,油价调整,
2019-04-24,汽油涨价,
2019-04-24,柴油涨价,
2019-04-24,通胀,
2019-04-24,物流成本,
2019-04-25,油价上涨,
2019-04-25,油价调整,
2019-04-25,汽油涨价,
2019-04-25,柴油涨价,
2019-04-25,通胀,
2019-04-25,物流成本,
2019-04-26,油价上涨,
2019-04-26,油价调整,
2019-04-26,汽油涨价,
2019-04-26,柴油涨价,
2019-04-26,通胀,
2019-04-26,物流成本,
2019-04-27,油价上涨,
2019-04-27,油价调整,
2019-04-27,汽油涨价,
2019-04-27,柴油涨价,
2019-04-27,通胀,
2019-04-27,物流成本,
2019-04-28,油价上涨,
2019-04-28,油价调整,
2019-04-28,汽油涨价,
2019-04-28,柴油涨价,
2019-04-28,通胀,
2019-04-28,物流成本,
2019-04-29,油价上涨,
2019-04-29,油价调整,
2019-04-29,汽油涨价,
2019-04-29,柴油涨价,
2019-04-29,通胀,
2019-04-29,物流成本,
2019-04-30,油价上涨,
2019-04-30,油价调整,
2019-04-30,汽油涨价,
2019-04-30,柴油涨价,
2019-04-30,通胀,
2019-04-30,物流成本,
2019-05-01,油价上涨,
2019-05-01,油价调整,
2019-05-01,汽油涨价,
2019-05-01,柴油涨价,
2019-05-01,通胀,
2019-05-01,物流成本,
2019-05-02,油价上涨,
2019-05-02,油价调整,
2019-05-02,汽油涨价,
2019-05-02,柴油涨价,
2019-05-02,通胀,
2019-05-02,物流成本,
2019-05-03,油价上涨,
2019-05-03,油价调整,
2019-05-03,汽油涨价,
2019-05-03,柴油涨价,
2019-05-03,通胀,
2019-05-03,物流成本,
2019-05-04,油价上涨,
2019-05-04,油价调整,
2019-05-04,汽油涨价,
2019-05-04,柴油涨价,
2019-05-04,通胀,
2019-05-04,物流成本,
2019-05-05,油价上涨,
2019-05-05,油价调整,
2019-05-05,汽油涨价,
2019-05-05,柴油涨价,
2019-05-05,通胀,
2019-05-05,物流成本,
2019-05-06,油价上涨,
2019-05-06,油价调整,
2019-05-06,汽油涨价,
2019-05-06,柴油涨价,
2019-05-06,通胀,
2019-05-06,物流成本,
2019-05-07,油价上涨,
2019-05-07,油价调整,
2019-05-07,汽油涨价,
2019-05-07,柴油涨价,
2019-05-07,通胀,
2019-05-07,物流成本,
2019-05-08,油价上涨,
2019-05-08,油价调整,
2019-05-08,汽油涨价,
2019-05-08,柴油涨价,
2019-05-08,通胀,
2019-05-08,物流成本,
2019-05-09,油价上涨,
2019-05-09,油价调整,
2019-05-09,汽油涨价,
2019-05-09,柴油涨价,
2019-05-09,通胀,
2019-05-09,物流成本,
2019-05-10,油价上涨,
2019-05-10,油价调整,
2019-05-10,汽油涨价,
2019-05-10,柴油涨价,
2019-05-10,通胀,
2019-05-10,物流成本,
2019-05-11,油价上涨,
2019-05-11,油价调整,
2019-05-11,汽油涨价,
2019-05-11,柴油涨价,
2019-05-11,通胀,
2019-05-11,物流成本,
2019-05-12,油价上涨,
2019-05-12,油价调整,
2019-05-12,汽油涨价,
2019-05-12,柴油涨价,
2019-05-12,通胀,
2019-05-12,物流成本,
2019-05-13,油价上涨,
2019-05-13,油价调整,
2019-05-13,汽油涨价,
2019-05-13,柴油涨价,
2019-05-13,通胀,
2019-05-13,物流成本,
2019-05-14,油价上涨,
2019-05-14,油价调整,
2019-05-14,汽油涨价,
2019-05-14,柴油涨价,
2019-05-14,通胀,
2019-05-14,物流成本,
2019-05-15,油价上涨,
2019-05-15,油价调整,
2019-05-15,汽油涨价,
2019-05-15,柴油涨价,
2019-05-15,通胀,
2019-05-15,物流成本,
2019-05-16,油价上涨,
2019-05-16,油价调整,
2019-05-16,汽油涨价,
2019-05-16,柴油涨价,
2019-05-16,通胀,
2019-05-16,物流成本,
2019-05-17,油价上涨,
2019-05-17,油价调整,
2019-05-17,汽油涨价,
2019-05-17,柴油涨价,
2019-05-17,通胀,
2019-05-17,物流成本,
2019-05-18,油价上涨,
2019-05-18,油价调整,
2019-05-18,汽油涨价,
2019-05-18,柴油涨价,
2019-05-18,通胀,
2019-05-18,物流成本,
2019-05-19,油价上涨,
2019-05-19,油价调整,
2019-05-19,汽油涨价,
2019-05-19,柴油涨价,
2019-05-19,通胀,
2019-05-19,物流成本,
2019-05-20,油价上涨,
2019-05-20,油价调整,
2019-05-20,汽油涨价,
2019-05-20,柴油涨价,
2019-05-20,通胀,
2019-05-20,物流成本,
2019-05-21,油价上涨,
2019-05-21,油价调整,
2019-05-21,汽油涨价,
2019-05-21,柴油涨价,
2019-05-21,通胀,
2019-05-21,物流成本,
2019-05-22,油价上涨,
2019-05-22,油价调整,
2019-05-22,汽油涨价,
2019-05-22,柴油涨价,
2019-05-22,通胀,
2019-05-22,物流成本,
2019-05-23,油价上涨,
2019-05-23,油价调整,
2019-05-23,汽油涨价,
2019-05-23,柴油涨价,
2019-05-23,通胀,
2019-05-23,物流成本,
2019-05-24,油价上涨,
2019-05-24,油价调整,
2019-05-24,汽油涨价,
2019-05-24,柴油涨价,
2019-05-24,通胀,
2019-05-24,物流成本,
2019-05-25,油价上涨,
2019-05-25,油价调整,
2019-05-25,汽油涨价,
2019-05-25,柴油涨价,
2019-05-25,通胀,
2019-05-25,物流成本,
2019-05-26,油价上涨,
2019-05-26,油价调整,
2019-05-26,汽油涨价,
2019-05-26,柴油涨价,
2019-05-26,通胀,
2019-05-26,物流成本,
2019-05-27,油价上涨,
2019-05-27,油价调整,
2019-05-27,汽油涨价,
2019-05-27,柴油涨价,
2019-05-27,通胀,
2019-05-27,物流成本,
2019-05-28,油价上涨,
2019-05-28,油价调整,
2019-05-28,汽油涨价,
2019-05-28,柴油涨价,
2019-05-28,通胀,
2019-05-28,物流成本,
2019-05-29,油价上涨,
2019-05-29,油价调整,
2019-05-29,汽油涨价,
2019-05-29,柴油涨价,
2019-05-29,通胀,
2019-05-29,物流成本,
2019-05-30,油价上涨,
2019-05-30,油价调整,
2019-05-30,汽油涨价,
2019-05-30,柴油涨价,
2019-05-30,通胀,
2019-05-30,物流成本,
2019-05-31,油价上涨,
2019-05-31,油价调整,
2019-05-31,汽油涨价,
2019-05-31,柴油涨价,
2019-05-31,通胀,
2019-05-31,物流成本,
2019-06-01,油价上涨,
2019-06-01,油价调整,
2019-06-01,汽油涨价,
2019-06-01,柴油涨价,
2019-06-01,通胀,
2019-06-01,物流成本,
2019-06-02,油价上涨,
2019-06-02,油价调整,
2019-06-02,汽油涨价,
2019-06-02,柴油涨价,
2019-06-02,通胀,
2019-06-02,物流成本,
2019-06-03,油价上涨,
2019-06-03,油价调整,
2019-06-03,汽油涨价,
2019-06-03,柴油涨价,
2019-06-03,通胀,
2019-06-03,物流成本,
2019-06-04,油价上涨,
2019-06-04,油价调整,
2019-06-04,汽油涨价,
2019-06-04,柴油涨价,
2019-06-04,通胀,
2019-06-04,物流成本,
2019-06-05,油价上涨,
2019-06-05,油价调整,
2019-06-05,汽油涨价,
2019-06-05,柴油涨价,
2019-06-05,通胀,
2019-06-05,物流成本,
2019-06-06,油价上涨,
2019-06-06,油价调整,
2019-06-06,汽油涨价,
2019-06-06,柴油涨价,
2019-06-06,通胀,
2019-06-06,物流成本,
2019-06-07,油价上涨,
2019-06-07,油价调整,
2019-06-07,汽油涨价,
2019-06-07,柴油涨价,
2019-06-07,通胀,
2019-06-07,物流成本,
2019-06-08,油价上涨,
2019-06-08,油价调整,
2019-06-08,汽油涨价,
2019-06-08,柴油涨价,
2019-06-08,通胀,
2019-06-08,物流成本,
2019-06-09,油价上涨,
2019-06-09,油价调整,
2019-06-09,汽油涨价,
2019-06-09,柴油涨价,
2019-06-09,通胀,
2019-06-09,物流成本,
2019-06-10,油价上涨,
2019-06-10,油价调整,
2019-06-10,汽油涨价,
2019-06-10,柴油涨价,
2019-06-10,通胀,
2019-06-10,物流成本,
2019-06-11,油价上涨,
2019-06-11,油价调整,
2019-06-11,汽油涨价,
2019-06-11,柴油涨价,
2019-06-11,通胀,
2019-06-11,物流成本,
2019-06-12,油价上涨,
2019-06-12,油价调整,
2019-06-12,汽油涨价,
2019-06-12,柴油涨价,
2019-06-12,通胀,
2019-06-12,物流成本,
2019-06-13,油价上涨,
2019-06-13,油价调整,
2019-06-13,汽油涨价,
2019-06-13,柴油涨价,
2019-06-13,通胀,
2019-06-13,物流成本,
2019-06-14,油价上涨,
2019-06-14,油价调整,
2019-06-14,汽油涨价,
2019-06-14,柴油涨价,
2019-06-14,通胀,
2019-06-14,物流成本,
2019-06-15,油价上涨,
2019-06-15,油价调整,
2019-06-15,汽油涨价,
2019-06-15,柴油涨价,
2019-06-15,通胀,
2019-06-15,物流成本,
2019-06-16,油价上涨,
2019-06-16,油价调整,
2019-06-16,汽油涨价,
2019-06-16,柴油涨价,
2019-06-16,通胀,
2019-06-16,物流成本,
2019-06-17,油价上涨,
2019-06-17,油价调整,
2019-06-17,汽油涨价,
2019-06-17,柴油涨价,
2019-06-17,通胀,
2019-06-17,物流成本,
2019-06-18,油价上涨,
2019-06-18,油价调整,
2019-06-18,汽油涨价,
2019-06-18,柴油涨价,
2019-06-18,通胀,
2019-06-18,物流成本,
2019-06-19,油价上涨,
2019-06-19,油价调整,
2019-06-19,汽油涨价,
2019-06-19,柴油涨价,
2019-06-19,通胀,
2019-06-19,物流成本,
2019-06-20,油价上涨,
2019-06-20,油价调整,
2019-06-20,汽油涨价,
2019-06-20,柴油涨价,
2019-06-20,通胀,
2019-06-20,物流成本,
2019-06-21,油价上涨,
2019-06-21,油价调整,
2019-06-21,汽油涨价,
2019-06-21,柴油涨价,
2019-06-21,通胀,
2019-06-21,物流成本,
2019-06-22,油价上涨,
2019-06-22,油价调整,
2019-06-22,汽油涨价,
2019-06-22,柴油涨价,
2019-06-22,通胀,
2019-06-22,物流成本,
2019-06-23,油价上涨,
2019-06-23,油价调整,
2019-06-23,汽油涨价,
2019-06-23,柴油涨价,
2019-06-23,通胀,
2019-06-23,物流成本,
2019-06-24,油价上涨,
2019-06-24,油价调整,
2019-06-24,汽油涨价,
2019-06-24,柴油涨价,
2019-06-24,通胀,
2019-06-24,物流成本,
2019-06-25,油价上涨,
2019-06-25,油价调整,
2019-06-25,汽油涨价,
2019-06-25,柴油涨价,
2019-06-25,通胀,
2019-06-25,物流成本,
2019-06-26,油价上涨,
2019-06-26,油价调整,
2019-06-26,汽油涨价,
2019-06-26,柴油涨价,
2019-06-26,通胀,
2019-06-26,物流成本,
2019-06-27,油价上涨,
2019-06-27,油价调整,
2019-06-27,汽油涨价,
2019-06-27,柴油涨价,
2019-06-27,通胀,
2019-06-27,物流成本,
2019-06-28,油价上涨,
2019-06-28,油价调整,
2019-06-28,汽油涨价,
2019-06-28,柴油涨价,
2019-06-28,通胀,
2019-06-28,物流成本,
2019-06-29,油价上涨,
2019-06-29,油价调整,
2019-06-29,汽油涨价,
2019-06-29,柴油涨价,
2019-06-29,通胀,
2019-06-29,物流成本,
2019-06-30,油价上涨,
2019-06-30,油价调整,
2019-06-30,汽油涨价,
2019-06-30,柴油涨价,
2019-06-30,通胀,
2019-06-30,物流成本,
2019-07-01,油价上涨,
2019-07-01,油价调整,
2019-07-01,汽油涨价,
2019-07-01,柴油涨价,
2019-07-01,通胀,
2019-07-01,物流成本,
2019-07-02,油价上涨,
2019-07-02,油价调整,
2019-07-02,汽油涨价,
2019-07-02,柴油涨价,
2019-07-02,通胀,
2019-07-02,物流成本,
2019-07-03,油价上涨,
2019-07-03,油价调整,
2019-07-03,汽油涨价,
2019-07-03,柴油涨价,
2019-07-03,通胀,
2019-07-03,物流成本,
2019-07-04,油价上涨,
2019-07-04,油价调整,
2019-07-04,汽油涨价,
2019-07-04,柴油涨价,
2019-07-04,通胀,
2019-07-04,物流成本,
2019-07-05,油价上涨,
2019-07-05,油价调整,
2019-07-05,汽油涨价,
2019-07-05,柴油涨价,
2019-07-05,通胀,
2019-07-05,物流成本,
2019-07-06,油价上涨,
2019-07-06,油价调整,
2019-07-06,汽油涨价,
2019-07-06,柴油涨价,
2019-07-06,通胀,
2019-07-06,物流成本,
2019-07-07,油价上涨,
2019-07-07,油价调整,
2019-07-07,汽油涨价,
2019-07-07,柴油涨价,
2019-07-07,通胀,
2019-07-07,物流成本,
2019-07-08,油价上涨,
2019-07-08,油价调整,
2019-07-08,汽油涨价,
2019-07-08,柴油涨价,
2019-07-08,通胀,
2019-07-08,物流成本,
2019-07-09,油价上涨,
2019-07-09,油价调整,
2019-07-09,汽油涨价,
2019-07-09,柴油涨价,
2019-07-09,通胀,
2019-07-09,物流成本,
2019-07-10,油价上涨,
2019-07-10,油价调整,
2019-07-10,汽油涨价,
2019-07-10,柴油涨价,
2019-07-10,通胀,
2019-07-10,物流成本,
2019-07-11,油价上涨,
2019-07-11,油价调整,
2019-07-11,汽油涨价,
2019-07-11,柴油涨价,
2019-07-11,通胀,
2019-07-11,物流成本,
2019-07-12,油价上涨,
2019-07-12,油价调整,
2019-07-12,汽油涨价,
2019-07-12,柴油涨价,
2019-07-12,通胀,
2019-07-12,物流成本,
2019-07-13,油价上涨,
2019-07-13,油价调整,
2019-07-13,汽油涨价,
2019-07-13,柴油涨价,
2019-07-13,通胀,
2019-07-13,物流成本,
2019-07-14,油价上涨,
2019-07-14,油价调整,
2019-07-14,汽油涨价,
2019-07-14,柴油涨价,
2019-07-14,通胀,
2019-07-14,物流成本,
2019-07-15,油价上涨,
2019-07-15,油价调整,
2019-07-15,汽油涨价,
2019-07-15,柴油涨价,
2019-07-15,通胀,
2019-07-15,物流成本,
2019-07-16,油价上涨,
2019-07-16,油价调整,
2019-07-16,汽油涨价,
2019-07-16,柴油涨价,
2019-07-16,通胀,
2019-07-16,物流成本,
2019-07-17,油价上涨,
2019-07-17,油价调整,
2019-07-17,汽油涨价,
2019-07-17,柴油涨价,
2019-07-17,通胀,
2019-07-17,物流成本,
2019-07-18,油价上涨,
2019-07-18,油价调整,
2019-07-18,汽油涨价,
2019-07-18,柴油涨价,
2019-07-18,通胀,
2019-07-18,物流成本,
2019-07-19,油价上涨,
2019-07-19,油价调整,
2019-07-19,汽油涨价,
2019-07-19,柴油涨价,
2019-07-19,通胀,
2019-07-19,物流成本,
2019-07-20,油价上涨,
2019-07-20,油价调整,
2019-07-20,汽油涨价,
2019-07-20,柴油涨价,
2019-07-20,通胀,
2019-07-20,物流成本,
2019-07-21,油价上涨,
2019-07-21,油价调整,
2019-07-21,汽油涨价,
2019-07-21,柴油涨价,
2019-07-21,通胀,
2019-07-21,物流成本,
2019-07-22,油价上涨,
2019-07-22,油价调整,
2019-07-22,汽油涨价,
2019-07-22,柴油涨价,
2019-07-22,通胀,
2019-07-22,物流成本,
2019-07-23,油价上涨,
2019-07-23,油价调整,
2019-07-23,汽油涨价,
2019-07-23,柴油涨价,
2019-07-23,通胀,
2019-07-23,物流成本,
2019-07-24,油价上涨,
2019-07-24,油价调整,
2019-07-24,汽油涨价,
2019-07-24,柴油涨价,
2019-07-24,通胀,
2019-07-24,物流成本,
2019-07-25,油价上涨,
2019-07-25,油价调整,
2019-07-25,汽油涨价,
2019-07-25,柴油涨价,
2019-07-25,通胀,
2019-07-25,物流成本,
2019-07-26,油价上涨,
2019-07-26,油价调整,
2019-07-26,汽油涨价,
2019-07-26,柴油涨价,
2019-07-26,通胀,
2019-07-26,物流成本,
2019-07-27,油价上涨,
2019-07-27,油价调整,
2019-07-27,汽油涨价,
2019-07-27,柴油涨价,
2019-07-27,通胀,
2019-07-27,物流成本,
2019-07-28,油价上涨,
2019-07-28,油价调整,
2019-07-28,汽油涨价,
2019-07-28,柴油涨价,
2019-07-28,通胀,
2019-07-28,物流成本,
2019-07-29,油价上涨,
2019-07-29,油价调整,
2019-07-29,汽油涨价,
2019-07-29,柴油涨价,
2019-07-29,通胀,
2019-07-29,物流成本,
2019-07-30,油价上涨,
2019-07-30,油价调整,
2019-07-30,汽油涨价,
2019-07-30,柴油涨价,
2019-07-30,通胀,
2019-07-30,物流成本,
2019-07-31,油价上涨,
2019-07-31,油价调整,
2019-07-31,汽油涨价,
2019-07-31,柴油涨价,
2019-07-31,通胀,
2019-07-31,物流成本,
2019-08-01,油价上涨,
2019-08-01,油价调整,
2019-08-01,汽油涨价,
2019-08-01,柴油涨价,
2019-08-01,通胀,
2019-08-01,物流成本,
2019-08-02,油价上涨,
2019-08-02,油价调整,
2019-08-02,汽油涨价,
2019-08-02,柴油涨价,
2019-08-02,通胀,
2019-08-02,物流成本,
2019-08-03,油价上涨,
2019-08-03,油价调整,
2019-08-03,汽油涨价,
2019-08-03,柴油涨价,
2019-08-03,通胀,
2019-08-03,物流成本,
2019-08-04,油价上涨,
2019-08-04,油价调整,
2019-08-04,汽油涨价,
2019-08-04,柴油涨价,
2019-08-04,通胀,
2019-08-04,物流成本,
2019-08-05,油价上涨,
2019-08-05,油价调整,
2019-08-05,汽油涨价,
2019-08-05,柴油涨价,
2019-08-05,通胀,
2019-08-05,物流成本,
2019-08-06,油价上涨,
2019-08-06,油价调整,
2019-08-06,汽油涨价,
2019-08-06,柴油涨价,
2019-08-06,通胀,
2019-08-06,物流成本,
2019-08-07,油价上涨,
2019-08-07,油价调整,
2019-08-07,汽油涨价,
2019-08-07,柴油涨价,
2019-08-07,通胀,
2019-08-07,物流成本,
2019-08-08,油价上涨,
2019-08-08,油价调整,
2019-08-08,汽油涨价,
2019-08-08,柴油涨价,
2019-08-08,通胀,
2019-08-08,物流成本,
2019-08-09,油价上涨,
2019-08-09,油价调整,
2019-08-09,汽油涨价,
2019-08-09,柴油涨价,
2019-08-09,通胀,
2019-08-09,物流成本,
2019-08-10,油价上涨,
2019-08-10,油价调整,
2019-08-10,汽油涨价,
2019-08-10,柴油涨价,
2019-08-10,通胀,
2019-08-10,物流成本,
2019-08-11,油价上涨,
2019-08-11,油价调整,
2019-08-11,汽油涨价,
2019-08-11,柴油涨价,
2019-08-11,通胀,
2019-08-11,物流成本,
2019-08-12,油价上涨,
2019-08-12,油价调整,
2019-08-12,汽油涨价,
2019-08-12,柴油涨价,
2019-08-12,通胀,
2019-08-12,物流成本,
2019-08-13,油价上涨,
2019-08-13,油价调整,
2019-08-13,汽油涨价,
2019-08-13,柴油涨价,
2019-08-13,通胀,
2019-08-13,物流成本,
2019-08-14,油价上涨,
2019-08-14,油价调整,
2019-08-14,汽油涨价,
2019-08-14,柴油涨价,
2019-08-14,通胀,
2019-08-14,物流成本,
2019-08-15,油价上涨,
2019-08-15,油价调整,
2019-08-15,汽油涨价,
2019-08-15,柴油涨价,
2019-08-15,通胀,
2019-08-15,物流成本,
2019-08-16,油价上涨,
2019-08-16,油价调整,
2019-08-16,汽油涨价,
2019-08-16,柴油涨价,
2019-08-16,通胀,
2019-08-16,物流成本,
2019-08-17,油价上涨,
2019-08-17,油价调整,
2019-08-17,汽油涨价,
2019-08-17,柴油涨价,
2019-08-17,通胀,
2019-08-17,物流成本,
2019-08-18,油价上涨,
2019-08-18,油价调整,
2019-08-18,汽油涨价,
2019-08-18,柴油涨价,
2019-08-18,通胀,
2019-08-18,物流成本,
2019-08-19,油价上涨,
2019-08-19,油价调整,
2019-08-19,汽油涨价,
2019-08-19,柴油涨价,
2019-08-19,通胀,
2019-08-19,物流成本,
2019-08-20,油价上涨,
2019-08-20,油价调整,
2019-08-20,汽油涨价,
2019-08-20,柴油涨价,
2019-08-20,通胀,
2019-08-20,物流成本,
2019-08-21,油价上涨,
2019-08-21,油价调整,
2019-08-21,汽油涨价,
2019-08-21,柴油涨价,
2019-08-21,通胀,
2019-08-21,物流成本,
2019-08-22,油价上涨,
2019-08-22,油价调整,
2019-08-22,汽油涨价,
2019-08-22,柴油涨价,
2019-08-22,通胀,
2019-08-22,物流成本,
2019-08-23,油价上涨,
2019-08-23,油价调整,
2019-08-23,汽油涨价,
2019-08-23,柴油涨价,
2019-08-23,通胀,
2019-08-23,物流成本,
2019-08-24,油价上涨,
2019-08-24,油价调整,
2019-08-24,汽油涨价,
2019-08-24,柴油涨价,
2019-08-24,通胀,
2019-08-24,物流成本,
2019-08-25,油价上涨,
2019-08-25,油价调整,
2019-08-25,汽油涨价,
2019-08-25,柴油涨价,
2019-08-25,通胀,
2019-08-25,物流成本,
2019-08-26,油价上涨,
2019-08-26,油价调整,
2019-08-26,汽油涨价,
2019-08-26,柴油涨价,
2019-08-26,通胀,
2019-08-26,物流成本,
2019-08-27,油价上涨,
2019-08-27,油价调整,
2019-08-27,汽油涨价,
2019-08-27,柴油涨价,
2019-08-27,通胀,
2019-08-27,物流成本,
2019-08-28,油价上涨,
2019-08-28,油价调整,
2019-08-28,汽油涨价,
2019-08-28,柴油涨价,
2019-08-28,通胀,
2019-08-28,物流成本,
2019-08-29,油价上涨,
2019-08-29,油价调整,
2019-08-29,汽油涨价,
2019-08-29,柴油涨价,
2019-08-29,通胀,
2019-08-29,物流成本,
2019-08-30,油价上涨,
2019-08-30,油价调整,
2019-08-30,汽油涨价,
2019-08-30,柴油涨价,
2019-08-30,通胀,
2019-08-30,物流成本,
2019-08-31,油价上涨,
2019-08-31,油价调整,
2019-08-31,汽油涨价,
2019-08-31,柴油涨价,
2019-08-31,通胀,
2019-08-31,物流成本,
2019-09-01,油价上涨,
2019-09-01,油价调整,
2019-09-01,汽油涨价,
2019-09-01,柴油涨价,
2019-09-01,通胀,
2019-09-01,物流成本,
2019-09-02,油价上涨,
2019-09-02,油价调整,
2019-09-02,汽油涨价,
2019-09-02,柴油涨价,
2019-09-02,通胀,
2019-09-02,物流成本,
2019-09-03,油价上涨,
2019-09-03,油价调整,
2019-09-03,汽油涨价,
2019-09-03,柴油涨价,
2019-09-03,通胀,
2019-09-03,物流成本,
2019-09-04,油价上涨,
2019-09-04,油价调整,
2019-09-04,汽油涨价,
2019-09-04,柴油涨价,
2019-09-04,通胀,
2019-09-04,物流成本,
2019-09-05,油价上涨,
2019-09-05,油价调整,
2019-09-05,汽油涨价,
2019-09-05,柴油涨价,
2019-09-05,通胀,
2019-09-05,物流成本,
2019-09-06,油价上涨,
2019-09-06,油价调整,
2019-09-06,汽油涨价,
2019-09-06,柴油涨价,
2019-09-06,通胀,
2019-09-06,物流成本,
2019-09-07,油价上涨,
2019-09-07,油价调整,
2019-09-07,汽油涨价,
2019-09-07,柴油涨价,
2019-09-07,通胀,
2019-09-07,物流成本,
2019-09-08,油价上涨,
2019-09-08,油价调整,
2019-09-08,汽油涨价,
2019-09-08,柴油涨价,
2019-09-08,通胀,
2019-09-08,物流成本,
2019-09-09,油价上涨,
2019-09-09,油价调整,
2019-09-09,汽油涨价,
2019-09-09,柴油涨价,
2019-09-09,通胀,
2019-09-09,物流成本,
2019-09-10,油价上涨,
2019-09-10,油价调整,
2019-09-10,汽油涨价,
2019-09-10,柴油涨价,
2019-09-10,通胀,
2019-09-10,物流成本,
2019-09-11,油价上涨,
2019-09-11,油价调整,
2019-09-11,汽油涨价,
2019-09-11,柴油涨价,
2019-09-11,通胀,
2019-09-11,物流成本,
2019-09-12,油价上涨,
2019-09-12,油价调整,
2019-09-12,汽油涨价,
2019-09-12,柴油涨价,
2019-09-12,通胀,
2019-09-12,物流成本,
2019-09-13,油价上涨,
2019-09-13,油价调整,
2019-09-13,汽油涨价,
2019-09-13,柴油涨价,
2019-09-13,通胀,
2019-09-13,物流成本,
2019-09-14,油价上涨,
2019-09-14,油价调整,
2019-09-14,汽油涨价,
2019-09-14,柴油涨价,
2019-09-14,通胀,
2019-09-14,物流成本,
2019-09-15,油价上涨,
2019-09-15,油价调整,
2019-09-15,汽油涨价,
2019-09-15,柴油涨价,
2019-09-15,通胀,
2019-09-15,物流成本,
2019-09-16,油价上涨,
2019-09-16,油价调整,
2019-09-16,汽油涨价,
2019-09-16,柴油涨价,
2019-09-16,通胀,
2019-09-16,物流成本,
2019-09-17,油价上涨,
2019-09-17,油价调整,
2019-09-17,汽油涨价,
2019-09-17,柴油涨价,
2019-09-17,通胀,
2019-09-17,物流成本,
2019-09-18,油价上涨,
2019-09-18,油价调整,
2019-09-18,汽油涨价,
2019-09-18,柴油涨价,
2019-09-18,通胀,
2019-09-18,物流成本,
2019-09-19,油价上涨,
2019-09-19,油价调整,
2019-09-19,汽油涨价,
2019-09-19,柴油涨价,
2019-09-19,通胀,
2019-09-19,物流成本,
2019-09-20,油价上涨,
2019-09-20,油价调整,
2019-09-20,汽油涨价,
2019-09-20,柴油涨价,
2019-09-20,通胀,
2019-09-20,物流成本,
2019-09-21,油价上涨,
2019-09-21,油价调整,
2019-09-21,汽油涨价,
2019-09-21,柴油涨价,
2019-09-21,通胀,
2019-09-21,物流成本,
2019-09-22,油价上涨,
2019-09-22,油价调整,
2019-09-22,汽油涨价,
2019-09-22,柴油涨价,
2019-09-22,通胀,
2019-09-22,物流成本,
2019-09-23,油价上涨,
2019-09-23,油价调整,
2019-09-23,汽油涨价,
2019-09-23,柴油涨价,
2019-09-23,通胀,
2019-09-23,物流成本,
2019-09-24,油价上涨,
2019-09-24,油价调整,
2019-09-24,汽油涨价,
2019-09-24,柴油涨价,
2019-09-24,通胀,
2019-09-24,物流成本,
2019-09-25,油价上涨,
2019-09-25,油价调整,
2019-09-25,汽油涨价,
2019-09-25,柴油涨价,
2019-09-25,通胀,
2019-09-25,物流成本,
2019-09-26,油价上涨,
2019-09-26,油价调整,
2019-09-26,汽油涨价,
2019-09-26,柴油涨价,
2019-09-26,通胀,
2019-09-26,物流成本,
2019-09-27,油价上涨,
2019-09-27,油价调整,
2019-09-27,汽油涨价,
2019-09-27,柴油涨价,
2019-09-27,通胀,
2019-09-27,物流成本,
2019-09-28,油价上涨,
2019-09-28,油价调整,
2019-09-28,汽油涨价,
2019-09-28,柴油涨价,
2019-09-28,通胀,
2019-09-28,物流成本,
2019-09-29,油价上涨,
2019-09-29,油价调整,
2019-09-29,汽油涨价,
2019-09-29,柴油涨价,
2019-09-29,通胀,
2019-09-29,物流成本,
2019-09-30,油价上涨,
2019-09-30,油价调整,
2019-09-30,汽油涨价,
2019-09-30,柴油涨价,
2019-09-30,通胀,
2019-09-30,物流成本,
2019-10-01,油价上涨,
2019-10-01,油价调整,
2019-10-01,汽油涨价,
2019-10-01,柴油涨价,
2019-10-01,通胀,
2019-10-01,物流成本,
2019-10-02,油价上涨,
2019-10-02,油价调整,
2019-10-02,汽油涨价,
2019-10-02,柴油涨价,
2019-10-02,通胀,
2019-10-02,物流成本,
2019-10-03,油价上涨,
2019-10-03,油价调整,
2019-10-03,汽油涨价,
2019-10-03,柴油涨价,
2019-10-03,通胀,
2019-10-03,物流成本,
2019-10-04,油价上涨,
2019-10-04,油价调整,
2019-10-04,汽油涨价,
2019-10-04,柴油涨价,
2019-10-04,通胀,
2019-10-04,物流成本,
2019-10-05,油价上涨,
2019-10-05,油价调整,
2019-10-05,汽油涨价,
2019-10-05,柴油涨价,
2019-10-05,通胀,
2019-10-05,物流成本,
2019-10-06,油价上涨,
2019-10-06,油价调整,
2019-10-06,汽油涨价,
2019-10-06,柴油涨价,
2019-10-06,通胀,
2019-10-06,物流成本,
2019-10-07,油价上涨,
2019-10-07,油价调整,
2019-10-07,汽油涨价,
2019-10-07,柴油涨价,
2019-10-07,通胀,
2019-10-07,物流成本,
2019-10-08,油价上涨,
2019-10-08,油价调整,
2019-10-08,汽油涨价,
2019-10-08,柴油涨价,
2019-10-08,通胀,
2019-10-08,物流成本,
2019-10-09,油价上涨,
2019-10-09,油价调整,
2019-10-09,汽油涨价,
2019-10-09,柴油涨价,
2019-10-09,通胀,
2019-10-09,物流成本,
2019-10-10,油价上涨,
2019-10-10,油价调整,
2019-10-10,汽油涨价,
2019-10-10,柴油涨价,
2019-10-10,通胀,
2019-10-10,物流成本,
2019-10-11,油价上涨,
2019-10-11,油价调整,
2019-10-11,汽油涨价,
2019-10-11,柴油涨价,
2019-10-11,通胀,
2019-10-11,物流成本,
2019-10-12,油价上涨,
2019-10-12,油价调整,
2019-10-12,汽油涨价,
2019-10-12,柴油涨价,
2019-10-12,通胀,
2019-10-12,物流成本,
2019-10-13,油价上涨,
2019-10-13,油价调整,
2019-10-13,汽油涨价,
2019-10-13,柴油涨价,
2019-10-13,通胀,
2019-10-13,物流成本,
2019-10-14,油价上涨,
2019-10-14,油价调整,
2019-10-14,汽油涨价,
2019-10-14,柴油涨价,
2019-10-14,通胀,
2019-10-14,物流成本,
2019-10-15,油价上涨,
2019-10-15,油价调整,
2019-10-15,汽油涨价,
2019-10-15,柴油涨价,
2019-10-15,通胀,
2019-10-15,物流成本,
2019-10-16,油价上涨,
2019-10-16,油价调整,
2019-10-16,汽油涨价,
2019-10-16,柴油涨价,
2019-10-16,通胀,
2019-10-16,物流成本,
2019-10-17,油价上涨,
2019-10-17,油价调整,
2019-10-17,汽油涨价,
2019-10-17,柴油涨价,
2019-10-17,通胀,
2019-10-17,物流成本,
2019-10-18,油价上涨,
2019-10-18,油价调整,
2019-10-18,汽油涨价,
2019-10-18,柴油涨价,
2019-10-18,通胀,
2019-10-18,物流成本,
2019-10-19,油价上涨,
2019-10-19,油价调整,
2019-10-19,汽油涨价,
2019-10-19,柴油涨价,
2019-10-19,通胀,
2019-10-19,物流成本,
2019-10-20,油价上涨,
2019-10-20,油价调整,
2019-10-20,汽油涨价,
2019-10-20,柴油涨价,
2019-10-20,通胀,
2019-10-20,物流成本,
2019-10-21,油价上涨,
2019-10-21,油价调整,
2019-10-21,汽油涨价,
2019-10-21,柴油涨价,
2019-10-21,通胀,
2019-10-21,物流成本,
2019-10-22,油价上涨,
2019-10-22,油价调整,
2019-10-22,汽油涨价,
2019-10-22,柴油涨价,
2019-10-22,通胀,
2019-10-22,物流成本,
2019-10-23,油价上涨,
2019-10-23,油价调整,
2019-10-23,汽油涨价,
2019-10-23,柴油涨价,
2019-10-23,通胀,
2019-10-23,物流成本,
2019-10-24,油价上涨,
2019-10-24,油价调整,
2019-10-24,汽油涨价,
2019-10-24,柴油涨价,
2019-10-24,通胀,
2019-10-24,物流成本,
2019-10-25,油价上涨,
2019-10-25,油价调整,
2019-10-25,汽油涨价,
2019-10-25,柴油涨价,
2019-10-25,通胀,
2019-10-25,物流成本,
2019-10-26,油价上涨,
2019-10-26,油价调整,
2019-10-26,汽油涨价,
2019-10-26,柴油涨价,
2019-10-26,通胀,
2019-10-26,物流成本,
2019-10-27,油价上涨,
2019-10-27,油价调整,
2019-10-27,汽油涨价,
2019-10-27,柴油涨价,
2019-10-27,通胀,
2019-10-27,物流成本,
2019-10-28,油价上涨,
2019-10-28,油价调整,
2019-10-28,汽油涨价,
2019-10-28,柴油涨价,
2019-10-28,通胀,
2019-10-28,物流成本,
2019-10-29,油价上涨,
2019-10-29,油价调整,
2019-10-29,汽油涨价,
2019-10-29,柴油涨价,
2019-10-29,通胀,
2019-10-29,物流成本,
2019-10-30,油价上涨,
2019-10-30,油价调整,
2019-10-30,汽油涨价,
2019-10-30,柴油涨价,
2019-10-30,通胀,
2019-10-30,物流成本,
2019-10-31,油价上涨,
2019-10-31,油价调整,
2019-10-31,汽油涨价,
2019-10-31,柴油涨价,
2019-10-31,通胀,
2019-10-31,物流成本,
2019-11-01,油价上涨,
2019-11-01,油价调整,
2019-11-01,汽油涨价,
2019-11-01,柴油涨价,
2019-11-01,通胀,
2019-11-01,物流成本,
2019-11-02,油价上涨,
2019-11-02,油价调整,
2019-11-02,汽油涨价,
2019-11-02,柴油涨价,
2019-11-02,通胀,
2019-11-02,物流成本,
2019-11-03,油价上涨,
2019-11-03,油价调整,
2019-11-03,汽油涨价,
2019-11-03,柴油涨价,
2019-11-03,通胀,
2019-11-03,物流成本,
2019-11-04,油价上涨,
2019-11-04,油价调整,
2019-11-04,汽油涨价,
2019-11-04,柴油涨价,
2019-11-04,通胀,
2019-11-04,物流成本,
2019-11-05,油价上涨,
2019-11-05,油价调整,
2019-11-05,汽油涨价,
2019-11-05,柴油涨价,
2019-11-05,通胀,
2019-11-05,物流成本,
2019-11-06,油价上涨,
2019-11-06,油价调整,
2019-11-06,汽油涨价,
2019-11-06,柴油涨价,
2019-11-06,通胀,
2019-11-06,物流成本,
2019-11-07,油价上涨,
2019-11-07,油价调整,
2019-11-07,汽油涨价,
2019-11-07,柴油涨价,
2019-11-07,通胀,
2019-11-07,物流成本,
2019-11-08,油价上涨,
2019-11-08,油价调整,
2019-11-08,汽油涨价,
2019-11-08,柴油涨价,
2019-11-08,通胀,
2019-11-08,物流成本,
2019-11-09,油价上涨,
2019-11-09,油价调整,
2019-11-09,汽油涨价,
2019-11-09,柴油涨价,
2019-11-09,通胀,
2019-11-09,物流成本,
2019-11-10,油价上涨,
2019-11-10,油价调整,
2019-11-10,汽油涨价,
2019-11-10,柴油涨价,
2019-11-10,通胀,
2019-11-10,物流成本,
2019-11-11,油价上涨,
2019-11-11,油价调整,
2019-11-11,汽油涨价,
2019-11-11,柴油涨价,
2019-11-11,通胀,
2019-11-11,物流成本,
2019-11-12,油价上涨,
2019-11-12,油价调整,
2019-11-12,汽油涨价,
2019-11-12,柴油涨价,
2019-11-12,通胀,
2019-11-12,物流成本,
2019-11-13,油价上涨,
2019-11-13,油价调整,
2019-11-13,汽油涨价,
2019-11-13,柴油涨价,
2019-11-13,通胀,
2019-11-13,物流成本,
2019-11-14,油价上涨,
2019-11-14,油价调整,
2019-11-14,汽油涨价,
2019-11-14,柴油涨价,
2019-11-14,通胀,
2019-11-14,物流成本,
2019-11-15,油价上涨,
2019-11-15,油价调整,
2019-11-15,汽油涨价,
2019-11-15,柴油涨价,
2019-11-15,通胀,
2019-11-15,物流成本,
2019-11-16,油价上涨,
2019-11-16,油价调整,
2019-11-16,汽油涨价,
2019-11-16,柴油涨价,
2019-11-16,通胀,
2019-11-16,物流成本,
2019-11-17,油价上涨,
2019-11-17,油价调整,
2019-11-17,汽油涨价,
2019-11-17,柴油涨价,
2019-11-17,通胀,
2019-11-17,物流成本,
2019-11-18,油价上涨,
2019-11-18,油价调整,
2019-11-18,汽油涨价,
2019-11-18,柴油涨价,
2019-11-18,通胀,
2019-11-18,物流成本,
2019-11-19,油价上涨,
2019-11-19,油价调整,
2019-11-19,汽油涨价,
2019-11-19,柴油涨价,
2019-11-19,通胀,
2019-11-19,物流成本,
2019-11-20,油价上涨,
2019-11-20,油价调整,
2019-11-20,汽油涨价,
2019-11-20,柴油涨价,
2019-11-20,通胀,
2019-11-20,物流成本,
2019-11-21,油价上涨,
2019-11-21,油价调整,
2019-11-21,汽油涨价,
2019-11-21,柴油涨价,
2019-11-21,通胀,
2019-11-21,物流成本,
2019-11-22,油价上涨,
2019-11-22,油价调整,
2019-11-22,汽油涨价,
2019-11-22,柴油涨价,
2019-11-22,通胀,
2019-11-22,物流成本,
2019-11-23,油价上涨,
2019-11-23,油价调整,
2019-11-23,汽油涨价,
2019-11-23,柴油涨价,
2019-11-23,通胀,
2019-11-23,物流成本,
2019-11-24,油价上涨,
2019-11-24,油价调整,
2019-11-24,汽油涨价,
2019-11-24,柴油涨价,
2019-11-24,通胀,
2019-11-24,物流成本,
2019-11-25,油价上涨,
2019-11-25,油价调整,
2019-11-25,汽油涨价,
2019-11-25,柴油涨价,
2019-11-25,通胀,
2019-11-25,物流成本,
2019-11-26,油价上涨,
2019-11-26,油价调整,
2019-11-26,汽油涨价,
2019-11-26,柴油涨价,
2019-11-26,通胀,
2019-11-26,物流成本,
2019-11-27,油价上涨,
2019-11-27,油价调整,
2019-11-27,汽油涨价,
2019-11-27,柴油涨价,
2019-11-27,通胀,
2019-11-27,物流成本,
2019-11-28,油价上涨,
2019-11-28,油价调整,
2019-11-28,汽油涨价,
2019-11-28,柴油涨价,
2019-11-28,通胀,
2019-11-28,物流成本,
2019-11-29,油价上涨,
2019-11-29,油价调整,
2019-11-29,汽油涨价,
2019-11-29,柴油涨价,
2019-11-29,通胀,
2019-11-29,物流成本,
2019-11-30,油价上涨,
2019-11-30,油价调整,
2019-11-30,汽油涨价,
2019-11-30,柴油涨价,
2019-11-30,通胀,
2019-11-30,物流成本,
2019-12-01,油价上涨,
2019-12-01,油价调整,
2019-12-01,汽油涨价,
2019-12-01,柴油涨价,
2019-12-01,通胀,
2019-12-01,物流成本,
2019-12-02,油价上涨,
2019-12-02,油价调整,
2019-12-02,汽油涨价,
2019-12-02,柴油涨价,
2019-12-02,通胀,
2019-12-02,物流成本,
2019-12-03,油价上涨,
2019-12-03,油价调整,
2019-12-03,汽油涨价,
2019-12-03,柴油涨价,
2019-12-03,通胀,
2019-12-03,物流成本,
2019-12-04,油价上涨,
2019-12-04,油价调整,
2019-12-04,汽油涨价,
2019-12-04,柴油涨价,
2019-12-04,通胀,
2019-12-04,物流成本,
2019-12-05,油价上涨,
2019-12-05,油价调整,
2019-12-05,汽油涨价,
2019-12-05,柴油涨价,
2019-12-05,通胀,
2019-12-05,物流成本,
2019-12-06,油价上涨,
2019-12-06,油价调整,
2019-12-06,汽油涨价,
2019-12-06,柴油涨价,
2019-12-06,通胀,
2019-12-06,物流成本,
2019-12-07,油价上涨,
2019-12-07,油价调整,
2019-12-07,汽油涨价,
2019-12-07,柴油涨价,
2019-12-07,通胀,
2019-12-07,物流成本,
2019-12-08,油价上涨,
2019-12-08,油价调整,
2019-12-08,汽油涨价,
2019-12-08,柴油涨价,
2019-12-08,通胀,
2019-12-08,物流成本,
2019-12-09,油价上涨,
2019-12-09,油价调整,
2019-12-09,汽油涨价,
2019-12-09,柴油涨价,
2019-12-09,通胀,
2019-12-09,物流成本,
2019-12-10,油价上涨,
2019-12-10,油价调整,
2019-12-10,汽油涨价,
2019-12-10,柴油涨价,
2019-12-10,通胀,
2019-12-10,物流成本,
2019-12-11,油价上涨,
2019-12-11,油价调整,
2019-12-11,汽油涨价,
2019-12-11,柴油涨价,
2019-12-11,通胀,
2019-12-11,物流成本,
2019-12-12,油价上涨,
2019-12-12,油价调整,
2019-12-12,汽油涨价,
2019-12-12,柴油涨价,
2019-12-12,通胀,
2019-12-12,物流成本,
2019-12-13,油价上涨,
2019-12-13,油价调整,
2019-12-13,汽油涨价,
2019-12-13,柴油涨价,
2019-12-13,通胀,
2019-12-13,物流成本,
2019-12-14,油价上涨,
2019-12-14,油价调整,
2019-12-14,汽油涨价,
2019-12-14,柴油涨价,
2019-12-14,通胀,
2019-12-14,物流成本,
2019-12-15,油价上涨,
2019-12-15,油价调整,
2019-12-15,汽油涨价,
2019-12-15,柴油涨价,
2019-12-15,通胀,
2019-12-15,物流成本,
2019-12-16,油价上涨,
2019-12-16,油价调整,
2019-12-16,汽油涨价,
2019-12-16,柴油涨价,
2019-12-16,通胀,
2019-12-16,物流成本,
2019-12-17,油价上涨,
2019-12-17,油价调整,
2019-12-17,汽油涨价,
2019-12-17,柴油涨价,
2019-12-17,通胀,
2019-12-17,物流成本,
2019-12-18,油价上涨,
2019-12-18,油价调整,
2019-12-18,汽油涨价,
2019-12-18,柴油涨价,
2019-12-18,通胀,
2019-12-18,物流成本,
2019-12-19,油价上涨,
2019-12-19,油价调整,
2019-12-19,汽油涨价,
2019-12-19,柴油涨价,
2019-12-19,通胀,
2019-12-19,物流成本,
2019-12-20,油价上涨,
2019-12-20,油价调整,
2019-12-20,汽油涨价,
2019-12-20,柴油涨价,
2019-12-20,通胀,
2019-12-20,物流成本,
2019-12-21,油价上涨,
2019-12-21,油价调整,
2019-12-21,汽油涨价,
2019-12-21,柴油涨价,
2019-12-21,通胀,
2019-12-21,物流成本,
2019-12-22,油价上涨,
2019-12-22,油价调整,
2019-12-22,汽油涨价,
2019-12-22,柴油涨价,
2019-12-22,通胀,
2019-12-22,物流成本,
2019-12-23,油价上涨,
2019-12-23,油价调整,
2019-12-23,汽油涨价,
2019-12-23,柴油涨价,
2019-12-23,通胀,
2019-12-23,物流成本,
2019-12-24,油价上涨,
2019-12-24,油价调整,
2019-12-24,汽油涨价,
2019-12-24,柴油涨价,
2019-12-24,通胀,
2019-12-24,物流成本,
2019-12-25,油价上涨,
2019-12-25,油价调整,
2019-12-25,汽油涨价,
2019-12-25,柴油涨价,
2019-12-25,通胀,
2019-12-25,物流成本,
2019-12-26,油价上涨,
2019-12-26,油价调整,
2019-12-26,汽油涨价,
2019-12-26,柴油涨价,
2019-12-26,通胀,
2019-12-26,物流成本,
2019-12-27,油价上涨,
2019-12-27,油价调整,
2019-12-27,汽油涨价,
2019-12-27,柴油涨价,
2019-12-27,通胀,
2019-12-27,物流成本,
2019-12-28,油价上涨,
2019-12-28,油价调整,
2019-12-28,汽油涨价,
2019-12-28,柴油涨价,
2019-12-28,通胀,
2019-12-28,物流成本,
2019-12-29,油价上涨,
2019-12-29,油价调整,
2019-12-29,汽油涨价,
2019-12-29,柴油涨价,
2019-12-29,通胀,
2019-12-29,物流成本,
2019-12-30,油价上涨,
2019-12-30,油价调整,
2019-12-30,汽油涨价,
2019-12-30,柴油涨价,
2019-12-30,通胀,
2019-12-30,物流成本,
2019-12-31,油价上涨,
2019-12-31,油价调整,
2019-12-31,汽油涨价,
2019-12-31,柴油涨价,
2019-12-31,通胀,
2019-12-31,物流成本,
2020-01-01,油价上涨,
2020-01-01,油价调整,
2020-01-01,汽油涨价,
2020-01-01,柴油涨价,
2020-01-01,通胀,
2020-01-01,物流成本,
2020-01-02,油价上涨,
2020-01-02,油价调整,
2020-01-02,汽油涨价,
2020-01-02,柴油涨价,
2020-01-02,通胀,
2020-01-02,物流成本,
2020-01-03,油价上涨,
2020-01-03,油价调整,
2020-01-03,汽油涨价,
2020-01-03,柴油涨价,
2020-01-03,通胀,
2020-01-03,物流成本,
2020-01-04,油价上涨,
2020-01-04,油价调整,
2020-01-04,汽油涨价,
2020-01-04,柴油涨价,
2020-01-04,通胀,
2020-01-04,物流成本,
2020-01-05,油价上涨,
2020-01-05,油价调整,
2020-01-05,汽油涨价,
2020-01-05,柴油涨价,
2020-01-05,通胀,
2020-01-05,物流成本,
2020-01-06,油价上涨,
2020-01-06,油价调整,
2020-01-06,汽油涨价,
2020-01-06,柴油涨价,
2020-01-06,通胀,
2020-01-06,物流成本,
2020-01-07,油价上涨,
2020-01-07,油价调整,
2020-01-07,汽油涨价,
2020-01-07,柴油涨价,
2020-01-07,通胀,
2020-01-07,物流成本,
2020-01-08,油价上涨,
2020-01-08,油价调整,
2020-01-08,汽油涨价,
2020-01-08,柴油涨价,
2020-01-08,通胀,
2020-01-08,物流成本,
2020-01-09,油价上涨,
2020-01-09,油价调整,
2020-01-09,汽油涨价,
2020-01-09,柴油涨价,
2020-01-09,通胀,
2020-01-09,物流成本,
2020-01-10,油价上涨,
2020-01-10,油价调整,
2020-01-10,汽油涨价,
2020-01-10,柴油涨价,
2020-01-10,通胀,
2020-01-10,物流成本,
2020-01-11,油价上涨,
2020-01-11,油价调整,
2020-01-11,汽油涨价,
2020-01-11,柴油涨价,
2020-01-11,通胀,
2020-01-11,物流成本,
2020-01-12,油价上涨,
2020-01-12,油价调整,
2020-01-12,汽油涨价,
2020-01-12,柴油涨价,
2020-01-12,通胀,
2020-01-12,物流成本,
2020-01-13,油价上涨,
2020-01-13,油价调整,
2020-01-13,汽油涨价,
2020-01-13,柴油涨价,
2020-01-13,通胀,
2020-01-13,物流成本,
2020-01-14,油价上涨,
2020-01-14,油价调整,
2020-01-14,汽油涨价,
2020-01-14,柴油涨价,
2020-01-14,通胀,
2020-01-14,物流成本,
2020-01-15,油价上涨,
2020-01-15,油价调整,
2020-01-15,汽油涨价,
2020-01-15,柴油涨价,
2020-01-15,通胀,
2020-01-15,物流成本,
2020-01-16,油价上涨,
2020-01-16,油价调整,
2020-01-16,汽油涨价,
2020-01-16,柴油涨价,
2020-01-16,通胀,
2020-01-16,物流成本,
2020-01-17,油价上涨,
2020-01-17,油价调整,
2020-01-17,汽油涨价,
2020-01-17,柴油涨价,
2020-01-17,通胀,
2020-01-17,物流成本,
2020-01-18,油价上涨,
2020-01-18,油价调整,
2020-01-18,汽油涨价,
2020-01-18,柴油涨价,
2020-01-18,通胀,
2020-01-18,物流成本,
2020-01-19,油价上涨,
2020-01-19,油价调整,
2020-01-19,汽油涨价,
2020-01-19,柴油涨价,
2020-01-19,通胀,
2020-01-19,物流成本,
2020-01-20,油价上涨,
2020-01-20,油价调整,
2020-01-20,汽油涨价,
2020-01-20,柴油涨价,
2020-01-20,通胀,
2020-01-20,物流成本,
2020-01-21,油价上涨,
2020-01-21,油价调整,
2020-01-21,汽油涨价,
2020-01-21,柴油涨价,
2020-01-21,通胀,
2020-01-21,物流成本,
2020-01-22,油价上涨,
2020-01-22,油价调整,
2020-01-22,汽油涨价,
2020-01-22,柴油涨价,
2020-01-22,通胀,
2020-01-22,物流成本,
2020-01-23,油价上涨,
2020-01-23,油价调整,
2020-01-23,汽油涨价,
2020-01-23,柴油涨价,
2020-01-23,通胀,
2020-01-23,物流成本,
2020-01-24,油价上涨,
2020-01-24,油价调整,
2020-01-24,汽油涨价,
2020-01-24,柴油涨价,
2020-01-24,通胀,
2020-01-24,物流成本,
2020-01-25,油价上涨,
2020-01-25,油价调整,
2020-01-25,汽油涨价,
2020-01-25,柴油涨价,
2020-01-25,通胀,
2020-01-25,物流成本,
2020-01-26,油价上涨,
2020-01-26,油价调整,
2020-01-26,汽油涨价,
2020-01-26,柴油涨价,
2020-01-26,通胀,
2020-01-26,物流成本,
2020-01-27,油价上涨,
2020-01-27,油价调整,
2020-01-27,汽油涨价,
2020-01-27,柴油涨价,
2020-01-27,通胀,
2020-01-27,物流成本,
2020-01-28,油价上涨,
2020-01-28,油价调整,
2020-01-28,汽油涨价,
2020-01-28,柴油涨价,
2020-01-28,通胀,
2020-01-28,物流成本,
2020-01-29,油价上涨,
2020-01-29,油价调整,
2020-01-29,汽油涨价,
2020-01-29,柴油涨价,
2020-01-29,通胀,
2020-01-29,物流成本,
2020-01-30,油价上涨,
2020-01-30,油价调整,
2020-01-30,汽油涨价,
2020-01-30,柴油涨价,
2020-01-30,通胀,
2020-01-30,物流成本,
2020-01-31,油价上涨,
2020-01-31,油价调整,
2020-01-31,汽油涨价,
2020-01-31,柴油涨价,
2020-01-31,通胀,
2020-01-31,物流成本,
2020-02-01,油价上涨,
2020-02-01,油价调整,
2020-02-01,汽油涨价,
2020-02-01,柴油涨价,
2020-02-01,通胀,
2020-02-01,物流成本,
2020-02-02,油价上涨,
2020-02-02,油价调整,
2020-02-02,汽油涨价,
2020-02-02,柴油涨价,
2020-02-02,通胀,
2020-02-02,物流成本,
2020-02-03,油价上涨,
2020-02-03,油价调整,
2020-02-03,汽油涨价,
2020-02-03,柴油涨价,
2020-02-03,通胀,
2020-02-03,物流成本,
2020-02-04,油价上涨,
2020-02-04,油价调整,
2020-02-04,汽油涨价,
2020-02-04,柴油涨价,
2020-02-04,通胀,
2020-02-04,物流成本,
2020-02-05,油价上涨,
2020-02-05,油价调整,
2020-02-05,汽油涨价,
2020-02-05,柴油涨价,
2020-02-05,通胀,
2020-02-05,物流成本,
2020-02-06,油价上涨,
2020-02-06,油价调整,
2020-02-06,汽油涨价,
2020-02-06,柴油涨价,
2020-02-06,通胀,
2020-02-06,物流成本,
2020-02-07,油价上涨,
2020-02-07,油价调整,
2020-02-07,汽油涨价,
2020-02-07,柴油涨价,
2020-02-07,通胀,
2020-02-07,物流成本,
2020-02-08,油价上涨,
2020-02-08,油价调整,
2020-02-08,汽油涨价,
2020-02-08,柴油涨价,
2020-02-08,通胀,
2020-02-08,物流成本,
2020-02-09,油价上涨,
2020-02-09,油价调整,
2020-02-09,汽油涨价,
2020-02-09,柴油涨价,
2020-02-09,通胀,
2020-02-09,物流成本,
2020-02-10,油价上涨,
2020-02-10,油价调整,
2020-02-10,汽油涨价,
2020-02-10,柴油涨价,
2020-02-10,通胀,
2020-02-10,物流成本,
2020-02-11,油价上涨,
2020-02-11,油价调整,
2020-02-11,汽油涨价,
2020-02-11,柴油涨价,
2020-02-11,通胀,
2020-02-11,物流成本,
2020-02-12,油价上涨,
2020-02-12,油价调整,
2020-02-12,汽油涨价,
2020-02-12,柴油涨价,
2020-02-12,通胀,
2020-02-12,物流成本,
2020-02-13,油价上涨,
2020-02-13,油价调整,
2020-02-13,汽油涨价,
2020-02-13,柴油涨价,
2020-02-13,通胀,
2020-02-13,物流成本,
2020-02-14,油价上涨,
2020-02-14,油价调整,
2020-02-14,汽油涨价,
2020-02-14,柴油涨价,
2020-02-14,通胀,
2020-02-14,物流成本,
2020-02-15,油价上涨,
2020-02-15,油价调整,
2020-02-15,汽油涨价,
2020-02-15,柴油涨价,
2020-02-15,通胀,
2020-02-15,物流成本,
2020-02-16,油价上涨,
2020-02-16,油价调整,
2020-02-16,汽油涨价,
2020-02-16,柴油涨价,
2020-02-16,通胀,
2020-02-16,物流成本,
2020-02-17,油价上涨,
2020-02-17,油价调整,
2020-02-17,汽油涨价,
2020-02-17,柴油涨价,
2020-02-17,通胀,
2020-02-17,物流成本,
2020-02-18,油价上涨,
2020-02-18,油价调整,
2020-02-18,汽油涨价,
2020-02-18,柴油涨价,
2020-02-18,通胀,
2020-02-18,物流成本,
2020-02-19,油价上涨,
2020-02-19,油价调整,
2020-02-19,汽油涨价,
2020-02-19,柴油涨价,
2020-02-19,通胀,
2020-02-19,物流成本,
2020-02-20,油价上涨,
2020-02-20,油价调整,
2020-02-20,汽油涨价,
2020-02-20,柴油涨价,
2020-02-20,通胀,
2020-02-20,物流成本,
2020-02-21,油价上涨,
2020-02-21,油价调整,
2020-02-21,汽油涨价,
2020-02-21,柴油涨价,
2020-02-21,通胀,
2020-02-21,物流成本,
2020-02-22,油价上涨,
2020-02-22,油价调整,
2020-02-22,汽油涨价,
2020-02-22,柴油涨价,
2020-02-22,通胀,
2020-02-22,物流成本,
2020-02-23,油价上涨,
2020-02-23,油价调整,
2020-02-23,汽油涨价,
2020-02-23,柴油涨价,
2020-02-23,通胀,
2020-02-23,物流成本,
2020-02-24,油价上涨,
2020-02-24,油价调整,
2020-02-24,汽油涨价,
2020-02-24,柴油涨价,
2020-02-24,通胀,
2020-02-24,物流成本,
2020-02-25,油价上涨,
2020-02-25,油价调整,
2020-02-25,汽油涨价,
2020-02-25,柴油涨价,
2020-02-25,通胀,
2020-02-25,物流成本,
2020-02-26,油价上涨,
2020-02-26,油价调整,
2020-02-26,汽油涨价,
2020-02-26,柴油涨价,
2020-02-26,通胀,
2020-02-26,物流成本,
2020-02-27,油价上涨,
2020-02-27,油价调整,
2020-02-27,汽油涨价,
2020-02-27,柴油涨价,
2020-02-27,通胀,
2020-02-27,物流成本,
2020-02-28,油价上涨,
2020-02-28,油价调整,
2020-02-28,汽油涨价,
2020-02-28,柴油涨价,
2020-02-28,通胀,
2020-02-28,物流成本,
2020-02-29,油价上涨,
2020-02-29,油价调整,
2020-02-29,汽油涨价,
2020-02-29,柴油涨价,
2020-02-29,通胀,
2020-02-29,物流成本,
2020-03-01,油价上涨,
2020-03-01,油价调整,
2020-03-01,汽油涨价,
2020-03-01,柴油涨价,
2020-03-01,通胀,
2020-03-01,物流成本,
2020-03-02,油价上涨,
2020-03-02,油价调整,
2020-03-02,汽油涨价,
2020-03-02,柴油涨价,
2020-03-02,通胀,
2020-03-02,物流成本,
2020-03-03,油价上涨,
2020-03-03,油价调整,
2020-03-03,汽油涨价,
2020-03-03,柴油涨价,
2020-03-03,通胀,
2020-03-03,物流成本,
2020-03-04,油价上涨,
2020-03-04,油价调整,
2020-03-04,汽油涨价,
2020-03-04,柴油涨价,
2020-03-04,通胀,
2020-03-04,物流成本,
2020-03-05,油价上涨,
2020-03-05,油价调整,
2020-03-05,汽油涨价,
2020-03-05,柴油涨价,
2020-03-05,通胀,
2020-03-05,物流成本,
2020-03-06,油价上涨,
2020-03-06,油价调整,
2020-03-06,汽油涨价,
2020-03-06,柴油涨价,
2020-03-06,通胀,
2020-03-06,物流成本,
2020-03-07,油价上涨,
2020-03-07,油价调整,
2020-03-07,汽油涨价,
2020-03-07,柴油涨价,
2020-03-07,通胀,
2020-03-07,物流成本,
2020-03-08,油价上涨,
2020-03-08,油价调整,
2020-03-08,汽油涨价,
2020-03-08,柴油涨价,
2020-03-08,通胀,
2020-03-08,物流成本,
2020-03-09,油价上涨,
2020-03-09,油价调整,
2020-03-09,汽油涨价,
2020-03-09,柴油涨价,
2020-03-09,通胀,
2020-03-09,物流成本,
2020-03-10,油价上涨,
2020-03-10,油价调整,
2020-03-10,汽油涨价,
2020-03-10,柴油涨价,
2020-03-10,通胀,
2020-03-10,物流成本,
2020-03-11,油价上涨,
2020-03-11,油价调整,
2020-03-11,汽油涨价,
2020-03-11,柴油涨价,
2020-03-11,通胀,
2020-03-11,物流成本,
2020-03-12,油价上涨,
2020-03-12,油价调整,
2020-03-12,汽油涨价,
2020-03-12,柴油涨价,
2020-03-12,通胀,
2020-03-12,物流成本,
2020-03-13,油价上涨,
2020-03-13,油价调整,
2020-03-13,汽油涨价,
2020-03-13,柴油涨价,
2020-03-13,通胀,
2020-03-13,物流成本,
2020-03-14,油价上涨,
2020-03-14,油价调整,
2020-03-14,汽油涨价,
2020-03-14,柴油涨价,
2020-03-14,通胀,
2020-03-14,物流成本,
2020-03-15,油价上涨,
2020-03-15,油价调整,
2020-03-15,汽油涨价,
2020-03-15,柴油涨价,
2020-03-15,通胀,
2020-03-15,物流成本,
2020-03-16,油价上涨,
2020-03-16,油价调整,
2020-03-16,汽油涨价,
2020-03-16,柴油涨价,
2020-03-16,通胀,
2020-03-16,物流成本,
2020-03-17,油价上涨,
2020-03-17,油价调整,
2020-03-17,汽油涨价,
2020-03-17,柴油涨价,
2020-03-17,通胀,
2020-03-17,物流成本,
2020-03-18,油价上涨,
2020-03-18,油价调整,
2020-03-18,汽油涨价,
2020-03-18,柴油涨价,
2020-03-18,通胀,
2020-03-18,物流成本,
2020-03-19,油价上涨,
2020-03-19,油价调整,
2020-03-19,汽油涨价,
2020-03-19,柴油涨价,
2020-03-19,通胀,
2020-03-19,物流成本,
2020-03-20,油价上涨,
2020-03-20,油价调整,
2020-03-20,汽油涨价,
2020-03-20,柴油涨价,
2020-03-20,通胀,
2020-03-20,物流成本,
2020-03-21,油价上涨,
2020-03-21,油价调整,
2020-03-21,汽油涨价,
2020-03-21,柴油涨价,
2020-03-21,通胀,
2020-03-21,物流成本,
2020-03-22,油价上涨,
2020-03-22,油价调整,
2020-03-22,汽油涨价,
2020-03-22,柴油涨价,
2020-03-22,通胀,
2020-03-22,物流成本,
2020-03-23,油价上涨,
2020-03-23,油价调整,
2020-03-23,汽油涨价,
2020-03-23,柴油涨价,
2020-03-23,通胀,
2020-03-23,物流成本,
2020-03-24,油价上涨,
2020-03-24,油价调整,
2020-03-24,汽油涨价,
2020-03-24,柴油涨价,
2020-03-24,通胀,
2020-03-24,物流成本,
2020-03-25,油价上涨,
2020-03-25,油价调整,
2020-03-25,汽油涨价,
2020-03-25,柴油涨价,
2020-03-25,通胀,
2020-03-25,物流成本,
2020-03-26,油价上涨,
2020-03-26,油价调整,
2020-03-26,汽油涨价,
2020-03-26,柴油涨价,
2020-03-26,通胀,
2020-03-26,物流成本,
2020-03-27,油价上涨,
2020-03-27,油价调整,
2020-03-27,汽油涨价,
2020-03-27,柴油涨价,
2020-03-27,通胀,
2020-03-27,物流成本,
2020-03-28,油价上涨,
2020-03-28,油价调整,
2020-03-28,汽油涨价,
2020-03-28,柴油涨价,
2020-03-28,通胀,
2020-03-28,物流成本,
2020-03-29,油价上涨,
2020-03-29,油价调整,
2020-03-29,汽油涨价,
2020-03-29,柴油涨价,
2020-03-29,通胀,
2020-03-29,物流成本,
2020-03-30,油价上涨,
2020-03-30,油价调整,
2020-03-30,汽油涨价,
2020-03-30,柴油涨价,
2020-03-30,通胀,
2020-03-30,物流成本,
2020-03-31,油价上涨,
2020-03-31,油价调整,
2020-03-31,汽油涨价,
2020-03-31,柴油涨价,
2020-03-31,通胀,
2020-03-31,物流成本,
2020-04-01,油价上涨,
2020-04-01,油价调整,
2020-04-01,汽油涨价,
2020-04-01,柴油涨价,
2020-04-01,通胀,
2020-04-01,物流成本,
2020-04-02,油价上涨,
2020-04-02,油价调整,
2020-04-02,汽油涨价,
2020-04-02,柴油涨价,
2020-04-02,通胀,
2020-04-02,物流成本,
2020-04-03,油价上涨,
2020-04-03,油价调整,
2020-04-03,汽油涨价,
2020-04-03,柴油涨价,
2020-04-03,通胀,
2020-04-03,物流成本,
2020-04-04,油价上涨,
2020-04-04,油价调整,
2020-04-04,汽油涨价,
2020-04-04,柴油涨价,
2020-04-04,通胀,
2020-04-04,物流成本,
2020-04-05,油价上涨,
2020-04-05,油价调整,
2020-04-05,汽油涨价,
2020-04-05,柴油涨价,
2020-04-05,通胀,
2020-04-05,物流成本,
2020-04-06,油价上涨,
2020-04-06,油价调整,
2020-04-06,汽油涨价,
2020-04-06,柴油涨价,
2020-04-06,通胀,
2020-04-06,物流成本,
2020-04-07,油价上涨,
2020-04-07,油价调整,
2020-04-07,汽油涨价,
2020-04-07,柴油涨价,
2020-04-07,通胀,
2020-04-07,物流成本,
2020-04-08,油价上涨,
2020-04-08,油价调整,
2020-04-08,汽油涨价,
2020-04-08,柴油涨价,
2020-04-08,通胀,
2020-04-08,物流成本,
2020-04-09,油价上涨,
2020-04-09,油价调整,
2020-04-09,汽油涨价,
2020-04-09,柴油涨价,
2020-04-09,通胀,
2020-04-09,物流成本,
2020-04-10,油价上涨,
2020-04-10,油价调整,
2020-04-10,汽油涨价,
2020-04-10,柴油涨价,
2020-04-10,通胀,
2020-04-10,物流成本,
2020-04-11,油价上涨,
2020-04-11,油价调整,
2020-04-11,汽油涨价,
2020-04-11,柴油涨价,
2020-04-11,通胀,
2020-04-11,物流成本,
2020-04-12,油价上涨,
2020-04-12,油价调整,
2020-04-12,汽油涨价,
2020-04-12,柴油涨价,
2020-04-12,通胀,
2020-04-12,物流成本,
2020-04-13,油价上涨,
2020-04-13,油价调整,
2020-04-13,汽油涨价,
2020-04-13,柴油涨价,
2020-04-13,通胀,
2020-04-13,物流成本,
2020-04-14,油价上涨,
2020-04-14,油价调整,
2020-04-14,汽油涨价,
2020-04-14,柴油涨价,
2020-04-14,通胀,
2020-04-14,物流成本,
2020-04-15,油价上涨,
2020-04-15,油价调整,
2020-04-15,汽油涨价,
2020-04-15,柴油涨价,
2020-04-15,通胀,
2020-04-15,物流成本,
2020-04-16,油价上涨,
2020-04-16,油价调整,
2020-04-16,汽油涨价,
2020-04-16,柴油涨价,
2020-04-16,通胀,
2020-04-16,物流成本,
2020-04-17,油价上涨,
2020-04-17,油价调整,
2020-04-17,汽油涨价,
2020-04-17,柴油涨价,
2020-04-17,通胀,
2020-04-17,物流成本,
2020-04-18,油价上涨,
2020-04-18,油价调整,
2020-04-18,汽油涨价,
2020-04-18,柴油涨价,
2020-04-18,通胀,
2020-04-18,物流成本,
2020-04-19,油价上涨,
2020-04-19,油价调整,
2020-04-19,汽油涨价,
2020-04-19,柴油涨价,
2020-04-19,通胀,
2020-04-19,物流成本,
2020-04-20,油价上涨,
2020-04-20,油价调整,
2020-04-20,汽油涨价,
2020-04-20,柴油涨价,
2020-04-20,通胀,
2020-04-20,物流成本,
2020-04-21,油价上涨,
2020-04-21,油价调整,
2020-04-21,汽油涨价,
2020-04-21,柴油涨价,
2020-04-21,通胀,
2020-04-21,物流成本,
2020-04-22,油价上涨,
2020-04-22,油价调整,
2020-04-22,汽油涨价,
2020-04-22,柴油涨价,
2020-04-22,通胀,
2020-04-22,物流成本,
2020-04-23,油价上涨,
2020-04-23,油价调整,
2020-04-23,汽油涨价,
2020-04-23,柴油涨价,
2020-04-23,通胀,
2020-04-23,物流成本,
2020-04-24,油价上涨,
2020-04-24,油价调整,
2020-04-24,汽油涨价,
2020-04-24,柴油涨价,
2020-04-24,通胀,
2020-04-24,物流成本,
2020-04-25,油价上涨,
2020-04-25,油价调整,
2020-04-25,汽油涨价,
2020-04-25,柴油涨价,
2020-04-25,通胀,
2020-04-25,物流成本,
2020-04-26,油价上涨,
2020-04-26,油价调整,
2020-04-26,汽油涨价,
2020-04-26,柴油涨价,
2020-04-26,通胀,
2020-04-26,物流成本,
2020-04-27,油价上涨,
2020-04-27,油价调整,
2020-04-27,汽油涨价,
2020-04-27,柴油涨价,
2020-04-27,通胀,
2020-04-27,物流成本,
2020-04-28,油价上涨,
2020-04-28,油价调整,
2020-04-28,汽油涨价,
2020-04-28,柴油涨价,
2020-04-28,通胀,
2020-04-28,物流成本,
2020-04-29,油价上涨,
2020-04-29,油价调整,
2020-04-29,汽油涨价,
2020-04-29,柴油涨价,
2020-04-29,通胀,
2020-04-29,物流成本,
2020-04-30,油价上涨,
2020-04-30,油价调整,
2020-04-30,汽油涨价,
2020-04-30,柴油涨价,
2020-04-30,通胀,
2020-04-30,物流成本,
2020-05-01,油价上涨,
2020-05-01,油价调整,
2020-05-01,汽油涨价,
2020-05-01,柴油涨价,
2020-05-01,通胀,
2020-05-01,物流成本,
2020-05-02,油价上涨,
2020-05-02,油价调整,
2020-05-02,汽油涨价,
2020-05-02,柴油涨价,
2020-05-02,通胀,
2020-05-02,物流成本,
2020-05-03,油价上涨,
2020-05-03,油价调整,
2020-05-03,汽油涨价,
2020-05-03,柴油涨价,
2020-05-03,通胀,
2020-05-03,物流成本,
2020-05-04,油价上涨,
2020-05-04,油价调整,
2020-05-04,汽油涨价,
2020-05-04,柴油涨价,
2020-05-04,通胀,
2020-05-04,物流成本,
2020-05-05,油价上涨,
2020-05-05,油价调整,
2020-05-05,汽油涨价,
2020-05-05,柴油涨价,
2020-05-05,通胀,
2020-05-05,物流成本,
2020-05-06,油价上涨,
2020-05-06,油价调整,
2020-05-06,汽油涨价,
2020-05-06,柴油涨价,
2020-05-06,通胀,
2020-05-06,物流成本,
2020-05-07,油价上涨,
2020-05-07,油价调整,
2020-05-07,汽油涨价,
2020-05-07,柴油涨价,
2020-05-07,通胀,
2020-05-07,物流成本,
2020-05-08,油价上涨,
2020-05-08,油价调整,
2020-05-08,汽油涨价,
2020-05-08,柴油涨价,
2020-05-08,通胀,
2020-05-08,物流成本,
2020-05-09,油价上涨,
2020-05-09,油价调整,
2020-05-09,汽油涨价,
2020-05-09,柴油涨价,
2020-05-09,通胀,
2020-05-09,物流成本,
2020-05-10,油价上涨,
2020-05-10,油价调整,
2020-05-10,汽油涨价,
2020-05-10,柴油涨价,
2020-05-10,通胀,
2020-05-10,物流成本,
2020-05-11,油价上涨,
2020-05-11,油价调整,
2020-05-11,汽油涨价,
2020-05-11,柴油涨价,
2020-05-11,通胀,
2020-05-11,物流成本,
2020-05-12,油价上涨,
2020-05-12,油价调整,
2020-05-12,汽油涨价,
2020-05-12,柴油涨价,
2020-05-12,通胀,
2020-05-12,物流成本,
2020-05-13,油价上涨,
2020-05-13,油价调整,
2020-05-13,汽油涨价,
2020-05-13,柴油涨价,
2020-05-13,通胀,
2020-05-13,物流成本,
2020-05-14,油价上涨,
2020-05-14,油价调整,
2020-05-14,汽油涨价,
2020-05-14,柴油涨价,
2020-05-14,通胀,
2020-05-14,物流成本,
2020-05-15,油价上涨,
2020-05-15,油价调整,
2020-05-15,汽油涨价,
2020-05-15,柴油涨价,
2020-05-15,通胀,
2020-05-15,物流成本,
2020-05-16,油价上涨,
2020-05-16,油价调整,
2020-05-16,汽油涨价,
2020-05-16,柴油涨价,
2020-05-16,通胀,
2020-05-16,物流成本,
2020-05-17,油价上涨,
2020-05-17,油价调整,
2020-05-17,汽油涨价,
2020-05-17,柴油涨价,
2020-05-17,通胀,
2020-05-17,物流成本,
2020-05-18,油价上涨,
2020-05-18,油价调整,
2020-05-18,汽油涨价,
2020-05-18,柴油涨价,
2020-05-18,通胀,
2020-05-18,物流成本,
2020-05-19,油价上涨,
2020-05-19,油价调整,
2020-05-19,汽油涨价,
2020-05-19,柴油涨价,
2020-05-19,通胀,
2020-05-19,物流成本,
2020-05-20,油价上涨,
2020-05-20,油价调整,
2020-05-20,汽油涨价,
2020-05-20,柴油涨价,
2020-05-20,通胀,
2020-05-20,物流成本,
2020-05-21,油价上涨,
2020-05-21,油价调整,
2020-05-21,汽油涨价,
2020-05-21,柴油涨价,
2020-05-21,通胀,
2020-05-21,物流成本,
2020-05-22,油价上涨,
2020-05-22,油价调整,
2020-05-22,汽油涨价,
2020-05-22,柴油涨价,
2020-05-22,通胀,
2020-05-22,物流成本,
2020-05-23,油价上涨,
2020-05-23,油价调整,
2020-05-23,汽油涨价,
2020-05-23,柴油涨价,
2020-05-23,通胀,
2020-05-23,物流成本,
2020-05-24,油价上涨,
2020-05-24,油价调整,
2020-05-24,汽油涨价,
2020-05-24,柴油涨价,
2020-05-24,通胀,
2020-05-24,物流成本,
2020-05-25,油价上涨,
2020-05-25,油价调整,
2020-05-25,汽油涨价,
2020-05-25,柴油涨价,
2020-05-25,通胀,
2020-05-25,物流成本,
2020-05-26,油价上涨,
2020-05-26,油价调整,
2020-05-26,汽油涨价,
2020-05-26,柴油涨价,
2020-05-26,通胀,
2020-05-26,物流成本,
2020-05-27,油价上涨,
2020-05-27,油价调整,
2020-05-27,汽油涨价,
2020-05-27,柴油涨价,
2020-05-27,通胀,
2020-05-27,物流成本,
2020-05-28,油价上涨,
2020-05-28,油价调整,
2020-05-28,汽油涨价,
2020-05-28,柴油涨价,
2020-05-28,通胀,
2020-05-28,物流成本,
2020-05-29,油价上涨,
2020-05-29,油价调整,
2020-05-29,汽油涨价,
2020-05-29,柴油涨价,
2020-05-29,通胀,
2020-05-29,物流成本,
2020-05-30,油价上涨,
2020-05-30,油价调整,
2020-05-30,汽油涨价,
2020-05-30,柴油涨价,
2020-05-30,通胀,
2020-05-30,物流成本,
2020-05-31,油价上涨,
2020-05-31,油价调整,
2020-05-31,汽油涨价,
2020-05-31,柴油涨价,
2020-05-31,通胀,
2020-05-31,物流成本,
2020-06-01,油价上涨,
2020-06-01,油价调整,
2020-06-01,汽油涨价,
2020-06-01,柴油涨价,
2020-06-01,通胀,
2020-06-01,物流成本,
2020-06-02,油价上涨,
2020-06-02,油价调整,
2020-06-02,汽油涨价,
2020-06-02,柴油涨价,
2020-06-02,通胀,
2020-06-02,物流成本,
2020-06-03,油价上涨,
2020-06-03,油价调整,
2020-06-03,汽油涨价,
2020-06-03,柴油涨价,
2020-06-03,通胀,
2020-06-03,物流成本,
2020-06-04,油价上涨,
2020-06-04,油价调整,
2020-06-04,汽油涨价,
2020-06-04,柴油涨价,
2020-06-04,通胀,
2020-06-04,物流成本,
2020-06-05,油价上涨,
2020-06-05,油价调整,
2020-06-05,汽油涨价,
2020-06-05,柴油涨价,
2020-06-05,通胀,
2020-06-05,物流成本,
2020-06-06,油价上涨,
2020-06-06,油价调整,
2020-06-06,汽油涨价,
2020-06-06,柴油涨价,
2020-06-06,通胀,
2020-06-06,物流成本,
2020-06-07,油价上涨,
2020-06-07,油价调整,
2020-06-07,汽油涨价,
2020-06-07,柴油涨价,
2020-06-07,通胀,
2020-06-07,物流成本,
2020-06-08,油价上涨,
2020-06-08,油价调整,
2020-06-08,汽油涨价,
2020-06-08,柴油涨价,
2020-06-08,通胀,
2020-06-08,物流成本,
2020-06-09,油价上涨,
2020-06-09,油价调整,
2020-06-09,汽油涨价,
2020-06-09,柴油涨价,
2020-06-09,通胀,
2020-06-09,物流成本,
2020-06-10,油价上涨,
2020-06-10,油价调整,
2020-06-10,汽油涨价,
2020-06-10,柴油涨价,
2020-06-10,通胀,
2020-06-10,物流成本,
2020-06-11,油价上涨,
2020-06-11,油价调整,
2020-06-11,汽油涨价,
2020-06-11,柴油涨价,
2020-06-11,通胀,
2020-06-11,物流成本,
2020-06-12,油价上涨,
2020-06-12,油价调整,
2020-06-12,汽油涨价,
2020-06-12,柴油涨价,
2020-06-12,通胀,
2020-06-12,物流成本,
2020-06-13,油价上涨,
2020-06-13,油价调整,
2020-06-13,汽油涨价,
2020-06-13,柴油涨价,
2020-06-13,通胀,
2020-06-13,物流成本,
2020-06-14,油价上涨,
2020-06-14,油价调整,
2020-06-14,汽油涨价,
2020-06-14,柴油涨价,
2020-06-14,通胀,
2020-06-14,物流成本,
2020-06-15,油价上涨,
2020-06-15,油价调整,
2020-06-15,汽油涨价,
2020-06-15,柴油涨价,
2020-06-15,通胀,
2020-06-15,物流成本,
2020-06-16,油价上涨,
2020-06-16,油价调整,
2020-06-16,汽油涨价,
2020-06-16,柴油涨价,
2020-06-16,通胀,
2020-06-16,物流成本,
2020-06-17,油价上涨,
2020-06-17,油价调整,
2020-06-17,汽油涨价,
2020-06-17,柴油涨价,
2020-06-17,通胀,
2020-06-17,物流成本,
2020-06-18,油价上涨,
2020-06-18,油价调整,
2020-06-18,汽油涨价,
2020-06-18,柴油涨价,
2020-06-18,通胀,
2020-06-18,物流成本,
2020-06-19,油价上涨,
2020-06-19,油价调整,
2020-06-19,汽油涨价,
2020-06-19,柴油涨价,
2020-06-19,通胀,
2020-06-19,物流成本,
2020-06-20,油价上涨,
2020-06-20,油价调整,
2020-06-20,汽油涨价,
2020-06-20,柴油涨价,
2020-06-20,通胀,
2020-06-20,物流成本,
2020-06-21,油价上涨,
2020-06-21,油价调整,
2020-06-21,汽油涨价,
2020-06-21,柴油涨价,
2020-06-21,通胀,
2020-06-21,物流成本,
2020-06-22,油价上涨,
2020-06-22,油价调整,
2020-06-22,汽油涨价,
2020-06-22,柴油涨价,
2020-06-22,通胀,
2020-06-22,物流成本,
2020-06-23,油价上涨,
2020-06-23,油价调整,
2020-06-23,汽油涨价,
2020-06-23,柴油涨价,
2020-06-23,通胀,
2020-06-23,物流成本,
2020-06-24,油价上涨,
2020-06-24,油价调整,
2020-06-24,汽油涨价,
2020-06-24,柴油涨价,
2020-06-24,通胀,
2020-06-24,物流成本,
2020-06-25,油价上涨,
2020-06-25,油价调整,
2020-06-25,汽油涨价,
2020-06-25,柴油涨价,
2020-06-25,通胀,
2020-06-25,物流成本,
2020-06-26,油价上涨,
2020-06-26,油价调整,
2020-06-26,汽油涨价,
2020-06-26,柴油涨价,
2020-06-26,通胀,
2020-06-26,物流成本,
2020-06-27,油价上涨,
2020-06-27,油价调整,
2020-06-27,汽油涨价,
2020-06-27,柴油涨价,
2020-06-27,通胀,
2020-06-27,物流成本,
2020-06-28,油价上涨,
2020-06-28,油价调整,
2020-06-28,汽油涨价,
2020-06-28,柴油涨价,
2020-06-28,通胀,
2020-06-28,物流成本,
2020-06-29,油价上涨,
2020-06-29,油价调整,
2020-06-29,汽油涨价,
2020-06-29,柴油涨价,
2020-06-29,通胀,
2020-06-29,物流成本,
2020-06-30,油价上涨,
2020-06-30,油价调整,
2020-06-30,汽油涨价,
2020-06-30,柴油涨价,
2020-06-30,通胀,
2020-06-30,物流成本,
2020-07-01,油价上涨,
2020-07-01,油价调整,
2020-07-01,汽油涨价,
2020-07-01,柴油涨价,
2020-07-01,通胀,
2020-07-01,物流成本,
2020-07-02,油价上涨,
2020-07-02,油价调整,
2020-07-02,汽油涨价,
2020-07-02,柴油涨价,
2020-07-02,通胀,
2020-07-02,物流成本,
2020-07-03,油价上涨,
2020-07-03,油价调整,
2020-07-03,汽油涨价,
2020-07-03,柴油涨价,
2020-07-03,通胀,
2020-07-03,物流成本,
2020-07-04,油价上涨,
2020-07-04,油价调整,
2020-07-04,汽油涨价,
2020-07-04,柴油涨价,
2020-07-04,通胀,
2020-07-04,物流成本,
2020-07-05,油价上涨,
2020-07-05,油价调整,
2020-07-05,汽油涨价,
2020-07-05,柴油涨价,
2020-07-05,通胀,
2020-07-05,物流成本,
2020-07-06,油价上涨,
2020-07-06,油价调整,
2020-07-06,汽油涨价,
2020-07-06,柴油涨价,
2020-07-06,通胀,
2020-07-06,物流成本,
2020-07-07,油价上涨,
2020-07-07,油价调整,
2020-07-07,汽油涨价,
2020-07-07,柴油涨价,
2020-07-07,通胀,
2020-07-07,物流成本,
2020-07-08,油价上涨,
2020-07-08,油价调整,
2020-07-08,汽油涨价,
2020-07-08,柴油涨价,
2020-07-08,通胀,
2020-07-08,物流成本,
2020-07-09,油价上涨,
2020-07-09,油价调整,
2020-07-09,汽油涨价,
2020-07-09,柴油涨价,
2020-07-09,通胀,
2020-07-09,物流成本,
2020-07-10,油价上涨,
2020-07-10,油价调整,
2020-07-10,汽油涨价,
2020-07-10,柴油涨价,
2020-07-10,通胀,
2020-07-10,物流成本,
2020-07-11,油价上涨,
2020-07-11,油价调整,
2020-07-11,汽油涨价,
2020-07-11,柴油涨价,
2020-07-11,通胀,
2020-07-11,物流成本,
2020-07-12,油价上涨,
2020-07-12,油价调整,
2020-07-12,汽油涨价,
2020-07-12,柴油涨价,
2020-07-12,通胀,
2020-07-12,物流成本,
2020-07-13,油价上涨,
2020-07-13,油价调整,
2020-07-13,汽油涨价,
2020-07-13,柴油涨价,
2020-07-13,通胀,
2020-07-13,物流成本,
2020-07-14,油价上涨,
2020-07-14,油价调整,
2020-07-14,汽油涨价,
2020-07-14,柴油涨价,
2020-07-14,通胀,
2020-07-14,物流成本,
2020-07-15,油价上涨,
2020-07-15,油价调整,
2020-07-15,汽油涨价,
2020-07-15,柴油涨价,
2020-07-15,通胀,
2020-07-15,物流成本,
2020-07-16,油价上涨,
2020-07-16,油价调整,
2020-07-16,汽油涨价,
2020-07-16,柴油涨价,
2020-07-16,通胀,
2020-07-16,物流成本,
2020-07-17,油价上涨,
2020-07-17,油价调整,
2020-07-17,汽油涨价,
2020-07-17,柴油涨价,
2020-07-17,通胀,
2020-07-17,物流成本,
2020-07-18,油价上涨,
2020-07-18,油价调整,
2020-07-18,汽油涨价,
2020-07-18,柴油涨价,
2020-07-18,通胀,
2020-07-18,物流成本,
2020-07-19,油价上涨,
2020-07-19,油价调整,
2020-07-19,汽油涨价,
2020-07-19,柴油涨价,
2020-07-19,通胀,
2020-07-19,物流成本,
2020-07-20,油价上涨,
2020-07-20,油价调整,
2020-07-20,汽油涨价,
2020-07-20,柴油涨价,
2020-07-20,通胀,
2020-07-20,物流成本,
2020-07-21,油价上涨,
2020-07-21,油价调整,
2020-07-21,汽油涨价,
2020-07-21,柴油涨价,
2020-07-21,通胀,
2020-07-21,物流成本,
2020-07-22,油价上涨,
2020-07-22,油价调整,
2020-07-22,汽油涨价,
2020-07-22,柴油涨价,
2020-07-22,通胀,
2020-07-22,物流成本,
2020-07-23,油价上涨,
2020-07-23,油价调整,
2020-07-23,汽油涨价,
2020-07-23,柴油涨价,
2020-07-23,通胀,
2020-07-23,物流成本,
2020-07-24,油价上涨,
2020-07-24,油价调整,
2020-07-24,汽油涨价,
2020-07-24,柴油涨价,
2020-07-24,通胀,
2020-07-24,物流成本,
2020-07-25,油价上涨,
2020-07-25,油价调整,
2020-07-25,汽油涨价,
2020-07-25,柴油涨价,
2020-07-25,通胀,
2020-07-25,物流成本,
2020-07-26,油价上涨,
2020-07-26,油价调整,
2020-07-26,汽油涨价,
2020-07-26,柴油涨价,
2020-07-26,通胀,
2020-07-26,物流成本,
2020-07-27,油价上涨,
2020-07-27,油价调整,
2020-07-27,汽油涨价,
2020-07-27,柴油涨价,
2020-07-27,通胀,
2020-07-27,物流成本,
2020-07-28,油价上涨,
2020-07-28,油价调整,
2020-07-28,汽油涨价,
2020-07-28,柴油涨价,
2020-07-28,通胀,
2020-07-28,物流成本,
2020-07-29,油价上涨,
2020-07-29,油价调整,
2020-07-29,汽油涨价,
2020-07-29,柴油涨价,
2020-07-29,通胀,
2020-07-29,物流成本,
2020-07-30,油价上涨,
2020-07-30,油价调整,
2020-07-30,汽油涨价,
2020-07-30,柴油涨价,
2020-07-30,通胀,
2020-07-30,物流成本,
2020-07-31,油价上涨,
2020-07-31,油价调整,
2020-07-31,汽油涨价,
2020-07-31,柴油涨价,
2020-07-31,通胀,
2020-07-31,物流成本,
2020-08-01,油价上涨,
2020-08-01,油价调整,
2020-08-01,汽油涨价,
2020-08-01,柴油涨价,
2020-08-01,通胀,
2020-08-01,物流成本,
2020-08-02,油价上涨,
2020-08-02,油价调整,
2020-08-02,汽油涨价,
2020-08-02,柴油涨价,
2020-08-02,通胀,
2020-08-02,物流成本,
2020-08-03,油价上涨,
2020-08-03,油价调整,
2020-08-03,汽油涨价,
2020-08-03,柴油涨价,
2020-08-03,通胀,
2020-08-03,物流成本,
2020-08-04,油价上涨,
2020-08-04,油价调整,
2020-08-04,汽油涨价,
2020-08-04,柴油涨价,
2020-08-04,通胀,
2020-08-04,物流成本,
2020-08-05,油价上涨,
2020-08-05,油价调整,
2020-08-05,汽油涨价,
2020-08-05,柴油涨价,
2020-08-05,通胀,
2020-08-05,物流成本,
2020-08-06,油价上涨,
2020-08-06,油价调整,
2020-08-06,汽油涨价,
2020-08-06,柴油涨价,
2020-08-06,通胀,
2020-08-06,物流成本,
2020-08-07,油价上涨,
2020-08-07,油价调整,
2020-08-07,汽油涨价,
2020-08-07,柴油涨价,
2020-08-07,通胀,
2020-08-07,物流成本,
2020-08-08,油价上涨,
2020-08-08,油价调整,
2020-08-08,汽油涨价,
2020-08-08,柴油涨价,
2020-08-08,通胀,
2020-08-08,物流成本,
2020-08-09,油价上涨,
2020-08-09,油价调整,
2020-08-09,汽油涨价,
2020-08-09,柴油涨价,
2020-08-09,通胀,
2020-08-09,物流成本,
2020-08-10,油价上涨,
2020-08-10,油价调整,
2020-08-10,汽油涨价,
2020-08-10,柴油涨价,
2020-08-10,通胀,
2020-08-10,物流成本,
2020-08-11,油价上涨,
2020-08-11,油价调整,
2020-08-11,汽油涨价,
2020-08-11,柴油涨价,
2020-08-11,通胀,
2020-08-11,物流成本,
2020-08-12,油价上涨,
2020-08-12,油价调整,
2020-08-12,汽油涨价,
2020-08-12,柴油涨价,
2020-08-12,通胀,
2020-08-12,物流成本,
2020-08-13,油价上涨,
2020-08-13,油价调整,
2020-08-13,汽油涨价,
2020-08-13,柴油涨价,
2020-08-13,通胀,
2020-08-13,物流成本,
2020-08-14,油价上涨,
2020-08-14,油价调整,
2020-08-14,汽油涨价,
2020-08-14,柴油涨价,
2020-08-14,通胀,
2020-08-14,物流成本,
2020-08-15,油价上涨,
2020-08-15,油价调整,
2020-08-15,汽油涨价,
2020-08-15,柴油涨价,
2020-08-15,通胀,
2020-08-15,物流成本,
2020-08-16,油价上涨,
2020-08-16,油价调整,
2020-08-16,汽油涨价,
2020-08-16,柴油涨价,
2020-08-16,通胀,
2020-08-16,物流成本,
2020-08-17,油价上涨,
2020-08-17,油价调整,
2020-08-17,汽油涨价,
2020-08-17,柴油涨价,
2020-08-17,通胀,
2020-08-17,物流成本,
2020-08-18,油价上涨,
2020-08-18,油价调整,
2020-08-18,汽油涨价,
2020-08-18,柴油涨价,
2020-08-18,通胀,
2020-08-18,物流成本,
2020-08-19,油价上涨,
2020-08-19,油价调整,
2020-08-19,汽油涨价,
2020-08-19,柴油涨价,
2020-08-19,通胀,
2020-08-19,物流成本,
2020-08-20,油价上涨,
2020-08-20,油价调整,
2020-08-20,汽油涨价,
2020-08-20,柴油涨价,
2020-08-20,通胀,
2020-08-20,物流成本,
2020-08-21,油价上涨,
2020-08-21,油价调整,
2020-08-21,汽油涨价,
2020-08-21,柴油涨价,
2020-08-21,通胀,
2020-08-21,物流成本,
2020-08-22,油价上涨,
2020-08-22,油价调整,
2020-08-22,汽油涨价,
2020-08-22,柴油涨价,
2020-08-22,通胀,
2020-08-22,物流成本,
2020-08-23,油价上涨,
2020-08-23,油价调整,
2020-08-23,汽油涨价,
2020-08-23,柴油涨价,
2020-08-23,通胀,
2020-08-23,物流成本,
2020-08-24,油价上涨,
2020-08-24,油价调整,
2020-08-24,汽油涨价,
2020-08-24,柴油涨价,
2020-08-24,通胀,
2020-08-24,物流成本,
2020-08-25,油价上涨,
2020-08-25,油价调整,
2020-08-25,汽油涨价,
2020-08-25,柴油涨价,
2020-08-25,通胀,
2020-08-25,物流成本,
2020-08-26,油价上涨,
2020-08-26,油价调整,
2020-08-26,汽油涨价,
2020-08-26,柴油涨价,
2020-08-26,通胀,
2020-08-26,物流成本,
2020-08-27,油价上涨,
2020-08-27,油价调整,
2020-08-27,汽油涨价,
2020-08-27,柴油涨价,
2020-08-27,通胀,
2020-08-27,物流成本,
2020-08-28,油价上涨,
2020-08-28,油价调整,
2020-08-28,汽油涨价,
2020-08-28,柴油涨价,
2020-08-28,通胀,
2020-08-28,物流成本,
2020-08-29,油价上涨,
2020-08-29,油价调整,
2020-08-29,汽油涨价,
2020-08-29,柴油涨价,
2020-08-29,通胀,
2020-08-29,物流成本,
2020-08-30,油价上涨,
2020-08-30,油价调整,
2020-08-30,汽油涨价,
2020-08-30,柴油涨价,
2020-08-30,通胀,
2020-08-30,物流成本,
2020-08-31,油价上涨,
2020-08-31,油价调整,
2020-08-31,汽油涨价,
2020-08-31,柴油涨价,
2020-08-31,通胀,
2020-08-31,物流成本,
2020-09-01,油价上涨,
2020-09-01,油价调整,
2020-09-01,汽油涨价,
2020-09-01,柴油涨价,
2020-09-01,通胀,
2020-09-01,物流成本,
2020-09-02,油价上涨,
2020-09-02,油价调整,
2020-09-02,汽油涨价,
2020-09-02,柴油涨价,
2020-09-02,通胀,
2020-09-02,物流成本,
2020-09-03,油价上涨,
2020-09-03,油价调整,
2020-09-03,汽油涨价,
2020-09-03,柴油涨价,
2020-09-03,通胀,
2020-09-03,物流成本,
2020-09-04,油价上涨,
2020-09-04,油价调整,
2020-09-04,汽油涨价,
2020-09-04,柴油涨价,
2020-09-04,通胀,
2020-09-04,物流成本,
2020-09-05,油价上涨,
2020-09-05,油价调整,
2020-09-05,汽油涨价,
2020-09-05,柴油涨价,
2020-09-05,通胀,
2020-09-05,物流成本,
2020-09-06,油价上涨,
2020-09-06,油价调整,
2020-09-06,汽油涨价,
2020-09-06,柴油涨价,
2020-09-06,通胀,
2020-09-06,物流成本,
2020-09-07,油价上涨,
2020-09-07,油价调整,
2020-09-07,汽油涨价,
2020-09-07,柴油涨价,
2020-09-07,通胀,
2020-09-07,物流成本,
2020-09-08,油价上涨,
2020-09-08,油价调整,
2020-09-08,汽油涨价,
2020-09-08,柴油涨价,
2020-09-08,通胀,
2020-09-08,物流成本,
2020-09-09,油价上涨,
2020-09-09,油价调整,
2020-09-09,汽油涨价,
2020-09-09,柴油涨价,
2020-09-09,通胀,
2020-09-09,物流成本,
2020-09-10,油价上涨,
2020-09-10,油价调整,
2020-09-10,汽油涨价,
2020-09-10,柴油涨价,
2020-09-10,通胀,
2020-09-10,物流成本,
2020-09-11,油价上涨,
2020-09-11,油价调整,
2020-09-11,汽油涨价,
2020-09-11,柴油涨价,
2020-09-11,通胀,
2020-09-11,物流成本,
2020-09-12,油价上涨,
2020-09-12,油价调整,
2020-09-12,汽油涨价,
2020-09-12,柴油涨价,
2020-09-12,通胀,
2020-09-12,物流成本,
2020-09-13,油价上涨,
2020-09-13,油价调整,
2020-09-13,汽油涨价,
2020-09-13,柴油涨价,
2020-09-13,通胀,
2020-09-13,物流成本,
2020-09-14,油价上涨,
2020-09-14,油价调整,
2020-09-14,汽油涨价,
2020-09-14,柴油涨价,
2020-09-14,通胀,
2020-09-14,物流成本,
2020-09-15,油价上涨,
2020-09-15,油价调整,
2020-09-15,汽油涨价,
2020-09-15,柴油涨价,
2020-09-15,通胀,
2020-09-15,物流成本,
2020-09-16,油价上涨,
2020-09-16,油价调整,
2020-09-16,汽油涨价,
2020-09-16,柴油涨价,
2020-09-16,通胀,
2020-09-16,物流成本,
2020-09-17,油价上涨,
2020-09-17,油价调整,
2020-09-17,汽油涨价,
2020-09-17,柴油涨价,
2020-09-17,通胀,
2020-09-17,物流成本,
2020-09-18,油价上涨,
2020-09-18,油价调整,
2020-09-18,汽油涨价,
2020-09-18,柴油涨价,
2020-09-18,通胀,
2020-09-18,物流成本,
2020-09-19,油价上涨,
2020-09-19,油价调整,
2020-09-19,汽油涨价,
2020-09-19,柴油涨价,
2020-09-19,通胀,
2020-09-19,物流成本,
2020-09-20,油价上涨,
2020-09-20,油价调整,
2020-09-20,汽油涨价,
2020-09-20,柴油涨价,
2020-09-20,通胀,
2020-09-20,物流成本,
2020-09-21,油价上涨,
2020-09-21,油价调整,
2020-09-21,汽油涨价,
2020-09-21,柴油涨价,
2020-09-21,通胀,
2020-09-21,物流成本,
2020-09-22,油价上涨,
2020-09-22,油价调整,
2020-09-22,汽油涨价,
2020-09-22,柴油涨价,
2020-09-22,通胀,
2020-09-22,物流成本,
2020-09-23,油价上涨,
2020-09-23,油价调整,
2020-09-23,汽油涨价,
2020-09-23,柴油涨价,
2020-09-23,通胀,
2020-09-23,物流成本,
2020-09-24,油价上涨,
2020-09-24,油价调整,
2020-09-24,汽油涨价,
2020-09-24,柴油涨价,
2020-09-24,通胀,
2020-09-24,物流成本,
2020-09-25,油价上涨,
2020-09-25,油价调整,
2020-09-25,汽油涨价,
2020-09-25,柴油涨价,
2020-09-25,通胀,
2020-09-25,物流成本,
2020-09-26,油价上涨,
2020-09-26,油价调整,
2020-09-26,汽油涨价,
2020-09-26,柴油涨价,
2020-09-26,通胀,
2020-09-26,物流成本,
2020-09-27,油价上涨,
2020-09-27,油价调整,
2020-09-27,汽油涨价,
2020-09-27,柴油涨价,
2020-09-27,通胀,
2020-09-27,物流成本,
2020-09-28,油价上涨,
2020-09-28,油价调整,
2020-09-28,汽油涨价,
2020-09-28,柴油涨价,
2020-09-28,通胀,
2020-09-28,物流成本,
2020-09-29,油价上涨,
2020-09-29,油价调整,
2020-09-29,汽油涨价,
2020-09-29,柴油涨价,
2020-09-29,通胀,
2020-09-29,物流成本,
2020-09-30,油价上涨,
2020-09-30,油价调整,
2020-09-30,汽油涨价,
2020-09-30,柴油涨价,
2020-09-30,通胀,
2020-09-30,物流成本,
2020-10-01,油价上涨,
2020-10-01,油价调整,
2020-10-01,汽油涨价,
2020-10-01,柴油涨价,
2020-10-01,通胀,
2020-10-01,物流成本,
2020-10-02,油价上涨,
2020-10-02,油价调整,
2020-10-02,汽油涨价,
2020-10-02,柴油涨价,
2020-10-02,通胀,
2020-10-02,物流成本,
2020-10-03,油价上涨,
2020-10-03,油价调整,
2020-10-03,汽油涨价,
2020-10-03,柴油涨价,
2020-10-03,通胀,
2020-10-03,物流成本,
2020-10-04,油价上涨,
2020-10-04,油价调整,
2020-10-04,汽油涨价,
2020-10-04,柴油涨价,
2020-10-04,通胀,
2020-10-04,物流成本,
2020-10-05,油价上涨,
2020-10-05,油价调整,
2020-10-05,汽油涨价,
2020-10-05,柴油涨价,
2020-10-05,通胀,
2020-10-05,物流成本,
2020-10-06,油价上涨,
2020-10-06,油价调整,
2020-10-06,汽油涨价,
2020-10-06,柴油涨价,
2020-10-06,通胀,
2020-10-06,物流成本,
2020-10-07,油价上涨,
2020-10-07,油价调整,
2020-10-07,汽油涨价,
2020-10-07,柴油涨价,
2020-10-07,通胀,
2020-10-07,物流成本,
2020-10-08,油价上涨,
2020-10-08,油价调整,
2020-10-08,汽油涨价,
2020-10-08,柴油涨价,
2020-10-08,通胀,
2020-10-08,物流成本,
2020-10-09,油价上涨,
2020-10-09,油价调整,
2020-10-09,汽油涨价,
2020-10-09,柴油涨价,
2020-10-09,通胀,
2020-10-09,物流成本,
2020-10-10,油价上涨,
2020-10-10,油价调整,
2020-10-10,汽油涨价,
2020-10-10,柴油涨价,
2020-10-10,通胀,
2020-10-10,物流成本,
2020-10-11,油价上涨,
2020-10-11,油价调整,
2020-10-11,汽油涨价,
2020-10-11,柴油涨价,
2020-10-11,通胀,
2020-10-11,物流成本,
2020-10-12,油价上涨,
2020-10-12,油价调整,
2020-10-12,汽油涨价,
2020-10-12,柴油涨价,
2020-10-12,通胀,
2020-10-12,物流成本,
2020-10-13,油价上涨,
2020-10-13,油价调整,
2020-10-13,汽油涨价,
2020-10-13,柴油涨价,
2020-10-13,通胀,
2020-10-13,物流成本,
2020-10-14,油价上涨,
2020-10-14,油价调整,
2020-10-14,汽油涨价,
2020-10-14,柴油涨价,
2020-10-14,通胀,
2020-10-14,物流成本,
2020-10-15,油价上涨,
2020-10-15,油价调整,
2020-10-15,汽油涨价,
2020-10-15,柴油涨价,
2020-10-15,通胀,
2020-10-15,物流成本,
2020-10-16,油价上涨,
2020-10-16,油价调整,
2020-10-16,汽油涨价,
2020-10-16,柴油涨价,
2020-10-16,通胀,
2020-10-16,物流成本,
2020-10-17,油价上涨,
2020-10-17,油价调整,
2020-10-17,汽油涨价,
2020-10-17,柴油涨价,
2020-10-17,通胀,
2020-10-17,物流成本,
2020-10-18,油价上涨,
2020-10-18,油价调整,
2020-10-18,汽油涨价,
2020-10-18,柴油涨价,
2020-10-18,通胀,
2020-10-18,物流成本,
2020-10-19,油价上涨,
2020-10-19,油价调整,
2020-10-19,汽油涨价,
2020-10-19,柴油涨价,
2020-10-19,通胀,
2020-10-19,物流成本,
2020-10-20,油价上涨,
2020-10-20,油价调整,
2020-10-20,汽油涨价,
2020-10-20,柴油涨价,
2020-10-20,通胀,
2020-10-20,物流成本,
2020-10-21,油价上涨,
2020-10-21,油价调整,
2020-10-21,汽油涨价,
2020-10-21,柴油涨价,
2020-10-21,通胀,
2020-10-21,物流成本,
2020-10-22,油价上涨,
2020-10-22,油价调整,
2020-10-22,汽油涨价,
2020-10-22,柴油涨价,
2020-10-22,通胀,
2020-10-22,物流成本,
2020-10-23,油价上涨,
2020-10-23,油价调整,
2020-10-23,汽油涨价,
2020-10-23,柴油涨价,
2020-10-23,通胀,
2020-10-23,物流成本,
2020-10-24,油价上涨,
2020-10-24,油价调整,
2020-10-24,汽油涨价,
2020-10-24,柴油涨价,
2020-10-24,通胀,
2020-10-24,物流成本,
2020-10-25,油价上涨,
2020-10-25,油价调整,
2020-10-25,汽油涨价,
2020-10-25,柴油涨价,
2020-10-25,通胀,
2020-10-25,物流成本,
2020-10-26,油价上涨,
2020-10-26,油价调整,
2020-10-26,汽油涨价,
2020-10-26,柴油涨价,
2020-10-26,通胀,
2020-10-26,物流成本,
2020-10-27,油价上涨,
2020-10-27,油价调整,
2020-10-27,汽油涨价,
2020-10-27,柴油涨价,
2020-10-27,通胀,
2020-10-27,物流成本,
2020-10-28,油价上涨,
2020-10-28,油价调整,
2020-10-28,汽油涨价,
2020-10-28,柴油涨价,
2020-10-28,通胀,
2020-10-28,物流成本,
2020-10-29,油价上涨,
2020-10-29,油价调整,
2020-10-29,汽油涨价,
2020-10-29,柴油涨价,
2020-10-29,通胀,
2020-10-29,物流成本,
2020-10-30,油价上涨,
2020-10-30,油价调整,
2020-10-30,汽油涨价,
2020-10-30,柴油涨价,
2020-10-30,通胀,
2020-10-30,物流成本,
2020-10-31,油价上涨,
2020-10-31,油价调整,
2020-10-31,汽油涨价,
2020-10-31,柴油涨价,
2020-10-31,通胀,
2020-10-31,物流成本,
2020-11-01,油价上涨,
2020-11-01,油价调整,
2020-11-01,汽油涨价,
2020-11-01,柴油涨价,
2020-11-01,通胀,
2020-11-01,物流成本,
2020-11-02,油价上涨,
2020-11-02,油价调整,
2020-11-02,汽油涨价,
2020-11-02,柴油涨价,
2020-11-02,通胀,
2020-11-02,物流成本,
2020-11-03,油价上涨,
2020-11-03,油价调整,
2020-11-03,汽油涨价,
2020-11-03,柴油涨价,
2020-11-03,通胀,
2020-11-03,物流成本,
2020-11-04,油价上涨,
2020-11-04,油价调整,
2020-11-04,汽油涨价,
2020-11-04,柴油涨价,
2020-11-04,通胀,
2020-11-04,物流成本,
2020-11-05,油价上涨,
2020-11-05,油价调整,
2020-11-05,汽油涨价,
2020-11-05,柴油涨价,
2020-11-05,通胀,
2020-11-05,物流成本,
2020-11-06,油价上涨,
2020-11-06,油价调整,
2020-11-06,汽油涨价,
2020-11-06,柴油涨价,
2020-11-06,通胀,
2020-11-06,物流成本,
2020-11-07,油价上涨,
2020-11-07,油价调整,
2020-11-07,汽油涨价,
2020-11-07,柴油涨价,
2020-11-07,通胀,
2020-11-07,物流成本,
2020-11-08,油价上涨,
2020-11-08,油价调整,
2020-11-08,汽油涨价,
2020-11-08,柴油涨价,
2020-11-08,通胀,
2020-11-08,物流成本,
2020-11-09,油价上涨,
2020-11-09,油价调整,
2020-11-09,汽油涨价,
2020-11-09,柴油涨价,
2020-11-09,通胀,
2020-11-09,物流成本,
2020-11-10,油价上涨,
2020-11-10,油价调整,
2020-11-10,汽油涨价,
2020-11-10,柴油涨价,
2020-11-10,通胀,
2020-11-10,物流成本,
2020-11-11,油价上涨,
2020-11-11,油价调整,
2020-11-11,汽油涨价,
2020-11-11,柴油涨价,
2020-11-11,通胀,
2020-11-11,物流成本,
2020-11-12,油价上涨,
2020-11-12,油价调整,
2020-11-12,汽油涨价,
2020-11-12,柴油涨价,
2020-11-12,通胀,
2020-11-12,物流成本,
2020-11-13,油价上涨,
2020-11-13,油价调整,
2020-11-13,汽油涨价,
2020-11-13,柴油涨价,
2020-11-13,通胀,
2020-11-13,物流成本,
2020-11-14,油价上涨,
2020-11-14,油价调整,
2020-11-14,汽油涨价,
2020-11-14,柴油涨价,
2020-11-14,通胀,
2020-11-14,物流成本,
2020-11-15,油价上涨,
2020-11-15,油价调整,
2020-11-15,汽油涨价,
2020-11-15,柴油涨价,
2020-11-15,通胀,
2020-11-15,物流成本,
2020-11-16,油价上涨,
2020-11-16,油价调整,
2020-11-16,汽油涨价,
2020-11-16,柴油涨价,
2020-11-16,通胀,
2020-11-16,物流成本,
2020-11-17,油价上涨,
2020-11-17,油价调整,
2020-11-17,汽油涨价,
2020-11-17,柴油涨价,
2020-11-17,通胀,
2020-11-17,物流成本,
2020-11-18,油价上涨,
2020-11-18,油价调整,
2020-11-18,汽油涨价,
2020-11-18,柴油涨价,
2020-11-18,通胀,
2020-11-18,物流成本,
2020-11-19,油价上涨,
2020-11-19,油价调整,
2020-11-19,汽油涨价,
2020-11-19,柴油涨价,
2020-11-19,通胀,
2020-11-19,物流成本,
2020-11-20,油价上涨,
2020-11-20,油价调整,
2020-11-20,汽油涨价,
2020-11-20,柴油涨价,
2020-11-20,通胀,
2020-11-20,物流成本,
2020-11-21,油价上涨,
2020-11-21,油价调整,
2020-11-21,汽油涨价,
2020-11-21,柴油涨价,
2020-11-21,通胀,
2020-11-21,物流成本,
2020-11-22,油价上涨,
2020-11-22,油价调整,
2020-11-22,汽油涨价,
2020-11-22,柴油涨价,
2020-11-22,通胀,
2020-11-22,物流成本,
2020-11-23,油价上涨,
2020-11-23,油价调整,
2020-11-23,汽油涨价,
2020-11-23,柴油涨价,
2020-11-23,通胀,
2020-11-23,物流成本,
2020-11-24,油价上涨,
2020-11-24,油价调整,
2020-11-24,汽油涨价,
2020-11-24,柴油涨价,
2020-11-24,通胀,
2020-11-24,物流成本,
2020-11-25,油价上涨,
2020-11-25,油价调整,
2020-11-25,汽油涨价,
2020-11-25,柴油涨价,
2020-11-25,通胀,
2020-11-25,物流成本,
2020-11-26,油价上涨,
2020-11-26,油价调整,
2020-11-26,汽油涨价,
2020-11-26,柴油涨价,
2020-11-26,通胀,
2020-11-26,物流成本,
2020-11-27,油价上涨,
2020-11-27,油价调整,
2020-11-27,汽油涨价,
2020-11-27,柴油涨价,
2020-11-27,通胀,
2020-11-27,物流成本,
2020-11-28,油价上涨,
2020-11-28,油价调整,
2020-11-28,汽油涨价,
2020-11-28,柴油涨价,
2020-11-28,通胀,
2020-11-28,物流成本,
2020-11-29,油价上涨,
2020-11-29,油价调整,
2020-11-29,汽油涨价,
2020-11-29,柴油涨价,
2020-11-29,通胀,
2020-11-29,物流成本,
2020-11-30,油价上涨,
2020-11-30,油价调整,
2020-11-30,汽油涨价,
2020-11-30,柴油涨价,
2020-11-30,通胀,
2020-11-30,物流成本,
2020-12-01,油价上涨,
2020-12-01,油价调整,
2020-12-01,汽油涨价,
2020-12-01,柴油涨价,
2020-12-01,通胀,
2020-12-01,物流成本,
2020-12-02,油价上涨,
2020-12-02,油价调整,
2020-12-02,汽油涨价,
2020-12-02,柴油涨价,
2020-12-02,通胀,
2020-12-02,物流成本,
2020-12-03,油价上涨,
2020-12-03,油价调整,
2020-12-03,汽油涨价,
2020-12-03,柴油涨价,
2020-12-03,通胀,
2020-12-03,物流成本,
2020-12-04,油价上涨,
2020-12-04,油价调整,
2020-12-04,汽油涨价,
2020-12-04,柴油涨价,
2020-12-04,通胀,
2020-12-04,物流成本,
2020-12-05,油价上涨,
2020-12-05,油价调整,
2020-12-05,汽油涨价,
2020-12-05,柴油涨价,
2020-12-05,通胀,
2020-12-05,物流成本,
2020-12-06,油价上涨,
2020-12-06,油价调整,
2020-12-06,汽油涨价,
2020-12-06,柴油涨价,
2020-12-06,通胀,
2020-12-06,物流成本,
2020-12-07,油价上涨,
2020-12-07,油价调整,
2020-12-07,汽油涨价,
2020-12-07,柴油涨价,
2020-12-07,通胀,
2020-12-07,物流成本,
2020-12-08,油价上涨,
2020-12-08,油价调整,
2020-12-08,汽油涨价,
2020-12-08,柴油涨价,
2020-12-08,通胀,
2020-12-08,物流成本,
2020-12-09,油价上涨,
2020-12-09,油价调整,
2020-12-09,汽油涨价,
2020-12-09,柴油涨价,
2020-12-09,通胀,
2020-12-09,物流成本,
2020-12-10,油价上涨,
2020-12-10,油价调整,
2020-12-10,汽油涨价,
2020-12-10,柴油涨价,
2020-12-10,通胀,
2020-12-10,物流成本,
2020-12-11,油价上涨,
2020-12-11,油价调整,
2020-12-11,汽油涨价,
2020-12-11,柴油涨价,
2020-12-11,通胀,
2020-12-11,物流成本,
2020-12-12,油价上涨,
2020-12-12,油价调整,
2020-12-12,汽油涨价,
2020-12-12,柴油涨价,
2020-12-12,通胀,
2020-12-12,物流成本,
2020-12-13,油价上涨,
2020-12-13,油价调整,
2020-12-13,汽油涨价,
2020-12-13,柴油涨价,
2020-12-13,通胀,
2020-12-13,物流成本,
2020-12-14,油价上涨,
2020-12-14,油价调整,
2020-12-14,汽油涨价,
2020-12-14,柴油涨价,
2020-12-14,通胀,
2020-12-14,物流成本,
2020-12-15,油价上涨,
2020-12-15,油价调整,
2020-12-15,汽油涨价,
2020-12-15,柴油涨价,
2020-12-15,通胀,
2020-12-15,物流成本,
2020-12-16,油价上涨,
2020-12-16,油价调整,
2020-12-16,汽油涨价,
2020-12-16,柴油涨价,
2020-12-16,通胀,
2020-12-16,物流成本,
2020-12-17,油价上涨,
2020-12-17,油价调整,
2020-12-17,汽油涨价,
2020-12-17,柴油涨价,
2020-12-17,通胀,
2020-12-17,物流成本,
2020-12-18,油价上涨,
2020-12-18,油价调整,
2020-12-18,汽油涨价,
2020-12-18,柴油涨价,
2020-12-18,通胀,
2020-12-18,物流成本,
2020-12-19,油价上涨,
2020-12-19,油价调整,
2020-12-19,汽油涨价,
2020-12-19,柴油涨价,
2020-12-19,通胀,
2020-12-19,物流成本,
2020-12-20,油价上涨,
2020-12-20,油价调整,
2020-12-20,汽油涨价,
2020-12-20,柴油涨价,
2020-12-20,通胀,
2020-12-20,物流成本,
2020-12-21,油价上涨,
2020-12-21,油价调整,
2020-12-21,汽油涨价,
2020-12-21,柴油涨价,
2020-12-21,通胀,
2020-12-21,物流成本,
2020-12-22,油价上涨,
2020-12-22,油价调整,
2020-12-22,汽油涨价,
2020-12-22,柴油涨价,
2020-12-22,通胀,
2020-12-22,物流成本,
2020-12-23,油价上涨,
2020-12-23,油价调整,
2020-12-23,汽油涨价,
2020-12-23,柴油涨价,
2020-12-23,通胀,
2020-12-23,物流成本,
2020-12-24,油价上涨,
2020-12-24,油价调整,
2020-12-24,汽油涨价,
2020-12-24,柴油涨价,
2020-12-24,通胀,
2020-12-24,物流成本,
2020-12-25,油价上涨,
2020-12-25,油价调整,
2020-12-25,汽油涨价,
2020-12-25,柴油涨价,
2020-12-25,通胀,
2020-12-25,物流成本,
2020-12-26,油价上涨,
2020-12-26,油价调整,
2020-12-26,汽油涨价,
2020-12-26,柴油涨价,
2020-12-26,通胀,
2020-12-26,物流成本,
2020-12-27,油价上涨,
2020-12-27,油价调整,
2020-12-27,汽油涨价,
2020-12-27,柴油涨价,
2020-12-27,通胀,
2020-12-27,物流成本,
2020-12-28,油价上涨,
2020-12-28,油价调整,
2020-12-28,汽油涨价,
2020-12-28,柴油涨价,
2020-12-28,通胀,
2020-12-28,物流成本,
2020-12-29,油价上涨,
2020-12-29,油价调整,
2020-12-29,汽油涨价,
2020-12-29,柴油涨价,
2020-12-29,通胀,
2020-12-29,物流成本,
2020-12-30,油价上涨,
2020-12-30,油价调整,
2020-12-30,汽油涨价,
2020-12-30,柴油涨价,
2020-12-30,通胀,
2020-12-30,物流成本,
2020-12-31,油价上涨,
2020-12-31,油价调整,
2020-12-31,汽油涨价,
2020-12-31,柴油涨价,
2020-12-31,通胀,
2020-12-31,物流成本,
2021-01-01,油价上涨,
2021-01-01,油价调整,
2021-01-01,汽油涨价,
2021-01-01,柴油涨价,
2021-01-01,通胀,
2021-01-01,物流成本,
2021-01-02,油价上涨,
2021-01-02,油价调整,
2021-01-02,汽油涨价,
2021-01-02,柴油涨价,
2021-01-02,通胀,
2021-01-02,物流成本,
2021-01-03,油价上涨,
2021-01-03,油价调整,
2021-01-03,汽油涨价,
2021-01-03,柴油涨价,
2021-01-03,通胀,
2021-01-03,物流成本,
2021-01-04,油价上涨,
2021-01-04,油价调整,
2021-01-04,汽油涨价,
2021-01-04,柴油涨价,
2021-01-04,通胀,
2021-01-04,物流成本,
2021-01-05,油价上涨,
2021-01-05,油价调整,
2021-01-05,汽油涨价,
2021-01-05,柴油涨价,
2021-01-05,通胀,
2021-01-05,物流成本,
2021-01-06,油价上涨,
2021-01-06,油价调整,
2021-01-06,汽油涨价,
2021-01-06,柴油涨价,
2021-01-06,通胀,
2021-01-06,物流成本,
2021-01-07,油价上涨,
2021-01-07,油价调整,
2021-01-07,汽油涨价,
2021-01-07,柴油涨价,
2021-01-07,通胀,
2021-01-07,物流成本,
2021-01-08,油价上涨,
2021-01-08,油价调整,
2021-01-08,汽油涨价,
2021-01-08,柴油涨价,
2021-01-08,通胀,
2021-01-08,物流成本,
2021-01-09,油价上涨,
2021-01-09,油价调整,
2021-01-09,汽油涨价,
2021-01-09,柴油涨价,
2021-01-09,通胀,
2021-01-09,物流成本,
2021-01-10,油价上涨,
2021-01-10,油价调整,
2021-01-10,汽油涨价,
2021-01-10,柴油涨价,
2021-01-10,通胀,
2021-01-10,物流成本,
2021-01-11,油价上涨,
2021-01-11,油价调整,
2021-01-11,汽油涨价,
2021-01-11,柴油涨价,
2021-01-11,通胀,
2021-01-11,物流成本,
2021-01-12,油价上涨,
2021-01-12,油价调整,
2021-01-12,汽油涨价,
2021-01-12,柴油涨价,
2021-01-12,通胀,
2021-01-12,物流成本,
2021-01-13,油价上涨,
2021-01-13,油价调整,
2021-01-13,汽油涨价,
2021-01-13,柴油涨价,
2021-01-13,通胀,
2021-01-13,物流成本,
2021-01-14,油价上涨,
2021-01-14,油价调整,
2021-01-14,汽油涨价,
2021-01-14,柴油涨价,
2021-01-14,通胀,
2021-01-14,物流成本,
2021-01-15,油价上涨,
2021-01-15,油价调整,
2021-01-15,汽油涨价,
2021-01-15,柴油涨价,
2021-01-15,通胀,
2021-01-15,物流成本,
2021-01-16,油价上涨,
2021-01-16,油价调整,
2021-01-16,汽油涨价,
2021-01-16,柴油涨价,
2021-01-16,通胀,
2021-01-16,物流成本,
2021-01-17,油价上涨,
2021-01-17,油价调整,
2021-01-17,汽油涨价,
2021-01-17,柴油涨价,
2021-01-17,通胀,
2021-01-17,物流成本,
2021-01-18,油价上涨,
2021-01-18,油价调整,
2021-01-18,汽油涨价,
2021-01-18,柴油涨价,
2021-01-18,通胀,
2021-01-18,物流成本,
2021-01-19,油价上涨,
2021-01-19,油价调整,
2021-01-19,汽油涨价,
2021-01-19,柴油涨价,
2021-01-19,通胀,
2021-01-19,物流成本,
2021-01-20,油价上涨,
2021-01-20,油价调整,
2021-01-20,汽油涨价,
2021-01-20,柴油涨价,
2021-01-20,通胀,
2021-01-20,物流成本,
2021-01-21,油价上涨,
2021-01-21,油价调整,
2021-01-21,汽油涨价,
2021-01-21,柴油涨价,
2021-01-21,通胀,
2021-01-21,物流成本,
2021-01-22,油价上涨,
2021-01-22,油价调整,
2021-01-22,汽油涨价,
2021-01-22,柴油涨价,
2021-01-22,通胀,
2021-01-22,物流成本,
2021-01-23,油价上涨,
2021-01-23,油价调整,
2021-01-23,汽油涨价,
2021-01-23,柴油涨价,
2021-01-23,通胀,
2021-01-23,物流成本,
2021-01-24,油价上涨,
2021-01-24,油价调整,
2021-01-24,汽油涨价,
2021-01-24,柴油涨价,
2021-01-24,通胀,
2021-01-24,物流成本,
2021-01-25,油价上涨,
2021-01-25,油价调整,
2021-01-25,汽油涨价,
2021-01-25,柴油涨价,
2021-01-25,通胀,
2021-01-25,物流成本,
2021-01-26,油价上涨,
2021-01-26,油价调整,
2021-01-26,汽油涨价,
2021-01-26,柴油涨价,
2021-01-26,通胀,
2021-01-26,物流成本,
2021-01-27,油价上涨,
2021-01-27,油价调整,
2021-01-27,汽油涨价,
2021-01-27,柴油涨价,
2021-01-27,通胀,
2021-01-27,物流成本,
2021-01-28,油价上涨,
2021-01-28,油价调整,
2021-01-28,汽油涨价,
2021-01-28,柴油涨价,
2021-01-28,通胀,
2021-01-28,物流成本,
2021-01-29,油价上涨,
2021-01-29,油价调整,
2021-01-29,汽油涨价,
2021-01-29,柴油涨价,
2021-01-29,通胀,
2021-01-29,物流成本,
2021-01-30,油价上涨,
2021-01-30,油价调整,
2021-01-30,汽油涨价,
2021-01-30,柴油涨价,
2021-01-30,通胀,
2021-01-30,物流成本,
2021-01-31,油价上涨,
2021-01-31,油价调整,
2021-01-31,汽油涨价,
2021-01-31,柴油涨价,
2021-01-31,通胀,
2021-01-31,物流成本,
2021-02-01,油价上涨,
2021-02-01,油价调整,
2021-02-01,汽油涨价,
2021-02-01,柴油涨价,
2021-02-01,通胀,
2021-02-01,物流成本,
2021-02-02,油价上涨,
2021-02-02,油价调整,
2021-02-02,汽油涨价,
2021-02-02,柴油涨价,
2021-02-02,通胀,
2021-02-02,物流成本,
2021-02-03,油价上涨,
2021-02-03,油价调整,
2021-02-03,汽油涨价,
2021-02-03,柴油涨价,
2021-02-03,通胀,
2021-02-03,物流成本,
2021-02-04,油价上涨,
2021-02-04,油价调整,
2021-02-04,汽油涨价,
2021-02-04,柴油涨价,
2021-02-04,通胀,
2021-02-04,物流成本,
2021-02-05,油价上涨,
2021-02-05,油价调整,
2021-02-05,汽油涨价,
2021-02-05,柴油涨价,
2021-02-05,通胀,
2021-02-05,物流成本,
2021-02-06,油价上涨,
2021-02-06,油价调整,
2021-02-06,汽油涨价,
2021-02-06,柴油涨价,
2021-02-06,通胀,
2021-02-06,物流成本,
2021-02-07,油价上涨,
2021-02-07,油价调整,
2021-02-07,汽油涨价,
2021-02-07,柴油涨价,
2021-02-07,通胀,
2021-02-07,物流成本,
2021-02-08,油价上涨,
2021-02-08,油价调整,
2021-02-08,汽油涨价,
2021-02-08,柴油涨价,
2021-02-08,通胀,
2021-02-08,物流成本,
2021-02-09,油价上涨,
2021-02-09,油价调整,
2021-02-09,汽油涨价,
2021-02-09,柴油涨价,
2021-02-09,通胀,
2021-02-09,物流成本,
2021-02-10,油价上涨,
2021-02-10,油价调整,
2021-02-10,汽油涨价,
2021-02-10,柴油涨价,
2021-02-10,通胀,
2021-02-10,物流成本,
2021-02-11,油价上涨,
2021-02-11,油价调整,
2021-02-11,汽油涨价,
2021-02-11,柴油涨价,
2021-02-11,通胀,
2021-02-11,物流成本,
2021-02-12,油价上涨,
2021-02-12,油价调整,
2021-02-12,汽油涨价,
2021-02-12,柴油涨价,
2021-02-12,通胀,
2021-02-12,物流成本,
2021-02-13,油价上涨,
2021-02-13,油价调整,
2021-02-13,汽油涨价,
2021-02-13,柴油涨价,
2021-02-13,通胀,
2021-02-13,物流成本,
2021-02-14,油价上涨,
2021-02-14,油价调整,
2021-02-14,汽油涨价,
2021-02-14,柴油涨价,
2021-02-14,通胀,
2021-02-14,物流成本,
2021-02-15,油价上涨,
2021-02-15,油价调整,
2021-02-15,汽油涨价,
2021-02-15,柴油涨价,
2021-02-15,通胀,
2021-02-15,物流成本,
2021-02-16,油价上涨,
2021-02-16,油价调整,
2021-02-16,汽油涨价,
2021-02-16,柴油涨价,
2021-02-16,通胀,
2021-02-16,物流成本,
2021-02-17,油价上涨,
2021-02-17,油价调整,
2021-02-17,汽油涨价,
2021-02-17,柴油涨价,
2021-02-17,通胀,
2021-02-17,物流成本,
2021-02-18,油价上涨,
2021-02-18,油价调整,
2021-02-18,汽油涨价,
2021-02-18,柴油涨价,
2021-02-18,通胀,
2021-02-18,物流成本,
2021-02-19,油价上涨,
2021-02-19,油价调整,
2021-02-19,汽油涨价,
2021-02-19,柴油涨价,
2021-02-19,通胀,
2021-02-19,物流成本,
2021-02-20,油价上涨,
2021-02-20,油价调整,
2021-02-20,汽油涨价,
2021-02-20,柴油涨价,
2021-02-20,通胀,
2021-02-20,物流成本,
2021-02-21,油价上涨,
2021-02-21,油价调整,
2021-02-21,汽油涨价,
2021-02-21,柴油涨价,
2021-02-21,通胀,
2021-02-21,物流成本,
2021-02-22,油价上涨,
2021-02-22,油价调整,
2021-02-22,汽油涨价,
2021-02-22,柴油涨价,
2021-02-22,通胀,
2021-02-22,物流成本,
2021-02-23,油价上涨,
2021-02-23,油价调整,
2021-02-23,汽油涨价,
2021-02-23,柴油涨价,
2021-02-23,通胀,
2021-02-23,物流成本,
2021-02-24,油价上涨,
2021-02-24,油价调整,
2021-02-24,汽油涨价,
2021-02-24,柴油涨价,
2021-02-24,通胀,
2021-02-24,物流成本,
2021-02-25,油价上涨,
2021-02-25,油价调整,
2021-02-25,汽油涨价,
2021-02-25,柴油涨价,
2021-02-25,通胀,
2021-02-25,物流成本,
2021-02-26,油价上涨,
2021-02-26,油价调整,
2021-02-26,汽油涨价,
2021-02-26,柴油涨价,
2021-02-26,通胀,
2021-02-26,物流成本,
2021-02-27,油价上涨,
2021-02-27,油价调整,
2021-02-27,汽油涨价,
2021-02-27,柴油涨价,
2021-02-27,通胀,
2021-02-27,物流成本,
2021-02-28,油价上涨,
2021-02-28,油价调整,
2021-02-28,汽油涨价,
2021-02-28,柴油涨价,
2021-02-28,通胀,
2021-02-28,物流成本,
2021-03-01,油价上涨,
2021-03-01,油价调整,
2021-03-01,汽油涨价,
2021-03-01,柴油涨价,
2021-03-01,通胀,
2021-03-01,物流成本,
2021-03-02,油价上涨,
2021-03-02,油价调整,
2021-03-02,汽油涨价,
2021-03-02,柴油涨价,
2021-03-02,通胀,
2021-03-02,物流成本,
2021-03-03,油价上涨,
2021-03-03,油价调整,
2021-03-03,汽油涨价,
2021-03-03,柴油涨价,
2021-03-03,通胀,
2021-03-03,物流成本,
2021-03-04,油价上涨,
2021-03-04,油价调整,
2021-03-04,汽油涨价,
2021-03-04,柴油涨价,
2021-03-04,通胀,
2021-03-04,物流成本,
2021-03-05,油价上涨,
2021-03-05,油价调整,
2021-03-05,汽油涨价,
2021-03-05,柴油涨价,
2021-03-05,通胀,
2021-03-05,物流成本,
2021-03-06,油价上涨,
2021-03-06,油价调整,
2021-03-06,汽油涨价,
2021-03-06,柴油涨价,
2021-03-06,通胀,
2021-03-06,物流成本,
2021-03-07,油价上涨,
2021-03-07,油价调整,
2021-03-07,汽油涨价,
2021-03-07,柴油涨价,
2021-03-07,通胀,
2021-03-07,物流成本,
2021-03-08,油价上涨,
2021-03-08,油价调整,
2021-03-08,汽油涨价,
2021-03-08,柴油涨价,
2021-03-08,通胀,
2021-03-08,物流成本,
2021-03-09,油价上涨,
2021-03-09,油价调整,
2021-03-09,汽油涨价,
2021-03-09,柴油涨价,
2021-03-09,通胀,
2021-03-09,物流成本,
2021-03-10,油价上涨,
2021-03-10,油价调整,
2021-03-10,汽油涨价,
2021-03-10,柴油涨价,
2021-03-10,通胀,
2021-03-10,物流成本,
2021-03-11,油价上涨,
2021-03-11,油价调整,
2021-03-11,汽油涨价,
2021-03-11,柴油涨价,
2021-03-11,通胀,
2021-03-11,物流成本,
2021-03-12,油价上涨,
2021-03-12,油价调整,
2021-03-12,汽油涨价,
2021-03-12,柴油涨价,
2021-03-12,通胀,
2021-03-12,物流成本,
2021-03-13,油价上涨,
2021-03-13,油价调整,
2021-03-13,汽油涨价,
2021-03-13,柴油涨价,
2021-03-13,通胀,
2021-03-13,物流成本,
2021-03-14,油价上涨,
2021-03-14,油价调整,
2021-03-14,汽油涨价,
2021-03-14,柴油涨价,
2021-03-14,通胀,
2021-03-14,物流成本,
2021-03-15,油价上涨,
2021-03-15,油价调整,
2021-03-15,汽油涨价,
2021-03-15,柴油涨价,
2021-03-15,通胀,
2021-03-15,物流成本,
2021-03-16,油价上涨,
2021-03-16,油价调整,
2021-03-16,汽油涨价,
2021-03-16,柴油涨价,
2021-03-16,通胀,
2021-03-16,物流成本,
2021-03-17,油价上涨,
2021-03-17,油价调整,
2021-03-17,汽油涨价,
2021-03-17,柴油涨价,
2021-03-17,通胀,
2021-03-17,物流成本,
2021-03-18,油价上涨,
2021-03-18,油价调整,
2021-03-18,汽油涨价,
2021-03-18,柴油涨价,
2021-03-18,通胀,
2021-03-18,物流成本,
2021-03-19,油价上涨,
2021-03-19,油价调整,
2021-03-19,汽油涨价,
2021-03-19,柴油涨价,
2021-03-19,通胀,
2021-03-19,物流成本,
2021-03-20,油价上涨,
2021-03-20,油价调整,
2021-03-20,汽油涨价,
2021-03-20,柴油涨价,
2021-03-20,通胀,
2021-03-20,物流成本,
2021-03-21,油价上涨,
2021-03-21,油价调整,
2021-03-21,汽油涨价,
2021-03-21,柴油涨价,
2021-03-21,通胀,
2021-03-21,物流成本,
2021-03-22,油价上涨,
2021-03-22,油价调整,
2021-03-22,汽油涨价,
2021-03-22,柴油涨价,
2021-03-22,通胀,
2021-03-22,物流成本,
2021-03-23,油价上涨,
2021-03-23,油价调整,
2021-03-23,汽油涨价,
2021-03-23,柴油涨价,
2021-03-23,通胀,
2021-03-23,物流成本,
2021-03-24,油价上涨,
2021-03-24,油价调整,
2021-03-24,汽油涨价,
2021-03-24,柴油涨价,
2021-03-24,通胀,
2021-03-24,物流成本,
2021-03-25,油价上涨,
2021-03-25,油价调整,
2021-03-25,汽油涨价,
2021-03-25,柴油涨价,
2021-03-25,通胀,
2021-03-25,物流成本,
2021-03-26,油价上涨,
2021-03-26,油价调整,
2021-03-26,汽油涨价,
2021-03-26,柴油涨价,
2021-03-26,通胀,
2021-03-26,物流成本,
2021-03-27,油价上涨,
2021-03-27,油价调整,
2021-03-27,汽油涨价,
2021-03-27,柴油涨价,
2021-03-27,通胀,
2021-03-27,物流成本,
2021-03-28,油价上涨,
2021-03-28,油价调整,
2021-03-28,汽油涨价,
2021-03-28,柴油涨价,
2021-03-28,通胀,
2021-03-28,物流成本,
2021-03-29,油价上涨,
2021-03-29,油价调整,
2021-03-29,汽油涨价,
2021-03-29,柴油涨价,
2021-03-29,通胀,
2021-03-29,物流成本,
2021-03-30,油价上涨,
2021-03-30,油价调整,
2021-03-30,汽油涨价,
2021-03-30,柴油涨价,
2021-03-30,通胀,
2021-03-30,物流成本,
2021-03-31,油价上涨,
2021-03-31,油价调整,
2021-03-31,汽油涨价,
2021-03-31,柴油涨价,
2021-03-31,通胀,
2021-03-31,物流成本,
2021-04-01,油价上涨,
2021-04-01,油价调整,
2021-04-01,汽油涨价,
2021-04-01,柴油涨价,
2021-04-01,通胀,
2021-04-01,物流成本,
2021-04-02,油价上涨,
2021-04-02,油价调整,
2021-04-02,汽油涨价,
2021-04-02,柴油涨价,
2021-04-02,通胀,
2021-04-02,物流成本,
2021-04-03,油价上涨,
2021-04-03,油价调整,
2021-04-03,汽油涨价,
2021-04-03,柴油涨价,
2021-04-03,通胀,
2021-04-03,物流成本,
2021-04-04,油价上涨,
2021-04-04,油价调整,
2021-04-04,汽油涨价,
2021-04-04,柴油涨价,
2021-04-04,通胀,
2021-04-04,物流成本,
2021-04-05,油价上涨,
2021-04-05,油价调整,
2021-04-05,汽油涨价,
2021-04-05,柴油涨价,
2021-04-05,通胀,
2021-04-05,物流成本,
2021-04-06,油价上涨,
2021-04-06,油价调整,
2021-04-06,汽油涨价,
2021-04-06,柴油涨价,
2021-04-06,通胀,
2021-04-06,物流成本,
2021-04-07,油价上涨,
2021-04-07,油价调整,
2021-04-07,汽油涨价,
2021-04-07,柴油涨价,
2021-04-07,通胀,
2021-04-07,物流成本,
2021-04-08,油价上涨,
2021-04-08,油价调整,
2021-04-08,汽油涨价,
2021-04-08,柴油涨价,
2021-04-08,通胀,
2021-04-08,物流成本,
2021-04-09,油价上涨,
2021-04-09,油价调整,
2021-04-09,汽油涨价,
2021-04-09,柴油涨价,
2021-04-09,通胀,
2021-04-09,物流成本,
2021-04-10,油价上涨,
2021-04-10,油价调整,
2021-04-10,汽油涨价,
2021-04-10,柴油涨价,
2021-04-10,通胀,
2021-04-10,物流成本,
2021-04-11,油价上涨,
2021-04-11,油价调整,
2021-04-11,汽油涨价,
2021-04-11,柴油涨价,
2021-04-11,通胀,
2021-04-11,物流成本,
2021-04-12,油价上涨,
2021-04-12,油价调整,
2021-04-12,汽油涨价,
2021-04-12,柴油涨价,
2021-04-12,通胀,
2021-04-12,物流成本,
2021-04-13,油价上涨,
2021-04-13,油价调整,
2021-04-13,汽油涨价,
2021-04-13,柴油涨价,
2021-04-13,通胀,
2021-04-13,物流成本,
2021-04-14,油价上涨,
2021-04-14,油价调整,
2021-04-14,汽油涨价,
2021-04-14,柴油涨价,
2021-04-14,通胀,
2021-04-14,物流成本,
2021-04-15,油价上涨,
2021-04-15,油价调整,
2021-04-15,汽油涨价,
2021-04-15,柴油涨价,
2021-04-15,通胀,
2021-04-15,物流成本,
2021-04-16,油价上涨,
2021-04-16,油价调整,
2021-04-16,汽油涨价,
2021-04-16,柴油涨价,
2021-04-16,通胀,
2021-04-16,物流成本,
2021-04-17,油价上涨,
2021-04-17,油价调整,
2021-04-17,汽油涨价,
2021-04-17,柴油涨价,
2021-04-17,通胀,
2021-04-17,物流成本,
2021-04-18,油价上涨,
2021-04-18,油价调整,
2021-04-18,汽油涨价,
2021-04-18,柴油涨价,
2021-04-18,通胀,
2021-04-18,物流成本,
2021-04-19,油价上涨,
2021-04-19,油价调整,
2021-04-19,汽油涨价,
2021-04-19,柴油涨价,
2021-04-19,通胀,
2021-04-19,物流成本,
2021-04-20,油价上涨,
2021-04-20,油价调整,
2021-04-20,汽油涨价,
2021-04-20,柴油涨价,
2021-04-20,通胀,
2021-04-20,物流成本,
2021-04-21,油价上涨,
2021-04-21,油价调整,
2021-04-21,汽油涨价,
2021-04-21,柴油涨价,
2021-04-21,通胀,
2021-04-21,物流成本,
2021-04-22,油价上涨,
2021-04-22,油价调整,
2021-04-22,汽油涨价,
2021-04-22,柴油涨价,
2021-04-22,通胀,
2021-04-22,物流成本,
2021-04-23,油价上涨,
2021-04-23,油价调整,
2021-04-23,汽油涨价,
2021-04-23,柴油涨价,
2021-04-23,通胀,
2021-04-23,物流成本,
2021-04-24,油价上涨,
2021-04-24,油价调整,
2021-04-24,汽油涨价,
2021-04-24,柴油涨价,
2021-04-24,通胀,
2021-04-24,物流成本,
2021-04-25,油价上涨,
2021-04-25,油价调整,
2021-04-25,汽油涨价,
2021-04-25,柴油涨价,
2021-04-25,通胀,
2021-04-25,物流成本,
2021-04-26,油价上涨,
2021-04-26,油价调整,
2021-04-26,汽油涨价,
2021-04-26,柴油涨价,
2021-04-26,通胀,
2021-04-26,物流成本,
2021-04-27,油价上涨,
2021-04-27,油价调整,
2021-04-27,汽油涨价,
2021-04-27,柴油涨价,
2021-04-27,通胀,
2021-04-27,物流成本,
2021-04-28,油价上涨,
2021-04-28,油价调整,
2021-04-28,汽油涨价,
2021-04-28,柴油涨价,
2021-04-28,通胀,
2021-04-28,物流成本,
2021-04-29,油价上涨,
2021-04-29,油价调整,
2021-04-29,汽油涨价,
2021-04-29,柴油涨价,
2021-04-29,通胀,
2021-04-29,物流成本,
2021-04-30,油价上涨,
2021-04-30,油价调整,
2021-04-30,汽油涨价,
2021-04-30,柴油涨价,
2021-04-30,通胀,
2021-04-30,物流成本,
2021-05-01,油价上涨,
2021-05-01,油价调整,
2021-05-01,汽油涨价,
2021-05-01,柴油涨价,
2021-05-01,通胀,
2021-05-01,物流成本,
2021-05-02,油价上涨,
2021-05-02,油价调整,
2021-05-02,汽油涨价,
2021-05-02,柴油涨价,
2021-05-02,通胀,
2021-05-02,物流成本,
2021-05-03,油价上涨,
2021-05-03,油价调整,
2021-05-03,汽油涨价,
2021-05-03,柴油涨价,
2021-05-03,通胀,
2021-05-03,物流成本,
2021-05-04,油价上涨,
2021-05-04,油价调整,
2021-05-04,汽油涨价,
2021-05-04,柴油涨价,
2021-05-04,通胀,
2021-05-04,物流成本,
2021-05-05,油价上涨,
2021-05-05,油价调整,
2021-05-05,汽油涨价,
2021-05-05,柴油涨价,
2021-05-05,通胀,
2021-05-05,物流成本,
2021-05-06,油价上涨,
2021-05-06,油价调整,
2021-05-06,汽油涨价,
2021-05-06,柴油涨价,
2021-05-06,通胀,
2021-05-06,物流成本,
2021-05-07,油价上涨,
2021-05-07,油价调整,
2021-05-07,汽油涨价,
2021-05-07,柴油涨价,
2021-05-07,通胀,
2021-05-07,物流成本,
2021-05-08,油价上涨,
2021-05-08,油价调整,
2021-05-08,汽油涨价,
2021-05-08,柴油涨价,
2021-05-08,通胀,
2021-05-08,物流成本,
2021-05-09,油价上涨,
2021-05-09,油价调整,
2021-05-09,汽油涨价,
2021-05-09,柴油涨价,
2021-05-09,通胀,
2021-05-09,物流成本,
2021-05-10,油价上涨,
2021-05-10,油价调整,
2021-05-10,汽油涨价,
2021-05-10,柴油涨价,
2021-05-10,通胀,
2021-05-10,物流成本,
2021-05-11,油价上涨,
2021-05-11,油价调整,
2021-05-11,汽油涨价,
2021-05-11,柴油涨价,
2021-05-11,通胀,
2021-05-11,物流成本,
2021-05-12,油价上涨,
2021-05-12,油价调整,
2021-05-12,汽油涨价,
2021-05-12,柴油涨价,
2021-05-12,通胀,
2021-05-12,物流成本,
2021-05-13,油价上涨,
2021-05-13,油价调整,
2021-05-13,汽油涨价,
2021-05-13,柴油涨价,
2021-05-13,通胀,
2021-05-13,物流成本,
2021-05-14,油价上涨,
2021-05-14,油价调整,
2021-05-14,汽油涨价,
2021-05-14,柴油涨价,
2021-05-14,通胀,
2021-05-14,物流成本,
2021-05-15,油价上涨,
2021-05-15,油价调整,
2021-05-15,汽油涨价,
2021-05-15,柴油涨价,
2021-05-15,通胀,
2021-05-15,物流成本,
2021-05-16,油价上涨,
2021-05-16,油价调整,
2021-05-16,汽油涨价,
2021-05-16,柴油涨价,
2021-05-16,通胀,
2021-05-16,物流成本,
2021-05-17,油价上涨,
2021-05-17,油价调整,
2021-05-17,汽油涨价,
2021-05-17,柴油涨价,
2021-05-17,通胀,
2021-05-17,物流成本,
2021-05-18,油价上涨,
2021-05-18,油价调整,
2021-05-18,汽油涨价,
2021-05-18,柴油涨价,
2021-05-18,通胀,
2021-05-18,物流成本,
2021-05-19,油价上涨,
2021-05-19,油价调整,
2021-05-19,汽油涨价,
2021-05-19,柴油涨价,
2021-05-19,通胀,
2021-05-19,物流成本,
2021-05-20,油价上涨,
2021-05-20,油价调整,
2021-05-20,汽油涨价,
2021-05-20,柴油涨价,
2021-05-20,通胀,
2021-05-20,物流成本,
2021-05-21,油价上涨,
2021-05-21,油价调整,
2021-05-21,汽油涨价,
2021-05-21,柴油涨价,
2021-05-21,通胀,
2021-05-21,物流成本,
2021-05-22,油价上涨,
2021-05-22,油价调整,
2021-05-22,汽油涨价,
2021-05-22,柴油涨价,
2021-05-22,通胀,
2021-05-22,物流成本,
2021-05-23,油价上涨,
2021-05-23,油价调整,
2021-05-23,汽油涨价,
2021-05-23,柴油涨价,
2021-05-23,通胀,
2021-05-23,物流成本,
2021-05-24,油价上涨,
2021-05-24,油价调整,
2021-05-24,汽油涨价,
2021-05-24,柴油涨价,
2021-05-24,通胀,
2021-05-24,物流成本,
2021-05-25,油价上涨,
2021-05-25,油价调整,
2021-05-25,汽油涨价,
2021-05-25,柴油涨价,
2021-05-25,通胀,
2021-05-25,物流成本,
2021-05-26,油价上涨,
2021-05-26,油价调整,
2021-05-26,汽油涨价,
2021-05-26,柴油涨价,
2021-05-26,通胀,
2021-05-26,物流成本,
2021-05-27,油价上涨,
2021-05-27,油价调整,
2021-05-27,汽油涨价,
2021-05-27,柴油涨价,
2021-05-27,通胀,
2021-05-27,物流成本,
2021-05-28,油价上涨,
2021-05-28,油价调整,
2021-05-28,汽油涨价,
2021-05-28,柴油涨价,
2021-05-28,通胀,
2021-05-28,物流成本,
2021-05-29,油价上涨,
2021-05-29,油价调整,
2021-05-29,汽油涨价,
2021-05-29,柴油涨价,
2021-05-29,通胀,
2021-05-29,物流成本,
2021-05-30,油价上涨,
2021-05-30,油价调整,
2021-05-30,汽油涨价,
2021-05-30,柴油涨价,
2021-05-30,通胀,
2021-05-30,物流成本,
2021-05-31,油价上涨,
2021-05-31,油价调整,
2021-05-31,汽油涨价,
2021-05-31,柴油涨价,
2021-05-31,通胀,
2021-05-31,物流成本,
2021-06-01,油价上涨,
2021-06-01,油价调整,
2021-06-01,汽油涨价,
2021-06-01,柴油涨价,
2021-06-01,通胀,
2021-06-01,物流成本,
2021-06-02,油价上涨,
2021-06-02,油价调整,
2021-06-02,汽油涨价,
2021-06-02,柴油涨价,
2021-06-02,通胀,
2021-06-02,物流成本,
2021-06-03,油价上涨,
2021-06-03,油价调整,
2021-06-03,汽油涨价,
2021-06-03,柴油涨价,
2021-06-03,通胀,
2021-06-03,物流成本,
2021-06-04,油价上涨,
2021-06-04,油价调整,
2021-06-04,汽油涨价,
2021-06-04,柴油涨价,
2021-06-04,通胀,
2021-06-04,物流成本,
2021-06-05,油价上涨,
2021-06-05,油价调整,
2021-06-05,汽油涨价,
2021-06-05,柴油涨价,
2021-06-05,通胀,
2021-06-05,物流成本,
2021-06-06,油价上涨,
2021-06-06,油价调整,
2021-06-06,汽油涨价,
2021-06-06,柴油涨价,
2021-06-06,通胀,
2021-06-06,物流成本,
2021-06-07,油价上涨,
2021-06-07,油价调整,
2021-06-07,汽油涨价,
2021-06-07,柴油涨价,
2021-06-07,通胀,
2021-06-07,物流成本,
2021-06-08,油价上涨,
2021-06-08,油价调整,
2021-06-08,汽油涨价,
2021-06-08,柴油涨价,
2021-06-08,通胀,
2021-06-08,物流成本,
2021-06-09,油价上涨,
2021-06-09,油价调整,
2021-06-09,汽油涨价,
2021-06-09,柴油涨价,
2021-06-09,通胀,
2021-06-09,物流成本,
2021-06-10,油价上涨,
2021-06-10,油价调整,
2021-06-10,汽油涨价,
2021-06-10,柴油涨价,
2021-06-10,通胀,
2021-06-10,物流成本,
2021-06-11,油价上涨,
2021-06-11,油价调整,
2021-06-11,汽油涨价,
2021-06-11,柴油涨价,
2021-06-11,通胀,
2021-06-11,物流成本,
2021-06-12,油价上涨,
2021-06-12,油价调整,
2021-06-12,汽油涨价,
2021-06-12,柴油涨价,
2021-06-12,通胀,
2021-06-12,物流成本,
2021-06-13,油价上涨,
2021-06-13,油价调整,
2021-06-13,汽油涨价,
2021-06-13,柴油涨价,
2021-06-13,通胀,
2021-06-13,物流成本,
2021-06-14,油价上涨,
2021-06-14,油价调整,
2021-06-14,汽油涨价,
2021-06-14,柴油涨价,
2021-06-14,通胀,
2021-06-14,物流成本,
2021-06-15,油价上涨,
2021-06-15,油价调整,
2021-06-15,汽油涨价,
2021-06-15,柴油涨价,
2021-06-15,通胀,
2021-06-15,物流成本,
2021-06-16,油价上涨,
2021-06-16,油价调整,
2021-06-16,汽油涨价,
2021-06-16,柴油涨价,
2021-06-16,通胀,
2021-06-16,物流成本,
2021-06-17,油价上涨,
2021-06-17,油价调整,
2021-06-17,汽油涨价,
2021-06-17,柴油涨价,
2021-06-17,通胀,
2021-06-17,物流成本,
2021-06-18,油价上涨,
2021-06-18,油价调整,
2021-06-18,汽油涨价,
2021-06-18,柴油涨价,
2021-06-18,通胀,
2021-06-18,物流成本,
2021-06-19,油价上涨,
2021-06-19,油价调整,
2021-06-19,汽油涨价,
2021-06-19,柴油涨价,
2021-06-19,通胀,
2021-06-19,物流成本,
2021-06-20,油价上涨,
2021-06-20,油价调整,
2021-06-20,汽油涨价,
2021-06-20,柴油涨价,
2021-06-20,通胀,
2021-06-20,物流成本,
2021-06-21,油价上涨,
2021-06-21,油价调整,
2021-06-21,汽油涨价,
2021-06-21,柴油涨价,
2021-06-21,通胀,
2021-06-21,物流成本,
2021-06-22,油价上涨,
2021-06-22,油价调整,
2021-06-22,汽油涨价,
2021-06-22,柴油涨价,
2021-06-22,通胀,
2021-06-22,物流成本,
2021-06-23,油价上涨,
2021-06-23,油价调整,
2021-06-23,汽油涨价,
2021-06-23,柴油涨价,
2021-06-23,通胀,
2021-06-23,物流成本,
2021-06-24,油价上涨,
2021-06-24,油价调整,
2021-06-24,汽油涨价,
2021-06-24,柴油涨价,
2021-06-24,通胀,
2021-06-24,物流成本,
2021-06-25,油价上涨,
2021-06-25,油价调整,
2021-06-25,汽油涨价,
2021-06-25,柴油涨价,
2021-06-25,通胀,
2021-06-25,物流成本,
2021-06-26,油价上涨,
2021-06-26,油价调整,
2021-06-26,汽油涨价,
2021-06-26,柴油涨价,
2021-06-26,通胀,
2021-06-26,物流成本,
2021-06-27,油价上涨,
2021-06-27,油价调整,
2021-06-27,汽油涨价,
2021-06-27,柴油涨价,
2021-06-27,通胀,
2021-06-27,物流成本,
2021-06-28,油价上涨,
2021-06-28,油价调整,
2021-06-28,汽油涨价,
2021-06-28,柴油涨价,
2021-06-28,通胀,
2021-06-28,物流成本,
2021-06-29,油价上涨,
2021-06-29,油价调整,
2021-06-29,汽油涨价,
2021-06-29,柴油涨价,
2021-06-29,通胀,
2021-06-29,物流成本,
2021-06-30,油价上涨,
2021-06-30,油价调整,
2021-06-30,汽油涨价,
2021-06-30,柴油涨价,
2021-06-30,通胀,
2021-06-30,物流成本,
2021-07-01,油价上涨,
2021-07-01,油价调整,
2021-07-01,汽油涨价,
2021-07-01,柴油涨价,
2021-07-01,通胀,
2021-07-01,物流成本,
2021-07-02,油价上涨,
2021-07-02,油价调整,
2021-07-02,汽油涨价,
2021-07-02,柴油涨价,
2021-07-02,通胀,
2021-07-02,物流成本,
2021-07-03,油价上涨,
2021-07-03,油价调整,
2021-07-03,汽油涨价,
2021-07-03,柴油涨价,
2021-07-03,通胀,
2021-07-03,物流成本,
2021-07-04,油价上涨,
2021-07-04,油价调整,
2021-07-04,汽油涨价,
2021-07-04,柴油涨价,
2021-07-04,通胀,
2021-07-04,物流成本,
2021-07-05,油价上涨,
2021-07-05,油价调整,
2021-07-05,汽油涨价,
2021-07-05,柴油涨价,
2021-07-05,通胀,
2021-07-05,物流成本,
2021-07-06,油价上涨,
2021-07-06,油价调整,
2021-07-06,汽油涨价,
2021-07-06,柴油涨价,
2021-07-06,通胀,
2021-07-06,物流成本,
2021-07-07,油价上涨,
2021-07-07,油价调整,
2021-07-07,汽油涨价,
2021-07-07,柴油涨价,
2021-07-07,通胀,
2021-07-07,物流成本,
2021-07-08,油价上涨,
2021-07-08,油价调整,
2021-07-08,汽油涨价,
2021-07-08,柴油涨价,
2021-07-08,通胀,
2021-07-08,物流成本,
2021-07-09,油价上涨,
2021-07-09,油价调整,
2021-07-09,汽油涨价,
2021-07-09,柴油涨价,
2021-07-09,通胀,
2021-07-09,物流成本,
2021-07-10,油价上涨,
2021-07-10,油价调整,
2021-07-10,汽油涨价,
2021-07-10,柴油涨价,
2021-07-10,通胀,
2021-07-10,物流成本,
2021-07-11,油价上涨,
2021-07-11,油价调整,
2021-07-11,汽油涨价,
2021-07-11,柴油涨价,
2021-07-11,通胀,
2021-07-11,物流成本,
2021-07-12,油价上涨,
2021-07-12,油价调整,
2021-07-12,汽油涨价,
2021-07-12,柴油涨价,
2021-07-12,通胀,
2021-07-12,物流成本,
2021-07-13,油价上涨,
2021-07-13,油价调整,
2021-07-13,汽油涨价,
2021-07-13,柴油涨价,
2021-07-13,通胀,
2021-07-13,物流成本,
2021-07-14,油价上涨,
2021-07-14,油价调整,
2021-07-14,汽油涨价,
2021-07-14,柴油涨价,
2021-07-14,通胀,
2021-07-14,物流成本,
2021-07-15,油价上涨,
2021-07-15,油价调整,
2021-07-15,汽油涨价,
2021-07-15,柴油涨价,
2021-07-15,通胀,
2021-07-15,物流成本,
2021-07-16,油价上涨,
2021-07-16,油价调整,
2021-07-16,汽油涨价,
2021-07-16,柴油涨价,
2021-07-16,通胀,
2021-07-16,物流成本,
2021-07-17,油价上涨,
2021-07-17,油价调整,
2021-07-17,汽油涨价,
2021-07-17,柴油涨价,
2021-07-17,通胀,
2021-07-17,物流成本,
2021-07-18,油价上涨,
2021-07-18,油价调整,
2021-07-18,汽油涨价,
2021-07-18,柴油涨价,
2021-07-18,通胀,
2021-07-18,物流成本,
2021-07-19,油价上涨,
2021-07-19,油价调整,
2021-07-19,汽油涨价,
2021-07-19,柴油涨价,
2021-07-19,通胀,
2021-07-19,物流成本,
2021-07-20,油价上涨,
2021-07-20,油价调整,
2021-07-20,汽油涨价,
2021-07-20,柴油涨价,
2021-07-20,通胀,
2021-07-20,物流成本,
2021-07-21,油价上涨,
2021-07-21,油价调整,
2021-07-21,汽油涨价,
2021-07-21,柴油涨价,
2021-07-21,通胀,
2021-07-21,物流成本,
2021-07-22,油价上涨,
2021-07-22,油价调整,
2021-07-22,汽油涨价,
2021-07-22,柴油涨价,
2021-07-22,通胀,
2021-07-22,物流成本,
2021-07-23,油价上涨,
2021-07-23,油价调整,
2021-07-23,汽油涨价,
2021-07-23,柴油涨价,
2021-07-23,通胀,
2021-07-23,物流成本,
2021-07-24,油价上涨,
2021-07-24,油价调整,
2021-07-24,汽油涨价,
2021-07-24,柴油涨价,
2021-07-24,通胀,
2021-07-24,物流成本,
2021-07-25,油价上涨,
2021-07-25,油价调整,
2021-07-25,汽油涨价,
2021-07-25,柴油涨价,
2021-07-25,通胀,
2021-07-25,物流成本,
2021-07-26,油价上涨,
2021-07-26,油价调整,
2021-07-26,汽油涨价,
2021-07-26,柴油涨价,
2021-07-26,通胀,
2021-07-26,物流成本,
2021-07-27,油价上涨,
2021-07-27,油价调整,
2021-07-27,汽油涨价,
2021-07-27,柴油涨价,
2021-07-27,通胀,
2021-07-27,物流成本,
2021-07-28,油价上涨,
2021-07-28,油价调整,
2021-07-28,汽油涨价,
2021-07-28,柴油涨价,
2021-07-28,通胀,
2021-07-28,物流成本,
2021-07-29,油价上涨,
2021-07-29,油价调整,
2021-07-29,汽油涨价,
2021-07-29,柴油涨价,
2021-07-29,通胀,
2021-07-29,物流成本,
2021-07-30,油价上涨,
2021-07-30,油价调整,
2021-07-30,汽油涨价,
2021-07-30,柴油涨价,
2021-07-30,通胀,
2021-07-30,物流成本,
2021-07-31,油价上涨,
2021-07-31,油价调整,
2021-07-31,汽油涨价,
2021-07-31,柴油涨价,
2021-07-31,通胀,
2021-07-31,物流成本,
2021-08-01,油价上涨,
2021-08-01,油价调整,
2021-08-01,汽油涨价,
2021-08-01,柴油涨价,
2021-08-01,通胀,
2021-08-01,物流成本,
2021-08-02,油价上涨,
2021-08-02,油价调整,
2021-08-02,汽油涨价,
2021-08-02,柴油涨价,
2021-08-02,通胀,
2021-08-02,物流成本,
2021-08-03,油价上涨,
2021-08-03,油价调整,
2021-08-03,汽油涨价,
2021-08-03,柴油涨价,
2021-08-03,通胀,
2021-08-03,物流成本,
2021-08-04,油价上涨,
2021-08-04,油价调整,
2021-08-04,汽油涨价,
2021-08-04,柴油涨价,
2021-08-04,通胀,
2021-08-04,物流成本,
2021-08-05,油价上涨,
2021-08-05,油价调整,
2021-08-05,汽油涨价,
2021-08-05,柴油涨价,
2021-08-05,通胀,
2021-08-05,物流成本,
2021-08-06,油价上涨,
2021-08-06,油价调整,
2021-08-06,汽油涨价,
2021-08-06,柴油涨价,
2021-08-06,通胀,
2021-08-06,物流成本,
2021-08-07,油价上涨,
2021-08-07,油价调整,
2021-08-07,汽油涨价,
2021-08-07,柴油涨价,
2021-08-07,通胀,
2021-08-07,物流成本,
2021-08-08,油价上涨,
2021-08-08,油价调整,
2021-08-08,汽油涨价,
2021-08-08,柴油涨价,
2021-08-08,通胀,
2021-08-08,物流成本,
2021-08-09,油价上涨,
2021-08-09,油价调整,
2021-08-09,汽油涨价,
2021-08-09,柴油涨价,
2021-08-09,通胀,
2021-08-09,物流成本,
2021-08-10,油价上涨,
2021-08-10,油价调整,
2021-08-10,汽油涨价,
2021-08-10,柴油涨价,
2021-08-10,通胀,
2021-08-10,物流成本,
2021-08-11,油价上涨,
2021-08-11,油价调整,
2021-08-11,汽油涨价,
2021-08-11,柴油涨价,
2021-08-11,通胀,
2021-08-11,物流成本,
2021-08-12,油价上涨,
2021-08-12,油价调整,
2021-08-12,汽油涨价,
2021-08-12,柴油涨价,
2021-08-12,通胀,
2021-08-12,物流成本,
2021-08-13,油价上涨,
2021-08-13,油价调整,
2021-08-13,汽油涨价,
2021-08-13,柴油涨价,
2021-08-13,通胀,
2021-08-13,物流成本,
2021-08-14,油价上涨,
2021-08-14,油价调整,
2021-08-14,汽油涨价,
2021-08-14,柴油涨价,
2021-08-14,通胀,
2021-08-14,物流成本,
2021-08-15,油价上涨,
2021-08-15,油价调整,
2021-08-15,汽油涨价,
2021-08-15,柴油涨价,
2021-08-15,通胀,
2021-08-15,物流成本,
2021-08-16,油价上涨,
2021-08-16,油价调整,
2021-08-16,汽油涨价,
2021-08-16,柴油涨价,
2021-08-16,通胀,
2021-08-16,物流成本,
2021-08-17,油价上涨,
2021-08-17,油价调整,
2021-08-17,汽油涨价,
2021-08-17,柴油涨价,
2021-08-17,通胀,
2021-08-17,物流成本,
2021-08-18,油价上涨,
2021-08-18,油价调整,
2021-08-18,汽油涨价,
2021-08-18,柴油涨价,
2021-08-18,通胀,
2021-08-18,物流成本,
2021-08-19,油价上涨,
2021-08-19,油价调整,
2021-08-19,汽油涨价,
2021-08-19,柴油涨价,
2021-08-19,通胀,
2021-08-19,物流成本,
2021-08-20,油价上涨,
2021-08-20,油价调整,
2021-08-20,汽油涨价,
2021-08-20,柴油涨价,
2021-08-20,通胀,
2021-08-20,物流成本,
2021-08-21,油价上涨,
2021-08-21,油价调整,
2021-08-21,汽油涨价,
2021-08-21,柴油涨价,
2021-08-21,通胀,
2021-08-21,物流成本,
2021-08-22,油价上涨,
2021-08-22,油价调整,
2021-08-22,汽油涨价,
2021-08-22,柴油涨价,
2021-08-22,通胀,
2021-08-22,物流成本,
2021-08-23,油价上涨,
2021-08-23,油价调整,
2021-08-23,汽油涨价,
2021-08-23,柴油涨价,
2021-08-23,通胀,
2021-08-23,物流成本,
2021-08-24,油价上涨,
2021-08-24,油价调整,
2021-08-24,汽油涨价,
2021-08-24,柴油涨价,
2021-08-24,通胀,
2021-08-24,物流成本,
2021-08-25,油价上涨,
2021-08-25,油价调整,
2021-08-25,汽油涨价,
2021-08-25,柴油涨价,
2021-08-25,通胀,
2021-08-25,物流成本,
2021-08-26,油价上涨,
2021-08-26,油价调整,
2021-08-26,汽油涨价,
2021-08-26,柴油涨价,
2021-08-26,通胀,
2021-08-26,物流成本,
2021-08-27,油价上涨,
2021-08-27,油价调整,
2021-08-27,汽油涨价,
2021-08-27,柴油涨价,
2021-08-27,通胀,
2021-08-27,物流成本,
2021-08-28,油价上涨,
2021-08-28,油价调整,
2021-08-28,汽油涨价,
2021-08-28,柴油涨价,
2021-08-28,通胀,
2021-08-28,物流成本,
2021-08-29,油价上涨,
2021-08-29,油价调整,
2021-08-29,汽油涨价,
2021-08-29,柴油涨价,
2021-08-29,通胀,
2021-08-29,物流成本,
2021-08-30,油价上涨,
2021-08-30,油价调整,
2021-08-30,汽油涨价,
2021-08-30,柴油涨价,
2021-08-30,通胀,
2021-08-30,物流成本,
2021-08-31,油价上涨,
2021-08-31,油价调整,
2021-08-31,汽油涨价,
2021-08-31,柴油涨价,
2021-08-31,通胀,
2021-08-31,物流成本,
2021-09-01,油价上涨,
2021-09-01,油价调整,
2021-09-01,汽油涨价,
2021-09-01,柴油涨价,
2021-09-01,通胀,
2021-09-01,物流成本,
2021-09-02,油价上涨,
2021-09-02,油价调整,
2021-09-02,汽油涨价,
2021-09-02,柴油涨价,
2021-09-02,通胀,
2021-09-02,物流成本,
2021-09-03,油价上涨,
2021-09-03,油价调整,
2021-09-03,汽油涨价,
2021-09-03,柴油涨价,
2021-09-03,通胀,
2021-09-03,物流成本,
2021-09-04,油价上涨,
2021-09-04,油价调整,
2021-09-04,汽油涨价,
2021-09-04,柴油涨价,
2021-09-04,通胀,
2021-09-04,物流成本,
2021-09-05,油价上涨,
2021-09-05,油价调整,
2021-09-05,汽油涨价,
2021-09-05,柴油涨价,
2021-09-05,通胀,
2021-09-05,物流成本,
2021-09-06,油价上涨,
2021-09-06,油价调整,
2021-09-06,汽油涨价,
2021-09-06,柴油涨价,
2021-09-06,通胀,
2021-09-06,物流成本,
2021-09-07,油价上涨,
2021-09-07,油价调整,
2021-09-07,汽油涨价,
2021-09-07,柴油涨价,
2021-09-07,通胀,
2021-09-07,物流成本,
2021-09-08,油价上涨,
2021-09-08,油价调整,
2021-09-08,汽油涨价,
2021-09-08,柴油涨价,
2021-09-08,通胀,
2021-09-08,物流成本,
2021-09-09,油价上涨,
2021-09-09,油价调整,
2021-09-09,汽油涨价,
2021-09-09,柴油涨价,
2021-09-09,通胀,
2021-09-09,物流成本,
2021-09-10,油价上涨,
2021-09-10,油价调整,
2021-09-10,汽油涨价,
2021-09-10,柴油涨价,
2021-09-10,通胀,
2021-09-10,物流成本,
2021-09-11,油价上涨,
2021-09-11,油价调整,
2021-09-11,汽油涨价,
2021-09-11,柴油涨价,
2021-09-11,通胀,
2021-09-11,物流成本,
2021-09-12,油价上涨,
2021-09-12,油价调整,
2021-09-12,汽油涨价,
2021-09-12,柴油涨价,
2021-09-12,通胀,
2021-09-12,物流成本,
2021-09-13,油价上涨,
2021-09-13,油价调整,
2021-09-13,汽油涨价,
2021-09-13,柴油涨价,
2021-09-13,通胀,
2021-09-13,物流成本,
2021-09-14,油价上涨,
2021-09-14,油价调整,
2021-09-14,汽油涨价,
2021-09-14,柴油涨价,
2021-09-14,通胀,
2021-09-14,物流成本,
2021-09-15,油价上涨,
2021-09-15,油价调整,
2021-09-15,汽油涨价,
2021-09-15,柴油涨价,
2021-09-15,通胀,
2021-09-15,物流成本,
2021-09-16,油价上涨,
2021-09-16,油价调整,
2021-09-16,汽油涨价,
2021-09-16,柴油涨价,
2021-09-16,通胀,
2021-09-16,物流成本,
2021-09-17,油价上涨,
2021-09-17,油价调整,
2021-09-17,汽油涨价,
2021-09-17,柴油涨价,
2021-09-17,通胀,
2021-09-17,物流成本,
2021-09-18,油价上涨,
2021-09-18,油价调整,
2021-09-18,汽油涨价,
2021-09-18,柴油涨价,
2021-09-18,通胀,
2021-09-18,物流成本,
2021-09-19,油价上涨,
2021-09-19,油价调整,
2021-09-19,汽油涨价,
2021-09-19,柴油涨价,
2021-09-19,通胀,
2021-09-19,物流成本,
2021-09-20,油价上涨,
2021-09-20,油价调整,
2021-09-20,汽油涨价,
2021-09-20,柴油涨价,
2021-09-20,通胀,
2021-09-20,物流成本,
2021-09-21,油价上涨,
2021-09-21,油价调整,
2021-09-21,汽油涨价,
2021-09-21,柴油涨价,
2021-09-21,通胀,
2021-09-21,物流成本,
2021-09-22,油价上涨,
2021-09-22,油价调整,
2021-09-22,汽油涨价,
2021-09-22,柴油涨价,
2021-09-22,通胀,
2021-09-22,物流成本,
2021-09-23,油价上涨,
2021-09-23,油价调整,
2021-09-23,汽油涨价,
2021-09-23,柴油涨价,
2021-09-23,通胀,
2021-09-23,物流成本,
2021-09-24,油价上涨,
2021-09-24,油价调整,
2021-09-24,汽油涨价,
2021-09-24,柴油涨价,
2021-09-24,通胀,
2021-09-24,物流成本,
2021-09-25,油价上涨,
2021-09-25,油价调整,
2021-09-25,汽油涨价,
2021-09-25,柴油涨价,
2021-09-25,通胀,
2021-09-25,物流成本,
2021-09-26,油价上涨,
2021-09-26,油价调整,
2021-09-26,汽油涨价,
2021-09-26,柴油涨价,
2021-09-26,通胀,
2021-09-26,物流成本,
2021-09-27,油价上涨,
2021-09-27,油价调整,
2021-09-27,汽油涨价,
2021-09-27,柴油涨价,
2021-09-27,通胀,
2021-09-27,物流成本,
2021-09-28,油价上涨,
2021-09-28,油价调整,
2021-09-28,汽油涨价,
2021-09-28,柴油涨价,
2021-09-28,通胀,
2021-09-28,物流成本,
2021-09-29,油价上涨,
2021-09-29,油价调整,
2021-09-29,汽油涨价,
2021-09-29,柴油涨价,
2021-09-29,通胀,
2021-09-29,物流成本,
2021-09-30,油价上涨,
2021-09-30,油价调整,
2021-09-30,汽油涨价,
2021-09-30,柴油涨价,
2021-09-30,通胀,
2021-09-30,物流成本,
2021-10-01,油价上涨,
2021-10-01,油价调整,
2021-10-01,汽油涨价,
2021-10-01,柴油涨价,
2021-10-01,通胀,
2021-10-01,物流成本,
2021-10-02,油价上涨,
2021-10-02,油价调整,
2021-10-02,汽油涨价,
2021-10-02,柴油涨价,
2021-10-02,通胀,
2021-10-02,物流成本,
2021-10-03,油价上涨,
2021-10-03,油价调整,
2021-10-03,汽油涨价,
2021-10-03,柴油涨价,
2021-10-03,通胀,
2021-10-03,物流成本,
2021-10-04,油价上涨,
2021-10-04,油价调整,
2021-10-04,汽油涨价,
2021-10-04,柴油涨价,
2021-10-04,通胀,
2021-10-04,物流成本,
2021-10-05,油价上涨,
2021-10-05,油价调整,
2021-10-05,汽油涨价,
2021-10-05,柴油涨价,
2021-10-05,通胀,
2021-10-05,物流成本,
2021-10-06,油价上涨,
2021-10-06,油价调整,
2021-10-06,汽油涨价,
2021-10-06,柴油涨价,
2021-10-06,通胀,
2021-10-06,物流成本,
2021-10-07,油价上涨,
2021-10-07,油价调整,
2021-10-07,汽油涨价,
2021-10-07,柴油涨价,
2021-10-07,通胀,
2021-10-07,物流成本,
2021-10-08,油价上涨,
2021-10-08,油价调整,
2021-10-08,汽油涨价,
2021-10-08,柴油涨价,
2021-10-08,通胀,
2021-10-08,物流成本,
2021-10-09,油价上涨,
2021-10-09,油价调整,
2021-10-09,汽油涨价,
2021-10-09,柴油涨价,
2021-10-09,通胀,
2021-10-09,物流成本,
2021-10-10,油价上涨,
2021-10-10,油价调整,
2021-10-10,汽油涨价,
2021-10-10,柴油涨价,
2021-10-10,通胀,
2021-10-10,物流成本,
2021-10-11,油价上涨,
2021-10-11,油价调整,
2021-10-11,汽油涨价,
2021-10-11,柴油涨价,
2021-10-11,通胀,
2021-10-11,物流成本,
2021-10-12,油价上涨,
2021-10-12,油价调整,
2021-10-12,汽油涨价,
2021-10-12,柴油涨价,
2021-10-12,通胀,
2021-10-12,物流成本,
2021-10-13,油价上涨,
2021-10-13,油价调整,
2021-10-13,汽油涨价,
2021-10-13,柴油涨价,
2021-10-13,通胀,
2021-10-13,物流成本,
2021-10-14,油价上涨,
2021-10-14,油价调整,
2021-10-14,汽油涨价,
2021-10-14,柴油涨价,
2021-10-14,通胀,
2021-10-14,物流成本,
2021-10-15,油价上涨,
2021-10-15,油价调整,
2021-10-15,汽油涨价,
2021-10-15,柴油涨价,
2021-10-15,通胀,
2021-10-15,物流成本,
2021-10-16,油价上涨,
2021-10-16,油价调整,
2021-10-16,汽油涨价,
2021-10-16,柴油涨价,
2021-10-16,通胀,
2021-10-16,物流成本,
2021-10-17,油价上涨,
2021-10-17,油价调整,
2021-10-17,汽油涨价,
2021-10-17,柴油涨价,
2021-10-17,通胀,
2021-10-17,物流成本,
2021-10-18,油价上涨,
2021-10-18,油价调整,
2021-10-18,汽油涨价,
2021-10-18,柴油涨价,
2021-10-18,通胀,
2021-10-18,物流成本,
2021-10-19,油价上涨,
2021-10-19,油价调整,
2021-10-19,汽油涨价,
2021-10-19,柴油涨价,
2021-10-19,通胀,
2021-10-19,物流成本,
2021-10-20,油价上涨,
2021-10-20,油价调整,
2021-10-20,汽油涨价,
2021-10-20,柴油涨价,
2021-10-20,通胀,
2021-10-20,物流成本,
2021-10-21,油价上涨,
2021-10-21,油价调整,
2021-10-21,汽油涨价,
2021-10-21,柴油涨价,
2021-10-21,通胀,
2021-10-21,物流成本,
2021-10-22,油价上涨,
2021-10-22,油价调整,
2021-10-22,汽油涨价,
2021-10-22,柴油涨价,
2021-10-22,通胀,
2021-10-22,物流成本,
2021-10-23,油价上涨,
2021-10-23,油价调整,
2021-10-23,汽油涨价,
2021-10-23,柴油涨价,
2021-10-23,通胀,
2021-10-23,物流成本,
2021-10-24,油价上涨,
2021-10-24,油价调整,
2021-10-24,汽油涨价,
2021-10-24,柴油涨价,
2021-10-24,通胀,
2021-10-24,物流成本,
2021-10-25,油价上涨,
2021-10-25,油价调整,
2021-10-25,汽油涨价,
2021-10-25,柴油涨价,
2021-10-25,通胀,
2021-10-25,物流成本,
2021-10-26,油价上涨,
2021-10-26,油价调整,
2021-10-26,汽油涨价,
2021-10-26,柴油涨价,
2021-10-26,通胀,
2021-10-26,物流成本,
2021-10-27,油价上涨,
2021-10-27,油价调整,
2021-10-27,汽油涨价,
2021-10-27,柴油涨价,
2021-10-27,通胀,
2021-10-27,物流成本,
2021-10-28,油价上涨,
2021-10-28,油价调整,
2021-10-28,汽油涨价,
2021-10-28,柴油涨价,
2021-10-28,通胀,
2021-10-28,物流成本,
2021-10-29,油价上涨,
2021-10-29,油价调整,
2021-10-29,汽油涨价,
2021-10-29,柴油涨价,
2021-10-29,通胀,
2021-10-29,物流成本,
2021-10-30,油价上涨,
2021-10-30,油价调整,
2021-10-30,汽油涨价,
2021-10-30,柴油涨价,
2021-10-30,通胀,
2021-10-30,物流成本,
2021-10-31,油价上涨,
2021-10-31,油价调整,
2021-10-31,汽油涨价,
2021-10-31,柴油涨价,
2021-10-31,通胀,
2021-10-31,物流成本,
2021-11-01,油价上涨,
2021-11-01,油价调整,
2021-11-01,汽油涨价,
2021-11-01,柴油涨价,
2021-11-01,通胀,
2021-11-01,物流成本,
2021-11-02,油价上涨,
2021-11-02,油价调整,
2021-11-02,汽油涨价,
2021-11-02,柴油涨价,
2021-11-02,通胀,
2021-11-02,物流成本,
2021-11-03,油价上涨,
2021-11-03,油价调整,
2021-11-03,汽油涨价,
2021-11-03,柴油涨价,
2021-11-03,通胀,
2021-11-03,物流成本,
2021-11-04,油价上涨,
2021-11-04,油价调整,
2021-11-04,汽油涨价,
2021-11-04,柴油涨价,
2021-11-04,通胀,
2021-11-04,物流成本,
2021-11-05,油价上涨,
2021-11-05,油价调整,
2021-11-05,汽油涨价,
2021-11-05,柴油涨价,
2021-11-05,通胀,
2021-11-05,物流成本,
2021-11-06,油价上涨,
2021-11-06,油价调整,
2021-11-06,汽油涨价,
2021-11-06,柴油涨价,
2021-11-06,通胀,
2021-11-06,物流成本,
2021-11-07,油价上涨,
2021-11-07,油价调整,
2021-11-07,汽油涨价,
2021-11-07,柴油涨价,
2021-11-07,通胀,
2021-11-07,物流成本,
2021-11-08,油价上涨,
2021-11-08,油价调整,
2021-11-08,汽油涨价,
2021-11-08,柴油涨价,
2021-11-08,通胀,
2021-11-08,物流成本,
2021-11-09,油价上涨,
2021-11-09,油价调整,
2021-11-09,汽油涨价,
2021-11-09,柴油涨价,
2021-11-09,通胀,
2021-11-09,物流成本,
2021-11-10,油价上涨,
2021-11-10,油价调整,
2021-11-10,汽油涨价,
2021-11-10,柴油涨价,
2021-11-10,通胀,
2021-11-10,物流成本,
2021-11-11,油价上涨,
2021-11-11,油价调整,
2021-11-11,汽油涨价,
2021-11-11,柴油涨价,
2021-11-11,通胀,
2021-11-11,物流成本,
2021-11-12,油价上涨,
2021-11-12,油价调整,
2021-11-12,汽油涨价,
2021-11-12,柴油涨价,
2021-11-12,通胀,
2021-11-12,物流成本,
2021-11-13,油价上涨,
2021-11-13,油价调整,
2021-11-13,汽油涨价,
2021-11-13,柴油涨价,
2021-11-13,通胀,
2021-11-13,物流成本,
2021-11-14,油价上涨,
2021-11-14,油价调整,
2021-11-14,汽油涨价,
2021-11-14,柴油涨价,
2021-11-14,通胀,
2021-11-14,物流成本,
2021-11-15,油价上涨,
2021-11-15,油价调整,
2021-11-15,汽油涨价,
2021-11-15,柴油涨价,
2021-11-15,通胀,
2021-11-15,物流成本,
2021-11-16,油价上涨,
2021-11-16,油价调整,
2021-11-16,汽油涨价,
2021-11-16,柴油涨价,
2021-11-16,通胀,
2021-11-16,物流成本,
2021-11-17,油价上涨,
2021-11-17,油价调整,
2021-11-17,汽油涨价,
2021-11-17,柴油涨价,
2021-11-17,通胀,
2021-11-17,物流成本,
2021-11-18,油价上涨,
2021-11-18,油价调整,
2021-11-18,汽油涨价,
2021-11-18,柴油涨价,
2021-11-18,通胀,
2021-11-18,物流成本,
2021-11-19,油价上涨,
2021-11-19,油价调整,
2021-11-19,汽油涨价,
2021-11-19,柴油涨价,
2021-11-19,通胀,
2021-11-19,物流成本,
2021-11-20,油价上涨,
2021-11-20,油价调整,
2021-11-20,汽油涨价,
2021-11-20,柴油涨价,
2021-11-20,通胀,
2021-11-20,物流成本,
2021-11-21,油价上涨,
2021-11-21,油价调整,
2021-11-21,汽油涨价,
2021-11-21,柴油涨价,
2021-11-21,通胀,
2021-11-21,物流成本,
2021-11-22,油价上涨,
2021-11-22,油价调整,
2021-11-22,汽油涨价,
2021-11-22,柴油涨价,
2021-11-22,通胀,
2021-11-22,物流成本,
2021-11-23,油价上涨,
2021-11-23,油价调整,
2021-11-23,汽油涨价,
2021-11-23,柴油涨价,
2021-11-23,通胀,
2021-11-23,物流成本,
2021-11-24,油价上涨,
2021-11-24,油价调整,
2021-11-24,汽油涨价,
2021-11-24,柴油涨价,
2021-11-24,通胀,
2021-11-24,物流成本,
2021-11-25,油价上涨,
2021-11-25,油价调整,
2021-11-25,汽油涨价,
2021-11-25,柴油涨价,
2021-11-25,通胀,
2021-11-25,物流成本,
2021-11-26,油价上涨,
2021-11-26,油价调整,
2021-11-26,汽油涨价,
2021-11-26,柴油涨价,
2021-11-26,通胀,
2021-11-26,物流成本,
2021-11-27,油价上涨,
2021-11-27,油价调整,
2021-11-27,汽油涨价,
2021-11-27,柴油涨价,
2021-11-27,通胀,
2021-11-27,物流成本,
2021-11-28,油价上涨,
2021-11-28,油价调整,
2021-11-28,汽油涨价,
2021-11-28,柴油涨价,
2021-11-28,通胀,
2021-11-28,物流成本,
2021-11-29,油价上涨,
2021-11-29,油价调整,
2021-11-29,汽油涨价,
2021-11-29,柴油涨价,
2021-11-29,通胀,
2021-11-29,物流成本,
2021-11-30,油价上涨,
2021-11-30,油价调整,
2021-11-30,汽油涨价,
2021-11-30,柴油涨价,
2021-11-30,通胀,
2021-11-30,物流成本,
2021-12-01,油价上涨,
2021-12-01,油价调整,
2021-12-01,汽油涨价,
2021-12-01,柴油涨价,
2021-12-01,通胀,
2021-12-01,物流成本,
2021-12-02,油价上涨,
2021-12-02,油价调整,
2021-12-02,汽油涨价,
2021-12-02,柴油涨价,
2021-12-02,通胀,
2021-12-02,物流成本,
2021-12-03,油价上涨,
2021-12-03,油价调整,
2021-12-03,汽油涨价,
2021-12-03,柴油涨价,
2021-12-03,通胀,
2021-12-03,物流成本,
2021-12-04,油价上涨,
2021-12-04,油价调整,
2021-12-04,汽油涨价,
2021-12-04,柴油涨价,
2021-12-04,通胀,
2021-12-04,物流成本,
2021-12-05,油价上涨,
2021-12-05,油价调整,
2021-12-05,汽油涨价,
2021-12-05,柴油涨价,
2021-12-05,通胀,
2021-12-05,物流成本,
2021-12-06,油价上涨,
2021-12-06,油价调整,
2021-12-06,汽油涨价,
2021-12-06,柴油涨价,
2021-12-06,通胀,
2021-12-06,物流成本,
2021-12-07,油价上涨,
2021-12-07,油价调整,
2021-12-07,汽油涨价,
2021-12-07,柴油涨价,
2021-12-07,通胀,
2021-12-07,物流成本,
2021-12-08,油价上涨,
2021-12-08,油价调整,
2021-12-08,汽油涨价,
2021-12-08,柴油涨价,
2021-12-08,通胀,
2021-12-08,物流成本,
2021-12-09,油价上涨,
2021-12-09,油价调整,
2021-12-09,汽油涨价,
2021-12-09,柴油涨价,
2021-12-09,通胀,
2021-12-09,物流成本,
2021-12-10,油价上涨,
2021-12-10,油价调整,
2021-12-10,汽油涨价,
2021-12-10,柴油涨价,
2021-12-10,通胀,
2021-12-10,物流成本,
2021-12-11,油价上涨,
2021-12-11,油价调整,
2021-12-11,汽油涨价,
2021-12-11,柴油涨价,
2021-12-11,通胀,
2021-12-11,物流成本,
2021-12-12,油价上涨,
2021-12-12,油价调整,
2021-12-12,汽油涨价,
2021-12-12,柴油涨价,
2021-12-12,通胀,
2021-12-12,物流成本,
2021-12-13,油价上涨,
2021-12-13,油价调整,
2021-12-13,汽油涨价,
2021-12-13,柴油涨价,
2021-12-13,通胀,
2021-12-13,物流成本,
2021-12-14,油价上涨,
2021-12-14,油价调整,
2021-12-14,汽油涨价,
2021-12-14,柴油涨价,
2021-12-14,通胀,
2021-12-14,物流成本,
2021-12-15,油价上涨,
2021-12-15,油价调整,
2021-12-15,汽油涨价,
2021-12-15,柴油涨价,
2021-12-15,通胀,
2021-12-15,物流成本,
2021-12-16,油价上涨,
2021-12-16,油价调整,
2021-12-16,汽油涨价,
2021-12-16,柴油涨价,
2021-12-16,通胀,
2021-12-16,物流成本,
2021-12-17,油价上涨,
2021-12-17,油价调整,
2021-12-17,汽油涨价,
2021-12-17,柴油涨价,
2021-12-17,通胀,
2021-12-17,物流成本,
2021-12-18,油价上涨,
2021-12-18,油价调整,
2021-12-18,汽油涨价,
2021-12-18,柴油涨价,
2021-12-18,通胀,
2021-12-18,物流成本,
2021-12-19,油价上涨,
2021-12-19,油价调整,
2021-12-19,汽油涨价,
2021-12-19,柴油涨价,
2021-12-19,通胀,
2021-12-19,物流成本,
2021-12-20,油价上涨,
2021-12-20,油价调整,
2021-12-20,汽油涨价,
2021-12-20,柴油涨价,
2021-12-20,通胀,
2021-12-20,物流成本,
2021-12-21,油价上涨,
2021-12-21,油价调整,
2021-12-21,汽油涨价,
2021-12-21,柴油涨价,
2021-12-21,通胀,
2021-12-21,物流成本,
2021-12-22,油价上涨,
2021-12-22,油价调整,
2021-12-22,汽油涨价,
2021-12-22,柴油涨价,
2021-12-22,通胀,
2021-12-22,物流成本,
2021-12-23,油价上涨,
2021-12-23,油价调整,
2021-12-23,汽油涨价,
2021-12-23,柴油涨价,
2021-12-23,通胀,
2021-12-23,物流成本,
2021-12-24,油价上涨,
2021-12-24,油价调整,
2021-12-24,汽油涨价,
2021-12-24,柴油涨价,
2021-12-24,通胀,
2021-12-24,物流成本,
2021-12-25,油价上涨,
2021-12-25,油价调整,
2021-12-25,汽油涨价,
2021-12-25,柴油涨价,
2021-12-25,通胀,
2021-12-25,物流成本,
2021-12-26,油价上涨,
2021-12-26,油价调整,
2021-12-26,汽油涨价,
2021-12-26,柴油涨价,
2021-12-26,通胀,
2021-12-26,物流成本,
2021-12-27,油价上涨,
2021-12-27,油价调整,
2021-12-27,汽油涨价,
2021-12-27,柴油涨价,
2021-12-27,通胀,
2021-12-27,物流成本,
2021-12-28,油价上涨,
2021-12-28,油价调整,
2021-12-28,汽油涨价,
2021-12-28,柴油涨价,
2021-12-28,通胀,
2021-12-28,物流成本,
2021-12-29,油价上涨,
2021-12-29,油价调整,
2021-12-29,汽油涨价,
2021-12-29,柴油涨价,
2021-12-29,通胀,
2021-12-29,物流成本,
2021-12-30,油价上涨,
2021-12-30,油价调整,
2021-12-30,汽油涨价,
2021-12-30,柴油涨价,
2021-12-30,通胀,
2021-12-30,物流成本,
2021-12-31,油价上涨,
2021-12-31,油价调整,
2021-12-31,汽油涨价,
2021-12-31,柴油涨价,
2021-12-31,通胀,
2021-12-31,物流成本,
2022-01-01,油价上涨,
2022-01-01,油价调整,
2022-01-01,汽油涨价,
2022-01-01,柴油涨价,
2022-01-01,通胀,
2022-01-01,物流成本,
2022-01-02,油价上涨,
2022-01-02,油价调整,
2022-01-02,汽油涨价,
2022-01-02,柴油涨价,
2022-01-02,通胀,
2022-01-02,物流成本,
2022-01-03,油价上涨,
2022-01-03,油价调整,
2022-01-03,汽油涨价,
2022-01-03,柴油涨价,
2022-01-03,通胀,
2022-01-03,物流成本,
2022-01-04,油价上涨,
2022-01-04,油价调整,
2022-01-04,汽油涨价,
2022-01-04,柴油涨价,
2022-01-04,通胀,
2022-01-04,物流成本,
2022-01-05,油价上涨,
2022-01-05,油价调整,
2022-01-05,汽油涨价,
2022-01-05,柴油涨价,
2022-01-05,通胀,
2022-01-05,物流成本,
2022-01-06,油价上涨,
2022-01-06,油价调整,
2022-01-06,汽油涨价,
2022-01-06,柴油涨价,
2022-01-06,通胀,
2022-01-06,物流成本,
2022-01-07,油价上涨,
2022-01-07,油价调整,
2022-01-07,汽油涨价,
2022-01-07,柴油涨价,
2022-01-07,通胀,
2022-01-07,物流成本,
2022-01-08,油价上涨,
2022-01-08,油价调整,
2022-01-08,汽油涨价,
2022-01-08,柴油涨价,
2022-01-08,通胀,
2022-01-08,物流成本,
2022-01-09,油价上涨,
2022-01-09,油价调整,
2022-01-09,汽油涨价,
2022-01-09,柴油涨价,
2022-01-09,通胀,
2022-01-09,物流成本,
2022-01-10,油价上涨,
2022-01-10,油价调整,
2022-01-10,汽油涨价,
2022-01-10,柴油涨价,
2022-01-10,通胀,
2022-01-10,物流成本,
2022-01-11,油价上涨,
2022-01-11,油价调整,
2022-01-11,汽油涨价,
2022-01-11,柴油涨价,
2022-01-11,通胀,
2022-01-11,物流成本,
2022-01-12,油价上涨,
2022-01-12,油价调整,
2022-01-12,汽油涨价,
2022-01-12,柴油涨价,
2022-01-12,通胀,
2022-01-12,物流成本,
2022-01-13,油价上涨,
2022-01-13,油价调整,
2022-01-13,汽油涨价,
2022-01-13,柴油涨价,
2022-01-13,通胀,
2022-01-13,物流成本,
2022-01-14,油价上涨,
2022-01-14,油价调整,
2022-01-14,汽油涨价,
2022-01-14,柴油涨价,
2022-01-14,通胀,
2022-01-14,物流成本,
2022-01-15,油价上涨,
2022-01-15,油价调整,
2022-01-15,汽油涨价,
2022-01-15,柴油涨价,
2022-01-15,通胀,
2022-01-15,物流成本,
2022-01-16,油价上涨,
2022-01-16,油价调整,
2022-01-16,汽油涨价,
2022-01-16,柴油涨价,
2022-01-16,通胀,
2022-01-16,物流成本,
2022-01-17,油价上涨,
2022-01-17,油价调整,
2022-01-17,汽油涨价,
2022-01-17,柴油涨价,
2022-01-17,通胀,
2022-01-17,物流成本,
2022-01-18,油价上涨,
2022-01-18,油价调整,
2022-01-18,汽油涨价,
2022-01-18,柴油涨价,
2022-01-18,通胀,
2022-01-18,物流成本,
2022-01-19,油价上涨,
2022-01-19,油价调整,
2022-01-19,汽油涨价,
2022-01-19,柴油涨价,
2022-01-19,通胀,
2022-01-19,物流成本,
2022-01-20,油价上涨,
2022-01-20,油价调整,
2022-01-20,汽油涨价,
2022-01-20,柴油涨价,
2022-01-20,通胀,
2022-01-20,物流成本,
2022-01-21,油价上涨,
2022-01-21,油价调整,
2022-01-21,汽油涨价,
2022-01-21,柴油涨价,
2022-01-21,通胀,
2022-01-21,物流成本,
2022-01-22,油价上涨,
2022-01-22,油价调整,
2022-01-22,汽油涨价,
2022-01-22,柴油涨价,
2022-01-22,通胀,
2022-01-22,物流成本,
2022-01-23,油价上涨,
2022-01-23,油价调整,
2022-01-23,汽油涨价,
2022-01-23,柴油涨价,
2022-01-23,通胀,
2022-01-23,物流成本,
2022-01-24,油价上涨,
2022-01-24,油价调整,
2022-01-24,汽油涨价,
2022-01-24,柴油涨价,
2022-01-24,通胀,
2022-01-24,物流成本,
2022-01-25,油价上涨,
2022-01-25,油价调整,
2022-01-25,汽油涨价,
2022-01-25,柴油涨价,
2022-01-25,通胀,
2022-01-25,物流成本,
2022-01-26,油价上涨,
2022-01-26,油价调整,
2022-01-26,汽油涨价,
2022-01-26,柴油涨价,
2022-01-26,通胀,
2022-01-26,物流成本,
2022-01-27,油价上涨,
2022-01-27,油价调整,
2022-01-27,汽油涨价,
2022-01-27,柴油涨价,
2022-01-27,通胀,
2022-01-27,物流成本,
2022-01-28,油价上涨,
2022-01-28,油价调整,
2022-01-28,汽油涨价,
2022-01-28,柴油涨价,
2022-01-28,通胀,
2022-01-28,物流成本,
2022-01-29,油价上涨,
2022-01-29,油价调整,
2022-01-29,汽油涨价,
2022-01-29,柴油涨价,
2022-01-29,通胀,
2022-01-29,物流成本,
2022-01-30,油价上涨,
2022-01-30,油价调整,
2022-01-30,汽油涨价,
2022-01-30,柴油涨价,
2022-01-30,通胀,
2022-01-30,物流成本,
2022-01-31,油价上涨,
2022-01-31,油价调整,
2022-01-31,汽油涨价,
2022-01-31,柴油涨价,
2022-01-31,通胀,
2022-01-31,物流成本,
2022-02-01,油价上涨,
2022-02-01,油价调整,
2022-02-01,汽油涨价,
2022-02-01,柴油涨价,
2022-02-01,通胀,
2022-02-01,物流成本,
2022-02-02,油价上涨,
2022-02-02,油价调整,
2022-02-02,汽油涨价,
2022-02-02,柴油涨价,
2022-02-02,通胀,
2022-02-02,物流成本,
2022-02-03,油价上涨,
2022-02-03,油价调整,
2022-02-03,汽油涨价,
2022-02-03,柴油涨价,
2022-02-03,通胀,
2022-02-03,物流成本,
2022-02-04,油价上涨,
2022-02-04,油价调整,
2022-02-04,汽油涨价,
2022-02-04,柴油涨价,
2022-02-04,通胀,
2022-02-04,物流成本,
2022-02-05,油价上涨,
2022-02-05,油价调整,
2022-02-05,汽油涨价,
2022-02-05,柴油涨价,
2022-02-05,通胀,
2022-02-05,物流成本,
2022-02-06,油价上涨,
2022-02-06,油价调整,
2022-02-06,汽油涨价,
2022-02-06,柴油涨价,
2022-02-06,通胀,
2022-02-06,物流成本,
2022-02-07,油价上涨,
2022-02-07,油价调整,
2022-02-07,汽油涨价,
2022-02-07,柴油涨价,
2022-02-07,通胀,
2022-02-07,物流成本,
2022-02-08,油价上涨,
2022-02-08,油价调整,
2022-02-08,汽油涨价,
2022-02-08,柴油涨价,
2022-02-08,通胀,
2022-02-08,物流成本,
2022-02-09,油价上涨,
2022-02-09,油价调整,
2022-02-09,汽油涨价,
2022-02-09,柴油涨价,
2022-02-09,通胀,
2022-02-09,物流成本,
2022-02-10,油价上涨,
2022-02-10,油价调整,
2022-02-10,汽油涨价,
2022-02-10,柴油涨价,
2022-02-10,通胀,
2022-02-10,物流成本,
2022-02-11,油价上涨,
2022-02-11,油价调整,
2022-02-11,汽油涨价,
2022-02-11,柴油涨价,
2022-02-11,通胀,
2022-02-11,物流成本,
2022-02-12,油价上涨,
2022-02-12,油价调整,
2022-02-12,汽油涨价,
2022-02-12,柴油涨价,
2022-02-12,通胀,
2022-02-12,物流成本,
2022-02-13,油价上涨,
2022-02-13,油价调整,
2022-02-13,汽油涨价,
2022-02-13,柴油涨价,
2022-02-13,通胀,
2022-02-13,物流成本,
2022-02-14,油价上涨,
2022-02-14,油价调整,
2022-02-14,汽油涨价,
2022-02-14,柴油涨价,
2022-02-14,通胀,
2022-02-14,物流成本,
2022-02-15,油价上涨,
2022-02-15,油价调整,
2022-02-15,汽油涨价,
2022-02-15,柴油涨价,
2022-02-15,通胀,
2022-02-15,物流成本,
2022-02-16,油价上涨,
2022-02-16,油价调整,
2022-02-16,汽油涨价,
2022-02-16,柴油涨价,
2022-02-16,通胀,
2022-02-16,物流成本,
2022-02-17,油价上涨,
2022-02-17,油价调整,
2022-02-17,汽油涨价,
2022-02-17,柴油涨价,
2022-02-17,通胀,
2022-02-17,物流成本,
2022-02-18,油价上涨,
2022-02-18,油价调整,
2022-02-18,汽油涨价,
2022-02-18,柴油涨价,
2022-02-18,通胀,
2022-02-18,物流成本,
2022-02-19,油价上涨,
2022-02-19,油价调整,
2022-02-19,汽油涨价,
2022-02-19,柴油涨价,
2022-02-19,通胀,
2022-02-19,物流成本,
2022-02-20,油价上涨,
2022-02-20,油价调整,
2022-02-20,汽油涨价,
2022-02-20,柴油涨价,
2022-02-20,通胀,
2022-02-20,物流成本,
2022-02-21,油价上涨,
2022-02-21,油价调整,
2022-02-21,汽油涨价,
2022-02-21,柴油涨价,
2022-02-21,通胀,
2022-02-21,物流成本,
2022-02-22,油价上涨,
2022-02-22,油价调整,
2022-02-22,汽油涨价,
2022-02-22,柴油涨价,
2022-02-22,通胀,
2022-02-22,物流成本,
2022-02-23,油价上涨,
2022-02-23,油价调整,
2022-02-23,汽油涨价,
2022-02-23,柴油涨价,
2022-02-23,通胀,
2022-02-23,物流成本,
2022-02-24,油价上涨,
2022-02-24,油价调整,
2022-02-24,汽油涨价,
2022-02-24,柴油涨价,
2022-02-24,通胀,
2022-02-24,物流成本,
2022-02-25,油价上涨,
2022-02-25,油价调整,
2022-02-25,汽油涨价,
2022-02-25,柴油涨价,
2022-02-25,通胀,
2022-02-25,物流成本,
2022-02-26,油价上涨,
2022-02-26,油价调整,
2022-02-26,汽油涨价,
2022-02-26,柴油涨价,
2022-02-26,通胀,
2022-02-26,物流成本,
2022-02-27,油价上涨,
2022-02-27,油价调整,
2022-02-27,汽油涨价,
2022-02-27,柴油涨价,
2022-02-27,通胀,
2022-02-27,物流成本,
2022-02-28,油价上涨,
2022-02-28,油价调整,
2022-02-28,汽油涨价,
2022-02-28,柴油涨价,
2022-02-28,通胀,
2022-02-28,物流成本,
2022-03-01,油价上涨,
2022-03-01,油价调整,
2022-03-01,汽油涨价,
2022-03-01,柴油涨价,
2022-03-01,通胀,
2022-03-01,物流成本,
2022-03-02,油价上涨,
2022-03-02,油价调整,
2022-03-02,汽油涨价,
2022-03-02,柴油涨价,
2022-03-02,通胀,
2022-03-02,物流成本,
2022-03-03,油价上涨,
2022-03-03,油价调整,
2022-03-03,汽油涨价,
2022-03-03,柴油涨价,
2022-03-03,通胀,
2022-03-03,物流成本,
2022-03-04,油价上涨,
2022-03-04,油价调整,
2022-03-04,汽油涨价,
2022-03-04,柴油涨价,
2022-03-04,通胀,
2022-03-04,物流成本,
2022-03-05,油价上涨,
2022-03-05,油价调整,
2022-03-05,汽油涨价,
2022-03-05,柴油涨价,
2022-03-05,通胀,
2022-03-05,物流成本,
2022-03-06,油价上涨,
2022-03-06,油价调整,
2022-03-06,汽油涨价,
2022-03-06,柴油涨价,
2022-03-06,通胀,
2022-03-06,物流成本,
2022-03-07,油价上涨,
2022-03-07,油价调整,
2022-03-07,汽油涨价,
2022-03-07,柴油涨价,
2022-03-07,通胀,
2022-03-07,物流成本,
2022-03-08,油价上涨,
2022-03-08,油价调整,
2022-03-08,汽油涨价,
2022-03-08,柴油涨价,
2022-03-08,通胀,
2022-03-08,物流成本,
2022-03-09,油价上涨,
2022-03-09,油价调整,
2022-03-09,汽油涨价,
2022-03-09,柴油涨价,
2022-03-09,通胀,
2022-03-09,物流成本,
2022-03-10,油价上涨,
2022-03-10,油价调整,
2022-03-10,汽油涨价,
2022-03-10,柴油涨价,
2022-03-10,通胀,
2022-03-10,物流成本,
2022-03-11,油价上涨,
2022-03-11,油价调整,
2022-03-11,汽油涨价,
2022-03-11,柴油涨价,
2022-03-11,通胀,
2022-03-11,物流成本,
2022-03-12,油价上涨,
2022-03-12,油价调整,
2022-03-12,汽油涨价,
2022-03-12,柴油涨价,
2022-03-12,通胀,
2022-03-12,物流成本,
2022-03-13,油价上涨,
2022-03-13,油价调整,
2022-03-13,汽油涨价,
2022-03-13,柴油涨价,
2022-03-13,通胀,
2022-03-13,物流成本,
2022-03-14,油价上涨,
2022-03-14,油价调整,
2022-03-14,汽油涨价,
2022-03-14,柴油涨价,
2022-03-14,通胀,
2022-03-14,物流成本,
2022-03-15,油价上涨,
2022-03-15,油价调整,
2022-03-15,汽油涨价,
2022-03-15,柴油涨价,
2022-03-15,通胀,
2022-03-15,物流成本,
2022-03-16,油价上涨,
2022-03-16,油价调整,
2022-03-16,汽油涨价,
2022-03-16,柴油涨价,
2022-03-16,通胀,
2022-03-16,物流成本,
2022-03-17,油价上涨,
2022-03-17,油价调整,
2022-03-17,汽油涨价,
2022-03-17,柴油涨价,
2022-03-17,通胀,
2022-03-17,物流成本,
2022-03-18,油价上涨,
2022-03-18,油价调整,
2022-03-18,汽油涨价,
2022-03-18,柴油涨价,
2022-03-18,通胀,
2022-03-18,物流成本,
2022-03-19,油价上涨,
2022-03-19,油价调整,
2022-03-19,汽油涨价,
2022-03-19,柴油涨价,
2022-03-19,通胀,
2022-03-19,物流成本,
2022-03-20,油价上涨,
2022-03-20,油价调整,
2022-03-20,汽油涨价,
2022-03-20,柴油涨价,
2022-03-20,通胀,
2022-03-20,物流成本,
2022-03-21,油价上涨,
2022-03-21,油价调整,
2022-03-21,汽油涨价,
2022-03-21,柴油涨价,
2022-03-21,通胀,
2022-03-21,物流成本,
2022-03-22,油价上涨,
2022-03-22,油价调整,
2022-03-22,汽油涨价,
2022-03-22,柴油涨价,
2022-03-22,通胀,
2022-03-22,物流成本,
2022-03-23,油价上涨,
2022-03-23,油价调整,
2022-03-23,汽油涨价,
2022-03-23,柴油涨价,
2022-03-23,通胀,
2022-03-23,物流成本,
2022-03-24,油价上涨,
2022-03-24,油价调整,
2022-03-24,汽油涨价,
2022-03-24,柴油涨价,
2022-03-24,通胀,
2022-03-24,物流成本,
2022-03-25,油价上涨,
2022-03-25,油价调整,
2022-03-25,汽油涨价,
2022-03-25,柴油涨价,
2022-03-25,通胀,
2022-03-25,物流成本,
2022-03-26,油价上涨,
2022-03-26,油价调整,
2022-03-26,汽油涨价,
2022-03-26,柴油涨价,
2022-03-26,通胀,
2022-03-26,物流成本,
2022-03-27,油价上涨,
2022-03-27,油价调整,
2022-03-27,汽油涨价,
2022-03-27,柴油涨价,
2022-03-27,通胀,
2022-03-27,物流成本,
2022-03-28,油价上涨,
2022-03-28,油价调整,
2022-03-28,汽油涨价,
2022-03-28,柴油涨价,
2022-03-28,通胀,
2022-03-28,物流成本,
2022-03-29,油价上涨,
2022-03-29,油价调整,
2022-03-29,汽油涨价,
2022-03-29,柴油涨价,
2022-03-29,通胀,
2022-03-29,物流成本,
2022-03-30,油价上涨,
2022-03-30,油价调整,
2022-03-30,汽油涨价,
2022-03-30,柴油涨价,
2022-03-30,通胀,
2022-03-30,物流成本,
2022-03-31,油价上涨,
2022-03-31,油价调整,
2022-03-31,汽油涨价,
2022-03-31,柴油涨价,
2022-03-31,通胀,
2022-03-31,物流成本,
2022-04-01,油价上涨,
2022-04-01,油价调整,
2022-04-01,汽油涨价,
2022-04-01,柴油涨价,
2022-04-01,通胀,
2022-04-01,物流成本,
2022-04-02,油价上涨,
2022-04-02,油价调整,
2022-04-02,汽油涨价,
2022-04-02,柴油涨价,
2022-04-02,通胀,
2022-04-02,物流成本,
2022-04-03,油价上涨,
2022-04-03,油价调整,
2022-04-03,汽油涨价,
2022-04-03,柴油涨价,
2022-04-03,通胀,
2022-04-03,物流成本,
2022-04-04,油价上涨,
2022-04-04,油价调整,
2022-04-04,汽油涨价,
2022-04-04,柴油涨价,
2022-04-04,通胀,
2022-04-04,物流成本,
2022-04-05,油价上涨,
2022-04-05,油价调整,
2022-04-05,汽油涨价,
2022-04-05,柴油涨价,
2022-04-05,通胀,
2022-04-05,物流成本,
2022-04-06,油价上涨,
2022-04-06,油价调整,
2022-04-06,汽油涨价,
2022-04-06,柴油涨价,
2022-04-06,通胀,
2022-04-06,物流成本,
2022-04-07,油价上涨,
2022-04-07,油价调整,
2022-04-07,汽油涨价,
2022-04-07,柴油涨价,
2022-04-07,通胀,
2022-04-07,物流成本,
2022-04-08,油价上涨,
2022-04-08,油价调整,
2022-04-08,汽油涨价,
2022-04-08,柴油涨价,
2022-04-08,通胀,
2022-04-08,物流成本,
2022-04-09,油价上涨,
2022-04-09,油价调整,
2022-04-09,汽油涨价,
2022-04-09,柴油涨价,
2022-04-09,通胀,
2022-04-09,物流成本,
2022-04-10,油价上涨,
2022-04-10,油价调整,
2022-04-10,汽油涨价,
2022-04-10,柴油涨价,
2022-04-10,通胀,
2022-04-10,物流成本,
2022-04-11,油价上涨,
2022-04-11,油价调整,
2022-04-11,汽油涨价,
2022-04-11,柴油涨价,
2022-04-11,通胀,
2022-04-11,物流成本,
2022-04-12,油价上涨,
2022-04-12,油价调整,
2022-04-12,汽油涨价,
2022-04-12,柴油涨价,
2022-04-12,通胀,
2022-04-12,物流成本,
2022-04-13,油价上涨,
2022-04-13,油价调整,
2022-04-13,汽油涨价,
2022-04-13,柴油涨价,
2022-04-13,通胀,
2022-04-13,物流成本,
2022-04-14,油价上涨,
2022-04-14,油价调整,
2022-04-14,汽油涨价,
2022-04-14,柴油涨价,
2022-04-14,通胀,
2022-04-14,物流成本,
2022-04-15,油价上涨,
2022-04-15,油价调整,
2022-04-15,汽油涨价,
2022-04-15,柴油涨价,
2022-04-15,通胀,
2022-04-15,物流成本,
2022-04-16,油价上涨,
2022-04-16,油价调整,
2022-04-16,汽油涨价,
2022-04-16,柴油涨价,
2022-04-16,通胀,
2022-04-16,物流成本,
2022-04-17,油价上涨,
2022-04-17,油价调整,
2022-04-17,汽油涨价,
2022-04-17,柴油涨价,
2022-04-17,通胀,
2022-04-17,物流成本,
2022-04-18,油价上涨,
2022-04-18,油价调整,
2022-04-18,汽油涨价,
2022-04-18,柴油涨价,
2022-04-18,通胀,
2022-04-18,物流成本,
2022-04-19,油价上涨,
2022-04-19,油价调整,
2022-04-19,汽油涨价,
2022-04-19,柴油涨价,
2022-04-19,通胀,
2022-04-19,物流成本,
2022-04-20,油价上涨,
2022-04-20,油价调整,
2022-04-20,汽油涨价,
2022-04-20,柴油涨价,
2022-04-20,通胀,
2022-04-20,物流成本,
2022-04-21,油价上涨,
2022-04-21,油价调整,
2022-04-21,汽油涨价,
2022-04-21,柴油涨价,
2022-04-21,通胀,
2022-04-21,物流成本,
2022-04-22,油价上涨,
2022-04-22,油价调整,
2022-04-22,汽油涨价,
2022-04-22,柴油涨价,
2022-04-22,通胀,
2022-04-22,物流成本,
2022-04-23,油价上涨,
2022-04-23,油价调整,
2022-04-23,汽油涨价,
2022-04-23,柴油涨价,
2022-04-23,通胀,
2022-04-23,物流成本,
2022-04-24,油价上涨,
2022-04-24,油价调整,
2022-04-24,汽油涨价,
2022-04-24,柴油涨价,
2022-04-24,通胀,
2022-04-24,物流成本,
2022-04-25,油价上涨,
2022-04-25,油价调整,
2022-04-25,汽油涨价,
2022-04-25,柴油涨价,
2022-04-25,通胀,
2022-04-25,物流成本,
2022-04-26,油价上涨,
2022-04-26,油价调整,
2022-04-26,汽油涨价,
2022-04-26,柴油涨价,
2022-04-26,通胀,
2022-04-26,物流成本,
2022-04-27,油价上涨,
2022-04-27,油价调整,
2022-04-27,汽油涨价,
2022-04-27,柴油涨价,
2022-04-27,通胀,
2022-04-27,物流成本,
2022-04-28,油价上涨,
2022-04-28,油价调整,
2022-04-28,汽油涨价,
2022-04-28,柴油涨价,
2022-04-28,通胀,
2022-04-28,物流成本,
2022-04-29,油价上涨,
2022-04-29,油价调整,
2022-04-29,汽油涨价,
2022-04-29,柴油涨价,
2022-04-29,通胀,
2022-04-29,物流成本,
2022-04-30,油价上涨,
2022-04-30,油价调整,
2022-04-30,汽油涨价,
2022-04-30,柴油涨价,
2022-04-30,通胀,
2022-04-30,物流成本,
2022-05-01,油价上涨,
2022-05-01,油价调整,
2022-05-01,汽油涨价,
2022-05-01,柴油涨价,
2022-05-01,通胀,
2022-05-01,物流成本,
2022-05-02,油价上涨,
2022-05-02,油价调整,
2022-05-02,汽油涨价,
2022-05-02,柴油涨价,
2022-05-02,通胀,
2022-05-02,物流成本,
2022-05-03,油价上涨,
2022-05-03,油价调整,
2022-05-03,汽油涨价,
2022-05-03,柴油涨价,
2022-05-03,通胀,
2022-05-03,物流成本,
2022-05-04,油价上涨,
2022-05-04,油价调整,
2022-05-04,汽油涨价,
2022-05-04,柴油涨价,
2022-05-04,通胀,
2022-05-04,物流成本,
2022-05-05,油价上涨,
2022-05-05,油价调整,
2022-05-05,汽油涨价,
2022-05-05,柴油涨价,
2022-05-05,通胀,
2022-05-05,物流成本,
2022-05-06,油价上涨,
2022-05-06,油价调整,
2022-05-06,汽油涨价,
2022-05-06,柴油涨价,
2022-05-06,通胀,
2022-05-06,物流成本,
2022-05-07,油价上涨,
2022-05-07,油价调整,
2022-05-07,汽油涨价,
2022-05-07,柴油涨价,
2022-05-07,通胀,
2022-05-07,物流成本,
2022-05-08,油价上涨,
2022-05-08,油价调整,
2022-05-08,汽油涨价,
2022-05-08,柴油涨价,
2022-05-08,通胀,
2022-05-08,物流成本,
2022-05-09,油价上涨,
2022-05-09,油价调整,
2022-05-09,汽油涨价,
2022-05-09,柴油涨价,
2022-05-09,通胀,
2022-05-09,物流成本,
2022-05-10,油价上涨,
2022-05-10,油价调整,
2022-05-10,汽油涨价,
2022-05-10,柴油涨价,
2022-05-10,通胀,
2022-05-10,物流成本,
2022-05-11,油价上涨,
2022-05-11,油价调整,
2022-05-11,汽油涨价,
2022-05-11,柴油涨价,
2022-05-11,通胀,
2022-05-11,物流成本,
2022-05-12,油价上涨,
2022-05-12,油价调整,
2022-05-12,汽油涨价,
2022-05-12,柴油涨价,
2022-05-12,通胀,
2022-05-12,物流成本,
2022-05-13,油价上涨,
2022-05-13,油价调整,
2022-05-13,汽油涨价,
2022-05-13,柴油涨价,
2022-05-13,通胀,
2022-05-13,物流成本,
2022-05-14,油价上涨,
2022-05-14,油价调整,
2022-05-14,汽油涨价,
2022-05-14,柴油涨价,
2022-05-14,通胀,
2022-05-14,物流成本,
2022-05-15,油价上涨,
2022-05-15,油价调整,
2022-05-15,汽油涨价,
2022-05-15,柴油涨价,
2022-05-15,通胀,
2022-05-15,物流成本,
2022-05-16,油价上涨,
2022-05-16,油价调整,
2022-05-16,汽油涨价,
2022-05-16,柴油涨价,
2022-05-16,通胀,
2022-05-16,物流成本,
2022-05-17,油价上涨,
2022-05-17,油价调整,
2022-05-17,汽油涨价,
2022-05-17,柴油涨价,
2022-05-17,通胀,
2022-05-17,物流成本,
2022-05-18,油价上涨,
2022-05-18,油价调整,
2022-05-18,汽油涨价,
2022-05-18,柴油涨价,
2022-05-18,通胀,
2022-05-18,物流成本,
2022-05-19,油价上涨,
2022-05-19,油价调整,
2022-05-19,汽油涨价,
2022-05-19,柴油涨价,
2022-05-19,通胀,
2022-05-19,物流成本,
2022-05-20,油价上涨,
2022-05-20,油价调整,
2022-05-20,汽油涨价,
2022-05-20,柴油涨价,
2022-05-20,通胀,
2022-05-20,物流成本,
2022-05-21,油价上涨,
2022-05-21,油价调整,
2022-05-21,汽油涨价,
2022-05-21,柴油涨价,
2022-05-21,通胀,
2022-05-21,物流成本,
2022-05-22,油价上涨,
2022-05-22,油价调整,
2022-05-22,汽油涨价,
2022-05-22,柴油涨价,
2022-05-22,通胀,
2022-05-22,物流成本,
2022-05-23,油价上涨,
2022-05-23,油价调整,
2022-05-23,汽油涨价,
2022-05-23,柴油涨价,
2022-05-23,通胀,
2022-05-23,物流成本,
2022-05-24,油价上涨,
2022-05-24,油价调整,
2022-05-24,汽油涨价,
2022-05-24,柴油涨价,
2022-05-24,通胀,
2022-05-24,物流成本,
2022-05-25,油价上涨,
2022-05-25,油价调整,
2022-05-25,汽油涨价,
2022-05-25,柴油涨价,
2022-05-25,通胀,
2022-05-25,物流成本,
2022-05-26,油价上涨,
2022-05-26,油价调整,
2022-05-26,汽油涨价,
2022-05-26,柴油涨价,
2022-05-26,通胀,
2022-05-26,物流成本,
2022-05-27,油价上涨,
2022-05-27,油价调整,
2022-05-27,汽油涨价,
2022-05-27,柴油涨价,
2022-05-27,通胀,
2022-05-27,物流成本,
2022-05-28,油价上涨,
2022-05-28,油价调整,
2022-05-28,汽油涨价,
2022-05-28,柴油涨价,
2022-05-28,通胀,
2022-05-28,物流成本,
2022-05-29,油价上涨,
2022-05-29,油价调整,
2022-05-29,汽油涨价,
2022-05-29,柴油涨价,
2022-05-29,通胀,
2022-05-29,物流成本,
2022-05-30,油价上涨,
2022-05-30,油价调整,
2022-05-30,汽油涨价,
2022-05-30,柴油涨价,
2022-05-30,通胀,
2022-05-30,物流成本,
2022-05-31,油价上涨,
2022-05-31,油价调整,
2022-05-31,汽油涨价,
2022-05-31,柴油涨价,
2022-05-31,通胀,
2022-05-31,物流成本,
2022-06-01,油价上涨,
2022-06-01,油价调整,
2022-06-01,汽油涨价,
2022-06-01,柴油涨价,
2022-06-01,通胀,
2022-06-01,物流成本,
2022-06-02,油价上涨,
2022-06-02,油价调整,
2022-06-02,汽油涨价,
2022-06-02,柴油涨价,
2022-06-02,通胀,
2022-06-02,物流成本,
2022-06-03,油价上涨,
2022-06-03,油价调整,
2022-06-03,汽油涨价,
2022-06-03,柴油涨价,
2022-06-03,通胀,
2022-06-03,物流成本,
2022-06-04,油价上涨,
2022-06-04,油价调整,
2022-06-04,汽油涨价,
2022-06-04,柴油涨价,
2022-06-04,通胀,
2022-06-04,物流成本,
2022-06-05,油价上涨,
2022-06-05,油价调整,
2022-06-05,汽油涨价,
2022-06-05,柴油涨价,
2022-06-05,通胀,
2022-06-05,物流成本,
2022-06-06,油价上涨,
2022-06-06,油价调整,
2022-06-06,汽油涨价,
2022-06-06,柴油涨价,
2022-06-06,通胀,
2022-06-06,物流成本,
2022-06-07,油价上涨,
2022-06-07,油价调整,
2022-06-07,汽油涨价,
2022-06-07,柴油涨价,
2022-06-07,通胀,
2022-06-07,物流成本,
2022-06-08,油价上涨,
2022-06-08,油价调整,
2022-06-08,汽油涨价,
2022-06-08,柴油涨价,
2022-06-08,通胀,
2022-06-08,物流成本,
2022-06-09,油价上涨,
2022-06-09,油价调整,
2022-06-09,汽油涨价,
2022-06-09,柴油涨价,
2022-06-09,通胀,
2022-06-09,物流成本,
2022-06-10,油价上涨,
2022-06-10,油价调整,
2022-06-10,汽油涨价,
2022-06-10,柴油涨价,
2022-06-10,通胀,
2022-06-10,物流成本,
2022-06-11,油价上涨,
2022-06-11,油价调整,
2022-06-11,汽油涨价,
2022-06-11,柴油涨价,
2022-06-11,通胀,
2022-06-11,物流成本,
2022-06-12,油价上涨,
2022-06-12,油价调整,
2022-06-12,汽油涨价,
2022-06-12,柴油涨价,
2022-06-12,通胀,
2022-06-12,物流成本,
2022-06-13,油价上涨,
2022-06-13,油价调整,
2022-06-13,汽油涨价,
2022-06-13,柴油涨价,
2022-06-13,通胀,
2022-06-13,物流成本,
2022-06-14,油价上涨,
2022-06-14,油价调整,
2022-06-14,汽油涨价,
2022-06-14,柴油涨价,
2022-06-14,通胀,
2022-06-14,物流成本,
2022-06-15,油价上涨,
2022-06-15,油价调整,
2022-06-15,汽油涨价,
2022-06-15,柴油涨价,
2022-06-15,通胀,
2022-06-15,物流成本,
2022-06-16,油价上涨,
2022-06-16,油价调整,
2022-06-16,汽油涨价,
2022-06-16,柴油涨价,
2022-06-16,通胀,
2022-06-16,物流成本,
2022-06-17,油价上涨,
2022-06-17,油价调整,
2022-06-17,汽油涨价,
2022-06-17,柴油涨价,
2022-06-17,通胀,
2022-06-17,物流成本,
2022-06-18,油价上涨,
2022-06-18,油价调整,
2022-06-18,汽油涨价,
2022-06-18,柴油涨价,
2022-06-18,通胀,
2022-06-18,物流成本,
2022-06-19,油价上涨,
2022-06-19,油价调整,
2022-06-19,汽油涨价,
2022-06-19,柴油涨价,
2022-06-19,通胀,
2022-06-19,物流成本,
2022-06-20,油价上涨,
2022-06-20,油价调整,
2022-06-20,汽油涨价,
2022-06-20,柴油涨价,
2022-06-20,通胀,
2022-06-20,物流成本,
2022-06-21,油价上涨,
2022-06-21,油价调整,
2022-06-21,汽油涨价,
2022-06-21,柴油涨价,
2022-06-21,通胀,
2022-06-21,物流成本,
2022-06-22,油价上涨,
2022-06-22,油价调整,
2022-06-22,汽油涨价,
2022-06-22,柴油涨价,
2022-06-22,通胀,
2022-06-22,物流成本,
2022-06-23,油价上涨,
2022-06-23,油价调整,
2022-06-23,汽油涨价,
2022-06-23,柴油涨价,
2022-06-23,通胀,
2022-06-23,物流成本,
2022-06-24,油价上涨,
2022-06-24,油价调整,
2022-06-24,汽油涨价,
2022-06-24,柴油涨价,
2022-06-24,通胀,
2022-06-24,物流成本,
2022-06-25,油价上涨,
2022-06-25,油价调整,
2022-06-25,汽油涨价,
2022-06-25,柴油涨价,
2022-06-25,通胀,
2022-06-25,物流成本,
2022-06-26,油价上涨,
2022-06-26,油价调整,
2022-06-26,汽油涨价,
2022-06-26,柴油涨价,
2022-06-26,通胀,
2022-06-26,物流成本,
2022-06-27,油价上涨,
2022-06-27,油价调整,
2022-06-27,汽油涨价,
2022-06-27,柴油涨价,
2022-06-27,通胀,
2022-06-27,物流成本,
2022-06-28,油价上涨,
2022-06-28,油价调整,
2022-06-28,汽油涨价,
2022-06-28,柴油涨价,
2022-06-28,通胀,
2022-06-28,物流成本,
2022-06-29,油价上涨,
2022-06-29,油价调整,
2022-06-29,汽油涨价,
2022-06-29,柴油涨价,
2022-06-29,通胀,
2022-06-29,物流成本,
2022-06-30,油价上涨,
2022-06-30,油价调整,
2022-06-30,汽油涨价,
2022-06-30,柴油涨价,
2022-06-30,通胀,
2022-06-30,物流成本,
2022-07-01,油价上涨,
2022-07-01,油价调整,
2022-07-01,汽油涨价,
2022-07-01,柴油涨价,
2022-07-01,通胀,
2022-07-01,物流成本,
2022-07-02,油价上涨,
2022-07-02,油价调整,
2022-07-02,汽油涨价,
2022-07-02,柴油涨价,
2022-07-02,通胀,
2022-07-02,物流成本,
2022-07-03,油价上涨,
2022-07-03,油价调整,
2022-07-03,汽油涨价,
2022-07-03,柴油涨价,
2022-07-03,通胀,
2022-07-03,物流成本,
2022-07-04,油价上涨,
2022-07-04,油价调整,
2022-07-04,汽油涨价,
2022-07-04,柴油涨价,
2022-07-04,通胀,
2022-07-04,物流成本,
2022-07-05,油价上涨,
2022-07-05,油价调整,
2022-07-05,汽油涨价,
2022-07-05,柴油涨价,
2022-07-05,通胀,
2022-07-05,物流成本,
2022-07-06,油价上涨,
2022-07-06,油价调整,
2022-07-06,汽油涨价,
2022-07-06,柴油涨价,
2022-07-06,通胀,
2022-07-06,物流成本,
2022-07-07,油价上涨,
2022-07-07,油价调整,
2022-07-07,汽油涨价,
2022-07-07,柴油涨价,
2022-07-07,通胀,
2022-07-07,物流成本,
2022-07-08,油价上涨,
2022-07-08,油价调整,
2022-07-08,汽油涨价,
2022-07-08,柴油涨价,
2022-07-08,通胀,
2022-07-08,物流成本,
2022-07-09,油价上涨,
2022-07-09,油价调整,
2022-07-09,汽油涨价,
2022-07-09,柴油涨价,
2022-07-09,通胀,
2022-07-09,物流成本,
2022-07-10,油价上涨,
2022-07-10,油价调整,
2022-07-10,汽油涨价,
2022-07-10,柴油涨价,
2022-07-10,通胀,
2022-07-10,物流成本,
2022-07-11,油价上涨,
2022-07-11,油价调整,
2022-07-11,汽油涨价,
2022-07-11,柴油涨价,
2022-07-11,通胀,
2022-07-11,物流成本,
2022-07-12,油价上涨,
2022-07-12,油价调整,
2022-07-12,汽油涨价,
2022-07-12,柴油涨价,
2022-07-12,通胀,
2022-07-12,物流成本,
2022-07-13,油价上涨,
2022-07-13,油价调整,
2022-07-13,汽油涨价,
2022-07-13,柴油涨价,
2022-07-13,通胀,
2022-07-13,物流成本,
2022-07-14,油价上涨,
2022-07-14,油价调整,
2022-07-14,汽油涨价,
2022-07-14,柴油涨价,
2022-07-14,通胀,
2022-07-14,物流成本,
2022-07-15,油价上涨,
2022-07-15,油价调整,
2022-07-15,汽油涨价,
2022-07-15,柴油涨价,
2022-07-15,通胀,
2022-07-15,物流成本,
2022-07-16,油价上涨,
2022-07-16,油价调整,
2022-07-16,汽油涨价,
2022-07-16,柴油涨价,
2022-07-16,通胀,
2022-07-16,物流成本,
2022-07-17,油价上涨,
2022-07-17,油价调整,
2022-07-17,汽油涨价,
2022-07-17,柴油涨价,
2022-07-17,通胀,
2022-07-17,物流成本,
2022-07-18,油价上涨,
2022-07-18,油价调整,
2022-07-18,汽油涨价,
2022-07-18,柴油涨价,
2022-07-18,通胀,
2022-07-18,物流成本,
2022-07-19,油价上涨,
2022-07-19,油价调整,
2022-07-19,汽油涨价,
2022-07-19,柴油涨价,
2022-07-19,通胀,
2022-07-19,物流成本,
2022-07-20,油价上涨,
2022-07-20,油价调整,
2022-07-20,汽油涨价,
2022-07-20,柴油涨价,
2022-07-20,通胀,
2022-07-20,物流成本,
2022-07-21,油价上涨,
2022-07-21,油价调整,
2022-07-21,汽油涨价,
2022-07-21,柴油涨价,
2022-07-21,通胀,
2022-07-21,物流成本,
2022-07-22,油价上涨,
2022-07-22,油价调整,
2022-07-22,汽油涨价,
2022-07-22,柴油涨价,
2022-07-22,通胀,
2022-07-22,物流成本,
2022-07-23,油价上涨,
2022-07-23,油价调整,
2022-07-23,汽油涨价,
2022-07-23,柴油涨价,
2022-07-23,通胀,
2022-07-23,物流成本,
2022-07-24,油价上涨,
2022-07-24,油价调整,
2022-07-24,汽油涨价,
2022-07-24,柴油涨价,
2022-07-24,通胀,
2022-07-24,物流成本,
2022-07-25,油价上涨,
2022-07-25,油价调整,
2022-07-25,汽油涨价,
2022-07-25,柴油涨价,
2022-07-25,通胀,
2022-07-25,物流成本,
2022-07-26,油价上涨,
2022-07-26,油价调整,
2022-07-26,汽油涨价,
2022-07-26,柴油涨价,
2022-07-26,通胀,
2022-07-26,物流成本,
2022-07-27,油价上涨,
2022-07-27,油价调整,
2022-07-27,汽油涨价,
2022-07-27,柴油涨价,
2022-07-27,通胀,
2022-07-27,物流成本,
2022-07-28,油价上涨,
2022-07-28,油价调整,
2022-07-28,汽油涨价,
2022-07-28,柴油涨价,
2022-07-28,通胀,
2022-07-28,物流成本,
2022-07-29,油价上涨,
2022-07-29,油价调整,
2022-07-29,汽油涨价,
2022-07-29,柴油涨价,
2022-07-29,通胀,
2022-07-29,物流成本,
2022-07-30,油价上涨,
2022-07-30,油价调整,
2022-07-30,汽油涨价,
2022-07-30,柴油涨价,
2022-07-30,通胀,
2022-07-30,物流成本,
2022-07-31,油价上涨,
2022-07-31,油价调整,
2022-07-31,汽油涨价,
2022-07-31,柴油涨价,
2022-07-31,通胀,
2022-07-31,物流成本,
2022-08-01,油价上涨,
2022-08-01,油价调整,
2022-08-01,汽油涨价,
2022-08-01,柴油涨价,
2022-08-01,通胀,
2022-08-01,物流成本,
2022-08-02,油价上涨,
2022-08-02,油价调整,
2022-08-02,汽油涨价,
2022-08-02,柴油涨价,
2022-08-02,通胀,
2022-08-02,物流成本,
2022-08-03,油价上涨,
2022-08-03,油价调整,
2022-08-03,汽油涨价,
2022-08-03,柴油涨价,
2022-08-03,通胀,
2022-08-03,物流成本,
2022-08-04,油价上涨,
2022-08-04,油价调整,
2022-08-04,汽油涨价,
2022-08-04,柴油涨价,
2022-08-04,通胀,
2022-08-04,物流成本,
2022-08-05,油价上涨,
2022-08-05,油价调整,
2022-08-05,汽油涨价,
2022-08-05,柴油涨价,
2022-08-05,通胀,
2022-08-05,物流成本,
2022-08-06,油价上涨,
2022-08-06,油价调整,
2022-08-06,汽油涨价,
2022-08-06,柴油涨价,
2022-08-06,通胀,
2022-08-06,物流成本,
2022-08-07,油价上涨,
2022-08-07,油价调整,
2022-08-07,汽油涨价,
2022-08-07,柴油涨价,
2022-08-07,通胀,
2022-08-07,物流成本,
2022-08-08,油价上涨,
2022-08-08,油价调整,
2022-08-08,汽油涨价,
2022-08-08,柴油涨价,
2022-08-08,通胀,
2022-08-08,物流成本,
2022-08-09,油价上涨,
2022-08-09,油价调整,
2022-08-09,汽油涨价,
2022-08-09,柴油涨价,
2022-08-09,通胀,
2022-08-09,物流成本,
2022-08-10,油价上涨,
2022-08-10,油价调整,
2022-08-10,汽油涨价,
2022-08-10,柴油涨价,
2022-08-10,通胀,
2022-08-10,物流成本,
2022-08-11,油价上涨,
2022-08-11,油价调整,
2022-08-11,汽油涨价,
2022-08-11,柴油涨价,
2022-08-11,通胀,
2022-08-11,物流成本,
2022-08-12,油价上涨,
2022-08-12,油价调整,
2022-08-12,汽油涨价,
2022-08-12,柴油涨价,
2022-08-12,通胀,
2022-08-12,物流成本,
2022-08-13,油价上涨,
2022-08-13,油价调整,
2022-08-13,汽油涨价,
2022-08-13,柴油涨价,
2022-08-13,通胀,
2022-08-13,物流成本,
2022-08-14,油价上涨,
2022-08-14,油价调整,
2022-08-14,汽油涨价,
2022-08-14,柴油涨价,
2022-08-14,通胀,
2022-08-14,物流成本,
2022-08-15,油价上涨,
2022-08-15,油价调整,
2022-08-15,汽油涨价,
2022-08-15,柴油涨价,
2022-08-15,通胀,
2022-08-15,物流成本,
2022-08-16,油价上涨,
2022-08-16,油价调整,
2022-08-16,汽油涨价,
2022-08-16,柴油涨价,
2022-08-16,通胀,
2022-08-16,物流成本,
2022-08-17,油价上涨,
2022-08-17,油价调整,
2022-08-17,汽油涨价,
2022-08-17,柴油涨价,
2022-08-17,通胀,
2022-08-17,物流成本,
2022-08-18,油价上涨,
2022-08-18,油价调整,
2022-08-18,汽油涨价,
2022-08-18,柴油涨价,
2022-08-18,通胀,
2022-08-18,物流成本,
2022-08-19,油价上涨,
2022-08-19,油价调整,
2022-08-19,汽油涨价,
2022-08-19,柴油涨价,
2022-08-19,通胀,
2022-08-19,物流成本,
2022-08-20,油价上涨,
2022-08-20,油价调整,
2022-08-20,汽油涨价,
2022-08-20,柴油涨价,
2022-08-20,通胀,
2022-08-20,物流成本,
2022-08-21,油价上涨,
2022-08-21,油价调整,
2022-08-21,汽油涨价,
2022-08-21,柴油涨价,
2022-08-21,通胀,
2022-08-21,物流成本,
2022-08-22,油价上涨,
2022-08-22,油价调整,
2022-08-22,汽油涨价,
2022-08-22,柴油涨价,
2022-08-22,通胀,
2022-08-22,物流成本,
2022-08-23,油价上涨,
2022-08-23,油价调整,
2022-08-23,汽油涨价,
2022-08-23,柴油涨价,
2022-08-23,通胀,
2022-08-23,物流成本,
2022-08-24,油价上涨,
2022-08-24,油价调整,
2022-08-24,汽油涨价,
2022-08-24,柴油涨价,
2022-08-24,通胀,
2022-08-24,物流成本,
2022-08-25,油价上涨,
2022-08-25,油价调整,
2022-08-25,汽油涨价,
2022-08-25,柴油涨价,
2022-08-25,通胀,
2022-08-25,物流成本,
2022-08-26,油价上涨,
2022-08-26,油价调整,
2022-08-26,汽油涨价,
2022-08-26,柴油涨价,
2022-08-26,通胀,
2022-08-26,物流成本,
2022-08-27,油价上涨,
2022-08-27,油价调整,
2022-08-27,汽油涨价,
2022-08-27,柴油涨价,
2022-08-27,通胀,
2022-08-27,物流成本,
2022-08-28,油价上涨,
2022-08-28,油价调整,
2022-08-28,汽油涨价,
2022-08-28,柴油涨价,
2022-08-28,通胀,
2022-08-28,物流成本,
2022-08-29,油价上涨,
2022-08-29,油价调整,
2022-08-29,汽油涨价,
2022-08-29,柴油涨价,
2022-08-29,通胀,
2022-08-29,物流成本,
2022-08-30,油价上涨,
2022-08-30,油价调整,
2022-08-30,汽油涨价,
2022-08-30,柴油涨价,
2022-08-30,通胀,
2022-08-30,物流成本,
2022-08-31,油价上涨,
2022-08-31,油价调整,
2022-08-31,汽油涨价,
2022-08-31,柴油涨价,
2022-08-31,通胀,
2022-08-31,物流成本,
2022-09-01,油价上涨,
2022-09-01,油价调整,
2022-09-01,汽油涨价,
2022-09-01,柴油涨价,
2022-09-01,通胀,
2022-09-01,物流成本,
2022-09-02,油价上涨,
2022-09-02,油价调整,
2022-09-02,汽油涨价,
2022-09-02,柴油涨价,
2022-09-02,通胀,
2022-09-02,物流成本,
2022-09-03,油价上涨,
2022-09-03,油价调整,
2022-09-03,汽油涨价,
2022-09-03,柴油涨价,
2022-09-03,通胀,
2022-09-03,物流成本,
2022-09-04,油价上涨,
2022-09-04,油价调整,
2022-09-04,汽油涨价,
2022-09-04,柴油涨价,
2022-09-04,通胀,
2022-09-04,物流成本,
2022-09-05,油价上涨,
2022-09-05,油价调整,
2022-09-05,汽油涨价,
2022-09-05,柴油涨价,
2022-09-05,通胀,
2022-09-05,物流成本,
2022-09-06,油价上涨,
2022-09-06,油价调整,
2022-09-06,汽油涨价,
2022-09-06,柴油涨价,
2022-09-06,通胀,
2022-09-06,物流成本,
2022-09-07,油价上涨,
2022-09-07,油价调整,
2022-09-07,汽油涨价,
2022-09-07,柴油涨价,
2022-09-07,通胀,
2022-09-07,物流成本,
2022-09-08,油价上涨,
2022-09-08,油价调整,
2022-09-08,汽油涨价,
2022-09-08,柴油涨价,
2022-09-08,通胀,
2022-09-08,物流成本,
2022-09-09,油价上涨,
2022-09-09,油价调整,
2022-09-09,汽油涨价,
2022-09-09,柴油涨价,
2022-09-09,通胀,
2022-09-09,物流成本,
2022-09-10,油价上涨,
2022-09-10,油价调整,
2022-09-10,汽油涨价,
2022-09-10,柴油涨价,
2022-09-10,通胀,
2022-09-10,物流成本,
2022-09-11,油价上涨,
2022-09-11,油价调整,
2022-09-11,汽油涨价,
2022-09-11,柴油涨价,
2022-09-11,通胀,
2022-09-11,物流成本,
2022-09-12,油价上涨,
2022-09-12,油价调整,
2022-09-12,汽油涨价,
2022-09-12,柴油涨价,
2022-09-12,通胀,
2022-09-12,物流成本,
2022-09-13,油价上涨,
2022-09-13,油价调整,
2022-09-13,汽油涨价,
2022-09-13,柴油涨价,
2022-09-13,通胀,
2022-09-13,物流成本,
2022-09-14,油价上涨,
2022-09-14,油价调整,
2022-09-14,汽油涨价,
2022-09-14,柴油涨价,
2022-09-14,通胀,
2022-09-14,物流成本,
2022-09-15,油价上涨,
2022-09-15,油价调整,
2022-09-15,汽油涨价,
2022-09-15,柴油涨价,
2022-09-15,通胀,
2022-09-15,物流成本,
2022-09-16,油价上涨,
2022-09-16,油价调整,
2022-09-16,汽油涨价,
2022-09-16,柴油涨价,
2022-09-16,通胀,
2022-09-16,物流成本,
2022-09-17,油价上涨,
2022-09-17,油价调整,
2022-09-17,汽油涨价,
2022-09-17,柴油涨价,
2022-09-17,通胀,
2022-09-17,物流成本,
2022-09-18,油价上涨,
2022-09-18,油价调整,
2022-09-18,汽油涨价,
2022-09-18,柴油涨价,
2022-09-18,通胀,
2022-09-18,物流成本,
2022-09-19,油价上涨,
2022-09-19,油价调整,
2022-09-19,汽油涨价,
2022-09-19,柴油涨价,
2022-09-19,通胀,
2022-09-19,物流成本,
2022-09-20,油价上涨,
2022-09-20,油价调整,
2022-09-20,汽油涨价,
2022-09-20,柴油涨价,
2022-09-20,通胀,
2022-09-20,物流成本,
2022-09-21,油价上涨,
2022-09-21,油价调整,
2022-09-21,汽油涨价,
2022-09-21,柴油涨价,
2022-09-21,通胀,
2022-09-21,物流成本,
2022-09-22,油价上涨,
2022-09-22,油价调整,
2022-09-22,汽油涨价,
2022-09-22,柴油涨价,
2022-09-22,通胀,
2022-09-22,物流成本,
2022-09-23,油价上涨,
2022-09-23,油价调整,
2022-09-23,汽油涨价,
2022-09-23,柴油涨价,
2022-09-23,通胀,
2022-09-23,物流成本,
2022-09-24,油价上涨,
2022-09-24,油价调整,
2022-09-24,汽油涨价,
2022-09-24,柴油涨价,
2022-09-24,通胀,
2022-09-24,物流成本,
2022-09-25,油价上涨,
2022-09-25,油价调整,
2022-09-25,汽油涨价,
2022-09-25,柴油涨价,
2022-09-25,通胀,
2022-09-25,物流成本,
2022-09-26,油价上涨,
2022-09-26,油价调整,
2022-09-26,汽油涨价,
2022-09-26,柴油涨价,
2022-09-26,通胀,
2022-09-26,物流成本,
2022-09-27,油价上涨,
2022-09-27,油价调整,
2022-09-27,汽油涨价,
2022-09-27,柴油涨价,
2022-09-27,通胀,
2022-09-27,物流成本,
2022-09-28,油价上涨,
2022-09-28,油价调整,
2022-09-28,汽油涨价,
2022-09-28,柴油涨价,
2022-09-28,通胀,
2022-09-28,物流成本,
2022-09-29,油价上涨,
2022-09-29,油价调整,
2022-09-29,汽油涨价,
2022-09-29,柴油涨价,
2022-09-29,通胀,
2022-09-29,物流成本,
2022-09-30,油价上涨,
2022-09-30,油价调整,
2022-09-30,汽油涨价,
2022-09-30,柴油涨价,
2022-09-30,通胀,
2022-09-30,物流成本,
2022-10-01,油价上涨,
2022-10-01,油价调整,
2022-10-01,汽油涨价,
2022-10-01,柴油涨价,
2022-10-01,通胀,
2022-10-01,物流成本,
2022-10-02,油价上涨,
2022-10-02,油价调整,
2022-10-02,汽油涨价,
2022-10-02,柴油涨价,
2022-10-02,通胀,
2022-10-02,物流成本,
2022-10-03,油价上涨,
2022-10-03,油价调整,
2022-10-03,汽油涨价,
2022-10-03,柴油涨价,
2022-10-03,通胀,
2022-10-03,物流成本,
2022-10-04,油价上涨,
2022-10-04,油价调整,
2022-10-04,汽油涨价,
2022-10-04,柴油涨价,
2022-10-04,通胀,
2022-10-04,物流成本,
2022-10-05,油价上涨,
2022-10-05,油价调整,
2022-10-05,汽油涨价,
2022-10-05,柴油涨价,
2022-10-05,通胀,
2022-10-05,物流成本,
2022-10-06,油价上涨,
2022-10-06,油价调整,
2022-10-06,汽油涨价,
2022-10-06,柴油涨价,
2022-10-06,通胀,
2022-10-06,物流成本,
2022-10-07,油价上涨,
2022-10-07,油价调整,
2022-10-07,汽油涨价,
2022-10-07,柴油涨价,
2022-10-07,通胀,
2022-10-07,物流成本,
2022-10-08,油价上涨,
2022-10-08,油价调整,
2022-10-08,汽油涨价,
2022-10-08,柴油涨价,
2022-10-08,通胀,
2022-10-08,物流成本,
2022-10-09,油价上涨,
2022-10-09,油价调整,
2022-10-09,汽油涨价,
2022-10-09,柴油涨价,
2022-10-09,通胀,
2022-10-09,物流成本,
2022-10-10,油价上涨,
2022-10-10,油价调整,
2022-10-10,汽油涨价,
2022-10-10,柴油涨价,
2022-10-10,通胀,
2022-10-10,物流成本,
2022-10-11,油价上涨,
2022-10-11,油价调整,
2022-10-11,汽油涨价,
2022-10-11,柴油涨价,
2022-10-11,通胀,
2022-10-11,物流成本,
2022-10-12,油价上涨,
2022-10-12,油价调整,
2022-10-12,汽油涨价,
2022-10-12,柴油涨价,
2022-10-12,通胀,
2022-10-12,物流成本,
2022-10-13,油价上涨,
2022-10-13,油价调整,
2022-10-13,汽油涨价,
2022-10-13,柴油涨价,
2022-10-13,通胀,
2022-10-13,物流成本,
2022-10-14,油价上涨,
2022-10-14,油价调整,
2022-10-14,汽油涨价,
2022-10-14,柴油涨价,
2022-10-14,通胀,
2022-10-14,物流成本,
2022-10-15,油价上涨,
2022-10-15,油价调整,
2022-10-15,汽油涨价,
2022-10-15,柴油涨价,
2022-10-15,通胀,
2022-10-15,物流成本,
2022-10-16,油价上涨,
2022-10-16,油价调整,
2022-10-16,汽油涨价,
2022-10-16,柴油涨价,
2022-10-16,通胀,
2022-10-16,物流成本,
2022-10-17,油价上涨,
2022-10-17,油价调整,
2022-10-17,汽油涨价,
2022-10-17,柴油涨价,
2022-10-17,通胀,
2022-10-17,物流成本,
2022-10-18,油价上涨,
2022-10-18,油价调整,
2022-10-18,汽油涨价,
2022-10-18,柴油涨价,
2022-10-18,通胀,
2022-10-18,物流成本,
2022-10-19,油价上涨,
2022-10-19,油价调整,
2022-10-19,汽油涨价,
2022-10-19,柴油涨价,
2022-10-19,通胀,
2022-10-19,物流成本,
2022-10-20,油价上涨,
2022-10-20,油价调整,
2022-10-20,汽油涨价,
2022-10-20,柴油涨价,
2022-10-20,通胀,
2022-10-20,物流成本,
2022-10-21,油价上涨,
2022-10-21,油价调整,
2022-10-21,汽油涨价,
2022-10-21,柴油涨价,
2022-10-21,通胀,
2022-10-21,物流成本,
2022-10-22,油价上涨,
2022-10-22,油价调整,
2022-10-22,汽油涨价,
2022-10-22,柴油涨价,
2022-10-22,通胀,
2022-10-22,物流成本,
2022-10-23,油价上涨,
2022-10-23,油价调整,
2022-10-23,汽油涨价,
2022-10-23,柴油涨价,
2022-10-23,通胀,
2022-10-23,物流成本,
2022-10-24,油价上涨,
2022-10-24,油价调整,
2022-10-24,汽油涨价,
2022-10-24,柴油涨价,
2022-10-24,通胀,
2022-10-24,物流成本,
2022-10-25,油价上涨,
2022-10-25,油价调整,
2022-10-25,汽油涨价,
2022-10-25,柴油涨价,
2022-10-25,通胀,
2022-10-25,物流成本,
2022-10-26,油价上涨,
2022-10-26,油价调整,
2022-10-26,汽油涨价,
2022-10-26,柴油涨价,
2022-10-26,通胀,
2022-10-26,物流成本,
2022-10-27,油价上涨,
2022-10-27,油价调整,
2022-10-27,汽油涨价,
2022-10-27,柴油涨价,
2022-10-27,通胀,
2022-10-27,物流成本,
2022-10-28,油价上涨,
2022-10-28,油价调整,
2022-10-28,汽油涨价,
2022-10-28,柴油涨价,
2022-10-28,通胀,
2022-10-28,物流成本,
2022-10-29,油价上涨,
2022-10-29,油价调整,
2022-10-29,汽油涨价,
2022-10-29,柴油涨价,
2022-10-29,通胀,
2022-10-29,物流成本,
2022-10-30,油价上涨,
2022-10-30,油价调整,
2022-10-30,汽油涨价,
2022-10-30,柴油涨价,
2022-10-30,通胀,
2022-10-30,物流成本,
2022-10-31,油价上涨,
2022-10-31,油价调整,
2022-10-31,汽油涨价,
2022-10-31,柴油涨价,
2022-10-31,通胀,
2022-10-31,物流成本,
2022-11-01,油价上涨,
2022-11-01,油价调整,
2022-11-01,汽油涨价,
2022-11-01,柴油涨价,
2022-11-01,通胀,
2022-11-01,物流成本,
2022-11-02,油价上涨,
2022-11-02,油价调整,
2022-11-02,汽油涨价,
2022-11-02,柴油涨价,
2022-11-02,通胀,
2022-11-02,物流成本,
2022-11-03,油价上涨,
2022-11-03,油价调整,
2022-11-03,汽油涨价,
2022-11-03,柴油涨价,
2022-11-03,通胀,
2022-11-03,物流成本,
2022-11-04,油价上涨,
2022-11-04,油价调整,
2022-11-04,汽油涨价,
2022-11-04,柴油涨价,
2022-11-04,通胀,
2022-11-04,物流成本,
2022-11-05,油价上涨,
2022-11-05,油价调整,
2022-11-05,汽油涨价,
2022-11-05,柴油涨价,
2022-11-05,通胀,
2022-11-05,物流成本,
2022-11-06,油价上涨,
2022-11-06,油价调整,
2022-11-06,汽油涨价,
2022-11-06,柴油涨价,
2022-11-06,通胀,
2022-11-06,物流成本,
2022-11-07,油价上涨,
2022-11-07,油价调整,
2022-11-07,汽油涨价,
2022-11-07,柴油涨价,
2022-11-07,通胀,
2022-11-07,物流成本,
2022-11-08,油价上涨,
2022-11-08,油价调整,
2022-11-08,汽油涨价,
2022-11-08,柴油涨价,
2022-11-08,通胀,
2022-11-08,物流成本,
2022-11-09,油价上涨,
2022-11-09,油价调整,
2022-11-09,汽油涨价,
2022-11-09,柴油涨价,
2022-11-09,通胀,
2022-11-09,物流成本,
2022-11-10,油价上涨,
2022-11-10,油价调整,
2022-11-10,汽油涨价,
2022-11-10,柴油涨价,
2022-11-10,通胀,
2022-11-10,物流成本,
2022-11-11,油价上涨,
2022-11-11,油价调整,
2022-11-11,汽油涨价,
2022-11-11,柴油涨价,
2022-11-11,通胀,
2022-11-11,物流成本,
2022-11-12,油价上涨,
2022-11-12,油价调整,
2022-11-12,汽油涨价,
2022-11-12,柴油涨价,
2022-11-12,通胀,
2022-11-12,物流成本,
2022-11-13,油价上涨,
2022-11-13,油价调整,
2022-11-13,汽油涨价,
2022-11-13,柴油涨价,
2022-11-13,通胀,
2022-11-13,物流成本,
2022-11-14,油价上涨,
2022-11-14,油价调整,
2022-11-14,汽油涨价,
2022-11-14,柴油涨价,
2022-11-14,通胀,
2022-11-14,物流成本,
2022-11-15,油价上涨,
2022-11-15,油价调整,
2022-11-15,汽油涨价,
2022-11-15,柴油涨价,
2022-11-15,通胀,
2022-11-15,物流成本,
2022-11-16,油价上涨,
2022-11-16,油价调整,
2022-11-16,汽油涨价,
2022-11-16,柴油涨价,
2022-11-16,通胀,
2022-11-16,物流成本,
2022-11-17,油价上涨,
2022-11-17,油价调整,
2022-11-17,汽油涨价,
2022-11-17,柴油涨价,
2022-11-17,通胀,
2022-11-17,物流成本,
2022-11-18,油价上涨,
2022-11-18,油价调整,
2022-11-18,汽油涨价,
2022-11-18,柴油涨价,
2022-11-18,通胀,
2022-11-18,物流成本,
2022-11-19,油价上涨,
2022-11-19,油价调整,
2022-11-19,汽油涨价,
2022-11-19,柴油涨价,
2022-11-19,通胀,
2022-11-19,物流成本,
2022-11-20,油价上涨,
2022-11-20,油价调整,
2022-11-20,汽油涨价,
2022-11-20,柴油涨价,
2022-11-20,通胀,
2022-11-20,物流成本,
2022-11-21,油价上涨,
2022-11-21,油价调整,
2022-11-21,汽油涨价,
2022-11-21,柴油涨价,
2022-11-21,通胀,
2022-11-21,物流成本,
2022-11-22,油价上涨,
2022-11-22,油价调整,
2022-11-22,汽油涨价,
2022-11-22,柴油涨价,
2022-11-22,通胀,
2022-11-22,物流成本,
2022-11-23,油价上涨,
2022-11-23,油价调整,
2022-11-23,汽油涨价,
2022-11-23,柴油涨价,
2022-11-23,通胀,
2022-11-23,物流成本,
2022-11-24,油价上涨,
2022-11-24,油价调整,
2022-11-24,汽油涨价,
2022-11-24,柴油涨价,
2022-11-24,通胀,
2022-11-24,物流成本,
2022-11-25,油价上涨,
2022-11-25,油价调整,
2022-11-25,汽油涨价,
2022-11-25,柴油涨价,
2022-11-25,通胀,
2022-11-25,物流成本,
2022-11-26,油价上涨,
2022-11-26,油价调整,
2022-11-26,汽油涨价,
2022-11-26,柴油涨价,
2022-11-26,通胀,
2022-11-26,物流成本,
2022-11-27,油价上涨,
2022-11-27,油价调整,
2022-11-27,汽油涨价,
2022-11-27,柴油涨价,
2022-11-27,通胀,
2022-11-27,物流成本,
2022-11-28,油价上涨,
2022-11-28,油价调整,
2022-11-28,汽油涨价,
2022-11-28,柴油涨价,
2022-11-28,通胀,
2022-11-28,物流成本,
2022-11-29,油价上涨,
2022-11-29,油价调整,
2022-11-29,汽油涨价,
2022-11-29,柴油涨价,
2022-11-29,通胀,
2022-11-29,物流成本,
2022-11-30,油价上涨,
2022-11-30,油价调整,
2022-11-30,汽油涨价,
2022-11-30,柴油涨价,
2022-11-30,通胀,
2022-11-30,物流成本,
2022-12-01,油价上涨,
2022-12-01,油价调整,
2022-12-01,汽油涨价,
2022-12-01,柴油涨价,
2022-12-01,通胀,
2022-12-01,物流成本,
2022-12-02,油价上涨,
2022-12-02,油价调整,
2022-12-02,汽油涨价,
2022-12-02,柴油涨价,
2022-12-02,通胀,
2022-12-02,物流成本,
2022-12-03,油价上涨,
2022-12-03,油价调整,
2022-12-03,汽油涨价,
2022-12-03,柴油涨价,
2022-12-03,通胀,
2022-12-03,物流成本,
2022-12-04,油价上涨,
2022-12-04,油价调整,
2022-12-04,汽油涨价,
2022-12-04,柴油涨价,
2022-12-04,通胀,
2022-12-04,物流成本,
2022-12-05,油价上涨,
2022-12-05,油价调整,
2022-12-05,汽油涨价,
2022-12-05,柴油涨价,
2022-12-05,通胀,
2022-12-05,物流成本,
2022-12-06,油价上涨,
2022-12-06,油价调整,
2022-12-06,汽油涨价,
2022-12-06,柴油涨价,
2022-12-06,通胀,
2022-12-06,物流成本,
2022-12-07,油价上涨,
2022-12-07,油价调整,
2022-12-07,汽油涨价,
2022-12-07,柴油涨价,
2022-12-07,通胀,
2022-12-07,物流成本,
2022-12-08,油价上涨,
2022-12-08,油价调整,
2022-12-08,汽油涨价,
2022-12-08,柴油涨价,
2022-12-08,通胀,
2022-12-08,物流成本,
2022-12-09,油价上涨,
2022-12-09,油价调整,
2022-12-09,汽油涨价,
2022-12-09,柴油涨价,
2022-12-09,通胀,
2022-12-09,物流成本,
2022-12-10,油价上涨,
2022-12-10,油价调整,
2022-12-10,汽油涨价,
2022-12-10,柴油涨价,
2022-12-10,通胀,
2022-12-10,物流成本,
2022-12-11,油价上涨,
2022-12-11,油价调整,
2022-12-11,汽油涨价,
2022-12-11,柴油涨价,
2022-12-11,通胀,
2022-12-11,物流成本,
2022-12-12,油价上涨,
2022-12-12,油价调整,
2022-12-12,汽油涨价,
2022-12-12,柴油涨价,
2022-12-12,通胀,
2022-12-12,物流成本,
2022-12-13,油价上涨,
2022-12-13,油价调整,
2022-12-13,汽油涨价,
2022-12-13,柴油涨价,
2022-12-13,通胀,
2022-12-13,物流成本,
2022-12-14,油价上涨,
2022-12-14,油价调整,
2022-12-14,汽油涨价,
2022-12-14,柴油涨价,
2022-12-14,通胀,
2022-12-14,物流成本,
2022-12-15,油价上涨,
2022-12-15,油价调整,
2022-12-15,汽油涨价,
2022-12-15,柴油涨价,
2022-12-15,通胀,
2022-12-15,物流成本,
2022-12-16,油价上涨,
2022-12-16,油价调整,
2022-12-16,汽油涨价,
2022-12-16,柴油涨价,
2022-12-16,通胀,
2022-12-16,物流成本,
2022-12-17,油价上涨,
2022-12-17,油价调整,
2022-12-17,汽油涨价,
2022-12-17,柴油涨价,
2022-12-17,通胀,
2022-12-17,物流成本,
2022-12-18,油价上涨,
2022-12-18,油价调整,
2022-12-18,汽油涨价,
2022-12-18,柴油涨价,
2022-12-18,通胀,
2022-12-18,物流成本,
2022-12-19,油价上涨,
2022-12-19,油价调整,
2022-12-19,汽油涨价,
2022-12-19,柴油涨价,
2022-12-19,通胀,
2022-12-19,物流成本,
2022-12-20,油价上涨,
2022-12-20,油价调整,
2022-12-20,汽油涨价,
2022-12-20,柴油涨价,
2022-12-20,通胀,
2022-12-20,物流成本,
2022-12-21,油价上涨,
2022-12-21,油价调整,
2022-12-21,汽油涨价,
2022-12-21,柴油涨价,
2022-12-21,通胀,
2022-12-21,物流成本,
2022-12-22,油价上涨,
2022-12-22,油价调整,
2022-12-22,汽油涨价,
2022-12-22,柴油涨价,
2022-12-22,通胀,
2022-12-22,物流成本,
2022-12-23,油价上涨,
2022-12-23,油价调整,
2022-12-23,汽油涨价,
2022-12-23,柴油涨价,
2022-12-23,通胀,
2022-12-23,物流成本,
2022-12-24,油价上涨,
2022-12-24,油价调整,
2022-12-24,汽油涨价,
2022-12-24,柴油涨价,
2022-12-24,通胀,
2022-12-24,物流成本,
2022-12-25,油价上涨,
2022-12-25,油价调整,
2022-12-25,汽油涨价,
2022-12-25,柴油涨价,
2022-12-25,通胀,
2022-12-25,物流成本,
2022-12-26,油价上涨,
2022-12-26,油价调整,
2022-12-26,汽油涨价,
2022-12-26,柴油涨价,
2022-12-26,通胀,
2022-12-26,物流成本,
2022-12-27,油价上涨,
2022-12-27,油价调整,
2022-12-27,汽油涨价,
2022-12-27,柴油涨价,
2022-12-27,通胀,
2022-12-27,物流成本,
2022-12-28,油价上涨,
2022-12-28,油价调整,
2022-12-28,汽油涨价,
2022-12-28,柴油涨价,
2022-12-28,通胀,
2022-12-28,物流成本,
2022-12-29,油价上涨,
2022-12-29,油价调整,
2022-12-29,汽油涨价,
2022-12-29,柴油涨价,
2022-12-29,通胀,
2022-12-29,物流成本,
2022-12-30,油价上涨,
2022-12-30,油价调整,
2022-12-30,汽油涨价,
2022-12-30,柴油涨价,
2022-12-30,通胀,
2022-12-30,物流成本,
2022-12-31,油价上涨,
2022-12-31,油价调整,
2022-12-31,汽油涨价,
2022-12-31,柴油涨价,
2022-12-31,通胀,
2022-12-31,物流成本,
2023-01-01,油价上涨,
2023-01-01,油价调整,
2023-01-01,汽油涨价,
2023-01-01,柴油涨价,
2023-01-01,通胀,
2023-01-01,物流成本,
2023-01-02,油价上涨,
2023-01-02,油价调整,
2023-01-02,汽油涨价,
2023-01-02,柴油涨价,
2023-01-02,通胀,
2023-01-02,物流成本,
2023-01-03,油价上涨,
2023-01-03,油价调整,
2023-01-03,汽油涨价,
2023-01-03,柴油涨价,
2023-01-03,通胀,
2023-01-03,物流成本,
2023-01-04,油价上涨,
2023-01-04,油价调整,
2023-01-04,汽油涨价,
2023-01-04,柴油涨价,
2023-01-04,通胀,
2023-01-04,物流成本,
2023-01-05,油价上涨,
2023-01-05,油价调整,
2023-01-05,汽油涨价,
2023-01-05,柴油涨价,
2023-01-05,通胀,
2023-01-05,物流成本,
2023-01-06,油价上涨,
2023-01-06,油价调整,
2023-01-06,汽油涨价,
2023-01-06,柴油涨价,
2023-01-06,通胀,
2023-01-06,物流成本,
2023-01-07,油价上涨,
2023-01-07,油价调整,
2023-01-07,汽油涨价,
2023-01-07,柴油涨价,
2023-01-07,通胀,
2023-01-07,物流成本,
2023-01-08,油价上涨,
2023-01-08,油价调整,
2023-01-08,汽油涨价,
2023-01-08,柴油涨价,
2023-01-08,通胀,
2023-01-08,物流成本,
2023-01-09,油价上涨,
2023-01-09,油价调整,
2023-01-09,汽油涨价,
2023-01-09,柴油涨价,
2023-01-09,通胀,
2023-01-09,物流成本,
2023-01-10,油价上涨,
2023-01-10,油价调整,
2023-01-10,汽油涨价,
2023-01-10,柴油涨价,
2023-01-10,通胀,
2023-01-10,物流成本,
2023-01-11,油价上涨,
2023-01-11,油价调整,
2023-01-11,汽油涨价,
2023-01-11,柴油涨价,
2023-01-11,通胀,
2023-01-11,物流成本,
2023-01-12,油价上涨,
2023-01-12,油价调整,
2023-01-12,汽油涨价,
2023-01-12,柴油涨价,
2023-01-12,通胀,
2023-01-12,物流成本,
2023-01-13,油价上涨,
2023-01-13,油价调整,
2023-01-13,汽油涨价,
2023-01-13,柴油涨价,
2023-01-13,通胀,
2023-01-13,物流成本,
2023-01-14,油价上涨,
2023-01-14,油价调整,
2023-01-14,汽油涨价,
2023-01-14,柴油涨价,
2023-01-14,通胀,
2023-01-14,物流成本,
2023-01-15,油价上涨,
2023-01-15,油价调整,
2023-01-15,汽油涨价,
2023-01-15,柴油涨价,
2023-01-15,通胀,
2023-01-15,物流成本,
2023-01-16,油价上涨,
2023-01-16,油价调整,
2023-01-16,汽油涨价,
2023-01-16,柴油涨价,
2023-01-16,通胀,
2023-01-16,物流成本,
2023-01-17,油价上涨,
2023-01-17,油价调整,
2023-01-17,汽油涨价,
2023-01-17,柴油涨价,
2023-01-17,通胀,
2023-01-17,物流成本,
2023-01-18,油价上涨,
2023-01-18,油价调整,
2023-01-18,汽油涨价,
2023-01-18,柴油涨价,
2023-01-18,通胀,
2023-01-18,物流成本,
2023-01-19,油价上涨,
2023-01-19,油价调整,
2023-01-19,汽油涨价,
2023-01-19,柴油涨价,
2023-01-19,通胀,
2023-01-19,物流成本,
2023-01-20,油价上涨,
2023-01-20,油价调整,
2023-01-20,汽油涨价,
2023-01-20,柴油涨价,
2023-01-20,通胀,
2023-01-20,物流成本,
2023-01-21,油价上涨,
2023-01-21,油价调整,
2023-01-21,汽油涨价,
2023-01-21,柴油涨价,
2023-01-21,通胀,
2023-01-21,物流成本,
2023-01-22,油价上涨,
2023-01-22,油价调整,
2023-01-22,汽油涨价,
2023-01-22,柴油涨价,
2023-01-22,通胀,
2023-01-22,物流成本,
2023-01-23,油价上涨,
2023-01-23,油价调整,
2023-01-23,汽油涨价,
2023-01-23,柴油涨价,
2023-01-23,通胀,
2023-01-23,物流成本,
2023-01-24,油价上涨,
2023-01-24,油价调整,
2023-01-24,汽油涨价,
2023-01-24,柴油涨价,
2023-01-24,通胀,
2023-01-24,物流成本,
2023-01-25,油价上涨,
2023-01-25,油价调整,
2023-01-25,汽油涨价,
2023-01-25,柴油涨价,
2023-01-25,通胀,
2023-01-25,物流成本,
2023-01-26,油价上涨,
2023-01-26,油价调整,
2023-01-26,汽油涨价,
2023-01-26,柴油涨价,
2023-01-26,通胀,
2023-01-26,物流成本,
2023-01-27,油价上涨,
2023-01-27,油价调整,
2023-01-27,汽油涨价,
2023-01-27,柴油涨价,
2023-01-27,通胀,
2023-01-27,物流成本,
2023-01-28,油价上涨,
2023-01-28,油价调整,
2023-01-28,汽油涨价,
2023-01-28,柴油涨价,
2023-01-28,通胀,
2023-01-28,物流成本,
2023-01-29,油价上涨,
2023-01-29,油价调整,
2023-01-29,汽油涨价,
2023-01-29,柴油涨价,
2023-01-29,通胀,
2023-01-29,物流成本,
2023-01-30,油价上涨,
2023-01-30,油价调整,
2023-01-30,汽油涨价,
2023-01-30,柴油涨价,
2023-01-30,通胀,
2023-01-30,物流成本,
2023-01-31,油价上涨,
2023-01-31,油价调整,
2023-01-31,汽油涨价,
2023-01-31,柴油涨价,
2023-01-31,通胀,
2023-01-31,物流成本,
2023-02-01,油价上涨,
2023-02-01,油价调整,
2023-02-01,汽油涨价,
2023-02-01,柴油涨价,
2023-02-01,通胀,
2023-02-01,物流成本,
2023-02-02,油价上涨,
2023-02-02,油价调整,
2023-02-02,汽油涨价,
2023-02-02,柴油涨价,
2023-02-02,通胀,
2023-02-02,物流成本,
2023-02-03,油价上涨,
2023-02-03,油价调整,
2023-02-03,汽油涨价,
2023-02-03,柴油涨价,
2023-02-03,通胀,
2023-02-03,物流成本,
2023-02-04,油价上涨,
2023-02-04,油价调整,
2023-02-04,汽油涨价,
2023-02-04,柴油涨价,
2023-02-04,通胀,
2023-02-04,物流成本,
2023-02-05,油价上涨,
2023-02-05,油价调整,
2023-02-05,汽油涨价,
2023-02-05,柴油涨价,
2023-02-05,通胀,
2023-02-05,物流成本,
2023-02-06,油价上涨,
2023-02-06,油价调整,
2023-02-06,汽油涨价,
2023-02-06,柴油涨价,
2023-02-06,通胀,
2023-02-06,物流成本,
2023-02-07,油价上涨,
2023-02-07,油价调整,
2023-02-07,汽油涨价,
2023-02-07,柴油涨价,
2023-02-07,通胀,
2023-02-07,物流成本,
2023-02-08,油价上涨,
2023-02-08,油价调整,
2023-02-08,汽油涨价,
2023-02-08,柴油涨价,
2023-02-08,通胀,
2023-02-08,物流成本,
2023-02-09,油价上涨,
2023-02-09,油价调整,
2023-02-09,汽油涨价,
2023-02-09,柴油涨价,
2023-02-09,通胀,
2023-02-09,物流成本,
2023-02-10,油价上涨,
2023-02-10,油价调整,
2023-02-10,汽油涨价,
2023-02-10,柴油涨价,
2023-02-10,通胀,
2023-02-10,物流成本,
2023-02-11,油价上涨,
2023-02-11,油价调整,
2023-02-11,汽油涨价,
2023-02-11,柴油涨价,
2023-02-11,通胀,
2023-02-11,物流成本,
2023-02-12,油价上涨,
2023-02-12,油价调整,
2023-02-12,汽油涨价,
2023-02-12,柴油涨价,
2023-02-12,通胀,
2023-02-12,物流成本,
2023-02-13,油价上涨,
2023-02-13,油价调整,
2023-02-13,汽油涨价,
2023-02-13,柴油涨价,
2023-02-13,通胀,
2023-02-13,物流成本,
2023-02-14,油价上涨,
2023-02-14,油价调整,
2023-02-14,汽油涨价,
2023-02-14,柴油涨价,
2023-02-14,通胀,
2023-02-14,物流成本,
2023-02-15,油价上涨,
2023-02-15,油价调整,
2023-02-15,汽油涨价,
2023-02-15,柴油涨价,
2023-02-15,通胀,
2023-02-15,物流成本,
2023-02-16,油价上涨,
2023-02-16,油价调整,
2023-02-16,汽油涨价,
2023-02-16,柴油涨价,
2023-02-16,通胀,
2023-02-16,物流成本,
2023-02-17,油价上涨,
2023-02-17,油价调整,
2023-02-17,汽油涨价,
2023-02-17,柴油涨价,
2023-02-17,通胀,
2023-02-17,物流成本,
2023-02-18,油价上涨,
2023-02-18,油价调整,
2023-02-18,汽油涨价,
2023-02-18,柴油涨价,
2023-02-18,通胀,
2023-02-18,物流成本,
2023-02-19,油价上涨,
2023-02-19,油价调整,
2023-02-19,汽油涨价,
2023-02-19,柴油涨价,
2023-02-19,通胀,
2023-02-19,物流成本,
2023-02-20,油价上涨,
2023-02-20,油价调整,
2023-02-20,汽油涨价,
2023-02-20,柴油涨价,
2023-02-20,通胀,
2023-02-20,物流成本,
2023-02-21,油价上涨,
2023-02-21,油价调整,
2023-02-21,汽油涨价,
2023-02-21,柴油涨价,
2023-02-21,通胀,
2023-02-21,物流成本,
2023-02-22,油价上涨,
2023-02-22,油价调整,
2023-02-22,汽油涨价,
2023-02-22,柴油涨价,
2023-02-22,通胀,
2023-02-22,物流成本,
2023-02-23,油价上涨,
2023-02-23,油价调整,
2023-02-23,汽油涨价,
2023-02-23,柴油涨价,
2023-02-23,通胀,
2023-02-23,物流成本,
2023-02-24,油价上涨,
2023-02-24,油价调整,
2023-02-24,汽油涨价,
2023-02-24,柴油涨价,
2023-02-24,通胀,
2023-02-24,物流成本,
2023-02-25,油价上涨,
2023-02-25,油价调整,
2023-02-25,汽油涨价,
2023-02-25,柴油涨价,
2023-02-25,通胀,
2023-02-25,物流成本,
2023-02-26,油价上涨,
2023-02-26,油价调整,
2023-02-26,汽油涨价,
2023-02-26,柴油涨价,
2023-02-26,通胀,
2023-02-26,物流成本,
2023-02-27,油价上涨,
2023-02-27,油价调整,
2023-02-27,汽油涨价,
2023-02-27,柴油涨价,
2023-02-27,通胀,
2023-02-27,物流成本,
2023-02-28,油价上涨,
2023-02-28,油价调整,
2023-02-28,汽油涨价,
2023-02-28,柴油涨价,
2023-02-28,通胀,
2023-02-28,物流成本,
2023-03-01,油价上涨,
2023-03-01,油价调整,
2023-03-01,汽油涨价,
2023-03-01,柴油涨价,
2023-03-01,通胀,
2023-03-01,物流成本,
2023-03-02,油价上涨,
2023-03-02,油价调整,
2023-03-02,汽油涨价,
2023-03-02,柴油涨价,
2023-03-02,通胀,
2023-03-02,物流成本,
2023-03-03,油价上涨,
2023-03-03,油价调整,
2023-03-03,汽油涨价,
2023-03-03,柴油涨价,
2023-03-03,通胀,
2023-03-03,物流成本,
2023-03-04,油价上涨,
2023-03-04,油价调整,
2023-03-04,汽油涨价,
2023-03-04,柴油涨价,
2023-03-04,通胀,
2023-03-04,物流成本,
2023-03-05,油价上涨,
2023-03-05,油价调整,
2023-03-05,汽油涨价,
2023-03-05,柴油涨价,
2023-03-05,通胀,
2023-03-05,物流成本,
2023-03-06,油价上涨,
2023-03-06,油价调整,
2023-03-06,汽油涨价,
2023-03-06,柴油涨价,
2023-03-06,通胀,
2023-03-06,物流成本,
2023-03-07,油价上涨,
2023-03-07,油价调整,
2023-03-07,汽油涨价,
2023-03-07,柴油涨价,
2023-03-07,通胀,
2023-03-07,物流成本,
2023-03-08,油价上涨,
2023-03-08,油价调整,
2023-03-08,汽油涨价,
2023-03-08,柴油涨价,
2023-03-08,通胀,
2023-03-08,物流成本,
2023-03-09,油价上涨,
2023-03-09,油价调整,
2023-03-09,汽油涨价,
2023-03-09,柴油涨价,
2023-03-09,通胀,
2023-03-09,物流成本,
2023-03-10,油价上涨,
2023-03-10,油价调整,
2023-03-10,汽油涨价,
2023-03-10,柴油涨价,
2023-03-10,通胀,
2023-03-10,物流成本,
2023-03-11,油价上涨,
2023-03-11,油价调整,
2023-03-11,汽油涨价,
2023-03-11,柴油涨价,
2023-03-11,通胀,
2023-03-11,物流成本,
2023-03-12,油价上涨,
2023-03-12,油价调整,
2023-03-12,汽油涨价,
2023-03-12,柴油涨价,
2023-03-12,通胀,
2023-03-12,物流成本,
2023-03-13,油价上涨,
2023-03-13,油价调整,
2023-03-13,汽油涨价,
2023-03-13,柴油涨价,
2023-03-13,通胀,
2023-03-13,物流成本,
2023-03-14,油价上涨,
2023-03-14,油价调整,
2023-03-14,汽油涨价,
2023-03-14,柴油涨价,
2023-03-14,通胀,
2023-03-14,物流成本,
2023-03-15,油价上涨,
2023-03-15,油价调整,
2023-03-15,汽油涨价,
2023-03-15,柴油涨价,
2023-03-15,通胀,
2023-03-15,物流成本,
2023-03-16,油价上涨,
2023-03-16,油价调整,
2023-03-16,汽油涨价,
2023-03-16,柴油涨价,
2023-03-16,通胀,
2023-03-16,物流成本,
2023-03-17,油价上涨,
2023-03-17,油价调整,
2023-03-17,汽油涨价,
2023-03-17,柴油涨价,
2023-03-17,通胀,
2023-03-17,物流成本,
2023-03-18,油价上涨,
2023-03-18,油价调整,
2023-03-18,汽油涨价,
2023-03-18,柴油涨价,
2023-03-18,通胀,
2023-03-18,物流成本,
2023-03-19,油价上涨,
2023-03-19,油价调整,
2023-03-19,汽油涨价,
2023-03-19,柴油涨价,
2023-03-19,通胀,
2023-03-19,物流成本,
2023-03-20,油价上涨,
2023-03-20,油价调整,
2023-03-20,汽油涨价,
2023-03-20,柴油涨价,
2023-03-20,通胀,
2023-03-20,物流成本,
2023-03-21,油价上涨,
2023-03-21,油价调整,
2023-03-21,汽油涨价,
2023-03-21,柴油涨价,
2023-03-21,通胀,
2023-03-21,物流成本,
2023-03-22,油价上涨,
2023-03-22,油价调整,
2023-03-22,汽油涨价,
2023-03-22,柴油涨价,
2023-03-22,通胀,
2023-03-22,物流成本,
2023-03-23,油价上涨,
2023-03-23,油价调整,
2023-03-23,汽油涨价,
2023-03-23,柴油涨价,
2023-03-23,通胀,
2023-03-23,物流成本,
2023-03-24,油价上涨,
2023-03-24,油价调整,
2023-03-24,汽油涨价,
2023-03-24,柴油涨价,
2023-03-24,通胀,
2023-03-24,物流成本,
2023-03-25,油价上涨,
2023-03-25,油价调整,
2023-03-25,汽油涨价,
2023-03-25,柴油涨价,
2023-03-25,通胀,
2023-03-25,物流成本,
2023-03-26,油价上涨,
2023-03-26,油价调整,
2023-03-26,汽油涨价,
2023-03-26,柴油涨价,
2023-03-26,通胀,
2023-03-26,物流成本,
2023-03-27,油价上涨,
2023-03-27,油价调整,
2023-03-27,汽油涨价,
2023-03-27,柴油涨价,
2023-03-27,通胀,
2023-03-27,物流成本,
2023-03-28,油价上涨,
2023-03-28,油价调整,
2023-03-28,汽油涨价,
2023-03-28,柴油涨价,
2023-03-28,通胀,
2023-03-28,物流成本,
2023-03-29,油价上涨,
2023-03-29,油价调整,
2023-03-29,汽油涨价,
2023-03-29,柴油涨价,
2023-03-29,通胀,
2023-03-29,物流成本,
2023-03-30,油价上涨,
2023-03-30,油价调整,
2023-03-30,汽油涨价,
2023-03-30,柴油涨价,
2023-03-30,通胀,
2023-03-30,物流成本,
2023-03-31,油价上涨,
2023-03-31,油价调整,
2023-03-31,汽油涨价,
2023-03-31,柴油涨价,
2023-03-31,通胀,
2023-03-31,物流成本,
2023-04-01,油价上涨,
2023-04-01,油价调整,
2023-04-01,汽油涨价,
2023-04-01,柴油涨价,
2023-04-01,通胀,
2023-04-01,物流成本,
2023-04-02,油价上涨,
2023-04-02,油价调整,
2023-04-02,汽油涨价,
2023-04-02,柴油涨价,
2023-04-02,通胀,
2023-04-02,物流成本,
2023-04-03,油价上涨,
2023-04-03,油价调整,
2023-04-03,汽油涨价,
2023-04-03,柴油涨价,
2023-04-03,通胀,
2023-04-03,物流成本,
2023-04-04,油价上涨,
2023-04-04,油价调整,
2023-04-04,汽油涨价,
2023-04-04,柴油涨价,
2023-04-04,通胀,
2023-04-04,物流成本,
2023-04-05,油价上涨,
2023-04-05,油价调整,
2023-04-05,汽油涨价,
2023-04-05,柴油涨价,
2023-04-05,通胀,
2023-04-05,物流成本,
2023-04-06,油价上涨,
2023-04-06,油价调整,
2023-04-06,汽油涨价,
2023-04-06,柴油涨价,
2023-04-06,通胀,
2023-04-06,物流成本,
2023-04-07,油价上涨,
2023-04-07,油价调整,
2023-04-07,汽油涨价,
2023-04-07,柴油涨价,
2023-04-07,通胀,
2023-04-07,物流成本,
2023-04-08,油价上涨,
2023-04-08,油价调整,
2023-04-08,汽油涨价,
2023-04-08,柴油涨价,
2023-04-08,通胀,
2023-04-08,物流成本,
2023-04-09,油价上涨,
2023-04-09,油价调整,
2023-04-09,汽油涨价,
2023-04-09,柴油涨价,
2023-04-09,通胀,
2023-04-09,物流成本,
2023-04-10,油价上涨,
2023-04-10,油价调整,
2023-04-10,汽油涨价,
2023-04-10,柴油涨价,
2023-04-10,通胀,
2023-04-10,物流成本,
2023-04-11,油价上涨,
2023-04-11,油价调整,
2023-04-11,汽油涨价,
2023-04-11,柴油涨价,
2023-04-11,通胀,
2023-04-11,物流成本,
2023-04-12,油价上涨,
2023-04-12,油价调整,
2023-04-12,汽油涨价,
2023-04-12,柴油涨价,
2023-04-12,通胀,
2023-04-12,物流成本,
2023-04-13,油价上涨,
2023-04-13,油价调整,
2023-04-13,汽油涨价,
2023-04-13,柴油涨价,
2023-04-13,通胀,
2023-04-13,物流成本,
2023-04-14,油价上涨,
2023-04-14,油价调整,
2023-04-14,汽油涨价,
2023-04-14,柴油涨价,
2023-04-14,通胀,
2023-04-14,物流成本,
2023-04-15,油价上涨,
2023-04-15,油价调整,
2023-04-15,汽油涨价,
2023-04-15,柴油涨价,
2023-04-15,通胀,
2023-04-15,物流成本,
2023-04-16,油价上涨,
2023-04-16,油价调整,
2023-04-16,汽油涨价,
2023-04-16,柴油涨价,
2023-04-16,通胀,
2023-04-16,物流成本,
2023-04-17,油价上涨,
2023-04-17,油价调整,
2023-04-17,汽油涨价,
2023-04-17,柴油涨价,
2023-04-17,通胀,
2023-04-17,物流成本,
2023-04-18,油价上涨,
2023-04-18,油价调整,
2023-04-18,汽油涨价,
2023-04-18,柴油涨价,
2023-04-18,通胀,
2023-04-18,物流成本,
2023-04-19,油价上涨,
2023-04-19,油价调整,
2023-04-19,汽油涨价,
2023-04-19,柴油涨价,
2023-04-19,通胀,
2023-04-19,物流成本,
2023-04-20,油价上涨,
2023-04-20,油价调整,
2023-04-20,汽油涨价,
2023-04-20,柴油涨价,
2023-04-20,通胀,
2023-04-20,物流成本,
2023-04-21,油价上涨,
2023-04-21,油价调整,
2023-04-21,汽油涨价,
2023-04-21,柴油涨价,
2023-04-21,通胀,
2023-04-21,物流成本,
2023-04-22,油价上涨,
2023-04-22,油价调整,
2023-04-22,汽油涨价,
2023-04-22,柴油涨价,
2023-04-22,通胀,
2023-04-22,物流成本,
2023-04-23,油价上涨,
2023-04-23,油价调整,
2023-04-23,汽油涨价,
2023-04-23,柴油涨价,
2023-04-23,通胀,
2023-04-23,物流成本,
2023-04-24,油价上涨,
2023-04-24,油价调整,
2023-04-24,汽油涨价,
2023-04-24,柴油涨价,
2023-04-24,通胀,
2023-04-24,物流成本,
2023-04-25,油价上涨,
2023-04-25,油价调整,
2023-04-25,汽油涨价,
2023-04-25,柴油涨价,
2023-04-25,通胀,
2023-04-25,物流成本,
2023-04-26,油价上涨,
2023-04-26,油价调整,
2023-04-26,汽油涨价,
2023-04-26,柴油涨价,
2023-04-26,通胀,
2023-04-26,物流成本,
2023-04-27,油价上涨,
2023-04-27,油价调整,
2023-04-27,汽油涨价,
2023-04-27,柴油涨价,
2023-04-27,通胀,
2023-04-27,物流成本,
2023-04-28,油价上涨,
2023-04-28,油价调整,
2023-04-28,汽油涨价,
2023-04-28,柴油涨价,
2023-04-28,通胀,
2023-04-28,物流成本,
2023-04-29,油价上涨,
2023-04-29,油价调整,
2023-04-29,汽油涨价,
2023-04-29,柴油涨价,
2023-04-29,通胀,
2023-04-29,物流成本,
2023-04-30,油价上涨,
2023-04-30,油价调整,
2023-04-30,汽油涨价,
2023-04-30,柴油涨价,
2023-04-30,通胀,
2023-04-30,物流成本,
2023-05-01,油价上涨,
2023-05-01,油价调整,
2023-05-01,汽油涨价,
2023-05-01,柴油涨价,
2023-05-01,通胀,
2023-05-01,物流成本,
2023-05-02,油价上涨,
2023-05-02,油价调整,
2023-05-02,汽油涨价,
2023-05-02,柴油涨价,
2023-05-02,通胀,
2023-05-02,物流成本,
2023-05-03,油价上涨,
2023-05-03,油价调整,
2023-05-03,汽油涨价,
2023-05-03,柴油涨价,
2023-05-03,通胀,
2023-05-03,物流成本,
2023-05-04,油价上涨,
2023-05-04,油价调整,
2023-05-04,汽油涨价,
2023-05-04,柴油涨价,
2023-05-04,通胀,
2023-05-04,物流成本,
2023-05-05,油价上涨,
2023-05-05,油价调整,
2023-05-05,汽油涨价,
2023-05-05,柴油涨价,
2023-05-05,通胀,
2023-05-05,物流成本,
2023-05-06,油价上涨,
2023-05-06,油价调整,
2023-05-06,汽油涨价,
2023-05-06,柴油涨价,
2023-05-06,通胀,
2023-05-06,物流成本,
2023-05-07,油价上涨,
2023-05-07,油价调整,
2023-05-07,汽油涨价,
2023-05-07,柴油涨价,
2023-05-07,通胀,
2023-05-07,物流成本,
2023-05-08,油价上涨,
2023-05-08,油价调整,
2023-05-08,汽油涨价,
2023-05-08,柴油涨价,
2023-05-08,通胀,
2023-05-08,物流成本,
2023-05-09,油价上涨,
2023-05-09,油价调整,
2023-05-09,汽油涨价,
2023-05-09,柴油涨价,
2023-05-09,通胀,
2023-05-09,物流成本,
2023-05-10,油价上涨,
2023-05-10,油价调整,
2023-05-10,汽油涨价,
2023-05-10,柴油涨价,
2023-05-10,通胀,
2023-05-10,物流成本,
2023-05-11,油价上涨,
2023-05-11,油价调整,
2023-05-11,汽油涨价,
2023-05-11,柴油涨价,
2023-05-11,通胀,
2023-05-11,物流成本,
2023-05-12,油价上涨,
2023-05-12,油价调整,
2023-05-12,汽油涨价,
2023-05-12,柴油涨价,
2023-05-12,通胀,
2023-05-12,物流成本,
2023-05-13,油价上涨,
2023-05-13,油价调整,
2023-05-13,汽油涨价,
2023-05-13,柴油涨价,
2023-05-13,通胀,
2023-05-13,物流成本,
2023-05-14,油价上涨,
2023-05-14,油价调整,
2023-05-14,汽油涨价,
2023-05-14,柴油涨价,
2023-05-14,通胀,
2023-05-14,物流成本,
2023-05-15,油价上涨,
2023-05-15,油价调整,
2023-05-15,汽油涨价,
2023-05-15,柴油涨价,
2023-05-15,通胀,
2023-05-15,物流成本,
2023-05-16,油价上涨,
2023-05-16,油价调整,
2023-05-16,汽油涨价,
2023-05-16,柴油涨价,
2023-05-16,通胀,
2023-05-16,物流成本,
2023-05-17,油价上涨,
2023-05-17,油价调整,
2023-05-17,汽油涨价,
2023-05-17,柴油涨价,
2023-05-17,通胀,
2023-05-17,物流成本,
2023-05-18,油价上涨,
2023-05-18,油价调整,
2023-05-18,汽油涨价,
2023-05-18,柴油涨价,
2023-05-18,通胀,
2023-05-18,物流成本,
2023-05-19,油价上涨,
2023-05-19,油价调整,
2023-05-19,汽油涨价,
2023-05-19,柴油涨价,
2023-05-19,通胀,
2023-05-19,物流成本,
2023-05-20,油价上涨,
2023-05-20,油价调整,
2023-05-20,汽油涨价,
2023-05-20,柴油涨价,
2023-05-20,通胀,
2023-05-20,物流成本,
2023-05-21,油价上涨,
2023-05-21,油价调整,
2023-05-21,汽油涨价,
2023-05-21,柴油涨价,
2023-05-21,通胀,
2023-05-21,物流成本,
2023-05-22,油价上涨,
2023-05-22,油价调整,
2023-05-22,汽油涨价,
2023-05-22,柴油涨价,
2023-05-22,通胀,
2023-05-22,物流成本,
2023-05-23,油价上涨,
2023-05-23,油价调整,
2023-05-23,汽油涨价,
2023-05-23,柴油涨价,
2023-05-23,通胀,
2023-05-23,物流成本,
2023-05-24,油价上涨,
2023-05-24,油价调整,
2023-05-24,汽油涨价,
2023-05-24,柴油涨价,
2023-05-24,通胀,
2023-05-24,物流成本,
2023-05-25,油价上涨,
2023-05-25,油价调整,
2023-05-25,汽油涨价,
2023-05-25,柴油涨价,
2023-05-25,通胀,
2023-05-25,物流成本,
2023-05-26,油价上涨,
2023-05-26,油价调整,
2023-05-26,汽油涨价,
2023-05-26,柴油涨价,
2023-05-26,通胀,
2023-05-26,物流成本,
2023-05-27,油价上涨,
2023-05-27,油价调整,
2023-05-27,汽油涨价,
2023-05-27,柴油涨价,
2023-05-27,通胀,
2023-05-27,物流成本,
2023-05-28,油价上涨,
2023-05-28,油价调整,
2023-05-28,汽油涨价,
2023-05-28,柴油涨价,
2023-05-28,通胀,
2023-05-28,物流成本,
2023-05-29,油价上涨,
2023-05-29,油价调整,
2023-05-29,汽油涨价,
2023-05-29,柴油涨价,
2023-05-29,通胀,
2023-05-29,物流成本,
2023-05-30,油价上涨,
2023-05-30,油价调整,
2023-05-30,汽油涨价,
2023-05-30,柴油涨价,
2023-05-30,通胀,
2023-05-30,物流成本,
2023-05-31,油价上涨,
2023-05-31,油价调整,
2023-05-31,汽油涨价,
2023-05-31,柴油涨价,
2023-05-31,通胀,
2023-05-31,物流成本,
2023-06-01,油价上涨,
2023-06-01,油价调整,
2023-06-01,汽油涨价,
2023-06-01,柴油涨价,
2023-06-01,通胀,
2023-06-01,物流成本,
2023-06-02,油价上涨,
2023-06-02,油价调整,
2023-06-02,汽油涨价,
2023-06-02,柴油涨价,
2023-06-02,通胀,
2023-06-02,物流成本,
2023-06-03,油价上涨,
2023-06-03,油价调整,
2023-06-03,汽油涨价,
2023-06-03,柴油涨价,
2023-06-03,通胀,
2023-06-03,物流成本,
2023-06-04,油价上涨,
2023-06-04,油价调整,
2023-06-04,汽油涨价,
2023-06-04,柴油涨价,
2023-06-04,通胀,
2023-06-04,物流成本,
2023-06-05,油价上涨,
2023-06-05,油价调整,
2023-06-05,汽油涨价,
2023-06-05,柴油涨价,
2023-06-05,通胀,
2023-06-05,物流成本,
2023-06-06,油价上涨,
2023-06-06,油价调整,
2023-06-06,汽油涨价,
2023-06-06,柴油涨价,
2023-06-06,通胀,
2023-06-06,物流成本,
2023-06-07,油价上涨,
2023-06-07,油价调整,
2023-06-07,汽油涨价,
2023-06-07,柴油涨价,
2023-06-07,通胀,
2023-06-07,物流成本,
2023-06-08,油价上涨,
2023-06-08,油价调整,
2023-06-08,汽油涨价,
2023-06-08,柴油涨价,
2023-06-08,通胀,
2023-06-08,物流成本,
2023-06-09,油价上涨,
2023-06-09,油价调整,
2023-06-09,汽油涨价,
2023-06-09,柴油涨价,
2023-06-09,通胀,
2023-06-09,物流成本,
2023-06-10,油价上涨,
2023-06-10,油价调整,
2023-06-10,汽油涨价,
2023-06-10,柴油涨价,
2023-06-10,通胀,
2023-06-10,物流成本,
2023-06-11,油价上涨,
2023-06-11,油价调整,
2023-06-11,汽油涨价,
2023-06-11,柴油涨价,
2023-06-11,通胀,
2023-06-11,物流成本,
2023-06-12,油价上涨,
2023-06-12,油价调整,
2023-06-12,汽油涨价,
2023-06-12,柴油涨价,
2023-06-12,通胀,
2023-06-12,物流成本,
2023-06-13,油价上涨,
2023-06-13,油价调整,
2023-06-13,汽油涨价,
2023-06-13,柴油涨价,
2023-06-13,通胀,
2023-06-13,物流成本,
2023-06-14,油价上涨,
2023-06-14,油价调整,
2023-06-14,汽油涨价,
2023-06-14,柴油涨价,
2023-06-14,通胀,
2023-06-14,物流成本,
2023-06-15,油价上涨,
2023-06-15,油价调整,
2023-06-15,汽油涨价,
2023-06-15,柴油涨价,
2023-06-15,通胀,
2023-06-15,物流成本,
2023-06-16,油价上涨,
2023-06-16,油价调整,
2023-06-16,汽油涨价,
2023-06-16,柴油涨价,
2023-06-16,通胀,
2023-06-16,物流成本,
2023-06-17,油价上涨,
2023-06-17,油价调整,
2023-06-17,汽油涨价,
2023-06-17,柴油涨价,
2023-06-17,通胀,
2023-06-17,物流成本,
2023-06-18,油价上涨,
2023-06-18,油价调整,
2023-06-18,汽油涨价,
2023-06-18,柴油涨价,
2023-06-18,通胀,
2023-06-18,物流成本,
2023-06-19,油价上涨,
2023-06-19,油价调整,
2023-06-19,汽油涨价,
2023-06-19,柴油涨价,
2023-06-19,通胀,
2023-06-19,物流成本,
2023-06-20,油价上涨,
2023-06-20,油价调整,
2023-06-20,汽油涨价,
2023-06-20,柴油涨价,
2023-06-20,通胀,
2023-06-20,物流成本,
2023-06-21,油价上涨,
2023-06-21,油价调整,
2023-06-21,汽油涨价,
2023-06-21,柴油涨价,
2023-06-21,通胀,
2023-06-21,物流成本,
2023-06-22,油价上涨,
2023-06-22,油价调整,
2023-06-22,汽油涨价,
2023-06-22,柴油涨价,
2023-06-22,通胀,
2023-06-22,物流成本,
2023-06-23,油价上涨,
2023-06-23,油价调整,
2023-06-23,汽油涨价,
2023-06-23,柴油涨价,
2023-06-23,通胀,
2023-06-23,物流成本,
2023-06-24,油价上涨,
2023-06-24,油价调整,
2023-06-24,汽油涨价,
2023-06-24,柴油涨价,
2023-06-24,通胀,
2023-06-24,物流成本,
2023-06-25,油价上涨,
2023-06-25,油价调整,
2023-06-25,汽油涨价,
2023-06-25,柴油涨价,
2023-06-25,通胀,
2023-06-25,物流成本,
2023-06-26,油价上涨,
2023-06-26,油价调整,
2023-06-26,汽油涨价,
2023-06-26,柴油涨价,
2023-06-26,通胀,
2023-06-26,物流成本,
2023-06-27,油价上涨,
2023-06-27,油价调整,
2023-06-27,汽油涨价,
2023-06-27,柴油涨价,
2023-06-27,通胀,
2023-06-27,物流成本,
2023-06-28,油价上涨,
2023-06-28,油价调整,
2023-06-28,汽油涨价,
2023-06-28,柴油涨价,
2023-06-28,通胀,
2023-06-28,物流成本,
2023-06-29,油价上涨,
2023-06-29,油价调整,
2023-06-29,汽油涨价,
2023-06-29,柴油涨价,
2023-06-29,通胀,
2023-06-29,物流成本,
2023-06-30,油价上涨,
2023-06-30,油价调整,
2023-06-30,汽油涨价,
2023-06-30,柴油涨价,
2023-06-30,通胀,
2023-06-30,物流成本,
2023-07-01,油价上涨,
2023-07-01,油价调整,
2023-07-01,汽油涨价,
2023-07-01,柴油涨价,
2023-07-01,通胀,
2023-07-01,物流成本,
2023-07-02,油价上涨,
2023-07-02,油价调整,
2023-07-02,汽油涨价,
2023-07-02,柴油涨价,
2023-07-02,通胀,
2023-07-02,物流成本,
2023-07-03,油价上涨,
2023-07-03,油价调整,
2023-07-03,汽油涨价,
2023-07-03,柴油涨价,
2023-07-03,通胀,
2023-07-03,物流成本,
2023-07-04,油价上涨,
2023-07-04,油价调整,
2023-07-04,汽油涨价,
2023-07-04,柴油涨价,
2023-07-04,通胀,
2023-07-04,物流成本,
2023-07-05,油价上涨,
2023-07-05,油价调整,
2023-07-05,汽油涨价,
2023-07-05,柴油涨价,
2023-07-05,通胀,
2023-07-05,物流成本,
2023-07-06,油价上涨,
2023-07-06,油价调整,
2023-07-06,汽油涨价,
2023-07-06,柴油涨价,
2023-07-06,通胀,
2023-07-06,物流成本,
2023-07-07,油价上涨,
2023-07-07,油价调整,
2023-07-07,汽油涨价,
2023-07-07,柴油涨价,
2023-07-07,通胀,
2023-07-07,物流成本,
2023-07-08,油价上涨,
2023-07-08,油价调整,
2023-07-08,汽油涨价,
2023-07-08,柴油涨价,
2023-07-08,通胀,
2023-07-08,物流成本,
2023-07-09,油价上涨,
2023-07-09,油价调整,
2023-07-09,汽油涨价,
2023-07-09,柴油涨价,
2023-07-09,通胀,
2023-07-09,物流成本,
2023-07-10,油价上涨,
2023-07-10,油价调整,
2023-07-10,汽油涨价,
2023-07-10,柴油涨价,
2023-07-10,通胀,
2023-07-10,物流成本,
2023-07-11,油价上涨,
2023-07-11,油价调整,
2023-07-11,汽油涨价,
2023-07-11,柴油涨价,
2023-07-11,通胀,
2023-07-11,物流成本,
2023-07-12,油价上涨,
2023-07-12,油价调整,
2023-07-12,汽油涨价,
2023-07-12,柴油涨价,
2023-07-12,通胀,
2023-07-12,物流成本,
2023-07-13,油价上涨,
2023-07-13,油价调整,
2023-07-13,汽油涨价,
2023-07-13,柴油涨价,
2023-07-13,通胀,
2023-07-13,物流成本,
2023-07-14,油价上涨,
2023-07-14,油价调整,
2023-07-14,汽油涨价,
2023-07-14,柴油涨价,
2023-07-14,通胀,
2023-07-14,物流成本,
2023-07-15,油价上涨,
2023-07-15,油价调整,
2023-07-15,汽油涨价,
2023-07-15,柴油涨价,
2023-07-15,通胀,
2023-07-15,物流成本,
2023-07-16,油价上涨,
2023-07-16,油价调整,
2023-07-16,汽油涨价,
2023-07-16,柴油涨价,
2023-07-16,通胀,
2023-07-16,物流成本,
2023-07-17,油价上涨,
2023-07-17,油价调整,
2023-07-17,汽油涨价,
2023-07-17,柴油涨价,
2023-07-17,通胀,
2023-07-17,物流成本,
2023-07-18,油价上涨,
2023-07-18,油价调整,
2023-07-18,汽油涨价,
2023-07-18,柴油涨价,
2023-07-18,通胀,
2023-07-18,物流成本,
2023-07-19,油价上涨,
2023-07-19,油价调整,
2023-07-19,汽油涨价,
2023-07-19,柴油涨价,
2023-07-19,通胀,
2023-07-19,物流成本,
2023-07-20,油价上涨,
2023-07-20,油价调整,
2023-07-20,汽油涨价,
2023-07-20,柴油涨价,
2023-07-20,通胀,
2023-07-20,物流成本,
2023-07-21,油价上涨,
2023-07-21,油价调整,
2023-07-21,汽油涨价,
2023-07-21,柴油涨价,
2023-07-21,通胀,
2023-07-21,物流成本,
2023-07-22,油价上涨,
2023-07-22,油价调整,
2023-07-22,汽油涨价,
2023-07-22,柴油涨价,
2023-07-22,通胀,
2023-07-22,物流成本,
2023-07-23,油价上涨,
2023-07-23,油价调整,
2023-07-23,汽油涨价,
2023-07-23,柴油涨价,
2023-07-23,通胀,
2023-07-23,物流成本,
2023-07-24,油价上涨,
2023-07-24,油价调整,
2023-07-24,汽油涨价,
2023-07-24,柴油涨价,
2023-07-24,通胀,
2023-07-24,物流成本,
2023-07-25,油价上涨,
2023-07-25,油价调整,
2023-07-25,汽油涨价,
2023-07-25,柴油涨价,
2023-07-25,通胀,
2023-07-25,物流成本,
2023-07-26,油价上涨,
2023-07-26,油价调整,
2023-07-26,汽油涨价,
2023-07-26,柴油涨价,
2023-07-26,通胀,
2023-07-26,物流成本,
2023-07-27,油价上涨,
2023-07-27,油价调整,
2023-07-27,汽油涨价,
2023-07-27,柴油涨价,
2023-07-27,通胀,
2023-07-27,物流成本,
2023-07-28,油价上涨,
2023-07-28,油价调整,
2023-07-28,汽油涨价,
2023-07-28,柴油涨价,
2023-07-28,通胀,
2023-07-28,物流成本,
2023-07-29,油价上涨,
2023-07-29,油价调整,
2023-07-29,汽油涨价,
2023-07-29,柴油涨价,
2023-07-29,通胀,
2023-07-29,物流成本,
2023-07-30,油价上涨,
2023-07-30,油价调整,
2023-07-30,汽油涨价,
2023-07-30,柴油涨价,
2023-07-30,通胀,
2023-07-30,物流成本,
2023-07-31,油价上涨,
2023-07-31,油价调整,
2023-07-31,汽油涨价,
2023-07-31,柴油涨价,
2023-07-31,通胀,
2023-07-31,物流成本,
2023-08-01,油价上涨,
2023-08-01,油价调整,
2023-08-01,汽油涨价,
2023-08-01,柴油涨价,
2023-08-01,通胀,
2023-08-01,物流成本,
2023-08-02,油价上涨,
2023-08-02,油价调整,
2023-08-02,汽油涨价,
2023-08-02,柴油涨价,
2023-08-02,通胀,
2023-08-02,物流成本,
2023-08-03,油价上涨,
2023-08-03,油价调整,
2023-08-03,汽油涨价,
2023-08-03,柴油涨价,
2023-08-03,通胀,
2023-08-03,物流成本,
2023-08-04,油价上涨,
2023-08-04,油价调整,
2023-08-04,汽油涨价,
2023-08-04,柴油涨价,
2023-08-04,通胀,
2023-08-04,物流成本,
2023-08-05,油价上涨,
2023-08-05,油价调整,
2023-08-05,汽油涨价,
2023-08-05,柴油涨价,
2023-08-05,通胀,
2023-08-05,物流成本,
2023-08-06,油价上涨,
2023-08-06,油价调整,
2023-08-06,汽油涨价,
2023-08-06,柴油涨价,
2023-08-06,通胀,
2023-08-06,物流成本,
2023-08-07,油价上涨,
2023-08-07,油价调整,
2023-08-07,汽油涨价,
2023-08-07,柴油涨价,
2023-08-07,通胀,
2023-08-07,物流成本,
2023-08-08,油价上涨,
2023-08-08,油价调整,
2023-08-08,汽油涨价,
2023-08-08,柴油涨价,
2023-08-08,通胀,
2023-08-08,物流成本,
2023-08-09,油价上涨,
2023-08-09,油价调整,
2023-08-09,汽油涨价,
2023-08-09,柴油涨价,
2023-08-09,通胀,
2023-08-09,物流成本,
2023-08-10,油价上涨,
2023-08-10,油价调整,
2023-08-10,汽油涨价,
2023-08-10,柴油涨价,
2023-08-10,通胀,
2023-08-10,物流成本,
2023-08-11,油价上涨,
2023-08-11,油价调整,
2023-08-11,汽油涨价,
2023-08-11,柴油涨价,
2023-08-11,通胀,
2023-08-11,物流成本,
2023-08-12,油价上涨,
2023-08-12,油价调整,
2023-08-12,汽油涨价,
2023-08-12,柴油涨价,
2023-08-12,通胀,
2023-08-12,物流成本,
2023-08-13,油价上涨,
2023-08-13,油价调整,
2023-08-13,汽油涨价,
2023-08-13,柴油涨价,
2023-08-13,通胀,
2023-08-13,物流成本,
2023-08-14,油价上涨,
2023-08-14,油价调整,
2023-08-14,汽油涨价,
2023-08-14,柴油涨价,
2023-08-14,通胀,
2023-08-14,物流成本,
2023-08-15,油价上涨,
2023-08-15,油价调整,
2023-08-15,汽油涨价,
2023-08-15,柴油涨价,
2023-08-15,通胀,
2023-08-15,物流成本,
2023-08-16,油价上涨,
2023-08-16,油价调整,
2023-08-16,汽油涨价,
2023-08-16,柴油涨价,
2023-08-16,通胀,
2023-08-16,物流成本,
2023-08-17,油价上涨,
2023-08-17,油价调整,
2023-08-17,汽油涨价,
2023-08-17,柴油涨价,
2023-08-17,通胀,
2023-08-17,物流成本,
2023-08-18,油价上涨,
2023-08-18,油价调整,
2023-08-18,汽油涨价,
2023-08-18,柴油涨价,
2023-08-18,通胀,
2023-08-18,物流成本,
2023-08-19,油价上涨,
2023-08-19,油价调整,
2023-08-19,汽油涨价,
2023-08-19,柴油涨价,
2023-08-19,通胀,
2023-08-19,物流成本,
2023-08-20,油价上涨,
2023-08-20,油价调整,
2023-08-20,汽油涨价,
2023-08-20,柴油涨价,
2023-08-20,通胀,
2023-08-20,物流成本,
2023-08-21,油价上涨,
2023-08-21,油价调整,
2023-08-21,汽油涨价,
2023-08-21,柴油涨价,
2023-08-21,通胀,
2023-08-21,物流成本,
2023-08-22,油价上涨,
2023-08-22,油价调整,
2023-08-22,汽油涨价,
2023-08-22,柴油涨价,
2023-08-22,通胀,
2023-08-22,物流成本,
2023-08-23,油价上涨,
2023-08-23,油价调整,
2023-08-23,汽油涨价,
2023-08-23,柴油涨价,
2023-08-23,通胀,
2023-08-23,物流成本,
2023-08-24,油价上涨,
2023-08-24,油价调整,
2023-08-24,汽油涨价,
2023-08-24,柴油涨价,
2023-08-24,通胀,
2023-08-24,物流成本,
2023-08-25,油价上涨,
2023-08-25,油价调整,
2023-08-25,汽油涨价,
2023-08-25,柴油涨价,
2023-08-25,通胀,
2023-08-25,物流成本,
2023-08-26,油价上涨,
2023-08-26,油价调整,
2023-08-26,汽油涨价,
2023-08-26,柴油涨价,
2023-08-26,通胀,
2023-08-26,物流成本,
2023-08-27,油价上涨,
2023-08-27,油价调整,
2023-08-27,汽油涨价,
2023-08-27,柴油涨价,
2023-08-27,通胀,
2023-08-27,物流成本,
2023-08-28,油价上涨,
2023-08-28,油价调整,
2023-08-28,汽油涨价,
2023-08-28,柴油涨价,
2023-08-28,通胀,
2023-08-28,物流成本,
2023-08-29,油价上涨,
2023-08-29,油价调整,
2023-08-29,汽油涨价,
2023-08-29,柴油涨价,
2023-08-29,通胀,
2023-08-29,物流成本,
2023-08-30,油价上涨,
2023-08-30,油价调整,
2023-08-30,汽油涨价,
2023-08-30,柴油涨价,
2023-08-30,通胀,
2023-08-30,物流成本,
2023-08-31,油价上涨,
2023-08-31,油价调整,
2023-08-31,汽油涨价,
2023-08-31,柴油涨价,
2023-08-31,通胀,
2023-08-31,物流成本,
2023-09-01,油价上涨,
2023-09-01,油价调整,
2023-09-01,汽油涨价,
2023-09-01,柴油涨价,
2023-09-01,通胀,
2023-09-01,物流成本,
2023-09-02,油价上涨,
2023-09-02,油价调整,
2023-09-02,汽油涨价,
2023-09-02,柴油涨价,
2023-09-02,通胀,
2023-09-02,物流成本,
2023-09-03,油价上涨,
2023-09-03,油价调整,
2023-09-03,汽油涨价,
2023-09-03,柴油涨价,
2023-09-03,通胀,
2023-09-03,物流成本,
2023-09-04,油价上涨,
2023-09-04,油价调整,
2023-09-04,汽油涨价,
2023-09-04,柴油涨价,
2023-09-04,通胀,
2023-09-04,物流成本,
2023-09-05,油价上涨,
2023-09-05,油价调整,
2023-09-05,汽油涨价,
2023-09-05,柴油涨价,
2023-09-05,通胀,
2023-09-05,物流成本,
2023-09-06,油价上涨,
2023-09-06,油价调整,
2023-09-06,汽油涨价,
2023-09-06,柴油涨价,
2023-09-06,通胀,
2023-09-06,物流成本,
2023-09-07,油价上涨,
2023-09-07,油价调整,
2023-09-07,汽油涨价,
2023-09-07,柴油涨价,
2023-09-07,通胀,
2023-09-07,物流成本,
2023-09-08,油价上涨,
2023-09-08,油价调整,
2023-09-08,汽油涨价,
2023-09-08,柴油涨价,
2023-09-08,通胀,
2023-09-08,物流成本,
2023-09-09,油价上涨,
2023-09-09,油价调整,
2023-09-09,汽油涨价,
2023-09-09,柴油涨价,
2023-09-09,通胀,
2023-09-09,物流成本,
2023-09-10,油价上涨,
2023-09-10,油价调整,
2023-09-10,汽油涨价,
2023-09-10,柴油涨价,
2023-09-10,通胀,
2023-09-10,物流成本,
2023-09-11,油价上涨,
2023-09-11,油价调整,
2023-09-11,汽油涨价,
2023-09-11,柴油涨价,
2023-09-11,通胀,
2023-09-11,物流成本,
2023-09-12,油价上涨,
2023-09-12,油价调整,
2023-09-12,汽油涨价,
2023-09-12,柴油涨价,
2023-09-12,通胀,
2023-09-12,物流成本,
2023-09-13,油价上涨,
2023-09-13,油价调整,
2023-09-13,汽油涨价,
2023-09-13,柴油涨价,
2023-09-13,通胀,
2023-09-13,物流成本,
2023-09-14,油价上涨,
2023-09-14,油价调整,
2023-09-14,汽油涨价,
2023-09-14,柴油涨价,
2023-09-14,通胀,
2023-09-14,物流成本,
2023-09-15,油价上涨,
2023-09-15,油价调整,
2023-09-15,汽油涨价,
2023-09-15,柴油涨价,
2023-09-15,通胀,
2023-09-15,物流成本,
2023-09-16,油价上涨,
2023-09-16,油价调整,
2023-09-16,汽油涨价,
2023-09-16,柴油涨价,
2023-09-16,通胀,
2023-09-16,物流成本,
2023-09-17,油价上涨,
2023-09-17,油价调整,
2023-09-17,汽油涨价,
2023-09-17,柴油涨价,
2023-09-17,通胀,
2023-09-17,物流成本,
2023-09-18,油价上涨,
2023-09-18,油价调整,
2023-09-18,汽油涨价,
2023-09-18,柴油涨价,
2023-09-18,通胀,
2023-09-18,物流成本,
2023-09-19,油价上涨,
2023-09-19,油价调整,
2023-09-19,汽油涨价,
2023-09-19,柴油涨价,
2023-09-19,通胀,
2023-09-19,物流成本,
2023-09-20,油价上涨,
2023-09-20,油价调整,
2023-09-20,汽油涨价,
2023-09-20,柴油涨价,
2023-09-20,通胀,
2023-09-20,物流成本,
2023-09-21,油价上涨,
2023-09-21,油价调整,
2023-09-21,汽油涨价,
2023-09-21,柴油涨价,
2023-09-21,通胀,
2023-09-21,物流成本,
2023-09-22,油价上涨,
2023-09-22,油价调整,
2023-09-22,汽油涨价,
2023-09-22,柴油涨价,
2023-09-22,通胀,
2023-09-22,物流成本,
2023-09-23,油价上涨,
2023-09-23,油价调整,
2023-09-23,汽油涨价,
2023-09-23,柴油涨价,
2023-09-23,通胀,
2023-09-23,物流成本,
2023-09-24,油价上涨,
2023-09-24,油价调整,
2023-09-24,汽油涨价,
2023-09-24,柴油涨价,
2023-09-24,通胀,
2023-09-24,物流成本,
2023-09-25,油价上涨,
2023-09-25,油价调整,
2023-09-25,汽油涨价,
2023-09-25,柴油涨价,
2023-09-25,通胀,
2023-09-25,物流成本,
2023-09-26,油价上涨,
2023-09-26,油价调整,
2023-09-26,汽油涨价,
2023-09-26,柴油涨价,
2023-09-26,通胀,
2023-09-26,物流成本,
2023-09-27,油价上涨,
2023-09-27,油价调整,
2023-09-27,汽油涨价,
2023-09-27,柴油涨价,
2023-09-27,通胀,
2023-09-27,物流成本,
2023-09-28,油价上涨,
2023-09-28,油价调整,
2023-09-28,汽油涨价,
2023-09-28,柴油涨价,
2023-09-28,通胀,
2023-09-28,物流成本,
2023-09-29,油价上涨,
2023-09-29,油价调整,
2023-09-29,汽油涨价,
2023-09-29,柴油涨价,
2023-09-29,通胀,
2023-09-29,物流成本,
2023-09-30,油价上涨,
2023-09-30,油价调整,
2023-09-30,汽油涨价,
2023-09-30,柴油涨价,
2023-09-30,通胀,
2023-09-30,物流成本,
2023-10-01,油价上涨,
2023-10-01,油价调整,
2023-10-01,汽油涨价,
2023-10-01,柴油涨价,
2023-10-01,通胀,
2023-10-01,物流成本,
2023-10-02,油价上涨,
2023-10-02,油价调整,
2023-10-02,汽油涨价,
2023-10-02,柴油涨价,
2023-10-02,通胀,
2023-10-02,物流成本,
2023-10-03,油价上涨,
2023-10-03,油价调整,
2023-10-03,汽油涨价,
2023-10-03,柴油涨价,
2023-10-03,通胀,
2023-10-03,物流成本,
2023-10-04,油价上涨,
2023-10-04,油价调整,
2023-10-04,汽油涨价,
2023-10-04,柴油涨价,
2023-10-04,通胀,
2023-10-04,物流成本,
2023-10-05,油价上涨,
2023-10-05,油价调整,
2023-10-05,汽油涨价,
2023-10-05,柴油涨价,
2023-10-05,通胀,
2023-10-05,物流成本,
2023-10-06,油价上涨,
2023-10-06,油价调整,
2023-10-06,汽油涨价,
2023-10-06,柴油涨价,
2023-10-06,通胀,
2023-10-06,物流成本,
2023-10-07,油价上涨,
2023-10-07,油价调整,
2023-10-07,汽油涨价,
2023-10-07,柴油涨价,
2023-10-07,通胀,
2023-10-07,物流成本,
2023-10-08,油价上涨,
2023-10-08,油价调整,
2023-10-08,汽油涨价,
2023-10-08,柴油涨价,
2023-10-08,通胀,
2023-10-08,物流成本,
2023-10-09,油价上涨,
2023-10-09,油价调整,
2023-10-09,汽油涨价,
2023-10-09,柴油涨价,
2023-10-09,通胀,
2023-10-09,物流成本,
2023-10-10,油价上涨,
2023-10-10,油价调整,
2023-10-10,汽油涨价,
2023-10-10,柴油涨价,
2023-10-10,通胀,
2023-10-10,物流成本,
2023-10-11,油价上涨,
2023-10-11,油价调整,
2023-10-11,汽油涨价,
2023-10-11,柴油涨价,
2023-10-11,通胀,
2023-10-11,物流成本,
2023-10-12,油价上涨,
2023-10-12,油价调整,
2023-10-12,汽油涨价,
2023-10-12,柴油涨价,
2023-10-12,通胀,
2023-10-12,物流成本,
2023-10-13,油价上涨,
2023-10-13,油价调整,
2023-10-13,汽油涨价,
2023-10-13,柴油涨价,
2023-10-13,通胀,
2023-10-13,物流成本,
2023-10-14,油价上涨,
2023-10-14,油价调整,
2023-10-14,汽油涨价,
2023-10-14,柴油涨价,
2023-10-14,通胀,
2023-10-14,物流成本,
2023-10-15,油价上涨,
2023-10-15,油价调整,
2023-10-15,汽油涨价,
2023-10-15,柴油涨价,
2023-10-15,通胀,
2023-10-15,物流成本,
2023-10-16,油价上涨,
2023-10-16,油价调整,
2023-10-16,汽油涨价,
2023-10-16,柴油涨价,
2023-10-16,通胀,
2023-10-16,物流成本,
2023-10-17,油价上涨,
2023-10-17,油价调整,
2023-10-17,汽油涨价,
2023-10-17,柴油涨价,
2023-10-17,通胀,
2023-10-17,物流成本,
2023-10-18,油价上涨,
2023-10-18,油价调整,
2023-10-18,汽油涨价,
2023-10-18,柴油涨价,
2023-10-18,通胀,
2023-10-18,物流成本,
2023-10-19,油价上涨,
2023-10-19,油价调整,
2023-10-19,汽油涨价,
2023-10-19,柴油涨价,
2023-10-19,通胀,
2023-10-19,物流成本,
2023-10-20,油价上涨,
2023-10-20,油价调整,
2023-10-20,汽油涨价,
2023-10-20,柴油涨价,
2023-10-20,通胀,
2023-10-20,物流成本,
2023-10-21,油价上涨,
2023-10-21,油价调整,
2023-10-21,汽油涨价,
2023-10-21,柴油涨价,
2023-10-21,通胀,
2023-10-21,物流成本,
2023-10-22,油价上涨,
2023-10-22,油价调整,
2023-10-22,汽油涨价,
2023-10-22,柴油涨价,
2023-10-22,通胀,
2023-10-22,物流成本,
2023-10-23,油价上涨,
2023-10-23,油价调整,
2023-10-23,汽油涨价,
2023-10-23,柴油涨价,
2023-10-23,通胀,
2023-10-23,物流成本,
2023-10-24,油价上涨,
2023-10-24,油价调整,
2023-10-24,汽油涨价,
2023-10-24,柴油涨价,
2023-10-24,通胀,
2023-10-24,物流成本,
2023-10-25,油价上涨,
2023-10-25,油价调整,
2023-10-25,汽油涨价,
2023-10-25,柴油涨价,
2023-10-25,通胀,
2023-10-25,物流成本,
2023-10-26,油价上涨,
2023-10-26,油价调整,
2023-10-26,汽油涨价,
2023-10-26,柴油涨价,
2023-10-26,通胀,
2023-10-26,物流成本,
2023-10-27,油价上涨,
2023-10-27,油价调整,
2023-10-27,汽油涨价,
2023-10-27,柴油涨价,
2023-10-27,通胀,
2023-10-27,物流成本,
2023-10-28,油价上涨,
2023-10-28,油价调整,
2023-10-28,汽油涨价,
2023-10-28,柴油涨价,
2023-10-28,通胀,
2023-10-28,物流成本,
2023-10-29,油价上涨,
2023-10-29,油价调整,
2023-10-29,汽油涨价,
2023-10-29,柴油涨价,
2023-10-29,通胀,
2023-10-29,物流成本,
2023-10-30,油价上涨,
2023-10-30,油价调整,
2023-10-30,汽油涨价,
2023-10-30,柴油涨价,
2023-10-30,通胀,
2023-10-30,物流成本,
2023-10-31,油价上涨,
2023-10-31,油价调整,
2023-10-31,汽油涨价,
2023-10-31,柴油涨价,
2023-10-31,通胀,
2023-10-31,物流成本,
2023-11-01,油价上涨,
2023-11-01,油价调整,
2023-11-01,汽油涨价,
2023-11-01,柴油涨价,
2023-11-01,通胀,
2023-11-01,物流成本,
2023-11-02,油价上涨,
2023-11-02,油价调整,
2023-11-02,汽油涨价,
2023-11-02,柴油涨价,
2023-11-02,通胀,
2023-11-02,物流成本,
2023-11-03,油价上涨,
2023-11-03,油价调整,
2023-11-03,汽油涨价,
2023-11-03,柴油涨价,
2023-11-03,通胀,
2023-11-03,物流成本,
2023-11-04,油价上涨,
2023-11-04,油价调整,
2023-11-04,汽油涨价,
2023-11-04,柴油涨价,
2023-11-04,通胀,
2023-11-04,物流成本,
2023-11-05,油价上涨,
2023-11-05,油价调整,
2023-11-05,汽油涨价,
2023-11-05,柴油涨价,
2023-11-05,通胀,
2023-11-05,物流成本,
2023-11-06,油价上涨,
2023-11-06,油价调整,
2023-11-06,汽油涨价,
2023-11-06,柴油涨价,
2023-11-06,通胀,
2023-11-06,物流成本,
2023-11-07,油价上涨,
2023-11-07,油价调整,
2023-11-07,汽油涨价,
2023-11-07,柴油涨价,
2023-11-07,通胀,
2023-11-07,物流成本,
2023-11-08,油价上涨,
2023-11-08,油价调整,
2023-11-08,汽油涨价,
2023-11-08,柴油涨价,
2023-11-08,通胀,
2023-11-08,物流成本,
2023-11-09,油价上涨,
2023-11-09,油价调整,
2023-11-09,汽油涨价,
2023-11-09,柴油涨价,
2023-11-09,通胀,
2023-11-09,物流成本,
2023-11-10,油价上涨,
2023-11-10,油价调整,
2023-11-10,汽油涨价,
2023-11-10,柴油涨价,
2023-11-10,通胀,
2023-11-10,物流成本,
2023-11-11,油价上涨,
2023-11-11,油价调整,
2023-11-11,汽油涨价,
2023-11-11,柴油涨价,
2023-11-11,通胀,
2023-11-11,物流成本,
2023-11-12,油价上涨,
2023-11-12,油价调整,
2023-11-12,汽油涨价,
2023-11-12,柴油涨价,
2023-11-12,通胀,
2023-11-12,物流成本,
2023-11-13,油价上涨,
2023-11-13,油价调整,
2023-11-13,汽油涨价,
2023-11-13,柴油涨价,
2023-11-13,通胀,
2023-11-13,物流成本,
2023-11-14,油价上涨,
2023-11-14,油价调整,
2023-11-14,汽油涨价,
2023-11-14,柴油涨价,
2023-11-14,通胀,
2023-11-14,物流成本,
2023-11-15,油价上涨,
2023-11-15,油价调整,
2023-11-15,汽油涨价,
2023-11-15,柴油涨价,
2023-11-15,通胀,
2023-11-15,物流成本,
2023-11-16,油价上涨,
2023-11-16,油价调整,
2023-11-16,汽油涨价,
2023-11-16,柴油涨价,
2023-11-16,通胀,
2023-11-16,物流成本,
2023-11-17,油价上涨,
2023-11-17,油价调整,
2023-11-17,汽油涨价,
2023-11-17,柴油涨价,
2023-11-17,通胀,
2023-11-17,物流成本,
2023-11-18,油价上涨,
2023-11-18,油价调整,
2023-11-18,汽油涨价,
2023-11-18,柴油涨价,
2023-11-18,通胀,
2023-11-18,物流成本,
2023-11-19,油价上涨,
2023-11-19,油价调整,
2023-11-19,汽油涨价,
2023-11-19,柴油涨价,
2023-11-19,通胀,
2023-11-19,物流成本,
2023-11-20,油价上涨,
2023-11-20,油价调整,
2023-11-20,汽油涨价,
2023-11-20,柴油涨价,
2023-11-20,通胀,
2023-11-20,物流成本,
2023-11-21,油价上涨,
2023-11-21,油价调整,
2023-11-21,汽油涨价,
2023-11-21,柴油涨价,
2023-11-21,通胀,
2023-11-21,物流成本,
2023-11-22,油价上涨,
2023-11-22,油价调整,
2023-11-22,汽油涨价,
2023-11-22,柴油涨价,
2023-11-22,通胀,
2023-11-22,物流成本,
2023-11-23,油价上涨,
2023-11-23,油价调整,
2023-11-23,汽油涨价,
2023-11-23,柴油涨价,
2023-11-23,通胀,
2023-11-23,物流成本,
2023-11-24,油价上涨,
2023-11-24,油价调整,
2023-11-24,汽油涨价,
2023-11-24,柴油涨价,
2023-11-24,通胀,
2023-11-24,物流成本,
2023-11-25,油价上涨,
2023-11-25,油价调整,
2023-11-25,汽油涨价,
2023-11-25,柴油涨价,
2023-11-25,通胀,
2023-11-25,物流成本,
2023-11-26,油价上涨,
2023-11-26,油价调整,
2023-11-26,汽油涨价,
2023-11-26,柴油涨价,
2023-11-26,通胀,
2023-11-26,物流成本,
2023-11-27,油价上涨,
2023-11-27,油价调整,
2023-11-27,汽油涨价,
2023-11-27,柴油涨价,
2023-11-27,通胀,
2023-11-27,物流成本,
2023-11-28,油价上涨,
2023-11-28,油价调整,
2023-11-28,汽油涨价,
2023-11-28,柴油涨价,
2023-11-28,通胀,
2023-11-28,物流成本,
2023-11-29,油价上涨,
2023-11-29,油价调整,
2023-11-29,汽油涨价,
2023-11-29,柴油涨价,
2023-11-29,通胀,
2023-11-29,物流成本,
2023-11-30,油价上涨,
2023-11-30,油价调整,
2023-11-30,汽油涨价,
2023-11-30,柴油涨价,
2023-11-30,通胀,
2023-11-30,物流成本,
2023-12-01,油价上涨,
2023-12-01,油价调整,
2023-12-01,汽油涨价,
2023-12-01,柴油涨价,
2023-12-01,通胀,
2023-12-01,物流成本,
2023-12-02,油价上涨,
2023-12-02,油价调整,
2023-12-02,汽油涨价,
2023-12-02,柴油涨价,
2023-12-02,通胀,
2023-12-02,物流成本,
2023-12-03,油价上涨,
2023-12-03,油价调整,
2023-12-03,汽油涨价,
2023-12-03,柴油涨价,
2023-12-03,通胀,
2023-12-03,物流成本,
2023-12-04,油价上涨,
2023-12-04,油价调整,
2023-12-04,汽油涨价,
2023-12-04,柴油涨价,
2023-12-04,通胀,
2023-12-04,物流成本,
2023-12-05,油价上涨,
2023-12-05,油价调整,
2023-12-05,汽油涨价,
2023-12-05,柴油涨价,
2023-12-05,通胀,
2023-12-05,物流成本,
2023-12-06,油价上涨,
2023-12-06,油价调整,
2023-12-06,汽油涨价,
2023-12-06,柴油涨价,
2023-12-06,通胀,
2023-12-06,物流成本,
2023-12-07,油价上涨,
2023-12-07,油价调整,
2023-12-07,汽油涨价,
2023-12-07,柴油涨价,
2023-12-07,通胀,
2023-12-07,物流成本,
2023-12-08,油价上涨,
2023-12-08,油价调整,
2023-12-08,汽油涨价,
2023-12-08,柴油涨价,
2023-12-08,通胀,
2023-12-08,物流成本,
2023-12-09,油价上涨,
2023-12-09,油价调整,
2023-12-09,汽油涨价,
2023-12-09,柴油涨价,
2023-12-09,通胀,
2023-12-09,物流成本,
2023-12-10,油价上涨,
2023-12-10,油价调整,
2023-12-10,汽油涨价,
2023-12-10,柴油涨价,
2023-12-10,通胀,
2023-12-10,物流成本,
2023-12-11,油价上涨,
2023-12-11,油价调整,
2023-12-11,汽油涨价,
2023-12-11,柴油涨价,
2023-12-11,通胀,
2023-12-11,物流成本,
2023-12-12,油价上涨,
2023-12-12,油价调整,
2023-12-12,汽油涨价,
2023-12-12,柴油涨价,
2023-12-12,通胀,
2023-12-12,物流成本,
2023-12-13,油价上涨,
2023-12-13,油价调整,
2023-12-13,汽油涨价,
2023-12-13,柴油涨价,
2023-12-13,通胀,
2023-12-13,物流成本,
2023-12-14,油价上涨,
2023-12-14,油价调整,
2023-12-14,汽油涨价,
2023-12-14,柴油涨价,
2023-12-14,通胀,
2023-12-14,物流成本,
2023-12-15,油价上涨,
2023-12-15,油价调整,
2023-12-15,汽油涨价,
2023-12-15,柴油涨价,
2023-12-15,通胀,
2023-12-15,物流成本,
2023-12-16,油价上涨,
2023-12-16,油价调整,
2023-12-16,汽油涨价,
2023-12-16,柴油涨价,
2023-12-16,通胀,
2023-12-16,物流成本,
2023-12-17,油价上涨,
2023-12-17,油价调整,
2023-12-17,汽油涨价,
2023-12-17,柴油涨价,
2023-12-17,通胀,
2023-12-17,物流成本,
2023-12-18,油价上涨,
2023-12-18,油价调整,
2023-12-18,汽油涨价,
2023-12-18,柴油涨价,
2023-12-18,通胀,
2023-12-18,物流成本,
2023-12-19,油价上涨,
2023-12-19,油价调整,
2023-12-19,汽油涨价,
2023-12-19,柴油涨价,
2023-12-19,通胀,
2023-12-19,物流成本,
2023-12-20,油价上涨,
2023-12-20,油价调整,
2023-12-20,汽油涨价,
2023-12-20,柴油涨价,
2023-12-20,通胀,
2023-12-20,物流成本,
2023-12-21,油价上涨,
2023-12-21,油价调整,
2023-12-21,汽油涨价,
2023-12-21,柴油涨价,
2023-12-21,通胀,
2023-12-21,物流成本,
2023-12-22,油价上涨,
2023-12-22,油价调整,
2023-12-22,汽油涨价,
2023-12-22,柴油涨价,
2023-12-22,通胀,
2023-12-22,物流成本,
2023-12-23,油价上涨,
2023-12-23,油价调整,
2023-12-23,汽油涨价,
2023-12-23,柴油涨价,
2023-12-23,通胀,
2023-12-23,物流成本,
2023-12-24,油价上涨,
2023-12-24,油价调整,
2023-12-24,汽油涨价,
2023-12-24,柴油涨价,
2023-12-24,通胀,
2023-12-24,物流成本,
2023-12-25,油价上涨,
2023-12-25,油价调整,
2023-12-25,汽油涨价,
2023-12-25,柴油涨价,
2023-12-25,通胀,
2023-12-25,物流成本,
2023-12-26,油价上涨,
2023-12-26,油价调整,
2023-12-26,汽油涨价,
2023-12-26,柴油涨价,
2023-12-26,通胀,
2023-12-26,物流成本,
2023-12-27,油价上涨,
2023-12-27,油价调整,
2023-12-27,汽油涨价,
2023-12-27,柴油涨价,
2023-12-27,通胀,
2023-12-27,物流成本,
2023-12-28,油价上涨,
2023-12-28,油价调整,
2023-12-28,汽油涨价,
2023-12-28,柴油涨价,
2023-12-28,通胀,
2023-12-28,物流成本,
2023-12-29,油价上涨,
2023-12-29,油价调整,
2023-12-29,汽油涨价,
2023-12-29,柴油涨价,
2023-12-29,通胀,
2023-12-29,物流成本,
2023-12-30,油价上涨,
2023-12-30,油价调整,
2023-12-30,汽油涨价,
2023-12-30,柴油涨价,
2023-12-30,通胀,
2023-12-30,物流成本,
2023-12-31,油价上涨,
2023-12-31,油价调整,
2023-12-31,汽油涨价,
2023-12-31,柴油涨价,
2023-12-31,通胀,
2023-12-31,物流成本,
2024-01-01,油价上涨,
2024-01-01,油价调整,
2024-01-01,汽油涨价,
2024-01-01,柴油涨价,
2024-01-01,通胀,
2024-01-01,物流成本,
2024-01-02,油价上涨,
2024-01-02,油价调整,
2024-01-02,汽油涨价,
2024-01-02,柴油涨价,
2024-01-02,通胀,
2024-01-02,物流成本,
2024-01-03,油价上涨,
2024-01-03,油价调整,
2024-01-03,汽油涨价,
2024-01-03,柴油涨价,
2024-01-03,通胀,
2024-01-03,物流成本,
2024-01-04,油价上涨,
2024-01-04,油价调整,
2024-01-04,汽油涨价,
2024-01-04,柴油涨价,
2024-01-04,通胀,
2024-01-04,物流成本,
2024-01-05,油价上涨,
2024-01-05,油价调整,
2024-01-05,汽油涨价,
2024-01-05,柴油涨价,
2024-01-05,通胀,
2024-01-05,物流成本,
2024-01-06,油价上涨,
2024-01-06,油价调整,
2024-01-06,汽油涨价,
2024-01-06,柴油涨价,
2024-01-06,通胀,
2024-01-06,物流成本,
2024-01-07,油价上涨,
2024-01-07,油价调整,
2024-01-07,汽油涨价,
2024-01-07,柴油涨价,
2024-01-07,通胀,
2024-01-07,物流成本,
2024-01-08,油价上涨,
2024-01-08,油价调整,
2024-01-08,汽油涨价,
2024-01-08,柴油涨价,
2024-01-08,通胀,
2024-01-08,物流成本,
2024-01-09,油价上涨,
2024-01-09,油价调整,
2024-01-09,汽油涨价,
2024-01-09,柴油涨价,
2024-01-09,通胀,
2024-01-09,物流成本,
2024-01-10,油价上涨,
2024-01-10,油价调整,
2024-01-10,汽油涨价,
2024-01-10,柴油涨价,
2024-01-10,通胀,
2024-01-10,物流成本,
2024-01-11,油价上涨,
2024-01-11,油价调整,
2024-01-11,汽油涨价,
2024-01-11,柴油涨价,
2024-01-11,通胀,
2024-01-11,物流成本,
2024-01-12,油价上涨,
2024-01-12,油价调整,
2024-01-12,汽油涨价,
2024-01-12,柴油涨价,
2024-01-12,通胀,
2024-01-12,物流成本,
2024-01-13,油价上涨,
2024-01-13,油价调整,
2024-01-13,汽油涨价,
2024-01-13,柴油涨价,
2024-01-13,通胀,
2024-01-13,物流成本,
2024-01-14,油价上涨,
2024-01-14,油价调整,
2024-01-14,汽油涨价,
2024-01-14,柴油涨价,
2024-01-14,通胀,
2024-01-14,物流成本,
2024-01-15,油价上涨,
2024-01-15,油价调整,
2024-01-15,汽油涨价,
2024-01-15,柴油涨价,
2024-01-15,通胀,
2024-01-15,物流成本,
2024-01-16,油价上涨,
2024-01-16,油价调整,
2024-01-16,汽油涨价,
2024-01-16,柴油涨价,
2024-01-16,通胀,
2024-01-16,物流成本,
2024-01-17,油价上涨,
2024-01-17,油价调整,
2024-01-17,汽油涨价,
2024-01-17,柴油涨价,
2024-01-17,通胀,
2024-01-17,物流成本,
2024-01-18,油价上涨,
2024-01-18,油价调整,
2024-01-18,汽油涨价,
2024-01-18,柴油涨价,
2024-01-18,通胀,
2024-01-18,物流成本,
2024-01-19,油价上涨,
2024-01-19,油价调整,
2024-01-19,汽油涨价,
2024-01-19,柴油涨价,
2024-01-19,通胀,
2024-01-19,物流成本,
2024-01-20,油价上涨,
2024-01-20,油价调整,
2024-01-20,汽油涨价,
2024-01-20,柴油涨价,
2024-01-20,通胀,
2024-01-20,物流成本,
2024-01-21,油价上涨,
2024-01-21,油价调整,
2024-01-21,汽油涨价,
2024-01-21,柴油涨价,
2024-01-21,通胀,
2024-01-21,物流成本,
2024-01-22,油价上涨,
2024-01-22,油价调整,
2024-01-22,汽油涨价,
2024-01-22,柴油涨价,
2024-01-22,通胀,
2024-01-22,物流成本,
2024-01-23,油价上涨,
2024-01-23,油价调整,
2024-01-23,汽油涨价,
2024-01-23,柴油涨价,
2024-01-23,通胀,
2024-01-23,物流成本,
2024-01-24,油价上涨,
2024-01-24,油价调整,
2024-01-24,汽油涨价,
2024-01-24,柴油涨价,
2024-01-24,通胀,
2024-01-24,物流成本,
2024-01-25,油价上涨,
2024-01-25,油价调整,
2024-01-25,汽油涨价,
2024-01-25,柴油涨价,
2024-01-25,通胀,
2024-01-25,物流成本,
2024-01-26,油价上涨,
2024-01-26,油价调整,
2024-01-26,汽油涨价,
2024-01-26,柴油涨价,
2024-01-26,通胀,
2024-01-26,物流成本,
2024-01-27,油价上涨,
2024-01-27,油价调整,
2024-01-27,汽油涨价,
2024-01-27,柴油涨价,
2024-01-27,通胀,
2024-01-27,物流成本,
2024-01-28,油价上涨,
2024-01-28,油价调整,
2024-01-28,汽油涨价,
2024-01-28,柴油涨价,
2024-01-28,通胀,
2024-01-28,物流成本,
2024-01-29,油价上涨,
2024-01-29,油价调整,
2024-01-29,汽油涨价,
2024-01-29,柴油涨价,
2024-01-29,通胀,
2024-01-29,物流成本,
2024-01-30,油价上涨,
2024-01-30,油价调整,
2024-01-30,汽油涨价,
2024-01-30,柴油涨价,
2024-01-30,通胀,
2024-01-30,物流成本,
2024-01-31,油价上涨,
2024-01-31,油价调整,
2024-01-31,汽油涨价,
2024-01-31,柴油涨价,
2024-01-31,通胀,
2024-01-31,物流成本,
2024-02-01,油价上涨,
2024-02-01,油价调整,
2024-02-01,汽油涨价,
2024-02-01,柴油涨价,
2024-02-01,通胀,
2024-02-01,物流成本,
2024-02-02,油价上涨,
2024-02-02,油价调整,
2024-02-02,汽油涨价,
2024-02-02,柴油涨价,
2024-02-02,通胀,
2024-02-02,物流成本,
2024-02-03,油价上涨,
2024-02-03,油价调整,
2024-02-03,汽油涨价,
2024-02-03,柴油涨价,
2024-02-03,通胀,
2024-02-03,物流成本,
2024-02-04,油价上涨,
2024-02-04,油价调整,
2024-02-04,汽油涨价,
2024-02-04,柴油涨价,
2024-02-04,通胀,
2024-02-04,物流成本,
2024-02-05,油价上涨,
2024-02-05,油价调整,
2024-02-05,汽油涨价,
2024-02-05,柴油涨价,
2024-02-05,通胀,
2024-02-05,物流成本,
2024-02-06,油价上涨,
2024-02-06,油价调整,
2024-02-06,汽油涨价,
2024-02-06,柴油涨价,
2024-02-06,通胀,
2024-02-06,物流成本,
2024-02-07,油价上涨,
2024-02-07,油价调整,
2024-02-07,汽油涨价,
2024-02-07,柴油涨价,
2024-02-07,通胀,
2024-02-07,物流成本,
2024-02-08,油价上涨,
2024-02-08,油价调整,
2024-02-08,汽油涨价,
2024-02-08,柴油涨价,
2024-02-08,通胀,
2024-02-08,物流成本,
2024-02-09,油价上涨,
2024-02-09,油价调整,
2024-02-09,汽油涨价,
2024-02-09,柴油涨价,
2024-02-09,通胀,
2024-02-09,物流成本,
2024-02-10,油价上涨,
2024-02-10,油价调整,
2024-02-10,汽油涨价,
2024-02-10,柴油涨价,
2024-02-10,通胀,
2024-02-10,物流成本,
2024-02-11,油价上涨,
2024-02-11,油价调整,
2024-02-11,汽油涨价,
2024-02-11,柴油涨价,
2024-02-11,通胀,
2024-02-11,物流成本,
2024-02-12,油价上涨,
2024-02-12,油价调整,
2024-02-12,汽油涨价,
2024-02-12,柴油涨价,
2024-02-12,通胀,
2024-02-12,物流成本,
2024-02-13,油价上涨,
2024-02-13,油价调整,
2024-02-13,汽油涨价,
2024-02-13,柴油涨价,
2024-02-13,通胀,
2024-02-13,物流成本,
2024-02-14,油价上涨,
2024-02-14,油价调整,
2024-02-14,汽油涨价,
2024-02-14,柴油涨价,
2024-02-14,通胀,
2024-02-14,物流成本,
2024-02-15,油价上涨,
2024-02-15,油价调整,
2024-02-15,汽油涨价,
2024-02-15,柴油涨价,
2024-02-15,通胀,
2024-02-15,物流成本,
2024-02-16,油价上涨,
2024-02-16,油价调整,
2024-02-16,汽油涨价,
2024-02-16,柴油涨价,
2024-02-16,通胀,
2024-02-16,物流成本,
2024-02-17,油价上涨,
2024-02-17,油价调整,
2024-02-17,汽油涨价,
2024-02-17,柴油涨价,
2024-02-17,通胀,
2024-02-17,物流成本,
2024-02-18,油价上涨,
2024-02-18,油价调整,
2024-02-18,汽油涨价,
2024-02-18,柴油涨价,
2024-02-18,通胀,
2024-02-18,物流成本,
2024-02-19,油价上涨,
2024-02-19,油价调整,
2024-02-19,汽油涨价,
2024-02-19,柴油涨价,
2024-02-19,通胀,
2024-02-19,物流成本,
2024-02-20,油价上涨,
2024-02-20,油价调整,
2024-02-20,汽油涨价,
2024-02-20,柴油涨价,
2024-02-20,通胀,
2024-02-20,物流成本,
2024-02-21,油价上涨,
2024-02-21,油价调整,
2024-02-21,汽油涨价,
2024-02-21,柴油涨价,
2024-02-21,通胀,
2024-02-21,物流成本,
2024-02-22,油价上涨,
2024-02-22,油价调整,
2024-02-22,汽油涨价,
2024-02-22,柴油涨价,
2024-02-22,通胀,
2024-02-22,物流成本,
2024-02-23,油价上涨,
2024-02-23,油价调整,
2024-02-23,汽油涨价,
2024-02-23,柴油涨价,
2024-02-23,通胀,
2024-02-23,物流成本,
2024-02-24,油价上涨,
2024-02-24,油价调整,
2024-02-24,汽油涨价,
2024-02-24,柴油涨价,
2024-02-24,通胀,
2024-02-24,物流成本,
2024-02-25,油价上涨,
2024-02-25,油价调整,
2024-02-25,汽油涨价,
2024-02-25,柴油涨价,
2024-02-25,通胀,
2024-02-25,物流成本,
2024-02-26,油价上涨,
2024-02-26,油价调整,
2024-02-26,汽油涨价,
2024-02-26,柴油涨价,
2024-02-26,通胀,
2024-02-26,物流成本,
2024-02-27,油价上涨,
2024-02-27,油价调整,
2024-02-27,汽油涨价,
2024-02-27,柴油涨价,
2024-02-27,通胀,
2024-02-27,物流成本,
2024-02-28,油价上涨,
2024-02-28,油价调整,
2024-02-28,汽油涨价,
2024-02-28,柴油涨价,
2024-02-28,通胀,
2024-02-28,物流成本,
2024-02-29,油价上涨,
2024-02-29,油价调整,
2024-02-29,汽油涨价,
2024-02-29,柴油涨价,
2024-02-29,通胀,
2024-02-29,物流成本,
2024-03-01,油价上涨,
2024-03-01,油价调整,
2024-03-01,汽油涨价,
2024-03-01,柴油涨价,
2024-03-01,通胀,
2024-03-01,物流成本,
2024-03-02,油价上涨,
2024-03-02,油价调整,
2024-03-02,汽油涨价,
2024-03-02,柴油涨价,
2024-03-02,通胀,
2024-03-02,物流成本,
2024-03-03,油价上涨,
2024-03-03,油价调整,
2024-03-03,汽油涨价,
2024-03-03,柴油涨价,
2024-03-03,通胀,
2024-03-03,物流成本,
2024-03-04,油价上涨,
2024-03-04,油价调整,
2024-03-04,汽油涨价,
2024-03-04,柴油涨价,
2024-03-04,通胀,
2024-03-04,物流成本,
2024-03-05,油价上涨,
2024-03-05,油价调整,
2024-03-05,汽油涨价,
2024-03-05,柴油涨价,
2024-03-05,通胀,
2024-03-05,物流成本,
2024-03-06,油价上涨,
2024-03-06,油价调整,
2024-03-06,汽油涨价,
2024-03-06,柴油涨价,
2024-03-06,通胀,
2024-03-06,物流成本,
2024-03-07,油价上涨,
2024-03-07,油价调整,
2024-03-07,汽油涨价,
2024-03-07,柴油涨价,
2024-03-07,通胀,
2024-03-07,物流成本,
2024-03-08,油价上涨,
2024-03-08,油价调整,
2024-03-08,汽油涨价,
2024-03-08,柴油涨价,
2024-03-08,通胀,
2024-03-08,物流成本,
2024-03-09,油价上涨,
2024-03-09,油价调整,
2024-03-09,汽油涨价,
2024-03-09,柴油涨价,
2024-03-09,通胀,
2024-03-09,物流成本,
2024-03-10,油价上涨,
2024-03-10,油价调整,
2024-03-10,汽油涨价,
2024-03-10,柴油涨价,
2024-03-10,通胀,
2024-03-10,物流成本,
2024-03-11,油价上涨,
2024-03-11,油价调整,
2024-03-11,汽油涨价,
2024-03-11,柴油涨价,
2024-03-11,通胀,
2024-03-11,物流成本,
2024-03-12,油价上涨,
2024-03-12,油价调整,
2024-03-12,汽油涨价,
2024-03-12,柴油涨价,
2024-03-12,通胀,
2024-03-12,物流成本,
2024-03-13,油价上涨,
2024-03-13,油价调整,
2024-03-13,汽油涨价,
2024-03-13,柴油涨价,
2024-03-13,通胀,
2024-03-13,物流成本,
2024-03-14,油价上涨,
2024-03-14,油价调整,
2024-03-14,汽油涨价,
2024-03-14,柴油涨价,
2024-03-14,通胀,
2024-03-14,物流成本,
2024-03-15,油价上涨,
2024-03-15,油价调整,
2024-03-15,汽油涨价,
2024-03-15,柴油涨价,
2024-03-15,通胀,
2024-03-15,物流成本,
2024-03-16,油价上涨,
2024-03-16,油价调整,
2024-03-16,汽油涨价,
2024-03-16,柴油涨价,
2024-03-16,通胀,
2024-03-16,物流成本,
2024-03-17,油价上涨,
2024-03-17,油价调整,
2024-03-17,汽油涨价,
2024-03-17,柴油涨价,
2024-03-17,通胀,
2024-03-17,物流成本,
2024-03-18,油价上涨,
2024-03-18,油价调整,
2024-03-18,汽油涨价,
2024-03-18,柴油涨价,
2024-03-18,通胀,
2024-03-18,物流成本,
2024-03-19,油价上涨,
2024-03-19,油价调整,
2024-03-19,汽油涨价,
2024-03-19,柴油涨价,
2024-03-19,通胀,
2024-03-19,物流成本,
2024-03-20,油价上涨,
2024-03-20,油价调整,
2024-03-20,汽油涨价,
2024-03-20,柴油涨价,
2024-03-20,通胀,
2024-03-20,物流成本,
2024-03-21,油价上涨,
2024-03-21,油价调整,
2024-03-21,汽油涨价,
2024-03-21,柴油涨价,
2024-03-21,通胀,
2024-03-21,物流成本,
2024-03-22,油价上涨,
2024-03-22,油价调整,
2024-03-22,汽油涨价,
2024-03-22,柴油涨价,
2024-03-22,通胀,
2024-03-22,物流成本,
2024-03-23,油价上涨,
2024-03-23,油价调整,
2024-03-23,汽油涨价,
2024-03-23,柴油涨价,
2024-03-23,通胀,
2024-03-23,物流成本,
2024-03-24,油价上涨,
2024-03-24,油价调整,
2024-03-24,汽油涨价,
2024-03-24,柴油涨价,
2024-03-24,通胀,
2024-03-24,物流成本,
2024-03-25,油价上涨,
2024-03-25,油价调整,
2024-03-25,汽油涨价,
2024-03-25,柴油涨价,
2024-03-25,通胀,
2024-03-25,物流成本,
2024-03-26,油价上涨,
2024-03-26,油价调整,
2024-03-26,汽油涨价,
2024-03-26,柴油涨价,
2024-03-26,通胀,
2024-03-26,物流成本,
2024-03-27,油价上涨,
2024-03-27,油价调整,
2024-03-27,汽油涨价,
2024-03-27,柴油涨价,
2024-03-27,通胀,
2024-03-27,物流成本,
2024-03-28,油价上涨,
2024-03-28,油价调整,
2024-03-28,汽油涨价,
2024-03-28,柴油涨价,
2024-03-28,通胀,
2024-03-28,物流成本,
2024-03-29,油价上涨,
2024-03-29,油价调整,
2024-03-29,汽油涨价,
2024-03-29,柴油涨价,
2024-03-29,通胀,
2024-03-29,物流成本,
2024-03-30,油价上涨,
2024-03-30,油价调整,
2024-03-30,汽油涨价,
2024-03-30,柴油涨价,
2024-03-30,通胀,
2024-03-30,物流成本,
2024-03-31,油价上涨,
2024-03-31,油价调整,
2024-03-31,汽油涨价,
2024-03-31,柴油涨价,
2024-03-31,通胀,
2024-03-31,物流成本,
2024-04-01,油价上涨,
2024-04-01,油价调整,
2024-04-01,汽油涨价,
2024-04-01,柴油涨价,
2024-04-01,通胀,
2024-04-01,物流成本,
2024-04-02,油价上涨,
2024-04-02,油价调整,
2024-04-02,汽油涨价,
2024-04-02,柴油涨价,
2024-04-02,通胀,
2024-04-02,物流成本,
2024-04-03,油价上涨,
2024-04-03,油价调整,
2024-04-03,汽油涨价,
2024-04-03,柴油涨价,
2024-04-03,通胀,
2024-04-03,物流成本,
2024-04-04,油价上涨,
2024-04-04,油价调整,
2024-04-04,汽油涨价,
2024-04-04,柴油涨价,
2024-04-04,通胀,
2024-04-04,物流成本,
2024-04-05,油价上涨,
2024-04-05,油价调整,
2024-04-05,汽油涨价,
2024-04-05,柴油涨价,
2024-04-05,通胀,
2024-04-05,物流成本,
2024-04-06,油价上涨,
2024-04-06,油价调整,
2024-04-06,汽油涨价,
2024-04-06,柴油涨价,
2024-04-06,通胀,
2024-04-06,物流成本,
2024-04-07,油价上涨,
2024-04-07,油价调整,
2024-04-07,汽油涨价,
2024-04-07,柴油涨价,
2024-04-07,通胀,
2024-04-07,物流成本,
2024-04-08,油价上涨,
2024-04-08,油价调整,
2024-04-08,汽油涨价,
2024-04-08,柴油涨价,
2024-04-08,通胀,
2024-04-08,物流成本,
2024-04-09,油价上涨,
2024-04-09,油价调整,
2024-04-09,汽油涨价,
2024-04-09,柴油涨价,
2024-04-09,通胀,
2024-04-09,物流成本,
2024-04-10,油价上涨,
2024-04-10,油价调整,
2024-04-10,汽油涨价,
2024-04-10,柴油涨价,
2024-04-10,通胀,
2024-04-10,物流成本,
2024-04-11,油价上涨,
2024-04-11,油价调整,
2024-04-11,汽油涨价,
2024-04-11,柴油涨价,
2024-04-11,通胀,
2024-04-11,物流成本,
2024-04-12,油价上涨,
2024-04-12,油价调整,
2024-04-12,汽油涨价,
2024-04-12,柴油涨价,
2024-04-12,通胀,
2024-04-12,物流成本,
2024-04-13,油价上涨,
2024-04-13,油价调整,
2024-04-13,汽油涨价,
2024-04-13,柴油涨价,
2024-04-13,通胀,
2024-04-13,物流成本,
2024-04-14,油价上涨,
2024-04-14,油价调整,
2024-04-14,汽油涨价,
2024-04-14,柴油涨价,
2024-04-14,通胀,
2024-04-14,物流成本,
2024-04-15,油价上涨,
2024-04-15,油价调整,
2024-04-15,汽油涨价,
2024-04-15,柴油涨价,
2024-04-15,通胀,
2024-04-15,物流成本,
2024-04-16,油价上涨,
2024-04-16,油价调整,
2024-04-16,汽油涨价,
2024-04-16,柴油涨价,
2024-04-16,通胀,
2024-04-16,物流成本,
2024-04-17,油价上涨,
2024-04-17,油价调整,
2024-04-17,汽油涨价,
2024-04-17,柴油涨价,
2024-04-17,通胀,
2024-04-17,物流成本,
2024-04-18,油价上涨,
2024-04-18,油价调整,
2024-04-18,汽油涨价,
2024-04-18,柴油涨价,
2024-04-18,通胀,
2024-04-18,物流成本,
2024-04-19,油价上涨,
2024-04-19,油价调整,
2024-04-19,汽油涨价,
2024-04-19,柴油涨价,
2024-04-19,通胀,
2024-04-19,物流成本,
2024-04-20,油价上涨,
2024-04-20,油价调整,
2024-04-20,汽油涨价,
2024-04-20,柴油涨价,
2024-04-20,通胀,
2024-04-20,物流成本,
2024-04-21,油价上涨,
2024-04-21,油价调整,
2024-04-21,汽油涨价,
2024-04-21,柴油涨价,
2024-04-21,通胀,
2024-04-21,物流成本,
2024-04-22,油价上涨,
2024-04-22,油价调整,
2024-04-22,汽油涨价,
2024-04-22,柴油涨价,
2024-04-22,通胀,
2024-04-22,物流成本,
2024-04-23,油价上涨,
2024-04-23,油价调整,
2024-04-23,汽油涨价,
2024-04-23,柴油涨价,
2024-04-23,通胀,
2024-04-23,物流成本,
2024-04-24,油价上涨,
2024-04-24,油价调整,
2024-04-24,汽油涨价,
2024-04-24,柴油涨价,
2024-04-24,通胀,
2024-04-24,物流成本,
2024-04-25,油价上涨,
2024-04-25,油价调整,
2024-04-25,汽油涨价,
2024-04-25,柴油涨价,
2024-04-25,通胀,
2024-04-25,物流成本,
2024-04-26,油价上涨,
2024-04-26,油价调整,
2024-04-26,汽油涨价,
2024-04-26,柴油涨价,
2024-04-26,通胀,
2024-04-26,物流成本,
2024-04-27,油价上涨,
2024-04-27,油价调整,
2024-04-27,汽油涨价,
2024-04-27,柴油涨价,
2024-04-27,通胀,
2024-04-27,物流成本,
2024-04-28,油价上涨,
2024-04-28,油价调整,
2024-04-28,汽油涨价,
2024-04-28,柴油涨价,
2024-04-28,通胀,
2024-04-28,物流成本,
2024-04-29,油价上涨,
2024-04-29,油价调整,
2024-04-29,汽油涨价,
2024-04-29,柴油涨价,
2024-04-29,通胀,
2024-04-29,物流成本,
2024-04-30,油价上涨,
2024-04-30,油价调整,
2024-04-30,汽油涨价,
2024-04-30,柴油涨价,
2024-04-30,通胀,
2024-04-30,物流成本,
2024-05-01,油价上涨,
2024-05-01,油价调整,
2024-05-01,汽油涨价,
2024-05-01,柴油涨价,
2024-05-01,通胀,
2024-05-01,物流成本,
2024-05-02,油价上涨,
2024-05-02,油价调整,
2024-05-02,汽油涨价,
2024-05-02,柴油涨价,
2024-05-02,通胀,
2024-05-02,物流成本,
2024-05-03,油价上涨,
2024-05-03,油价调整,
2024-05-03,汽油涨价,
2024-05-03,柴油涨价,
2024-05-03,通胀,
2024-05-03,物流成本,
2024-05-04,油价上涨,
2024-05-04,油价调整,
2024-05-04,汽油涨价,
2024-05-04,柴油涨价,
2024-05-04,通胀,
2024-05-04,物流成本,
2024-05-05,油价上涨,
2024-05-05,油价调整,
2024-05-05,汽油涨价,
2024-05-05,柴油涨价,
2024-05-05,通胀,
2024-05-05,物流成本,
2024-05-06,油价上涨,
2024-05-06,油价调整,
2024-05-06,汽油涨价,
2024-05-06,柴油涨价,
2024-05-06,通胀,
2024-05-06,物流成本,
2024-05-07,油价上涨,
2024-05-07,油价调整,
2024-05-07,汽油涨价,
2024-05-07,柴油涨价,
2024-05-07,通胀,
2024-05-07,物流成本,
2024-05-08,油价上涨,
2024-05-08,油价调整,
2024-05-08,汽油涨价,
2024-05-08,柴油涨价,
2024-05-08,通胀,
2024-05-08,物流成本,
2024-05-09,油价上涨,
2024-05-09,油价调整,
2024-05-09,汽油涨价,
2024-05-09,柴油涨价,
2024-05-09,通胀,
2024-05-09,物流成本,
2024-05-10,油价上涨,
2024-05-10,油价调整,
2024-05-10,汽油涨价,
2024-05-10,柴油涨价,
2024-05-10,通胀,
2024-05-10,物流成本,
2024-05-11,油价上涨,
2024-05-11,油价调整,
2024-05-11,汽油涨价,
2024-05-11,柴油涨价,
2024-05-11,通胀,
2024-05-11,物流成本,
2024-05-12,油价上涨,
2024-05-12,油价调整,
2024-05-12,汽油涨价,
2024-05-12,柴油涨价,
2024-05-12,通胀,
2024-05-12,物流成本,
2024-05-13,油价上涨,
2024-05-13,油价调整,
2024-05-13,汽油涨价,
2024-05-13,柴油涨价,
2024-05-13,通胀,
2024-05-13,物流成本,
2024-05-14,油价上涨,
2024-05-14,油价调整,
2024-05-14,汽油涨价,
2024-05-14,柴油涨价,
2024-05-14,通胀,
2024-05-14,物流成本,
2024-05-15,油价上涨,
2024-05-15,油价调整,
2024-05-15,汽油涨价,
2024-05-15,柴油涨价,
2024-05-15,通胀,
2024-05-15,物流成本,
2024-05-16,油价上涨,
2024-05-16,油价调整,
2024-05-16,汽油涨价,
2024-05-16,柴油涨价,
2024-05-16,通胀,
2024-05-16,物流成本,
2024-05-17,油价上涨,
2024-05-17,油价调整,
2024-05-17,汽油涨价,
2024-05-17,柴油涨价,
2024-05-17,通胀,
2024-05-17,物流成本,
2024-05-18,油价上涨,
2024-05-18,油价调整,
2024-05-18,汽油涨价,
2024-05-18,柴油涨价,
2024-05-18,通胀,
2024-05-18,物流成本,
2024-05-19,油价上涨,
2024-05-19,油价调整,
2024-05-19,汽油涨价,
2024-05-19,柴油涨价,
2024-05-19,通胀,
2024-05-19,物流成本,
2024-05-20,油价上涨,
2024-05-20,油价调整,
2024-05-20,汽油涨价,
2024-05-20,柴油涨价,
2024-05-20,通胀,
2024-05-20,物流成本,
2024-05-21,油价上涨,
2024-05-21,油价调整,
2024-05-21,汽油涨价,
2024-05-21,柴油涨价,
2024-05-21,通胀,
2024-05-21,物流成本,
2024-05-22,油价上涨,
2024-05-22,油价调整,
2024-05-22,汽油涨价,
2024-05-22,柴油涨价,
2024-05-22,通胀,
2024-05-22,物流成本,
2024-05-23,油价上涨,
2024-05-23,油价调整,
2024-05-23,汽油涨价,
2024-05-23,柴油涨价,
2024-05-23,通胀,
2024-05-23,物流成本,
2024-05-24,油价上涨,
2024-05-24,油价调整,
2024-05-24,汽油涨价,
2024-05-24,柴油涨价,
2024-05-24,通胀,
2024-05-24,物流成本,
2024-05-25,油价上涨,
2024-05-25,油价调整,
2024-05-25,汽油涨价,
2024-05-25,柴油涨价,
2024-05-25,通胀,
2024-05-25,物流成本,
2024-05-26,油价上涨,
2024-05-26,油价调整,
2024-05-26,汽油涨价,
2024-05-26,柴油涨价,
2024-05-26,通胀,
2024-05-26,物流成本,
2024-05-27,油价上涨,
2024-05-27,油价调整,
2024-05-27,汽油涨价,
2024-05-27,柴油涨价,
2024-05-27,通胀,
2024-05-27,物流成本,
2024-05-28,油价上涨,
2024-05-28,油价调整,
2024-05-28,汽油涨价,
2024-05-28,柴油涨价,
2024-05-28,通胀,
2024-05-28,物流成本,
2024-05-29,油价上涨,
2024-05-29,油价调整,
2024-05-29,汽油涨价,
2024-05-29,柴油涨价,
2024-05-29,通胀,
2024-05-29,物流成本,
2024-05-30,油价上涨,
2024-05-30,油价调整,
2024-05-30,汽油涨价,
2024-05-30,柴油涨价,
2024-05-30,通胀,
2024-05-30,物流成本,
2024-05-31,油价上涨,
2024-05-31,油价调整,
2024-05-31,汽油涨价,
2024-05-31,柴油涨价,
2024-05-31,通胀,
2024-05-31,物流成本,
2024-06-01,油价上涨,
2024-06-01,油价调整,
2024-06-01,汽油涨价,
2024-06-01,柴油涨价,
2024-06-01,通胀,
2024-06-01,物流成本,
2024-06-02,油价上涨,
2024-06-02,油价调整,
2024-06-02,汽油涨价,
2024-06-02,柴油涨价,
2024-06-02,通胀,
2024-06-02,物流成本,
2024-06-03,油价上涨,
2024-06-03,油价调整,
2024-06-03,汽油涨价,
2024-06-03,柴油涨价,
2024-06-03,通胀,
2024-06-03,物流成本,
2024-06-04,油价上涨,
2024-06-04,油价调整,
2024-06-04,汽油涨价,
2024-06-04,柴油涨价,
2024-06-04,通胀,
2024-06-04,物流成本,
2024-06-05,油价上涨,
2024-06-05,油价调整,
2024-06-05,汽油涨价,
2024-06-05,柴油涨价,
2024-06-05,通胀,
2024-06-05,物流成本,
2024-06-06,油价上涨,
2024-06-06,油价调整,
2024-06-06,汽油涨价,
2024-06-06,柴油涨价,
2024-06-06,通胀,
2024-06-06,物流成本,
2024-06-07,油价上涨,
2024-06-07,油价调整,
2024-06-07,汽油涨价,
2024-06-07,柴油涨价,
2024-06-07,通胀,
2024-06-07,物流成本,
2024-06-08,油价上涨,
2024-06-08,油价调整,
2024-06-08,汽油涨价,
2024-06-08,柴油涨价,
2024-06-08,通胀,
2024-06-08,物流成本,
2024-06-09,油价上涨,
2024-06-09,油价调整,
2024-06-09,汽油涨价,
2024-06-09,柴油涨价,
2024-06-09,通胀,
2024-06-09,物流成本,
2024-06-10,油价上涨,
2024-06-10,油价调整,
2024-06-10,汽油涨价,
2024-06-10,柴油涨价,
2024-06-10,通胀,
2024-06-10,物流成本,
2024-06-11,油价上涨,
2024-06-11,油价调整,
2024-06-11,汽油涨价,
2024-06-11,柴油涨价,
2024-06-11,通胀,
2024-06-11,物流成本,
2024-06-12,油价上涨,
2024-06-12,油价调整,
2024-06-12,汽油涨价,
2024-06-12,柴油涨价,
2024-06-12,通胀,
2024-06-12,物流成本,
2024-06-13,油价上涨,
2024-06-13,油价调整,
2024-06-13,汽油涨价,
2024-06-13,柴油涨价,
2024-06-13,通胀,
2024-06-13,物流成本,
2024-06-14,油价上涨,
2024-06-14,油价调整,
2024-06-14,汽油涨价,
2024-06-14,柴油涨价,
2024-06-14,通胀,
2024-06-14,物流成本,
2024-06-15,油价上涨,
2024-06-15,油价调整,
2024-06-15,汽油涨价,
2024-06-15,柴油涨价,
2024-06-15,通胀,
2024-06-15,物流成本,
2024-06-16,油价上涨,
2024-06-16,油价调整,
2024-06-16,汽油涨价,
2024-06-16,柴油涨价,
2024-06-16,通胀,
2024-06-16,物流成本,
2024-06-17,油价上涨,
2024-06-17,油价调整,
2024-06-17,汽油涨价,
2024-06-17,柴油涨价,
2024-06-17,通胀,
2024-06-17,物流成本,
2024-06-18,油价上涨,
2024-06-18,油价调整,
2024-06-18,汽油涨价,
2024-06-18,柴油涨价,
2024-06-18,通胀,
2024-06-18,物流成本,
2024-06-19,油价上涨,
2024-06-19,油价调整,
2024-06-19,汽油涨价,
2024-06-19,柴油涨价,
2024-06-19,通胀,
2024-06-19,物流成本,
2024-06-20,油价上涨,
2024-06-20,油价调整,
2024-06-20,汽油涨价,
2024-06-20,柴油涨价,
2024-06-20,通胀,
2024-06-20,物流成本,
2024-06-21,油价上涨,
2024-06-21,油价调整,
2024-06-21,汽油涨价,
2024-06-21,柴油涨价,
2024-06-21,通胀,
2024-06-21,物流成本,
2024-06-22,油价上涨,
2024-06-22,油价调整,
2024-06-22,汽油涨价,
2024-06-22,柴油涨价,
2024-06-22,通胀,
2024-06-22,物流成本,
2024-06-23,油价上涨,
2024-06-23,油价调整,
2024-06-23,汽油涨价,
2024-06-23,柴油涨价,
2024-06-23,通胀,
2024-06-23,物流成本,
2024-06-24,油价上涨,
2024-06-24,油价调整,
2024-06-24,汽油涨价,
2024-06-24,柴油涨价,
2024-06-24,通胀,
2024-06-24,物流成本,
2024-06-25,油价上涨,
2024-06-25,油价调整,
2024-06-25,汽油涨价,
2024-06-25,柴油涨价,
2024-06-25,通胀,
2024-06-25,物流成本,
2024-06-26,油价上涨,
2024-06-26,油价调整,
2024-06-26,汽油涨价,
2024-06-26,柴油涨价,
2024-06-26,通胀,
2024-06-26,物流成本,
2024-06-27,油价上涨,
2024-06-27,油价调整,
2024-06-27,汽油涨价,
2024-06-27,柴油涨价,
2024-06-27,通胀,
2024-06-27,物流成本,
2024-06-28,油价上涨,
2024-06-28,油价调整,
2024-06-28,汽油涨价,
2024-06-28,柴油涨价,
2024-06-28,通胀,
2024-06-28,物流成本,
2024-06-29,油价上涨,
2024-06-29,油价调整,
2024-06-29,汽油涨价,
2024-06-29,柴油涨价,
2024-06-29,通胀,
2024-06-29,物流成本,
2024-06-30,油价上涨,
2024-06-30,油价调整,
2024-06-30,汽油涨价,
2024-06-30,柴油涨价,
2024-06-30,通胀,
2024-06-30,物流成本,
2024-07-01,油价上涨,
2024-07-01,油价调整,
2024-07-01,汽油涨价,
2024-07-01,柴油涨价,
2024-07-01,通胀,
2024-07-01,物流成本,
2024-07-02,油价上涨,
2024-07-02,油价调整,
2024-07-02,汽油涨价,
2024-07-02,柴油涨价,
2024-07-02,通胀,
2024-07-02,物流成本,
2024-07-03,油价上涨,
2024-07-03,油价调整,
2024-07-03,汽油涨价,
2024-07-03,柴油涨价,
2024-07-03,通胀,
2024-07-03,物流成本,
2024-07-04,油价上涨,
2024-07-04,油价调整,
2024-07-04,汽油涨价,
2024-07-04,柴油涨价,
2024-07-04,通胀,
2024-07-04,物流成本,
2024-07-05,油价上涨,
2024-07-05,油价调整,
2024-07-05,汽油涨价,
2024-07-05,柴油涨价,
2024-07-05,通胀,
2024-07-05,物流成本,
2024-07-06,油价上涨,
2024-07-06,油价调整,
2024-07-06,汽油涨价,
2024-07-06,柴油涨价,
2024-07-06,通胀,
2024-07-06,物流成本,
2024-07-07,油价上涨,
2024-07-07,油价调整,
2024-07-07,汽油涨价,
2024-07-07,柴油涨价,
2024-07-07,通胀,
2024-07-07,物流成本,
2024-07-08,油价上涨,
2024-07-08,油价调整,
2024-07-08,汽油涨价,
2024-07-08,柴油涨价,
2024-07-08,通胀,
2024-07-08,物流成本,
2024-07-09,油价上涨,
2024-07-09,油价调整,
2024-07-09,汽油涨价,
2024-07-09,柴油涨价,
2024-07-09,通胀,
2024-07-09,物流成本,
2024-07-10,油价上涨,
2024-07-10,油价调整,
2024-07-10,汽油涨价,
2024-07-10,柴油涨价,
2024-07-10,通胀,
2024-07-10,物流成本,
2024-07-11,油价上涨,
2024-07-11,油价调整,
2024-07-11,汽油涨价,
2024-07-11,柴油涨价,
2024-07-11,通胀,
2024-07-11,物流成本,
2024-07-12,油价上涨,
2024-07-12,油价调整,
2024-07-12,汽油涨价,
2024-07-12,柴油涨价,
2024-07-12,通胀,
2024-07-12,物流成本,
2024-07-13,油价上涨,
2024-07-13,油价调整,
2024-07-13,汽油涨价,
2024-07-13,柴油涨价,
2024-07-13,通胀,
2024-07-13,物流成本,
2024-07-14,油价上涨,
2024-07-14,油价调整,
2024-07-14,汽油涨价,
2024-07-14,柴油涨价,
2024-07-14,通胀,
2024-07-14,物流成本,
2024-07-15,油价上涨,
2024-07-15,油价调整,
2024-07-15,汽油涨价,
2024-07-15,柴油涨价,
2024-07-15,通胀,
2024-07-15,物流成本,
2024-07-16,油价上涨,
2024-07-16,油价调整,
2024-07-16,汽油涨价,
2024-07-16,柴油涨价,
2024-07-16,通胀,
2024-07-16,物流成本,
2024-07-17,油价上涨,
2024-07-17,油价调整,
2024-07-17,汽油涨价,
2024-07-17,柴油涨价,
2024-07-17,通胀,
2024-07-17,物流成本,
2024-07-18,油价上涨,
2024-07-18,油价调整,
2024-07-18,汽油涨价,
2024-07-18,柴油涨价,
2024-07-18,通胀,
2024-07-18,物流成本,
2024-07-19,油价上涨,
2024-07-19,油价调整,
2024-07-19,汽油涨价,
2024-07-19,柴油涨价,
2024-07-19,通胀,
2024-07-19,物流成本,
2024-07-20,油价上涨,
2024-07-20,油价调整,
2024-07-20,汽油涨价,
2024-07-20,柴油涨价,
2024-07-20,通胀,
2024-07-20,物流成本,
2024-07-21,油价上涨,
2024-07-21,油价调整,
2024-07-21,汽油涨价,
2024-07-21,柴油涨价,
2024-07-21,通胀,
2024-07-21,物流成本,
2024-07-22,油价上涨,
2024-07-22,油价调整,
2024-07-22,汽油涨价,
2024-07-22,柴油涨价,
2024-07-22,通胀,
2024-07-22,物流成本,
2024-07-23,油价上涨,
2024-07-23,油价调整,
2024-07-23,汽油涨价,
2024-07-23,柴油涨价,
2024-07-23,通胀,
2024-07-23,物流成本,
2024-07-24,油价上涨,
2024-07-24,油价调整,
2024-07-24,汽油涨价,
2024-07-24,柴油涨价,
2024-07-24,通胀,
2024-07-24,物流成本,
2024-07-25,油价上涨,
2024-07-25,油价调整,
2024-07-25,汽油涨价,
2024-07-25,柴油涨价,
2024-07-25,通胀,
2024-07-25,物流成本,
2024-07-26,油价上涨,
2024-07-26,油价调整,
2024-07-26,汽油涨价,
2024-07-26,柴油涨价,
2024-07-26,通胀,
2024-07-26,物流成本,
2024-07-27,油价上涨,
2024-07-27,油价调整,
2024-07-27,汽油涨价,
2024-07-27,柴油涨价,
2024-07-27,通胀,
2024-07-27,物流成本,
2024-07-28,油价上涨,
2024-07-28,油价调整,
2024-07-28,汽油涨价,
2024-07-28,柴油涨价,
2024-07-28,通胀,
2024-07-28,物流成本,
2024-07-29,油价上涨,
2024-07-29,油价调整,
2024-07-29,汽油涨价,
2024-07-29,柴油涨价,
2024-07-29,通胀,
2024-07-29,物流成本,
2024-07-30,油价上涨,
2024-07-30,油价调整,
2024-07-30,汽油涨价,
2024-07-30,柴油涨价,
2024-07-30,通胀,
2024-07-30,物流成本,
2024-07-31,油价上涨,
2024-07-31,油价调整,
2024-07-31,汽油涨价,
2024-07-31,柴油涨价,
2024-07-31,通胀,
2024-07-31,物流成本,
2024-08-01,油价上涨,
2024-08-01,油价调整,
2024-08-01,汽油涨价,
2024-08-01,柴油涨价,
2024-08-01,通胀,
2024-08-01,物流成本,
2024-08-02,油价上涨,
2024-08-02,油价调整,
2024-08-02,汽油涨价,
2024-08-02,柴油涨价,
2024-08-02,通胀,
2024-08-02,物流成本,
2024-08-03,油价上涨,
2024-08-03,油价调整,
2024-08-03,汽油涨价,
2024-08-03,柴油涨价,
2024-08-03,通胀,
2024-08-03,物流成本,
2024-08-04,油价上涨,
2024-08-04,油价调整,
2024-08-04,汽油涨价,
2024-08-04,柴油涨价,
2024-08-04,通胀,
2024-08-04,物流成本,
2024-08-05,油价上涨,
2024-08-05,油价调整,
2024-08-05,汽油涨价,
2024-08-05,柴油涨价,
2024-08-05,通胀,
2024-08-05,物流成本,
2024-08-06,油价上涨,
2024-08-06,油价调整,
2024-08-06,汽油涨价,
2024-08-06,柴油涨价,
2024-08-06,通胀,
2024-08-06,物流成本,
2024-08-07,油价上涨,
2024-08-07,油价调整,
2024-08-07,汽油涨价,
2024-08-07,柴油涨价,
2024-08-07,通胀,
2024-08-07,物流成本,
2024-08-08,油价上涨,
2024-08-08,油价调整,
2024-08-08,汽油涨价,
2024-08-08,柴油涨价,
2024-08-08,通胀,
2024-08-08,物流成本,
2024-08-09,油价上涨,
2024-08-09,油价调整,
2024-08-09,汽油涨价,
2024-08-09,柴油涨价,
2024-08-09,通胀,
2024-08-09,物流成本,
2024-08-10,油价上涨,
2024-08-10,油价调整,
2024-08-10,汽油涨价,
2024-08-10,柴油涨价,
2024-08-10,通胀,
2024-08-10,物流成本,
2024-08-11,油价上涨,
2024-08-11,油价调整,
2024-08-11,汽油涨价,
2024-08-11,柴油涨价,
2024-08-11,通胀,
2024-08-11,物流成本,
2024-08-12,油价上涨,
2024-08-12,油价调整,
2024-08-12,汽油涨价,
2024-08-12,柴油涨价,
2024-08-12,通胀,
2024-08-12,物流成本,
2024-08-13,油价上涨,
2024-08-13,油价调整,
2024-08-13,汽油涨价,
2024-08-13,柴油涨价,
2024-08-13,通胀,
2024-08-13,物流成本,
2024-08-14,油价上涨,
2024-08-14,油价调整,
2024-08-14,汽油涨价,
2024-08-14,柴油涨价,
2024-08-14,通胀,
2024-08-14,物流成本,
2024-08-15,油价上涨,
2024-08-15,油价调整,
2024-08-15,汽油涨价,
2024-08-15,柴油涨价,
2024-08-15,通胀,
2024-08-15,物流成本,
2024-08-16,油价上涨,
2024-08-16,油价调整,
2024-08-16,汽油涨价,
2024-08-16,柴油涨价,
2024-08-16,通胀,
2024-08-16,物流成本,
2024-08-17,油价上涨,
2024-08-17,油价调整,
2024-08-17,汽油涨价,
2024-08-17,柴油涨价,
2024-08-17,通胀,
2024-08-17,物流成本,
2024-08-18,油价上涨,
2024-08-18,油价调整,
2024-08-18,汽油涨价,
2024-08-18,柴油涨价,
2024-08-18,通胀,
2024-08-18,物流成本,
2024-08-19,油价上涨,
2024-08-19,油价调整,
2024-08-19,汽油涨价,
2024-08-19,柴油涨价,
2024-08-19,通胀,
2024-08-19,物流成本,
2024-08-20,油价上涨,
2024-08-20,油价调整,
2024-08-20,汽油涨价,
2024-08-20,柴油涨价,
2024-08-20,通胀,
2024-08-20,物流成本,
2024-08-21,油价上涨,
2024-08-21,油价调整,
2024-08-21,汽油涨价,
2024-08-21,柴油涨价,
2024-08-21,通胀,
2024-08-21,物流成本,
2024-08-22,油价上涨,
2024-08-22,油价调整,
2024-08-22,汽油涨价,
2024-08-22,柴油涨价,
2024-08-22,通胀,
2024-08-22,物流成本,
2024-08-23,油价上涨,
2024-08-23,油价调整,
2024-08-23,汽油涨价,
2024-08-23,柴油涨价,
2024-08-23,通胀,
2024-08-23,物流成本,
2024-08-24,油价上涨,
2024-08-24,油价调整,
2024-08-24,汽油涨价,
2024-08-24,柴油涨价,
2024-08-24,通胀,
2024-08-24,物流成本,
2024-08-25,油价上涨,
2024-08-25,油价调整,
2024-08-25,汽油涨价,
2024-08-25,柴油涨价,
2024-08-25,通胀,
2024-08-25,物流成本,
2024-08-26,油价上涨,
2024-08-26,油价调整,
2024-08-26,汽油涨价,
2024-08-26,柴油涨价,
2024-08-26,通胀,
2024-08-26,物流成本,
2024-08-27,油价上涨,
2024-08-27,油价调整,
2024-08-27,汽油涨价,
2024-08-27,柴油涨价,
2024-08-27,通胀,
2024-08-27,物流成本,
2024-08-28,油价上涨,
2024-08-28,油价调整,
2024-08-28,汽油涨价,
2024-08-28,柴油涨价,
2024-08-28,通胀,
2024-08-28,物流成本,
2024-08-29,油价上涨,
2024-08-29,油价调整,
2024-08-29,汽油涨价,
2024-08-29,柴油涨价,
2024-08-29,通胀,
2024-08-29,物流成本,
2024-08-30,油价上涨,
2024-08-30,油价调整,
2024-08-30,汽油涨价,
2024-08-30,柴油涨价,
2024-08-30,通胀,
2024-08-30,物流成本,
2024-08-31,油价上涨,
2024-08-31,油价调整,
2024-08-31,汽油涨价,
2024-08-31,柴油涨价,
2024-08-31,通胀,
2024-08-31,物流成本,
2024-09-01,油价上涨,
2024-09-01,油价调整,
2024-09-01,汽油涨价,
2024-09-01,柴油涨价,
2024-09-01,通胀,
2024-09-01,物流成本,
2024-09-02,油价上涨,
2024-09-02,油价调整,
2024-09-02,汽油涨价,
2024-09-02,柴油涨价,
2024-09-02,通胀,
2024-09-02,物流成本,
2024-09-03,油价上涨,
2024-09-03,油价调整,
2024-09-03,汽油涨价,
2024-09-03,柴油涨价,
2024-09-03,通胀,
2024-09-03,物流成本,
2024-09-04,油价上涨,
2024-09-04,油价调整,
2024-09-04,汽油涨价,
2024-09-04,柴油涨价,
2024-09-04,通胀,
2024-09-04,物流成本,
2024-09-05,油价上涨,
2024-09-05,油价调整,
2024-09-05,汽油涨价,
2024-09-05,柴油涨价,
2024-09-05,通胀,
2024-09-05,物流成本,
2024-09-06,油价上涨,
2024-09-06,油价调整,
2024-09-06,汽油涨价,
2024-09-06,柴油涨价,
2024-09-06,通胀,
2024-09-06,物流成本,
2024-09-07,油价上涨,
2024-09-07,油价调整,
2024-09-07,汽油涨价,
2024-09-07,柴油涨价,
2024-09-07,通胀,
2024-09-07,物流成本,
2024-09-08,油价上涨,
2024-09-08,油价调整,
2024-09-08,汽油涨价,
2024-09-08,柴油涨价,
2024-09-08,通胀,
2024-09-08,物流成本,
2024-09-09,油价上涨,
2024-09-09,油价调整,
2024-09-09,汽油涨价,
2024-09-09,柴油涨价,
2024-09-09,通胀,
2024-09-09,物流成本,
2024-09-10,油价上涨,
2024-09-10,油价调整,
2024-09-10,汽油涨价,
2024-09-10,柴油涨价,
2024-09-10,通胀,
2024-09-10,物流成本,
2024-09-11,油价上涨,
2024-09-11,油价调整,
2024-09-11,汽油涨价,
2024-09-11,柴油涨价,
2024-09-11,通胀,
2024-09-11,物流成本,
2024-09-12,油价上涨,
2024-09-12,油价调整,
2024-09-12,汽油涨价,
2024-09-12,柴油涨价,
2024-09-12,通胀,
2024-09-12,物流成本,
2024-09-13,油价上涨,
2024-09-13,油价调整,
2024-09-13,汽油涨价,
2024-09-13,柴油涨价,
2024-09-13,通胀,
2024-09-13,物流成本,
2024-09-14,油价上涨,
2024-09-14,油价调整,
2024-09-14,汽油涨价,
2024-09-14,柴油涨价,
2024-09-14,通胀,
2024-09-14,物流成本,
2024-09-15,油价上涨,
2024-09-15,油价调整,
2024-09-15,汽油涨价,
2024-09-15,柴油涨价,
2024-09-15,通胀,
2024-09-15,物流成本,
2024-09-16,油价上涨,
2024-09-16,油价调整,
2024-09-16,汽油涨价,
2024-09-16,柴油涨价,
2024-09-16,通胀,
2024-09-16,物流成本,
2024-09-17,油价上涨,
2024-09-17,油价调整,
2024-09-17,汽油涨价,
2024-09-17,柴油涨价,
2024-09-17,通胀,
2024-09-17,物流成本,
2024-09-18,油价上涨,
2024-09-18,油价调整,
2024-09-18,汽油涨价,
2024-09-18,柴油涨价,
2024-09-18,通胀,
2024-09-18,物流成本,
2024-09-19,油价上涨,
2024-09-19,油价调整,
2024-09-19,汽油涨价,
2024-09-19,柴油涨价,
2024-09-19,通胀,
2024-09-19,物流成本,
2024-09-20,油价上涨,
2024-09-20,油价调整,
2024-09-20,汽油涨价,
2024-09-20,柴油涨价,
2024-09-20,通胀,
2024-09-20,物流成本,
2024-09-21,油价上涨,
2024-09-21,油价调整,
2024-09-21,汽油涨价,
2024-09-21,柴油涨价,
2024-09-21,通胀,
2024-09-21,物流成本,
2024-09-22,油价上涨,
2024-09-22,油价调整,
2024-09-22,汽油涨价,
2024-09-22,柴油涨价,
2024-09-22,通胀,
2024-09-22,物流成本,
2024-09-23,油价上涨,
2024-09-23,油价调整,
2024-09-23,汽油涨价,
2024-09-23,柴油涨价,
2024-09-23,通胀,
2024-09-23,物流成本,
2024-09-24,油价上涨,
2024-09-24,油价调整,
2024-09-24,汽油涨价,
2024-09-24,柴油涨价,
2024-09-24,通胀,
2024-09-24,物流成本,
2024-09-25,油价上涨,
2024-09-25,油价调整,
2024-09-25,汽油涨价,
2024-09-25,柴油涨价,
2024-09-25,通胀,
2024-09-25,物流成本,
2024-09-26,油价上涨,
2024-09-26,油价调整,
2024-09-26,汽油涨价,
2024-09-26,柴油涨价,
2024-09-26,通胀,
2024-09-26,物流成本,
2024-09-27,油价上涨,
2024-09-27,油价调整,
2024-09-27,汽油涨价,
2024-09-27,柴油涨价,
2024-09-27,通胀,
2024-09-27,物流成本,
2024-09-28,油价上涨,
2024-09-28,油价调整,
2024-09-28,汽油涨价,
2024-09-28,柴油涨价,
2024-09-28,通胀,
2024-09-28,物流成本,
2024-09-29,油价上涨,
2024-09-29,油价调整,
2024-09-29,汽油涨价,
2024-09-29,柴油涨价,
2024-09-29,通胀,
2024-09-29,物流成本,
2024-09-30,油价上涨,
2024-09-30,油价调整,
2024-09-30,汽油涨价,
2024-09-30,柴油涨价,
2024-09-30,通胀,
2024-09-30,物流成本,
2024-10-01,油价上涨,
2024-10-01,油价调整,
2024-10-01,汽油涨价,
2024-10-01,柴油涨价,
2024-10-01,通胀,
2024-10-01,物流成本,
2024-10-02,油价上涨,
2024-10-02,油价调整,
2024-10-02,汽油涨价,
2024-10-02,柴油涨价,
2024-10-02,通胀,
2024-10-02,物流成本,
2024-10-03,油价上涨,
2024-10-03,油价调整,
2024-10-03,汽油涨价,
2024-10-03,柴油涨价,
2024-10-03,通胀,
2024-10-03,物流成本,
2024-10-04,油价上涨,
2024-10-04,油价调整,
2024-10-04,汽油涨价,
2024-10-04,柴油涨价,
2024-10-04,通胀,
2024-10-04,物流成本,
2024-10-05,油价上涨,
2024-10-05,油价调整,
2024-10-05,汽油涨价,
2024-10-05,柴油涨价,
2024-10-05,通胀,
2024-10-05,物流成本,
2024-10-06,油价上涨,
2024-10-06,油价调整,
2024-10-06,汽油涨价,
2024-10-06,柴油涨价,
2024-10-06,通胀,
2024-10-06,物流成本,
2024-10-07,油价上涨,
2024-10-07,油价调整,
2024-10-07,汽油涨价,
2024-10-07,柴油涨价,
2024-10-07,通胀,
2024-10-07,物流成本,
2024-10-08,油价上涨,
2024-10-08,油价调整,
2024-10-08,汽油涨价,
2024-10-08,柴油涨价,
2024-10-08,通胀,
2024-10-08,物流成本,
2024-10-09,油价上涨,
2024-10-09,油价调整,
2024-10-09,汽油涨价,
2024-10-09,柴油涨价,
2024-10-09,通胀,
2024-10-09,物流成本,
2024-10-10,油价上涨,
2024-10-10,油价调整,
2024-10-10,汽油涨价,
2024-10-10,柴油涨价,
2024-10-10,通胀,
2024-10-10,物流成本,
2024-10-11,油价上涨,
2024-10-11,油价调整,
2024-10-11,汽油涨价,
2024-10-11,柴油涨价,
2024-10-11,通胀,
2024-10-11,物流成本,
2024-10-12,油价上涨,
2024-10-12,油价调整,
2024-10-12,汽油涨价,
2024-10-12,柴油涨价,
2024-10-12,通胀,
2024-10-12,物流成本,
2024-10-13,油价上涨,
2024-10-13,油价调整,
2024-10-13,汽油涨价,
2024-10-13,柴油涨价,
2024-10-13,通胀,
2024-10-13,物流成本,
2024-10-14,油价上涨,
2024-10-14,油价调整,
2024-10-14,汽油涨价,
2024-10-14,柴油涨价,
2024-10-14,通胀,
2024-10-14,物流成本,
2024-10-15,油价上涨,
2024-10-15,油价调整,
2024-10-15,汽油涨价,
2024-10-15,柴油涨价,
2024-10-15,通胀,
2024-10-15,物流成本,
2024-10-16,油价上涨,
2024-10-16,油价调整,
2024-10-16,汽油涨价,
2024-10-16,柴油涨价,
2024-10-16,通胀,
2024-10-16,物流成本,
2024-10-17,油价上涨,
2024-10-17,油价调整,
2024-10-17,汽油涨价,
2024-10-17,柴油涨价,
2024-10-17,通胀,
2024-10-17,物流成本,
2024-10-18,油价上涨,
2024-10-18,油价调整,
2024-10-18,汽油涨价,
2024-10-18,柴油涨价,
2024-10-18,通胀,
2024-10-18,物流成本,
2024-10-19,油价上涨,
2024-10-19,油价调整,
2024-10-19,汽油涨价,
2024-10-19,柴油涨价,
2024-10-19,通胀,
2024-10-19,物流成本,
2024-10-20,油价上涨,
2024-10-20,油价调整,
2024-10-20,汽油涨价,
2024-10-20,柴油涨价,
2024-10-20,通胀,
2024-10-20,物流成本,
2024-10-21,油价上涨,
2024-10-21,油价调整,
2024-10-21,汽油涨价,
2024-10-21,柴油涨价,
2024-10-21,通胀,
2024-10-21,物流成本,
2024-10-22,油价上涨,
2024-10-22,油价调整,
2024-10-22,汽油涨价,
2024-10-22,柴油涨价,
2024-10-22,通胀,
2024-10-22,物流成本,
2024-10-23,油价上涨,
2024-10-23,油价调整,
2024-10-23,汽油涨价,
2024-10-23,柴油涨价,
2024-10-23,通胀,
2024-10-23,物流成本,
2024-10-24,油价上涨,
2024-10-24,油价调整,
2024-10-24,汽油涨价,
2024-10-24,柴油涨价,
2024-10-24,通胀,
2024-10-24,物流成本,
2024-10-25,油价上涨,
2024-10-25,油价调整,
2024-10-25,汽油涨价,
2024-10-25,柴油涨价,
2024-10-25,通胀,
2024-10-25,物流成本,
2024-10-26,油价上涨,
2024-10-26,油价调整,
2024-10-26,汽油涨价,
2024-10-26,柴油涨价,
2024-10-26,通胀,
2024-10-26,物流成本,
2024-10-27,油价上涨,
2024-10-27,油价调整,
2024-10-27,汽油涨价,
2024-10-27,柴油涨价,
2024-10-27,通胀,
2024-10-27,物流成本,
2024-10-28,油价上涨,
2024-10-28,油价调整,
2024-10-28,汽油涨价,
2024-10-28,柴油涨价,
2024-10-28,通胀,
2024-10-28,物流成本,
2024-10-29,油价上涨,
2024-10-29,油价调整,
2024-10-29,汽油涨价,
2024-10-29,柴油涨价,
2024-10-29,通胀,
2024-10-29,物流成本,
2024-10-30,油价上涨,
2024-10-30,油价调整,
2024-10-30,汽油涨价,
2024-10-30,柴油涨价,
2024-10-30,通胀,
2024-10-30,物流成本,
2024-10-31,油价上涨,
2024-10-31,油价调整,
2024-10-31,汽油涨价,
2024-10-31,柴油涨价,
2024-10-31,通胀,
2024-10-31,物流成本,
2024-11-01,油价上涨,
2024-11-01,油价调整,
2024-11-01,汽油涨价,
2024-11-01,柴油涨价,
2024-11-01,通胀,
2024-11-01,物流成本,
2024-11-02,油价上涨,
2024-11-02,油价调整,
2024-11-02,汽油涨价,
2024-11-02,柴油涨价,
2024-11-02,通胀,
2024-11-02,物流成本,
2024-11-03,油价上涨,
2024-11-03,油价调整,
2024-11-03,汽油涨价,
2024-11-03,柴油涨价,
2024-11-03,通胀,
2024-11-03,物流成本,
2024-11-04,油价上涨,
2024-11-04,油价调整,
2024-11-04,汽油涨价,
2024-11-04,柴油涨价,
2024-11-04,通胀,
2024-11-04,物流成本,
2024-11-05,油价上涨,
2024-11-05,油价调整,
2024-11-05,汽油涨价,
2024-11-05,柴油涨价,
2024-11-05,通胀,
2024-11-05,物流成本,
2024-11-06,油价上涨,
2024-11-06,油价调整,
2024-11-06,汽油涨价,
2024-11-06,柴油涨价,
2024-11-06,通胀,
2024-11-06,物流成本,
2024-11-07,油价上涨,
2024-11-07,油价调整,
2024-11-07,汽油涨价,
2024-11-07,柴油涨价,
2024-11-07,通胀,
2024-11-07,物流成本,
2024-11-08,油价上涨,
2024-11-08,油价调整,
2024-11-08,汽油涨价,
2024-11-08,柴油涨价,
2024-11-08,通胀,
2024-11-08,物流成本,
2024-11-09,油价上涨,
2024-11-09,油价调整,
2024-11-09,汽油涨价,
2024-11-09,柴油涨价,
2024-11-09,通胀,
2024-11-09,物流成本,
2024-11-10,油价上涨,
2024-11-10,油价调整,
2024-11-10,汽油涨价,
2024-11-10,柴油涨价,
2024-11-10,通胀,
2024-11-10,物流成本,
2024-11-11,油价上涨,
2024-11-11,油价调整,
2024-11-11,汽油涨价,
2024-11-11,柴油涨价,
2024-11-11,通胀,
2024-11-11,物流成本,
2024-11-12,油价上涨,
2024-11-12,油价调整,
2024-11-12,汽油涨价,
2024-11-12,柴油涨价,
2024-11-12,通胀,
2024-11-12,物流成本,
2024-11-13,油价上涨,
2024-11-13,油价调整,
2024-11-13,汽油涨价,
2024-11-13,柴油涨价,
2024-11-13,通胀,
2024-11-13,物流成本,
2024-11-14,油价上涨,
2024-11-14,油价调整,
2024-11-14,汽油涨价,
2024-11-14,柴油涨价,
2024-11-14,通胀,
2024-11-14,物流成本,
2024-11-15,油价上涨,
2024-11-15,油价调整,
2024-11-15,汽油涨价,
2024-11-15,柴油涨价,
2024-11-15,通胀,
2024-11-15,物流成本,
2024-11-16,油价上涨,
2024-11-16,油价调整,
2024-11-16,汽油涨价,
2024-11-16,柴油涨价,
2024-11-16,通胀,
2024-11-16,物流成本,
2024-11-17,油价上涨,
2024-11-17,油价调整,
2024-11-17,汽油涨价,
2024-11-17,柴油涨价,
2024-11-17,通胀,
2024-11-17,物流成本,
2024-11-18,油价上涨,
2024-11-18,油价调整,
2024-11-18,汽油涨价,
2024-11-18,柴油涨价,
2024-11-18,通胀,
2024-11-18,物流成本,
2024-11-19,油价上涨,
2024-11-19,油价调整,
2024-11-19,汽油涨价,
2024-11-19,柴油涨价,
2024-11-19,通胀,
2024-11-19,物流成本,
2024-11-20,油价上涨,
2024-11-20,油价调整,
2024-11-20,汽油涨价,
2024-11-20,柴油涨价,
2024-11-20,通胀,
2024-11-20,物流成本,
2024-11-21,油价上涨,
2024-11-21,油价调整,
2024-11-21,汽油涨价,
2024-11-21,柴油涨价,
2024-11-21,通胀,
2024-11-21,物流成本,
2024-11-22,油价上涨,
2024-11-22,油价调整,
2024-11-22,汽油涨价,
2024-11-22,柴油涨价,
2024-11-22,通胀,
2024-11-22,物流成本,
2024-11-23,油价上涨,
2024-11-23,油价调整,
2024-11-23,汽油涨价,
2024-11-23,柴油涨价,
2024-11-23,通胀,
2024-11-23,物流成本,
2024-11-24,油价上涨,
2024-11-24,油价调整,
2024-11-24,汽油涨价,
2024-11-24,柴油涨价,
2024-11-24,通胀,
2024-11-24,物流成本,
2024-11-25,油价上涨,
2024-11-25,油价调整,
2024-11-25,汽油涨价,
2024-11-25,柴油涨价,
2024-11-25,通胀,
2024-11-25,物流成本,
2024-11-26,油价上涨,
2024-11-26,油价调整,
2024-11-26,汽油涨价,
2024-11-26,柴油涨价,
2024-11-26,通胀,
2024-11-26,物流成本,
2024-11-27,油价上涨,
2024-11-27,油价调整,
2024-11-27,汽油涨价,
2024-11-27,柴油涨价,
2024-11-27,通胀,
2024-11-27,物流成本,
2024-11-28,油价上涨,
2024-11-28,油价调整,
2024-11-28,汽油涨价,
2024-11-28,柴油涨价,
2024-11-28,通胀,
2024-11-28,物流成本,
2024-11-29,油价上涨,
2024-11-29,油价调整,
2024-11-29,汽油涨价,
2024-11-29,柴油涨价,
2024-11-29,通胀,
2024-11-29,物流成本,
2024-11-30,油价上涨,
2024-11-30,油价调整,
2024-11-30,汽油涨价,
2024-11-30,柴油涨价,
2024-11-30,通胀,
2024-11-30,物流成本,
2024-12-01,油价上涨,
2024-12-01,油价调整,
2024-12-01,汽油涨价,
2024-12-01,柴油涨价,
2024-12-01,通胀,
2024-12-01,物流成本,
2024-12-02,油价上涨,
2024-12-02,油价调整,
2024-12-02,汽油涨价,
2024-12-02,柴油涨价,
2024-12-02,通胀,
2024-12-02,物流成本,
2024-12-03,油价上涨,
2024-12-03,油价调整,
2024-12-03,汽油涨价,
2024-12-03,柴油涨价,
2024-12-03,通胀,
2024-12-03,物流成本,
2024-12-04,油价上涨,
2024-12-04,油价调整,
2024-12-04,汽油涨价,
2024-12-04,柴油涨价,
2024-12-04,通胀,
2024-12-04,物流成本,
2024-12-05,油价上涨,
2024-12-05,油价调整,
2024-12-05,汽油涨价,
2024-12-05,柴油涨价,
2024-12-05,通胀,
2024-12-05,物流成本,
2024-12-06,油价上涨,
2024-12-06,油价调整,
2024-12-06,汽油涨价,
2024-12-06,柴油涨价,
2024-12-06,通胀,
2024-12-06,物流成本,
2024-12-07,油价上涨,
2024-12-07,油价调整,
2024-12-07,汽油涨价,
2024-12-07,柴油涨价,
2024-12-07,通胀,
2024-12-07,物流成本,
2024-12-08,油价上涨,
2024-12-08,油价调整,
2024-12-08,汽油涨价,
2024-12-08,柴油涨价,
2024-12-08,通胀,
2024-12-08,物流成本,
2024-12-09,油价上涨,
2024-12-09,油价调整,
2024-12-09,汽油涨价,
2024-12-09,柴油涨价,
2024-12-09,通胀,
2024-12-09,物流成本,
2024-12-10,油价上涨,
2024-12-10,油价调整,
2024-12-10,汽油涨价,
2024-12-10,柴油涨价,
2024-12-10,通胀,
2024-12-10,物流成本,
2024-12-11,油价上涨,
2024-12-11,油价调整,
2024-12-11,汽油涨价,
2024-12-11,柴油涨价,
2024-12-11,通胀,
2024-12-11,物流成本,
2024-12-12,油价上涨,
2024-12-12,油价调整,
2024-12-12,汽油涨价,
2024-12-12,柴油涨价,
2024-12-12,通胀,
2024-12-12,物流成本,
2024-12-13,油价上涨,
2024-12-13,油价调整,
2024-12-13,汽油涨价,
2024-12-13,柴油涨价,
2024-12-13,通胀,
2024-12-13,物流成本,
2024-12-14,油价上涨,
2024-12-14,油价调整,
2024-12-14,汽油涨价,
2024-12-14,柴油涨价,
2024-12-14,通胀,
2024-12-14,物流成本,
2024-12-15,油价上涨,
2024-12-15,油价调整,
2024-12-15,汽油涨价,
2024-12-15,柴油涨价,
2024-12-15,通胀,
2024-12-15,物流成本,
2024-12-16,油价上涨,
2024-12-16,油价调整,
2024-12-16,汽油涨价,
2024-12-16,柴油涨价,
2024-12-16,通胀,
2024-12-16,物流成本,
2024-12-17,油价上涨,
2024-12-17,油价调整,
2024-12-17,汽油涨价,
2024-12-17,柴油涨价,
2024-12-17,通胀,
2024-12-17,物流成本,
2024-12-18,油价上涨,
2024-12-18,油价调整,
2024-12-18,汽油涨价,
2024-12-18,柴油涨价,
2024-12-18,通胀,
2024-12-18,物流成本,
2024-12-19,油价上涨,
2024-12-19,油价调整,
2024-12-19,汽油涨价,
2024-12-19,柴油涨价,
2024-12-19,通胀,
2024-12-19,物流成本,
2024-12-20,油价上涨,
2024-12-20,油价调整,
2024-12-20,汽油涨价,
2024-12-20,柴油涨价,
2024-12-20,通胀,
2024-12-20,物流成本,
2024-12-21,油价上涨,
2024-12-21,油价调整,
2024-12-21,汽油涨价,
2024-12-21,柴油涨价,
2024-12-21,通胀,
2024-12-21,物流成本,
2024-12-22,油价上涨,
2024-12-22,油价调整,
2024-12-22,汽油涨价,
2024-12-22,柴油涨价,
2024-12-22,通胀,
2024-12-22,物流成本,
2024-12-23,油价上涨,
2024-12-23,油价调整,
2024-12-23,汽油涨价,
2024-12-23,柴油涨价,
2024-12-23,通胀,
2024-12-23,物流成本,
2024-12-24,油价上涨,
2024-12-24,油价调整,
2024-12-24,汽油涨价,
2024-12-24,柴油涨价,
2024-12-24,通胀,
2024-12-24,物流成本,
2024-12-25,油价上涨,
2024-12-25,油价调整,
2024-12-25,汽油涨价,
2024-12-25,柴油涨价,
2024-12-25,通胀,
2024-12-25,物流成本,
2024-12-26,油价上涨,
2024-12-26,油价调整,
2024-12-26,汽油涨价,
2024-12-26,柴油涨价,
2024-12-26,通胀,
2024-12-26,物流成本,
2024-12-27,油价上涨,
2024-12-27,油价调整,
2024-12-27,汽油涨价,
2024-12-27,柴油涨价,
2024-12-27,通胀,
2024-12-27,物流成本,
2024-12-28,油价上涨,
2024-12-28,油价调整,
2024-12-28,汽油涨价,
2024-12-28,柴油涨价,
2024-12-28,通胀,
2024-12-28,物流成本,
2024-12-29,油价上涨,
2024-12-29,油价调整,
2024-12-29,汽油涨价,
2024-12-29,柴油涨价,
2024-12-29,通胀,
2024-12-29,物流成本,
2024-12-30,油价上涨,
2024-12-30,油价调整,
2024-12-30,汽油涨价,
2024-12-30,柴油涨价,
2024-12-30,通胀,
2024-12-30,物流成本,
2024-12-31,油价上涨,
2024-12-31,油价调整,
2024-12-31,汽油涨价,
2024-12-31,柴油涨价,
2024-12-31,通胀,
2024-12-31,物流成本,
2025-01-01,油价上涨,
2025-01-01,油价调整,
2025-01-01,汽油涨价,
2025-01-01,柴油涨价,
2025-01-01,通胀,
2025-01-01,物流成本,
2025-01-02,油价上涨,
2025-01-02,油价调整,
2025-01-02,汽油涨价,
2025-01-02,柴油涨价,
2025-01-02,通胀,
2025-01-02,物流成本,
2025-01-03,油价上涨,
2025-01-03,油价调整,
2025-01-03,汽油涨价,
2025-01-03,柴油涨价,
2025-01-03,通胀,
2025-01-03,物流成本,
2025-01-04,油价上涨,
2025-01-04,油价调整,
2025-01-04,汽油涨价,
2025-01-04,柴油涨价,
2025-01-04,通胀,
2025-01-04,物流成本,
2025-01-05,油价上涨,
2025-01-05,油价调整,
2025-01-05,汽油涨价,
2025-01-05,柴油涨价,
2025-01-05,通胀,
2025-01-05,物流成本,
2025-01-06,油价上涨,
2025-01-06,油价调整,
2025-01-06,汽油涨价,
2025-01-06,柴油涨价,
2025-01-06,通胀,
2025-01-06,物流成本,
2025-01-07,油价上涨,
2025-01-07,油价调整,
2025-01-07,汽油涨价,
2025-01-07,柴油涨价,
2025-01-07,通胀,
2025-01-07,物流成本,
2025-01-08,油价上涨,
2025-01-08,油价调整,
2025-01-08,汽油涨价,
2025-01-08,柴油涨价,
2025-01-08,通胀,
2025-01-08,物流成本,
2025-01-09,油价上涨,
2025-01-09,油价调整,
2025-01-09,汽油涨价,
2025-01-09,柴油涨价,
2025-01-09,通胀,
2025-01-09,物流成本,
2025-01-10,油价上涨,
2025-01-10,油价调整,
2025-01-10,汽油涨价,
2025-01-10,柴油涨价,
2025-01-10,通胀,
2025-01-10,物流成本,
2025-01-11,油价上涨,
2025-01-11,油价调整,
2025-01-11,汽油涨价,
2025-01-11,柴油涨价,
2025-01-11,通胀,
2025-01-11,物流成本,
2025-01-12,油价上涨,
2025-01-12,油价调整,
2025-01-12,汽油涨价,
2025-01-12,柴油涨价,
2025-01-12,通胀,
2025-01-12,物流成本,
2025-01-13,油价上涨,
2025-01-13,油价调整,
2025-01-13,汽油涨价,
2025-01-13,柴油涨价,
2025-01-13,通胀,
2025-01-13,物流成本,
2025-01-14,油价上涨,
2025-01-14,油价调整,
2025-01-14,汽油涨价,
2025-01-14,柴油涨价,
2025-01-14,通胀,
2025-01-14,物流成本,
2025-01-15,油价上涨,
2025-01-15,油价调整,
2025-01-15,汽油涨价,
2025-01-15,柴油涨价,
2025-01-15,通胀,
2025-01-15,物流成本,
2025-01-16,油价上涨,
2025-01-16,油价调整,
2025-01-16,汽油涨价,
2025-01-16,柴油涨价,
2025-01-16,通胀,
2025-01-16,物流成本,
2025-01-17,油价上涨,
2025-01-17,油价调整,
2025-01-17,汽油涨价,
2025-01-17,柴油涨价,
2025-01-17,通胀,
2025-01-17,物流成本,
2025-01-18,油价上涨,
2025-01-18,油价调整,
2025-01-18,汽油涨价,
2025-01-18,柴油涨价,
2025-01-18,通胀,
2025-01-18,物流成本,
2025-01-19,油价上涨,
2025-01-19,油价调整,
2025-01-19,汽油涨价,
2025-01-19,柴油涨价,
2025-01-19,通胀,
2025-01-19,物流成本,
2025-01-20,油价上涨,
2025-01-20,油价调整,
2025-01-20,汽油涨价,
2025-01-20,柴油涨价,
2025-01-20,通胀,
2025-01-20,物流成本,
2025-01-21,油价上涨,
2025-01-21,油价调整,
2025-01-21,汽油涨价,
2025-01-21,柴油涨价,
2025-01-21,通胀,
2025-01-21,物流成本,
2025-01-22,油价上涨,
2025-01-22,油价调整,
2025-01-22,汽油涨价,
2025-01-22,柴油涨价,
2025-01-22,通胀,
2025-01-22,物流成本,
2025-01-23,油价上涨,
2025-01-23,油价调整,
2025-01-23,汽油涨价,
2025-01-23,柴油涨价,
2025-01-23,通胀,
2025-01-23,物流成本,
2025-01-24,油价上涨,
2025-01-24,油价调整,
2025-01-24,汽油涨价,
2025-01-24,柴油涨价,
2025-01-24,通胀,
2025-01-24,物流成本,
2025-01-25,油价上涨,
2025-01-25,油价调整,
2025-01-25,汽油涨价,
2025-01-25,柴油涨价,
2025-01-25,通胀,
2025-01-25,物流成本,
2025-01-26,油价上涨,
2025-01-26,油价调整,
2025-01-26,汽油涨价,
2025-01-26,柴油涨价,
2025-01-26,通胀,
2025-01-26,物流成本,
2025-01-27,油价上涨,
2025-01-27,油价调整,
2025-01-27,汽油涨价,
2025-01-27,柴油涨价,
2025-01-27,通胀,
2025-01-27,物流成本,
2025-01-28,油价上涨,
2025-01-28,油价调整,
2025-01-28,汽油涨价,
2025-01-28,柴油涨价,
2025-01-28,通胀,
2025-01-28,物流成本,
2025-01-29,油价上涨,
2025-01-29,油价调整,
2025-01-29,汽油涨价,
2025-01-29,柴油涨价,
2025-01-29,通胀,
2025-01-29,物流成本,
2025-01-30,油价上涨,
2025-01-30,油价调整,
2025-01-30,汽油涨价,
2025-01-30,柴油涨价,
2025-01-30,通胀,
2025-01-30,物流成本,
2025-01-31,油价上涨,
2025-01-31,油价调整,
2025-01-31,汽油涨价,
2025-01-31,柴油涨价,
2025-01-31,通胀,
2025-01-31,物流成本,
2025-02-01,油价上涨,
2025-02-01,油价调整,
2025-02-01,汽油涨价,
2025-02-01,柴油涨价,
2025-02-01,通胀,
2025-02-01,物流成本,
2025-02-02,油价上涨,
2025-02-02,油价调整,
2025-02-02,汽油涨价,
2025-02-02,柴油涨价,
2025-02-02,通胀,
2025-02-02,物流成本,
2025-02-03,油价上涨,
2025-02-03,油价调整,
2025-02-03,汽油涨价,
2025-02-03,柴油涨价,
2025-02-03,通胀,
2025-02-03,物流成本,
2025-02-04,油价上涨,
2025-02-04,油价调整,
2025-02-04,汽油涨价,
2025-02-04,柴油涨价,
2025-02-04,通胀,
2025-02-04,物流成本,
2025-02-05,油价上涨,
2025-02-05,油价调整,
2025-02-05,汽油涨价,
2025-02-05,柴油涨价,
2025-02-05,通胀,
2025-02-05,物流成本,
2025-02-06,油价上涨,
2025-02-06,油价调整,
2025-02-06,汽油涨价,
2025-02-06,柴油涨价,
2025-02-06,通胀,
2025-02-06,物流成本,
2025-02-07,油价上涨,
2025-02-07,油价调整,
2025-02-07,汽油涨价,
2025-02-07,柴油涨价,
2025-02-07,通胀,
2025-02-07,物流成本,
2025-02-08,油价上涨,
2025-02-08,油价调整,
2025-02-08,汽油涨价,
2025-02-08,柴油涨价,
2025-02-08,通胀,
2025-02-08,物流成本,
2025-02-09,油价上涨,
2025-02-09,油价调整,
2025-02-09,汽油涨价,
2025-02-09,柴油涨价,
2025-02-09,通胀,
2025-02-09,物流成本,
2025-02-10,油价上涨,
2025-02-10,油价调整,
2025-02-10,汽油涨价,
2025-02-10,柴油涨价,
2025-02-10,通胀,
2025-02-10,物流成本,
2025-02-11,油价上涨,
2025-02-11,油价调整,
2025-02-11,汽油涨价,
2025-02-11,柴油涨价,
2025-02-11,通胀,
2025-02-11,物流成本,
2025-02-12,油价上涨,
2025-02-12,油价调整,
2025-02-12,汽油涨价,
2025-02-12,柴油涨价,
2025-02-12,通胀,
2025-02-12,物流成本,
2025-02-13,油价上涨,
2025-02-13,油价调整,
2025-02-13,汽油涨价,
2025-02-13,柴油涨价,
2025-02-13,通胀,
2025-02-13,物流成本,
2025-02-14,油价上涨,
2025-02-14,油价调整,
2025-02-14,汽油涨价,
2025-02-14,柴油涨价,
2025-02-14,通胀,
2025-02-14,物流成本,
2025-02-15,油价上涨,
2025-02-15,油价调整,
2025-02-15,汽油涨价,
2025-02-15,柴油涨价,
2025-02-15,通胀,
2025-02-15,物流成本,
2025-02-16,油价上涨,
2025-02-16,油价调整,
2025-02-16,汽油涨价,
2025-02-16,柴油涨价,
2025-02-16,通胀,
2025-02-16,物流成本,
2025-02-17,油价上涨,
2025-02-17,油价调整,
2025-02-17,汽油涨价,
2025-02-17,柴油涨价,
2025-02-17,通胀,
2025-02-17,物流成本,
2025-02-18,油价上涨,
2025-02-18,油价调整,
2025-02-18,汽油涨价,
2025-02-18,柴油涨价,
2025-02-18,通胀,
2025-02-18,物流成本,
2025-02-19,油价上涨,
2025-02-19,油价调整,
2025-02-19,汽油涨价,
2025-02-19,柴油涨价,
2025-02-19,通胀,
2025-02-19,物流成本,
2025-02-20,油价上涨,
2025-02-20,油价调整,
2025-02-20,汽油涨价,
2025-02-20,柴油涨价,
2025-02-20,通胀,
2025-02-20,物流成本,
2025-02-21,油价上涨,
2025-02-21,油价调整,
2025-02-21,汽油涨价,
2025-02-21,柴油涨价,
2025-02-21,通胀,
2025-02-21,物流成本,
2025-02-22,油价上涨,
2025-02-22,油价调整,
2025-02-22,汽油涨价,
2025-02-22,柴油涨价,
2025-02-22,通胀,
2025-02-22,物流成本,
2025-02-23,油价上涨,
2025-02-23,油价调整,
2025-02-23,汽油涨价,
2025-02-23,柴油涨价,
2025-02-23,通胀,
2025-02-23,物流成本,
2025-02-24,油价上涨,
2025-02-24,油价调整,
2025-02-24,汽油涨价,
2025-02-24,柴油涨价,
2025-02-24,通胀,
2025-02-24,物流成本,
2025-02-25,油价上涨,
2025-02-25,油价调整,
2025-02-25,汽油涨价,
2025-02-25,柴油涨价,
2025-02-25,通胀,
2025-02-25,物流成本,
2025-02-26,油价上涨,
2025-02-26,油价调整,
2025-02-26,汽油涨价,
2025-02-26,柴油涨价,
2025-02-26,通胀,
2025-02-26,物流成本,
2025-02-27,油价上涨,
2025-02-27,油价调整,
2025-02-27,汽油涨价,
2025-02-27,柴油涨价,
2025-02-27,通胀,
2025-02-27,物流成本,
2025-02-28,油价上涨,
2025-02-28,油价调整,
2025-02-28,汽油涨价,
2025-02-28,柴油涨价,
2025-02-28,通胀,
2025-02-28,物流成本,
2025-03-01,油价上涨,
2025-03-01,油价调整,
2025-03-01,汽油涨价,
2025-03-01,柴油涨价,
2025-03-01,通胀,
2025-03-01,物流成本,
2025-03-02,油价上涨,
2025-03-02,油价调整,
2025-03-02,汽油涨价,
2025-03-02,柴油涨价,
2025-03-02,通胀,
2025-03-02,物流成本,
2025-03-03,油价上涨,
2025-03-03,油价调整,
2025-03-03,汽油涨价,
2025-03-03,柴油涨价,
2025-03-03,通胀,
2025-03-03,物流成本,
2025-03-04,油价上涨,
2025-03-04,油价调整,
2025-03-04,汽油涨价,
2025-03-04,柴油涨价,
2025-03-04,通胀,
2025-03-04,物流成本,
2025-03-05,油价上涨,
2025-03-05,油价调整,
2025-03-05,汽油涨价,
2025-03-05,柴油涨价,
2025-03-05,通胀,
2025-03-05,物流成本,
2025-03-06,油价上涨,
2025-03-06,油价调整,
2025-03-06,汽油涨价,
2025-03-06,柴油涨价,
2025-03-06,通胀,
2025-03-06,物流成本,
2025-03-07,油价上涨,
2025-03-07,油价调整,
2025-03-07,汽油涨价,
2025-03-07,柴油涨价,
2025-03-07,通胀,
2025-03-07,物流成本,
2025-03-08,油价上涨,
2025-03-08,油价调整,
2025-03-08,汽油涨价,
2025-03-08,柴油涨价,
2025-03-08,通胀,
2025-03-08,物流成本,
2025-03-09,油价上涨,
2025-03-09,油价调整,
2025-03-09,汽油涨价,
2025-03-09,柴油涨价,
2025-03-09,通胀,
2025-03-09,物流成本,
2025-03-10,油价上涨,
2025-03-10,油价调整,
2025-03-10,汽油涨价,
2025-03-10,柴油涨价,
2025-03-10,通胀,
2025-03-10,物流成本,
2025-03-11,油价上涨,
2025-03-11,油价调整,
2025-03-11,汽油涨价,
2025-03-11,柴油涨价,
2025-03-11,通胀,
2025-03-11,物流成本,
2025-03-12,油价上涨,
2025-03-12,油价调整,
2025-03-12,汽油涨价,
2025-03-12,柴油涨价,
2025-03-12,通胀,
2025-03-12,物流成本,
2025-03-13,油价上涨,
2025-03-13,油价调整,
2025-03-13,汽油涨价,
2025-03-13,柴油涨价,
2025-03-13,通胀,
2025-03-13,物流成本,
2025-03-14,油价上涨,
2025-03-14,油价调整,
2025-03-14,汽油涨价,
2025-03-14,柴油涨价,
2025-03-14,通胀,
2025-03-14,物流成本,
2025-03-15,油价上涨,
2025-03-15,油价调整,
2025-03-15,汽油涨价,
2025-03-15,柴油涨价,
2025-03-15,通胀,
2025-03-15,物流成本,
2025-03-16,油价上涨,
2025-03-16,油价调整,
2025-03-16,汽油涨价,
2025-03-16,柴油涨价,
2025-03-16,通胀,
2025-03-16,物流成本,
2025-03-17,油价上涨,
2025-03-17,油价调整,
2025-03-17,汽油涨价,
2025-03-17,柴油涨价,
2025-03-17,通胀,
2025-03-17,物流成本,
2025-03-18,油价上涨,
2025-03-18,油价调整,
2025-03-18,汽油涨价,
2025-03-18,柴油涨价,
2025-03-18,通胀,
2025-03-18,物流成本,
2025-03-19,油价上涨,
2025-03-19,油价调整,
2025-03-19,汽油涨价,
2025-03-19,柴油涨价,
2025-03-19,通胀,
2025-03-19,物流成本,
2025-03-20,油价上涨,
2025-03-20,油价调整,
2025-03-20,汽油涨价,
2025-03-20,柴油涨价,
2025-03-20,通胀,
2025-03-20,物流成本,
2025-03-21,油价上涨,
2025-03-21,油价调整,
2025-03-21,汽油涨价,
2025-03-21,柴油涨价,
2025-03-21,通胀,
2025-03-21,物流成本,
2025-03-22,油价上涨,
2025-03-22,油价调整,
2025-03-22,汽油涨价,
2025-03-22,柴油涨价,
2025-03-22,通胀,
2025-03-22,物流成本,
2025-03-23,油价上涨,
2025-03-23,油价调整,
2025-03-23,汽油涨价,
2025-03-23,柴油涨价,
2025-03-23,通胀,
2025-03-23,物流成本,
2025-03-24,油价上涨,
2025-03-24,油价调整,
2025-03-24,汽油涨价,
2025-03-24,柴油涨价,
2025-03-24,通胀,
2025-03-24,物流成本,
2025-03-25,油价上涨,
2025-03-25,油价调整,
2025-03-25,汽油涨价,
2025-03-25,柴油涨价,
2025-03-25,通胀,
2025-03-25,物流成本,
2025-03-26,油价上涨,
2025-03-26,油价调整,
2025-03-26,汽油涨价,
2025-03-26,柴油涨价,
2025-03-26,通胀,
2025-03-26,物流成本,
2025-03-27,油价上涨,
2025-03-27,油价调整,
2025-03-27,汽油涨价,
2025-03-27,柴油涨价,
2025-03-27,通胀,
2025-03-27,物流成本,
2025-03-28,油价上涨,
2025-03-28,油价调整,
2025-03-28,汽油涨价,
2025-03-28,柴油涨价,
2025-03-28,通胀,
2025-03-28,物流成本,
2025-03-29,油价上涨,
2025-03-29,油价调整,
2025-03-29,汽油涨价,
2025-03-29,柴油涨价,
2025-03-29,通胀,
2025-03-29,物流成本,
2025-03-30,油价上涨,
2025-03-30,油价调整,
2025-03-30,汽油涨价,
2025-03-30,柴油涨价,
2025-03-30,通胀,
2025-03-30,物流成本,
2025-03-31,油价上涨,
2025-03-31,油价调整,
2025-03-31,汽油涨价,
2025-03-31,柴油涨价,
2025-03-31,通胀,
2025-03-31,物流成本,
2025-04-01,油价上涨,
2025-04-01,油价调整,
2025-04-01,汽油涨价,
2025-04-01,柴油涨价,
2025-04-01,通胀,
2025-04-01,物流成本,
2025-04-02,油价上涨,
2025-04-02,油价调整,
2025-04-02,汽油涨价,
2025-04-02,柴油涨价,
2025-04-02,通胀,
2025-04-02,物流成本,
2025-04-03,油价上涨,
2025-04-03,油价调整,
2025-04-03,汽油涨价,
2025-04-03,柴油涨价,
2025-04-03,通胀,
2025-04-03,物流成本,
2025-04-04,油价上涨,
2025-04-04,油价调整,
2025-04-04,汽油涨价,
2025-04-04,柴油涨价,
2025-04-04,通胀,
2025-04-04,物流成本,
2025-04-05,油价上涨,
2025-04-05,油价调整,
2025-04-05,汽油涨价,
2025-04-05,柴油涨价,
2025-04-05,通胀,
2025-04-05,物流成本,
2025-04-06,油价上涨,
2025-04-06,油价调整,
2025-04-06,汽油涨价,
2025-04-06,柴油涨价,
2025-04-06,通胀,
2025-04-06,物流成本,
2025-04-07,油价上涨,
2025-04-07,油价调整,
2025-04-07,汽油涨价,
2025-04-07,柴油涨价,
2025-04-07,通胀,
2025-04-07,物流成本,
2025-04-08,油价上涨,
2025-04-08,油价调整,
2025-04-08,汽油涨价,
2025-04-08,柴油涨价,
2025-04-08,通胀,
2025-04-08,物流成本,
2025-04-09,油价上涨,
2025-04-09,油价调整,
2025-04-09,汽油涨价,
2025-04-09,柴油涨价,
2025-04-09,通胀,
2025-04-09,物流成本,
2025-04-10,油价上涨,
2025-04-10,油价调整,
2025-04-10,汽油涨价,
2025-04-10,柴油涨价,
2025-04-10,通胀,
2025-04-10,物流成本,
2025-04-11,油价上涨,
2025-04-11,油价调整,
2025-04-11,汽油涨价,
2025-04-11,柴油涨价,
2025-04-11,通胀,
2025-04-11,物流成本,
2025-04-12,油价上涨,
2025-04-12,油价调整,
2025-04-12,汽油涨价,
2025-04-12,柴油涨价,
2025-04-12,通胀,
2025-04-12,物流成本,
2025-04-13,油价上涨,
2025-04-13,油价调整,
2025-04-13,汽油涨价,
2025-04-13,柴油涨价,
2025-04-13,通胀,
2025-04-13,物流成本,
2025-04-14,油价上涨,
2025-04-14,油价调整,
2025-04-14,汽油涨价,
2025-04-14,柴油涨价,
2025-04-14,通胀,
2025-04-14,物流成本,
2025-04-15,油价上涨,
2025-04-15,油价调整,
2025-04-15,汽油涨价,
2025-04-15,柴油涨价,
2025-04-15,通胀,
2025-04-15,物流成本,
2025-04-16,油价上涨,
2025-04-16,油价调整,
2025-04-16,汽油涨价,
2025-04-16,柴油涨价,
2025-04-16,通胀,
2025-04-16,物流成本,
2025-04-17,油价上涨,
2025-04-17,油价调整,
2025-04-17,汽油涨价,
2025-04-17,柴油涨价,
2025-04-17,通胀,
2025-04-17,物流成本,
2025-04-18,油价上涨,
2025-04-18,油价调整,
2025-04-18,汽油涨价,
2025-04-18,柴油涨价,
2025-04-18,通胀,
2025-04-18,物流成本,
2025-04-19,油价上涨,
2025-04-19,油价调整,
2025-04-19,汽油涨价,
2025-04-19,柴油涨价,
2025-04-19,通胀,
2025-04-19,物流成本,
2025-04-20,油价上涨,
2025-04-20,油价调整,
2025-04-20,汽油涨价,
2025-04-20,柴油涨价,
2025-04-20,通胀,
2025-04-20,物流成本,
2025-04-21,油价上涨,
2025-04-21,油价调整,
2025-04-21,汽油涨价,
2025-04-21,柴油涨价,
2025-04-21,通胀,
2025-04-21,物流成本,
2025-04-22,油价上涨,
2025-04-22,油价调整,
2025-04-22,汽油涨价,
2025-04-22,柴油涨价,
2025-04-22,通胀,
2025-04-22,物流成本,
2025-04-23,油价上涨,
2025-04-23,油价调整,
2025-04-23,汽油涨价,
2025-04-23,柴油涨价,
2025-04-23,通胀,
2025-04-23,物流成本,
2025-04-24,油价上涨,
2025-04-24,油价调整,
2025-04-24,汽油涨价,
2025-04-24,柴油涨价,
2025-04-24,通胀,
2025-04-24,物流成本,
2025-04-25,油价上涨,
2025-04-25,油价调整,
2025-04-25,汽油涨价,
2025-04-25,柴油涨价,
2025-04-25,通胀,
2025-04-25,物流成本,
2025-04-26,油价上涨,
2025-04-26,油价调整,
2025-04-26,汽油涨价,
2025-04-26,柴油涨价,
2025-04-26,通胀,
2025-04-26,物流成本,
2025-04-27,油价上涨,
2025-04-27,油价调整,
2025-04-27,汽油涨价,
2025-04-27,柴油涨价,
2025-04-27,通胀,
2025-04-27,物流成本,
2025-04-28,油价上涨,
2025-04-28,油价调整,
2025-04-28,汽油涨价,
2025-04-28,柴油涨价,
2025-04-28,通胀,
2025-04-28,物流成本,
2025-04-29,油价上涨,
2025-04-29,油价调整,
2025-04-29,汽油涨价,
2025-04-29,柴油涨价,
2025-04-29,通胀,
2025-04-29,物流成本,
2025-04-30,油价上涨,
2025-04-30,油价调整,
2025-04-30,汽油涨价,
2025-04-30,柴油涨价,
2025-04-30,通胀,
2025-04-30,物流成本,
2025-05-01,油价上涨,
2025-05-01,油价调整,
2025-05-01,汽油涨价,
2025-05-01,柴油涨价,
2025-05-01,通胀,
2025-05-01,物流成本,
2025-05-02,油价上涨,
2025-05-02,油价调整,
2025-05-02,汽油涨价,
2025-05-02,柴油涨价,
2025-05-02,通胀,
2025-05-02,物流成本,
2025-05-03,油价上涨,
2025-05-03,油价调整,
2025-05-03,汽油涨价,
2025-05-03,柴油涨价,
2025-05-03,通胀,
2025-05-03,物流成本,
2025-05-04,油价上涨,
2025-05-04,油价调整,
2025-05-04,汽油涨价,
2025-05-04,柴油涨价,
2025-05-04,通胀,
2025-05-04,物流成本,
2025-05-05,油价上涨,
2025-05-05,油价调整,
2025-05-05,汽油涨价,
2025-05-05,柴油涨价,
2025-05-05,通胀,
2025-05-05,物流成本,
2025-05-06,油价上涨,
2025-05-06,油价调整,
2025-05-06,汽油涨价,
2025-05-06,柴油涨价,
2025-05-06,通胀,
2025-05-06,物流成本,
2025-05-07,油价上涨,
2025-05-07,油价调整,
2025-05-07,汽油涨价,
2025-05-07,柴油涨价,
2025-05-07,通胀,
2025-05-07,物流成本,
2025-05-08,油价上涨,
2025-05-08,油价调整,
2025-05-08,汽油涨价,
2025-05-08,柴油涨价,
2025-05-08,通胀,
2025-05-08,物流成本,
2025-05-09,油价上涨,
2025-05-09,油价调整,
2025-05-09,汽油涨价,
2025-05-09,柴油涨价,
2025-05-09,通胀,
2025-05-09,物流成本,
2025-05-10,油价上涨,
2025-05-10,油价调整,
2025-05-10,汽油涨价,
2025-05-10,柴油涨价,
2025-05-10,通胀,
2025-05-10,物流成本,
2025-05-11,油价上涨,
2025-05-11,油价调整,
2025-05-11,汽油涨价,
2025-05-11,柴油涨价,
2025-05-11,通胀,
2025-05-11,物流成本,
2025-05-12,油价上涨,
2025-05-12,油价调整,
2025-05-12,汽油涨价,
2025-05-12,柴油涨价,
2025-05-12,通胀,
2025-05-12,物流成本,
2025-05-13,油价上涨,
2025-05-13,油价调整,
2025-05-13,汽油涨价,
2025-05-13,柴油涨价,
2025-05-13,通胀,
2025-05-13,物流成本,
2025-05-14,油价上涨,
2025-05-14,油价调整,
2025-05-14,汽油涨价,
2025-05-14,柴油涨价,
2025-05-14,通胀,
2025-05-14,物流成本,
2025-05-15,油价上涨,
2025-05-15,油价调整,
2025-05-15,汽油涨价,
2025-05-15,柴油涨价,
2025-05-15,通胀,
2025-05-15,物流成本,
2025-05-16,油价上涨,
2025-05-16,油价调整,
2025-05-16,汽油涨价,
2025-05-16,柴油涨价,
2025-05-16,通胀,
2025-05-16,物流成本,
2025-05-17,油价上涨,
2025-05-17,油价调整,
2025-05-17,汽油涨价,
2025-05-17,柴油涨价,
2025-05-17,通胀,
2025-05-17,物流成本,
2025-05-18,油价上涨,
2025-05-18,油价调整,
2025-05-18,汽油涨价,
2025-05-18,柴油涨价,
2025-05-18,通胀,
2025-05-18,物流成本,
2025-05-19,油价上涨,
2025-05-19,油价调整,
2025-05-19,汽油涨价,
2025-05-19,柴油涨价,
2025-05-19,通胀,
2025-05-19,物流成本,
2025-05-20,油价上涨,
2025-05-20,油价调整,
2025-05-20,汽油涨价,
2025-05-20,柴油涨价,
2025-05-20,通胀,
2025-05-20,物流成本,
2025-05-21,油价上涨,
2025-05-21,油价调整,
2025-05-21,汽油涨价,
2025-05-21,柴油涨价,
2025-05-21,通胀,
2025-05-21,物流成本,
2025-05-22,油价上涨,
2025-05-22,油价调整,
2025-05-22,汽油涨价,
2025-05-22,柴油涨价,
2025-05-22,通胀,
2025-05-22,物流成本,
2025-05-23,油价上涨,
2025-05-23,油价调整,
2025-05-23,汽油涨价,
2025-05-23,柴油涨价,
2025-05-23,通胀,
2025-05-23,物流成本,
2025-05-24,油价上涨,
2025-05-24,油价调整,
2025-05-24,汽油涨价,
2025-05-24,柴油涨价,
2025-05-24,通胀,
2025-05-24,物流成本,
2025-05-25,油价上涨,
2025-05-25,油价调整,
2025-05-25,汽油涨价,
2025-05-25,柴油涨价,
2025-05-25,通胀,
2025-05-25,物流成本,
2025-05-26,油价上涨,
2025-05-26,油价调整,
2025-05-26,汽油涨价,
2025-05-26,柴油涨价,
2025-05-26,通胀,
2025-05-26,物流成本,
2025-05-27,油价上涨,
2025-05-27,油价调整,
2025-05-27,汽油涨价,
2025-05-27,柴油涨价,
2025-05-27,通胀,
2025-05-27,物流成本,
2025-05-28,油价上涨,
2025-05-28,油价调整,
2025-05-28,汽油涨价,
2025-05-28,柴油涨价,
2025-05-28,通胀,
2025-05-28,物流成本,
2025-05-29,油价上涨,
2025-05-29,油价调整,
2025-05-29,汽油涨价,
2025-05-29,柴油涨价,
2025-05-29,通胀,
2025-05-29,物流成本,
2025-05-30,油价上涨,
2025-05-30,油价调整,
2025-05-30,汽油涨价,
2025-05-30,柴油涨价,
2025-05-30,通胀,
2025-05-30,物流成本,
2025-05-31,油价上涨,
2025-05-31,油价调整,
2025-05-31,汽油涨价,
2025-05-31,柴油涨价,
2025-05-31,通胀,
2025-05-31,物流成本,
2025-06-01,油价上涨,
2025-06-01,油价调整,
2025-06-01,汽油涨价,
2025-06-01,柴油涨价,
2025-06-01,通胀,
2025-06-01,物流成本,
2025-06-02,油价上涨,
2025-06-02,油价调整,
2025-06-02,汽油涨价,
2025-06-02,柴油涨价,
2025-06-02,通胀,
2025-06-02,物流成本,
2025-06-03,油价上涨,
2025-06-03,油价调整,
2025-06-03,汽油涨价,
2025-06-03,柴油涨价,
2025-06-03,通胀,
2025-06-03,物流成本,
2025-06-04,油价上涨,
2025-06-04,油价调整,
2025-06-04,汽油涨价,
2025-06-04,柴油涨价,
2025-06-04,通胀,
2025-06-04,物流成本,
2025-06-05,油价上涨,
2025-06-05,油价调整,
2025-06-05,汽油涨价,
2025-06-05,柴油涨价,
2025-06-05,通胀,
2025-06-05,物流成本,
2025-06-06,油价上涨,
2025-06-06,油价调整,
2025-06-06,汽油涨价,
2025-06-06,柴油涨价,
2025-06-06,通胀,
2025-06-06,物流成本,
2025-06-07,油价上涨,
2025-06-07,油价调整,
2025-06-07,汽油涨价,
2025-06-07,柴油涨价,
2025-06-07,通胀,
2025-06-07,物流成本,
2025-06-08,油价上涨,
2025-06-08,油价调整,
2025-06-08,汽油涨价,
2025-06-08,柴油涨价,
2025-06-08,通胀,
2025-06-08,物流成本,
2025-06-09,油价上涨,
2025-06-09,油价调整,
2025-06-09,汽油涨价,
2025-06-09,柴油涨价,
2025-06-09,通胀,
2025-06-09,物流成本,
2025-06-10,油价上涨,
2025-06-10,油价调整,
2025-06-10,汽油涨价,
2025-06-10,柴油涨价,
2025-06-10,通胀,
2025-06-10,物流成本,
2025-06-11,油价上涨,
2025-06-11,油价调整,
2025-06-11,汽油涨价,
2025-06-11,柴油涨价,
2025-06-11,通胀,
2025-06-11,物流成本,
2025-06-12,油价上涨,
2025-06-12,油价调整,
2025-06-12,汽油涨价,
2025-06-12,柴油涨价,
2025-06-12,通胀,
2025-06-12,物流成本,
2025-06-13,油价上涨,
2025-06-13,油价调整,
2025-06-13,汽油涨价,
2025-06-13,柴油涨价,
2025-06-13,通胀,
2025-06-13,物流成本,
2025-06-14,油价上涨,
2025-06-14,油价调整,
2025-06-14,汽油涨价,
2025-06-14,柴油涨价,
2025-06-14,通胀,
2025-06-14,物流成本,
2025-06-15,油价上涨,
2025-06-15,油价调整,
2025-06-15,汽油涨价,
2025-06-15,柴油涨价,
2025-06-15,通胀,
2025-06-15,物流成本,
2025-06-16,油价上涨,
2025-06-16,油价调整,
2025-06-16,汽油涨价,
2025-06-16,柴油涨价,
2025-06-16,通胀,
2025-06-16,物流成本,
2025-06-17,油价上涨,
2025-06-17,油价调整,
2025-06-17,汽油涨价,
2025-06-17,柴油涨价,
2025-06-17,通胀,
2025-06-17,物流成本,
2025-06-18,油价上涨,
2025-06-18,油价调整,
2025-06-18,汽油涨价,
2025-06-18,柴油涨价,
2025-06-18,通胀,
2025-06-18,物流成本,
2025-06-19,油价上涨,
2025-06-19,油价调整,
2025-06-19,汽油涨价,
2025-06-19,柴油涨价,
2025-06-19,通胀,
2025-06-19,物流成本,
2025-06-20,油价上涨,
2025-06-20,油价调整,
2025-06-20,汽油涨价,
2025-06-20,柴油涨价,
2025-06-20,通胀,
2025-06-20,物流成本,
2025-06-21,油价上涨,
2025-06-21,油价调整,
2025-06-21,汽油涨价,
2025-06-21,柴油涨价,
2025-06-21,通胀,
2025-06-21,物流成本,
2025-06-22,油价上涨,
2025-06-22,油价调整,
2025-06-22,汽油涨价,
2025-06-22,柴油涨价,
2025-06-22,通胀,
2025-06-22,物流成本,
2025-06-23,油价上涨,
2025-06-23,油价调整,
2025-06-23,汽油涨价,
2025-06-23,柴油涨价,
2025-06-23,通胀,
2025-06-23,物流成本,
2025-06-24,油价上涨,
2025-06-24,油价调整,
2025-06-24,汽油涨价,
2025-06-24,柴油涨价,
2025-06-24,通胀,
2025-06-24,物流成本,
2025-06-25,油价上涨,
2025-06-25,油价调整,
2025-06-25,汽油涨价,
2025-06-25,柴油涨价,
2025-06-25,通胀,
2025-06-25,物流成本,
2025-06-26,油价上涨,
2025-06-26,油价调整,
2025-06-26,汽油涨价,
2025-06-26,柴油涨价,
2025-06-26,通胀,
2025-06-26,物流成本,
2025-06-27,油价上涨,
2025-06-27,油价调整,
2025-06-27,汽油涨价,
2025-06-27,柴油涨价,
2025-06-27,通胀,
2025-06-27,物流成本,
2025-06-28,油价上涨,
2025-06-28,油价调整,
2025-06-28,汽油涨价,
2025-06-28,柴油涨价,
2025-06-28,通胀,
2025-06-28,物流成本,
2025-06-29,油价上涨,
2025-06-29,油价调整,
2025-06-29,汽油涨价,
2025-06-29,柴油涨价,
2025-06-29,通胀,
2025-06-29,物流成本,
2025-06-30,油价上涨,
2025-06-30,油价调整,
2025-06-30,汽油涨价,
2025-06-30,柴油涨价,
2025-06-30,通胀,
2025-06-30,物流成本,
2025-07-01,油价上涨,
2025-07-01,油价调整,
2025-07-01,汽油涨价,
2025-07-01,柴油涨价,
2025-07-01,通胀,
2025-07-01,物流成本,
2025-07-02,油价上涨,
2025-07-02,油价调整,
2025-07-02,汽油涨价,
2025-07-02,柴油涨价,
2025-07-02,通胀,
2025-07-02,物流成本,
2025-07-03,油价上涨,
2025-07-03,油价调整,
2025-07-03,汽油涨价,
2025-07-03,柴油涨价,
2025-07-03,通胀,
2025-07-03,物流成本,
2025-07-04,油价上涨,
2025-07-04,油价调整,
2025-07-04,汽油涨价,
2025-07-04,柴油涨价,
2025-07-04,通胀,
2025-07-04,物流成本,
2025-07-05,油价上涨,
2025-07-05,油价调整,
2025-07-05,汽油涨价,
2025-07-05,柴油涨价,
2025-07-05,通胀,
2025-07-05,物流成本,
2025-07-06,油价上涨,
2025-07-06,油价调整,
2025-07-06,汽油涨价,
2025-07-06,柴油涨价,
2025-07-06,通胀,
2025-07-06,物流成本,
2025-07-07,油价上涨,
2025-07-07,油价调整,
2025-07-07,汽油涨价,
2025-07-07,柴油涨价,
2025-07-07,通胀,
2025-07-07,物流成本,
2025-07-08,油价上涨,
2025-07-08,油价调整,
2025-07-08,汽油涨价,
2025-07-08,柴油涨价,
2025-07-08,通胀,
2025-07-08,物流成本,
2025-07-09,油价上涨,
2025-07-09,油价调整,
2025-07-09,汽油涨价,
2025-07-09,柴油涨价,
2025-07-09,通胀,
2025-07-09,物流成本,
2025-07-10,油价上涨,
2025-07-10,油价调整,
2025-07-10,汽油涨价,
2025-07-10,柴油涨价,
2025-07-10,通胀,
2025-07-10,物流成本,
2025-07-11,油价上涨,
2025-07-11,油价调整,
2025-07-11,汽油涨价,
2025-07-11,柴油涨价,
2025-07-11,通胀,
2025-07-11,物流成本,
2025-07-12,油价上涨,
2025-07-12,油价调整,
2025-07-12,汽油涨价,
2025-07-12,柴油涨价,
2025-07-12,通胀,
2025-07-12,物流成本,
2025-07-13,油价上涨,
2025-07-13,油价调整,
2025-07-13,汽油涨价,
2025-07-13,柴油涨价,
2025-07-13,通胀,
2025-07-13,物流成本,
2025-07-14,油价上涨,
2025-07-14,油价调整,
2025-07-14,汽油涨价,
2025-07-14,柴油涨价,
2025-07-14,通胀,
2025-07-14,物流成本,
2025-07-15,油价上涨,
2025-07-15,油价调整,
2025-07-15,汽油涨价,
2025-07-15,柴油涨价,
2025-07-15,通胀,
2025-07-15,物流成本,
2025-07-16,油价上涨,
2025-07-16,油价调整,
2025-07-16,汽油涨价,
2025-07-16,柴油涨价,
2025-07-16,通胀,
2025-07-16,物流成本,
2025-07-17,油价上涨,
2025-07-17,油价调整,
2025-07-17,汽油涨价,
2025-07-17,柴油涨价,
2025-07-17,通胀,
2025-07-17,物流成本,
2025-07-18,油价上涨,
2025-07-18,油价调整,
2025-07-18,汽油涨价,
2025-07-18,柴油涨价,
2025-07-18,通胀,
2025-07-18,物流成本,
2025-07-19,油价上涨,
2025-07-19,油价调整,
2025-07-19,汽油涨价,
2025-07-19,柴油涨价,
2025-07-19,通胀,
2025-07-19,物流成本,
2025-07-20,油价上涨,
2025-07-20,油价调整,
2025-07-20,汽油涨价,
2025-07-20,柴油涨价,
2025-07-20,通胀,
2025-07-20,物流成本,
2025-07-21,油价上涨,
2025-07-21,油价调整,
2025-07-21,汽油涨价,
2025-07-21,柴油涨价,
2025-07-21,通胀,
2025-07-21,物流成本,
2025-07-22,油价上涨,
2025-07-22,油价调整,
2025-07-22,汽油涨价,
2025-07-22,柴油涨价,
2025-07-22,通胀,
2025-07-22,物流成本,
2025-07-23,油价上涨,
2025-07-23,油价调整,
2025-07-23,汽油涨价,
2025-07-23,柴油涨价,
2025-07-23,通胀,
2025-07-23,物流成本,
2025-07-24,油价上涨,
2025-07-24,油价调整,
2025-07-24,汽油涨价,
2025-07-24,柴油涨价,
2025-07-24,通胀,
2025-07-24,物流成本,
2025-07-25,油价上涨,
2025-07-25,油价调整,
2025-07-25,汽油涨价,
2025-07-25,柴油涨价,
2025-07-25,通胀,
2025-07-25,物流成本,
2025-07-26,油价上涨,
2025-07-26,油价调整,
2025-07-26,汽油涨价,
2025-07-26,柴油涨价,
2025-07-26,通胀,
2025-07-26,物流成本,
2025-07-27,油价上涨,
2025-07-27,油价调整,
2025-07-27,汽油涨价,
2025-07-27,柴油涨价,
2025-07-27,通胀,
2025-07-27,物流成本,
2025-07-28,油价上涨,
2025-07-28,油价调整,
2025-07-28,汽油涨价,
2025-07-28,柴油涨价,
2025-07-28,通胀,
2025-07-28,物流成本,
2025-07-29,油价上涨,
2025-07-29,油价调整,
2025-07-29,汽油涨价,
2025-07-29,柴油涨价,
2025-07-29,通胀,
2025-07-29,物流成本,
2025-07-30,油价上涨,
2025-07-30,油价调整,
2025-07-30,汽油涨价,
2025-07-30,柴油涨价,
2025-07-30,通胀,
2025-07-30,物流成本,
2025-07-31,油价上涨,
2025-07-31,油价调整,
2025-07-31,汽油涨价,
2025-07-31,柴油涨价,
2025-07-31,通胀,
2025-07-31,物流成本,
2025-08-01,油价上涨,
2025-08-01,油价调整,
2025-08-01,汽油涨价,
2025-08-01,柴油涨价,
2025-08-01,通胀,
2025-08-01,物流成本,
2025-08-02,油价上涨,
2025-08-02,油价调整,
2025-08-02,汽油涨价,
2025-08-02,柴油涨价,
2025-08-02,通胀,
2025-08-02,物流成本,
2025-08-03,油价上涨,
2025-08-03,油价调整,
2025-08-03,汽油涨价,
2025-08-03,柴油涨价,
2025-08-03,通胀,
2025-08-03,物流成本,
2025-08-04,油价上涨,
2025-08-04,油价调整,
2025-08-04,汽油涨价,
2025-08-04,柴油涨价,
2025-08-04,通胀,
2025-08-04,物流成本,
2025-08-05,油价上涨,
2025-08-05,油价调整,
2025-08-05,汽油涨价,
2025-08-05,柴油涨价,
2025-08-05,通胀,
2025-08-05,物流成本,
2025-08-06,油价上涨,
2025-08-06,油价调整,
2025-08-06,汽油涨价,
2025-08-06,柴油涨价,
2025-08-06,通胀,
2025-08-06,物流成本,
2025-08-07,油价上涨,
2025-08-07,油价调整,
2025-08-07,汽油涨价,
2025-08-07,柴油涨价,
2025-08-07,通胀,
2025-08-07,物流成本,
2025-08-08,油价上涨,
2025-08-08,油价调整,
2025-08-08,汽油涨价,
2025-08-08,柴油涨价,
2025-08-08,通胀,
2025-08-08,物流成本,
2025-08-09,油价上涨,
2025-08-09,油价调整,
2025-08-09,汽油涨价,
2025-08-09,柴油涨价,
2025-08-09,通胀,
2025-08-09,物流成本,
2025-08-10,油价上涨,
2025-08-10,油价调整,
2025-08-10,汽油涨价,
2025-08-10,柴油涨价,
2025-08-10,通胀,
2025-08-10,物流成本,
2025-08-11,油价上涨,
2025-08-11,油价调整,
2025-08-11,汽油涨价,
2025-08-11,柴油涨价,
2025-08-11,通胀,
2025-08-11,物流成本,
2025-08-12,油价上涨,
2025-08-12,油价调整,
2025-08-12,汽油涨价,
2025-08-12,柴油涨价,
2025-08-12,通胀,
2025-08-12,物流成本,
2025-08-13,油价上涨,
2025-08-13,油价调整,
2025-08-13,汽油涨价,
2025-08-13,柴油涨价,
2025-08-13,通胀,
2025-08-13,物流成本,
2025-08-14,油价上涨,
2025-08-14,油价调整,
2025-08-14,汽油涨价,
2025-08-14,柴油涨价,
2025-08-14,通胀,
2025-08-14,物流成本,
2025-08-15,油价上涨,
2025-08-15,油价调整,
2025-08-15,汽油涨价,
2025-08-15,柴油涨价,
2025-08-15,通胀,
2025-08-15,物流成本,
2025-08-16,油价上涨,
2025-08-16,油价调整,
2025-08-16,汽油涨价,
2025-08-16,柴油涨价,
2025-08-16,通胀,
2025-08-16,物流成本,
2025-08-17,油价上涨,
2025-08-17,油价调整,
2025-08-17,汽油涨价,
2025-08-17,柴油涨价,
2025-08-17,通胀,
2025-08-17,物流成本,
2025-08-18,油价上涨,
2025-08-18,油价调整,
2025-08-18,汽油涨价,
2025-08-18,柴油涨价,
2025-08-18,通胀,
2025-08-18,物流成本,
2025-08-19,油价上涨,
2025-08-19,油价调整,
2025-08-19,汽油涨价,
2025-08-19,柴油涨价,
2025-08-19,通胀,
2025-08-19,物流成本,
2025-08-20,油价上涨,
2025-08-20,油价调整,
2025-08-20,汽油涨价,
2025-08-20,柴油涨价,
2025-08-20,通胀,
2025-08-20,物流成本,
2025-08-21,油价上涨,
2025-08-21,油价调整,
2025-08-21,汽油涨价,
2025-08-21,柴油涨价,
2025-08-21,通胀,
2025-08-21,物流成本,
2025-08-22,油价上涨,
2025-08-22,油价调整,
2025-08-22,汽油涨价,
2025-08-22,柴油涨价,
2025-08-22,通胀,
2025-08-22,物流成本,
2025-08-23,油价上涨,
2025-08-23,油价调整,
2025-08-23,汽油涨价,
2025-08-23,柴油涨价,
2025-08-23,通胀,
2025-08-23,物流成本,
2025-08-24,油价上涨,
2025-08-24,油价调整,
2025-08-24,汽油涨价,
2025-08-24,柴油涨价,
2025-08-24,通胀,
2025-08-24,物流成本,
2025-08-25,油价上涨,
2025-08-25,油价调整,
2025-08-25,汽油涨价,
2025-08-25,柴油涨价,
2025-08-25,通胀,
2025-08-25,物流成本,
2025-08-26,油价上涨,
2025-08-26,油价调整,
2025-08-26,汽油涨价,
2025-08-26,柴油涨价,
2025-08-26,通胀,
2025-08-26,物流成本,
2025-08-27,油价上涨,
2025-08-27,油价调整,
2025-08-27,汽油涨价,
2025-08-27,柴油涨价,
2025-08-27,通胀,
2025-08-27,物流成本,
2025-08-28,油价上涨,
2025-08-28,油价调整,
2025-08-28,汽油涨价,
2025-08-28,柴油涨价,
2025-08-28,通胀,
2025-08-28,物流成本,
2025-08-29,油价上涨,
2025-08-29,油价调整,
2025-08-29,汽油涨价,
2025-08-29,柴油涨价,
2025-08-29,通胀,
2025-08-29,物流成本,
2025-08-30,油价上涨,
2025-08-30,油价调整,
2025-08-30,汽油涨价,
2025-08-30,柴油涨价,
2025-08-30,通胀,
2025-08-30,物流成本,
2025-08-31,油价上涨,
2025-08-31,油价调整,
2025-08-31,汽油涨价,
2025-08-31,柴油涨价,
2025-08-31,通胀,
2025-08-31,物流成本,
2025-09-01,油价上涨,
2025-09-01,油价调整,
2025-09-01,汽油涨价,
2025-09-01,柴油涨价,
2025-09-01,通胀,
2025-09-01,物流成本,
2025-09-02,油价上涨,
2025-09-02,油价调整,
2025-09-02,汽油涨价,
2025-09-02,柴油涨价,
2025-09-02,通胀,
2025-09-02,物流成本,
2025-09-03,油价上涨,
2025-09-03,油价调整,
2025-09-03,汽油涨价,
2025-09-03,柴油涨价,
2025-09-03,通胀,
2025-09-03,物流成本,
2025-09-04,油价上涨,
2025-09-04,油价调整,
2025-09-04,汽油涨价,
2025-09-04,柴油涨价,
2025-09-04,通胀,
2025-09-04,物流成本,
2025-09-05,油价上涨,
2025-09-05,油价调整,
2025-09-05,汽油涨价,
2025-09-05,柴油涨价,
2025-09-05,通胀,
2025-09-05,物流成本,
2025-09-06,油价上涨,
2025-09-06,油价调整,
2025-09-06,汽油涨价,
2025-09-06,柴油涨价,
2025-09-06,通胀,
2025-09-06,物流成本,
2025-09-07,油价上涨,
2025-09-07,油价调整,
2025-09-07,汽油涨价,
2025-09-07,柴油涨价,
2025-09-07,通胀,
2025-09-07,物流成本,
2025-09-08,油价上涨,
2025-09-08,油价调整,
2025-09-08,汽油涨价,
2025-09-08,柴油涨价,
2025-09-08,通胀,
2025-09-08,物流成本,
2025-09-09,油价上涨,
2025-09-09,油价调整,
2025-09-09,汽油涨价,
2025-09-09,柴油涨价,
2025-09-09,通胀,
2025-09-09,物流成本,
2025-09-10,油价上涨,
2025-09-10,油价调整,
2025-09-10,汽油涨价,
2025-09-10,柴油涨价,
2025-09-10,通胀,
2025-09-10,物流成本,
2025-09-11,油价上涨,
2025-09-11,油价调整,
2025-09-11,汽油涨价,
2025-09-11,柴油涨价,
2025-09-11,通胀,
2025-09-11,物流成本,
2025-09-12,油价上涨,
2025-09-12,油价调整,
2025-09-12,汽油涨价,
2025-09-12,柴油涨价,
2025-09-12,通胀,
2025-09-12,物流成本,
2025-09-13,油价上涨,
2025-09-13,油价调整,
2025-09-13,汽油涨价,
2025-09-13,柴油涨价,
2025-09-13,通胀,
2025-09-13,物流成本,
2025-09-14,油价上涨,
2025-09-14,油价调整,
2025-09-14,汽油涨价,
2025-09-14,柴油涨价,
2025-09-14,通胀,
2025-09-14,物流成本,
2025-09-15,油价上涨,
2025-09-15,油价调整,
2025-09-15,汽油涨价,
2025-09-15,柴油涨价,
2025-09-15,通胀,
2025-09-15,物流成本,
2025-09-16,油价上涨,
2025-09-16,油价调整,
2025-09-16,汽油涨价,
2025-09-16,柴油涨价,
2025-09-16,通胀,
2025-09-16,物流成本,
2025-09-17,油价上涨,
2025-09-17,油价调整,
2025-09-17,汽油涨价,
2025-09-17,柴油涨价,
2025-09-17,通胀,
2025-09-17,物流成本,
2025-09-18,油价上涨,
2025-09-18,油价调整,
2025-09-18,汽油涨价,
2025-09-18,柴油涨价,
2025-09-18,通胀,
2025-09-18,物流成本,
2025-09-19,油价上涨,
2025-09-19,油价调整,
2025-09-19,汽油涨价,
2025-09-19,柴油涨价,
2025-09-19,通胀,
2025-09-19,物流成本,
2025-09-20,油价上涨,
2025-09-20,油价调整,
2025-09-20,汽油涨价,
2025-09-20,柴油涨价,
2025-09-20,通胀,
2025-09-20,物流成本,
2025-09-21,油价上涨,
2025-09-21,油价调整,
2025-09-21,汽油涨价,
2025-09-21,柴油涨价,
2025-09-21,通胀,
2025-09-21,物流成本,
2025-09-22,油价上涨,
2025-09-22,油价调整,
2025-09-22,汽油涨价,
2025-09-22,柴油涨价,
2025-09-22,通胀,
2025-09-22,物流成本,
2025-09-23,油价上涨,
2025-09-23,油价调整,
2025-09-23,汽油涨价,
2025-09-23,柴油涨价,
2025-09-23,通胀,
2025-09-23,物流成本,
2025-09-24,油价上涨,
2025-09-24,油价调整,
2025-09-24,汽油涨价,
2025-09-24,柴油涨价,
2025-09-24,通胀,
2025-09-24,物流成本,
2025-09-25,油价上涨,
2025-09-25,油价调整,
2025-09-25,汽油涨价,
2025-09-25,柴油涨价,
2025-09-25,通胀,
2025-09-25,物流成本,
2025-09-26,油价上涨,
2025-09-26,油价调整,
2025-09-26,汽油涨价,
2025-09-26,柴油涨价,
2025-09-26,通胀,
2025-09-26,物流成本,
2025-09-27,油价上涨,
2025-09-27,油价调整,
2025-09-27,汽油涨价,
2025-09-27,柴油涨价,
2025-09-27,通胀,
2025-09-27,物流成本,
2025-09-28,油价上涨,
2025-09-28,油价调整,
2025-09-28,汽油涨价,
2025-09-28,柴油涨价,
2025-09-28,通胀,
2025-09-28,物流成本,
2025-09-29,油价上涨,
2025-09-29,油价调整,
2025-09-29,汽油涨价,
2025-09-29,柴油涨价,
2025-09-29,通胀,
2025-09-29,物流成本,
2025-09-30,油价上涨,
2025-09-30,油价调整,
2025-09-30,汽油涨价,
2025-09-30,柴油涨价,
2025-09-30,通胀,
2025-09-30,物流成本,
2025-10-01,油价上涨,
2025-10-01,油价调整,
2025-10-01,汽油涨价,
2025-10-01,柴油涨价,
2025-10-01,通胀,
2025-10-01,物流成本,
2025-10-02,油价上涨,
2025-10-02,油价调整,
2025-10-02,汽油涨价,
2025-10-02,柴油涨价,
2025-10-02,通胀,
2025-10-02,物流成本,
2025-10-03,油价上涨,
2025-10-03,油价调整,
2025-10-03,汽油涨价,
2025-10-03,柴油涨价,
2025-10-03,通胀,
2025-10-03,物流成本,
2025-10-04,油价上涨,
2025-10-04,油价调整,
2025-10-04,汽油涨价,
2025-10-04,柴油涨价,
2025-10-04,通胀,
2025-10-04,物流成本,
2025-10-05,油价上涨,
2025-10-05,油价调整,
2025-10-05,汽油涨价,
2025-10-05,柴油涨价,
2025-10-05,通胀,
2025-10-05,物流成本,
2025-10-06,油价上涨,
2025-10-06,油价调整,
2025-10-06,汽油涨价,
2025-10-06,柴油涨价,
2025-10-06,通胀,
2025-10-06,物流成本,
2025-10-07,油价上涨,
2025-10-07,油价调整,
2025-10-07,汽油涨价,
2025-10-07,柴油涨价,
2025-10-07,通胀,
2025-10-07,物流成本,
2025-10-08,油价上涨,
2025-10-08,油价调整,
2025-10-08,汽油涨价,
2025-10-08,柴油涨价,
2025-10-08,通胀,
2025-10-08,物流成本,
2025-10-09,油价上涨,
2025-10-09,油价调整,
2025-10-09,汽油涨价,
2025-10-09,柴油涨价,
2025-10-09,通胀,
2025-10-09,物流成本,
2025-10-10,油价上涨,
2025-10-10,油价调整,
2025-10-10,汽油涨价,
2025-10-10,柴油涨价,
2025-10-10,通胀,
2025-10-10,物流成本,
2025-10-11,油价上涨,
2025-10-11,油价调整,
2025-10-11,汽油涨价,
2025-10-11,柴油涨价,
2025-10-11,通胀,
2025-10-11,物流成本,
2025-10-12,油价上涨,
2025-10-12,油价调整,
2025-10-12,汽油涨价,
2025-10-12,柴油涨价,
2025-10-12,通胀,
2025-10-12,物流成本,
2025-10-13,油价上涨,
2025-10-13,油价调整,
2025-10-13,汽油涨价,
2025-10-13,柴油涨价,
2025-10-13,通胀,
2025-10-13,物流成本,
2025-10-14,油价上涨,
2025-10-14,油价调整,
2025-10-14,汽油涨价,
2025-10-14,柴油涨价,
2025-10-14,通胀,
2025-10-14,物流成本,
2025-10-15,油价上涨,
2025-10-15,油价调整,
2025-10-15,汽油涨价,
2025-10-15,柴油涨价,
2025-10-15,通胀,
2025-10-15,物流成本,
2025-10-16,油价上涨,
2025-10-16,油价调整,
2025-10-16,汽油涨价,
2025-10-16,柴油涨价,
2025-10-16,通胀,
2025-10-16,物流成本,
2025-10-17,油价上涨,
2025-10-17,油价调整,
2025-10-17,汽油涨价,
2025-10-17,柴油涨价,
2025-10-17,通胀,
2025-10-17,物流成本,
2025-10-18,油价上涨,
2025-10-18,油价调整,
2025-10-18,汽油涨价,
2025-10-18,柴油涨价,
2025-10-18,通胀,
2025-10-18,物流成本,
2025-10-19,油价上涨,
2025-10-19,油价调整,
2025-10-19,汽油涨价,
2025-10-19,柴油涨价,
2025-10-19,通胀,
2025-10-19,物流成本,
2025-10-20,油价上涨,
2025-10-20,油价调整,
2025-10-20,汽油涨价,
2025-10-20,柴油涨价,
2025-10-20,通胀,
2025-10-20,物流成本,
2025-10-21,油价上涨,
2025-10-21,油价调整,
2025-10-21,汽油涨价,
2025-10-21,柴油涨价,
2025-10-21,通胀,
2025-10-21,物流成本,
2025-10-22,油价上涨,
2025-10-22,油价调整,
2025-10-22,汽油涨价,
2025-10-22,柴油涨价,
2025-10-22,通胀,
2025-10-22,物流成本,
2025-10-23,油价上涨,
2025-10-23,油价调整,
2025-10-23,汽油涨价,
2025-10-23,柴油涨价,
2025-10-23,通胀,
2025-10-23,物流成本,
2025-10-24,油价上涨,
2025-10-24,油价调整,
2025-10-24,汽油涨价,
2025-10-24,柴油涨价,
2025-10-24,通胀,
2025-10-24,物流成本,
2025-10-25,油价上涨,
2025-10-25,油价调整,
2025-10-25,汽油涨价,
2025-10-25,柴油涨价,
2025-10-25,通胀,
2025-10-25,物流成本,
2025-10-26,油价上涨,
2025-10-26,油价调整,
2025-10-26,汽油涨价,
2025-10-26,柴油涨价,
2025-10-26,通胀,
2025-10-26,物流成本,
2025-10-27,油价上涨,
2025-10-27,油价调整,
2025-10-27,汽油涨价,
2025-10-27,柴油涨价,
2025-10-27,通胀,
2025-10-27,物流成本,
2025-10-28,油价上涨,
2025-10-28,油价调整,
2025-10-28,汽油涨价,
2025-10-28,柴油涨价,
2025-10-28,通胀,
2025-10-28,物流成本,
2025-10-29,油价上涨,
2025-10-29,油价调整,
2025-10-29,汽油涨价,
2025-10-29,柴油涨价,
2025-10-29,通胀,
2025-10-29,物流成本,
2025-10-30,油价上涨,
2025-10-30,油价调整,
2025-10-30,汽油涨价,
2025-10-30,柴油涨价,
2025-10-30,通胀,
2025-10-30,物流成本,
2025-10-31,油价上涨,
2025-10-31,油价调整,
2025-10-31,汽油涨价,
2025-10-31,柴油涨价,
2025-10-31,通胀,
2025-10-31,物流成本,
2025-11-01,油价上涨,
2025-11-01,油价调整,
2025-11-01,汽油涨价,
2025-11-01,柴油涨价,
2025-11-01,通胀,
2025-11-01,物流成本,
2025-11-02,油价上涨,
2025-11-02,油价调整,
2025-11-02,汽油涨价,
2025-11-02,柴油涨价,
2025-11-02,通胀,
2025-11-02,物流成本,
2025-11-03,油价上涨,
2025-11-03,油价调整,
2025-11-03,汽油涨价,
2025-11-03,柴油涨价,
2025-11-03,通胀,
2025-11-03,物流成本,
2025-11-04,油价上涨,
2025-11-04,油价调整,
2025-11-04,汽油涨价,
2025-11-04,柴油涨价,
2025-11-04,通胀,
2025-11-04,物流成本,
2025-11-05,油价上涨,
2025-11-05,油价调整,
2025-11-05,汽油涨价,
2025-11-05,柴油涨价,
2025-11-05,通胀,
2025-11-05,物流成本,
2025-11-06,油价上涨,
2025-11-06,油价调整,
2025-11-06,汽油涨价,
2025-11-06,柴油涨价,
2025-11-06,通胀,
2025-11-06,物流成本,
2025-11-07,油价上涨,
2025-11-07,油价调整,
2025-11-07,汽油涨价,
2025-11-07,柴油涨价,
2025-11-07,通胀,
2025-11-07,物流成本,
2025-11-08,油价上涨,
2025-11-08,油价调整,
2025-11-08,汽油涨价,
2025-11-08,柴油涨价,
2025-11-08,通胀,
2025-11-08,物流成本,
2025-11-09,油价上涨,
2025-11-09,油价调整,
2025-11-09,汽油涨价,
2025-11-09,柴油涨价,
2025-11-09,通胀,
2025-11-09,物流成本,
2025-11-10,油价上涨,
2025-11-10,油价调整,
2025-11-10,汽油涨价,
2025-11-10,柴油涨价,
2025-11-10,通胀,
2025-11-10,物流成本,
2025-11-11,油价上涨,
2025-11-11,油价调整,
2025-11-11,汽油涨价,
2025-11-11,柴油涨价,
2025-11-11,通胀,
2025-11-11,物流成本,
2025-11-12,油价上涨,
2025-11-12,油价调整,
2025-11-12,汽油涨价,
2025-11-12,柴油涨价,
2025-11-12,通胀,
2025-11-12,物流成本,
2025-11-13,油价上涨,
2025-11-13,油价调整,
2025-11-13,汽油涨价,
2025-11-13,柴油涨价,
2025-11-13,通胀,
2025-11-13,物流成本,
2025-11-14,油价上涨,
2025-11-14,油价调整,
2025-11-14,汽油涨价,
2025-11-14,柴油涨价,
2025-11-14,通胀,
2025-11-14,物流成本,
2025-11-15,油价上涨,
2025-11-15,油价调整,
2025-11-15,汽油涨价,
2025-11-15,柴油涨价,
2025-11-15,通胀,
2025-11-15,物流成本,
2025-11-16,油价上涨,
2025-11-16,油价调整,
2025-11-16,汽油涨价,
2025-11-16,柴油涨价,
2025-11-16,通胀,
2025-11-16,物流成本,
2025-11-17,油价上涨,
2025-11-17,油价调整,
2025-11-17,汽油涨价,
2025-11-17,柴油涨价,
2025-11-17,通胀,
2025-11-17,物流成本,
2025-11-18,油价上涨,
2025-11-18,油价调整,
2025-11-18,汽油涨价,
2025-11-18,柴油涨价,
2025-11-18,通胀,
2025-11-18,物流成本,
2025-11-19,油价上涨,
2025-11-19,油价调整,
2025-11-19,汽油涨价,
2025-11-19,柴油涨价,
2025-11-19,通胀,
2025-11-19,物流成本,
2025-11-20,油价上涨,
2025-11-20,油价调整,
2025-11-20,汽油涨价,
2025-11-20,柴油涨价,
2025-11-20,通胀,
2025-11-20,物流成本,
2025-11-21,油价上涨,
2025-11-21,油价调整,
2025-11-21,汽油涨价,
2025-11-21,柴油涨价,
2025-11-21,通胀,
2025-11-21,物流成本,
2025-11-22,油价上涨,
2025-11-22,油价调整,
2025-11-22,汽油涨价,
2025-11-22,柴油涨价,
2025-11-22,通胀,
2025-11-22,物流成本,
2025-11-23,油价上涨,
2025-11-23,油价调整,
2025-11-23,汽油涨价,
2025-11-23,柴油涨价,
2025-11-23,通胀,
2025-11-23,物流成本,
2025-11-24,油价上涨,
2025-11-24,油价调整,
2025-11-24,汽油涨价,
2025-11-24,柴油涨价,
2025-11-24,通胀,
2025-11-24,物流成本,
2025-11-25,油价上涨,
2025-11-25,油价调整,
2025-11-25,汽油涨价,
2025-11-25,柴油涨价,
2025-11-25,通胀,
2025-11-25,物流成本,
2025-11-26,油价上涨,
2025-11-26,油价调整,
2025-11-26,汽油涨价,
2025-11-26,柴油涨价,
2025-11-26,通胀,
2025-11-26,物流成本,
2025-11-27,油价上涨,
2025-11-27,油价调整,
2025-11-27,汽油涨价,
2025-11-27,柴油涨价,
2025-11-27,通胀,
2025-11-27,物流成本,
2025-11-28,油价上涨,
2025-11-28,油价调整,
2025-11-28,汽油涨价,
2025-11-28,柴油涨价,
2025-11-28,通胀,
2025-11-28,物流成本,
2025-11-29,油价上涨,
2025-11-29,油价调整,
2025-11-29,汽油涨价,
2025-11-29,柴油涨价,
2025-11-29,通胀,
2025-11-29,物流成本,
2025-11-30,油价上涨,
2025-11-30,油价调整,
2025-11-30,汽油涨价,
2025-11-30,柴油涨价,
2025-11-30,通胀,
2025-11-30,物流成本,
2025-12-01,油价上涨,
2025-12-01,油价调整,
2025-12-01,汽油涨价,
2025-12-01,柴油涨价,
2025-12-01,通胀,
2025-12-01,物流成本,
2025-12-02,油价上涨,
2025-12-02,油价调整,
2025-12-02,汽油涨价,
2025-12-02,柴油涨价,
2025-12-02,通胀,
2025-12-02,物流成本,
2025-12-03,油价上涨,
2025-12-03,油价调整,
2025-12-03,汽油涨价,
2025-12-03,柴油涨价,
2025-12-03,通胀,
2025-12-03,物流成本,
2025-12-04,油价上涨,
2025-12-04,油价调整,
2025-12-04,汽油涨价,
2025-12-04,柴油涨价,
2025-12-04,通胀,
2025-12-04,物流成本,
2025-12-05,油价上涨,
2025-12-05,油价调整,
2025-12-05,汽油涨价,
2025-12-05,柴油涨价,
2025-12-05,通胀,
2025-12-05,物流成本,
2025-12-06,油价上涨,
2025-12-06,油价调整,
2025-12-06,汽油涨价,
2025-12-06,柴油涨价,
2025-12-06,通胀,
2025-12-06,物流成本,
2025-12-07,油价上涨,
2025-12-07,油价调整,
2025-12-07,汽油涨价,
2025-12-07,柴油涨价,
2025-12-07,通胀,
2025-12-07,物流成本,
2025-12-08,油价上涨,
2025-12-08,油价调整,
2025-12-08,汽油涨价,
2025-12-08,柴油涨价,
2025-12-08,通胀,
2025-12-08,物流成本,
2025-12-09,油价上涨,
2025-12-09,油价调整,
2025-12-09,汽油涨价,
2025-12-09,柴油涨价,
2025-12-09,通胀,
2025-12-09,物流成本,
2025-12-10,油价上涨,
2025-12-10,油价调整,
2025-12-10,汽油涨价,
2025-12-10,柴油涨价,
2025-12-10,通胀,
2025-12-10,物流成本,
2025-12-11,油价上涨,
2025-12-11,油价调整,
2025-12-11,汽油涨价,
2025-12-11,柴油涨价,
2025-12-11,通胀,
2025-12-11,物流成本,
2025-12-12,油价上涨,
2025-12-12,油价调整,
2025-12-12,汽油涨价,
2025-12-12,柴油涨价,
2025-12-12,通胀,
2025-12-12,物流成本,
2025-12-13,油价上涨,
2025-12-13,油价调整,
2025-12-13,汽油涨价,
2025-12-13,柴油涨价,
2025-12-13,通胀,
2025-12-13,物流成本,
2025-12-14,油价上涨,
2025-12-14,油价调整,
2025-12-14,汽油涨价,
2025-12-14,柴油涨价,
2025-12-14,通胀,
2025-12-14,物流成本,
2025-12-15,油价上涨,
2025-12-15,油价调整,
2025-12-15,汽油涨价,
2025-12-15,柴油涨价,
2025-12-15,通胀,
2025-12-15,物流成本,
2025-12-16,油价上涨,
2025-12-16,油价调整,
2025-12-16,汽油涨价,
2025-12-16,柴油涨价,
2025-12-16,通胀,
2025-12-16,物流成本,
2025-12-17,油价上涨,
2025-12-17,油价调整,
2025-12-17,汽油涨价,
2025-12-17,柴油涨价,
2025-12-17,通胀,
2025-12-17,物流成本,
2025-12-18,油价上涨,
2025-12-18,油价调整,
2025-12-18,汽油涨价,
2025-12-18,柴油涨价,
2025-12-18,通胀,
2025-12-18,物流成本,
2025-12-19,油价上涨,
2025-12-19,油价调整,
2025-12-19,汽油涨价,
2025-12-19,柴油涨价,
2025-12-19,通胀,
2025-12-19,物流成本,
2025-12-20,油价上涨,
2025-12-20,油价调整,
2025-12-20,汽油涨价,
2025-12-20,柴油涨价,
2025-12-20,通胀,
2025-12-20,物流成本,
2025-12-21,油价上涨,
2025-12-21,油价调整,
2025-12-21,汽油涨价,
2025-12-21,柴油涨价,
2025-12-21,通胀,
2025-12-21,物流成本,
2025-12-22,油价上涨,
2025-12-22,油价调整,
2025-12-22,汽油涨价,
2025-12-22,柴油涨价,
2025-12-22,通胀,
2025-12-22,物流成本,
2025-12-23,油价上涨,
2025-12-23,油价调整,
2025-12-23,汽油涨价,
2025-12-23,柴油涨价,
2025-12-23,通胀,
2025-12-23,物流成本,
2025-12-24,油价上涨,
2025-12-24,油价调整,
2025-12-24,汽油涨价,
2025-12-24,柴油涨价,
2025-12-24,通胀,
2025-12-24,物流成本,
2025-12-25,油价上涨,
2025-12-25,油价调整,
2025-12-25,汽油涨价,
2025-12-25,柴油涨价,
2025-12-25,通胀,
2025-12-25,物流成本,
2025-12-26,油价上涨,
2025-12-26,油价调整,
2025-12-26,汽油涨价,
2025-12-26,柴油涨价,
2025-12-26,通胀,
2025-12-26,物流成本,
2025-12-27,油价上涨,
2025-12-27,油价调整,
2025-12-27,汽油涨价,
2025-12-27,柴油涨价,
2025-12-27,通胀,
2025-12-27,物流成本,
2025-12-28,油价上涨,
2025-12-28,油价调整,
2025-12-28,汽油涨价,
2025-12-28,柴油涨价,
2025-12-28,通胀,
2025-12-28,物流成本,
2025-12-29,油价上涨,
2025-12-29,油价调整,
2025-12-29,汽油涨价,
2025-12-29,柴油涨价,
2025-12-29,通胀,
2025-12-29,物流成本,
2025-12-30,油价上涨,
2025-12-30,油价调整,
2025-12-30,汽油涨价,
2025-12-30,柴油涨价,
2025-12-30,通胀,
2025-12-30,物流成本,
2025-12-31,油价上涨,
2025-12-31,油价调整,
2025-12-31,汽油涨价,
2025-12-31,柴油涨价,
2025-12-31,通胀,
2025-12-31,物流成本,
2026-01-01,油价上涨,
2026-01-01,油价调整,
2026-01-01,汽油涨价,
2026-01-01,柴油涨价,
2026-01-01,通胀,
2026-01-01,物流成本,
2026-01-02,油价上涨,
2026-01-02,油价调整,
2026-01-02,汽油涨价,
2026-01-02,柴油涨价,
2026-01-02,通胀,
2026-01-02,物流成本,
2026-01-03,油价上涨,
2026-01-03,油价调整,
2026-01-03,汽油涨价,
2026-01-03,柴油涨价,
2026-01-03,通胀,
2026-01-03,物流成本,
2026-01-04,油价上涨,
2026-01-04,油价调整,
2026-01-04,汽油涨价,
2026-01-04,柴油涨价,
2026-01-04,通胀,
2026-01-04,物流成本,
2026-01-05,油价上涨,
2026-01-05,油价调整,
2026-01-05,汽油涨价,
2026-01-05,柴油涨价,
2026-01-05,通胀,
2026-01-05,物流成本,
2026-01-06,油价上涨,
2026-01-06,油价调整,
2026-01-06,汽油涨价,
2026-01-06,柴油涨价,
2026-01-06,通胀,
2026-01-06,物流成本,
2026-01-07,油价上涨,
2026-01-07,油价调整,
2026-01-07,汽油涨价,
2026-01-07,柴油涨价,
2026-01-07,通胀,
2026-01-07,物流成本,
2026-01-08,油价上涨,
2026-01-08,油价调整,
2026-01-08,汽油涨价,
2026-01-08,柴油涨价,
2026-01-08,通胀,
2026-01-08,物流成本,
2026-01-09,油价上涨,
2026-01-09,油价调整,
2026-01-09,汽油涨价,
2026-01-09,柴油涨价,
2026-01-09,通胀,
2026-01-09,物流成本,
2026-01-10,油价上涨,
2026-01-10,油价调整,
2026-01-10,汽油涨价,
2026-01-10,柴油涨价,
2026-01-10,通胀,
2026-01-10,物流成本,
2026-01-11,油价上涨,
2026-01-11,油价调整,
2026-01-11,汽油涨价,
2026-01-11,柴油涨价,
2026-01-11,通胀,
2026-01-11,物流成本,
2026-01-12,油价上涨,
2026-01-12,油价调整,
2026-01-12,汽油涨价,
2026-01-12,柴油涨价,
2026-01-12,通胀,
2026-01-12,物流成本,
2026-01-13,油价上涨,
2026-01-13,油价调整,
2026-01-13,汽油涨价,
2026-01-13,柴油涨价,
2026-01-13,通胀,
2026-01-13,物流成本,
2026-01-14,油价上涨,
2026-01-14,油价调整,
2026-01-14,汽油涨价,
2026-01-14,柴油涨价,
2026-01-14,通胀,
2026-01-14,物流成本,
2026-01-15,油价上涨,
2026-01-15,油价调整,
2026-01-15,汽油涨价,
2026-01-15,柴油涨价,
2026-01-15,通胀,
2026-01-15,物流成本,
2026-01-16,油价上涨,
2026-01-16,油价调整,
2026-01-16,汽油涨价,
2026-01-16,柴油涨价,
2026-01-16,通胀,
2026-01-16,物流成本,
2026-01-17,油价上涨,
2026-01-17,油价调整,
2026-01-17,汽油涨价,
2026-01-17,柴油涨价,
2026-01-17,通胀,
2026-01-17,物流成本,
2026-01-18,油价上涨,
2026-01-18,油价调整,
2026-01-18,汽油涨价,
2026-01-18,柴油涨价,
2026-01-18,通胀,
2026-01-18,物流成本,
2026-01-19,油价上涨,
2026-01-19,油价调整,
2026-01-19,汽油涨价,
2026-01-19,柴油涨价,
2026-01-19,通胀,
2026-01-19,物流成本,
2026-01-20,油价上涨,
2026-01-20,油价调整,
2026-01-20,汽油涨价,
2026-01-20,柴油涨价,
2026-01-20,通胀,
2026-01-20,物流成本,
2026-01-21,油价上涨,
2026-01-21,油价调整,
2026-01-21,汽油涨价,
2026-01-21,柴油涨价,
2026-01-21,通胀,
2026-01-21,物流成本,
2026-01-22,油价上涨,
2026-01-22,油价调整,
2026-01-22,汽油涨价,
2026-01-22,柴油涨价,
2026-01-22,通胀,
2026-01-22,物流成本,
2026-01-23,油价上涨,
2026-01-23,油价调整,
2026-01-23,汽油涨价,
2026-01-23,柴油涨价,
2026-01-23,通胀,
2026-01-23,物流成本,
2026-01-24,油价上涨,
2026-01-24,油价调整,
2026-01-24,汽油涨价,
2026-01-24,柴油涨价,
2026-01-24,通胀,
2026-01-24,物流成本,
2026-01-25,油价上涨,
2026-01-25,油价调整,
2026-01-25,汽油涨价,
2026-01-25,柴油涨价,
2026-01-25,通胀,
2026-01-25,物流成本,
2026-01-26,油价上涨,
2026-01-26,油价调整,
2026-01-26,汽油涨价,
2026-01-26,柴油涨价,
2026-01-26,通胀,
2026-01-26,物流成本,
2026-01-27,油价上涨,
2026-01-27,油价调整,
2026-01-27,汽油涨价,
2026-01-27,柴油涨价,
2026-01-27,通胀,
2026-01-27,物流成本,
2026-01-28,油价上涨,
2026-01-28,油价调整,
2026-01-28,汽油涨价,
2026-01-28,柴油涨价,
2026-01-28,通胀,
2026-01-28,物流成本,
2026-01-29,油价上涨,
2026-01-29,油价调整,
2026-01-29,汽油涨价,
2026-01-29,柴油涨价,
2026-01-29,通胀,
2026-01-29,物流成本,
2026-01-30,油价上涨,
2026-01-30,油价调整,
2026-01-30,汽油涨价,
2026-01-30,柴油涨价,
2026-01-30,通胀,
2026-01-30,物流成本,
2026-01-31,油价上涨,
2026-01-31,油价调整,
2026-01-31,汽油涨价,
2026-01-31,柴油涨价,
2026-01-31,通胀,
2026-01-31,物流成本,
2026-02-01,油价上涨,
2026-02-01,油价调整,
2026-02-01,汽油涨价,
2026-02-01,柴油涨价,
2026-02-01,通胀,
2026-02-01,物流成本,
2026-02-02,油价上涨,
2026-02-02,油价调整,
2026-02-02,汽油涨价,
2026-02-02,柴油涨价,
2026-02-02,通胀,
2026-02-02,物流成本,
2026-02-03,油价上涨,
2026-02-03,油价调整,
2026-02-03,汽油涨价,
2026-02-03,柴油涨价,
2026-02-03,通胀,
2026-02-03,物流成本,
2026-02-04,油价上涨,
2026-02-04,油价调整,
2026-02-04,汽油涨价,
2026-02-04,柴油涨价,
2026-02-04,通胀,
2026-02-04,物流成本,
2026-02-05,油价上涨,
2026-02-05,油价调整,
2026-02-05,汽油涨价,
2026-02-05,柴油涨价,
2026-02-05,通胀,
2026-02-05,物流成本,
2026-02-06,油价上涨,
2026-02-06,油价调整,
2026-02-06,汽油涨价,
2026-02-06,柴油涨价,
2026-02-06,通胀,
2026-02-06,物流成本,
2026-02-07,油价上涨,
2026-02-07,油价调整,
2026-02-07,汽油涨价,
2026-02-07,柴油涨价,
2026-02-07,通胀,
2026-02-07,物流成本,
2026-02-08,油价上涨,
2026-02-08,油价调整,
2026-02-08,汽油涨价,
2026-02-08,柴油涨价,
2026-02-08,通胀,
2026-02-08,物流成本,
2026-02-09,油价上涨,
2026-02-09,油价调整,
2026-02-09,汽油涨价,
2026-02-09,柴油涨价,
2026-02-09,通胀,
2026-02-09,物流成本,
2026-02-10,油价上涨,
2026-02-10,油价调整,
2026-02-10,汽油涨价,
2026-02-10,柴油涨价,
2026-02-10,通胀,
2026-02-10,物流成本,
2026-02-11,油价上涨,
2026-02-11,油价调整,
2026-02-11,汽油涨价,
2026-02-11,柴油涨价,
2026-02-11,通胀,
2026-02-11,物流成本,
2026-02-12,油价上涨,
2026-02-12,油价调整,
2026-02-12,汽油涨价,
2026-02-12,柴油涨价,
2026-02-12,通胀,
2026-02-12,物流成本,
2026-02-13,油价上涨,
2026-02-13,油价调整,
2026-02-13,汽油涨价,
2026-02-13,柴油涨价,
2026-02-13,通胀,
2026-02-13,物流成本,
2026-02-14,油价上涨,
2026-02-14,油价调整,
2026-02-14,汽油涨价,
2026-02-14,柴油涨价,
2026-02-14,通胀,
2026-02-14,物流成本,
2026-02-15,油价上涨,
2026-02-15,油价调整,
2026-02-15,汽油涨价,
2026-02-15,柴油涨价,
2026-02-15,通胀,
2026-02-15,物流成本,
2026-02-16,油价上涨,
2026-02-16,油价调整,
2026-02-16,汽油涨价,
2026-02-16,柴油涨价,
2026-02-16,通胀,
2026-02-16,物流成本,
2026-02-17,油价上涨,
2026-02-17,油价调整,
2026-02-17,汽油涨价,
2026-02-17,柴油涨价,
2026-02-17,通胀,
2026-02-17,物流成本,
2026-02-18,油价上涨,
2026-02-18,油价调整,
2026-02-18,汽油涨价,
2026-02-18,柴油涨价,
2026-02-18,通胀,
2026-02-18,物流成本,
2026-02-19,油价上涨,
2026-02-19,油价调整,
2026-02-19,汽油涨价,
2026-02-19,柴油涨价,
2026-02-19,通胀,
2026-02-19,物流成本,
2026-02-20,油价上涨,
2026-02-20,油价调整,
2026-02-20,汽油涨价,
2026-02-20,柴油涨价,
2026-02-20,通胀,
2026-02-20,物流成本,
2026-02-21,油价上涨,
2026-02-21,油价调整,
2026-02-21,汽油涨价,
2026-02-21,柴油涨价,
2026-02-21,通胀,
2026-02-21,物流成本,
2026-02-22,油价上涨,
2026-02-22,油价调整,
2026-02-22,汽油涨价,
2026-02-22,柴油涨价,
2026-02-22,通胀,
2026-02-22,物流成本,
2026-02-23,油价上涨,
2026-02-23,油价调整,
2026-02-23,汽油涨价,
2026-02-23,柴油涨价,
2026-02-23,通胀,
2026-02-23,物流成本,
2026-02-24,油价上涨,
2026-02-24,油价调整,
2026-02-24,汽油涨价,
2026-02-24,柴油涨价,
2026-02-24,通胀,
2026-02-24,物流成本,
2026-02-25,油价上涨,
2026-02-25,油价调整,
2026-02-25,汽油涨价,
2026-02-25,柴油涨价,
2026-02-25,通胀,
2026-02-25,物流成本,
2026-02-26,油价上涨,
2026-02-26,油价调整,
2026-02-26,汽油涨价,
2026-02-26,柴油涨价,
2026-02-26,通胀,
2026-02-26,物流成本,
2026-02-27,油价上涨,
2026-02-27,油价调整,
2026-02-27,汽油涨价,
2026-02-27,柴油涨价,
2026-02-27,通胀,
2026-02-27,物流成本,
2026-02-28,油价上涨,
2026-02-28,油价调整,
2026-02-28,汽油涨价,
2026-02-28,柴油涨价,
2026-02-28,通胀,
2026-02-28,物流成本,
2026-03-01,油价上涨,
2026-03-01,油价调整,
2026-03-01,汽油涨价,
2026-03-01,柴油涨价,
2026-03-01,通胀,
2026-03-01,物流成本,
2026-03-02,油价上涨,
2026-03-02,油价调整,
2026-03-02,汽油涨价,
2026-03-02,柴油涨价,
2026-03-02,通胀,
2026-03-02,物流成本,
2026-03-03,油价上涨,
2026-03-03,油价调整,
2026-03-03,汽油涨价,
2026-03-03,柴油涨价,
2026-03-03,通胀,
2026-03-03,物流成本,
2026-03-04,油价上涨,
2026-03-04,油价调整,
2026-03-04,汽油涨价,
2026-03-04,柴油涨价,
2026-03-04,通胀,
2026-03-04,物流成本,
2026-03-05,油价上涨,
2026-03-05,油价调整,
2026-03-05,汽油涨价,
2026-03-05,柴油涨价,
2026-03-05,通胀,
2026-03-05,物流成本,
2026-03-06,油价上涨,
2026-03-06,油价调整,
2026-03-06,汽油涨价,
2026-03-06,柴油涨价,
2026-03-06,通胀,
2026-03-06,物流成本,
2026-03-07,油价上涨,
2026-03-07,油价调整,
2026-03-07,汽油涨价,
2026-03-07,柴油涨价,
2026-03-07,通胀,
2026-03-07,物流成本,
2026-03-08,油价上涨,
2026-03-08,油价调整,
2026-03-08,汽油涨价,
2026-03-08,柴油涨价,
2026-03-08,通胀,
2026-03-08,物流成本,
2026-03-09,油价上涨,
2026-03-09,油价调整,
2026-03-09,汽油涨价,
2026-03-09,柴油涨价,
2026-03-09,通胀,
2026-03-09,物流成本,
2026-03-10,油价上涨,
2026-03-10,油价调整,
2026-03-10,汽油涨价,
2026-03-10,柴油涨价,
2026-03-10,通胀,
2026-03-10,物流成本,
2026-03-11,油价上涨,
2026-03-11,油价调整,
2026-03-11,汽油涨价,
2026-03-11,柴油涨价,
2026-03-11,通胀,
2026-03-11,物流成本,
2026-03-12,油价上涨,
2026-03-12,油价调整,
2026-03-12,汽油涨价,
2026-03-12,柴油涨价,
2026-03-12,通胀,
2026-03-12,物流成本,
2026-03-13,油价上涨,
2026-03-13,油价调整,
2026-03-13,汽油涨价,
2026-03-13,柴油涨价,
2026-03-13,通胀,
2026-03-13,物流成本,
2026-03-14,油价上涨,
2026-03-14,油价调整,
2026-03-14,汽油涨价,
2026-03-14,柴油涨价,
2026-03-14,通胀,
2026-03-14,物流成本,
2026-03-15,油价上涨,
2026-03-15,油价调整,
2026-03-15,汽油涨价,
2026-03-15,柴油涨价,
2026-03-15,通胀,
2026-03-15,物流成本,
2026-03-16,油价上涨,
2026-03-16,油价调整,
2026-03-16,汽油涨价,
2026-03-16,柴油涨价,
2026-03-16,通胀,
2026-03-16,物流成本,
2026-03-17,油价上涨,
2026-03-17,油价调整,
2026-03-17,汽油涨价,
2026-03-17,柴油涨价,
2026-03-17,通胀,
2026-03-17,物流成本,
2026-03-18,油价上涨,
2026-03-18,油价调整,
2026-03-18,汽油涨价,
2026-03-18,柴油涨价,
2026-03-18,通胀,
2026-03-18,物流成本,
2026-03-19,油价上涨,
2026-03-19,油价调整,
2026-03-19,汽油涨价,
2026-03-19,柴油涨价,
2026-03-19,通胀,
2026-03-19,物流成本,
2026-03-20,油价上涨,
2026-03-20,油价调整,
2026-03-20,汽油涨价,
2026-03-20,柴油涨价,
2026-03-20,通胀,
2026-03-20,物流成本,
2026-03-21,油价上涨,
2026-03-21,油价调整,
2026-03-21,汽油涨价,
2026-03-21,柴油涨价,
2026-03-21,通胀,
2026-03-21,物流成本,
2026-03-22,油价上涨,
2026-03-22,油价调整,
2026-03-22,汽油涨价,
2026-03-22,柴油涨价,
2026-03-22,通胀,
2026-03-22,物流成本,
2026-03-23,油价上涨,
2026-03-23,油价调整,
2026-03-23,汽油涨价,
2026-03-23,柴油涨价,
2026-03-23,通胀,
2026-03-23,物流成本,
2026-03-24,油价上涨,
2026-03-24,油价调整,
2026-03-24,汽油涨价,
2026-03-24,柴油涨价,
2026-03-24,通胀,
2026-03-24,物流成本,
2026-03-25,油价上涨,
2026-03-25,油价调整,
2026-03-25,汽油涨价,
2026-03-25,柴油涨价,
2026-03-25,通胀,
2026-03-25,物流成本,
2026-03-26,油价上涨,
2026-03-26,油价调整,
2026-03-26,汽油涨价,
2026-03-26,柴油涨价,
2026-03-26,通胀,
2026-03-26,物流成本,
2026-03-27,油价上涨,
2026-03-27,油价调整,
2026-03-27,汽油涨价,
2026-03-27,柴油涨价,
2026-03-27,通胀,
2026-03-27,物流成本,
2026-03-28,油价上涨,
2026-03-28,油价调整,
2026-03-28,汽油涨价,
2026-03-28,柴油涨价,
2026-03-28,通胀,
2026-03-28,物流成本,
2026-03-29,油价上涨,
2026-03-29,油价调整,
2026-03-29,汽油涨价,
2026-03-29,柴油涨价,
2026-03-29,通胀,
2026-03-29,物流成本,
2026-03-30,油价上涨,
2026-03-30,油价调整,
2026-03-30,汽油涨价,
2026-03-30,柴油涨价,
2026-03-30,通胀,
2026-03-30,物流成本,
2026-03-31,油价上涨,
2026-03-31,油价调整,
2026-03-31,汽油涨价,
2026-03-31,柴油涨价,
2026-03-31,通胀,
2026-03-31,物流成本,
2026-04-01,油价上涨,
2026-04-01,油价调整,
2026-04-01,汽油涨价,
2026-04-01,柴油涨价,
2026-04-01,通胀,
2026-04-01,物流成本,
2026-04-02,油价上涨,
2026-04-02,油价调整,
2026-04-02,汽油涨价,
2026-04-02,柴油涨价,
2026-04-02,通胀,
2026-04-02,物流成本,
2026-04-03,油价上涨,
2026-04-03,油价调整,
2026-04-03,汽油涨价,
2026-04-03,柴油涨价,
2026-04-03,通胀,
2026-04-03,物流成本,
2026-04-04,油价上涨,
2026-04-04,油价调整,
2026-04-04,汽油涨价,
2026-04-04,柴油涨价,
2026-04-04,通胀,
2026-04-04,物流成本,
2026-04-05,油价上涨,
2026-04-05,油价调整,
2026-04-05,汽油涨价,
2026-04-05,柴油涨价,
2026-04-05,通胀,
2026-04-05,物流成本,
2026-04-06,油价上涨,
2026-04-06,油价调整,
2026-04-06,汽油涨价,
2026-04-06,柴油涨价,
2026-04-06,通胀,
2026-04-06,物流成本,
2026-04-07,油价上涨,
2026-04-07,油价调整,
2026-04-07,汽油涨价,
2026-04-07,柴油涨价,
2026-04-07,通胀,
2026-04-07,物流成本,
2026-04-08,油价上涨,
2026-04-08,油价调整,
2026-04-08,汽油涨价,
2026-04-08,柴油涨价,
2026-04-08,通胀,
2026-04-08,物流成本,
2026-04-09,油价上涨,
2026-04-09,油价调整,
2026-04-09,汽油涨价,
2026-04-09,柴油涨价,
2026-04-09,通胀,
2026-04-09,物流成本,
2026-04-10,油价上涨,
2026-04-10,油价调整,
2026-04-10,汽油涨价,
2026-04-10,柴油涨价,
2026-04-10,通胀,
2026-04-10,物流成本,
2026-04-11,油价上涨,
2026-04-11,油价调整,
2026-04-11,汽油涨价,
2026-04-11,柴油涨价,
2026-04-11,通胀,
2026-04-11,物流成本,
2026-04-12,油价上涨,
2026-04-12,油价调整,
2026-04-12,汽油涨价,
2026-04-12,柴油涨价,
2026-04-12,通胀,
2026-04-12,物流成本,
2026-04-13,油价上涨,
2026-04-13,油价调整,
2026-04-13,汽油涨价,
2026-04-13,柴油涨价,
2026-04-13,通胀,
2026-04-13,物流成本,
2026-04-14,油价上涨,
2026-04-14,油价调整,
2026-04-14,汽油涨价,
2026-04-14,柴油涨价,
2026-04-14,通胀,
2026-04-14,物流成本,
2026-04-15,油价上涨,
2026-04-15,油价调整,
2026-04-15,汽油涨价,
2026-04-15,柴油涨价,
2026-04-15,通胀,
2026-04-15,物流成本,
2026-04-16,油价上涨,
2026-04-16,油价调整,
2026-04-16,汽油涨价,
2026-04-16,柴油涨价,
2026-04-16,通胀,
2026-04-16,物流成本,
2026-04-17,油价上涨,
2026-04-17,油价调整,
2026-04-17,汽油涨价,
2026-04-17,柴油涨价,
2026-04-17,通胀,
2026-04-17,物流成本,
2026-04-18,油价上涨,
2026-04-18,油价调整,
2026-04-18,汽油涨价,
2026-04-18,柴油涨价,
2026-04-18,通胀,
2026-04-18,物流成本,
2026-04-19,油价上涨,
2026-04-19,油价调整,
2026-04-19,汽油涨价,
2026-04-19,柴油涨价,
2026-04-19,通胀,
2026-04-19,物流成本,
2026-04-20,油价上涨,
2026-04-20,油价调整,
2026-04-20,汽油涨价,
2026-04-20,柴油涨价,
2026-04-20,通胀,
2026-04-20,物流成本,
2026-04-21,油价上涨,
2026-04-21,油价调整,
2026-04-21,汽油涨价,
2026-04-21,柴油涨价,
2026-04-21,通胀,
2026-04-21,物流成本,
2026-04-22,油价上涨,
2026-04-22,油价调整,
2026-04-22,汽油涨价,
2026-04-22,柴油涨价,
2026-04-22,通胀,
2026-04-22,物流成本,
2026-04-23,油价上涨,
2026-04-23,油价调整,
2026-04-23,汽油涨价,
2026-04-23,柴油涨价,
2026-04-23,通胀,
2026-04-23,物流成本,
2026-04-24,油价上涨,
2026-04-24,油价调整,
2026-04-24,汽油涨价,
2026-04-24,柴油涨价,
2026-04-24,通胀,
2026-04-24,物流成本,
2026-04-25,油价上涨,
2026-04-25,油价调整,
2026-04-25,汽油涨价,
2026-04-25,柴油涨价,
2026-04-25,通胀,
2026-04-25,物流成本,
2026-04-26,油价上涨,
2026-04-26,油价调整,
2026-04-26,汽油涨价,
2026-04-26,柴油涨价,
2026-04-26,通胀,
2026-04-26,物流成本,
2026-04-27,油价上涨,
2026-04-27,油价调整,
2026-04-27,汽油涨价,
2026-04-27,柴油涨价,
2026-04-27,通胀,
2026-04-27,物流成本,
2026-04-28,油价上涨,
2026-04-28,油价调整,
2026-04-28,汽油涨价,
2026-04-28,柴油涨价,
2026-04-28,通胀,
2026-04-28,物流成本,
2026-04-29,油价上涨,
2026-04-29,油价调整,
2026-04-29,汽油涨价,
2026-04-29,柴油涨价,
2026-04-29,通胀,
2026-04-29,物流成本,
2026-04-30,油价上涨,
2026-04-30,油价调整,
2026-04-30,汽油涨价,
2026-04-30,柴油涨价,
2026-04-30,通胀,
2026-04-30,物流成本,
2026-05-01,油价上涨,
2026-05-01,油价调整,
2026-05-01,汽油涨价,
2026-05-01,柴油涨价,
2026-05-01,通胀,
2026-05-01,物流成本,
2026-05-02,油价上涨,
2026-05-02,油价调整,
2026-05-02,汽油涨价,
2026-05-02,柴油涨价,
2026-05-02,通胀,
2026-05-02,物流成本,
2026-05-03,油价上涨,
2026-05-03,油价调整,
2026-05-03,汽油涨价,
2026-05-03,柴油涨价,
2026-05-03,通胀,
2026-05-03,物流成本,
2026-05-04,油价上涨,
2026-05-04,油价调整,
2026-05-04,汽油涨价,
2026-05-04,柴油涨价,
2026-05-04,通胀,
2026-05-04,物流成本,
2026-05-05,油价上涨,
2026-05-05,油价调整,
2026-05-05,汽油涨价,
2026-05-05,柴油涨价,
2026-05-05,通胀,
2026-05-05,物流成本,
2026-05-06,油价上涨,
2026-05-06,油价调整,
2026-05-06,汽油涨价,
2026-05-06,柴油涨价,
2026-05-06,通胀,
2026-05-06,物流成本,
2026-05-07,油价上涨,
2026-05-07,油价调整,
2026-05-07,汽油涨价,
2026-05-07,柴油涨价,
2026-05-07,通胀,
2026-05-07,物流成本,
2026-05-08,油价上涨,
2026-05-08,油价调整,
2026-05-08,汽油涨价,
2026-05-08,柴油涨价,
2026-05-08,通胀,
2026-05-08,物流成本,
2026-05-09,油价上涨,
2026-05-09,油价调整,
2026-05-09,汽油涨价,
2026-05-09,柴油涨价,
2026-05-09,通胀,
2026-05-09,物流成本,
2026-05-10,油价上涨,
2026-05-10,油价调整,
2026-05-10,汽油涨价,
2026-05-10,柴油涨价,
2026-05-10,通胀,
2026-05-10,物流成本,
2026-05-11,油价上涨,
2026-05-11,油价调整,
2026-05-11,汽油涨价,
2026-05-11,柴油涨价,
2026-05-11,通胀,
2026-05-11,物流成本,
2026-05-12,油价上涨,
2026-05-12,油价调整,
2026-05-12,汽油涨价,
2026-05-12,柴油涨价,
2026-05-12,通胀,
2026-05-12,物流成本,
2026-05-13,油价上涨,
2026-05-13,油价调整,
2026-05-13,汽油涨价,
2026-05-13,柴油涨价,
2026-05-13,通胀,
2026-05-13,物流成本,
