date,brent_usd_bbl,wti_usd_bbl,opec_usd_bbl
2016-01-01,36.61,37.13,31.27
2016-01-02,36.61,37.13,31.27
2016-01-03,36.61,37.13,31.27
2016-01-04,36.28,36.81,31.79
2016-01-05,35.56,35.97,31.21
2016-01-06,33.89,33.97,29.71
2016-01-07,33.57,33.29,27.85
2016-01-08,31.67,33.2,28.47
2016-01-09,31.67,33.2,28.47
2016-01-10,31.67,33.2,28.47
2016-01-11,30.14,31.42,27.07
2016-01-12,29.14,30.42,25.76
2016-01-13,28.58,30.42,25.69
2016-01-14,28.84,31.22,25.0
2016-01-15,28.8,29.45,24.74
2016-01-16,28.8,29.45,24.74
2016-01-17,28.8,29.45,24.74
2016-01-18,27.36,29.45,23.58
2016-01-19,27.36,28.47,23.85
2016-01-20,26.01,26.68,22.48
2016-01-21,27.59,29.55,22.89
2016-01-22,30.46,32.07,25.5
2016-01-23,30.46,32.07,25.5
2016-01-24,30.46,32.07,25.5
2016-01-25,29.82,30.31,25.58
2016-01-26,30.94,29.54,25.11
2016-01-27,31.83,32.32,26.4
2016-01-28,33.01,33.21,28.28
2016-01-29,33.14,33.66,29.11
2016-01-30,33.14,33.66,29.11
2016-01-31,33.14,33.66,29.11
2016-02-01,32.45,31.62,29.73
2016-02-02,30.98,29.9,28.4
2016-02-03,32.38,32.29,28.65
2016-02-04,32.76,31.63,29.93
2016-02-05,32.35,30.86,29.3
2016-02-06,32.35,30.86,29.3
2016-02-07,32.35,30.86,29.3
2016-02-08,31.64,29.71,29.0
2016-02-09,30.15,27.96,28.33
2016-02-10,29.64,27.54,25.93
2016-02-11,28.82,26.19,25.21
2016-02-12,31.8,29.32,26.74
2016-02-13,31.8,29.32,26.74
2016-02-14,31.8,29.32,26.74
2016-02-15,31.8,29.32,28.44
2016-02-16,31.09,29.05,29.35
2016-02-17,33.21,30.68,28.18
2016-02-18,33.2,30.77,29.96
2016-02-19,31.66,29.59,29.17
2016-02-20,31.66,29.59,29.17
2016-02-21,31.66,29.59,29.17
2016-02-22,33.59,31.37,29.48
2016-02-23,31.9,31.84,28.94
2016-02-24,31.5,30.35,28.3
2016-02-25,32.83,31.4,29.19
2016-02-26,35.76,31.65,30.74
2016-02-27,35.76,31.65,30.74
2016-02-28,35.76,31.65,30.74
2016-02-29,35.92,32.74,30.13
2016-03-01,35.73,34.39,31.65
2016-03-02,36.38,34.57,31.72
2016-03-03,35.75,34.56,31.68
2016-03-04,37.61,35.91,32.42
2016-03-05,37.61,35.91,32.42
2016-03-06,37.61,35.91,32.42
2016-03-07,39.02,37.9,34.43
2016-03-08,39.16,36.67,35.07
2016-03-09,40.26,37.62,35.05
2016-03-10,38.63,37.77,35.23
2016-03-11,39.41,38.51,35.62
2016-03-12,39.41,38.51,35.62
2016-03-13,39.41,38.51,35.62
2016-03-14,38.06,37.2,34.74
2016-03-15,37.49,36.32,33.69
2016-03-16,38.38,38.43,34.5
2016-03-17,39.29,40.17,36.36
2016-03-18,39.26,39.47,36.59
2016-03-19,39.26,39.47,36.59
2016-03-20,39.26,39.47,36.59
2016-03-21,39.91,39.91,36.27
2016-03-22,40.54,41.45,36.67
2016-03-23,38.84,38.28,36.19
2016-03-24,38.33,38.14,34.96
2016-03-25,38.33,38.14,34.96
2016-03-26,38.33,38.14,34.96
2016-03-27,38.33,38.14,34.96
2016-03-28,38.33,37.99,35.48
2016-03-29,36.75,36.91,34.5
2016-03-30,36.75,36.91,34.91
2016-03-31,36.75,36.94,34.33
2016-04-01,36.42,35.36,34.54
2016-04-02,36.42,35.36,34.54
2016-04-03,36.42,35.36,34.54
2016-04-04,36.05,34.3,33.4
2016-04-05,35.88,34.52,32.71
2016-04-06,37.77,37.74,33.93
2016-04-07,37.15,37.3,34.71
2016-04-08,40.71,39.74,36.01
2016-04-09,40.71,39.74,36.01
2016-04-10,40.71,39.74,36.01
2016-04-11,41.58,40.46,37.02
2016-04-12,43.02,42.12,38.62
2016-04-13,42.81,41.7,38.91
2016-04-14,43.02,41.45,38.58
2016-04-15,41.32,40.4,38.05
2016-04-16,41.32,40.4,38.05
2016-04-17,41.32,40.4,38.05
2016-04-18,41.64,39.74,36.58
2016-04-19,43.02,40.88,38.27
2016-04-20,43.09,42.72,38.46
2016-04-21,43.48,43.18,40.09
2016-04-22,43.97,42.76,39.78
2016-04-23,43.97,42.76,39.78
2016-04-24,43.97,42.76,39.78
2016-04-25,42.97,41.67,39.4
2016-04-26,43.94,42.52,39.88
2016-04-27,44.17,45.29,41.38
2016-04-28,45.6,46.03,42.02
2016-04-29,45.64,45.98,42.7
2016-04-30,45.64,45.98,42.7
2016-05-01,45.64,45.98,42.7
2016-05-02,45.82,44.75,42.48
2016-05-03,43.09,43.65,41.03
2016-05-04,43.08,43.77,40.45
2016-05-05,44.39,44.33,41.16
2016-05-06,44.6,44.58,40.57
2016-05-07,44.6,44.58,40.57
2016-05-08,44.6,44.58,40.57
2016-05-09,42.43,43.45,40.77
2016-05-10,44.01,44.68,40.23
2016-05-11,46.08,46.21,41.43
2016-05-12,46.43,46.64,43.33
2016-05-13,47.05,46.22,43.3
2016-05-14,47.05,46.22,43.3
2016-05-15,47.05,46.22,43.3
2016-05-16,48.49,47.72,44.37
2016-05-17,48.71,48.29,44.82
2016-05-18,48.93,48.12,44.88
2016-05-19,47.01,48.16,43.84
2016-05-20,48.54,47.67,44.77
2016-05-21,48.54,47.67,44.77
2016-05-22,48.54,47.67,44.77
2016-05-23,47.77,48.12,44.07
2016-05-24,48.42,48.04,44.02
2016-05-25,48.87,49.1,44.97
2016-05-26,49.52,49.0,45.43
2016-05-27,49.09,49.36,44.76
2016-05-28,49.09,49.36,44.76
2016-05-29,49.09,49.36,44.76
2016-05-30,49.09,49.36,44.8
2016-05-31,49.26,49.1,45.15
2016-06-01,48.81,49.07,45.28
2016-06-02,49.05,49.14,45.67
2016-06-03,48.5,48.69,45.82
2016-06-04,48.5,48.69,45.82
2016-06-05,48.5,48.69,45.82
2016-06-06,48.94,49.71,46.1
2016-06-07,49.76,50.37,46.63
2016-06-08,50.73,51.23,47.76
2016-06-09,50.59,50.52,48.02
2016-06-10,49.7,49.09,47.05
2016-06-11,49.7,49.09,47.05
2016-06-12,49.7,49.09,47.05
2016-06-13,49.36,48.89,46.25
2016-06-14,47.88,48.49,45.64
2016-06-15,47.47,47.92,45.36
2016-06-16,45.66,46.14,44.03
2016-06-17,46.57,48.0,44.18
2016-06-18,46.57,48.0,44.18
2016-06-19,46.57,48.0,44.18
2016-06-20,48.68,49.4,46.24
2016-06-21,48.18,48.95,46.02
2016-06-22,48.43,49.16,46.46
2016-06-23,48.63,49.34,46.16
2016-06-24,46.69,46.7,44.88
2016-06-25,46.69,46.7,44.88
2016-06-26,46.69,46.7,44.88
2016-06-27,45.07,45.8,44.32
2016-06-28,46.29,47.93,44.46
2016-06-29,48.4,49.85,45.82
2016-06-30,48.05,48.27,46.27
2016-07-01,47.65,49.02,45.42
2016-07-02,47.65,49.02,45.42
2016-07-03,47.65,49.02,45.42
2016-07-04,48.02,49.02,46.08
2016-07-05,45.64,46.73,44.34
2016-07-06,45.7,47.37,44.35
2016-07-07,45.93,45.22,44.19
2016-07-08,44.53,45.37,42.59
2016-07-09,44.53,45.37,42.59
2016-07-10,44.53,45.37,42.59
2016-07-11,44.04,44.73,42.21
2016-07-12,46.72,46.82,43.22
2016-07-13,44.67,44.87,43.19
2016-07-14,46.01,45.64,42.88
2016-07-15,46.25,45.93,43.24
2016-07-16,46.25,45.93,43.24
2016-07-17,46.25,45.93,43.24
2016-07-18,45.35,45.23,43.36
2016-07-19,45.7,44.64,42.66
2016-07-20,45.82,44.96,42.73
2016-07-21,44.99,43.96,42.93
2016-07-22,44.24,43.41,41.71
2016-07-23,44.24,43.41,41.71
2016-07-24,44.24,43.41,41.71
2016-07-25,43.76,42.4,41.35
2016-07-26,43.56,42.16,40.62
2016-07-27,42.78,41.9,40.49
2016-07-28,41.87,41.13,39.79
2016-07-29,40.76,41.54,38.97
2016-07-30,40.76,41.54,38.97
2016-07-31,40.76,41.54,38.97
2016-08-01,40.17,40.05,39.1
2016-08-02,40.0,39.5,38.29
2016-08-03,40.45,40.8,38.43
2016-08-04,41.33,41.92,39.6
2016-08-05,42.47,41.83,40.08
2016-08-06,42.47,41.83,40.08
2016-08-07,42.47,41.83,40.08
2016-08-08,43.24,43.06,41.1
2016-08-09,43.37,42.78,41.08
2016-08-10,42.19,41.75,40.57
2016-08-11,44.23,43.51,40.62
2016-08-12,45.12,44.47,42.6
2016-08-13,45.12,44.47,42.6
2016-08-14,45.12,44.47,42.6
2016-08-15,47.31,45.72,43.92
2016-08-16,48.27,46.57,45.03
2016-08-17,48.58,46.81,45.34
2016-08-18,49.46,48.2,46.5
2016-08-19,49.39,48.48,46.82
2016-08-20,49.39,48.48,46.82
2016-08-21,49.39,48.48,46.82
2016-08-22,48.1,46.8,46.04
2016-08-23,48.7,47.54,45.34
2016-08-24,47.56,46.29,45.25
2016-08-25,49.25,46.97,45.28
2016-08-26,49.66,47.64,45.75
2016-08-27,49.66,47.64,45.75
2016-08-28,49.66,47.64,45.75
2016-08-29,49.66,46.97,45.44
2016-08-30,47.94,46.32,45.25
2016-08-31,47.94,44.68,43.91
2016-09-01,45.05,43.17,42.0
2016-09-02,45.96,44.39,41.47
2016-09-03,45.96,44.39,41.47
2016-09-04,45.96,44.39,41.47
2016-09-05,46.72,44.39,43.54
2016-09-06,46.21,44.85,42.75
2016-09-07,47.0,45.47,43.18
2016-09-08,49.23,47.63,44.61
2016-09-09,48.37,45.88,44.55
2016-09-10,48.37,45.88,44.55
2016-09-11,48.37,45.88,44.55
2016-09-12,47.82,46.28,44.53
2016-09-13,46.48,44.91,42.91
2016-09-14,45.65,43.62,42.56
2016-09-15,45.83,43.85,41.67
2016-09-16,45.26,43.04,41.74
2016-09-17,45.26,43.04,41.74
2016-09-18,45.26,43.04,41.74
2016-09-19,46.04,43.34,42.09
2016-09-20,45.24,43.85,41.55
2016-09-21,45.99,45.33,42.54
2016-09-22,47.21,46.1,43.27
2016-09-23,46.71,44.36,42.89
2016-09-24,46.71,44.36,42.89
2016-09-25,46.71,44.36,42.89
2016-09-26,46.61,45.6,42.16
2016-09-27,44.95,44.65,42.3
2016-09-28,45.49,47.07,42.21
2016-09-29,48.43,47.72,44.34
2016-09-30,48.24,47.72,44.63
2016-10-01,48.24,47.72,44.63
2016-10-02,48.24,47.72,44.63
2016-10-03,48.61,48.8,46.65
2016-10-04,48.81,48.67,46.72
2016-10-05,49.57,49.75,47.75
2016-10-06,50.14,50.44,47.86
2016-10-07,50.49,49.76,48.59
2016-10-08,50.49,49.76,48.59
2016-10-09,50.49,49.76,48.59
2016-10-10,51.54,49.76,48.31
2016-10-11,50.48,50.72,48.81
2016-10-12,49.53,50.14,48.68
2016-10-13,49.29,50.47,48.07
2016-10-14,48.87,50.35,48.63
2016-10-15,48.87,50.35,48.63
2016-10-16,48.87,50.35,48.63
2016-10-17,49.31,49.97,48.22
2016-10-18,49.81,50.3,48.24
2016-10-19,51.85,51.59,49.06
2016-10-20,50.42,50.31,48.51
2016-10-21,50.28,50.61,48.08
2016-10-22,50.28,50.61,48.08
2016-10-23,50.28,50.61,48.08
2016-10-24,49.8,50.18,48.15
2016-10-25,49.08,49.45,47.83
2016-10-26,48.98,48.75,46.96
2016-10-27,49.13,49.71,47.23
2016-10-28,47.78,48.72,47.04
2016-10-29,47.78,48.72,47.04
2016-10-30,47.78,48.72,47.04
2016-10-31,46.2,46.83,45.83
2016-11-01,45.77,46.66,44.51
2016-11-02,44.26,45.32,43.1
2016-11-03,43.84,44.66,42.62
2016-11-04,43.06,44.07,41.85
2016-11-05,43.06,44.07,41.85
2016-11-06,43.06,44.07,41.85
2016-11-07,42.83,44.88,41.98
2016-11-08,43.47,44.96,42.22
2016-11-09,43.88,45.2,41.9
2016-11-10,43.67,44.62,42.67
2016-11-11,41.61,43.39,41.54
2016-11-12,41.61,43.39,41.54
2016-11-13,41.61,43.39,41.54
2016-11-14,41.83,43.29,40.94
2016-11-15,44.15,45.86,41.84
2016-11-16,45.07,45.56,42.9
2016-11-17,44.57,45.37,42.83
2016-11-18,44.41,45.69,42.33
2016-11-19,44.41,45.69,42.33
2016-11-20,44.41,45.69,42.33
2016-11-21,45.96,47.48,44.34
2016-11-22,46.1,48.07,45.25
2016-11-23,46.54,46.72,45.37
2016-11-24,47.54,46.72,45.22
2016-11-25,46.32,46.72,44.88
2016-11-26,46.32,46.72,44.88
2016-11-27,46.32,46.72,44.88
2016-11-28,46.64,45.66,43.84
2016-11-29,44.68,45.29,43.87
2016-11-30,47.95,49.41,44.8
2016-12-01,52.28,51.08,49.28
2016-12-02,52.35,51.7,50.42
2016-12-03,52.35,51.7,50.42
2016-12-04,52.35,51.7,50.42
2016-12-05,53.3,51.72,51.25
2016-12-06,52.31,50.95,50.98
2016-12-07,51.9,49.85,50.22
2016-12-08,51.6,50.84,50.04
2016-12-09,52.19,51.51,50.95
2016-12-10,52.19,51.51,50.95
2016-12-11,52.19,51.51,50.95
2016-12-12,53.99,52.74,53.24
2016-12-13,53.28,52.99,52.39
2016-12-14,53.15,51.01,51.83
2016-12-15,51.72,50.9,50.96
2016-12-16,54.15,51.93,51.29
2016-12-17,54.15,51.93,51.29
2016-12-18,54.15,51.93,51.29
2016-12-19,53.53,52.13,52.18
2016-12-20,54.56,52.22,51.99
2016-12-21,53.01,51.44,52.25
2016-12-22,54.04,51.98,51.73
2016-12-23,53.93,52.01,51.74
2016-12-24,53.93,52.01,51.74
2016-12-25,53.93,52.01,51.74
2016-12-26,53.93,52.01,51.74
2016-12-27,53.93,52.82,52.25
2016-12-28,54.95,54.01,53.39
2016-12-29,54.97,53.8,53.46
2016-12-30,54.96,53.75,53.3
2016-12-31,54.96,53.75,53.3
2017-01-01,54.96,53.75,53.3
2017-01-02,54.96,53.75,53.3
2017-01-03,55.05,52.36,53.13
2017-01-04,54.57,53.26,52.71
2017-01-05,54.99,53.77,53.02
2017-01-06,55.9,53.98,53.5
2017-01-07,55.9,53.98,53.5
2017-01-08,55.9,53.98,53.5
2017-01-09,54.39,51.95,52.85
2017-01-10,53.2,50.82,51.46
2017-01-11,53.61,52.19,50.98
2017-01-12,54.51,53.01,52.3
2017-01-13,54.37,52.36,52.64
2017-01-14,54.37,52.36,52.64
2017-01-15,54.37,52.36,52.64
2017-01-16,54.3,52.36,52.17
2017-01-17,54.68,52.45,52.6
2017-01-18,53.77,51.12,52.22
2017-01-19,53.18,51.39,51.45
2017-01-20,55.04,52.33,51.8
2017-01-21,55.04,52.33,51.8
2017-01-22,55.04,52.33,51.8
2017-01-23,54.8,52.77,52.1
2017-01-24,54.7,52.38,52.51
2017-01-25,54.34,52.14,52.14
2017-01-26,55.89,53.24,52.91
2017-01-27,54.8,53.18,52.88
2017-01-28,54.8,53.18,52.88
2017-01-29,54.8,53.18,52.88
2017-01-30,54.77,52.63,52.78
2017-01-31,55.25,52.75,52.19
2017-02-01,55.79,53.9,52.76
2017-02-02,55.94,53.55,53.93
2017-02-03,55.92,53.81,54.24
2017-02-04,55.92,53.81,54.24
2017-02-05,55.92,53.81,54.24
2017-02-06,55.02,53.01,53.77
2017-02-07,53.79,52.19,52.78
2017-02-08,54.42,52.37,52.13
2017-02-09,53.98,52.99,52.76
2017-02-10,55.2,53.84,53.23
2017-02-11,55.2,53.84,53.23
2017-02-12,55.2,53.84,53.23
2017-02-13,54.15,52.96,53.47
2017-02-14,54.96,53.21,53.31
2017-02-15,54.57,53.11,53.1
2017-02-16,54.16,53.41,53.14
2017-02-17,54.48,53.41,53.11
2017-02-18,54.48,53.41,53.11
2017-02-19,54.48,53.41,53.11
2017-02-20,55.25,53.41,53.49
2017-02-21,56.34,54.02,53.88
2017-02-22,54.9,53.61,53.48
2017-02-23,55.82,54.48,53.95
2017-02-24,54.69,53.99,53.61
2017-02-25,54.69,53.99,53.61
2017-02-26,54.69,53.99,53.61
2017-02-27,54.65,54.04,53.85
2017-02-28,53.36,54.0,53.4
2017-03-01,55.72,53.82,54.15
2017-03-02,54.16,52.63,53.74
2017-03-03,54.12,53.33,53.01
2017-03-04,54.12,53.33,53.01
2017-03-05,54.12,53.33,53.01
2017-03-06,54.73,53.19,53.13
2017-03-07,54.61,52.68,53.54
2017-03-08,53.3,49.83,52.69
2017-03-09,50.65,48.75,50.82
2017-03-10,50.63,48.05,49.81
2017-03-11,50.63,48.05,49.81
2017-03-12,50.63,48.05,49.81
2017-03-13,50.1,47.95,49.0
2017-03-14,49.6,47.24,48.63
2017-03-15,50.63,48.34,49.17
2017-03-16,50.56,48.3,49.7
2017-03-17,50.58,48.34,49.36
2017-03-18,50.58,48.34,49.36
2017-03-19,50.58,48.34,49.36
2017-03-20,50.67,47.79,49.18
2017-03-21,50.14,47.02,49.23
2017-03-22,49.56,47.29,48.28
2017-03-23,50.17,47.0,48.35
2017-03-24,49.97,47.3,48.26
2017-03-25,49.97,47.3,48.26
2017-03-26,49.97,47.3,48.26
2017-03-27,50.12,47.02,48.25
2017-03-28,50.72,48.36,48.84
2017-03-29,51.36,49.47,49.54
2017-03-30,52.25,50.3,50.2
2017-03-31,52.2,50.54,50.43
2017-04-01,52.2,50.54,50.43
2017-04-02,52.2,50.54,50.43
2017-04-03,52.04,50.25,50.69
2017-04-04,53.08,50.99,50.6
2017-04-05,53.41,51.14,51.96
2017-04-06,53.62,51.69,51.84
2017-04-07,54.24,52.25,52.92
2017-04-08,54.24,52.25,52.92
2017-04-09,54.24,52.25,52.92
2017-04-10,54.79,53.06,53.14
2017-04-11,54.73,53.38,53.37
2017-04-12,54.75,53.12,53.69
2017-04-13,55.05,53.19,53.38
2017-04-14,55.05,53.19,53.38
2017-04-15,55.05,53.19,53.38
2017-04-16,55.05,53.19,53.38
2017-04-17,54.79,52.62,52.96
2017-04-18,52.6,52.46,52.3
2017-04-19,52.43,50.49,51.9
2017-04-20,50.66,50.26,50.49
2017-04-21,49.93,49.64,50.01
2017-04-22,49.93,49.64,50.01
2017-04-23,49.93,49.64,50.01
2017-04-24,49.45,48.9,49.66
2017-04-25,49.37,49.22,49.22
2017-04-26,49.99,49.22,49.65
2017-04-27,49.46,48.96,48.9
2017-04-28,49.46,49.31,49.33
2017-04-29,49.46,49.31,49.33
2017-04-30,49.46,49.31,49.33
2017-05-01,50.41,48.83,49.19
2017-05-02,49.31,47.65,49.02
2017-05-03,48.82,47.79,48.38
2017-05-04,47.53,45.55,47.49
2017-05-05,47.45,46.23,46.6
2017-05-06,47.45,46.23,46.6
2017-05-07,47.45,46.23,46.6
2017-05-08,46.61,46.46,46.91
2017-05-09,47.06,45.84,46.88
2017-05-10,48.09,47.28,47.35
2017-05-11,49.18,47.81,48.41
2017-05-12,49.08,47.83,48.31
2017-05-13,49.08,47.83,48.31
2017-05-14,49.08,47.83,48.31
2017-05-15,51.29,48.86,49.77
2017-05-16,51.21,48.64,49.75
2017-05-17,51.76,49.04,49.48
2017-05-18,51.71,49.36,49.91
2017-05-19,52.78,50.32,50.91
2017-05-20,52.78,50.32,50.91
2017-05-21,52.78,50.32,50.91
2017-05-22,53.35,50.81,51.54
2017-05-23,53.19,51.12,51.34
2017-05-24,53.29,50.99,51.96
2017-05-25,52.25,48.57,51.24
2017-05-26,50.84,49.58,49.48
2017-05-27,50.84,49.58,49.48
2017-05-28,50.84,49.58,49.48
2017-05-29,52.25,49.58,49.67
2017-05-30,50.65,49.63,49.39
2017-05-31,49.4,48.29,48.69
2017-06-01,50.41,48.32,48.85
2017-06-02,48.46,47.68,47.33
2017-06-03,48.46,47.68,47.33
2017-06-04,48.46,47.68,47.33
2017-06-05,48.25,47.4,47.37
2017-06-06,48.11,48.13,46.98
2017-06-07,47.08,45.8,46.78
2017-06-08,46.3,45.68,45.78
2017-06-09,46.64,45.82,45.49
2017-06-10,46.64,45.82,45.49
2017-06-11,46.64,45.82,45.49
2017-06-12,47.18,46.1,45.94
2017-06-13,46.95,46.41,46.01
2017-06-14,45.47,44.79,45.16
2017-06-15,45.61,44.47,44.38
2017-06-16,45.7,44.73,44.58
2017-06-17,45.7,44.73,44.58
2017-06-18,45.7,44.73,44.58
2017-06-19,45.93,44.24,44.46
2017-06-20,43.98,43.34,43.9
2017-06-21,44.62,42.48,43.14
2017-06-22,44.46,42.53,42.58
2017-06-23,44.14,42.86,43.02
2017-06-24,44.14,42.86,43.02
2017-06-25,44.14,42.86,43.02
2017-06-26,44.09,43.24,43.14
2017-06-27,46.17,44.25,44.23
2017-06-28,46.45,44.74,44.48
2017-06-29,47.02,44.88,45.36
2017-06-30,47.08,46.02,45.63
2017-07-01,47.08,46.02,45.63
2017-07-02,47.08,46.02,45.63
2017-07-03,49.13,46.02,47.17
2017-07-04,49.15,46.02,47.57
2017-07-05,47.58,45.11,47.04
2017-07-06,48.53,45.52,46.52
2017-07-07,46.47,44.25,45.11
2017-07-08,46.47,44.25,45.11
2017-07-09,46.47,44.25,45.11
2017-07-10,46.57,44.4,44.77
2017-07-11,46.68,45.06,44.79
2017-07-12,46.73,45.48,46.02
2017-07-13,47.65,46.06,45.66
2017-07-14,47.89,46.53,46.4
2017-07-15,47.89,46.53,46.4
2017-07-16,47.89,46.53,46.4
2017-07-17,47.66,46.02,46.8
2017-07-18,47.92,46.4,46.45
2017-07-19,48.34,47.1,46.85
2017-07-20,48.54,46.73,47.48
2017-07-21,47.47,45.78,46.99
2017-07-22,47.47,45.78,46.99
2017-07-23,47.47,45.78,46.99
2017-07-24,47.81,46.21,46.01
2017-07-25,49.19,47.77,47.11
2017-07-26,50.08,48.58,48.51
2017-07-27,50.67,49.05,48.88
2017-07-28,52.0,49.72,49.46
2017-07-29,52.0,49.72,49.46
2017-07-30,52.0,49.72,49.46
2017-07-31,51.99,50.21,49.97
2017-08-01,50.77,49.19,49.61
2017-08-02,52.09,49.6,49.75
2017-08-03,52.88,49.03,50.26
2017-08-04,52.48,49.57,49.96
2017-08-05,52.48,49.57,49.96
2017-08-06,52.48,49.57,49.96
2017-08-07,51.42,49.37,50.06
2017-08-08,52.18,49.07,50.5
2017-08-09,52.16,49.59,50.48
2017-08-10,52.59,48.54,50.7
2017-08-11,51.47,48.81,49.37
2017-08-12,51.47,48.81,49.37
2017-08-13,51.47,48.81,49.37
2017-08-14,51.29,47.59,49.46
2017-08-15,49.9,47.57,48.45
2017-08-16,50.39,46.8,48.69
2017-08-17,50.37,47.07,48.07
2017-08-18,50.96,48.59,48.86
2017-08-19,50.96,48.59,48.86
2017-08-20,50.96,48.59,48.86
2017-08-21,51.94,47.39,49.8
2017-08-22,52.29,47.65,49.5
2017-08-23,52.31,48.45,49.49
2017-08-24,51.73,47.24,49.76
2017-08-25,51.87,47.65,49.93
2017-08-26,51.87,47.65,49.93
2017-08-27,51.87,47.65,49.93
2017-08-28,51.87,46.4,49.86
2017-08-29,51.64,46.46,49.51
2017-08-30,51.91,45.96,49.41
2017-08-31,52.69,47.26,49.36
2017-09-01,53.15,47.32,49.68
2017-09-02,53.15,47.32,49.68
2017-09-03,53.15,47.32,49.68
2017-09-04,52.6,47.32,50.36
2017-09-05,53.63,48.63,50.99
2017-09-06,54.48,49.13,52.04
2017-09-07,54.16,49.1,52.48
2017-09-08,54.55,47.44,52.53
2017-09-09,54.55,47.44,52.53
2017-09-10,54.55,47.44,52.53
2017-09-11,54.2,48.06,51.82
2017-09-12,55.06,48.21,52.08
2017-09-13,55.52,49.3,52.92
2017-09-14,56.76,49.86,53.63
2017-09-15,56.18,49.9,53.64
2017-09-16,56.18,49.9,53.64
2017-09-17,56.18,49.9,53.64
2017-09-18,55.5,49.88,53.78
2017-09-19,56.58,49.54,53.81
2017-09-20,57.2,50.29,54.06
2017-09-21,57.73,50.58,54.59
2017-09-22,58.16,50.33,54.84
2017-09-23,58.16,50.33,54.84
2017-09-24,58.16,50.33,54.84
2017-09-25,59.42,51.85,55.62
2017-09-26,59.77,51.59,56.43
2017-09-27,58.74,52.14,56.07
2017-09-28,58.8,51.62,55.59
2017-09-29,57.02,51.67,55.2
2017-09-30,57.02,51.67,55.2
2017-10-01,57.02,51.67,55.2
2017-10-02,55.67,50.59,54.6
2017-10-03,56.12,50.44,54.28
2017-10-04,56.0,50.0,53.93
2017-10-05,57.09,50.79,54.62
2017-10-06,55.5,49.34,54.47
2017-10-07,55.5,49.34,54.47
2017-10-08,55.5,49.34,54.47
2017-10-09,55.29,49.58,53.7
2017-10-10,56.62,50.93,54.23
2017-10-11,56.13,51.3,54.54
2017-10-12,56.13,50.61,54.44
2017-10-13,56.86,51.43,55.12
2017-10-14,56.86,51.43,55.12
2017-10-15,56.86,51.43,55.12
2017-10-16,57.49,51.86,55.74
2017-10-17,57.63,51.87,55.83
2017-10-18,58.05,52.05,56.12
2017-10-19,57.82,51.29,55.52
2017-10-20,57.89,51.63,55.41
2017-10-21,57.89,51.63,55.41
2017-10-22,57.89,51.63,55.41
2017-10-23,57.69,51.91,55.77
2017-10-24,57.84,52.32,55.59
2017-10-25,58.45,51.97,56.33
2017-10-26,58.75,52.41,56.45
2017-10-27,60.15,53.92,57.55
2017-10-28,60.15,53.92,57.55
2017-10-29,60.15,53.92,57.55
2017-10-30,60.65,54.11,58.27
2017-10-31,61.35,54.36,58.53
2017-11-01,60.98,54.32,59.21
2017-11-02,60.79,54.55,58.45
2017-11-03,61.42,55.63,59.12
2017-11-04,61.42,55.63,59.12
2017-11-05,61.42,55.63,59.12
2017-11-06,64.27,57.34,61.02
2017-11-07,64.36,57.19,62.07
2017-11-08,63.96,56.82,61.61
2017-11-09,64.49,57.16,61.7
2017-11-10,64.35,56.75,61.91
2017-11-11,64.35,56.75,61.91
2017-11-12,64.35,56.75,61.91
2017-11-13,62.94,56.77,61.27
2017-11-14,60.91,55.67,60.52
2017-11-15,61.25,55.28,59.79
2017-11-16,61.18,55.14,59.98
2017-11-17,61.34,56.21,59.9
2017-11-18,61.34,56.21,59.9
2017-11-19,61.34,56.21,59.9
2017-11-20,61.34,56.21,60.33
2017-11-21,62.28,56.84,60.49
2017-11-22,62.92,57.88,61.09
2017-11-23,63.27,57.88,61.14
2017-11-24,63.58,58.94,61.64
2017-11-25,63.58,58.94,61.64
2017-11-26,63.58,58.94,61.64
2017-11-27,63.25,58.1,61.51
2017-11-28,63.56,57.96,61.31
2017-11-29,63.74,57.25,61.14
2017-11-30,63.53,57.4,61.06
2017-12-01,64.57,58.35,61.71
2017-12-02,64.57,58.35,61.71
2017-12-03,64.57,58.35,61.71
2017-12-04,63.45,57.48,61.45
2017-12-05,63.45,57.66,60.87
2017-12-06,62.25,55.79,60.73
2017-12-07,62.37,56.5,60.12
2017-12-08,63.86,57.15,61.03
2017-12-09,63.86,57.15,61.03
2017-12-10,63.86,57.15,61.03
2017-12-11,65.62,57.84,61.94
2017-12-12,64.96,57.12,62.75
2017-12-13,63.66,56.59,61.5
2017-12-14,63.72,57.0,60.87
2017-12-15,63.81,57.29,61.48
2017-12-16,63.81,57.29,61.48
2017-12-17,63.81,57.29,61.48
2017-12-18,64.45,57.17,61.64
2017-12-19,63.69,57.49,61.72
2017-12-20,64.43,58.09,62.16
2017-12-21,64.64,58.34,62.66
2017-12-22,64.61,58.25,62.66
2017-12-23,64.61,58.25,62.66
2017-12-24,64.61,58.25,62.66
2017-12-25,64.61,58.25,62.66
2017-12-26,64.61,59.55,63.07
2017-12-27,66.03,59.67,64.24
2017-12-28,66.8,59.84,64.17
2017-12-29,66.73,60.46,64.47
2017-12-30,66.73,60.46,64.47
2017-12-31,66.73,60.46,64.47
2018-01-01,66.73,60.46,64.47
2018-01-02,66.65,60.37,64.84
2018-01-03,67.85,61.61,65.13
2018-01-04,68.73,61.98,66.13
2018-01-05,68.01,61.49,65.86
2018-01-06,68.01,61.49,65.86
2018-01-07,68.01,61.49,65.86
2018-01-08,68.48,61.73,65.85
2018-01-09,69.08,62.92,66.39
2018-01-10,69.79,63.6,67.24
2018-01-11,70.36,63.81,67.38
2018-01-12,69.64,64.22,67.17
2018-01-13,69.64,64.22,67.17
2018-01-14,69.64,64.22,67.17
2018-01-15,70.31,64.22,67.78
2018-01-16,69.4,63.82,67.54
2018-01-17,69.19,63.92,67.07
2018-01-18,69.48,63.96,67.2
2018-01-19,68.56,63.38,66.48
2018-01-20,68.56,63.38,66.48
2018-01-21,68.56,63.38,66.48
2018-01-22,69.32,63.66,66.89
2018-01-23,69.81,64.45,67.32
2018-01-24,69.91,65.69,67.61
2018-01-25,71.08,65.62,68.46
2018-01-26,70.08,66.27,67.94
2018-01-27,70.08,66.27,67.94
2018-01-28,70.08,66.27,67.94
2018-01-29,68.41,65.71,67.6
2018-01-30,67.78,64.64,66.6
2018-01-31,67.78,64.82,66.28
2018-02-01,68.6,65.92,66.88
2018-02-02,67.45,65.5,67.11
2018-02-03,67.45,65.5,67.11
2018-02-04,67.45,65.5,67.11
2018-02-05,67.69,64.18,65.75
2018-02-06,66.75,63.48,64.89
2018-02-07,65.74,61.91,64.36
2018-02-08,64.26,61.3,62.74
2018-02-09,63.04,59.2,61.57
2018-02-10,63.04,59.2,61.57
2018-02-11,63.04,59.2,61.57
2018-02-12,62.2,59.41,61.04
2018-02-13,61.94,59.33,60.52
2018-02-14,62.29,60.7,60.62
2018-02-15,62.86,61.48,62.09
2018-02-16,64.3,61.89,62.41
2018-02-17,64.3,61.89,62.41
2018-02-18,64.3,61.89,62.41
2018-02-19,64.95,61.89,62.89
2018-02-20,64.68,61.91,62.81
2018-02-21,64.81,61.73,62.5
2018-02-22,66.12,62.72,63.08
2018-02-23,67.04,63.52,64.15
2018-02-24,67.04,63.52,64.15
2018-02-25,67.04,63.52,64.15
2018-02-26,67.96,63.81,65.18
2018-02-27,67.59,62.94,64.99
2018-02-28,66.08,61.43,63.97
2018-03-01,64.23,60.98,62.17
2018-03-02,64.26,61.19,61.57
2018-03-03,64.26,61.19,61.57
2018-03-04,64.26,61.19,61.57
2018-03-05,65.78,62.49,62.87
2018-03-06,65.67,62.54,63.24
2018-03-07,65.09,61.09,62.68
2018-03-08,63.87,60.13,61.85
2018-03-09,65.19,62.02,61.95
2018-03-10,65.19,62.02,61.95
2018-03-11,65.19,62.02,61.95
2018-03-12,64.53,61.35,62.53
2018-03-13,64.2,60.69,62.15
2018-03-14,63.61,60.89,61.97
2018-03-15,63.67,61.16,62.24
2018-03-16,64.68,62.29,62.74
2018-03-17,64.68,62.29,62.74
2018-03-18,64.68,62.29,62.74
2018-03-19,64.82,62.01,63.31
2018-03-20,66.0,63.37,64.11
2018-03-21,68.15,65.1,65.39
2018-03-22,68.98,64.25,66.19
2018-03-23,69.03,65.8,66.4
2018-03-24,69.03,65.8,66.4
2018-03-25,69.03,65.8,66.4
2018-03-26,68.81,65.49,66.81
2018-03-27,68.63,65.21,66.81
2018-03-28,68.13,64.3,66.06
2018-03-29,69.02,64.87,65.87
2018-03-30,69.02,64.87,65.87
2018-03-31,69.02,64.87,65.87
2018-04-01,69.02,64.87,65.87
2018-04-02,69.02,63.05,66.08
2018-04-03,69.02,63.41,64.97
2018-04-04,66.04,63.35,64.48
2018-04-05,66.54,63.53,65.17
2018-04-06,66.51,62.03,64.81
2018-04-07,66.51,62.03,64.81
2018-04-08,66.51,62.03,64.81
2018-04-09,68.19,63.4,65.08
2018-04-10,70.67,65.48,66.95
2018-04-11,72.74,66.81,68.29
2018-04-12,71.44,67.07,68.74
2018-04-13,73.18,67.35,69.29
2018-04-14,73.18,67.35,69.29
2018-04-15,73.18,67.35,69.29
2018-04-16,72.05,66.23,68.41
2018-04-17,71.71,66.5,68.36
2018-04-18,73.73,68.44,69.39
2018-04-19,74.85,68.3,70.96
2018-04-20,74.62,68.26,70.37
2018-04-21,74.62,68.26,70.37
2018-04-22,74.62,68.26,70.37
2018-04-23,74.54,67.61,70.51
2018-04-24,75.86,67.66,71.35
2018-04-25,73.79,68.0,70.5
2018-04-26,75.39,68.18,71.0
2018-04-27,75.33,68.11,71.24
2018-04-28,75.33,68.11,71.24
2018-04-29,75.33,68.11,71.24
2018-04-30,75.92,68.56,71.02
2018-05-01,74.85,67.28,70.57
2018-05-02,73.14,67.91,70.46
2018-05-03,73.45,68.45,70.64
2018-05-04,74.75,69.71,70.98
2018-05-05,74.75,69.71,70.98
2018-05-06,74.75,69.71,70.98
2018-05-07,74.75,70.74,72.44
2018-05-08,74.16,68.83,72.1
2018-05-09,77.6,71.16,73.95
2018-05-10,77.59,71.36,74.45
2018-05-11,77.37,70.69,74.41
2018-05-12,77.37,70.69,74.41
2018-05-13,77.37,70.69,74.41
2018-05-14,78.17,71.01,74.2
2018-05-15,78.94,71.34,75.47
2018-05-16,78.19,71.43,75.18
2018-05-17,80.09,71.47,76.76
2018-05-18,78.38,71.23,76.47
2018-05-19,78.38,71.23,76.47
2018-05-20,78.38,71.23,76.47
2018-05-21,78.34,72.26,76.22
2018-05-22,80.42,72.09,77.19
2018-05-23,78.69,71.85,76.43
2018-05-24,78.9,70.77,76.62
2018-05-25,76.6,67.92,74.87
2018-05-26,76.6,67.92,74.87
2018-05-27,76.6,67.92,74.87
2018-05-28,76.6,67.92,73.37
2018-05-29,74.51,66.8,72.91
2018-05-30,75.89,68.24,73.73
2018-05-31,76.45,66.98,75.18
2018-06-01,74.54,65.81,74.25
2018-06-02,74.54,65.81,74.25
2018-06-03,74.54,65.81,74.25
2018-06-04,73.41,64.76,73.57
2018-06-05,72.91,65.51,72.8
2018-06-06,73.23,64.75,73.07
2018-06-07,75.23,65.96,73.63
2018-06-08,75.11,65.77,74.23
2018-06-09,75.11,65.77,74.23
2018-06-10,75.11,65.77,74.23
2018-06-11,74.58,66.1,73.97
2018-06-12,74.86,66.38,74.12
2018-06-13,75.07,66.63,73.36
2018-06-14,74.77,66.91,73.81
2018-06-15,72.02,65.01,72.8
2018-06-16,72.02,65.01,72.8
2018-06-17,72.02,65.01,72.8
2018-06-18,74.87,65.91,71.1
2018-06-19,74.92,65.09,71.88
2018-06-20,74.25,65.92,72.49
2018-06-21,72.87,65.68,70.96
2018-06-22,73.67,69.02,71.89
2018-06-23,73.67,69.02,71.89
2018-06-24,73.67,69.02,71.89
2018-06-25,72.82,69.91,72.16
2018-06-26,73.58,75.23,72.69
2018-06-27,76.09,77.41,74.31
2018-06-28,76.26,73.45,74.86
2018-06-29,77.44,74.13,75.68
2018-06-30,77.44,74.13,75.68
2018-07-01,77.44,74.13,75.68
2018-07-02,76.71,73.89,75.61
2018-07-03,75.87,74.19,74.96
2018-07-04,76.99,74.19,75.38
2018-07-05,77.09,73.05,75.21
2018-07-06,74.98,73.78,74.5
2018-07-07,74.98,73.78,74.5
2018-07-08,74.98,73.78,74.5
2018-07-09,77.08,73.93,75.23
2018-07-10,77.8,74.11,76.34
2018-07-11,75.35,70.47,74.4
2018-07-12,72.11,70.28,72.15
2018-07-13,74.11,71.03,72.15
2018-07-14,74.11,71.03,72.15
2018-07-15,74.11,71.03,72.15
2018-07-16,71.03,68.22,71.9
2018-07-17,70.87,68.03,70.38
2018-07-18,70.52,68.78,69.98
2018-07-19,71.94,69.42,70.91
2018-07-20,71.99,70.31,71.57
2018-07-21,71.99,70.31,71.57
2018-07-22,71.99,70.31,71.57
2018-07-23,73.45,67.9,71.85
2018-07-24,73.53,70.77,72.01
2018-07-25,73.67,71.13,72.87
2018-07-26,74.51,71.59,73.62
2018-07-27,74.84,68.66,73.69
2018-07-28,74.84,68.66,73.69
2018-07-29,74.84,68.66,73.69
2018-07-30,74.99,71.19,73.53
2018-07-31,74.16,69.88,73.62
2018-08-01,72.28,68.8,72.0
2018-08-02,72.95,68.95,71.52
2018-08-03,72.48,68.49,71.98
2018-08-04,72.48,68.49,71.98
2018-08-05,72.48,68.49,71.98
2018-08-06,72.51,69.01,72.18
2018-08-07,72.31,69.17,72.49
2018-08-08,70.71,66.92,72.1
2018-08-09,70.55,66.81,72.03
2018-08-10,71.0,67.61,70.6
2018-08-11,71.0,67.61,70.6
2018-08-12,71.0,67.61,70.6
2018-08-13,70.62,67.25,70.97
2018-08-14,70.77,67.04,71.33
2018-08-15,68.38,65.07,69.77
2018-08-16,69.21,65.44,69.47
2018-08-17,70.14,65.93,70.27
2018-08-18,70.14,65.93,70.27
2018-08-19,70.14,65.93,70.27
2018-08-20,71.11,66.5,70.64
2018-08-21,71.65,67.32,71.01
2018-08-22,72.96,67.85,71.75
2018-08-23,73.73,69.13,73.01
2018-08-24,74.41,69.71,74.02
2018-08-25,74.41,69.71,74.02
2018-08-26,74.41,69.71,74.02
2018-08-27,74.41,69.97,74.09
2018-08-28,75.91,68.54,74.75
2018-08-29,76.07,69.68,74.48
2018-08-30,77.05,70.25,75.72
2018-08-31,76.94,69.84,75.74
2018-09-01,76.94,69.84,75.74
2018-09-02,76.94,69.84,75.74
2018-09-03,77.81,69.84,75.77
2018-09-04,77.51,69.82,76.32
2018-09-05,76.68,68.69,75.18
2018-09-06,75.67,67.81,74.51
2018-09-07,75.55,67.73,74.17
2018-09-08,75.55,67.73,74.17
2018-09-09,75.55,67.73,74.17
2018-09-10,76.77,67.55,75.2
2018-09-11,78.22,69.29,76.02
2018-09-12,80.02,70.37,77.16
2018-09-13,77.66,68.6,76.46
2018-09-14,77.87,68.98,76.05
2018-09-15,77.87,68.98,76.05
2018-09-16,77.87,68.98,76.05
2018-09-17,78.22,68.86,76.19
2018-09-18,79.25,69.87,76.09
2018-09-19,79.43,71.08,77.06
2018-09-20,79.03,70.77,77.13
2018-09-21,78.9,70.8,77.08
2018-09-22,78.9,70.8,77.08
2018-09-23,78.9,70.8,77.08
2018-09-24,80.89,73.23,78.81
2018-09-25,82.21,73.4,80.44
2018-09-26,81.87,72.22,81.58
2018-09-27,81.54,72.18,80.88
2018-09-28,82.72,73.16,81.48
2018-09-29,82.72,73.16,81.48
2018-09-30,82.72,73.16,81.48
2018-10-01,84.94,75.37,81.58
2018-10-02,85.63,75.16,83.28
2018-10-03,85.45,76.4,83.64
2018-10-04,86.07,74.44,84.09
2018-10-05,85.12,74.26,83.24
2018-10-06,85.12,74.26,83.24
2018-10-07,85.12,74.26,83.24
2018-10-08,84.22,74.27,81.88
2018-10-09,85.16,74.95,83.17
2018-10-10,83.82,73.18,82.6
2018-10-11,81.35,70.97,80.14
2018-10-12,80.71,71.41,79.36
2018-10-13,80.71,71.41,79.36
2018-10-14,80.71,71.41,79.36
2018-10-15,80.91,71.84,79.31
2018-10-16,80.53,71.93,79.02
2018-10-17,79.91,69.63,79.5
2018-10-18,80.3,68.63,78.25
2018-10-19,80.38,69.16,78.15
2018-10-20,80.38,69.16,78.15
2018-10-21,80.38,69.16,78.15
2018-10-22,80.45,69.25,78.68
2018-10-23,78.67,66.49,77.11
2018-10-24,77.34,66.56,75.04
2018-10-25,77.3,67.25,75.33
2018-10-26,77.4,67.58,75.71
2018-10-27,77.4,67.58,75.71
2018-10-28,77.4,67.58,75.71
2018-10-29,77.56,67.0,76.07
2018-10-30,75.68,66.18,75.51
2018-10-31,74.84,65.31,75.24
2018-11-01,71.25,63.67,72.64
2018-11-02,71.11,63.12,71.35
2018-11-03,71.11,63.12,71.35
2018-11-04,71.11,63.12,71.35
2018-11-05,72.68,63.12,71.45
2018-11-06,70.64,62.16,70.88
2018-11-07,70.1,61.69,70.63
2018-11-08,69.29,60.71,70.68
2018-11-09,69.01,60.19,68.89
2018-11-10,69.01,60.19,68.89
2018-11-11,69.01,60.19,68.89
2018-11-12,69.81,59.85,69.82
2018-11-13,65.45,55.63,67.01
2018-11-14,64.88,56.16,64.51
2018-11-15,65.61,56.45,65.28
2018-11-16,65.29,56.49,66.0
2018-11-17,65.29,56.49,66.0
2018-11-18,65.29,56.49,66.0
2018-11-19,64.14,57.16,65.46
2018-11-20,61.5,53.39,64.02
2018-11-21,61.65,54.41,62.33
2018-11-22,61.11,54.41,62.08
2018-11-23,57.69,54.41,60.27
2018-11-24,57.69,54.41,60.27
2018-11-25,57.69,54.41,60.27
2018-11-26,59.7,51.46,59.29
2018-11-27,59.58,51.31,59.05
2018-11-28,57.97,50.06,59.25
2018-11-29,58.29,51.46,58.09
2018-11-30,57.71,50.78,58.33
2018-12-01,57.71,50.78,58.33
2018-12-02,57.71,50.78,58.33
2018-12-03,60.17,52.98,60.57
2018-12-04,61.22,53.21,61.09
2018-12-05,61.4,52.64,60.08
2018-12-06,57.83,51.54,58.79
2018-12-07,61.71,52.76,59.2
2018-12-08,61.71,52.76,59.2
2018-12-09,61.71,52.76,59.2
2018-12-10,60.29,51.07,59.72
2018-12-11,59.73,51.65,58.57
2018-12-12,59.94,51.04,59.2
2018-12-13,59.03,52.69,58.67
2018-12-14,58.56,51.26,59.07
2018-12-15,58.56,51.26,59.07
2018-12-16,58.56,51.26,59.07
2018-12-17,57.59,49.8,58.24
2018-12-18,55.26,46.12,56.08
2018-12-19,55.6,47.96,55.13
2018-12-20,52.84,45.64,53.92
2018-12-21,51.93,45.38,52.64
2018-12-22,51.93,45.38,52.64
2018-12-23,51.93,45.38,52.64
2018-12-24,51.93,45.38,52.64
2018-12-25,51.93,45.38,52.64
2018-12-26,51.93,46.04,50.11
2018-12-27,51.49,44.48,52.35
2018-12-28,50.57,45.15,51.55
2018-12-29,50.57,45.15,51.55
2018-12-30,50.57,45.15,51.55
2018-12-31,50.57,45.15,51.55
2019-01-01,50.57,45.15,51.55
2019-01-02,54.06,46.31,52.14
2019-01-03,53.23,46.92,52.93
2019-01-04,55.64,47.76,55.13
2019-01-05,55.64,47.76,55.13
2019-01-06,55.64,47.76,55.13
2019-01-07,57.1,48.27,56.42
2019-01-08,56.91,49.58,56.09
2019-01-09,59.46,52.19,58.22
2019-01-10,60.47,52.42,59.46
2019-01-11,59.24,51.44,60.0
2019-01-12,59.24,51.44,60.0
2019-01-13,59.24,51.44,60.0
2019-01-14,58.8,50.31,58.39
2019-01-15,58.65,51.8,58.24
2019-01-16,59.81,52.08,59.52
2019-01-17,59.85,51.83,59.63
2019-01-18,62.04,53.6,60.9
2019-01-19,62.04,53.6,60.9
2019-01-20,62.04,53.6,60.9
2019-01-21,62.18,53.6,61.49
2019-01-22,60.9,52.59,60.66
2019-01-23,61.05,52.44,60.52
2019-01-24,61.09,52.94,60.22
2019-01-25,61.49,53.53,60.9
2019-01-26,61.49,53.53,60.9
2019-01-27,61.49,53.53,60.9
2019-01-28,59.71,51.79,59.57
2019-01-29,60.98,53.07,59.71
2019-01-30,61.89,54.18,60.93
2019-01-31,62.46,53.84,61.19
2019-02-01,61.86,55.29,60.96
2019-02-02,61.86,55.29,60.96
2019-02-03,61.86,55.29,60.96
2019-02-04,62.26,54.57,62.33
2019-02-05,61.67,53.69,62.07
2019-02-06,62.22,53.94,62.3
2019-02-07,61.01,52.68,61.57
2019-02-08,61.37,52.75,61.37
2019-02-09,61.37,52.75,61.37
2019-02-10,61.37,52.75,61.37
2019-02-11,61.3,52.43,61.4
2019-02-12,62.58,53.14,61.88
2019-02-13,63.27,53.84,62.94
2019-02-14,64.0,54.4,64.28
2019-02-15,65.65,55.58,64.87
2019-02-16,65.65,55.58,64.87
2019-02-17,65.65,55.58,64.87
2019-02-18,66.41,55.58,66.03
2019-02-19,65.86,56.12,65.79
2019-02-20,66.82,56.9,65.97
2019-02-21,66.91,56.95,66.5
2019-02-22,66.91,57.01,66.56
2019-02-23,66.91,57.01,66.56
2019-02-24,66.91,57.01,66.56
2019-02-25,64.02,55.32,65.36
2019-02-26,64.51,55.4,64.08
2019-02-27,65.55,56.92,64.97
2019-02-28,65.03,57.21,65.28
2019-03-01,63.71,55.76,65.32
2019-03-02,63.71,55.76,65.32
2019-03-03,63.71,55.76,65.32
2019-03-04,64.44,56.6,64.86
2019-03-05,64.24,56.55,64.98
2019-03-06,64.51,56.22,65.04
2019-03-07,64.82,56.6,65.57
2019-03-08,65.66,55.77,64.78
2019-03-09,65.66,55.77,64.78
2019-03-10,65.66,55.77,64.78
2019-03-11,65.06,56.79,66.01
2019-03-12,65.33,56.89,66.3
2019-03-13,65.89,58.27,66.6
2019-03-14,66.18,58.59,67.29
2019-03-15,66.11,58.51,66.91
2019-03-16,66.11,58.51,66.91
2019-03-17,66.11,58.51,66.91
2019-03-18,66.65,59.09,66.87
2019-03-19,67.13,59.12,67.25
2019-03-20,68.35,60.12,67.54
2019-03-21,68.3,59.98,67.78
2019-03-22,66.29,58.87,66.67
2019-03-23,66.29,58.87,66.67
2019-03-24,66.29,58.87,66.67
2019-03-25,67.37,58.71,66.19
2019-03-26,67.51,59.87,67.03
2019-03-27,67.35,59.39,67.15
2019-03-28,66.08,59.29,66.38
2019-03-29,67.93,60.19,67.23
2019-03-30,67.93,60.19,67.23
2019-03-31,67.93,60.19,67.23
2019-04-01,69.08,61.59,68.31
2019-04-02,69.68,62.53,68.83
2019-04-03,69.21,62.46,69.12
2019-04-04,69.8,62.12,68.76
2019-04-05,69.93,63.1,69.02
2019-04-06,69.93,63.1,69.02
2019-04-07,69.93,63.1,69.02
2019-04-08,71.12,64.37,70.33
2019-04-09,71.02,64.05,70.35
2019-04-10,71.63,64.62,70.31
2019-04-11,71.3,63.61,70.41
2019-04-12,71.57,63.86,70.44
2019-04-13,71.57,63.86,70.44
2019-04-14,71.57,63.86,70.44
2019-04-15,70.9,63.43,70.21
2019-04-16,70.74,64.01,70.11
2019-04-17,71.14,63.74,70.81
2019-04-18,70.71,64.02,70.83
2019-04-19,70.71,64.02,70.83
2019-04-20,70.71,64.02,70.83
2019-04-21,70.71,64.02,70.83
2019-04-22,70.71,65.66,72.44
2019-04-23,74.39,66.24,73.37
2019-04-24,73.59,65.96,73.43
2019-04-25,74.94,65.23,74.04
2019-04-26,71.03,63.29,72.38
2019-04-27,71.03,63.29,72.38
2019-04-28,71.03,63.29,72.38
2019-04-29,71.22,63.39,71.07
2019-04-30,72.19,63.83,71.91
2019-05-01,72.01,63.55,72.0
2019-05-02,70.56,61.75,70.98
2019-05-03,71.95,61.98,70.61
2019-05-04,71.95,61.98,70.61
2019-05-05,71.95,61.98,70.61
2019-05-06,71.95,62.3,70.23
2019-05-07,70.98,61.41,70.45
2019-05-08,71.09,62.13,69.88
2019-05-09,70.61,61.58,69.66
2019-05-10,71.63,61.65,70.66
2019-05-11,71.63,61.65,70.66
2019-05-12,71.63,61.65,70.66
2019-05-13,72.35,60.97,71.21
2019-05-14,72.53,61.82,70.66
2019-05-15,73.09,62.03,71.26
2019-05-16,74.7,62.93,72.61
2019-05-17,73.94,62.77,72.57
2019-05-18,73.94,62.77,72.57
2019-05-19,73.94,62.77,72.57
2019-05-20,73.21,63.12,72.47
2019-05-21,72.94,63.02,71.71
2019-05-22,71.94,61.42,71.03
2019-05-23,68.37,57.65,68.56
2019-05-24,67.98,58.4,67.4
2019-05-25,67.98,58.4,67.4
2019-05-26,67.98,58.4,67.4
2019-05-27,67.98,58.4,67.42
2019-05-28,70.19,58.91,68.84
2019-05-29,70.64,58.84,67.75
2019-05-30,69.55,56.47,67.1
2019-05-31,66.78,53.49,64.15
2019-06-01,66.78,53.49,64.15
2019-06-02,66.78,53.49,64.15
2019-06-03,63.16,53.25,61.61
2019-06-04,63.56,53.5,61.63
2019-06-05,62.14,51.57,61.04
2019-06-06,62.77,52.59,60.88
2019-06-07,64.1,53.95,62.71
2019-06-08,64.1,53.95,62.71
2019-06-09,64.1,53.95,62.71
2019-06-10,64.31,53.33,63.01
2019-06-11,63.56,53.3,62.56
2019-06-12,61.66,51.13,61.01
2019-06-13,63.28,52.38,61.51
2019-06-14,63.13,52.47,61.25
2019-06-15,63.13,52.47,61.25
2019-06-16,63.13,52.47,61.25
2019-06-17,62.56,51.94,61.6
2019-06-18,63.35,53.86,61.43
2019-06-19,62.85,53.74,62.21
2019-06-20,65.44,56.88,63.95
2019-06-21,65.99,57.35,65.29
2019-06-22,65.99,57.35,65.29
2019-06-23,65.99,57.35,65.29
2019-06-24,65.16,57.73,65.05
2019-06-25,66.24,57.63,64.79
2019-06-26,66.85,59.17,65.6
2019-06-27,66.78,59.18,65.61
2019-06-28,67.52,58.2,65.6
2019-06-29,67.52,58.2,65.6
2019-06-30,67.52,58.2,65.6
2019-07-01,65.1,58.91,65.71
2019-07-02,62.72,56.0,63.95
2019-07-03,63.53,57.06,62.69
2019-07-04,63.62,57.06,63.43
2019-07-05,64.23,57.06,63.55
2019-07-06,64.23,57.06,63.55
2019-07-07,64.23,57.06,63.55
2019-07-08,64.89,57.35,64.72
2019-07-09,64.3,57.57,64.35
2019-07-10,66.41,60.28,66.1
2019-07-11,67.64,59.93,67.57
2019-07-12,66.65,59.99,67.36
2019-07-13,66.65,59.99,67.36
2019-07-14,66.65,59.99,67.36
2019-07-15,66.86,59.3,66.79
2019-07-16,65.87,57.44,66.13
2019-07-17,63.67,56.5,64.6
2019-07-18,60.7,55.08,63.1
2019-07-19,61.04,55.42,62.93
2019-07-20,61.04,55.42,62.93
2019-07-21,61.04,55.42,62.93
2019-07-22,61.96,55.87,64.27
2019-07-23,62.28,56.58,63.92
2019-07-24,63.83,55.9,64.58
2019-07-25,63.47,55.88,64.55
2019-07-26,62.46,56.04,64.02
2019-07-27,62.46,56.04,64.02
2019-07-28,62.46,56.04,64.02
2019-07-29,62.29,56.85,63.79
2019-07-30,62.55,58.04,64.62
2019-07-31,64.07,58.53,65.53
2019-08-01,62.9,53.64,63.37
2019-08-02,61.12,55.67,61.55
2019-08-03,61.12,55.67,61.55
2019-08-04,61.12,55.67,61.55
2019-08-05,59.32,54.63,60.41
2019-08-06,58.63,53.6,59.59
2019-08-07,55.03,51.14,57.7
2019-08-08,56.29,52.6,57.38
2019-08-09,57.37,54.41,57.88
2019-08-10,57.37,54.41,57.88
2019-08-11,57.37,54.41,57.88
2019-08-12,57.13,54.98,57.84
2019-08-13,59.9,57.05,59.34
2019-08-14,57.86,55.16,59.88
2019-08-15,57.37,54.51,58.77
2019-08-16,59.0,54.83,59.03
2019-08-17,59.0,54.83,59.03
2019-08-18,59.0,54.83,59.03
2019-08-19,59.79,56.24,59.46
2019-08-20,59.03,56.18,59.94
2019-08-21,60.6,55.65,60.66
2019-08-22,59.81,55.33,60.5
2019-08-23,58.64,54.08,59.67
2019-08-24,58.64,54.08,59.67
2019-08-25,58.64,54.08,59.67
2019-08-26,58.64,53.54,59.18
2019-08-27,58.44,54.99,58.98
2019-08-28,60.42,55.76,60.16
2019-08-29,60.59,56.67,60.24
2019-08-30,61.04,55.07,60.11
2019-08-31,61.04,55.07,60.11
2019-09-01,61.04,55.07,60.11
2019-09-02,58.55,55.07,58.76
2019-09-03,57.93,53.91,57.81
2019-09-04,60.68,56.22,58.97
2019-09-05,62.7,56.33,60.58
2019-09-06,61.28,56.45,60.75
2019-09-07,61.28,56.45,60.75
2019-09-08,61.28,56.45,60.75
2019-09-09,63.99,57.88,62.0
2019-09-10,64.67,57.37,62.74
2019-09-11,63.02,55.66,62.08
2019-09-12,60.76,55.13,60.51
2019-09-13,61.25,54.76,60.02
2019-09-14,61.25,54.76,60.02
2019-09-15,61.25,54.76,60.02
2019-09-16,68.42,63.1,66.43
2019-09-17,65.59,59.26,67.88
2019-09-18,64.29,58.19,64.57
2019-09-19,64.25,58.19,64.39
2019-09-20,65.23,57.92,65.3
2019-09-21,65.23,57.92,65.3
2019-09-22,65.23,57.92,65.3
2019-09-23,64.66,58.69,64.51
2019-09-24,64.13,57.22,63.93
2019-09-25,62.41,56.38,62.35
2019-09-26,62.08,56.24,62.31
2019-09-27,62.48,55.95,62.51
2019-09-28,62.48,55.95,62.51
2019-09-29,62.48,55.95,62.51
2019-09-30,60.99,54.09,61.09
2019-10-01,60.06,53.6,59.68
2019-10-02,57.92,52.67,58.75
2019-10-03,58.01,52.41,57.99
2019-10-04,59.13,52.84,58.62
2019-10-05,59.13,52.84,58.62
2019-10-06,59.13,52.84,58.62
2019-10-07,59.46,52.76,59.12
2019-10-08,58.14,52.64,58.56
2019-10-09,59.7,52.63,58.68
2019-10-10,59.08,53.57,58.74
2019-10-11,60.59,54.76,60.97
2019-10-12,60.59,54.76,60.97
2019-10-13,60.59,54.76,60.97
2019-10-14,58.81,53.57,59.95
2019-10-15,59.19,52.81,59.62
2019-10-16,59.3,53.42,59.28
2019-10-17,59.35,53.89,59.54
2019-10-18,59.96,53.75,60.06
2019-10-19,59.96,53.75,60.06
2019-10-20,59.96,53.75,60.06
2019-10-21,58.95,53.28,59.5
2019-10-22,60.5,54.21,59.78
2019-10-23,60.52,55.9,60.42
2019-10-24,61.71,56.11,61.63
2019-10-25,62.06,56.52,62.16
2019-10-26,62.06,56.52,62.16
2019-10-27,62.06,56.52,62.16
2019-10-28,60.39,55.6,61.65
2019-10-29,61.05,55.34,61.44
2019-10-30,60.22,54.85,61.24
2019-10-31,59.3,54.02,60.52
2019-11-01,60.17,56.04,60.19
2019-11-02,60.17,56.04,60.19
2019-11-03,60.17,56.04,60.19
2019-11-04,62.52,56.33,62.0
2019-11-05,62.72,57.04,62.57
2019-11-06,62.11,56.15,62.39
2019-11-07,62.6,56.91,62.32
2019-11-08,62.0,57.02,61.98
2019-11-09,62.0,57.02,61.98
2019-11-10,62.0,57.02,61.98
2019-11-11,62.58,57.02,62.26
2019-11-12,62.19,56.67,62.82
2019-11-13,62.27,56.88,62.48
2019-11-14,62.46,56.57,63.0
2019-11-15,63.32,57.54,63.12
2019-11-16,63.32,57.54,63.12
2019-11-17,63.32,57.54,63.12
2019-11-18,62.82,56.82,63.44
2019-11-19,62.37,54.93,62.51
2019-11-20,63.8,56.71,62.22
2019-11-21,64.99,58.36,63.68
2019-11-22,64.83,57.68,64.56
2019-11-23,64.83,57.68,64.56
2019-11-24,64.83,57.68,64.56
2019-11-25,64.67,57.79,64.21
2019-11-26,64.82,58.25,63.92
2019-11-27,65.03,58.12,64.4
2019-11-28,64.68,58.12,63.94
2019-11-29,64.5,58.12,63.83
2019-11-30,64.5,58.12,63.83
2019-12-01,64.5,58.12,63.83
2019-12-02,63.2,55.97,62.5
2019-12-03,62.95,56.15,62.57
2019-12-04,65.25,58.46,63.39
2019-12-05,65.67,58.42,64.81
2019-12-06,66.5,59.2,65.24
2019-12-07,66.5,59.2,65.24
2019-12-08,66.5,59.2,65.24
2019-12-09,66.44,58.99,65.57
2019-12-10,66.57,59.22,65.66
2019-12-11,65.37,58.74,65.38
2019-12-12,66.67,59.18,65.81
2019-12-13,67.44,60.11,66.76
2019-12-14,67.44,60.11,66.76
2019-12-15,67.44,60.11,66.76
2019-12-16,68.04,60.21,67.22
2019-12-17,68.99,60.88,67.48
2019-12-18,69.12,60.93,67.77
2019-12-19,69.7,61.3,67.93
2019-12-20,68.66,60.43,68.0
2019-12-21,68.66,60.43,68.0
2019-12-22,68.66,60.43,68.0
2019-12-23,67.49,60.51,67.58
2019-12-24,69.26,61.17,67.99
2019-12-25,69.26,61.17,67.99
2019-12-26,69.26,61.72,68.48
2019-12-27,68.91,61.76,69.07
2019-12-28,68.91,61.76,69.07
2019-12-29,68.91,61.76,69.07
2019-12-30,68.3,61.66,68.89
2019-12-31,67.77,61.14,67.96
2020-01-01,67.77,61.14,67.96
2020-01-02,67.05,61.17,67.12
2020-01-03,69.08,63.0,69.38
2020-01-04,69.08,63.0,69.38
2020-01-05,69.08,63.0,69.38
2020-01-06,70.25,63.27,70.87
2020-01-07,68.74,62.7,69.6
2020-01-08,67.31,59.65,69.58
2020-01-09,66.58,59.56,67.24
2020-01-10,66.77,59.02,67.02
2020-01-11,66.77,59.02,67.02
2020-01-12,66.77,59.02,67.02
2020-01-13,64.14,58.17,66.07
2020-01-14,64.45,58.34,65.63
2020-01-15,63.29,57.86,65.32
2020-01-16,64.63,58.52,65.62
2020-01-17,64.05,58.55,65.58
2020-01-18,64.05,58.55,65.58
2020-01-19,64.05,58.55,65.58
2020-01-20,64.63,58.55,66.11
2020-01-21,63.66,58.25,65.26
2020-01-22,62.11,56.76,64.66
2020-01-23,61.26,55.51,63.26
2020-01-24,59.34,54.09,62.52
2020-01-25,59.34,54.09,62.52
2020-01-26,59.34,54.09,62.52
2020-01-27,58.54,53.09,61.98
2020-01-28,59.37,53.33,60.67
2020-01-29,59.46,53.29,61.04
2020-01-30,57.72,52.19,58.8
2020-01-31,57.77,51.58,58.94
2020-02-01,57.77,51.58,58.94
2020-02-02,57.77,51.58,58.94
2020-02-03,54.0,50.06,55.53
2020-02-04,53.9,49.59,54.68
2020-02-05,55.36,50.87,55.01
2020-02-06,55.18,50.94,55.74
2020-02-07,54.53,50.34,55.13
2020-02-08,54.53,50.34,55.13
2020-02-09,54.53,50.34,55.13
2020-02-10,53.39,49.59,54.21
2020-02-11,54.0,50.0,54.2
2020-02-12,55.54,51.13,55.59
2020-02-13,56.34,51.41,55.9
2020-02-14,57.37,52.03,56.77
2020-02-15,57.37,52.03,56.77
2020-02-16,57.37,52.03,56.77
2020-02-17,57.83,52.03,57.28
2020-02-18,57.35,52.1,56.72
2020-02-19,59.72,53.31,58.39
2020-02-20,59.57,53.77,58.98
2020-02-21,58.6,53.36,58.21
2020-02-22,58.6,53.36,58.21
2020-02-23,58.6,53.36,58.21
2020-02-24,56.71,51.36,56.14
2020-02-25,55.29,49.78,55.91
2020-02-26,54.96,48.67,54.04
2020-02-27,52.19,47.17,51.92
2020-02-28,51.31,44.83,50.19
2020-02-29,51.31,44.83,50.19
2020-03-01,51.31,44.83,50.19
2020-03-02,52.52,46.78,51.68
2020-03-03,52.24,47.27,52.66
2020-03-04,51.86,46.78,52.01
2020-03-05,51.29,45.9,51.75
2020-03-06,45.6,41.14,48.35
2020-03-07,45.6,41.14,48.35
2020-03-08,45.6,41.14,48.35
2020-03-09,35.33,31.05,34.72
2020-03-10,35.57,34.47,35.73
2020-03-11,34.45,33.13,35.56
2020-03-12,31.02,31.56,33.27
2020-03-13,32.25,31.72,34.14
2020-03-14,32.25,31.72,34.14
2020-03-15,32.25,31.72,34.14
2020-03-16,27.98,28.96,30.63
2020-03-17,27.97,26.96,30.36
2020-03-18,22.79,20.48,27.31
2020-03-19,23.98,25.09,26.73
2020-03-20,25.55,19.48,28.57
2020-03-21,25.55,19.48,28.57
2020-03-22,25.55,19.48,28.57
2020-03-23,23.75,23.33,24.72
2020-03-24,24.5,21.03,26.53
2020-03-25,25.62,20.75,26.94
2020-03-26,23.55,16.6,26.04
2020-03-27,22.39,15.48,24.26
2020-03-28,22.39,15.48,24.26
2020-03-29,22.39,15.48,24.26
2020-03-30,19.19,14.1,21.66
2020-03-31,14.85,20.51,22.61
2020-04-01,14.97,20.28,16.85
2020-04-02,20.24,25.18,18.91
2020-04-03,24.33,28.36,23.01
2020-04-04,24.33,28.36,23.01
2020-04-05,24.33,28.36,23.01
2020-04-06,22.58,26.21,23.48
2020-04-07,22.1,23.54,22.67
2020-04-08,25.22,24.97,21.19
2020-04-09,20.23,22.9,21.77
2020-04-10,20.23,22.9,21.77
2020-04-11,20.23,22.9,21.77
2020-04-12,20.23,22.9,21.77
2020-04-13,20.23,22.36,21.18
2020-04-14,21.74,20.15,19.7
2020-04-15,19.8,19.96,17.51
2020-04-16,18.69,19.82,17.73
2020-04-17,19.75,18.31,18.17
2020-04-18,19.75,18.31,18.17
2020-04-19,19.75,18.31,18.17
2020-04-20,17.36,-36.98,14.19
2020-04-21,9.12,8.91,14.63
2020-04-22,13.77,13.64,12.22
2020-04-23,15.06,15.06,15.23
2020-04-24,15.87,15.99,14.31
2020-04-25,15.87,15.99,14.31
2020-04-26,15.87,15.99,14.31
2020-04-27,15.17,12.17,13.3
2020-04-28,15.6,12.4,12.41
2020-04-29,17.86,15.04,14.36
2020-04-30,18.11,19.23,18.05
2020-05-01,18.49,19.72,16.52
2020-05-02,18.49,19.72,16.52
2020-05-03,18.49,19.72,16.52
2020-05-04,20.4,20.47,18.36
2020-05-05,25.46,24.56,21.43
2020-05-06,24.2,23.88,22.4
2020-05-07,24.23,23.68,22.91
2020-05-08,24.23,24.73,22.21
2020-05-09,24.23,24.73,22.21
2020-05-10,24.23,24.73,22.21
2020-05-11,25.53,24.02,22.71
2020-05-12,26.67,25.76,22.83
2020-05-13,27.89,25.37,23.25
2020-05-14,29.87,27.4,24.93
2020-05-15,30.95,29.44,26.54
2020-05-16,30.95,29.44,26.54
2020-05-17,30.95,29.44,26.54
2020-05-18,33.3,31.83,28.21
2020-05-19,33.06,32.3,28.43
2020-05-20,34.76,33.56,28.68
2020-05-21,34.78,34.3,29.7
2020-05-22,33.8,33.49,28.06
2020-05-23,33.8,33.49,28.06
2020-05-24,33.8,33.49,28.06
2020-05-25,33.8,33.49,28.06
2020-05-26,33.95,34.7,29.75
2020-05-27,32.73,32.8,29.03
2020-05-28,33.98,33.67,28.45
2020-05-29,34.15,35.57,29.01
2020-05-30,34.15,35.57,29.01
2020-05-31,34.15,35.57,29.01
2020-06-01,36.74,35.49,33.69
2020-06-02,37.72,36.88,34.96
2020-06-03,37.98,37.33,35.47
2020-06-04,38.41,37.42,34.85
2020-06-05,41.0,39.49,36.84
2020-06-06,41.0,39.49,36.84
2020-06-07,41.0,39.49,36.84
2020-06-08,39.66,38.17,38.89
2020-06-09,40.45,38.98,37.1
2020-06-10,41.18,39.54,37.46
2020-06-11,37.76,36.43,36.56
2020-06-12,38.54,36.24,35.06
2020-06-13,38.54,36.24,35.06
2020-06-14,38.54,36.24,35.06
2020-06-15,39.44,37.07,35.09
2020-06-16,40.75,38.26,36.75
2020-06-17,40.47,37.91,37.59
2020-06-18,41.75,38.79,37.7
2020-06-19,42.33,39.72,39.45
2020-06-20,42.33,39.72,39.45
2020-06-21,42.33,39.72,39.45
2020-06-22,43.2,40.6,38.96
2020-06-23,42.72,40.4,39.85
2020-06-24,40.4,37.91,38.17
2020-06-25,41.18,38.66,37.18
2020-06-26,40.97,38.53,37.99
2020-06-27,40.97,38.53,37.99
2020-06-28,40.97,38.53,37.99
2020-06-29,41.58,39.67,37.34
2020-06-30,41.64,39.27,38.22
2020-07-01,42.18,39.88,42.69
2020-07-02,43.19,40.57,42.93
2020-07-03,42.92,40.57,42.96
2020-07-04,42.92,40.57,42.96
2020-07-05,42.92,40.57,42.96
2020-07-06,42.73,40.51,43.57
2020-07-07,43.28,40.59,43.15
2020-07-08,43.67,40.91,43.44
2020-07-09,42.35,39.64,43.31
2020-07-10,43.27,40.56,43.47
2020-07-11,43.27,40.56,43.47
2020-07-12,43.27,40.56,43.47
2020-07-13,42.85,40.06,43.38
2020-07-14,42.97,40.3,43.02
2020-07-15,43.96,41.2,44.12
2020-07-16,43.71,40.74,43.8
2020-07-17,43.53,40.55,43.22
2020-07-18,43.53,40.55,43.22
2020-07-19,43.53,40.55,43.22
2020-07-20,43.3,40.83,43.03
2020-07-21,44.31,41.76,44.29
2020-07-22,43.98,41.88,44.24
2020-07-23,42.96,40.99,44.62
2020-07-24,43.29,41.23,43.38
2020-07-25,43.29,41.23,43.38
2020-07-26,43.29,41.23,43.38
2020-07-27,43.39,41.46,43.14
2020-07-28,43.11,40.89,43.4
2020-07-29,43.51,41.13,43.59
2020-07-30,42.98,39.85,42.99
2020-07-31,43.13,40.1,43.02
2020-08-01,43.13,40.1,43.02
2020-08-02,43.13,40.1,43.02
2020-08-03,43.76,40.83,44.02
2020-08-04,43.99,41.67,44.27
2020-08-05,44.92,42.25,45.34
2020-08-06,45.04,41.93,45.17
2020-08-07,44.07,41.16,44.87
2020-08-08,44.07,41.16,44.87
2020-08-09,44.07,41.16,44.87
2020-08-10,44.19,41.94,45.01
2020-08-11,43.68,41.53,45.21
2020-08-12,45.09,42.6,45.08
2020-08-13,44.87,42.26,45.34
2020-08-14,44.86,42.05,44.62
2020-08-15,44.86,42.05,44.62
2020-08-16,44.86,42.05,44.62
2020-08-17,44.91,42.89,44.94
2020-08-18,45.34,42.89,45.49
2020-08-19,45.21,42.91,45.19
2020-08-20,44.56,42.62,45.05
2020-08-21,43.94,42.32,44.92
2020-08-22,43.94,42.32,44.92
2020-08-23,43.94,42.32,44.92
2020-08-24,44.43,42.44,45.19
2020-08-25,46.01,43.17,45.87
2020-08-26,45.79,43.21,46.05
2020-08-27,44.84,42.88,45.81
2020-08-28,45.22,42.96,45.33
2020-08-29,45.22,42.96,45.33
2020-08-30,45.22,42.96,45.33
2020-08-31,45.22,42.61,46.27
2020-09-01,45.72,42.76,45.3
2020-09-02,42.7,42.76,45.02
2020-09-03,42.72,41.39,43.36
2020-09-04,41.1,39.69,43.42
2020-09-05,41.1,39.69,43.42
2020-09-06,41.1,39.69,43.42
2020-09-07,40.67,39.69,41.64
2020-09-08,38.53,36.87,40.29
2020-09-09,39.98,38.05,39.82
2020-09-10,39.27,37.25,39.83
2020-09-11,38.8,37.33,39.37
2020-09-12,38.8,37.33,39.37
2020-09-13,38.8,37.33,39.37
2020-09-14,38.57,37.23,38.96
2020-09-15,39.54,38.29,39.35
2020-09-16,41.23,40.17,41.29
2020-09-17,42.35,40.99,42.07
2020-09-18,42.16,41.09,42.98
2020-09-19,42.16,41.09,42.98
2020-09-20,42.16,41.09,42.98
2020-09-21,40.37,39.26,41.49
2020-09-22,40.84,39.55,41.32
2020-09-23,41.09,39.92,41.4
2020-09-24,41.24,40.11,41.22
2020-09-25,40.91,40.06,41.93
2020-09-26,40.91,40.06,41.93
2020-09-27,40.91,40.06,41.93
2020-09-28,41.59,40.47,41.61
2020-09-29,40.33,39.03,41.46
2020-09-30,40.3,40.05,40.65
2020-10-01,39.75,38.51,39.94
2020-10-02,38.0,36.9,38.09
2020-10-03,38.0,36.9,38.09
2020-10-04,38.0,36.9,38.09
2020-10-05,39.78,39.12,39.07
2020-10-06,41.27,40.52,40.33
2020-10-07,40.62,39.82,40.45
2020-10-08,42.0,41.04,41.06
2020-10-09,41.63,40.44,41.61
2020-10-10,41.63,40.44,41.61
2020-10-11,41.63,40.44,41.61
2020-10-12,40.5,39.22,40.57
2020-10-13,41.34,40.03,40.68
2020-10-14,41.81,40.86,41.2
2020-10-15,41.61,40.84,41.29
2020-10-16,41.34,40.7,41.37
2020-10-17,41.34,40.7,41.37
2020-10-18,41.34,40.7,41.37
2020-10-19,41.29,40.69,41.38
2020-10-20,41.62,41.37,41.04
2020-10-21,40.09,39.88,40.88
2020-10-22,41.28,40.46,40.91
2020-10-23,40.71,39.73,41.05
2020-10-24,40.71,39.73,41.05
2020-10-25,40.71,39.73,41.05
2020-10-26,39.06,38.39,39.22
2020-10-27,39.72,39.34,39.53
2020-10-28,37.86,37.27,38.42
2020-10-29,36.56,35.94,37.12
2020-10-30,36.33,35.64,36.5
2020-10-31,36.33,35.64,36.5
2020-11-01,36.33,35.64,36.5
2020-11-02,37.78,36.6,35.89
2020-11-03,38.17,37.44,38.44
2020-11-04,39.68,38.97,39.09
2020-11-05,39.47,38.56,39.79
2020-11-06,38.08,36.97,39.22
2020-11-07,38.08,36.97,39.22
2020-11-08,38.08,36.97,39.22
2020-11-09,40.93,40.05,39.97
2020-11-10,42.25,41.18,41.72
2020-11-11,42.5,41.23,43.42
2020-11-12,42.16,40.9,42.97
2020-11-13,41.51,39.93,42.05
2020-11-14,41.51,39.93,42.05
2020-11-15,41.51,39.93,42.05
2020-11-16,42.71,41.14,42.93
2020-11-17,42.54,41.24,42.76
2020-11-18,42.91,41.64,43.05
2020-11-19,43.09,41.57,43.12
2020-11-20,43.79,41.99,43.38
2020-11-21,43.79,41.99,43.38
2020-11-22,43.79,41.99,43.38
2020-11-23,45.0,42.91,44.75
2020-11-24,46.63,44.71,45.51
2020-11-25,47.3,45.58,46.91
2020-11-26,46.32,45.58,46.66
2020-11-27,46.88,45.58,46.79
2020-11-28,46.88,45.58,46.79
2020-11-29,46.88,45.58,46.79
2020-11-30,46.84,45.2,46.43
2020-12-01,47.03,44.54,46.73
2020-12-02,47.8,45.23,46.69
2020-12-03,48.37,45.65,47.46
2020-12-04,49.1,46.23,48.35
2020-12-05,49.1,46.23,48.35
2020-12-06,49.1,46.23,48.35
2020-12-07,48.63,45.72,47.77
2020-12-08,48.84,45.64,47.79
2020-12-09,48.81,45.48,48.31
2020-12-10,50.33,46.76,48.87
2020-12-11,50.01,46.59,49.58
2020-12-12,50.01,46.59,49.58
2020-12-13,50.01,46.59,49.58
2020-12-14,50.27,47.02,49.65
2020-12-15,50.77,47.58,49.61
2020-12-16,50.83,47.86,50.12
2020-12-17,51.2,48.34,50.78
2020-12-18,52.17,49.04,50.69
2020-12-19,52.17,49.04,50.69
2020-12-20,52.17,49.04,50.69
2020-12-21,50.61,47.79,49.57
2020-12-22,49.88,47.02,49.22
2020-12-23,51.05,47.94,49.46
2020-12-24,50.88,48.18,50.31
2020-12-25,50.88,48.18,50.31
2020-12-26,50.88,48.18,50.31
2020-12-27,50.88,48.18,50.31
2020-12-28,50.88,47.5,50.1
2020-12-29,50.44,47.85,50.16
2020-12-30,50.74,48.24,50.22
2020-12-31,51.22,48.35,50.24
2021-01-01,51.22,48.35,50.24
2021-01-02,51.22,48.35,50.24
2021-01-03,51.22,48.35,50.24
2021-01-04,50.37,47.47,51.35
2021-01-05,53.16,49.78,50.75
2021-01-06,53.8,50.45,53.29
2021-01-07,53.7,50.63,53.84
2021-01-08,55.51,52.14,54.39
2021-01-09,55.51,52.14,54.39
2021-01-10,55.51,52.14,54.39
2021-01-11,54.84,52.15,54.76
2021-01-12,55.98,53.08,55.41
2021-01-13,55.52,52.81,55.81
2021-01-14,55.76,53.47,55.19
2021-01-15,54.8,52.25,54.68
2021-01-16,54.8,52.25,54.68
2021-01-17,54.8,52.25,54.68
2021-01-18,54.21,52.25,53.92
2021-01-19,55.38,52.87,54.85
2021-01-20,55.66,53.16,55.75
2021-01-21,55.68,53.0,55.14
2021-01-22,55.22,52.28,54.69
2021-01-23,55.22,52.28,54.69
2021-01-24,55.22,52.28,54.69
2021-01-25,55.44,52.78,54.85
2021-01-26,55.26,52.61,54.87
2021-01-27,55.07,52.81,55.31
2021-01-28,54.87,52.26,54.36
2021-01-29,55.25,52.16,54.41
2021-01-30,55.25,52.16,54.41
2021-01-31,55.25,52.16,54.41
2021-02-01,56.42,53.55,55.14
2021-02-02,57.62,54.77,56.82
2021-02-03,58.61,55.67,57.74
2021-02-04,58.98,56.19,58.26
2021-02-05,59.48,56.8,58.94
2021-02-06,59.48,56.8,58.94
2021-02-07,59.48,56.8,58.94
2021-02-08,60.17,57.95,59.59
2021-02-09,60.74,58.34,60.3
2021-02-10,61.17,58.69,60.47
2021-02-11,61.09,58.22,60.55
2021-02-12,62.47,59.5,60.79
2021-02-13,62.47,59.5,60.79
2021-02-14,62.47,59.5,60.79
2021-02-15,63.58,59.5,62.61
2021-02-16,63.96,60.07,62.49
2021-02-17,65.02,61.09,63.06
2021-02-18,64.09,60.4,63.44
2021-02-19,62.84,59.12,61.32
2021-02-20,62.84,59.12,61.32
2021-02-21,62.84,59.12,61.32
2021-02-22,64.73,61.67,62.01
2021-02-23,65.16,61.66,63.73
2021-02-24,66.85,63.21,64.0
2021-02-25,66.69,63.43,65.42
2021-02-26,65.86,61.55,64.37
2021-02-27,65.86,61.55,64.37
2021-02-28,65.86,61.55,64.37
2021-03-01,64.56,60.54,64.21
2021-03-02,63.17,59.7,61.94
2021-03-03,64.7,61.33,62.12
2021-03-04,67.32,63.81,64.23
2021-03-05,69.95,66.08,67.03
2021-03-06,69.95,66.08,67.03
2021-03-07,69.95,66.08,67.03
2021-03-08,68.0,65.03,68.17
2021-03-09,67.03,64.02,66.38
2021-03-10,67.53,64.45,65.6
2021-03-11,69.34,66.02,67.39
2021-03-12,68.87,65.59,68.14
2021-03-13,68.87,65.59,68.14
2021-03-14,68.87,65.59,68.14
2021-03-15,68.78,65.36,68.18
2021-03-16,67.95,64.82,66.89
2021-03-17,67.73,64.55,66.76
2021-03-18,62.11,59.95,64.79
2021-03-19,64.0,61.43,62.47
2021-03-20,64.0,61.43,62.47
2021-03-21,64.0,61.43,62.47
2021-03-22,63.89,61.48,63.22
2021-03-23,59.96,57.75,62.27
2021-03-24,63.7,61.12,61.61
2021-03-25,61.21,58.47,61.63
2021-03-26,63.77,60.93,62.56
2021-03-27,63.77,60.93,62.56
2021-03-28,63.77,60.93,62.56
2021-03-29,64.06,61.49,62.86
2021-03-30,63.28,60.55,63.37
2021-03-31,63.52,59.19,63.07
2021-04-01,63.85,61.41,61.75
2021-04-02,63.85,61.41,61.75
2021-04-03,63.85,61.41,61.75
2021-04-04,63.85,61.41,61.75
2021-04-05,63.85,58.73,61.68
2021-04-06,61.47,59.34,61.31
2021-04-07,61.86,59.77,60.67
2021-04-08,62.09,59.61,61.2
2021-04-09,61.89,59.29,61.12
2021-04-10,61.89,59.29,61.12
2021-04-11,61.89,59.29,61.12
2021-04-12,62.38,59.7,61.44
2021-04-13,62.83,60.2,61.85
2021-04-14,66.11,63.15,63.39
2021-04-15,66.13,63.42,64.48
2021-04-16,65.98,63.16,65.21
2021-04-17,65.98,63.16,65.21
2021-04-18,65.98,63.16,65.21
2021-04-19,66.54,63.33,65.1
2021-04-20,65.34,62.61,65.36
2021-04-21,64.02,61.34,64.02
2021-04-22,65.07,61.45,63.06
2021-04-23,65.75,62.18,63.63
2021-04-24,65.75,62.18,63.63
2021-04-25,65.75,62.18,63.63
2021-04-26,65.5,62.02,63.22
2021-04-27,66.25,63.03,63.91
2021-04-28,67.08,63.81,64.53
2021-04-29,68.26,65.0,65.71
2021-04-30,67.73,63.5,65.42
2021-05-01,67.73,63.5,65.42
2021-05-02,67.73,63.5,65.42
2021-05-03,67.73,64.46,65.09
2021-05-04,68.91,65.72,66.67
2021-05-05,69.71,65.63,68.2
2021-05-06,68.62,64.73,67.49
2021-05-07,68.73,64.96,66.57
2021-05-08,68.73,64.96,66.57
2021-05-09,68.73,64.96,66.57
2021-05-10,68.61,64.92,67.1
2021-05-11,68.83,65.31,66.39
2021-05-12,69.62,65.96,67.46
2021-05-13,67.36,63.82,66.78
2021-05-14,69.24,65.32,66.16
2021-05-15,69.24,65.32,66.16
2021-05-16,69.24,65.32,66.16
2021-05-17,69.62,66.24,67.52
2021-05-18,69.01,65.49,68.39
2021-05-19,66.88,63.28,65.95
2021-05-20,65.18,61.95,65.29
2021-05-21,66.72,63.61,64.18
2021-05-22,66.72,63.61,64.18
2021-05-23,66.72,63.61,64.18
2021-05-24,68.59,66.13,66.93
2021-05-25,68.8,66.27,67.41
2021-05-26,68.93,66.41,67.47
2021-05-27,69.43,66.87,67.32
2021-05-28,69.36,66.31,68.2
2021-05-29,69.36,66.31,68.2
2021-05-30,69.36,66.31,68.2
2021-05-31,69.36,66.31,68.53
2021-06-01,70.03,67.8,69.03
2021-06-02,70.6,68.79,69.39
2021-06-03,70.71,68.81,69.91
2021-06-04,71.3,69.57,70.23
2021-06-05,71.3,69.57,70.23
2021-06-06,71.3,69.57,70.23
2021-06-07,70.89,69.21,70.15
2021-06-08,71.39,70.11,69.83
2021-06-09,71.31,69.9,71.21
2021-06-10,71.65,70.34,70.9
2021-06-11,72.05,71.0,71.31
2021-06-12,72.05,71.0,71.31
2021-06-13,72.05,71.0,71.31
2021-06-14,72.27,70.94,71.99
2021-06-15,73.38,72.06,72.05
2021-06-16,73.88,72.03,73.16
2021-06-17,72.92,71.06,72.29
2021-06-18,73.1,71.64,71.56
2021-06-19,73.1,71.64,71.56
2021-06-20,73.1,71.64,71.56
2021-06-21,74.49,73.64,72.45
2021-06-22,74.92,73.15,73.13
2021-06-23,75.22,73.11,74.01
2021-06-24,75.95,73.31,74.09
2021-06-25,76.45,74.21,74.19
2021-06-26,76.45,74.21,74.19
2021-06-27,76.45,74.21,74.19
2021-06-28,74.78,72.98,73.84
2021-06-29,75.38,73.14,73.34
2021-06-30,76.94,73.52,73.6
2021-07-01,76.69,75.33,74.87
2021-07-02,77.51,75.37,75.21
2021-07-03,77.51,75.37,75.21
2021-07-04,77.51,75.37,75.21
2021-07-05,78.34,75.37,75.71
2021-07-06,75.81,73.62,75.94
2021-07-07,74.31,72.22,73.58
2021-07-08,75.07,72.98,71.97
2021-07-09,77.14,74.56,74.18
2021-07-10,77.14,74.56,74.18
2021-07-11,77.14,74.56,74.18
2021-07-12,76.77,74.21,74.33
2021-07-13,77.5,75.24,75.13
2021-07-14,75.74,73.06,75.29
2021-07-15,74.53,71.67,73.15
2021-07-16,74.46,71.76,72.84
2021-07-17,74.46,71.76,72.84
2021-07-18,74.46,71.76,72.84
2021-07-19,69.33,66.45,70.54
2021-07-20,70.03,67.32,70.5
2021-07-21,72.54,70.26,69.93
2021-07-22,74.25,72.15,72.09
2021-07-23,74.86,72.24,73.03
2021-07-24,74.86,72.24,73.03
2021-07-25,74.86,72.24,73.03
2021-07-26,74.79,72.15,72.68
2021-07-27,74.87,71.68,73.62
2021-07-28,75.09,72.37,73.57
2021-07-29,76.3,73.62,74.42
2021-07-30,77.72,73.93,74.98
2021-07-31,77.72,73.93,74.98
2021-08-01,77.72,73.93,74.98
2021-08-02,73.91,71.31,73.89
2021-08-03,73.24,70.64,72.71
2021-08-04,70.99,68.19,71.83
2021-08-05,72.14,69.1,70.34
2021-08-06,71.02,68.26,71.3
2021-08-07,71.02,68.26,71.3
2021-08-08,71.02,68.26,71.3
2021-08-09,69.65,66.56,70.66
2021-08-10,71.14,68.33,70.13
2021-08-11,71.99,69.3,70.52
2021-08-12,71.79,69.12,71.32
2021-08-13,70.9,68.36,70.9
2021-08-14,70.9,68.36,70.9
2021-08-15,70.9,68.36,70.9
2021-08-16,70.07,67.44,69.65
2021-08-17,69.4,66.5,69.4
2021-08-18,68.61,65.36,69.32
2021-08-19,66.8,63.69,66.08
2021-08-20,65.51,62.25,66.13
2021-08-21,65.51,62.25,66.13
2021-08-22,65.51,62.25,66.13
2021-08-23,69.07,65.65,67.33
2021-08-24,71.21,67.5,69.71
2021-08-25,72.12,68.54,70.59
2021-08-26,70.42,67.42,70.75
2021-08-27,72.26,68.84,71.48
2021-08-28,72.26,68.84,71.48
2021-08-29,72.26,68.84,71.48
2021-08-30,72.26,69.28,71.88
2021-08-31,73.45,68.43,71.43
2021-09-01,71.99,68.63,71.25
2021-09-02,73.56,70.07,71.63
2021-09-03,73.07,69.34,72.56
2021-09-04,73.07,69.34,72.56
2021-09-05,73.07,69.34,72.56
2021-09-06,72.43,69.34,71.29
2021-09-07,71.52,68.49,71.34
2021-09-08,72.36,69.36,71.17
2021-09-09,71.32,68.26,71.82
2021-09-10,72.44,69.82,71.98
2021-09-11,72.44,69.82,71.98
2021-09-12,72.44,69.82,71.98
2021-09-13,72.97,70.54,72.77
2021-09-14,73.05,70.53,73.29
2021-09-15,74.84,72.59,73.78
2021-09-16,75.14,72.69,74.17
2021-09-17,74.64,72.09,74.14
2021-09-18,74.64,72.09,74.14
2021-09-19,74.64,72.09,74.14
2021-09-20,73.59,70.41,73.47
2021-09-21,73.65,70.51,73.68
2021-09-22,75.5,72.37,74.46
2021-09-23,76.44,73.43,75.44
2021-09-24,77.42,74.18,76.21
2021-09-25,77.42,74.18,76.21
2021-09-26,77.42,74.18,76.21
2021-09-27,78.85,75.54,77.73
2021-09-28,78.3,75.44,78.37
2021-09-29,77.86,75.06,77.13
2021-09-30,77.81,75.22,77.72
2021-10-01,79.4,76.01,76.36
2021-10-02,79.4,76.01,76.36
2021-10-03,79.4,76.01,76.36
2021-10-04,81.44,77.68,78.26
2021-10-05,82.72,79.17,80.44
2021-10-06,81.39,77.66,80.63
2021-10-07,82.34,78.46,78.58
2021-10-08,82.17,79.55,81.54
2021-10-09,82.17,79.55,81.54
2021-10-10,82.17,79.55,81.54
2021-10-11,83.75,80.64,82.53
2021-10-12,83.53,80.75,82.37
2021-10-13,83.53,80.67,81.79
2021-10-14,83.86,81.43,82.5
2021-10-15,84.67,82.39,83.54
2021-10-16,84.67,82.39,83.54
2021-10-17,84.67,82.39,83.54
2021-10-18,84.13,82.62,84.04
2021-10-19,85.02,83.19,83.48
2021-10-20,85.76,84.4,83.3
2021-10-21,84.58,82.64,83.36
2021-10-22,85.43,84.53,83.4
2021-10-23,85.43,84.53,83.4
2021-10-24,85.43,84.53,83.4
2021-10-25,84.85,84.64,84.66
2021-10-26,85.11,85.64,84.52
2021-10-27,84.12,82.66,83.72
2021-10-28,83.4,82.78,82.41
2021-10-29,83.1,83.5,82.87
2021-10-30,83.1,83.5,82.87
2021-10-31,83.1,83.5,82.87
2021-11-01,84.51,84.08,82.55
2021-11-02,84.42,83.91,83.43
2021-11-03,81.1,80.82,81.64
2021-11-04,80.15,78.88,81.48
2021-11-05,82.43,81.25,80.16
2021-11-06,82.43,81.25,80.16
2021-11-07,82.43,81.25,80.16
2021-11-08,83.22,81.96,82.39
2021-11-09,84.52,84.12,82.7
2021-11-10,82.91,81.23,83.75
2021-11-11,83.4,81.47,81.99
2021-11-12,82.9,80.87,81.7
2021-11-13,82.9,80.87,81.7
2021-11-14,82.9,80.87,81.7
2021-11-15,81.94,80.85,80.9
2021-11-16,82.85,80.76,82.01
2021-11-17,80.67,78.32,81.1
2021-11-18,82.45,78.92,79.37
2021-11-19,80.24,76.11,80.32
2021-11-20,80.24,76.11,80.32
2021-11-21,80.24,76.11,80.32
2021-11-22,80.97,76.74,78.9
2021-11-23,83.43,78.32,79.4
2021-11-24,82.37,78.32,81.75
2021-11-25,82.05,78.32,81.31
2021-11-26,72.37,78.32,76.09
2021-11-27,72.37,78.32,76.09
2021-11-28,72.37,78.32,76.09
2021-11-29,73.34,69.88,74.2
2021-11-30,70.86,66.14,71.01
2021-12-01,69.53,65.44,71.67
2021-12-02,70.56,66.6,70.07
2021-12-03,70.71,66.39,71.65
2021-12-04,70.71,66.39,71.65
2021-12-05,70.71,66.39,71.65
2021-12-06,73.38,69.62,71.45
2021-12-07,75.54,71.94,74.65
2021-12-08,75.94,72.43,75.13
2021-12-09,74.1,70.87,75.41
2021-12-10,74.98,71.71,74.07
2021-12-11,74.98,71.71,74.07
2021-12-12,74.98,71.71,74.07
2021-12-13,74.12,71.19,75.04
2021-12-14,73.37,70.57,74.28
2021-12-15,73.71,70.89,73.12
2021-12-16,74.64,72.34,74.66
2021-12-17,72.97,70.93,74.23
2021-12-18,72.97,70.93,74.23
2021-12-19,72.97,70.93,74.23
2021-12-20,70.51,68.69,70.94
2021-12-21,72.85,71.1,72.18
2021-12-22,74.69,72.82,73.99
2021-12-23,76.26,73.89,75.16
2021-12-24,75.24,73.89,75.5
2021-12-25,75.24,73.89,75.5
2021-12-26,75.24,73.89,75.5
2021-12-27,75.24,75.49,75.63
2021-12-28,75.24,76.01,77.39
2021-12-29,78.63,76.58,78.17
2021-12-30,78.61,76.83,78.33
2021-12-31,77.24,75.33,77.97
2022-01-01,77.24,75.33,77.97
2022-01-02,77.24,75.33,77.97
2022-01-03,78.25,75.99,77.86
2022-01-04,79.39,77.0,78.78
2022-01-05,80.6,77.83,79.92
2022-01-06,81.99,79.47,80.65
2022-01-07,82.28,79.0,82.0
2022-01-08,82.28,79.0,82.0
2022-01-09,82.28,79.0,82.0
2022-01-10,81.56,78.11,81.6
2022-01-11,84.98,81.17,81.97
2022-01-12,85.83,82.51,84.19
2022-01-13,85.8,81.97,84.56
2022-01-14,87.17,83.82,85.3
2022-01-15,87.17,83.82,85.3
2022-01-16,87.17,83.82,85.3
2022-01-17,87.82,83.82,86.38
2022-01-18,88.83,85.42,87.93
2022-01-19,89.64,86.84,88.33
2022-01-20,89.75,86.29,88.39
2022-01-21,89.75,85.16,87.3
2022-01-22,89.75,85.16,87.3
2022-01-23,89.75,85.16,87.3
2022-01-24,87.74,84.48,87.83
2022-01-25,89.49,86.61,87.19
2022-01-26,91.22,88.33,89.18
2022-01-27,90.7,87.61,90.04
2022-01-28,91.47,87.67,89.97
2022-01-29,91.47,87.67,89.97
2022-01-30,91.47,87.67,89.97
2022-01-31,92.35,89.16,90.73
2022-02-01,90.24,88.22,90.22
2022-02-02,91.43,88.16,89.94
2022-02-03,92.99,90.17,89.73
2022-02-04,96.86,92.27,92.59
2022-02-05,96.86,92.27,92.59
2022-02-06,96.86,92.27,92.59
2022-02-07,97.28,91.25,93.18
2022-02-08,96.07,89.32,91.92
2022-02-09,94.95,89.57,91.59
2022-02-10,96.37,89.83,92.62
2022-02-11,97.5,93.1,92.61
2022-02-12,97.5,93.1,92.61
2022-02-13,97.5,93.1,92.61
2022-02-14,101.66,95.52,94.92
2022-02-15,98.43,92.07,94.48
2022-02-16,97.44,93.83,95.07
2022-02-17,95.28,91.78,93.78
2022-02-18,96.18,91.26,92.55
2022-02-19,96.18,91.26,92.55
2022-02-20,96.18,91.26,92.55
2022-02-21,98.95,91.26,94.04
2022-02-22,98.73,92.11,97.68
2022-02-23,99.29,92.14,95.84
2022-02-24,101.29,92.77,100.95
2022-02-25,98.56,91.68,96.41
2022-02-26,98.56,91.68,96.41
2022-02-27,98.56,91.68,96.41
2022-02-28,103.08,96.13,98.96
2022-03-01,110.93,103.66,103.7
2022-03-02,118.94,110.74,112.01
2022-03-03,115.36,107.69,116.87
2022-03-04,123.86,115.77,112.96
2022-03-05,123.86,115.77,112.96
2022-03-06,123.86,115.77,112.96
2022-03-07,129.02,119.26,126.32
2022-03-08,133.18,123.64,127.74
2022-03-09,116.58,108.81,128.27
2022-03-10,114.54,105.93,117.04
2022-03-11,118.11,109.31,113.1
2022-03-12,118.11,109.31,113.1
2022-03-13,118.11,109.31,113.1
2022-03-14,110.39,103.22,110.48
2022-03-15,105.14,96.42,102.67
2022-03-16,104.61,94.85,103.87
2022-03-17,113.5,102.97,104.77
2022-03-18,114.32,104.69,108.93
2022-03-19,114.32,104.69,108.93
2022-03-20,114.32,104.69,108.93
2022-03-21,122.29,112.14,113.65
2022-03-22,121.53,111.03,114.44
2022-03-23,127.52,114.89,116.79
2022-03-24,123.98,114.2,118.72
2022-03-25,122.67,116.2,115.99
2022-03-26,122.67,116.2,115.99
2022-03-27,122.67,116.2,115.99
2022-03-28,114.5,107.55,113.39
2022-03-29,112.79,104.25,110.05
2022-03-30,115.59,107.81,110.46
2022-03-31,107.29,100.53,107.74
2022-04-01,106.13,99.32,104.93
2022-04-02,106.13,99.32,104.93
2022-04-03,106.13,99.32,104.93
2022-04-04,108.15,103.29,106.26
2022-04-05,106.6,101.98,108.08
2022-04-06,100.81,96.39,106.17
2022-04-07,99.83,96.05,100.16
2022-04-08,101.26,98.35,101.06
2022-04-09,101.26,98.35,101.06
2022-04-10,101.26,98.35,101.06
2022-04-11,97.92,94.22,100.08
2022-04-12,104.42,100.52,102.41
2022-04-13,108.49,104.26,106.07
2022-04-14,110.83,106.84,108.52
2022-04-15,110.83,106.84,108.52
2022-04-16,110.83,106.84,108.52
2022-04-17,110.83,106.84,108.52
2022-04-18,110.83,108.24,110.54
2022-04-19,105.49,102.54,110.52
2022-04-20,105.05,102.56,107.97
2022-04-21,107.2,103.89,108.81
2022-04-22,105.15,102.86,107.66
2022-04-23,105.15,102.86,107.66
2022-04-24,105.15,102.86,107.66
2022-04-25,99.27,99.6,101.93
2022-04-26,102.89,102.62,102.94
2022-04-27,103.3,101.96,105.33
2022-04-28,105.78,105.47,105.3
2022-04-29,108.36,104.59,107.99
2022-04-30,108.36,104.59,107.99
2022-05-01,108.36,104.59,107.99
2022-05-02,108.36,105.18,110.09
2022-05-03,104.94,102.53,109.7
2022-05-04,110.53,107.84,110.73
2022-05-05,112.11,108.17,112.94
2022-05-06,113.86,109.72,114.27
2022-05-07,113.86,109.72,114.27
2022-05-08,113.86,109.72,114.27
2022-05-09,106.67,103.08,112.38
2022-05-10,102.61,99.74,108.08
2022-05-11,107.7,105.5,108.92
2022-05-12,108.06,106.15,109.2
2022-05-13,112.12,110.52,112.27
2022-05-14,112.12,110.52,112.27
2022-05-15,112.12,110.52,112.27
2022-05-16,114.86,114.07,112.98
2022-05-17,112.89,112.31,117.1
2022-05-18,110.04,109.67,114.84
2022-05-19,113.22,112.21,111.94
2022-05-20,113.63,112.63,114.69
2022-05-21,113.63,112.63,114.69
2022-05-22,113.63,112.63,114.69
2022-05-23,115.13,110.32,115.95
2022-05-24,115.77,112.55,114.96
2022-05-25,116.41,112.88,115.83
2022-05-26,119.81,116.19,116.5
2022-05-27,121.19,114.96,118.84
2022-05-28,121.19,114.96,118.84
2022-05-29,121.19,114.96,118.84
2022-05-30,123.01,114.96,120.01
2022-05-31,125.53,114.38,122.94
2022-06-01,122.2,115.26,117.07
2022-06-02,122.2,116.88,114.62
2022-06-03,125.68,118.97,117.15
2022-06-04,125.68,118.97,117.15
2022-06-05,125.68,118.97,117.15
2022-06-06,124.99,118.41,119.85
2022-06-07,126.89,119.55,120.16
2022-06-08,129.2,121.94,121.54
2022-06-09,128.47,121.52,123.21
2022-06-10,127.44,120.73,123.19
2022-06-11,127.44,120.73,123.19
2022-06-12,127.44,120.73,123.19
2022-06-13,128.44,120.92,120.66
2022-06-14,127.02,118.92,123.73
2022-06-15,124.96,115.32,121.07
2022-06-16,125.78,117.56,119.24
2022-06-17,119.22,109.56,118.97
2022-06-18,119.22,109.56,118.97
2022-06-19,119.22,109.56,118.97
2022-06-20,118.25,109.56,113.39
2022-06-21,118.51,110.49,115.97
2022-06-22,115.54,106.22,111.0
2022-06-23,114.5,105.75,111.09
2022-06-24,117.36,109.07,112.35
2022-06-25,117.36,109.07,112.35
2022-06-26,117.36,109.07,112.35
2022-06-27,119.69,111.44,114.88
2022-06-28,122.21,113.66,117.55
2022-06-29,120.8,111.65,117.63
2022-06-30,119.78,107.76,115.6
2022-07-01,119.21,110.3,113.15
2022-07-02,119.21,110.3,113.15
2022-07-03,119.21,110.3,113.15
2022-07-04,121.8,110.3,115.25
2022-07-05,110.49,101.55,114.24
2022-07-06,108.54,100.31,106.67
2022-07-07,113.4,104.62,105.25
2022-07-08,113.95,106.78,109.02
2022-07-09,113.95,106.78,109.02
2022-07-10,113.95,106.78,109.02
2022-07-11,114.85,106.09,108.8
2022-07-12,106.98,97.69,106.81
2022-07-13,107.17,98.44,104.36
2022-07-14,107.74,97.79,102.61
2022-07-15,112.26,99.59,104.33
2022-07-16,112.26,99.59,104.33
2022-07-17,112.26,99.59,104.33
2022-07-18,117.27,104.48,108.7
2022-07-19,114.96,106.12,110.22
2022-07-20,115.86,104.45,109.87
2022-07-21,112.81,98.44,107.44
2022-07-22,106.77,97.71,107.6
2022-07-23,106.77,97.71,107.6
2022-07-24,106.77,97.71,107.6
2022-07-25,108.23,99.83,106.22
2022-07-26,107.32,97.74,109.3
2022-07-27,109.64,100.03,108.05
2022-07-28,109.68,99.11,110.79
2022-07-29,111.51,101.31,110.84
2022-07-30,111.51,101.31,110.84
2022-07-31,111.51,101.31,110.84
2022-08-01,106.09,96.59,106.8
2022-08-02,106.51,97.14,104.86
2022-08-03,101.82,93.25,104.18
2022-08-04,97.99,91.29,101.19
2022-08-05,100.31,91.77,100.01
2022-08-06,100.31,91.77,100.01
2022-08-07,100.31,91.77,100.01
2022-08-08,103.46,93.52,100.78
2022-08-09,103.81,93.18,100.92
2022-08-10,105.06,94.68,101.29
2022-08-11,107.19,97.02,103.2
2022-08-12,103.7,94.86,103.83
2022-08-13,103.7,94.86,103.83
2022-08-14,103.7,94.86,103.83
2022-08-15,98.25,92.24,100.04
2022-08-16,95.36,89.23,97.44
2022-08-17,97.22,90.85,95.73
2022-08-18,96.35,93.2,98.22
2022-08-19,96.45,93.55,99.66
2022-08-20,96.45,93.55,99.66
2022-08-21,96.45,93.55,99.66
2022-08-22,95.06,93.42,98.72
2022-08-23,99.49,96.46,101.93
2022-08-24,99.87,95.52,104.05
2022-08-25,98.81,93.33,104.63
2022-08-26,101.13,93.63,103.89
2022-08-27,101.13,93.63,103.89
2022-08-28,101.13,93.63,103.89
2022-08-29,101.13,97.4,104.85
2022-08-30,99.34,92.08,106.41
2022-08-31,96.55,90.09,101.04
2022-09-01,92.24,87.09,98.19
2022-09-02,93.09,87.29,99.13
2022-09-03,93.09,87.29,99.13
2022-09-04,93.09,87.29,99.13
2022-09-05,94.22,87.29,99.76
2022-09-06,91.43,87.35,98.95
2022-09-07,86.83,82.5,95.88
2022-09-08,87.99,84.04,92.59
2022-09-09,91.68,87.27,95.2
2022-09-10,91.68,87.27,95.2
2022-09-11,91.68,87.27,95.2
2022-09-12,93.45,88.18,97.42
2022-09-13,92.04,87.84,98.38
2022-09-14,92.83,88.88,97.57
2022-09-15,89.28,85.72,97.3
2022-09-16,89.43,85.57,95.7
2022-09-17,89.43,85.57,95.7
2022-09-18,89.43,85.57,95.7
2022-09-19,89.43,86.15,95.2
2022-09-20,89.62,84.69,96.55
2022-09-21,89.86,83.38,96.31
2022-09-22,90.4,84.02,95.51
2022-09-23,84.29,79.07,92.67
2022-09-24,84.29,79.07,92.67
2022-09-25,84.29,79.07,92.67
2022-09-26,82.55,77.17,89.5
2022-09-27,85.97,78.91,89.81
2022-09-28,89.55,82.61,90.27
2022-09-29,89.41,81.78,92.76
2022-09-30,88.9,79.91,92.34
2022-10-01,88.9,79.91,92.34
2022-10-02,88.9,79.91,92.34
2022-10-03,90.68,84.05,90.69
2022-10-04,93.74,86.87,92.14
2022-10-05,94.35,88.22,94.06
2022-10-06,95.65,88.9,95.81
2022-10-07,98.88,93.07,97.44
2022-10-08,98.88,93.07,97.44
2022-10-09,98.88,93.07,97.44
2022-10-10,97.13,91.6,99.13
2022-10-11,95.17,89.75,96.03
2022-10-12,93.44,87.83,95.12
2022-10-13,95.16,89.59,93.66
2022-10-14,92.22,86.1,94.17
2022-10-15,92.22,86.1,94.17
2022-10-16,92.22,86.1,94.17
2022-10-17,91.04,86.0,92.16
2022-10-18,89.46,83.29,90.82
2022-10-19,91.34,86.0,89.29
2022-10-20,91.52,86.02,92.48
2022-10-21,91.82,85.47,92.09
2022-10-22,91.82,85.47,92.09
2022-10-23,91.82,85.47,92.09
2022-10-24,91.57,86.12,92.17
2022-10-25,91.76,86.93,92.56
2022-10-26,92.93,89.39,93.32
2022-10-27,94.17,89.06,94.73
2022-10-28,94.64,87.85,95.01
2022-10-29,94.64,87.85,95.01
2022-10-30,94.64,87.85,95.01
2022-10-31,93.3,86.54,93.17
2022-11-01,95.12,88.36,94.4
2022-11-02,96.07,90.06,94.71
2022-11-03,95.29,88.14,93.49
2022-11-04,99.53,92.58,96.12
2022-11-05,99.53,92.58,96.12
2022-11-06,99.53,92.58,96.12
2022-11-07,99.87,91.8,97.29
2022-11-08,96.85,88.8,95.96
2022-11-09,93.05,85.79,93.19
2022-11-10,94.25,86.52,91.29
2022-11-11,96.37,89.14,94.81
2022-11-12,96.37,89.14,94.81
2022-11-13,96.37,89.14,94.81
2022-11-14,93.59,85.85,94.42
2022-11-15,94.3,86.87,91.16
2022-11-16,92.61,85.62,91.72
2022-11-17,91.0,81.69,90.52
2022-11-18,88.93,80.07,87.65
2022-11-19,88.93,80.07,87.65
2022-11-20,88.93,80.07,87.65
2022-11-21,88.44,79.74,84.18
2022-11-22,88.65,80.83,86.2
2022-11-23,85.9,77.93,85.19
2022-11-24,85.59,77.93,81.52
2022-11-25,83.4,76.45,83.8
2022-11-26,83.4,76.45,83.8
2022-11-27,83.4,76.45,83.8
2022-11-28,83.5,77.1,79.93
2022-11-29,83.22,77.96,83.42
2022-11-30,85.61,80.48,83.13
2022-12-01,86.28,81.06,84.28
2022-12-02,86.54,79.86,83.85
2022-12-03,86.54,79.86,83.85
2022-12-04,86.54,79.86,83.85
2022-12-05,83.36,76.83,83.04
2022-12-06,79.92,74.21,79.66
2022-12-07,77.11,71.93,77.01
2022-12-08,76.02,71.3,75.18
2022-12-09,76.37,71.05,74.66
2022-12-10,76.37,71.05,74.66
2022-12-11,76.37,71.05,74.66
2022-12-12,78.0,72.96,74.94
2022-12-13,80.14,75.44,78.34
2022-12-14,83.33,77.14,79.97
2022-12-15,82.34,75.89,80.47
2022-12-16,80.2,74.19,78.73
2022-12-17,80.2,74.19,78.73
2022-12-18,80.2,74.19,78.73
2022-12-19,81.66,75.05,78.11
2022-12-20,79.45,75.92,78.13
2022-12-21,80.25,78.17,79.36
2022-12-22,79.58,77.68,81.14
2022-12-23,82.45,79.57,80.58
2022-12-24,82.45,79.57,80.58
2022-12-25,82.45,79.57,80.58
2022-12-26,82.45,79.57,80.58
2022-12-27,82.45,79.45,82.23
2022-12-28,81.7,78.89,81.96
2022-12-29,80.96,78.43,80.39
2022-12-30,82.82,80.16,81.29
2022-12-31,82.82,80.16,81.29
2023-01-01,82.82,80.16,81.29
2023-01-02,82.82,80.16,81.29
2023-01-03,80.36,76.87,82.05
2023-01-04,75.31,72.82,76.88
2023-01-05,76.73,73.61,75.77
2023-01-06,76.41,73.77,76.15
2023-01-07,76.41,73.77,76.15
2023-01-08,76.41,73.77,76.15
2023-01-09,77.5,74.69,77.57
2023-01-10,78.4,75.11,77.0
2023-01-11,81.11,77.46,78.23
2023-01-12,82.59,78.32,80.73
2023-01-13,83.43,79.9,81.86
2023-01-14,83.43,79.9,81.86
2023-01-15,83.43,79.9,81.86
2023-01-16,82.65,79.9,82.25
2023-01-17,84.38,80.25,83.3
2023-01-18,83.78,79.53,84.62
2023-01-19,85.08,80.31,82.6
2023-01-20,86.96,81.27,84.9
2023-01-21,86.96,81.27,84.9
2023-01-22,86.96,81.27,84.9
2023-01-23,87.54,81.62,85.45
2023-01-24,85.25,79.86,84.89
2023-01-25,85.08,79.78,84.59
2023-01-26,86.29,80.64,84.47
2023-01-27,85.36,79.73,85.31
2023-01-28,85.36,79.73,85.31
2023-01-29,85.36,79.73,85.31
2023-01-30,84.9,77.97,83.45
2023-01-31,83.42,78.95,81.95
2023-02-01,81.61,76.34,82.87
2023-02-02,80.57,75.87,80.48
2023-02-03,78.85,73.4,79.42
2023-02-04,78.85,73.4,79.42
2023-02-05,78.85,73.4,79.42
2023-02-06,80.48,74.11,78.25
2023-02-07,82.92,77.17,80.55
2023-02-08,84.17,78.47,81.92
2023-02-09,83.46,78.04,82.84
2023-02-10,85.46,79.74,83.62
2023-02-11,85.46,79.74,83.62
2023-02-12,85.46,79.74,83.62
2023-02-13,85.98,80.14,84.23
2023-02-14,84.96,79.08,84.37
2023-02-15,84.11,78.57,82.95
2023-02-16,83.84,78.45,83.76
2023-02-17,81.97,76.31,81.73
2023-02-18,81.97,76.31,81.73
2023-02-19,81.97,76.31,81.73
2023-02-20,82.79,76.31,82.02
2023-02-21,82.14,76.28,81.94
2023-02-22,79.55,73.95,80.52
2023-02-23,82.08,75.26,80.53
2023-02-24,82.31,76.19,82.04
2023-02-25,82.31,76.19,82.04
2023-02-26,82.31,76.19,82.04
2023-02-27,81.24,75.57,81.64
2023-02-28,83.21,76.88,81.91
2023-03-01,83.68,77.57,82.59
2023-03-02,84.15,78.05,83.22
2023-03-03,85.74,79.62,83.82
2023-03-04,85.74,79.62,83.82
2023-03-05,85.74,79.62,83.82
2023-03-06,85.86,80.39,84.59
2023-03-07,83.03,77.45,84.37
2023-03-08,82.1,76.56,82.12
2023-03-09,81.0,75.6,82.05
2023-03-10,82.3,76.55,80.72
2023-03-11,82.3,76.55,80.72
2023-03-12,82.3,76.55,80.72
2023-03-13,79.67,74.68,81.88
2023-03-14,76.77,71.18,78.92
2023-03-15,74.3,67.38,76.22
2023-03-16,73.12,68.15,73.75
2023-03-17,71.03,66.61,74.11
2023-03-18,71.03,66.61,74.11
2023-03-19,71.03,66.61,74.11
2023-03-20,72.42,67.56,70.77
2023-03-21,74.78,69.4,73.96
2023-03-22,76.08,70.71,74.75
2023-03-23,74.31,69.77,75.88
2023-03-24,73.63,69.22,74.6
2023-03-25,73.63,69.22,74.6
2023-03-26,73.63,69.22,74.6
2023-03-27,76.8,72.87,75.01
2023-03-28,78.07,73.12,77.63
2023-03-29,77.51,72.95,77.72
2023-03-30,78.45,74.32,77.53
2023-03-31,79.19,75.68,78.12
2023-04-01,79.19,75.68,78.12
2023-04-02,79.19,75.68,78.12
2023-04-03,85.81,80.4,84.84
2023-04-04,85.7,80.7,85.5
2023-04-05,85.89,80.69,85.49
2023-04-06,86.56,80.7,85.18
2023-04-07,86.56,80.7,85.18
2023-04-08,86.56,80.7,85.18
2023-04-09,86.56,80.7,85.18
2023-04-10,86.56,79.79,85.5
2023-04-11,87.32,81.54,85.42
2023-04-12,88.31,83.26,86.65
2023-04-13,86.51,82.16,87.77
2023-04-14,87.31,82.58,86.8
2023-04-15,87.31,82.58,86.8
2023-04-16,87.31,82.58,86.8
2023-04-17,85.63,80.93,86.43
2023-04-18,85.48,80.85,85.51
2023-04-19,85.34,79.18,84.41
2023-04-20,83.29,77.27,82.42
2023-04-21,83.36,77.86,81.86
2023-04-22,83.36,77.86,81.86
2023-04-23,83.36,77.86,81.86
2023-04-24,84.23,78.64,82.3
2023-04-25,82.13,77.05,82.95
2023-04-26,79.19,74.33,81.12
2023-04-27,80.11,74.77,78.4
2023-04-28,81.32,76.78,79.98
2023-04-29,81.32,76.78,79.98
2023-04-30,81.32,76.78,79.98
2023-05-01,81.32,75.65,80.1
2023-05-02,76.71,71.71,78.59
2023-05-03,72.91,68.62,73.79
2023-05-04,73.0,68.52,73.3
2023-05-05,75.85,71.32,74.31
2023-05-06,75.85,71.32,74.31
2023-05-07,75.85,71.32,74.31
2023-05-08,75.85,73.13,76.56
2023-05-09,77.76,73.68,76.32
2023-05-10,76.7,72.53,76.62
2023-05-11,75.32,70.81,76.71
2023-05-12,74.54,70.02,74.46
2023-05-13,74.54,70.02,74.46
2023-05-14,74.54,70.02,74.46
2023-05-15,75.46,71.07,74.45
2023-05-16,75.15,70.85,75.22
2023-05-17,76.98,72.78,74.6
2023-05-18,75.75,71.82,76.06
2023-05-19,75.42,71.57,75.71
2023-05-20,75.42,71.57,75.71
2023-05-21,75.42,71.57,75.71
2023-05-22,75.77,71.81,75.24
2023-05-23,76.66,72.87,75.96
2023-05-24,77.99,74.37,77.49
2023-05-25,75.66,71.68,76.94
2023-05-26,76.33,72.35,76.25
2023-05-27,76.33,72.35,76.25
2023-05-28,76.33,72.35,76.25
2023-05-29,76.33,72.35,76.88
2023-05-30,73.38,69.45,75.19
2023-05-31,71.98,68.11,73.07
2023-06-01,74.18,70.09,72.79
2023-06-02,76.0,71.76,73.33
2023-06-03,76.0,71.76,73.33
2023-06-04,76.0,71.76,73.33
2023-06-05,76.61,72.14,77.09
2023-06-06,76.22,71.71,75.46
2023-06-07,76.85,72.52,76.03
2023-06-08,75.88,71.28,76.55
2023-06-09,74.74,70.16,75.85
2023-06-10,74.74,70.16,75.85
2023-06-11,74.74,70.16,75.85
2023-06-12,71.8,67.08,72.96
2023-06-13,74.24,69.39,73.06
2023-06-14,73.39,68.22,74.84
2023-06-15,75.75,70.61,74.2
2023-06-16,76.76,71.81,75.89
2023-06-17,76.76,71.81,75.89
2023-06-18,76.76,71.81,75.89
2023-06-19,76.09,71.81,76.45
2023-06-20,75.79,70.94,76.85
2023-06-21,76.92,72.55,77.24
2023-06-22,73.93,69.22,76.83
2023-06-23,73.56,68.91,74.14
2023-06-24,73.56,68.91,74.14
2023-06-25,73.56,68.91,74.14
2023-06-26,73.86,69.09,74.65
2023-06-27,71.88,67.68,75.15
2023-06-28,73.64,69.54,74.38
2023-06-29,73.86,69.85,74.34
2023-06-30,74.51,70.66,76.14
2023-07-01,74.51,70.66,76.14
2023-07-02,74.51,70.66,76.14
2023-07-03,74.52,69.71,76.12
2023-07-04,76.23,69.71,76.18
2023-07-05,76.74,71.78,76.61
2023-07-06,76.72,71.76,77.56
2023-07-07,78.77,73.91,78.43
2023-07-08,78.77,73.91,78.43
2023-07-09,78.77,73.91,78.43
2023-07-10,77.83,73.05,79.09
2023-07-11,79.54,74.87,79.68
2023-07-12,80.35,75.77,80.64
2023-07-13,81.31,76.86,81.53
2023-07-14,79.9,75.44,82.06
2023-07-15,79.9,75.44,82.06
2023-07-16,79.9,75.44,82.06
2023-07-17,77.8,74.17,80.05
2023-07-18,79.54,75.76,80.33
2023-07-19,79.38,75.4,81.46
2023-07-20,79.62,75.65,81.28
2023-07-21,81.06,77.06,81.99
2023-07-22,81.06,77.06,81.99
2023-07-23,81.06,77.06,81.99
2023-07-24,82.53,78.81,83.19
2023-07-25,83.46,79.76,84.64
2023-07-26,82.98,79.11,84.82
2023-07-27,84.28,80.17,84.88
2023-07-28,84.49,80.55,85.37
2023-07-29,84.49,80.55,85.37
2023-07-30,84.49,80.55,85.37
2023-07-31,85.22,81.8,86.45
2023-08-01,85.34,81.37,86.63
2023-08-02,84.01,79.5,86.69
2023-08-03,86.19,81.56,85.5
2023-08-04,87.38,82.76,87.98
2023-08-05,87.38,82.76,87.98
2023-08-06,87.38,82.76,87.98
2023-08-07,86.47,81.94,88.25
2023-08-08,88.0,82.94,87.61
2023-08-09,89.31,84.35,88.2
2023-08-10,87.44,82.81,89.75
2023-08-11,87.93,83.17,88.97
2023-08-12,87.93,83.17,88.97
2023-08-13,87.93,83.17,88.97
2023-08-14,87.4,82.5,88.66
2023-08-15,86.28,81.06,87.82
2023-08-16,84.49,79.4,86.96
2023-08-17,85.24,80.43,86.17
2023-08-18,85.92,81.25,86.46
2023-08-19,85.92,81.25,86.46
2023-08-20,85.92,81.25,86.46
2023-08-21,85.44,80.71,87.58
2023-08-22,84.7,80.25,86.51
2023-08-23,83.94,78.91,85.84
2023-08-24,84.07,79.52,85.71
2023-08-25,85.42,80.47,86.89
2023-08-26,85.42,80.47,86.89
2023-08-27,85.42,80.47,86.89
2023-08-28,85.42,80.65,87.1
2023-08-29,86.37,81.14,87.09
2023-08-30,86.62,81.64,87.76
2023-08-31,87.29,83.55,88.44
2023-09-01,89.98,85.52,89.66
2023-09-02,89.98,85.52,89.66
2023-09-03,89.98,85.52,89.66
2023-09-04,90.42,85.52,91.27
2023-09-05,91.25,86.74,91.44
2023-09-06,91.79,87.55,92.3
2023-09-07,91.16,86.87,92.97
2023-09-08,91.85,87.51,92.84
2023-09-09,91.85,87.51,92.84
2023-09-10,91.85,87.51,92.84
2023-09-11,91.97,87.3,93.12
2023-09-12,93.58,88.87,94.09
2023-09-13,93.04,88.59,95.1
2023-09-14,95.2,90.13,95.7
2023-09-15,95.55,90.83,96.87
2023-09-16,95.55,90.83,96.87
2023-09-17,95.55,90.83,96.87
2023-09-18,95.95,91.47,96.93
2023-09-19,96.11,91.16,97.0
2023-09-20,94.56,89.2,95.82
2023-09-21,93.7,89.56,95.01
2023-09-22,93.99,90.0,95.73
2023-09-23,93.99,90.0,95.73
2023-09-24,93.99,90.0,95.73
2023-09-25,94.01,89.68,95.31
2023-09-26,94.46,91.43,94.47
2023-09-27,97.1,93.67,97.08
2023-09-28,96.64,91.65,97.48
2023-09-29,95.86,90.77,96.35
2023-09-30,95.86,90.77,96.35
2023-10-01,95.86,90.77,96.35
2023-10-02,91.21,88.81,95.02
2023-10-03,94.46,89.26,93.59
2023-10-04,89.83,84.32,92.38
2023-10-05,88.28,82.3,88.54
2023-10-06,87.86,82.83,87.33
2023-10-07,87.86,82.83,87.33
2023-10-08,87.86,82.83,87.33
2023-10-09,91.37,82.83,90.01
2023-10-10,90.7,85.89,90.8
2023-10-11,87.58,83.7,89.89
2023-10-12,88.4,82.87,89.43
2023-10-13,94.33,87.67,91.62
2023-10-14,94.33,87.67,91.62
2023-10-15,94.33,87.67,91.62
2023-10-16,90.99,86.65,93.23
2023-10-17,92.52,86.66,92.65
2023-10-18,91.99,88.35,94.46
2023-10-19,93.12,89.35,93.63
2023-10-20,93.72,89.12,95.72
2023-10-21,93.72,89.12,95.72
2023-10-22,93.72,89.12,95.72
2023-10-23,91.88,85.49,94.29
2023-10-24,88.0,84.58,91.29
2023-10-25,90.14,86.07,90.83
2023-10-26,88.45,83.8,91.68
2023-10-27,90.73,86.04,91.6
2023-10-28,90.73,86.04,91.6
2023-10-29,90.73,86.04,91.6
2023-10-30,90.73,83.03,91.1
2023-10-31,86.82,81.64,90.06
2023-11-01,86.92,81.05,88.54
2023-11-02,89.02,83.04,89.08
2023-11-03,87.55,81.19,89.78
2023-11-04,87.55,81.19,89.78
2023-11-05,87.55,81.19,89.78
2023-11-06,87.31,81.54,88.86
2023-11-07,83.43,77.96,86.5
2023-11-08,81.46,75.85,84.27
2023-11-09,81.74,76.34,83.22
2023-11-10,83.66,76.34,83.71
2023-11-11,83.66,76.34,83.71
2023-11-12,83.66,76.34,83.71
2023-11-13,84.09,78.86,84.08
2023-11-14,84.2,78.9,85.47
2023-11-15,82.4,77.15,84.82
2023-11-16,77.73,73.5,82.22
2023-11-17,81.22,76.47,81.08
2023-11-18,81.22,76.47,81.08
2023-11-19,81.22,76.47,81.08
2023-11-20,83.25,78.1,84.44
2023-11-21,82.42,78.35,84.75
2023-11-22,81.76,76.8,84.46
2023-11-23,80.85,76.8,83.78
2023-11-24,79.82,74.83,84.16
2023-11-25,79.82,74.83,84.16
2023-11-26,79.82,74.83,84.16
2023-11-27,79.49,74.46,82.75
2023-11-28,81.66,76.09,83.4
2023-11-29,82.98,77.56,83.89
2023-11-30,81.72,75.66,85.0
2023-12-01,78.72,73.7,82.54
2023-12-02,78.72,73.7,82.54
2023-12-03,78.72,73.7,82.54
2023-12-04,78.16,72.73,79.63
2023-12-05,77.27,71.95,79.96
2023-12-06,74.33,68.98,78.26
2023-12-07,74.21,69.0,76.37
2023-12-08,75.94,70.87,77.42
2023-12-09,75.94,70.87,77.42
2023-12-10,75.94,70.87,77.42
2023-12-11,75.75,70.95,77.93
2023-12-12,74.11,68.27,77.01
2023-12-13,74.14,69.09,73.91
2023-12-14,77.05,71.21,76.77
2023-12-15,76.84,71.05,78.03
2023-12-16,76.84,71.05,78.03
2023-12-17,76.84,71.05,78.03
2023-12-18,78.89,72.16,78.47
2023-12-19,79.82,73.23,79.19
2023-12-20,81.1,73.87,81.24
2023-12-21,80.73,73.59,80.84
2023-12-22,80.23,73.29,81.23
2023-12-23,80.23,73.29,81.23
2023-12-24,80.23,73.29,81.23
2023-12-25,80.23,73.29,81.23
2023-12-26,80.23,75.84,80.71
2023-12-27,80.97,74.31,81.82
2023-12-28,79.04,72.02,80.31
2023-12-29,77.69,71.89,78.44
2023-12-30,77.69,71.89,78.44
2023-12-31,77.69,71.89,78.44
2024-01-01,77.69,71.89,78.44
2024-01-02,76.24,70.62,78.36
2024-01-03,77.18,72.97,76.81
2024-01-04,75.79,72.38,78.88
2024-01-05,78.31,74.0,78.91
2024-01-06,78.31,74.0,78.91
2024-01-07,78.31,74.0,78.91
2024-01-08,75.47,71.06,78.26
2024-01-09,77.97,72.43,78.21
2024-01-10,78.46,71.57,78.93
2024-01-11,80.21,72.15,78.88
2024-01-12,79.89,72.94,80.18
2024-01-13,79.89,72.94,80.18
2024-01-14,79.89,72.94,80.18
2024-01-15,79.76,72.94,79.17
2024-01-16,80.15,72.63,79.16
2024-01-17,78.88,72.79,78.38
2024-01-18,81.04,74.32,79.39
2024-01-19,80.71,73.69,80.27
2024-01-20,80.71,73.69,80.27
2024-01-21,80.71,73.69,80.27
2024-01-22,81.7,75.26,79.7
2024-01-23,82.04,74.72,81.3
2024-01-24,82.15,75.48,81.05
2024-01-25,82.33,77.91,81.98
2024-01-26,83.34,78.45,83.0
2024-01-27,83.34,78.45,83.0
2024-01-28,83.34,78.45,83.0
2024-01-29,83.99,77.25,84.19
2024-01-30,84.14,78.3,82.94
2024-01-31,82.98,76.28,82.99
2024-02-01,82.2,74.36,80.49
2024-02-02,79.54,72.72,78.64
2024-02-03,79.54,72.72,78.64
2024-02-04,79.54,72.72,78.64
2024-02-05,79.3,73.21,77.5
2024-02-06,80.46,73.83,78.38
2024-02-07,81.18,74.26,78.88
2024-02-08,83.01,76.67,80.18
2024-02-09,83.58,77.26,81.48
2024-02-10,83.58,77.26,81.48
2024-02-11,83.58,77.26,81.48
2024-02-12,83.88,77.34,81.43
2024-02-13,84.72,78.28,82.41
2024-02-14,84.41,77.09,82.52
2024-02-15,84.33,78.47,81.36
2024-02-16,84.88,79.65,82.63
2024-02-17,84.88,79.65,82.63
2024-02-18,84.88,79.65,82.63
2024-02-19,85.52,79.65,82.89
2024-02-20,84.78,78.72,82.82
2024-02-21,84.77,78.89,81.99
2024-02-22,85.84,79.64,82.9
2024-02-23,84.18,77.6,82.23
2024-02-24,84.18,77.6,82.23
2024-02-25,84.18,77.6,82.23
2024-02-26,84.01,78.53,80.83
2024-02-27,83.8,79.8,82.22
2024-02-28,84.08,79.44,82.02
2024-02-29,84.57,79.22,82.01
2024-03-01,84.82,80.9,82.68
2024-03-02,84.82,80.9,82.68
2024-03-03,84.82,80.9,82.68
2024-03-04,86.58,79.67,83.41
2024-03-05,85.82,79.11,82.34
2024-03-06,86.59,80.08,82.68
2024-03-07,84.88,79.81,82.71
2024-03-08,84.29,78.96,83.08
2024-03-09,84.29,78.96,83.08
2024-03-10,84.29,78.96,83.08
2024-03-11,83.44,78.87,82.26
2024-03-12,83.66,78.51,82.61
2024-03-13,83.95,80.67,82.67
2024-03-14,86.16,82.16,84.27
2024-03-15,85.39,81.94,84.74
2024-03-16,85.39,81.94,84.74
2024-03-17,85.39,81.94,84.74
2024-03-18,86.47,83.68,85.71
2024-03-19,87.36,84.39,86.52
2024-03-20,85.77,82.79,86.03
2024-03-21,84.92,81.99,85.56
2024-03-22,84.87,81.1,84.88
2024-03-23,84.87,81.1,84.88
2024-03-24,84.87,81.1,84.88
2024-03-25,86.18,82.41,85.43
2024-03-26,85.91,82.41,85.92
2024-03-27,84.94,82.15,84.98
2024-03-28,86.17,83.96,86.0
2024-03-29,86.17,83.96,86.0
2024-03-30,86.17,83.96,86.0
2024-03-31,86.17,83.96,86.0
2024-04-01,86.17,84.54,87.31
2024-04-02,87.63,85.95,88.96
2024-04-03,90.6,86.22,89.56
2024-04-04,90.32,87.37,89.56
2024-04-05,92.81,87.69,91.11
2024-04-06,92.81,87.69,91.11
2024-04-07,92.81,87.69,91.11
2024-04-08,91.73,87.24,90.27
2024-04-09,92.13,86.04,90.56
2024-04-10,91.57,86.98,90.38
2024-04-11,91.49,85.79,90.62
2024-04-12,93.12,86.46,90.77
2024-04-13,93.12,86.46,90.77
2024-04-14,93.12,86.46,90.77
2024-04-15,90.84,86.21,89.57
2024-04-16,91.29,86.15,90.18
2024-04-17,89.54,83.58,89.64
2024-04-18,88.34,83.5,87.35
2024-04-19,87.96,83.79,87.52
2024-04-20,87.96,83.79,87.52
2024-04-21,87.96,83.79,87.52
2024-04-22,87.3,83.82,86.51
2024-04-23,88.29,84.17,88.17
2024-04-24,89.02,84.09,88.45
2024-04-25,88.1,84.92,88.39
2024-04-26,89.95,85.38,89.19
2024-04-27,89.95,85.38,89.19
2024-04-28,89.95,85.38,89.19
2024-04-29,88.44,84.26,88.72
2024-04-30,88.23,83.49,87.83
2024-05-01,83.55,80.7,87.15
2024-05-02,84.81,80.59,84.21
2024-05-03,83.6,79.65,83.77
2024-05-04,83.6,79.65,83.77
2024-05-05,83.6,79.65,83.77
2024-05-06,83.6,80.1,83.72
2024-05-07,82.69,79.97,83.58
2024-05-08,82.44,80.57,83.03
2024-05-09,83.27,80.86,84.28
2024-05-10,83.39,79.81,84.27
2024-05-11,83.39,79.81,84.27
2024-05-12,83.39,79.81,84.27
2024-05-13,83.18,80.71,83.41
2024-05-14,81.0,79.62,83.06
2024-05-15,79.98,80.23,82.95
2024-05-16,81.65,80.85,83.3
2024-05-17,82.24,81.66,84.04
2024-05-18,82.24,81.66,84.04
2024-05-19,82.24,81.66,84.04
2024-05-20,81.91,81.39,84.51
2024-05-21,81.22,80.66,83.58
2024-05-22,79.9,79.15,83.27
2024-05-23,79.25,77.47,82.41
2024-05-24,78.92,78.48,81.92
2024-05-25,78.92,78.48,81.92
2024-05-26,78.92,78.48,81.92
2024-05-27,78.92,78.48,82.53
2024-05-28,81.34,80.9,84.0
2024-05-29,81.5,80.24,84.49
2024-05-30,81.42,78.96,83.08
2024-05-31,79.41,77.97,81.93
2024-06-01,79.41,77.97,81.93
2024-06-02,79.41,77.97,81.93
2024-06-03,76.45,75.26,81.23
2024-06-04,75.33,74.27,78.09
2024-06-05,75.41,75.08,78.31
2024-06-06,77.62,76.52,79.74
2024-06-07,78.12,76.53,80.3
2024-06-08,78.12,76.53,80.3
2024-06-09,78.12,76.53,80.3
2024-06-10,79.59,78.75,80.85
2024-06-11,80.15,78.88,82.28
2024-06-12,80.52,79.56,83.03
2024-06-13,81.44,79.61,82.81
2024-06-14,81.49,79.41,82.69
2024-06-15,81.49,79.41,82.69
2024-06-16,81.49,79.41,82.69
2024-06-17,82.45,81.33,83.07
2024-06-18,84.79,82.67,84.5
2024-06-19,85.64,82.67,85.54
2024-06-20,85.92,83.34,85.68
2024-06-21,86.42,81.71,86.0
2024-06-22,86.42,81.71,86.0
2024-06-23,86.42,81.71,86.0
2024-06-24,86.75,82.63,85.98
2024-06-25,86.81,81.97,86.27
2024-06-26,85.76,82.19,85.46
2024-06-27,87.0,83.04,86.05
2024-06-28,87.26,82.83,86.59
2024-06-29,87.26,82.83,86.59
2024-06-30,87.26,82.83,86.59
2024-07-01,86.57,84.7,86.47
2024-07-02,88.28,84.09,87.38
2024-07-03,88.25,85.19,87.02
2024-07-04,88.34,85.19,87.47
2024-07-05,88.66,84.44,88.11
2024-07-06,88.66,84.44,88.11
2024-07-07,88.66,84.44,88.11
2024-07-08,87.15,83.63,86.77
2024-07-09,86.48,82.78,85.91
2024-07-10,86.55,83.39,85.4
2024-07-11,86.49,83.92,86.11
2024-07-12,87.35,83.49,86.27
2024-07-13,87.35,83.49,86.27
2024-07-14,87.35,83.49,86.27
2024-07-15,86.42,83.22,85.31
2024-07-16,86.6,81.92,84.44
2024-07-17,85.76,84.16,84.56
2024-07-18,86.26,84.17,85.43
2024-07-19,85.19,81.43,84.81
2024-07-20,85.19,81.43,84.81
2024-07-21,85.19,81.43,84.81
2024-07-22,83.44,81.25,82.77
2024-07-23,82.2,78.24,82.19
2024-07-24,83.01,78.78,81.45
2024-07-25,82.58,79.43,81.37
2024-07-26,81.35,78.58,81.67
2024-07-27,81.35,78.58,81.67
2024-07-28,81.35,78.58,81.67
2024-07-29,80.94,77.27,80.66
2024-07-30,79.26,76.17,79.58
2024-07-31,81.39,79.36,80.65
2024-08-01,81.37,77.74,80.91
2024-08-02,78.35,74.99,78.97
2024-08-03,78.35,74.99,78.97
2024-08-04,78.35,74.99,78.97
2024-08-05,77.51,74.46,75.15
2024-08-06,76.62,74.6,75.46
2024-08-07,78.26,76.68,76.78
2024-08-08,80.76,77.64,77.96
2024-08-09,81.07,78.28,78.17
2024-08-10,81.07,78.28,78.17
2024-08-11,81.07,78.28,78.17
2024-08-12,83.06,81.45,79.92
2024-08-13,82.51,79.81,80.78
2024-08-14,82.15,78.47,80.07
2024-08-15,83.09,79.66,79.93
2024-08-16,81.56,78.05,79.76
2024-08-17,81.56,78.05,79.76
2024-08-18,81.56,78.05,79.76
2024-08-19,81.09,75.82,78.69
2024-08-20,78.85,75.27,76.73
2024-08-21,78.77,72.76,77.03
2024-08-22,78.8,73.72,76.33
2024-08-23,80.34,75.82,77.75
2024-08-24,80.34,75.82,77.75
2024-08-25,80.34,75.82,77.75
2024-08-26,80.34,78.4,79.43
2024-08-27,81.51,76.5,80.17
2024-08-28,80.04,75.49,78.25
2024-08-29,81.55,76.9,78.1
2024-08-30,80.2,74.52,78.75
2024-08-31,80.2,74.52,78.75
2024-09-01,80.2,74.52,78.75
2024-09-02,77.82,74.52,77.04
2024-09-03,76.46,71.28,76.3
2024-09-04,74.67,70.11,73.68
2024-09-05,74.47,70.09,73.69
2024-09-06,72.82,68.58,73.2
2024-09-07,72.82,68.58,73.2
2024-09-08,72.82,68.58,73.2
2024-09-09,72.37,69.65,72.23
2024-09-10,70.34,66.73,71.41
2024-09-11,70.31,68.25,70.84
2024-09-12,73.81,69.89,72.42
2024-09-13,73.68,69.59,73.05
2024-09-14,73.68,69.59,73.05
2024-09-15,73.68,69.59,73.05
2024-09-16,73.96,71.1,72.77
2024-09-17,74.55,72.16,73.57
2024-09-18,74.52,71.87,73.65
2024-09-19,75.93,72.86,75.15
2024-09-20,75.96,72.72,74.74
2024-09-21,75.96,72.72,74.74
2024-09-22,75.96,72.72,74.74
2024-09-23,74.95,71.33,74.44
2024-09-24,75.29,72.34,75.12
2024-09-25,75.4,70.42,74.9
2024-09-26,73.06,68.28,72.04
2024-09-27,71.63,68.72,72.25
2024-09-28,71.63,68.72,72.25
2024-09-29,71.63,68.72,72.25
2024-09-30,72.35,68.75,73.0
2024-10-01,75.3,70.41,71.22
2024-10-02,74.86,70.74,74.5
2024-10-03,77.57,74.33,74.79
2024-10-04,79.32,74.93,77.54
2024-10-05,79.32,74.93,77.54
2024-10-06,79.32,74.93,77.54
2024-10-07,81.74,77.76,78.38
2024-10-08,78.19,74.26,78.15
2024-10-09,77.06,73.85,76.92
2024-10-10,79.45,76.46,77.11
2024-10-11,80.27,76.11,78.31
2024-10-12,80.27,76.11,78.31
2024-10-13,80.27,76.11,78.31
2024-10-14,78.47,76.11,77.06
2024-10-15,73.68,71.22,73.58
2024-10-16,73.65,70.97,73.45
2024-10-17,74.37,71.26,73.59
2024-10-18,72.75,69.78,73.21
2024-10-19,72.75,69.78,73.21
2024-10-20,72.75,69.78,73.21
2024-10-21,73.29,71.16,73.02
2024-10-22,75.59,72.84,73.48
2024-10-23,74.68,71.37,74.47
2024-10-24,74.27,70.58,74.7
2024-10-25,75.62,72.02,73.81
2024-10-26,75.62,72.02,73.81
2024-10-27,75.62,72.02,73.81
2024-10-28,71.87,67.65,71.59
2024-10-29,71.09,67.48,70.79
2024-10-30,73.21,68.91,71.27
2024-10-31,73.25,69.58,71.37
2024-11-01,73.63,69.81,73.64
2024-11-02,73.63,69.81,73.64
2024-11-03,73.63,69.81,73.64
2024-11-04,74.89,71.83,74.02
2024-11-05,76.98,72.26,74.76
2024-11-06,76.52,71.98,73.94
2024-11-07,75.73,72.69,74.41
2024-11-08,74.04,70.69,73.92
2024-11-09,74.04,70.69,73.92
2024-11-10,74.04,70.69,73.92
2024-11-11,72.19,70.69,72.92
2024-11-12,72.56,68.43,71.5
2024-11-13,72.86,68.76,71.67
2024-11-14,73.39,68.99,71.84
2024-11-15,73.45,67.33,71.22
2024-11-16,73.45,67.33,71.22
2024-11-17,73.45,67.33,71.22
2024-11-18,74.35,69.46,71.32
2024-11-19,74.32,69.75,72.67
2024-11-20,74.33,69.25,73.16
2024-11-21,75.09,70.39,73.43
2024-11-22,76.1,71.68,74.54
2024-11-23,76.1,71.68,74.54
2024-11-24,76.1,71.68,74.54
2024-11-25,74.27,69.41,73.69
2024-11-26,74.56,69.05,72.96
2024-11-27,73.91,69.03,72.61
2024-11-28,73.92,69.03,71.82
2024-11-29,74.16,68.26,72.45
2024-11-30,74.16,68.26,72.45
2024-12-01,74.16,68.26,72.45
2024-12-02,72.81,68.35,71.96
2024-12-03,74.8,70.15,72.39
2024-12-04,74.68,68.81,73.44
2024-12-05,73.78,68.58,72.21
2024-12-06,73.78,68.58,71.69
2024-12-07,73.78,68.58,71.69
2024-12-08,73.78,68.58,71.69
2024-12-09,73.73,68.65,71.97
2024-12-10,73.64,68.85,71.93
2024-12-11,74.38,70.57,72.45
2024-12-12,73.52,70.25,73.36
2024-12-13,74.89,71.54,73.58
2024-12-14,74.89,71.54,73.58
2024-12-15,74.89,71.54,73.58
2024-12-16,74.3,71.03,74.03
2024-12-17,73.16,70.31,73.43
2024-12-18,74.57,70.8,73.73
2024-12-19,73.75,70.1,72.88
2024-12-20,73.19,69.71,72.58
2024-12-21,73.19,69.71,72.58
2024-12-22,73.19,69.71,72.58
2024-12-23,72.12,69.5,72.76
2024-12-24,73.5,70.87,73.13
2024-12-25,73.5,70.87,73.13
2024-12-26,73.5,70.38,73.92
2024-12-27,73.77,71.28,73.91
2024-12-28,73.77,71.28,73.91
2024-12-29,73.77,71.28,73.91
2024-12-30,74.24,71.73,74.62
2024-12-31,74.58,72.44,74.59
2025-01-01,74.58,72.44,74.59
2025-01-02,76.14,73.79,74.86
2025-01-03,76.72,74.64,75.82
2025-01-04,76.72,74.64,75.82
2025-01-05,76.72,74.64,75.82
2025-01-06,77.27,74.31,76.11
2025-01-07,77.84,74.99,76.0
2025-01-08,77.37,73.99,76.85
2025-01-09,78.44,73.99,76.05
2025-01-10,79.76,77.27,77.87
2025-01-11,79.76,77.27,77.87
2025-01-12,79.76,77.27,77.87
2025-01-13,82.69,79.57,81.64
2025-01-14,82.39,78.2,81.17
2025-01-15,83.48,80.73,81.59
2025-01-16,82.39,79.35,83.07
2025-01-17,83.02,78.56,83.04
2025-01-18,83.02,78.56,83.04
2025-01-19,83.02,78.56,83.04
2025-01-20,81.68,78.56,82.1
2025-01-21,80.57,76.79,81.66
2025-01-22,80.0,76.12,80.83
2025-01-23,78.62,75.03,80.69
2025-01-24,78.71,74.97,80.37
2025-01-25,78.71,74.97,80.37
2025-01-26,78.71,74.97,80.37
2025-01-27,77.3,73.51,80.0
2025-01-28,78.01,74.15,79.48
2025-01-29,77.02,72.94,79.44
2025-01-30,77.42,73.1,79.31
2025-01-31,77.11,72.84,78.41
2025-02-01,77.11,72.84,78.41
2025-02-02,77.11,72.84,78.41
2025-02-03,76.49,73.52,77.99
2025-02-04,76.58,73.04,76.9
2025-02-05,74.71,71.39,77.17
2025-02-06,74.54,70.97,76.45
2025-02-07,74.68,71.32,76.71
2025-02-08,74.68,71.32,76.71
2025-02-09,74.68,71.32,76.71
2025-02-10,76.23,72.73,77.22
2025-02-11,77.65,73.67,78.31
2025-02-12,75.38,71.72,77.88
2025-02-13,75.61,71.66,76.24
2025-02-14,75.19,71.05,76.79
2025-02-15,75.19,71.05,76.79
2025-02-16,75.19,71.05,76.79
2025-02-17,75.81,71.05,76.72
2025-02-18,76.46,72.21,77.11
2025-02-19,76.34,72.58,78.19
2025-02-20,76.95,72.88,78.15
2025-02-21,74.88,70.72,77.42
2025-02-22,74.88,70.72,77.42
2025-02-23,74.88,70.72,77.42
2025-02-24,74.89,71.06,75.97
2025-02-25,73.11,69.15,75.93
2025-02-26,73.49,68.87,74.87
2025-02-27,75.01,70.62,74.98
2025-02-28,74.76,69.97,75.16
2025-03-01,74.76,69.97,75.16
2025-03-02,74.76,69.97,75.16
2025-03-03,72.85,68.63,74.97
2025-03-04,72.31,68.47,72.37
2025-03-05,70.92,66.58,72.49
2025-03-06,71.08,66.62,71.74
2025-03-07,72.49,67.29,72.54
2025-03-08,72.49,67.29,72.54
2025-03-09,72.49,67.29,72.54
2025-03-10,71.08,66.31,72.73
2025-03-11,71.51,66.52,72.14
2025-03-12,72.36,67.65,72.55
2025-03-13,70.82,66.82,73.34
2025-03-14,71.94,67.43,72.98
2025-03-15,71.94,67.43,72.98
2025-03-16,71.94,67.43,72.98
2025-03-17,71.93,67.84,73.65
2025-03-18,71.93,67.49,74.12
2025-03-19,71.94,67.4,73.13
2025-03-20,72.61,68.55,74.25
2025-03-21,72.64,68.52,74.91
2025-03-22,72.64,68.52,74.91
2025-03-23,72.64,68.52,74.91
2025-03-24,73.96,69.46,75.11
2025-03-25,73.78,69.48,75.74
2025-03-26,74.6,70.05,75.96
2025-03-27,74.72,70.3,76.11
2025-03-28,74.69,69.74,76.25
2025-03-29,74.69,69.74,76.25
2025-03-30,74.69,69.74,76.25
2025-03-31,77.23,71.87,76.89
2025-04-01,77.78,71.61,77.43
2025-04-02,77.27,72.12,77.44
2025-04-03,72.54,67.43,75.35
2025-04-04,68.36,62.42,70.85
2025-04-05,68.36,62.42,70.85
2025-04-06,68.36,62.42,70.85
2025-04-07,66.13,61.05,66.25
2025-04-08,64.86,60.04,66.55
2025-04-09,67.3,62.63,63.4
2025-04-10,65.37,60.57,66.41
2025-04-11,66.83,61.91,66.35
2025-04-12,66.83,61.91,66.35
2025-04-13,66.83,61.91,66.35
2025-04-14,67.18,61.99,67.53
2025-04-15,66.58,61.74,67.65
2025-04-16,67.94,62.88,68.06
2025-04-17,69.33,65.07,69.5
2025-04-18,69.33,65.07,69.5
2025-04-19,69.33,65.07,69.5
2025-04-20,69.33,65.07,69.5
2025-04-21,69.33,63.48,69.65
2025-04-22,68.93,64.6,69.94
2025-04-23,68.26,62.64,70.26
2025-04-24,67.5,63.55,68.83
2025-04-25,66.99,63.85,68.74
2025-04-26,66.99,63.85,68.74
2025-04-27,66.99,63.85,68.74
2025-04-28,66.13,63.3,68.16
2025-04-29,64.04,61.84,66.52
2025-04-30,63.37,59.55,63.69
2025-05-01,62.37,60.59,61.88
2025-05-02,61.57,59.67,61.79
2025-05-03,61.57,59.67,61.79
2025-05-04,61.57,59.67,61.79
2025-05-05,61.57,58.5,59.86
2025-05-06,62.37,60.42,61.8
2025-05-07,60.31,59.42,62.87
2025-05-08,62.22,61.25,62.08
2025-05-09,64.26,62.37,63.87
2025-05-10,64.26,62.37,63.87
2025-05-11,64.26,62.37,63.87
2025-05-12,65.28,63.32,64.31
2025-05-13,66.93,65.04,65.38
2025-05-14,65.91,64.48,66.02
2025-05-15,64.36,63.03,63.62
2025-05-16,65.2,63.84,64.08
2025-05-17,65.2,63.84,64.08
2025-05-18,65.2,63.84,64.08
2025-05-19,66.25,63.98,64.65
2025-05-20,66.93,63.97,65.01
2025-05-21,65.86,62.93,65.6
2025-05-22,64.87,62.55,63.81
2025-05-23,65.41,62.89,63.63
2025-05-24,65.41,62.89,63.63
2025-05-25,65.41,62.89,63.63
2025-05-26,65.41,62.89,64.07
2025-05-27,64.32,61.61,63.78
2025-05-28,65.72,62.54,63.92
2025-05-29,64.6,61.66,64.49
2025-05-30,64.32,61.46,63.18
2025-05-31,64.32,61.46,63.18
2025-06-01,64.32,61.46,63.18
2025-06-02,66.55,63.27,64.5
2025-06-03,67.48,64.1,65.07
2025-06-04,66.69,63.57,65.1
2025-06-05,67.14,64.06,64.9
2025-06-06,68.02,65.3,65.32
2025-06-07,68.02,65.3,65.32
2025-06-08,68.02,65.3,65.32
2025-06-09,68.73,65.99,66.48
2025-06-10,68.41,65.66,67.35
2025-06-11,71.29,68.91,67.47
2025-06-12,70.84,68.73,69.15
2025-06-13,76.0,73.84,73.34
2025-06-14,76.0,73.84,73.34
2025-06-15,76.0,73.84,73.34
2025-06-16,75.05,72.53,73.15
2025-06-17,78.7,75.62,74.39
2025-06-18,78.38,75.89,75.8
2025-06-19,80.37,75.89,77.44
2025-06-20,78.73,75.72,77.25
2025-06-21,78.73,75.72,77.25
2025-06-22,78.73,75.72,77.25
2025-06-23,74.34,69.36,76.19
2025-06-24,69.13,65.45,68.71
2025-06-25,68.4,65.98,67.99
2025-06-26,68.57,66.44,68.13
2025-06-27,69.37,66.66,68.35
2025-06-28,69.37,66.66,68.35
2025-06-29,69.37,66.66,68.35
2025-06-30,68.15,66.3,68.35
2025-07-01,67.63,66.64,68.13
2025-07-02,70.8,68.66,68.83
2025-07-03,70.42,68.13,69.86
2025-07-04,71.03,68.13,69.92
2025-07-05,71.03,68.13,69.92
2025-07-06,71.03,68.13,69.92
2025-07-07,71.95,69.16,69.99
2025-07-08,72.5,69.55,70.93
2025-07-09,71.98,69.61,71.96
2025-07-10,70.38,67.78,71.23
2025-07-11,72.06,69.63,70.77
2025-07-12,72.06,69.63,70.77
2025-07-13,72.06,69.63,70.77
2025-07-14,70.96,68.19,72.0
2025-07-15,70.27,67.76,70.34
2025-07-16,69.67,67.13,69.93
2025-07-17,71.32,68.76,69.94
2025-07-18,71.06,68.53,70.97
2025-07-19,71.06,68.53,70.97
2025-07-20,71.06,68.53,70.97
2025-07-21,71.92,68.39,70.65
2025-07-22,69.69,67.56,70.31
2025-07-23,69.17,66.05,70.31
2025-07-24,70.42,67.16,71.19
2025-07-25,69.23,66.38,71.26
2025-07-26,69.23,66.38,71.26
2025-07-27,69.23,66.38,71.26
2025-07-28,70.87,67.81,70.98
2025-07-29,73.21,70.27,72.61
2025-07-30,73.98,71.09,74.94
2025-07-31,73.43,70.36,75.34
2025-08-01,70.55,68.39,73.86
2025-08-02,70.55,68.39,73.86
2025-08-03,70.55,68.39,73.86
2025-08-04,69.56,67.33,71.7
2025-08-05,69.14,66.2,70.85
2025-08-06,67.97,65.38,70.71
2025-08-07,66.99,64.9,69.6
2025-08-08,67.17,64.94,69.03
2025-08-09,67.17,64.94,69.03
2025-08-10,67.17,64.94,69.03
2025-08-11,67.36,65.03,68.76
2025-08-12,66.8,64.22,69.03
2025-08-13,66.25,63.68,67.95
2025-08-14,68.12,64.99,68.51
2025-08-15,67.3,63.78,68.76
2025-08-16,67.3,63.78,68.76
2025-08-17,67.3,63.78,68.76
2025-08-18,68.18,64.51,68.33
2025-08-19,66.62,63.38,68.57
2025-08-20,67.61,64.19,69.13
2025-08-21,68.41,64.56,70.13
2025-08-22,68.29,64.08,70.38
2025-08-23,68.29,64.08,70.38
2025-08-24,68.29,64.08,70.38
2025-08-25,68.29,65.18,70.57
2025-08-26,66.89,63.6,70.66
2025-08-27,67.75,64.49,69.86
2025-08-28,68.61,64.96,69.77
2025-08-29,67.83,64.36,70.63
2025-08-30,67.83,64.36,70.63
2025-08-31,67.83,64.36,70.63
2025-09-01,67.09,64.36,71.18
2025-09-02,68.09,65.95,72.13
2025-09-03,67.76,64.36,71.52
2025-09-04,66.41,63.81,69.86
2025-09-05,64.92,62.22,69.24
2025-09-06,64.92,62.22,69.24
2025-09-07,64.92,62.22,69.24
2025-09-08,65.44,62.6,69.57
2025-09-09,67.97,62.97,70.08
2025-09-10,67.62,64.01,70.63
2025-09-11,67.25,62.71,70.69
2025-09-12,67.87,63.02,70.13
2025-09-13,67.87,63.02,70.13
2025-09-14,67.87,63.02,70.13
2025-09-15,67.88,63.66,71.21
2025-09-16,69.69,64.89,71.11
2025-09-17,69.19,64.41,71.34
2025-09-18,67.83,63.91,70.95
2025-09-19,67.05,63.02,70.0
2025-09-20,67.05,63.02,70.0
2025-09-21,67.05,63.02,70.0
2025-09-22,66.87,62.99,69.58
2025-09-23,67.96,63.76,69.29
2025-09-24,69.64,65.4,71.01
2025-09-25,70.48,65.51,71.72
2025-09-26,71.15,66.5,72.04
2025-09-27,71.15,66.5,72.04
2025-09-28,71.15,66.5,72.04
2025-09-29,69.0,64.27,70.7
2025-09-30,68.52,63.17,69.42
2025-10-01,66.67,62.59,67.34
2025-10-02,65.44,61.28,65.94
2025-10-03,66.13,61.65,65.6
2025-10-04,66.13,61.65,65.6
2025-10-05,66.13,61.65,65.6
2025-10-06,67.09,62.49,66.38
2025-10-07,67.1,62.52,66.63
2025-10-08,67.42,63.37,67.04
2025-10-09,67.23,62.36,67.21
2025-10-10,64.41,59.75,65.44
2025-10-11,64.41,59.75,65.44
2025-10-12,64.41,59.75,65.44
2025-10-13,64.15,59.75,64.34
2025-10-14,63.0,59.52,63.17
2025-10-15,62.33,59.08,63.2
2025-10-16,61.08,58.29,63.03
2025-10-17,61.23,58.3,61.92
2025-10-18,61.23,58.3,61.92
2025-10-19,61.23,58.3,61.92
2025-10-20,60.71,58.34,61.87
2025-10-21,61.0,58.66,62.17
2025-10-22,62.28,59.3,63.48
2025-10-23,66.32,62.44,67.38
2025-10-24,65.8,62.27,68.45
2025-10-25,65.8,62.27,68.45
2025-10-26,65.8,62.27,68.45
2025-10-27,65.52,62.13,67.67
2025-10-28,64.03,60.97,65.58
2025-10-29,65.01,61.26,65.37
2025-10-30,65.11,61.36,66.58
2025-10-31,65.44,61.75,66.84
2025-11-01,65.44,61.75,66.84
2025-11-02,65.44,61.75,66.84
2025-11-03,65.79,61.79,66.59
2025-11-04,65.04,61.38,65.54
2025-11-05,63.54,60.4,65.61
2025-11-06,63.41,60.24,64.63
2025-11-07,63.72,60.54,64.94
2025-11-08,63.72,60.54,64.94
2025-11-09,63.72,60.54,64.94
2025-11-10,63.01,60.94,65.01
2025-11-11,63.86,60.94,65.14
2025-11-12,61.88,59.3,65.22
2025-11-13,62.14,59.54,63.52
2025-11-14,63.45,60.87,64.78
2025-11-15,63.45,60.87,64.78
2025-11-16,63.45,60.87,64.78
2025-11-17,63.16,60.66,64.75
2025-11-18,64.86,61.51,64.64
2025-11-19,63.78,60.27,64.75
2025-11-20,63.64,60.07,64.54
2025-11-21,62.78,58.86,63.1
2025-11-22,62.78,58.86,63.1
2025-11-23,62.78,58.86,63.1
2025-11-24,64.83,59.11,63.25
2025-11-25,63.99,58.25,63.53
2025-11-26,64.81,58.81,63.31
2025-11-27,64.18,58.81,64.02
2025-11-28,64.07,58.58,64.37
2025-11-29,64.07,58.58,64.37
2025-11-30,64.07,58.58,64.37
2025-12-01,64.22,59.47,63.74
2025-12-02,63.37,58.81,63.39
2025-12-03,63.75,59.09,63.13
2025-12-04,64.15,59.82,63.22
2025-12-05,64.42,60.23,63.56
2025-12-06,64.42,60.23,63.56
2025-12-07,64.42,60.23,63.56
2025-12-08,63.3,59.04,63.82
2025-12-09,62.62,58.4,62.34
2025-12-10,63.12,58.67,61.83
2025-12-11,61.87,57.76,61.24
2025-12-12,62.11,57.61,61.3
2025-12-13,62.11,57.61,61.3
2025-12-14,62.11,57.61,61.3
2025-12-15,61.55,56.97,60.75
2025-12-16,59.93,55.44,59.49
2025-12-17,60.61,56.07,59.52
2025-12-18,60.69,56.22,60.01
2025-12-19,61.35,56.8,59.88
2025-12-20,61.35,56.8,59.88
2025-12-21,61.35,56.8,59.88
2025-12-22,62.22,58.18,61.17
2025-12-23,63.7,58.55,61.89
2025-12-24,63.7,58.72,62.1
2025-12-25,63.7,58.72,62.1
2025-12-26,63.7,56.6,61.96
2025-12-27,63.7,56.6,61.96
2025-12-28,63.7,56.6,61.96
2025-12-29,63.1,57.89,60.99
2025-12-30,62.3,57.79,61.08
2025-12-31,61.35,57.26,60.96
2026-01-01,61.35,57.26,60.96
2026-01-02,61.98,57.21,59.69
2026-01-03,61.98,57.21,59.69
2026-01-04,61.98,57.21,59.69
2026-01-05,63.0,58.1,58.66
2026-01-06,62.1,56.97,59.49
2026-01-07,61.08,56.01,58.39
2026-01-08,63.34,57.74,58.64
2026-01-09,65.11,58.96,61.08
2026-01-10,65.11,58.96,61.08
2026-01-11,65.11,58.96,61.08
2026-01-12,65.4,59.39,61.63
2026-01-13,67.58,60.85,62.66
2026-01-14,68.87,61.84,63.18
2026-01-15,66.16,59.13,62.65
2026-01-16,66.97,59.4,62.82
2026-01-17,66.97,59.4,62.82
2026-01-18,66.97,59.4,62.82
2026-01-19,66.91,59.4,62.49
2026-01-20,67.68,60.3,62.6
2026-01-21,66.72,60.38,62.83
2026-01-22,65.46,59.24,63.09
2026-01-23,68.16,60.7,62.8
2026-01-24,68.16,60.7,62.8
2026-01-25,68.16,60.7,62.8
2026-01-26,67.7,60.46,63.57
2026-01-27,70.28,62.04,63.39
2026-01-28,70.9,62.75,65.02
2026-01-29,71.0,64.77,66.89
2026-01-30,72.25,64.5,66.91
2026-01-31,72.25,64.5,66.91
2026-02-01,72.25,64.5,66.91
2026-02-02,67.72,61.6,64.94
2026-02-03,70.01,62.62,65.23
2026-02-04,71.15,64.56,66.65
2026-02-05,69.87,62.9,67.0
2026-02-06,70.45,63.77,67.49
2026-02-07,70.45,63.77,67.49
2026-02-08,70.45,63.77,67.49
2026-02-09,71.19,64.53,66.93
2026-02-10,71.01,64.2,67.86
2026-02-11,71.52,64.8,68.52
2026-02-12,69.8,63.08,68.06
2026-02-13,69.96,63.05,66.62
2026-02-14,69.96,63.05,66.62
2026-02-15,69.96,63.05,66.62
2026-02-16,70.81,63.05,66.81
2026-02-17,69.77,62.53,66.55
2026-02-18,71.78,65.33,67.03
2026-02-19,73.17,66.66,69.79
2026-02-20,72.75,66.69,70.11
2026-02-21,72.75,66.69,70.11
2026-02-22,72.75,66.69,70.11
2026-02-23,71.9,66.36,69.71
2026-02-24,71.21,65.62,69.69
2026-02-25,70.69,65.3,69.29
2026-02-26,71.66,65.1,69.64
2026-02-27,71.32,66.96,70.07
2026-02-28,71.32,66.96,70.07
2026-03-01,71.32,66.96,70.07
2026-03-02,77.24,71.13,78.24
2026-03-03,83.28,74.48,80.92
2026-03-04,81.56,74.58,82.8
2026-03-05,88.59,80.88,90.03
2026-03-06,95.74,90.77,96.33
2026-03-07,95.74,90.77,96.33
2026-03-08,95.74,90.77,96.33
2026-03-09,94.35,94.65,115.54
2026-03-10,89.84,83.71,102.4
2026-03-11,90.98,86.8,105.06
2026-03-12,102.38,95.61,120.86
2026-03-13,103.23,98.48,126.9
2026-03-14,103.23,98.48,126.9
2026-03-15,103.23,98.48,126.9
2026-03-16,101.04,93.39,128.99
2026-03-17,108.39,96.01,132.87
2026-03-18,118.09,96.12,135.06
2026-03-19,111.05,96.11,146.05
2026-03-20,118.42,98.71,142.86
2026-03-21,118.42,98.71,142.86
2026-03-22,118.42,98.71,142.86
2026-03-23,103.79,89.33,145.24
2026-03-24,108.42,93.18,132.21
2026-03-25,109.14,91.51,116.96
2026-03-26,113.39,96.18,122.16
2026-03-27,121.47,101.26,118.11
2026-03-28,121.47,101.26,118.11
2026-03-29,121.47,101.26,118.11
2026-03-30,121.88,104.69,117.14
2026-03-31,126.69,102.86,123.21
2026-04-01,119.56,101.9,111.06
2026-04-02,127.61,113.23,121.45
2026-04-03,127.61,113.23,121.45
2026-04-04,127.61,113.23,121.45
2026-04-05,127.61,113.23,121.45
2026-04-06,127.61,114.01,124.38
2026-04-07,138.21,114.58,124.68
2026-04-08,122.11,96.17,107.58
2026-04-09,119.03,99.62,107.81
2026-04-10,119.07,98.34,105.78
2026-04-11,119.07,98.34,105.78
2026-04-12,119.07,98.34,105.78
2026-04-13,123.28,100.72,110.43
2026-04-14,118.69,93.07,107.19
2026-04-15,114.93,93.04,104.56
2026-04-16,116.63,96.46,104.79
2026-04-17,98.63,85.91,99.6
2026-04-18,98.63,85.91,99.6
2026-04-19,98.63,85.91,99.6
2026-04-20,103.4,91.06,97.74
2026-04-21,106.14,93.64,96.31
2026-04-22,113.44,94.76,103.06
2026-04-23,113.25,99.27,106.28
2026-04-24,111.86,98.42,108.33
2026-04-25,111.86,98.42,108.33
2026-04-26,111.86,98.42,108.33
2026-04-27,113.89,99.89,107.62
2026-04-28,117.62,103.45,109.44
2026-04-29,124.16,110.47,112.83
2026-04-30,124.24,108.64,113.71
2026-05-01,118.26,105.38,120.61
2026-05-02,,105.38,120.61
2026-05-03,,105.38,120.61
2026-05-04,,109.76,116.03
2026-05-05,,,118.33
2026-05-06,,,112.26
2026-05-07,,,106.46
2026-05-08,,,107.66
2026-05-09,,,
2026-05-10,,,
2026-05-11,,,
2026-05-12,,,
2026-05-13,,,
