data,汇率
2010-01-01,6.8259
2010-01-02,6.8259
2010-01-03,6.8259
2010-01-04,6.8273
2010-01-05,6.8258
2010-01-06,6.8272
2010-01-07,6.8280
2010-01-08,6.8274
2010-01-09,6.8274
2010-01-10,6.8274
2010-01-11,6.8263
2010-01-12,6.8267
2010-01-13,6.8295
2010-01-14,6.8265
2010-01-15,6.8269
2010-01-16,6.8269
2010-01-17,6.8269
2010-01-18,6.8269
2010-01-19,6.8268
2010-01-20,6.8258
2010-01-21,6.8268
2010-01-22,6.8270
2010-01-23,6.8270
2010-01-24,6.8270
2010-01-25,6.8268
2010-01-26,6.8263
2010-01-27,6.8268
2010-01-28,6.8267
2010-01-29,6.8268
2010-01-30,6.8268
2010-01-31,6.8268
2010-02-01,6.8260
2010-02-02,6.8270
2010-02-03,6.8260
2010-02-04,6.8280
2010-02-05,6.8275
2010-02-06,6.8275
2010-02-07,6.8275
2010-02-08,6.8265
2010-02-09,6.8267
2010-02-10,6.8280
2010-02-11,6.8328
2010-02-12,6.8326
2010-02-13,6.8326
2010-02-14,6.8326
2010-02-15,6.8326
2010-02-16,6.8326
2010-02-17,6.8326
2010-02-18,6.8330
2010-02-19,6.8290
2010-02-20,6.8290
2010-02-21,6.8290
2010-02-22,6.8264
2010-02-23,6.8267
2010-02-24,6.8269
2010-02-25,6.8267
2010-02-26,6.8258
2010-02-27,6.8258
2010-02-28,6.8258
2010-03-01,6.8263
2010-03-02,6.8265
2010-03-03,6.8258
2010-03-04,6.8258
2010-03-05,6.8260
2010-03-06,6.8260
2010-03-07,6.8260
2010-03-08,6.8261
2010-03-09,6.8263
2010-03-10,6.8259
2010-03-11,6.8266
2010-03-12,6.8254
2010-03-13,6.8254
2010-03-14,6.8254
2010-03-15,6.8259
2010-03-16,6.8257
2010-03-17,6.8259
2010-03-18,6.8261
2010-03-19,6.8265
2010-03-20,6.8265
2010-03-21,6.8265
2010-03-22,6.8266
2010-03-23,6.8263
2010-03-24,6.8266
2010-03-25,6.8270
2010-03-26,6.8269
2010-03-27,6.8269
2010-03-28,6.8269
2010-03-29,6.8264
2010-03-30,6.8258
2010-03-31,6.8258
2010-04-01,6.8263
2010-04-02,6.8255
2010-04-03,6.8255
2010-04-04,6.8255
2010-04-05,6.8256
2010-04-06,6.8250
2010-04-07,6.8254
2010-04-08,6.8240
2010-04-09,6.8229
2010-04-10,6.8229
2010-04-11,6.8229
2010-04-12,6.8252
2010-04-13,6.8255
2010-04-14,6.8258
2010-04-15,6.8260
2010-04-16,6.8253
2010-04-17,6.8253
2010-04-18,6.8253
2010-04-19,6.8262
2010-04-20,6.8253
2010-04-21,6.8275
2010-04-22,6.8263
2010-04-23,6.8270
2010-04-24,6.8270
2010-04-25,6.8270
2010-04-26,6.8266
2010-04-27,6.8256
2010-04-28,6.8245
2010-04-29,6.8259
2010-04-30,6.8247
2010-05-01,6.8247
2010-05-02,6.8247
2010-05-03,6.8245
2010-05-04,6.8260
2010-05-05,6.8263
2010-05-06,6.8265
2010-05-07,6.8254
2010-05-08,6.8254
2010-05-09,6.8254
2010-05-10,6.8263
2010-05-11,6.8285
2010-05-12,6.8270
2010-05-13,6.8278
2010-05-14,6.8263
2010-05-15,6.8263
2010-05-16,6.8263
2010-05-17,6.8274
2010-05-18,6.8273
2010-05-19,6.8269
2010-05-20,6.8277
2010-05-21,6.8262
2010-05-22,6.8262
2010-05-23,6.8262
2010-05-24,6.8286
2010-05-25,6.8310
2010-05-26,6.8292
2010-05-27,6.8296
2010-05-28,6.8305
2010-05-29,6.8305
2010-05-30,6.8305
2010-05-31,6.8305
2010-06-01,6.8275
2010-06-02,6.8296
2010-06-03,6.8283
2010-06-04,6.8268
2010-06-05,6.8268
2010-06-06,6.8268
2010-06-07,6.8322
2010-06-08,6.8294
2010-06-09,6.8285
2010-06-10,6.8305
2010-06-11,6.8320
2010-06-12,6.8320
2010-06-13,6.8320
2010-06-14,6.8323
2010-06-15,6.8323
2010-06-16,6.8323
2010-06-17,6.8290
2010-06-18,6.8267
2010-06-19,6.8267
2010-06-20,6.8267
2010-06-21,6.7968
2010-06-22,6.8127
2010-06-23,6.8124
2010-06-24,6.8001
2010-06-25,6.7911
2010-06-26,6.7911
2010-06-27,6.7911
2010-06-28,6.7960
2010-06-29,6.7977
2010-06-30,6.7815
2010-07-01,6.7807
2010-07-02,6.7709
2010-07-03,6.7709
2010-07-04,6.7709
2010-07-05,6.7709
2010-07-06,6.7801
2010-07-07,6.7770
2010-07-08,6.7763
2010-07-09,6.7720
2010-07-10,6.7720
2010-07-11,6.7720
2010-07-12,6.7709
2010-07-13,6.7720
2010-07-14,6.7714
2010-07-15,6.7774
2010-07-16,6.7750
2010-07-17,6.7750
2010-07-18,6.7750
2010-07-19,6.7780
2010-07-20,6.7781
2010-07-21,6.7769
2010-07-22,6.7795
2010-07-23,6.7803
2010-07-24,6.7803
2010-07-25,6.7803
2010-07-26,6.7788
2010-07-27,6.7781
2010-07-28,6.7780
2010-07-29,6.7760
2010-07-30,6.7735
2010-07-31,6.7735
2010-08-01,6.7735
2010-08-02,6.7740
2010-08-03,6.7728
2010-08-04,6.7720
2010-08-05,6.7705
2010-08-06,6.7680
2010-08-07,6.7680
2010-08-08,6.7680
2010-08-09,6.7670
2010-08-10,6.7720
2010-08-11,6.7745
2010-08-12,6.7843
2010-08-13,6.7957
2010-08-14,6.7957
2010-08-15,6.7957
2010-08-16,6.8038
2010-08-17,6.7920
2010-08-18,6.7911
2010-08-19,6.7897
2010-08-20,6.7900
2010-08-21,6.7900
2010-08-22,6.7900
2010-08-23,6.7995
2010-08-24,6.7966
2010-08-25,6.7995
2010-08-26,6.7998
2010-08-27,6.7977
2010-08-28,6.7977
2010-08-29,6.7977
2010-08-30,6.8029
2010-08-31,6.8069
2010-09-01,6.8102
2010-09-02,6.8070
2010-09-03,6.8014
2010-09-04,6.8014
2010-09-05,6.8014
2010-09-06,6.8014
2010-09-07,6.7906
2010-09-08,6.7940
2010-09-09,6.7820
2010-09-10,6.7690
2010-09-11,6.7690
2010-09-12,6.7690
2010-09-13,6.7595
2010-09-14,6.7430
2010-09-15,6.7380
2010-09-16,6.7250
2010-09-17,6.7230
2010-09-18,6.7230
2010-09-19,6.7230
2010-09-20,6.7135
2010-09-21,6.7059
2010-09-22,6.7035
2010-09-23,6.7046
2010-09-24,6.7035
2010-09-25,6.7035
2010-09-26,6.7035
2010-09-27,6.6911
2010-09-28,6.6904
2010-09-29,6.6869
2010-09-30,6.6905
2010-10-01,6.6895
2010-10-02,6.6895
2010-10-03,6.6895
2010-10-04,6.6912
2010-10-05,6.6906
2010-10-06,6.6893
2010-10-07,6.6903
2010-10-08,6.6710
2010-10-09,6.6710
2010-10-10,6.6710
2010-10-11,6.6710
2010-10-12,6.6733
2010-10-13,6.6634
2010-10-14,6.6505
2010-10-15,6.6397
2010-10-16,6.6397
2010-10-17,6.6397
2010-10-18,6.6440
2010-10-19,6.6444
2010-10-20,6.6518
2010-10-21,6.6502
2010-10-22,6.6583
2010-10-23,6.6583
2010-10-24,6.6583
2010-10-25,6.6579
2010-10-26,6.6625
2010-10-27,6.6805
2010-10-28,6.6867
2010-10-29,6.6707
2010-10-30,6.6707
2010-10-31,6.6707
2010-11-01,6.6892
2010-11-02,6.6775
2010-11-03,6.6758
2010-11-04,6.6609
2010-11-05,6.6550
2010-11-06,6.6550
2010-11-07,6.6550
2010-11-08,6.6791
2010-11-09,6.6424
2010-11-10,6.6335
2010-11-11,6.6335
2010-11-12,6.6368
2010-11-13,6.6368
2010-11-14,6.6368
2010-11-15,6.6418
2010-11-16,6.6378
2010-11-17,6.6415
2010-11-18,6.6330
2010-11-19,6.6398
2010-11-20,6.6398
2010-11-21,6.6398
2010-11-22,6.6414
2010-11-23,6.6433
2010-11-24,6.6529
2010-11-25,6.6529
2010-11-26,6.6675
2010-11-27,6.6675
2010-11-28,6.6675
2010-11-29,6.6600
2010-11-30,6.6670
2010-12-01,6.6630
2010-12-02,6.6609
2010-12-03,6.6628
2010-12-04,6.6628
2010-12-05,6.6628
2010-12-06,6.6483
2010-12-07,6.6455
2010-12-08,6.6616
2010-12-09,6.6549
2010-12-10,6.6550
2010-12-11,6.6550
2010-12-12,6.6550
2010-12-13,6.6652
2010-12-14,6.6563
2010-12-15,6.6541
2010-12-16,6.6635
2010-12-17,6.6545
2010-12-18,6.6545
2010-12-19,6.6545
2010-12-20,6.6745
2010-12-21,6.6580
2010-12-22,6.6450
2010-12-23,6.6450
2010-12-24,6.6450
2010-12-25,6.6450
2010-12-26,6.6450
2010-12-27,6.6306
2010-12-28,6.6247
2010-12-29,6.6200
2010-12-30,6.6000
2010-12-31,6.6000
2011-01-01,6.6000
2011-01-02,6.6000
2011-01-03,6.5895
2011-01-04,6.6065
2011-01-05,6.5850
2011-01-06,6.6260
2011-01-07,6.6276
2011-01-08,6.6276
2011-01-09,6.6276
2011-01-10,6.6364
2011-01-11,6.6185
2011-01-12,6.6037
2011-01-13,6.6044
2011-01-14,6.5876
2011-01-15,6.5876
2011-01-16,6.5876
2011-01-17,6.5876
2011-01-18,6.5828
2011-01-19,6.5823
2011-01-20,6.5852
2011-01-21,6.5831
2011-01-22,6.5831
2011-01-23,6.5831
2011-01-24,6.5809
2011-01-25,6.5824
2011-01-26,6.5814
2011-01-27,6.5814
2011-01-28,6.5819
2011-01-29,6.5819
2011-01-30,6.5819
2011-01-31,6.6017
2011-02-01,6.5937
2011-02-02,6.5560
2011-02-03,6.5560
2011-02-04,6.5560
2011-02-05,6.5560
2011-02-06,6.5560
2011-02-07,6.5600
2011-02-08,6.5520
2011-02-09,6.5914
2011-02-10,6.5864
2011-02-11,6.5917
2011-02-12,6.5917
2011-02-13,6.5917
2011-02-14,6.5965
2011-02-15,6.5884
2011-02-16,6.5884
2011-02-17,6.5850
2011-02-18,6.5731
2011-02-19,6.5731
2011-02-20,6.5731
2011-02-21,6.5731
2011-02-22,6.5795
2011-02-23,6.5741
2011-02-24,6.5720
2011-02-25,6.5749
2011-02-26,6.5749
2011-02-27,6.5749
2011-02-28,6.5713
2011-03-01,6.5700
2011-03-02,6.5723
2011-03-03,6.5717
2011-03-04,6.5670
2011-03-05,6.5670
2011-03-06,6.5670
2011-03-07,6.5540
2011-03-08,6.5684
2011-03-09,6.5580
2011-03-10,6.5731
2011-03-11,6.5742
2011-03-12,6.5742
2011-03-13,6.5742
2011-03-14,6.5696
2011-03-15,6.5730
2011-03-16,6.5713
2011-03-17,6.5743
2011-03-18,6.5689
2011-03-19,6.5689
2011-03-20,6.5689
2011-03-21,6.5635
2011-03-22,6.5510
2011-03-23,6.5591
2011-03-24,6.5580
2011-03-25,6.5568
2011-03-26,6.5568
2011-03-27,6.5568
2011-03-28,6.5643
2011-03-29,6.5600
2011-03-30,6.5558
2011-03-31,6.5483
2011-04-01,6.5477
2011-04-02,6.5477
2011-04-03,6.5477
2011-04-04,6.5385
2011-04-05,6.5390
2011-04-06,6.5440
2011-04-07,6.5420
2011-04-08,6.5350
2011-04-09,6.5350
2011-04-10,6.5350
2011-04-11,6.5381
2011-04-12,6.5402
2011-04-13,6.5333
2011-04-14,6.5310
2011-04-15,6.5317
2011-04-16,6.5317
2011-04-17,6.5317
2011-04-18,6.5286
2011-04-19,6.5303
2011-04-20,6.5254
2011-04-21,6.4920
2011-04-22,6.5067
2011-04-23,6.5067
2011-04-24,6.5067
2011-04-25,6.5277
2011-04-26,6.5270
2011-04-27,6.5112
2011-04-28,6.5010
2011-04-29,6.4900
2011-04-30,6.4900
2011-05-01,6.4900
2011-05-02,6.4920
2011-05-03,6.4955
2011-05-04,6.4925
2011-05-05,6.4931
2011-05-06,6.4925
2011-05-07,6.4925
2011-05-08,6.4925
2011-05-09,6.4937
2011-05-10,6.4915
2011-05-11,6.4915
2011-05-12,6.4986
2011-05-13,6.4977
2011-05-14,6.4977
2011-05-15,6.4977
2011-05-16,6.5073
2011-05-17,6.5057
2011-05-18,6.5029
2011-05-19,6.5042
2011-05-20,6.4917
2011-05-21,6.4917
2011-05-22,6.4917
2011-05-23,6.5050
2011-05-24,6.4990
2011-05-25,6.4930
2011-05-26,6.4913
2011-05-27,6.4920
2011-05-28,6.4920
2011-05-29,6.4920
2011-05-30,6.4920
2011-05-31,6.4786
2011-06-01,6.4780
2011-06-02,6.4824
2011-06-03,6.4796
2011-06-04,6.4796
2011-06-05,6.4796
2011-06-06,6.4796
2011-06-07,6.4810
2011-06-08,6.4754
2011-06-09,6.4757
2011-06-10,6.4801
2011-06-11,6.4801
2011-06-12,6.4801
2011-06-13,6.4830
2011-06-14,6.4794
2011-06-15,6.4820
2011-06-16,6.4746
2011-06-17,6.4700
2011-06-18,6.4700
2011-06-19,6.4700
2011-06-20,6.4720
2011-06-21,6.4650
2011-06-22,6.4628
2011-06-23,6.4676
2011-06-24,6.4737
2011-06-25,6.4737
2011-06-26,6.4737
2011-06-27,6.4815
2011-06-28,6.4699
2011-06-29,6.4633
2011-06-30,6.4635
2011-07-01,6.4645
2011-07-02,6.4645
2011-07-03,6.4645
2011-07-04,6.4645
2011-07-05,6.4660
2011-07-06,6.4670
2011-07-07,6.4655
2011-07-08,6.4645
2011-07-09,6.4645
2011-07-10,6.4645
2011-07-11,6.4671
2011-07-12,6.4720
2011-07-13,6.4675
2011-07-14,6.4590
2011-07-15,6.4610
2011-07-16,6.4610
2011-07-17,6.4610
2011-07-18,6.4688
2011-07-19,6.4631
2011-07-20,6.4581
2011-07-21,6.4535
2011-07-22,6.4464
2011-07-23,6.4464
2011-07-24,6.4464
2011-07-25,6.4450
2011-07-26,6.4411
2011-07-27,6.4428
2011-07-28,6.4418
2011-07-29,6.4360
2011-07-30,6.4360
2011-07-31,6.4360
2011-08-01,6.4337
2011-08-02,6.4379
2011-08-03,6.4340
2011-08-04,6.4377
2011-08-05,6.4401
2011-08-06,6.4401
2011-08-07,6.4401
2011-08-08,6.4342
2011-08-09,6.4304
2011-08-10,6.4172
2011-08-11,6.3935
2011-08-12,6.3892
2011-08-13,6.3892
2011-08-14,6.3892
2011-08-15,6.3902
2011-08-16,6.3818
2011-08-17,6.3839
2011-08-18,6.3873
2011-08-19,6.3910
2011-08-20,6.3910
2011-08-21,6.3910
2011-08-22,6.4004
2011-08-23,6.3975
2011-08-24,6.3880
2011-08-25,6.3900
2011-08-26,6.3860
2011-08-27,6.3860
2011-08-28,6.3860
2011-08-29,6.3809
2011-08-30,6.3802
2011-08-31,6.3778
2011-09-01,6.3812
2011-09-02,6.3821
2011-09-03,6.3821
2011-09-04,6.3821
2011-09-05,6.3821
2011-09-06,6.3901
2011-09-07,6.3940
2011-09-08,6.3833
2011-09-09,6.3880
2011-09-10,6.3880
2011-09-11,6.3880
2011-09-12,6.3877
2011-09-13,6.3970
2011-09-14,6.3910
2011-09-15,6.3904
2011-09-16,6.3833
2011-09-17,6.3833
2011-09-18,6.3833
2011-09-19,6.3864
2011-09-20,6.3837
2011-09-21,6.3811
2011-09-22,6.3879
2011-09-23,6.3877
2011-09-24,6.3877
2011-09-25,6.3877
2011-09-26,6.3975
2011-09-27,6.3975
2011-09-28,6.3933
2011-09-29,6.3964
2011-09-30,6.3780
2011-10-01,6.3780
2011-10-02,6.3780
2011-10-03,6.3745
2011-10-04,6.3745
2011-10-05,6.3745
2011-10-06,6.3780
2011-10-07,6.3745
2011-10-08,6.3745
2011-10-09,6.3745
2011-10-10,6.3745
2011-10-11,6.3745
2011-10-12,6.3580
2011-10-13,6.3820
2011-10-14,6.3780
2011-10-15,6.3780
2011-10-16,6.3780
2011-10-17,6.3695
2011-10-18,6.3804
2011-10-19,6.3769
2011-10-20,6.3825
2011-10-21,6.3823
2011-10-22,6.3823
2011-10-23,6.3823
2011-10-24,6.3744
2011-10-25,6.3605
2011-10-26,6.3534
2011-10-27,6.3590
2011-10-28,6.3570
2011-10-29,6.3570
2011-10-30,6.3570
2011-10-31,6.3547
2011-11-01,6.3547
2011-11-02,6.3550
2011-11-03,6.3513
2011-11-04,6.3400
2011-11-05,6.3400
2011-11-06,6.3400
2011-11-07,6.3481
2011-11-08,6.3462
2011-11-09,6.3401
2011-11-10,6.3454
2011-11-11,6.3454
2011-11-12,6.3454
2011-11-13,6.3454
2011-11-14,6.3536
2011-11-15,6.3464
2011-11-16,6.3445
2011-11-17,6.3505
2011-11-18,6.3565
2011-11-19,6.3565
2011-11-20,6.3565
2011-11-21,6.3603
2011-11-22,6.3605
2011-11-23,6.3576
2011-11-24,6.3576
2011-11-25,6.3802
2011-11-26,6.3802
2011-11-27,6.3802
2011-11-28,6.3839
2011-11-29,6.3769
2011-11-30,6.3765
2011-12-01,6.3655
2011-12-02,6.3596
2011-12-03,6.3596
2011-12-04,6.3596
2011-12-05,6.3629
2011-12-06,6.3645
2011-12-07,6.3642
2011-12-08,6.3618
2011-12-09,6.3641
2011-12-10,6.3641
2011-12-11,6.3641
2011-12-12,6.3604
2011-12-13,6.3648
2011-12-14,6.3710
2011-12-15,6.3733
2011-12-16,6.3479
2011-12-17,6.3479
2011-12-18,6.3479
2011-12-19,6.3376
2011-12-20,6.3459
2011-12-21,6.3386
2011-12-22,6.3392
2011-12-23,6.3364
2011-12-24,6.3364
2011-12-25,6.3364
2011-12-26,6.3364
2011-12-27,6.3210
2011-12-28,6.3211
2011-12-29,6.3187
2011-12-30,6.2939
2011-12-31,6.2939
2012-01-01,6.2939
2012-01-02,6.2939
2012-01-03,6.2940
2012-01-04,6.2941
2012-01-05,6.3013
2012-01-06,6.3088
2012-01-07,6.3088
2012-01-08,6.3088
2012-01-09,6.3143
2012-01-10,6.3141
2012-01-11,6.3149
2012-01-12,6.3177
2012-01-13,6.3065
2012-01-14,6.3065
2012-01-15,6.3065
2012-01-16,6.3065
2012-01-17,6.3136
2012-01-18,6.3109
2012-01-19,6.3162
2012-01-20,6.3330
2012-01-21,6.3330
2012-01-22,6.3330
2012-01-23,6.3330
2012-01-24,6.3330
2012-01-25,6.3330
2012-01-26,6.3330
2012-01-27,6.3330
2012-01-28,6.3330
2012-01-29,6.3330
2012-01-30,6.3310
2012-01-31,6.3080
2012-02-01,6.3076
2012-02-02,6.3017
2012-02-03,6.3027
2012-02-04,6.3027
2012-02-05,6.3027
2012-02-06,6.3120
2012-02-07,6.3046
2012-02-08,6.2938
2012-02-09,6.2947
2012-02-10,6.2991
2012-02-11,6.2991
2012-02-12,6.2991
2012-02-13,6.2972
2012-02-14,6.2995
2012-02-15,6.2998
2012-02-16,6.3014
2012-02-17,6.2985
2012-02-18,6.2985
2012-02-19,6.2985
2012-02-20,6.2985
2012-02-21,6.2960
2012-02-22,6.2960
2012-02-23,6.2980
2012-02-24,6.2976
2012-02-25,6.2976
2012-02-26,6.2976
2012-02-27,6.3012
2012-02-28,6.2989
2012-02-29,6.2935
2012-03-01,6.3001
2012-03-02,6.2982
2012-03-03,6.2982
2012-03-04,6.2982
2012-03-05,6.3066
2012-03-06,6.3082
2012-03-07,6.3097
2012-03-08,6.3159
2012-03-09,6.3109
2012-03-10,6.3109
2012-03-11,6.3109
2012-03-12,6.3258
2012-03-13,6.3266
2012-03-14,6.3315
2012-03-15,6.3282
2012-03-16,6.3222
2012-03-17,6.3222
2012-03-18,6.3222
2012-03-19,6.3191
2012-03-20,6.3203
2012-03-21,6.3226
2012-03-22,6.2990
2012-03-23,6.3021
2012-03-24,6.3021
2012-03-25,6.3021
2012-03-26,6.3139
2012-03-27,6.3061
2012-03-28,6.3044
2012-03-29,6.3057
2012-03-30,6.2975
2012-03-31,6.2975
2012-04-01,6.2975
2012-04-02,6.2979
2012-04-03,6.2975
2012-04-04,6.2975
2012-04-05,6.3123
2012-04-06,6.3052
2012-04-07,6.3052
2012-04-08,6.3052
2012-04-09,6.3100
2012-04-10,6.3105
2012-04-11,6.3076
2012-04-12,6.3069
2012-04-13,6.3022
2012-04-14,6.3022
2012-04-15,6.3022
2012-04-16,6.3150
2012-04-17,6.3015
2012-04-18,6.3026
2012-04-19,6.3029
2012-04-20,6.3080
2012-04-21,6.3080
2012-04-22,6.3080
2012-04-23,6.3084
2012-04-24,6.3073
2012-04-25,6.3039
2012-04-26,6.3054
2012-04-27,6.3093
2012-04-28,6.3093
2012-04-29,6.3093
2012-04-30,6.2790
2012-05-01,6.3089
2012-05-02,6.3070
2012-05-03,6.3052
2012-05-04,6.3059
2012-05-05,6.3059
2012-05-06,6.3059
2012-05-07,6.3074
2012-05-08,6.3076
2012-05-09,6.3096
2012-05-10,6.3140
2012-05-11,6.3097
2012-05-12,6.3097
2012-05-13,6.3097
2012-05-14,6.3210
2012-05-15,6.3176
2012-05-16,6.3227
2012-05-17,6.3247
2012-05-18,6.3245
2012-05-19,6.3245
2012-05-20,6.3245
2012-05-21,6.3277
2012-05-22,6.3223
2012-05-23,6.3343
2012-05-24,6.3449
2012-05-25,6.3439
2012-05-26,6.3439
2012-05-27,6.3439
2012-05-28,6.3439
2012-05-29,6.3478
2012-05-30,6.3574
2012-05-31,6.3684
2012-06-01,6.3692
2012-06-02,6.3692
2012-06-03,6.3692
2012-06-04,6.3641
2012-06-05,6.3670
2012-06-06,6.3634
2012-06-07,6.3634
2012-06-08,6.3700
2012-06-09,6.3700
2012-06-10,6.3700
2012-06-11,6.3690
2012-06-12,6.3703
2012-06-13,6.3685
2012-06-14,6.3702
2012-06-15,6.3649
2012-06-16,6.3649
2012-06-17,6.3649
2012-06-18,6.3539
2012-06-19,6.3542
2012-06-20,6.3597
2012-06-21,6.3644
2012-06-22,6.3644
2012-06-23,6.3644
2012-06-24,6.3644
2012-06-25,6.3631
2012-06-26,6.3626
2012-06-27,6.3561
2012-06-28,6.3570
2012-06-29,6.3530
2012-06-30,6.3530
2012-07-01,6.3530
2012-07-02,6.3487
2012-07-03,6.3519
2012-07-04,6.3519
2012-07-05,6.3557
2012-07-06,6.3640
2012-07-07,6.3640
2012-07-08,6.3640
2012-07-09,6.3709
2012-07-10,6.3654
2012-07-11,6.3682
2012-07-12,6.3732
2012-07-13,6.3789
2012-07-14,6.3789
2012-07-15,6.3789
2012-07-16,6.3784
2012-07-17,6.3725
2012-07-18,6.3690
2012-07-19,6.3724
2012-07-20,6.3734
2012-07-21,6.3734
2012-07-22,6.3734
2012-07-23,6.3856
2012-07-24,6.3857
2012-07-25,6.3879
2012-07-26,6.3839
2012-07-27,6.3807
2012-07-28,6.3807
2012-07-29,6.3807
2012-07-30,6.3792
2012-07-31,6.3610
2012-08-01,6.3680
2012-08-02,6.3671
2012-08-03,6.3721
2012-08-04,6.3721
2012-08-05,6.3721
2012-08-06,6.3738
2012-08-07,6.3664
2012-08-08,6.3610
2012-08-09,6.3579
2012-08-10,6.3599
2012-08-11,6.3599
2012-08-12,6.3599
2012-08-13,6.3611
2012-08-14,6.3586
2012-08-15,6.3619
2012-08-16,6.3659
2012-08-17,6.3580
2012-08-18,6.3580
2012-08-19,6.3580
2012-08-20,6.3592
2012-08-21,6.3559
2012-08-22,6.3515
2012-08-23,6.3535
2012-08-24,6.3542
2012-08-25,6.3542
2012-08-26,6.3542
2012-08-27,6.3558
2012-08-28,6.3525
2012-08-29,6.3513
2012-08-30,6.3494
2012-08-31,6.3484
2012-09-01,6.3484
2012-09-02,6.3484
2012-09-03,6.3484
2012-09-04,6.3465
2012-09-05,6.3489
2012-09-06,6.3428
2012-09-07,6.3428
2012-09-08,6.3428
2012-09-09,6.3428
2012-09-10,6.3375
2012-09-11,6.3349
2012-09-12,6.3261
2012-09-13,6.3294
2012-09-14,6.3145
2012-09-15,6.3145
2012-09-16,6.3145
2012-09-17,6.3170
2012-09-18,6.3187
2012-09-19,6.3091
2012-09-20,6.3036
2012-09-21,6.3051
2012-09-22,6.3051
2012-09-23,6.3051
2012-09-24,6.3090
2012-09-25,6.3057
2012-09-26,6.3015
2012-09-27,6.3021
2012-09-28,6.2848
2012-09-29,6.2848
2012-09-30,6.2848
2012-10-01,6.2840
2012-10-02,6.2840
2012-10-03,6.2840
2012-10-04,6.2840
2012-10-05,6.2840
2012-10-06,6.2840
2012-10-07,6.2840
2012-10-08,6.2840
2012-10-09,6.2877
2012-10-10,6.2831
2012-10-11,6.2765
2012-10-12,6.2670
2012-10-13,6.2670
2012-10-14,6.2670
2012-10-15,6.2700
2012-10-16,6.2637
2012-10-17,6.2540
2012-10-18,6.2501
2012-10-19,6.2533
2012-10-20,6.2533
2012-10-21,6.2533
2012-10-22,6.2543
2012-10-23,6.2478
2012-10-24,6.2478
2012-10-25,6.2416
2012-10-26,6.2480
2012-10-27,6.2480
2012-10-28,6.2480
2012-10-29,6.2384
2012-10-30,6.2396
2012-10-31,6.2372
2012-11-01,6.2393
2012-11-02,6.2411
2012-11-03,6.2411
2012-11-04,6.2411
2012-11-05,6.2452
2012-11-06,6.2454
2012-11-07,6.2435
2012-11-08,6.2427
2012-11-09,6.2450
2012-11-10,6.2450
2012-11-11,6.2450
2012-11-12,6.2450
2012-11-13,6.2260
2012-11-14,6.2250
2012-11-15,6.2329
2012-11-16,6.2354
2012-11-17,6.2354
2012-11-18,6.2354
2012-11-19,6.2343
2012-11-20,6.2324
2012-11-21,6.2300
2012-11-22,6.2300
2012-11-23,6.2275
2012-11-24,6.2275
2012-11-25,6.2275
2012-11-26,6.2253
2012-11-27,6.2221
2012-11-28,6.2273
2012-11-29,6.2281
2012-11-30,6.2265
2012-12-01,6.2265
2012-12-02,6.2265
2012-12-03,6.2277
2012-12-04,6.2254
2012-12-05,6.2251
2012-12-06,6.2282
2012-12-07,6.2299
2012-12-08,6.2299
2012-12-09,6.2299
2012-12-10,6.2296
2012-12-11,6.2460
2012-12-12,6.2502
2012-12-13,6.2316
2012-12-14,6.2410
2012-12-15,6.2410
2012-12-16,6.2410
2012-12-17,6.2360
2012-12-18,6.2322
2012-12-19,6.2293
2012-12-20,6.2297
2012-12-21,6.2284
2012-12-22,6.2284
2012-12-23,6.2284
2012-12-24,6.2335
2012-12-25,6.2335
2012-12-26,6.2351
2012-12-27,6.2358
2012-12-28,6.2315
2012-12-29,6.2315
2012-12-30,6.2315
2012-12-31,6.2301
2013-01-01,6.2301
2013-01-02,6.2301
2013-01-03,6.2301
2013-01-04,6.2303
2013-01-05,6.2303
2013-01-06,6.2303
2013-01-07,6.2294
2013-01-08,6.2235
2013-01-09,6.2260
2013-01-10,6.2230
2013-01-11,6.2156
2013-01-12,6.2156
2013-01-13,6.2156
2013-01-14,6.2190
2013-01-15,6.2134
2013-01-16,6.2160
2013-01-17,6.2158
2013-01-18,6.2152
2013-01-19,6.2152
2013-01-20,6.2152
2013-01-21,6.2152
2013-01-22,6.2196
2013-01-23,6.2178
2013-01-24,6.2179
2013-01-25,6.2203
2013-01-26,6.2203
2013-01-27,6.2203
2013-01-28,6.2240
2013-01-29,6.2259
2013-01-30,6.2204
2013-01-31,6.2186
2013-02-01,6.2265
2013-02-02,6.2265
2013-02-03,6.2265
2013-02-04,6.2326
2013-02-05,6.2292
2013-02-06,6.2315
2013-02-07,6.2323
2013-02-08,6.2323
2013-02-09,6.2323
2013-02-10,6.2323
2013-02-11,6.2323
2013-02-12,6.2323
2013-02-13,6.2323
2013-02-14,6.2323
2013-02-15,6.2323
2013-02-16,6.2323
2013-02-17,6.2323
2013-02-18,6.2323
2013-02-19,6.2438
2013-02-20,6.2371
2013-02-21,6.2403
2013-02-22,6.2346
2013-02-23,6.2346
2013-02-24,6.2346
2013-02-25,6.2337
2013-02-26,6.2293
2013-02-27,6.2271
2013-02-28,6.2213
2013-03-01,6.2226
2013-03-02,6.2226
2013-03-03,6.2226
2013-03-04,6.2246
2013-03-05,6.2208
2013-03-06,6.2173
2013-03-07,6.2200
2013-03-08,6.2145
2013-03-09,6.2145
2013-03-10,6.2145
2013-03-11,6.2179
2013-03-12,6.2160
2013-03-13,6.2137
2013-03-14,6.2145
2013-03-15,6.2133
2013-03-16,6.2133
2013-03-17,6.2133
2013-03-18,6.2156
2013-03-19,6.2154
2013-03-20,6.2117
2013-03-21,6.2141
2013-03-22,6.2120
2013-03-23,6.2120
2013-03-24,6.2120
2013-03-25,6.2105
2013-03-26,6.2108
2013-03-27,6.2138
2013-03-28,6.2143
2013-03-29,6.2108
2013-03-30,6.2108
2013-03-31,6.2108
2013-04-01,6.2078
2013-04-02,6.1992
2013-04-03,6.1962
2013-04-04,6.2005
2013-04-05,6.2005
2013-04-06,6.2005
2013-04-07,6.2005
2013-04-08,6.2031
2013-04-09,6.2022
2013-04-10,6.1938
2013-04-11,6.1961
2013-04-12,6.1914
2013-04-13,6.1914
2013-04-14,6.1914
2013-04-15,6.1866
2013-04-16,6.1824
2013-04-17,6.1720
2013-04-18,6.1811
2013-04-19,6.1772
2013-04-20,6.1772
2013-04-21,6.1772
2013-04-22,6.1823
2013-04-23,6.1790
2013-04-24,6.1782
2013-04-25,6.1707
2013-04-26,6.1647
2013-04-27,6.1647
2013-04-28,6.1647
2013-04-29,6.1647
2013-04-30,6.1647
2013-05-01,6.1647
2013-05-02,6.1560
2013-05-03,6.1555
2013-05-04,6.1555
2013-05-05,6.1555
2013-05-06,6.1665
2013-05-07,6.1539
2013-05-08,6.1410
2013-05-09,6.1306
2013-05-10,6.1415
2013-05-11,6.1415
2013-05-12,6.1415
2013-05-13,6.1465
2013-05-14,6.1426
2013-05-15,6.1454
2013-05-16,6.1487
2013-05-17,6.1410
2013-05-18,6.1410
2013-05-19,6.1410
2013-05-20,6.1386
2013-05-21,6.1353
2013-05-22,6.1309
2013-05-23,6.1337
2013-05-24,6.1311
2013-05-25,6.1311
2013-05-26,6.1311
2013-05-27,6.1311
2013-05-28,6.1213
2013-05-29,6.1264
2013-05-30,6.1307
2013-05-31,6.1340
2013-06-01,6.1340
2013-06-02,6.1340
2013-06-03,6.1312
2013-06-04,6.1285
2013-06-05,6.1276
2013-06-06,6.1359
2013-06-07,6.1333
2013-06-08,6.1333
2013-06-09,6.1333
2013-06-10,6.1333
2013-06-11,6.1333
2013-06-12,6.1333
2013-06-13,6.1341
2013-06-14,6.1306
2013-06-15,6.1306
2013-06-16,6.1306
2013-06-17,6.1248
2013-06-18,6.1283
2013-06-19,6.1264
2013-06-20,6.1277
2013-06-21,6.1328
2013-06-22,6.1328
2013-06-23,6.1328
2013-06-24,6.1441
2013-06-25,6.1448
2013-06-26,6.1468
2013-06-27,6.1488
2013-06-28,6.1374
2013-06-29,6.1374
2013-06-30,6.1374
2013-07-01,6.1325
2013-07-02,6.1327
2013-07-03,6.1301
2013-07-04,6.1301
2013-07-05,6.1324
2013-07-06,6.1324
2013-07-07,6.1324
2013-07-08,6.1337
2013-07-09,6.1293
2013-07-10,6.1336
2013-07-11,6.1350
2013-07-12,6.1373
2013-07-13,6.1373
2013-07-14,6.1373
2013-07-15,6.1373
2013-07-16,6.1345
2013-07-17,6.1351
2013-07-18,6.1408
2013-07-19,6.1377
2013-07-20,6.1377
2013-07-21,6.1377
2013-07-22,6.1404
2013-07-23,6.1369
2013-07-24,6.1358
2013-07-25,6.1346
2013-07-26,6.1316
2013-07-27,6.1316
2013-07-28,6.1316
2013-07-29,6.1323
2013-07-30,6.1315
2013-07-31,6.1284
2013-08-01,6.1302
2013-08-02,6.1293
2013-08-03,6.1293
2013-08-04,6.1293
2013-08-05,6.1245
2013-08-06,6.1215
2013-08-07,6.1190
2013-08-08,6.1207
2013-08-09,6.1217
2013-08-10,6.1217
2013-08-11,6.1217
2013-08-12,6.1218
2013-08-13,6.1217
2013-08-14,6.1191
2013-08-15,6.1123
2013-08-16,6.1145
2013-08-17,6.1145
2013-08-18,6.1145
2013-08-19,6.1227
2013-08-20,6.1241
2013-08-21,6.1229
2013-08-22,6.1206
2013-08-23,6.1200
2013-08-24,6.1200
2013-08-25,6.1200
2013-08-26,6.1202
2013-08-27,6.1212
2013-08-28,6.1202
2013-08-29,6.1203
2013-08-30,6.1193
2013-08-31,6.1193
2013-09-01,6.1193
2013-09-02,6.1193
2013-09-03,6.1204
2013-09-04,6.1199
2013-09-05,6.1194
2013-09-06,6.1202
2013-09-07,6.1202
2013-09-08,6.1202
2013-09-09,6.1209
2013-09-10,6.1195
2013-09-11,6.1183
2013-09-12,6.1178
2013-09-13,6.1186
2013-09-14,6.1186
2013-09-15,6.1186
2013-09-16,6.1198
2013-09-17,6.1213
2013-09-18,6.1210
2013-09-19,6.1210
2013-09-20,6.1210
2013-09-21,6.1210
2013-09-22,6.1210
2013-09-23,6.1201
2013-09-24,6.1208
2013-09-25,6.1190
2013-09-26,6.1194
2013-09-27,6.1179
2013-09-28,6.1179
2013-09-29,6.1179
2013-09-30,6.1200
2013-10-01,6.1200
2013-10-02,6.1200
2013-10-03,6.1200
2013-10-04,6.1200
2013-10-05,6.1200
2013-10-06,6.1200
2013-10-07,6.1200
2013-10-08,6.1206
2013-10-09,6.1209
2013-10-10,6.1156
2013-10-11,6.1204
2013-10-12,6.1204
2013-10-13,6.1204
2013-10-14,6.1204
2013-10-15,6.1026
2013-10-16,6.0996
2013-10-17,6.0980
2013-10-18,6.0966
2013-10-19,6.0966
2013-10-20,6.0966
2013-10-21,6.0924
2013-10-22,6.0925
2013-10-23,6.0833
2013-10-24,6.0815
2013-10-25,6.0838
2013-10-26,6.0838
2013-10-27,6.0838
2013-10-28,6.0853
2013-10-29,6.0897
2013-10-30,6.0936
2013-10-31,6.0943
2013-11-01,6.0993
2013-11-02,6.0993
2013-11-03,6.0993
2013-11-04,6.0980
2013-11-05,6.0966
2013-11-06,6.0925
2013-11-07,6.0906
2013-11-08,6.0903
2013-11-09,6.0903
2013-11-10,6.0903
2013-11-11,6.0903
2013-11-12,6.0917
2013-11-13,6.0926
2013-11-14,6.0920
2013-11-15,6.0920
2013-11-16,6.0920
2013-11-17,6.0920
2013-11-18,6.0918
2013-11-19,6.0924
2013-11-20,6.0925
2013-11-21,6.0914
2013-11-22,6.0935
2013-11-23,6.0935
2013-11-24,6.0935
2013-11-25,6.0916
2013-11-26,6.0925
2013-11-27,6.0922
2013-11-28,6.0922
2013-11-29,6.0922
2013-11-30,6.0922
2013-12-01,6.0922
2013-12-02,6.0927
2013-12-03,6.0914
2013-12-04,6.0913
2013-12-05,6.0903
2013-12-06,6.0815
2013-12-07,6.0815
2013-12-08,6.0815
2013-12-09,6.0643
2013-12-10,6.0705
2013-12-11,6.0712
2013-12-12,6.0710
2013-12-13,6.0710
2013-12-14,6.0710
2013-12-15,6.0710
2013-12-16,6.0713
2013-12-17,6.0707
2013-12-18,6.0713
2013-12-19,6.0711
2013-12-20,6.0711
2013-12-21,6.0711
2013-12-22,6.0711
2013-12-23,6.0697
2013-12-24,6.0712
2013-12-25,6.0712
2013-12-26,6.0744
2013-12-27,6.0684
2013-12-28,6.0684
2013-12-29,6.0684
2013-12-30,6.0617
2013-12-31,6.0537
2014-01-01,6.0537
2014-01-02,6.0504
2014-01-03,6.0505
2014-01-04,6.0505
2014-01-05,6.0505
2014-01-06,6.0524
2014-01-07,6.0507
2014-01-08,6.0510
2014-01-09,6.0540
2014-01-10,6.0519
2014-01-11,6.0519
2014-01-12,6.0519
2014-01-13,6.0432
2014-01-14,6.0402
2014-01-15,6.0459
2014-01-16,6.0555
2014-01-17,6.0500
2014-01-18,6.0500
2014-01-19,6.0500
2014-01-20,6.0500
2014-01-21,6.0503
2014-01-22,6.0508
2014-01-23,6.0515
2014-01-24,6.0486
2014-01-25,6.0486
2014-01-26,6.0486
2014-01-27,6.0478
2014-01-28,6.0506
2014-01-29,6.0554
2014-01-30,6.0600
2014-01-31,6.0590
2014-02-01,6.0590
2014-02-02,6.0590
2014-02-03,6.0600
2014-02-04,6.0600
2014-02-05,6.0600
2014-02-06,6.0600
2014-02-07,6.0629
2014-02-08,6.0629
2014-02-09,6.0629
2014-02-10,6.0591
2014-02-11,6.0601
2014-02-12,6.0614
2014-02-13,6.0631
2014-02-14,6.0666
2014-02-15,6.0666
2014-02-16,6.0666
2014-02-17,6.0666
2014-02-18,6.0671
2014-02-19,6.0762
2014-02-20,6.0832
2014-02-21,6.0912
2014-02-22,6.0912
2014-02-23,6.0912
2014-02-24,6.0982
2014-02-25,6.1243
2014-02-26,6.1243
2014-02-27,6.1279
2014-02-28,6.1448
2014-03-01,6.1448
2014-03-02,6.1448
2014-03-03,6.1460
2014-03-04,6.1430
2014-03-05,6.1280
2014-03-06,6.1183
2014-03-07,6.1258
2014-03-08,6.1258
2014-03-09,6.1258
2014-03-10,6.1383
2014-03-11,6.1397
2014-03-12,6.1448
2014-03-13,6.1359
2014-03-14,6.1500
2014-03-15,6.1500
2014-03-16,6.1500
2014-03-17,6.1779
2014-03-18,6.1918
2014-03-19,6.1934
2014-03-20,6.2273
2014-03-21,6.2248
2014-03-22,6.2248
2014-03-23,6.2248
2014-03-24,6.1956
2014-03-25,6.2010
2014-03-26,6.2084
2014-03-27,6.2123
2014-03-28,6.2117
2014-03-29,6.2117
2014-03-30,6.2117
2014-03-31,6.2164
2014-04-01,6.2064
2014-04-02,6.2054
2014-04-03,6.2102
2014-04-04,6.2118
2014-04-05,6.2118
2014-04-06,6.2118
2014-04-07,6.2118
2014-04-08,6.1966
2014-04-09,6.2003
2014-04-10,6.2123
2014-04-11,6.2111
2014-04-12,6.2111
2014-04-13,6.2111
2014-04-14,6.2186
2014-04-15,6.2215
2014-04-16,6.2204
2014-04-17,6.2188
2014-04-18,6.2240
2014-04-19,6.2240
2014-04-20,6.2240
2014-04-21,6.2269
2014-04-22,6.2373
2014-04-23,6.2374
2014-04-24,6.2484
2014-04-25,6.2534
2014-04-26,6.2534
2014-04-27,6.2534
2014-04-28,6.2520
2014-04-29,6.2578
2014-04-30,6.2591
2014-05-01,6.2591
2014-05-02,6.2591
2014-05-03,6.2591
2014-05-04,6.2591
2014-05-05,6.2453
2014-05-06,6.2255
2014-05-07,6.2349
2014-05-08,6.2272
2014-05-09,6.2270
2014-05-10,6.2270
2014-05-11,6.2270
2014-05-12,6.2364
2014-05-13,6.2283
2014-05-14,6.2282
2014-05-15,6.2291
2014-05-16,6.2327
2014-05-17,6.2327
2014-05-18,6.2327
2014-05-19,6.2368
2014-05-20,6.2377
2014-05-21,6.2335
2014-05-22,6.2348
2014-05-23,6.2363
2014-05-24,6.2363
2014-05-25,6.2363
2014-05-26,6.2363
2014-05-27,6.2471
2014-05-28,6.2535
2014-05-29,6.2375
2014-05-30,6.2471
2014-05-31,6.2471
2014-06-01,6.2471
2014-06-02,6.2471
2014-06-03,6.2536
2014-06-04,6.2494
2014-06-05,6.2548
2014-06-06,6.2498
2014-06-07,6.2498
2014-06-08,6.2498
2014-06-09,6.2397
2014-06-10,6.2240
2014-06-11,6.2277
2014-06-12,6.2175
2014-06-13,6.2090
2014-06-14,6.2090
2014-06-15,6.2090
2014-06-16,6.2250
2014-06-17,6.2263
2014-06-18,6.2309
2014-06-19,6.2287
2014-06-20,6.2240
2014-06-21,6.2240
2014-06-22,6.2240
2014-06-23,6.2250
2014-06-24,6.2308
2014-06-25,6.2343
2014-06-26,6.2235
2014-06-27,6.2180
2014-06-28,6.2180
2014-06-29,6.2180
2014-06-30,6.2036
2014-07-01,6.1995
2014-07-02,6.2101
2014-07-03,6.2115
2014-07-04,6.2115
2014-07-05,6.2115
2014-07-06,6.2115
2014-07-07,6.2036
2014-07-08,6.2010
2014-07-09,6.1994
2014-07-10,6.2023
2014-07-11,6.2034
2014-07-12,6.2034
2014-07-13,6.2034
2014-07-14,6.2059
2014-07-15,6.2075
2014-07-16,6.2035
2014-07-17,6.2033
2014-07-18,6.2075
2014-07-19,6.2075
2014-07-20,6.2075
2014-07-21,6.2088
2014-07-22,6.2025
2014-07-23,6.1982
2014-07-24,6.1944
2014-07-25,6.1913
2014-07-26,6.1913
2014-07-27,6.1913
2014-07-28,6.1870
2014-07-29,6.1800
2014-07-30,6.1712
2014-07-31,6.1737
2014-08-01,6.1793
2014-08-02,6.1793
2014-08-03,6.1793
2014-08-04,6.1780
2014-08-05,6.1705
2014-08-06,6.1625
2014-08-07,6.1618
2014-08-08,6.1557
2014-08-09,6.1557
2014-08-10,6.1557
2014-08-11,6.1528
2014-08-12,6.1575
2014-08-13,6.1531
2014-08-14,6.1575
2014-08-15,6.1470
2014-08-16,6.1470
2014-08-17,6.1470
2014-08-18,6.1425
2014-08-19,6.1425
2014-08-20,6.1395
2014-08-21,6.1510
2014-08-22,6.1510
2014-08-23,6.1510
2014-08-24,6.1510
2014-08-25,6.1540
2014-08-26,6.1522
2014-08-27,6.1430
2014-08-28,6.1423
2014-08-29,6.1430
2014-08-30,6.1430
2014-08-31,6.1430
2014-09-01,6.1430
2014-09-02,6.1480
2014-09-03,6.1408
2014-09-04,6.1383
2014-09-05,6.1400
2014-09-06,6.1400
2014-09-07,6.1400
2014-09-08,6.1400
2014-09-09,6.1362
2014-09-10,6.1284
2014-09-11,6.1295
2014-09-12,6.1344
2014-09-13,6.1344
2014-09-14,6.1344
2014-09-15,6.1415
2014-09-16,6.1459
2014-09-17,6.1385
2014-09-18,6.1400
2014-09-19,6.1403
2014-09-20,6.1403
2014-09-21,6.1403
2014-09-22,6.1400
2014-09-23,6.1368
2014-09-24,6.1346
2014-09-25,6.1355
2014-09-26,6.1266
2014-09-27,6.1266
2014-09-28,6.1266
2014-09-29,6.1495
2014-09-30,6.1380
2014-10-01,6.1380
2014-10-02,6.1380
2014-10-03,6.1385
2014-10-04,6.1385
2014-10-05,6.1385
2014-10-06,6.1385
2014-10-07,6.1385
2014-10-08,6.1385
2014-10-09,6.1299
2014-10-10,6.1308
2014-10-11,6.1308
2014-10-12,6.1308
2014-10-13,6.1308
2014-10-14,6.1250
2014-10-15,6.1249
2014-10-16,6.1230
2014-10-17,6.1238
2014-10-18,6.1238
2014-10-19,6.1238
2014-10-20,6.1233
2014-10-21,6.1205
2014-10-22,6.1180
2014-10-23,6.1190
2014-10-24,6.1168
2014-10-25,6.1168
2014-10-26,6.1168
2014-10-27,6.1160
2014-10-28,6.1130
2014-10-29,6.1107
2014-10-30,6.1140
2014-10-31,6.1124
2014-11-01,6.1124
2014-11-02,6.1124
2014-11-03,6.1178
2014-11-04,6.1150
2014-11-05,6.1135
2014-11-06,6.1117
2014-11-07,6.1225
2014-11-08,6.1225
2014-11-09,6.1225
2014-11-10,6.1190
2014-11-11,6.1190
2014-11-12,6.1257
2014-11-13,6.1243
2014-11-14,6.1290
2014-11-15,6.1290
2014-11-16,6.1290
2014-11-17,6.1242
2014-11-18,6.1208
2014-11-19,6.1190
2014-11-20,6.1230
2014-11-21,6.1244
2014-11-22,6.1244
2014-11-23,6.1244
2014-11-24,6.1412
2014-11-25,6.1355
2014-11-26,6.1386
2014-11-27,6.1386
2014-11-28,6.1429
2014-11-29,6.1429
2014-11-30,6.1429
2014-12-01,6.1515
2014-12-02,6.1490
2014-12-03,6.1499
2014-12-04,6.1541
2014-12-05,6.1497
2014-12-06,6.1497
2014-12-07,6.1497
2014-12-08,6.1725
2014-12-09,6.1855
2014-12-10,6.1763
2014-12-11,6.1881
2014-12-12,6.1864
2014-12-13,6.1864
2014-12-14,6.1864
2014-12-15,6.1900
2014-12-16,6.1890
2014-12-17,6.1957
2014-12-18,6.2139
2014-12-19,6.2196
2014-12-20,6.2196
2014-12-21,6.2196
2014-12-22,6.2213
2014-12-23,6.2256
2014-12-24,6.2148
2014-12-25,6.2148
2014-12-26,6.2148
2014-12-27,6.2148
2014-12-28,6.2148
2014-12-29,6.2222
2014-12-30,6.2015
2014-12-31,6.2046
2015-01-01,6.2046
2015-01-02,6.2046
2015-01-03,6.2046
2015-01-04,6.2046
2015-01-05,6.2201
2015-01-06,6.2125
2015-01-07,6.2127
2015-01-08,6.2143
2015-01-09,6.2085
2015-01-10,6.2085
2015-01-11,6.2085
2015-01-12,6.2027
2015-01-13,6.1970
2015-01-14,6.1957
2015-01-15,6.1870
2015-01-16,6.2065
2015-01-17,6.2065
2015-01-18,6.2065
2015-01-19,6.2065
2015-01-20,6.2137
2015-01-21,6.2112
2015-01-22,6.2085
2015-01-23,6.2279
2015-01-24,6.2279
2015-01-25,6.2279
2015-01-26,6.2535
2015-01-27,6.2430
2015-01-28,6.2475
2015-01-29,6.2463
2015-01-30,6.2495
2015-01-31,6.2495
2015-02-01,6.2495
2015-02-02,6.2594
2015-02-03,6.2573
2015-02-04,6.2472
2015-02-05,6.2516
2015-02-06,6.2417
2015-02-07,6.2417
2015-02-08,6.2417
2015-02-09,6.2467
2015-02-10,6.2405
2015-02-11,6.2422
2015-02-12,6.2440
2015-02-13,6.2399
2015-02-14,6.2399
2015-02-15,6.2399
2015-02-16,6.2399
2015-02-17,6.2546
2015-02-18,6.2546
2015-02-19,6.2546
2015-02-20,6.2546
2015-02-21,6.2546
2015-02-22,6.2546
2015-02-23,6.2546
2015-02-24,6.2546
2015-02-25,6.2591
2015-02-26,6.2584
2015-02-27,6.2695
2015-02-28,6.2695
2015-03-01,6.2695
2015-03-02,6.2720
2015-03-03,6.2741
2015-03-04,6.2701
2015-03-05,6.2658
2015-03-06,6.2620
2015-03-07,6.2620
2015-03-08,6.2620
2015-03-09,6.2635
2015-03-10,6.2615
2015-03-11,6.2613
2015-03-12,6.2614
2015-03-13,6.2585
2015-03-14,6.2585
2015-03-15,6.2585
2015-03-16,6.2620
2015-03-17,6.2490
2015-03-18,6.2289
2015-03-19,6.1955
2015-03-20,6.2037
2015-03-21,6.2037
2015-03-22,6.2037
2015-03-23,6.2135
2015-03-24,6.2046
2015-03-25,6.2116
2015-03-26,6.2103
2015-03-27,6.2145
2015-03-28,6.2145
2015-03-29,6.2145
2015-03-30,6.2065
2015-03-31,6.1990
2015-04-01,6.1976
2015-04-02,6.1968
2015-04-03,6.1930
2015-04-04,6.1930
2015-04-05,6.1930
2015-04-06,6.1930
2015-04-07,6.1955
2015-04-08,6.2020
2015-04-09,6.2050
2015-04-10,6.2082
2015-04-11,6.2082
2015-04-12,6.2082
2015-04-13,6.2152
2015-04-14,6.2113
2015-04-15,6.2037
2015-04-16,6.1947
2015-04-17,6.1976
2015-04-18,6.1976
2015-04-19,6.1976
2015-04-20,6.2014
2015-04-21,6.2010
2015-04-22,6.1927
2015-04-23,6.1975
2015-04-24,6.1930
2015-04-25,6.1930
2015-04-26,6.1930
2015-04-27,6.2185
2015-04-28,6.2035
2015-04-29,6.1989
2015-04-30,6.2018
2015-05-01,6.2018
2015-05-02,6.2018
2015-05-03,6.2018
2015-05-04,6.2085
2015-05-05,6.2058
2015-05-06,6.2001
2015-05-07,6.2063
2015-05-08,6.2084
2015-05-09,6.2084
2015-05-10,6.2084
2015-05-11,6.2086
2015-05-12,6.2086
2015-05-13,6.2043
2015-05-14,6.2013
2015-05-15,6.2051
2015-05-16,6.2051
2015-05-17,6.2051
2015-05-18,6.2041
2015-05-19,6.2064
2015-05-20,6.2036
2015-05-21,6.1958
2015-05-22,6.1972
2015-05-23,6.1972
2015-05-24,6.1972
2015-05-25,6.1972
2015-05-26,6.2038
2015-05-27,6.2011
2015-05-28,6.2002
2015-05-29,6.1980
2015-05-30,6.1980
2015-05-31,6.1980
2015-06-01,6.1985
2015-06-02,6.1980
2015-06-03,6.1976
2015-06-04,6.2006
2015-06-05,6.2024
2015-06-06,6.2024
2015-06-07,6.2024
2015-06-08,6.2053
2015-06-09,6.2047
2015-06-10,6.2055
2015-06-11,6.2065
2015-06-12,6.2081
2015-06-13,6.2081
2015-06-14,6.2081
2015-06-15,6.2080
2015-06-16,6.2085
2015-06-17,6.2086
2015-06-18,6.2075
2015-06-19,6.2085
2015-06-20,6.2085
2015-06-21,6.2085
2015-06-22,6.2085
2015-06-23,6.2066
2015-06-24,6.2061
2015-06-25,6.2084
2015-06-26,6.2080
2015-06-27,6.2080
2015-06-28,6.2080
2015-06-29,6.2085
2015-06-30,6.2000
2015-07-01,6.2008
2015-07-02,6.2044
2015-07-03,6.2044
2015-07-04,6.2044
2015-07-05,6.2044
2015-07-06,6.2089
2015-07-07,6.2097
2015-07-08,6.2087
2015-07-09,6.2086
2015-07-10,6.2092
2015-07-11,6.2092
2015-07-12,6.2092
2015-07-13,6.2081
2015-07-14,6.2088
2015-07-15,6.2082
2015-07-16,6.2094
2015-07-17,6.2085
2015-07-18,6.2085
2015-07-19,6.2085
2015-07-20,6.2095
2015-07-21,6.2095
2015-07-22,6.2093
2015-07-23,6.2091
2015-07-24,6.2095
2015-07-25,6.2095
2015-07-26,6.2095
2015-07-27,6.2091
2015-07-28,6.2084
2015-07-29,6.2089
2015-07-30,6.2096
2015-07-31,6.2097
2015-08-01,6.2097
2015-08-02,6.2097
2015-08-03,6.2087
2015-08-04,6.2086
2015-08-05,6.2096
2015-08-06,6.2096
2015-08-07,6.2087
2015-08-08,6.2087
2015-08-09,6.2087
2015-08-10,6.2094
2015-08-11,6.3232
2015-08-12,6.3845
2015-08-13,6.3982
2015-08-14,6.3908
2015-08-15,6.3908
2015-08-16,6.3908
2015-08-17,6.3937
2015-08-18,6.3928
2015-08-19,6.3956
2015-08-20,6.3875
2015-08-21,6.3887
2015-08-22,6.3887
2015-08-23,6.3887
2015-08-24,6.4029
2015-08-25,6.4122
2015-08-26,6.4083
2015-08-27,6.4053
2015-08-28,6.3890
2015-08-29,6.3890
2015-08-30,6.3890
2015-08-31,6.3760
2015-09-01,6.3630
2015-09-02,6.3544
2015-09-03,6.3549
2015-09-04,6.3549
2015-09-05,6.3549
2015-09-06,6.3549
2015-09-07,6.3549
2015-09-08,6.3657
2015-09-09,6.3768
2015-09-10,6.3770
2015-09-11,6.3735
2015-09-12,6.3735
2015-09-13,6.3735
2015-09-14,6.3664
2015-09-15,6.3685
2015-09-16,6.3694
2015-09-17,6.3645
2015-09-18,6.3628
2015-09-19,6.3628
2015-09-20,6.3628
2015-09-21,6.3676
2015-09-22,6.3750
2015-09-23,6.3836
2015-09-24,6.3818
2015-09-25,6.3737
2015-09-26,6.3737
2015-09-27,6.3737
2015-09-28,6.3685
2015-09-29,6.3621
2015-09-30,6.3556
2015-10-01,6.3559
2015-10-02,6.3559
2015-10-03,6.3559
2015-10-04,6.3559
2015-10-05,6.3559
2015-10-06,6.3559
2015-10-07,6.3559
2015-10-08,6.3529
2015-10-09,6.3450
2015-10-10,6.3450
2015-10-11,6.3450
2015-10-12,6.3450
2015-10-13,6.3417
2015-10-14,6.3462
2015-10-15,6.3459
2015-10-16,6.3523
2015-10-17,6.3523
2015-10-18,6.3523
2015-10-19,6.3591
2015-10-20,6.3480
2015-10-21,6.3487
2015-10-22,6.3577
2015-10-23,6.3488
2015-10-24,6.3488
2015-10-25,6.3488
2015-10-26,6.3517
2015-10-27,6.3517
2015-10-28,6.3581
2015-10-29,6.3552
2015-10-30,6.3180
2015-10-31,6.3180
2015-11-01,6.3180
2015-11-02,6.3180
2015-11-03,6.3180
2015-11-04,6.3357
2015-11-05,6.3180
2015-11-06,6.3180
2015-11-07,6.3180
2015-11-08,6.3180
2015-11-09,6.3619
2015-11-10,6.3603
2015-11-11,6.3603
2015-11-12,6.3690
2015-11-13,6.3735
2015-11-14,6.3735
2015-11-15,6.3735
2015-11-16,6.3700
2015-11-17,6.3771
2015-11-18,6.3834
2015-11-19,6.3825
2015-11-20,6.3835
2015-11-21,6.3835
2015-11-22,6.3835
2015-11-23,6.3890
2015-11-24,6.3883
2015-11-25,6.3877
2015-11-26,6.3877
2015-11-27,6.3945
2015-11-28,6.3945
2015-11-29,6.3945
2015-11-30,6.3883
2015-12-01,6.3883
2015-12-02,6.3883
2015-12-03,6.3883
2015-12-04,6.3883
2015-12-05,6.3883
2015-12-06,6.3883
2015-12-07,6.4081
2015-12-08,6.4162
2015-12-09,6.4270
2015-12-10,6.4363
2015-12-11,6.4538
2015-12-12,6.4538
2015-12-13,6.4538
2015-12-14,6.4588
2015-12-15,6.4600
2015-12-16,6.4723
2015-12-17,6.4822
2015-12-18,6.4800
2015-12-19,6.4800
2015-12-20,6.4800
2015-12-21,6.4793
2015-12-22,6.4778
2015-12-23,6.4763
2015-12-24,6.4758
2015-12-25,6.4758
2015-12-26,6.4758
2015-12-27,6.4758
2015-12-28,6.4778
2015-12-29,6.4778
2015-12-30,6.4896
2015-12-31,6.4778
2016-01-01,6.4778
2016-01-02,6.4778
2016-01-03,6.4778
2016-01-04,6.5338
2016-01-05,6.5219
2016-01-06,6.5554
2016-01-07,6.5926
2016-01-08,6.5932
2016-01-09,6.5932
2016-01-10,6.5932
2016-01-11,6.5675
2016-01-12,6.5700
2016-01-13,6.5700
2016-01-14,6.5891
2016-01-15,6.5840
2016-01-16,6.5840
2016-01-17,6.5840
2016-01-18,6.5840
2016-01-19,6.5783
2016-01-20,6.5781
2016-01-21,6.5794
2016-01-22,6.5788
2016-01-23,6.5788
2016-01-24,6.5788
2016-01-25,6.5790
2016-01-26,6.5814
2016-01-27,6.5773
2016-01-28,6.5744
2016-01-29,6.5752
2016-01-30,6.5752
2016-01-31,6.5752
2016-02-01,6.5778
2016-02-02,6.5795
2016-02-03,6.5765
2016-02-04,6.5638
2016-02-05,6.5710
2016-02-06,6.5710
2016-02-07,6.5710
2016-02-08,6.5710
2016-02-09,6.5710
2016-02-10,6.5710
2016-02-11,6.5710
2016-02-12,6.5710
2016-02-13,6.5710
2016-02-14,6.5710
2016-02-15,6.5710
2016-02-16,6.5154
2016-02-17,6.5270
2016-02-18,6.5163
2016-02-19,6.5202
2016-02-20,6.5202
2016-02-21,6.5202
2016-02-22,6.5197
2016-02-23,6.5263
2016-02-24,6.5290
2016-02-25,6.5320
2016-02-26,6.5390
2016-02-27,6.5390
2016-02-28,6.5390
2016-02-29,6.5525
2016-03-01,6.5500
2016-03-02,6.5499
2016-03-03,6.5312
2016-03-04,6.5064
2016-03-05,6.5064
2016-03-06,6.5064
2016-03-07,6.5155
2016-03-08,6.5044
2016-03-09,6.5105
2016-03-10,6.5070
2016-03-11,6.4940
2016-03-12,6.4940
2016-03-13,6.4940
2016-03-14,6.4984
2016-03-15,6.5110
2016-03-16,6.5189
2016-03-17,6.4745
2016-03-18,6.4682
2016-03-19,6.4682
2016-03-20,6.4682
2016-03-21,6.4812
2016-03-22,6.4876
2016-03-23,6.5035
2016-03-24,6.5124
2016-03-25,6.5131
2016-03-26,6.5131
2016-03-27,6.5131
2016-03-28,6.5051
2016-03-29,6.5063
2016-03-30,6.4648
2016-03-31,6.4480
2016-04-01,6.4776
2016-04-02,6.4776
2016-04-03,6.4776
2016-04-04,6.4776
2016-04-05,6.4760
2016-04-06,6.4780
2016-04-07,6.4599
2016-04-08,6.4628
2016-04-09,6.4628
2016-04-10,6.4628
2016-04-11,6.4580
2016-04-12,6.4639
2016-04-13,6.4768
2016-04-14,6.4810
2016-04-15,6.4730
2016-04-16,6.4730
2016-04-17,6.4730
2016-04-18,6.4717
2016-04-19,6.4571
2016-04-20,6.4675
2016-04-21,6.4810
2016-04-22,6.5004
2016-04-23,6.5004
2016-04-24,6.5004
2016-04-25,6.4900
2016-04-26,6.4905
2016-04-27,6.4940
2016-04-28,6.4735
2016-04-29,6.4738
2016-04-30,6.4738
2016-05-01,6.4738
2016-05-02,6.4738
2016-05-03,6.4900
2016-05-04,6.4945
2016-05-05,6.5032
2016-05-06,6.4970
2016-05-07,6.4970
2016-05-08,6.4970
2016-05-09,6.5140
2016-05-10,6.5150
2016-05-11,6.4910
2016-05-12,6.5140
2016-05-13,6.5285
2016-05-14,6.5285
2016-05-15,6.5285
2016-05-16,6.5184
2016-05-17,6.5170
2016-05-18,6.5370
2016-05-19,6.5440
2016-05-20,6.5485
2016-05-21,6.5485
2016-05-22,6.5485
2016-05-23,6.5533
2016-05-24,6.5552
2016-05-25,6.5538
2016-05-26,6.5540
2016-05-27,6.5615
2016-05-28,6.5615
2016-05-29,6.5615
2016-05-30,6.5615
2016-05-31,6.5798
2016-06-01,6.5748
2016-06-02,6.5815
2016-06-03,6.5638
2016-06-04,6.5638
2016-06-05,6.5638
2016-06-06,6.5611
2016-06-07,6.5710
2016-06-08,6.5600
2016-06-09,6.5590
2016-06-10,6.5590
2016-06-11,6.5590
2016-06-12,6.5590
2016-06-13,6.5823
2016-06-14,6.5930
2016-06-15,6.5785
2016-06-16,6.5899
2016-06-17,6.5849
2016-06-18,6.5849
2016-06-19,6.5849
2016-06-20,6.5768
2016-06-21,6.5893
2016-06-22,6.5750
2016-06-23,6.5740
2016-06-24,6.6150
2016-06-25,6.6150
2016-06-26,6.6150
2016-06-27,6.6481
2016-06-28,6.6450
2016-06-29,6.6350
2016-06-30,6.6459
2016-07-01,6.6547
2016-07-02,6.6547
2016-07-03,6.6547
2016-07-04,6.6547
2016-07-05,6.6770
2016-07-06,6.6900
2016-07-07,6.6790
2016-07-08,6.6878
2016-07-09,6.6878
2016-07-10,6.6878
2016-07-11,6.6917
2016-07-12,6.6860
2016-07-13,6.6832
2016-07-14,6.6801
2016-07-15,6.6865
2016-07-16,6.6865
2016-07-17,6.6865
2016-07-18,6.7013
2016-07-19,6.6931
2016-07-20,6.6760
2016-07-21,6.6735
2016-07-22,6.6760
2016-07-23,6.6760
2016-07-24,6.6760
2016-07-25,6.6783
2016-07-26,6.6690
2016-07-27,6.6680
2016-07-28,6.6538
2016-07-29,6.6371
2016-07-30,6.6371
2016-07-31,6.6371
2016-08-01,6.6421
2016-08-02,6.6239
2016-08-03,6.6320
2016-08-04,6.6388
2016-08-05,6.6530
2016-08-06,6.6530
2016-08-07,6.6530
2016-08-08,6.6597
2016-08-09,6.6530
2016-08-10,6.6345
2016-08-11,6.6274
2016-08-12,6.6324
2016-08-13,6.6324
2016-08-14,6.6324
2016-08-15,6.6370
2016-08-16,6.6240
2016-08-17,6.6328
2016-08-18,6.6297
2016-08-19,6.6515
2016-08-20,6.6515
2016-08-21,6.6515
2016-08-22,6.6475
2016-08-23,6.6378
2016-08-24,6.6562
2016-08-25,6.6560
2016-08-26,6.6690
2016-08-27,6.6690
2016-08-28,6.6690
2016-08-29,6.6775
2016-08-30,6.6778
2016-08-31,6.6776
2016-09-01,6.6713
2016-09-02,6.6790
2016-09-03,6.6790
2016-09-04,6.6790
2016-09-05,6.6790
2016-09-06,6.6722
2016-09-07,6.6600
2016-09-08,6.6640
2016-09-09,6.6778
2016-09-10,6.6778
2016-09-11,6.6778
2016-09-12,6.6788
2016-09-13,6.6782
2016-09-14,6.6707
2016-09-15,6.6707
2016-09-16,6.6707
2016-09-17,6.6707
2016-09-18,6.6707
2016-09-19,6.6650
2016-09-20,6.6700
2016-09-21,6.6695
2016-09-22,6.6630
2016-09-23,6.6690
2016-09-24,6.6690
2016-09-25,6.6690
2016-09-26,6.6683
2016-09-27,6.6691
2016-09-28,6.6730
2016-09-29,6.6650
2016-09-30,6.6685
2016-10-01,6.6685
2016-10-02,6.6685
2016-10-03,6.6685
2016-10-04,6.6685
2016-10-05,6.6685
2016-10-06,6.6685
2016-10-07,6.6685
2016-10-08,6.6685
2016-10-09,6.6685
2016-10-10,6.6685
2016-10-11,6.7190
2016-10-12,6.7180
2016-10-13,6.7248
2016-10-14,6.7277
2016-10-15,6.7277
2016-10-16,6.7277
2016-10-17,6.7350
2016-10-18,6.7401
2016-10-19,6.7370
2016-10-20,6.7439
2016-10-21,6.7654
2016-10-22,6.7654
2016-10-23,6.7654
2016-10-24,6.7728
2016-10-25,6.7780
2016-10-26,6.7706
2016-10-27,6.7819
2016-10-28,6.7760
2016-10-29,6.7760
2016-10-30,6.7760
2016-10-31,6.7735
2016-11-01,6.7630
2016-11-02,6.7606
2016-11-03,6.7612
2016-11-04,6.7534
2016-11-05,6.7534
2016-11-06,6.7534
2016-11-07,6.7740
2016-11-08,6.7840
2016-11-09,6.7769
2016-11-10,6.7987
2016-11-11,6.7987
2016-11-12,6.7987
2016-11-13,6.7987
2016-11-14,6.8447
2016-11-15,6.8556
2016-11-16,6.8770
2016-11-17,6.8674
2016-11-18,6.8873
2016-11-19,6.8873
2016-11-20,6.8873
2016-11-21,6.8918
2016-11-22,6.8880
2016-11-23,6.9195
2016-11-24,6.9195
2016-11-25,6.9176
2016-11-26,6.9176
2016-11-27,6.9176
2016-11-28,6.9055
2016-11-29,6.8933
2016-11-30,6.8837
2016-12-01,6.8830
2016-12-02,6.8830
2016-12-03,6.8830
2016-12-04,6.8830
2016-12-05,6.8775
2016-12-06,6.8790
2016-12-07,6.8780
2016-12-08,6.8771
2016-12-09,6.9042
2016-12-10,6.9042
2016-12-11,6.9042
2016-12-12,6.9045
2016-12-13,6.8984
2016-12-14,6.9025
2016-12-15,6.9410
2016-12-16,6.9580
2016-12-17,6.9580
2016-12-18,6.9580
2016-12-19,6.9506
2016-12-20,6.9470
2016-12-21,6.9390
2016-12-22,6.9473
2016-12-23,6.9432
2016-12-24,6.9432
2016-12-25,6.9432
2016-12-26,6.9432
2016-12-27,6.9491
2016-12-28,6.9559
2016-12-29,6.9535
2016-12-30,6.9430
2016-12-31,6.9430
2017-01-01,6.9430
2017-01-02,6.9430
2017-01-03,6.9575
2017-01-04,6.9322
2017-01-05,6.8870
2017-01-06,6.9176
2017-01-07,6.9176
2017-01-08,6.9176
2017-01-09,6.9350
2017-01-10,6.9180
2017-01-11,6.9365
2017-01-12,6.8890
2017-01-13,6.8985
2017-01-14,6.8985
2017-01-15,6.8985
2017-01-16,6.8985
2017-01-17,6.8520
2017-01-18,6.8360
2017-01-19,6.8680
2017-01-20,6.8680
2017-01-21,6.8680
2017-01-22,6.8680
2017-01-23,6.8514
2017-01-24,6.8555
2017-01-25,6.8812
2017-01-26,6.8768
2017-01-27,6.8768
2017-01-28,6.8768
2017-01-29,6.8768
2017-01-30,6.8768
2017-01-31,6.8768
2017-02-01,6.8768
2017-02-02,6.8768
2017-02-03,6.8650
2017-02-04,6.8650
2017-02-05,6.8650
2017-02-06,6.8600
2017-02-07,6.8821
2017-02-08,6.8700
2017-02-09,6.8660
2017-02-10,6.8775
2017-02-11,6.8775
2017-02-12,6.8775
2017-02-13,6.8776
2017-02-14,6.8649
2017-02-15,6.8685
2017-02-16,6.8517
2017-02-17,6.8640
2017-02-18,6.8640
2017-02-19,6.8640
2017-02-20,6.8640
2017-02-21,6.8810
2017-02-22,6.8765
2017-02-23,6.8622
2017-02-24,6.8645
2017-02-25,6.8645
2017-02-26,6.8645
2017-02-27,6.8675
2017-02-28,6.8665
2017-03-01,6.8794
2017-03-02,6.8868
2017-03-03,6.8954
2017-03-04,6.8954
2017-03-05,6.8954
2017-03-06,6.8955
2017-03-07,6.9000
2017-03-08,6.9113
2017-03-09,6.9086
2017-03-10,6.9050
2017-03-11,6.9050
2017-03-12,6.9050
2017-03-13,6.9050
2017-03-14,6.9130
2017-03-15,6.9132
2017-03-16,6.9130
2017-03-17,6.9000
2017-03-18,6.9000
2017-03-19,6.9000
2017-03-20,6.9050
2017-03-21,6.8830
2017-03-22,6.8785
2017-03-23,6.8843
2017-03-24,6.8803
2017-03-25,6.8803
2017-03-26,6.8803
2017-03-27,6.8687
2017-03-28,6.8779
2017-03-29,6.8879
2017-03-30,6.8870
2017-03-31,6.8832
2017-04-01,6.8832
2017-04-02,6.8832
2017-04-03,6.8832
2017-04-04,6.8832
2017-04-05,6.8920
2017-04-06,6.8955
2017-04-07,6.8978
2017-04-08,6.8978
2017-04-09,6.8978
2017-04-10,6.8988
2017-04-11,6.8893
2017-04-12,6.8890
2017-04-13,6.8865
2017-04-14,6.8835
2017-04-15,6.8835
2017-04-16,6.8835
2017-04-17,6.8800
2017-04-18,6.8778
2017-04-19,6.8860
2017-04-20,6.8800
2017-04-21,6.8845
2017-04-22,6.8845
2017-04-23,6.8845
2017-04-24,6.8840
2017-04-25,6.8824
2017-04-26,6.8918
2017-04-27,6.8958
2017-04-28,6.8900
2017-04-29,6.8900
2017-04-30,6.8900
2017-05-01,6.8900
2017-05-02,6.8949
2017-05-03,6.8968
2017-05-04,6.8959
2017-05-05,6.9021
2017-05-06,6.9021
2017-05-07,6.9021
2017-05-08,6.9040
2017-05-09,6.9060
2017-05-10,6.9011
2017-05-11,6.9033
2017-05-12,6.8972
2017-05-13,6.8972
2017-05-14,6.8972
2017-05-15,6.8900
2017-05-16,6.8840
2017-05-17,6.8773
2017-05-18,6.8880
2017-05-19,6.8830
2017-05-20,6.8830
2017-05-21,6.8830
2017-05-22,6.8828
2017-05-23,6.8880
2017-05-24,6.8883
2017-05-25,6.8672
2017-05-26,6.8525
2017-05-27,6.8525
2017-05-28,6.8525
2017-05-29,6.8525
2017-05-30,6.8525
2017-05-31,6.8098
2017-06-01,6.8029
2017-06-02,6.8085
2017-06-03,6.8085
2017-06-04,6.8085
2017-06-05,6.8030
2017-06-06,6.7945
2017-06-07,6.7935
2017-06-08,6.7990
2017-06-09,6.7970
2017-06-10,6.7970
2017-06-11,6.7970
2017-06-12,6.7974
2017-06-13,6.7981
2017-06-14,6.7888
2017-06-15,6.8061
2017-06-16,6.8097
2017-06-17,6.8097
2017-06-18,6.8097
2017-06-19,6.8180
2017-06-20,6.8285
2017-06-21,6.8275
2017-06-22,6.8275
2017-06-23,6.8345
2017-06-24,6.8345
2017-06-25,6.8345
2017-06-26,6.8382
2017-06-27,6.8100
2017-06-28,6.7984
2017-06-29,6.7840
2017-06-30,6.7793
2017-07-01,6.7793
2017-07-02,6.7793
2017-07-03,6.7984
2017-07-04,6.7984
2017-07-05,6.7995
2017-07-06,6.7990
2017-07-07,6.8039
2017-07-08,6.8039
2017-07-09,6.8039
2017-07-10,6.8026
2017-07-11,6.8010
2017-07-12,6.7865
2017-07-13,6.7825
2017-07-14,6.7741
2017-07-15,6.7741
2017-07-16,6.7741
2017-07-17,6.7690
2017-07-18,6.7451
2017-07-19,6.7511
2017-07-20,6.7570
2017-07-21,6.7663
2017-07-22,6.7663
2017-07-23,6.7663
2017-07-24,6.7488
2017-07-25,6.7495
2017-07-26,6.7530
2017-07-27,6.7410
2017-07-28,6.7362
2017-07-29,6.7362
2017-07-30,6.7362
2017-07-31,6.7240
2017-08-01,6.7170
2017-08-02,6.7200
2017-08-03,6.7150
2017-08-04,6.7272
2017-08-05,6.7272
2017-08-06,6.7272
2017-08-07,6.7207
2017-08-08,6.7049
2017-08-09,6.6720
2017-08-10,6.6460
2017-08-11,6.6612
2017-08-12,6.6612
2017-08-13,6.6612
2017-08-14,6.6695
2017-08-15,6.6845
2017-08-16,6.6900
2017-08-17,6.6730
2017-08-18,6.6700
2017-08-19,6.6700
2017-08-20,6.6700
2017-08-21,6.6630
2017-08-22,6.6600
2017-08-23,6.6569
2017-08-24,6.6600
2017-08-25,6.6465
2017-08-26,6.6465
2017-08-27,6.6465
2017-08-28,6.6084
2017-08-29,6.5945
2017-08-30,6.5918
2017-08-31,6.5888
2017-09-01,6.5552
2017-09-02,6.5552
2017-09-03,6.5552
2017-09-04,6.5552
2017-09-05,6.5345
2017-09-06,6.5221
2017-09-07,6.4830
2017-09-08,6.4773
2017-09-09,6.4773
2017-09-10,6.4773
2017-09-11,6.5254
2017-09-12,6.5334
2017-09-13,6.5400
2017-09-14,6.5520
2017-09-15,6.5500
2017-09-16,6.5500
2017-09-17,6.5500
2017-09-18,6.5725
2017-09-19,6.5800
2017-09-20,6.5700
2017-09-21,6.5861
2017-09-22,6.5899
2017-09-23,6.5899
2017-09-24,6.5899
2017-09-25,6.6189
2017-09-26,6.6371
2017-09-27,6.6400
2017-09-28,6.6591
2017-09-29,6.6533
2017-09-30,6.6533
2017-10-01,6.6533
2017-10-02,6.6533
2017-10-03,6.6533
2017-10-04,6.6533
2017-10-05,6.6533
2017-10-06,6.6533
2017-10-07,6.6533
2017-10-08,6.6533
2017-10-09,6.6533
2017-10-10,6.5712
2017-10-11,6.5870
2017-10-12,6.5855
2017-10-13,6.5785
2017-10-14,6.5785
2017-10-15,6.5785
2017-10-16,6.5885
2017-10-17,6.6220
2017-10-18,6.6250
2017-10-19,6.6126
2017-10-20,6.6185
2017-10-21,6.6185
2017-10-22,6.6185
2017-10-23,6.6380
2017-10-24,6.6335
2017-10-25,6.6350
2017-10-26,6.6392
2017-10-27,6.6498
2017-10-28,6.6498
2017-10-29,6.6498
2017-10-30,6.6498
2017-10-31,6.6328
2017-11-01,6.6018
2017-11-02,6.6068
2017-11-03,6.6360
2017-11-04,6.6360
2017-11-05,6.6360
2017-11-06,6.6311
2017-11-07,6.6380
2017-11-08,6.6249
2017-11-09,6.6378
2017-11-10,6.6378
2017-11-11,6.6378
2017-11-12,6.6378
2017-11-13,6.6385
2017-11-14,6.6350
2017-11-15,6.6200
2017-11-16,6.6273
2017-11-17,6.6245
2017-11-18,6.6245
2017-11-19,6.6245
2017-11-20,6.6245
2017-11-21,6.6265
2017-11-22,6.6086
2017-11-23,6.6086
2017-11-24,6.5998
2017-11-25,6.5998
2017-11-26,6.5998
2017-11-27,6.5967
2017-11-28,6.6044
2017-11-29,6.6091
2017-11-30,6.6090
2017-12-01,6.6137
2017-12-02,6.6137
2017-12-03,6.6137
2017-12-04,6.6185
2017-12-05,6.6170
2017-12-06,6.6136
2017-12-07,6.6173
2017-12-08,6.6199
2017-12-09,6.6199
2017-12-10,6.6199
2017-12-11,6.6175
2017-12-12,6.6210
2017-12-13,6.6171
2017-12-14,6.6091
2017-12-15,6.6088
2017-12-16,6.6088
2017-12-17,6.6088
2017-12-18,6.6088
2017-12-19,6.6088
2017-12-20,6.5771
2017-12-21,6.5833
2017-12-22,6.5750
2017-12-23,6.5750
2017-12-24,6.5750
2017-12-25,6.5750
2017-12-26,6.5429
2017-12-27,6.5560
2017-12-28,6.5322
2017-12-29,6.5063
2017-12-30,6.5063
2017-12-31,6.5063
2018-01-01,6.5063
2018-01-02,6.4910
2018-01-03,6.5010
2018-01-04,6.4915
2018-01-05,6.4875
2018-01-06,6.4875
2018-01-07,6.4875
2018-01-08,6.4970
2018-01-09,6.5263
2018-01-10,6.5055
2018-01-11,6.4956
2018-01-12,6.4607
2018-01-13,6.4607
2018-01-14,6.4607
2018-01-15,6.4607
2018-01-16,6.4395
2018-01-17,6.4330
2018-01-18,6.4175
2018-01-19,6.3990
2018-01-20,6.3990
2018-01-21,6.3990
2018-01-22,6.4035
2018-01-23,6.4000
2018-01-24,6.3650
2018-01-25,6.3189
2018-01-26,6.3199
2018-01-27,6.3199
2018-01-28,6.3199
2018-01-29,6.3328
2018-01-30,6.3199
2018-01-31,6.2841
2018-02-01,6.2969
2018-02-02,6.2984
2018-02-03,6.2984
2018-02-04,6.2984
2018-02-05,6.2850
2018-02-06,6.2830
2018-02-07,6.2649
2018-02-08,6.3222
2018-02-09,6.2966
2018-02-10,6.2966
2018-02-11,6.2966
2018-02-12,6.3250
2018-02-13,6.3380
2018-02-14,6.3438
2018-02-15,6.3438
2018-02-16,6.3438
2018-02-17,6.3438
2018-02-18,6.3438
2018-02-19,6.3438
2018-02-20,6.3351
2018-02-21,6.3351
2018-02-22,6.3471
2018-02-23,6.3329
2018-02-24,6.3329
2018-02-25,6.3329
2018-02-26,6.3115
2018-02-27,6.3169
2018-02-28,6.3280
2018-03-01,6.3565
2018-03-02,6.3428
2018-03-03,6.3428
2018-03-04,6.3428
2018-03-05,6.3491
2018-03-06,6.3093
2018-03-07,6.3225
2018-03-08,6.3389
2018-03-09,6.3285
2018-03-10,6.3285
2018-03-11,6.3285
2018-03-12,6.3270
2018-03-13,6.3180
2018-03-14,6.3140
2018-03-15,6.3202
2018-03-16,6.3300
2018-03-17,6.3300
2018-03-18,6.3300
2018-03-19,6.3291
2018-03-20,6.3328
2018-03-21,6.3200
2018-03-22,6.3310
2018-03-23,6.3110
2018-03-24,6.3110
2018-03-25,6.3110
2018-03-26,6.2685
2018-03-27,6.2781
2018-03-28,6.2946
2018-03-29,6.2876
2018-03-30,6.2726
2018-03-31,6.2726
2018-04-01,6.2726
2018-04-02,6.2785
2018-04-03,6.2881
2018-04-04,6.3045
2018-04-05,6.3045
2018-04-06,6.3045
2018-04-07,6.3045
2018-04-08,6.3045
2018-04-09,6.3035
2018-04-10,6.2798
2018-04-11,6.2655
2018-04-12,6.2876
2018-04-13,6.2725
2018-04-14,6.2725
2018-04-15,6.2725
2018-04-16,6.2752
2018-04-17,6.2804
2018-04-18,6.2722
2018-04-19,6.2765
2018-04-20,6.2945
2018-04-21,6.2945
2018-04-22,6.2945
2018-04-23,6.3158
2018-04-24,6.3035
2018-04-25,6.3236
2018-04-26,6.3340
2018-04-27,6.3325
2018-04-28,6.3325
2018-04-29,6.3325
2018-04-30,6.3325
2018-05-01,6.3325
2018-05-02,6.3610
2018-05-03,6.3520
2018-05-04,6.3589
2018-05-05,6.3589
2018-05-06,6.3589
2018-05-07,6.3640
2018-05-08,6.3690
2018-05-09,6.3585
2018-05-10,6.3440
2018-05-11,6.3333
2018-05-12,6.3333
2018-05-13,6.3333
2018-05-14,6.3360
2018-05-15,6.3760
2018-05-16,6.3706
2018-05-17,6.3645
2018-05-18,6.3768
2018-05-19,6.3768
2018-05-20,6.3768
2018-05-21,6.3815
2018-05-22,6.3660
2018-05-23,6.3875
2018-05-24,6.3757
2018-05-25,6.3903
2018-05-26,6.3903
2018-05-27,6.3903
2018-05-28,6.3903
2018-05-29,6.4162
2018-05-30,6.4175
2018-05-31,6.4096
2018-06-01,6.4180
2018-06-02,6.4180
2018-06-03,6.4180
2018-06-04,6.4050
2018-06-05,6.4042
2018-06-06,6.3850
2018-06-07,6.3890
2018-06-08,6.4031
2018-06-09,6.4031
2018-06-10,6.4031
2018-06-11,6.4000
2018-06-12,6.3992
2018-06-13,6.3944
2018-06-14,6.3980
2018-06-15,6.4379
2018-06-16,6.4379
2018-06-17,6.4379
2018-06-18,6.4379
2018-06-19,6.4802
2018-06-20,6.4713
2018-06-21,6.4900
2018-06-22,6.5027
2018-06-23,6.5027
2018-06-24,6.5027
2018-06-25,6.5360
2018-06-26,6.5759
2018-06-27,6.5992
2018-06-28,6.6235
2018-06-29,6.6171
2018-06-30,6.6171
2018-07-01,6.6171
2018-07-02,6.6632
2018-07-03,6.6368
2018-07-04,6.6368
2018-07-05,6.6341
2018-07-06,6.6396
2018-07-07,6.6396
2018-07-08,6.6396
2018-07-09,6.6123
2018-07-10,6.6296
2018-07-11,6.6764
2018-07-12,6.6630
2018-07-13,6.6900
2018-07-14,6.6900
2018-07-15,6.6900
2018-07-16,6.6866
2018-07-17,6.7018
2018-07-18,6.7161
2018-07-19,6.7701
2018-07-20,6.7659
2018-07-21,6.7659
2018-07-22,6.7659
2018-07-23,6.7927
2018-07-24,6.7912
2018-07-25,6.7658
2018-07-26,6.7865
2018-07-27,6.8097
2018-07-28,6.8097
2018-07-29,6.8097
2018-07-30,6.8102
2018-07-31,6.8038
2018-08-01,6.8154
2018-08-02,6.8380
2018-08-03,6.8309
2018-08-04,6.8309
2018-08-05,6.8309
2018-08-06,6.8500
2018-08-07,6.8280
2018-08-08,6.8344
2018-08-09,6.8199
2018-08-10,6.8458
2018-08-11,6.8458
2018-08-12,6.8458
2018-08-13,6.8880
2018-08-14,6.8809
2018-08-15,6.9330
2018-08-16,6.8792
2018-08-17,6.8740
2018-08-18,6.8740
2018-08-19,6.8740
2018-08-20,6.8546
2018-08-21,6.8444
2018-08-22,6.8400
2018-08-23,6.8748
2018-08-24,6.8030
2018-08-25,6.8030
2018-08-26,6.8030
2018-08-27,6.8145
2018-08-28,6.8018
2018-08-29,6.8190
2018-08-30,6.8415
2018-08-31,6.8300
2018-09-01,6.8300
2018-09-02,6.8300
2018-09-03,6.8300
2018-09-04,6.8427
2018-09-05,6.8270
2018-09-06,6.8322
2018-09-07,6.8419
2018-09-08,6.8419
2018-09-09,6.8419
2018-09-10,6.8545
2018-09-11,6.8704
2018-09-12,6.8574
2018-09-13,6.8407
2018-09-14,6.8673
2018-09-15,6.8673
2018-09-16,6.8673
2018-09-17,6.8540
2018-09-18,6.8591
2018-09-19,6.8466
2018-09-20,6.8455
2018-09-21,6.8559
2018-09-22,6.8559
2018-09-23,6.8559
2018-09-24,6.8559
2018-09-25,6.8632
2018-09-26,6.8763
2018-09-27,6.8880
2018-09-28,6.8680
2018-09-29,6.8680
2018-09-30,6.8680
2018-10-01,6.8680
2018-10-02,6.8680
2018-10-03,6.8680
2018-10-04,6.8680
2018-10-05,6.8680
2018-10-06,6.8680
2018-10-07,6.8680
2018-10-08,6.8680
2018-10-09,6.9217
2018-10-10,6.9224
2018-10-11,6.8880
2018-10-12,6.9182
2018-10-13,6.9182
2018-10-14,6.9182
2018-10-15,6.9131
2018-10-16,6.9102
2018-10-17,6.9263
2018-10-18,6.9367
2018-10-19,6.9291
2018-10-20,6.9291
2018-10-21,6.9291
2018-10-22,6.9446
2018-10-23,6.9373
2018-10-24,6.9420
2018-10-25,6.9477
2018-10-26,6.9425
2018-10-27,6.9425
2018-10-28,6.9425
2018-10-29,6.9605
2018-10-30,6.9663
2018-10-31,6.9737
2018-11-01,6.9205
2018-11-02,6.8894
2018-11-03,6.8894
2018-11-04,6.8894
2018-11-05,6.9249
2018-11-06,6.9172
2018-11-07,6.9174
2018-11-08,6.9318
2018-11-09,6.9553
2018-11-10,6.9553
2018-11-11,6.9553
2018-11-12,6.9553
2018-11-13,6.9546
2018-11-14,6.9500
2018-11-15,6.9380
2018-11-16,6.9367
2018-11-17,6.9367
2018-11-18,6.9367
2018-11-19,6.9398
2018-11-20,6.9448
2018-11-21,6.9248
2018-11-22,6.9248
2018-11-23,6.9477
2018-11-24,6.9477
2018-11-25,6.9477
2018-11-26,6.9397
2018-11-27,6.9498
2018-11-28,6.9534
2018-11-29,6.9419
2018-11-30,6.9558
2018-12-01,6.9558
2018-12-02,6.9558
2018-12-03,6.8798
2018-12-04,6.8343
2018-12-05,6.8343
2018-12-06,6.8816
2018-12-07,6.8733
2018-12-08,6.8733
2018-12-09,6.8733
2018-12-10,6.9077
2018-12-11,6.8968
2018-12-12,6.8778
2018-12-13,6.8798
2018-12-14,6.9050
2018-12-15,6.9050
2018-12-16,6.9050
2018-12-17,6.8962
2018-12-18,6.8939
2018-12-19,6.8918
2018-12-20,6.8834
2018-12-21,6.9048
2018-12-22,6.9048
2018-12-23,6.9048
2018-12-24,6.9048
2018-12-25,6.9048
2018-12-26,6.8847
2018-12-27,6.8649
2018-12-28,6.8755
2018-12-29,6.8755
2018-12-30,6.8755
2018-12-31,6.8755
2019-01-01,6.8755
2019-01-02,6.8597
2019-01-03,6.8708
2019-01-04,6.8663
2019-01-05,6.8663
2019-01-06,6.8663
2019-01-07,6.8501
2019-01-08,6.8519
2019-01-09,6.8117
2019-01-10,6.7875
2019-01-11,6.7596
2019-01-12,6.7596
2019-01-13,6.7596
2019-01-14,6.7596
2019-01-15,6.7595
2019-01-16,6.7532
2019-01-17,6.7735
2019-01-18,6.7765
2019-01-19,6.7765
2019-01-20,6.7765
2019-01-21,6.7765
2019-01-22,6.8072
2019-01-23,6.7897
2019-01-24,6.7835
2019-01-25,6.7448
2019-01-26,6.7448
2019-01-27,6.7448
2019-01-28,6.7437
2019-01-29,6.7304
2019-01-30,6.7115
2019-01-31,6.6958
2019-02-01,6.7426
2019-02-02,6.7426
2019-02-03,6.7426
2019-02-04,6.7426
2019-02-05,6.7426
2019-02-06,6.7426
2019-02-07,6.7426
2019-02-08,6.7426
2019-02-09,6.7426
2019-02-10,6.7426
2019-02-11,6.7907
2019-02-12,6.7726
2019-02-13,6.7598
2019-02-14,6.7711
2019-02-15,6.7680
2019-02-16,6.7680
2019-02-17,6.7680
2019-02-18,6.7680
2019-02-19,6.7560
2019-02-20,6.7560
2019-02-21,6.7195
2019-02-22,6.7112
2019-02-23,6.7112
2019-02-24,6.7112
2019-02-25,6.6844
2019-02-26,6.6980
2019-02-27,6.6822
2019-02-28,6.6912
2019-03-01,6.7048
2019-03-02,6.7048
2019-03-03,6.7048
2019-03-04,6.7045
2019-03-05,6.7060
2019-03-06,6.7099
2019-03-07,6.7132
2019-03-08,6.7201
2019-03-09,6.7201
2019-03-10,6.7201
2019-03-11,6.7215
2019-03-12,6.7070
2019-03-13,6.7064
2019-03-14,6.7209
2019-03-15,6.7129
2019-03-16,6.7129
2019-03-17,6.7129
2019-03-18,6.7121
2019-03-19,6.7106
2019-03-20,6.6916
2019-03-21,6.6952
2019-03-22,6.7162
2019-03-23,6.7162
2019-03-24,6.7162
2019-03-25,6.7079
2019-03-26,6.7145
2019-03-27,6.7262
2019-03-28,6.7381
2019-03-29,6.7112
2019-03-30,6.7112
2019-03-31,6.7112
2019-04-01,6.7102
2019-04-02,6.7223
2019-04-03,6.7098
2019-04-04,6.7167
2019-04-05,6.7182
2019-04-06,6.7182
2019-04-07,6.7182
2019-04-08,6.7158
2019-04-09,6.7111
2019-04-10,6.7153
2019-04-11,6.7188
2019-04-12,6.7039
2019-04-13,6.7039
2019-04-14,6.7039
2019-04-15,6.7072
2019-04-16,6.7112
2019-04-17,6.6870
2019-04-18,6.7081
2019-04-19,6.7032
2019-04-20,6.7032
2019-04-21,6.7032
2019-04-22,6.7112
2019-04-23,6.7249
2019-04-24,6.7207
2019-04-25,6.7418
2019-04-26,6.7282
2019-04-27,6.7282
2019-04-28,6.7282
2019-04-29,6.7332
2019-04-30,6.7347
2019-05-01,6.7319
2019-05-02,6.7337
2019-05-03,6.7337
2019-05-04,6.7337
2019-05-05,6.7337
2019-05-06,6.7602
2019-05-07,6.7755
2019-05-08,6.7818
2019-05-09,6.8256
2019-05-10,6.8217
2019-05-11,6.8217
2019-05-12,6.8217
2019-05-13,6.8765
2019-05-14,6.8737
2019-05-15,6.8742
2019-05-16,6.8832
2019-05-17,6.9182
2019-05-18,6.9182
2019-05-19,6.9182
2019-05-20,6.9111
2019-05-21,6.9007
2019-05-22,6.9054
2019-05-23,6.9087
2019-05-24,6.8997
2019-05-25,6.8997
2019-05-26,6.8997
2019-05-27,6.8997
2019-05-28,6.9078
2019-05-29,6.9138
2019-05-30,6.9011
2019-05-31,6.9027
2019-06-01,6.9027
2019-06-02,6.9027
2019-06-03,6.9028
2019-06-04,6.9072
2019-06-05,6.9084
2019-06-06,6.9082
2019-06-07,6.9057
2019-06-08,6.9057
2019-06-09,6.9057
2019-06-10,6.9298
2019-06-11,6.9107
2019-06-12,6.9161
2019-06-13,6.9212
2019-06-14,6.9247
2019-06-15,6.9247
2019-06-16,6.9247
2019-06-17,6.9251
2019-06-18,6.9002
2019-06-19,6.8996
2019-06-20,6.8510
2019-06-21,6.8686
2019-06-22,6.8686
2019-06-23,6.8686
2019-06-24,6.8758
2019-06-25,6.8791
2019-06-26,6.8781
2019-06-27,6.8762
2019-06-28,6.8650
2019-06-29,6.8650
2019-06-30,6.8650
2019-07-01,6.8487
2019-07-02,6.8717
2019-07-03,6.8806
2019-07-04,6.8806
2019-07-05,6.8925
2019-07-06,6.8925
2019-07-07,6.8925
2019-07-08,6.8808
2019-07-09,6.8866
2019-07-10,6.8705
2019-07-11,6.8682
2019-07-12,6.8796
2019-07-13,6.8796
2019-07-14,6.8796
2019-07-15,6.8769
2019-07-16,6.8753
2019-07-17,6.8731
2019-07-18,6.8788
2019-07-19,6.8812
2019-07-20,6.8812
2019-07-21,6.8812
2019-07-22,6.8803
2019-07-23,6.8787
2019-07-24,6.8717
2019-07-25,6.8714
2019-07-26,6.8785
2019-07-27,6.8785
2019-07-28,6.8785
2019-07-29,6.8927
2019-07-30,6.8833
2019-07-31,6.8833
2019-08-01,6.8972
2019-08-02,6.9387
2019-08-03,6.9387
2019-08-04,6.9387
2019-08-05,7.0481
2019-08-06,7.0192
2019-08-07,7.0592
2019-08-08,7.0440
2019-08-09,7.0613
2019-08-10,7.0613
2019-08-11,7.0613
2019-08-12,7.0578
2019-08-13,7.0423
2019-08-14,7.0224
2019-08-15,7.0327
2019-08-16,7.0413
2019-08-17,7.0413
2019-08-18,7.0413
2019-08-19,7.0499
2019-08-20,7.0597
2019-08-21,7.0623
2019-08-22,7.0829
2019-08-23,7.0928
2019-08-24,7.0928
2019-08-25,7.0928
2019-08-26,7.1503
2019-08-27,7.1603
2019-08-28,7.1628
2019-08-29,7.1434
2019-08-30,7.1543
2019-08-31,7.1543
2019-09-01,7.1543
2019-09-02,7.1543
2019-09-03,7.1786
2019-09-04,7.1440
2019-09-05,7.1468
2019-09-06,7.1131
2019-09-07,7.1131
2019-09-08,7.1131
2019-09-09,7.1210
2019-09-10,7.1121
2019-09-11,7.1153
2019-09-12,7.0787
2019-09-13,7.0754
2019-09-14,7.0754
2019-09-15,7.0754
2019-09-16,7.0659
2019-09-17,7.0905
2019-09-18,7.0849
2019-09-19,7.0959
2019-09-20,7.0909
2019-09-21,7.0909
2019-09-22,7.0909
2019-09-23,7.1168
2019-09-24,7.1138
2019-09-25,7.1313
2019-09-26,7.1300
2019-09-27,7.1218
2019-09-28,7.1218
2019-09-29,7.1218
2019-09-30,7.1477
2019-10-01,7.1473
2019-10-02,7.1473
2019-10-03,7.1473
2019-10-04,7.1473
2019-10-05,7.1473
2019-10-06,7.1473
2019-10-07,7.1473
2019-10-08,7.1422
2019-10-09,7.1316
2019-10-10,7.1153
2019-10-11,7.0868
2019-10-12,7.0868
2019-10-13,7.0868
2019-10-14,7.0868
2019-10-15,7.0814
2019-10-16,7.0920
2019-10-17,7.0766
2019-10-18,7.0805
2019-10-19,7.0805
2019-10-20,7.0805
2019-10-21,7.0748
2019-10-22,7.0761
2019-10-23,7.0624
2019-10-24,7.0684
2019-10-25,7.0647
2019-10-26,7.0647
2019-10-27,7.0647
2019-10-28,7.0670
2019-10-29,7.0655
2019-10-30,7.0541
2019-10-31,7.0379
2019-11-01,7.0368
2019-11-02,7.0368
2019-11-03,7.0368
2019-11-04,7.0300
2019-11-05,7.0082
2019-11-06,6.9968
2019-11-07,6.9766
2019-11-08,6.9954
2019-11-09,6.9954
2019-11-10,6.9954
2019-11-11,6.9954
2019-11-12,7.0066
2019-11-13,7.0223
2019-11-14,7.0195
2019-11-15,7.0075
2019-11-16,7.0075
2019-11-17,7.0075
2019-11-18,7.0246
2019-11-19,7.0263
2019-11-20,7.0344
2019-11-21,7.0285
2019-11-22,7.0389
2019-11-23,7.0389
2019-11-24,7.0389
2019-11-25,7.0349
2019-11-26,7.0319
2019-11-27,7.0280
2019-11-28,7.0280
2019-11-29,7.0308
2019-11-30,7.0308
2019-12-01,7.0308
2019-12-02,7.0380
2019-12-03,7.0609
2019-12-04,7.0489
2019-12-05,7.0445
2019-12-06,7.0348
2019-12-07,7.0348
2019-12-08,7.0348
2019-12-09,7.0389
2019-12-10,7.0328
2019-12-11,7.0384
2019-12-12,6.9925
2019-12-13,6.9925
2019-12-14,6.9925
2019-12-15,6.9925
2019-12-16,6.9921
2019-12-17,6.9967
2019-12-18,7.0029
2019-12-19,7.0097
2019-12-20,7.0063
2019-12-21,7.0063
2019-12-22,7.0063
2019-12-23,7.0124
2019-12-24,7.0064
2019-12-25,7.0064
2019-12-26,6.9949
2019-12-27,6.9954
2019-12-28,6.9954
2019-12-29,6.9954
2019-12-30,6.9864
2019-12-31,6.9618
2020-01-01,6.9618
2020-01-02,6.9642
2020-01-03,6.9649
2020-01-04,6.9649
2020-01-05,6.9649
2020-01-06,6.9749
2020-01-07,6.9443
2020-01-08,6.9447
2020-01-09,6.9309
2020-01-10,6.9178
2020-01-11,6.9178
2020-01-12,6.9178
2020-01-13,6.8924
2020-01-14,6.8837
2020-01-15,6.8899
2020-01-16,6.8769
2020-01-17,6.8589
2020-01-18,6.8589
2020-01-19,6.8589
2020-01-20,6.8589
2020-01-21,6.9049
2020-01-22,6.9040
2020-01-23,6.9364
2020-01-24,6.9161
2020-01-25,6.9161
2020-01-26,6.9161
2020-01-27,6.9161
2020-01-28,6.9161
2020-01-29,6.9161
2020-01-30,6.9161
2020-01-31,6.9161
2020-02-01,6.9161
2020-02-02,6.9161
2020-02-03,7.0208
2020-02-04,6.9979
2020-02-05,6.9720
2020-02-06,6.9694
2020-02-07,7.0003
2020-02-08,7.0003
2020-02-09,7.0003
2020-02-10,6.9820
2020-02-11,6.9650
2020-02-12,6.9708
2020-02-13,6.9759
2020-02-14,6.9859
2020-02-15,6.9859
2020-02-16,6.9859
2020-02-17,6.9859
2020-02-18,6.9949
2020-02-19,6.9975
2020-02-20,7.0225
2020-02-21,7.0255
2020-02-22,7.0255
2020-02-23,7.0255
2020-02-24,7.0286
2020-02-25,7.0128
2020-02-26,7.0214
2020-02-27,7.0036
2020-02-28,6.9906
2020-02-29,6.9906
2020-03-01,6.9906
2020-03-02,6.9595
2020-03-03,6.9579
2020-03-04,6.9244
2020-03-05,6.9366
2020-03-06,6.9298
2020-03-07,6.9298
2020-03-08,6.9298
2020-03-09,6.9448
2020-03-10,6.9549
2020-03-11,6.9595
2020-03-12,7.0282
2020-03-13,7.0079
2020-03-14,7.0079
2020-03-15,7.0079
2020-03-16,6.9913
2020-03-17,7.0030
2020-03-18,7.0459
2020-03-19,7.1058
2020-03-20,7.0950
2020-03-21,7.0950
2020-03-22,7.0950
2020-03-23,7.0900
2020-03-24,7.0610
2020-03-25,7.1099
2020-03-26,7.0709
2020-03-27,7.0942
2020-03-28,7.0942
2020-03-29,7.0942
2020-03-30,7.0986
2020-03-31,7.0808
2020-04-01,7.0989
2020-04-02,7.0857
2020-04-03,7.0908
2020-04-04,7.0908
2020-04-05,7.0908
2020-04-06,7.0895
2020-04-07,7.0448
2020-04-08,7.0649
2020-04-09,7.0428
2020-04-10,7.0341
2020-04-11,7.0341
2020-04-12,7.0341
2020-04-13,7.0501
2020-04-14,7.0479
2020-04-15,7.0664
2020-04-16,7.0778
2020-04-17,7.0711
2020-04-18,7.0711
2020-04-19,7.0711
2020-04-20,7.0721
2020-04-21,7.0914
2020-04-22,7.0831
2020-04-23,7.0654
2020-04-24,7.0813
2020-04-25,7.0813
2020-04-26,7.0813
2020-04-27,7.0848
2020-04-28,7.0776
2020-04-29,7.0755
2020-04-30,7.0622
2020-05-01,7.0622
2020-05-02,7.0622
2020-05-03,7.0622
2020-05-04,7.0622
2020-05-05,7.0622
2020-05-06,7.1031
2020-05-07,7.0825
2020-05-08,7.0732
2020-05-09,7.0732
2020-05-10,7.0732
2020-05-11,7.0972
2020-05-12,7.0816
2020-05-13,7.0911
2020-05-14,7.0935
2020-05-15,7.1013
2020-05-16,7.1013
2020-05-17,7.1013
2020-05-18,7.1086
2020-05-19,7.0980
2020-05-20,7.0928
2020-05-21,7.1138
2020-05-22,7.1269
2020-05-23,7.1269
2020-05-24,7.1269
2020-05-25,7.1269
2020-05-26,7.1340
2020-05-27,7.1681
2020-05-28,7.1447
2020-05-29,7.1348
2020-05-30,7.1348
2020-05-31,7.1348
2020-06-01,7.1263
2020-06-02,7.0992
2020-06-03,7.1115
2020-06-04,7.1075
2020-06-05,7.0808
2020-06-06,7.0808
2020-06-07,7.0808
2020-06-08,7.0700
2020-06-09,7.0765
2020-06-10,7.0599
2020-06-11,7.0640
2020-06-12,7.0825
2020-06-13,7.0825
2020-06-14,7.0825
2020-06-15,7.0887
2020-06-16,7.0854
2020-06-17,7.0840
2020-06-18,7.0869
2020-06-19,7.0707
2020-06-20,7.0707
2020-06-21,7.0707
2020-06-22,7.0678
2020-06-23,7.0575
2020-06-24,7.0770
2020-06-25,7.0768
2020-06-26,7.0768
2020-06-27,7.0768
2020-06-28,7.0768
2020-06-29,7.0794
2020-06-30,7.0651
2020-07-01,7.0703
2020-07-02,7.0660
2020-07-03,7.0660
2020-07-04,7.0660
2020-07-05,7.0660
2020-07-06,7.0159
2020-07-07,7.0127
2020-07-08,7.0041
2020-07-09,6.9923
2020-07-10,6.9990
2020-07-11,6.9990
2020-07-12,6.9990
2020-07-13,6.9959
2020-07-14,7.0060
2020-07-15,6.9885
2020-07-16,6.9881
2020-07-17,6.9912
2020-07-18,6.9912
2020-07-19,6.9912
2020-07-20,6.9829
2020-07-21,6.9800
2020-07-22,6.9988
2020-07-23,7.0034
2020-07-24,7.0168
2020-07-25,7.0168
2020-07-26,7.0168
2020-07-27,6.9950
2020-07-28,6.9998
2020-07-29,7.0014
2020-07-30,7.0080
2020-07-31,6.9744
2020-08-01,6.9744
2020-08-02,6.9744
2020-08-03,6.9799
2020-08-04,6.9720
2020-08-05,6.9353
2020-08-06,6.9520
2020-08-07,6.9670
2020-08-08,6.9670
2020-08-09,6.9670
2020-08-10,6.9611
2020-08-11,6.9451
2020-08-12,6.9363
2020-08-13,6.9440
2020-08-14,6.9501
2020-08-15,6.9501
2020-08-16,6.9501
2020-08-17,6.9318
2020-08-18,6.9215
2020-08-19,6.9192
2020-08-20,6.9143
2020-08-21,6.9179
2020-08-22,6.9179
2020-08-23,6.9179
2020-08-24,6.9180
2020-08-25,6.9116
2020-08-26,6.8855
2020-08-27,6.8925
2020-08-28,6.8647
2020-08-29,6.8647
2020-08-30,6.8647
2020-08-31,6.8474
2020-09-01,6.8272
2020-09-02,6.8375
2020-09-03,6.8474
2020-09-04,6.8409
2020-09-05,6.8409
2020-09-06,6.8409
2020-09-07,6.8409
2020-09-08,6.8435
2020-09-09,6.8308
2020-09-10,6.8335
2020-09-11,6.8330
2020-09-12,6.8330
2020-09-13,6.8330
2020-09-14,6.8080
2020-09-15,6.7819
2020-09-16,6.7529
2020-09-17,6.7628
2020-09-18,6.7675
2020-09-19,6.7675
2020-09-20,6.7675
2020-09-21,6.8043
2020-09-22,6.7779
2020-09-23,6.8089
2020-09-24,6.8273
2020-09-25,6.8220
2020-09-26,6.8220
2020-09-27,6.8220
2020-09-28,6.8106
2020-09-29,6.8150
2020-09-30,6.7896
2020-10-01,6.7898
2020-10-02,6.7898
2020-10-03,6.7898
2020-10-04,6.7898
2020-10-05,6.7896
2020-10-06,6.7896
2020-10-07,6.7896
2020-10-08,6.7896
2020-10-09,6.6933
2020-10-10,6.6933
2020-10-11,6.6933
2020-10-12,6.6933
2020-10-13,6.7452
2020-10-14,6.7136
2020-10-15,6.7233
2020-10-16,6.6962
2020-10-17,6.6962
2020-10-18,6.6962
2020-10-19,6.6803
2020-10-20,6.6754
2020-10-21,6.6503
2020-10-22,6.6821
2020-10-23,6.6861
2020-10-24,6.6861
2020-10-25,6.6861
2020-10-26,6.7119
2020-10-27,6.7044
2020-10-28,6.7279
2020-10-29,6.7140
2020-10-30,6.6919
2020-10-31,6.6919
2020-11-01,6.6919
2020-11-02,6.6899
2020-11-03,6.6759
2020-11-04,6.6504
2020-11-05,6.6027
2020-11-06,6.6080
2020-11-07,6.6080
2020-11-08,6.6080
2020-11-09,6.6280
2020-11-10,6.6146
2020-11-11,6.6146
2020-11-12,6.6114
2020-11-13,6.6039
2020-11-14,6.6039
2020-11-15,6.6039
2020-11-16,6.5830
2020-11-17,6.5556
2020-11-18,6.5588
2020-11-19,6.5823
2020-11-20,6.5608
2020-11-21,6.5608
2020-11-22,6.5608
2020-11-23,6.5850
2020-11-24,6.5900
2020-11-25,6.5750
2020-11-26,6.5750
2020-11-27,6.5750
2020-11-28,6.5750
2020-11-29,6.5750
2020-11-30,6.5760
2020-12-01,6.5705
2020-12-02,6.5622
2020-12-03,6.5418
2020-12-04,6.5301
2020-12-05,6.5301
2020-12-06,6.5301
2020-12-07,6.5295
2020-12-08,6.5307
2020-12-09,6.5410
2020-12-10,6.5419
2020-12-11,6.5445
2020-12-12,6.5445
2020-12-13,6.5445
2020-12-14,6.5480
2020-12-15,6.5388
2020-12-16,6.5323
2020-12-17,6.5321
2020-12-18,6.5395
2020-12-19,6.5395
2020-12-20,6.5395
2020-12-21,6.5493
2020-12-22,6.5426
2020-12-23,6.5400
2020-12-24,6.5400
2020-12-25,6.5400
2020-12-26,6.5400
2020-12-27,6.5400
2020-12-28,6.5346
2020-12-29,6.5300
2020-12-30,6.5208
2020-12-31,6.5250
2021-01-01,6.5250
2021-01-02,6.5250
2021-01-03,6.5250
2021-01-04,6.4601
2021-01-05,6.4550
2021-01-06,6.4617
2021-01-07,6.4760
2021-01-08,6.4750
2021-01-09,6.4750
2021-01-10,6.4750
2021-01-11,6.4795
2021-01-12,6.4610
2021-01-13,6.4677
2021-01-14,6.4736
2021-01-15,6.4800
2021-01-16,6.4800
2021-01-17,6.4800
2021-01-18,6.4800
2021-01-19,6.4777
2021-01-20,6.4777
2021-01-21,6.4595
2021-01-22,6.4810
2021-01-23,6.4810
2021-01-24,6.4810
2021-01-25,6.4784
2021-01-26,6.4635
2021-01-27,6.4822
2021-01-28,6.4491
2021-01-29,6.4282
2021-01-30,6.4282
2021-01-31,6.4282
2021-02-01,6.4669
2021-02-02,6.4570
2021-02-03,6.4614
2021-02-04,6.4715
2021-02-05,6.4664
2021-02-06,6.4664
2021-02-07,6.4664
2021-02-08,6.4475
2021-02-09,6.4344
2021-02-10,6.4576
2021-02-11,6.4567
2021-02-12,6.4567
2021-02-13,6.4567
2021-02-14,6.4567
2021-02-15,6.4567
2021-02-16,6.4567
2021-02-17,6.4567
2021-02-18,6.4869
2021-02-19,6.4555
2021-02-20,6.4555
2021-02-21,6.4555
2021-02-22,6.4625
2021-02-23,6.4640
2021-02-24,6.4556
2021-02-25,6.4541
2021-02-26,6.4730
2021-02-27,6.4730
2021-02-28,6.4730
2021-03-01,6.4648
2021-03-02,6.4702
2021-03-03,6.4675
2021-03-04,6.4694
2021-03-05,6.4960
2021-03-06,6.4960
2021-03-07,6.4960
2021-03-08,6.5250
2021-03-09,6.5050
2021-03-10,6.5050
2021-03-11,6.4932
2021-03-12,6.5081
2021-03-13,6.5081
2021-03-14,6.5081
2021-03-15,6.4996
2021-03-16,6.5052
2021-03-17,6.5030
2021-03-18,6.5054
2021-03-19,6.5070
2021-03-20,6.5070
2021-03-21,6.5070
2021-03-22,6.5070
2021-03-23,6.5160
2021-03-24,6.5230
2021-03-25,6.5452
2021-03-26,6.5412
2021-03-27,6.5412
2021-03-28,6.5412
2021-03-29,6.5696
2021-03-30,6.5716
2021-03-31,6.5518
2021-04-01,6.5645
2021-04-02,6.5646
2021-04-03,6.5646
2021-04-04,6.5646
2021-04-05,6.5649
2021-04-06,6.5370
2021-04-07,6.5415
2021-04-08,6.5505
2021-04-09,6.5522
2021-04-10,6.5522
2021-04-11,6.5522
2021-04-12,6.5475
2021-04-13,6.5431
2021-04-14,6.5292
2021-04-15,6.5220
2021-04-16,6.5203
2021-04-17,6.5203
2021-04-18,6.5203
2021-04-19,6.5085
2021-04-20,6.4981
2021-04-21,6.4903
2021-04-22,6.4910
2021-04-23,6.4945
2021-04-24,6.4945
2021-04-25,6.4945
2021-04-26,6.4844
2021-04-27,6.4830
2021-04-28,6.4771
2021-04-29,6.4710
2021-04-30,6.4749
2021-05-01,6.4749
2021-05-02,6.4749
2021-05-03,6.4749
2021-05-04,6.4749
2021-05-05,6.4749
2021-05-06,6.4635
2021-05-07,6.4310
2021-05-08,6.4310
2021-05-09,6.4310
2021-05-10,6.4156
2021-05-11,6.4285
2021-05-12,6.4566
2021-05-13,6.4506
2021-05-14,6.4367
2021-05-15,6.4367
2021-05-16,6.4367
2021-05-17,6.4388
2021-05-18,6.4250
2021-05-19,6.4342
2021-05-20,6.4339
2021-05-21,6.4339
2021-05-22,6.4339
2021-05-23,6.4339
2021-05-24,6.4177
2021-05-25,6.4100
2021-05-26,6.3905
2021-05-27,6.3824
2021-05-28,6.3674
2021-05-29,6.3674
2021-05-30,6.3674
2021-05-31,6.3674
2021-06-01,6.3796
2021-06-02,6.3805
2021-06-03,6.4036
2021-06-04,6.3945
2021-06-05,6.3945
2021-06-06,6.3945
2021-06-07,6.3963
2021-06-08,6.4000
2021-06-09,6.3865
2021-06-10,6.3929
2021-06-11,6.3967
2021-06-12,6.3967
2021-06-13,6.3967
2021-06-14,6.3979
2021-06-15,6.4052
2021-06-16,6.3969
2021-06-17,6.4477
2021-06-18,6.4525
2021-06-19,6.4525
2021-06-20,6.4525
2021-06-21,6.4659
2021-06-22,6.4811
2021-06-23,6.4727
2021-06-24,6.4701
2021-06-25,6.4545
2021-06-26,6.4545
2021-06-27,6.4545
2021-06-28,6.4555
2021-06-29,6.4635
2021-06-30,6.4566
2021-07-01,6.4679
2021-07-02,6.4721
2021-07-03,6.4721
2021-07-04,6.4721
2021-07-05,6.4721
2021-07-06,6.4786
2021-07-07,6.4718
2021-07-08,6.4898
2021-07-09,6.4788
2021-07-10,6.4788
2021-07-11,6.4788
2021-07-12,6.4751
2021-07-13,6.4685
2021-07-14,6.4688
2021-07-15,6.4600
2021-07-16,6.4785
2021-07-17,6.4785
2021-07-18,6.4785
2021-07-19,6.4893
2021-07-20,6.4845
2021-07-21,6.4664
2021-07-22,6.4700
2021-07-23,6.4808
2021-07-24,6.4808
2021-07-25,6.4808
2021-07-26,6.4825
2021-07-27,6.5104
2021-07-28,6.4905
2021-07-29,6.4562
2021-07-30,6.4609
2021-07-31,6.4609
2021-08-01,6.4609
2021-08-02,6.4620
2021-08-03,6.4700
2021-08-04,6.4655
2021-08-05,6.4608
2021-08-06,6.4825
2021-08-07,6.4825
2021-08-08,6.4825
2021-08-09,6.4857
2021-08-10,6.4852
2021-08-11,6.4783
2021-08-12,6.4782
2021-08-13,6.4768
2021-08-14,6.4768
2021-08-15,6.4768
2021-08-16,6.4742
2021-08-17,6.4854
2021-08-18,6.4841
2021-08-19,6.4942
2021-08-20,6.5012
2021-08-21,6.5012
2021-08-22,6.5012
2021-08-23,6.4805
2021-08-24,6.4710
2021-08-25,6.4756
2021-08-26,6.4809
2021-08-27,6.4711
2021-08-28,6.4711
2021-08-29,6.4711
2021-08-30,6.4658
2021-08-31,6.4604
2021-09-01,6.4586
2021-09-02,6.4560
2021-09-03,6.4528
2021-09-04,6.4528
2021-09-05,6.4528
2021-09-06,6.4528
2021-09-07,6.4662
2021-09-08,6.4612
2021-09-09,6.4547
2021-09-10,6.4440
2021-09-11,6.4440
2021-09-12,6.4440
2021-09-13,6.4511
2021-09-14,6.4382
2021-09-15,6.4320
2021-09-16,6.4566
2021-09-17,6.4655
2021-09-18,6.4655
2021-09-19,6.4655
2021-09-20,6.4651
2021-09-21,6.4651
2021-09-22,6.4611
2021-09-23,6.4590
2021-09-24,6.4660
2021-09-25,6.4660
2021-09-26,6.4660
2021-09-27,6.4560
2021-09-28,6.4595
2021-09-29,6.4702
2021-09-30,6.4434
2021-10-01,6.4434
2021-10-02,6.4434
2021-10-03,6.4434
2021-10-04,6.4434
2021-10-05,6.4434
2021-10-06,6.4434
2021-10-07,6.4434
2021-10-08,6.4435
2021-10-09,6.4435
2021-10-10,6.4435
2021-10-11,6.4435
2021-10-12,6.4485
2021-10-13,6.4262
2021-10-14,6.4380
2021-10-15,6.4340
2021-10-16,6.4340
2021-10-17,6.4340
2021-10-18,6.4290
2021-10-19,6.3822
2021-10-20,6.3936
2021-10-21,6.3925
2021-10-22,6.3839
2021-10-23,6.3839
2021-10-24,6.3839
2021-10-25,6.3856
2021-10-26,6.3820
2021-10-27,6.3915
2021-10-28,6.3917
2021-10-29,6.4050
2021-10-30,6.4050
2021-10-31,6.4050
2021-11-01,6.3972
2021-11-02,6.3995
2021-11-03,6.4061
2021-11-04,6.3970
2021-11-05,6.3961
2021-11-06,6.3961
2021-11-07,6.3961
2021-11-08,6.3902
2021-11-09,6.3916
2021-11-10,6.3882
2021-11-11,6.3882
2021-11-12,6.3787
2021-11-13,6.3787
2021-11-14,6.3787
2021-11-15,6.3824
2021-11-16,6.3919
2021-11-17,6.3775
2021-11-18,6.3851
2021-11-19,6.3863
2021-11-20,6.3863
2021-11-21,6.3863
2021-11-22,6.3842
2021-11-23,6.3910
2021-11-24,6.3917
2021-11-25,6.3917
2021-11-26,6.3924
2021-11-27,6.3924
2021-11-28,6.3924
2021-11-29,6.3875
2021-11-30,6.3640
2021-12-01,6.3641
2021-12-02,6.3763
2021-12-03,6.3758
2021-12-04,6.3758
2021-12-05,6.3758
2021-12-06,6.3756
2021-12-07,6.3657
2021-12-08,6.3435
2021-12-09,6.3772
2021-12-10,6.3685
2021-12-11,6.3685
2021-12-12,6.3685
2021-12-13,6.3659
2021-12-14,6.3671
2021-12-15,6.3673
2021-12-16,6.3674
2021-12-17,6.3748
2021-12-18,6.3748
2021-12-19,6.3748
2021-12-20,6.3756
2021-12-21,6.3716
2021-12-22,6.3695
2021-12-23,6.3696
2021-12-24,6.3696
2021-12-25,6.3696
2021-12-26,6.3696
2021-12-27,6.3705
2021-12-28,6.3684
2021-12-29,6.3680
2021-12-30,6.3726
2021-12-31,6.3726
2022-01-01,6.3726
2022-01-02,6.3726
2022-01-03,6.3550
2022-01-04,6.3721
2022-01-05,6.3640
2022-01-06,6.3822
2022-01-07,6.3769
2022-01-08,6.3769
2022-01-09,6.3769
2022-01-10,6.3756
2022-01-11,6.3735
2022-01-12,6.3580
2022-01-13,6.3595
2022-01-14,6.3524
2022-01-15,6.3524
2022-01-16,6.3524
2022-01-17,6.3524
2022-01-18,6.3525
2022-01-19,6.3447
2022-01-20,6.3406
2022-01-21,6.3385
2022-01-22,6.3385
2022-01-23,6.3385
2022-01-24,6.3304
2022-01-25,6.3257
2022-01-26,6.3206
2022-01-27,6.3677
2022-01-28,6.3605
2022-01-29,6.3605
2022-01-30,6.3605
2022-01-31,6.3610
2022-02-01,6.3610
2022-02-02,6.3610
2022-02-03,6.3610
2022-02-04,6.3610
2022-02-05,6.3610
2022-02-06,6.3610
2022-02-07,6.3610
2022-02-08,6.3660
2022-02-09,6.3619
2022-02-10,6.3526
2022-02-11,6.3540
2022-02-12,6.3540
2022-02-13,6.3540
2022-02-14,6.3567
2022-02-15,6.3385
2022-02-16,6.3366
2022-02-17,6.3381
2022-02-18,6.3251
2022-02-19,6.3251
2022-02-20,6.3251
2022-02-21,6.3251
2022-02-22,6.3260
2022-02-23,6.3134
2022-02-24,6.3283
2022-02-25,6.3169
2022-02-26,6.3169
2022-02-27,6.3169
2022-02-28,6.3084
2022-03-01,6.3116
2022-03-02,6.3210
2022-03-03,6.3195
2022-03-04,6.3188
2022-03-05,6.3188
2022-03-06,6.3188
2022-03-07,6.3194
2022-03-08,6.3178
2022-03-09,6.3174
2022-03-10,6.3212
2022-03-11,6.3389
2022-03-12,6.3389
2022-03-13,6.3389
2022-03-14,6.3645
2022-03-15,6.3696
2022-03-16,6.3510
2022-03-17,6.3459
2022-03-18,6.3609
2022-03-19,6.3609
2022-03-20,6.3609
2022-03-21,6.3552
2022-03-22,6.3660
2022-03-23,6.3720
2022-03-24,6.3670
2022-03-25,6.3658
2022-03-26,6.3658
2022-03-27,6.3658
2022-03-28,6.3714
2022-03-29,6.3635
2022-03-30,6.3470
2022-03-31,6.3393
2022-04-01,6.3625
2022-04-02,6.3625
2022-04-03,6.3625
2022-04-04,6.3619
2022-04-05,6.3619
2022-04-06,6.3590
2022-04-07,6.3600
2022-04-08,6.3643
2022-04-09,6.3643
2022-04-10,6.3643
2022-04-11,6.3692
2022-04-12,6.3651
2022-04-13,6.3678
2022-04-14,6.3775
2022-04-15,6.3705
2022-04-16,6.3705
2022-04-17,6.3705
2022-04-18,6.3630
2022-04-19,6.3930
2022-04-20,6.4188
2022-04-21,6.4500
2022-04-22,6.5010
2022-04-23,6.5010
2022-04-24,6.5010
2022-04-25,6.5585
2022-04-26,6.5552
2022-04-27,6.5595
2022-04-28,6.6243
2022-04-29,6.6080
2022-04-30,6.6080
2022-05-01,6.6080
2022-05-02,6.6079
2022-05-03,6.6079
2022-05-04,6.6079
2022-05-05,6.6535
2022-05-06,6.6651
2022-05-07,6.6651
2022-05-08,6.6651
2022-05-09,6.7295
2022-05-10,6.7343
2022-05-11,6.7186
2022-05-12,6.7860
2022-05-13,6.7880
2022-05-14,6.7880
2022-05-15,6.7880
2022-05-16,6.7852
2022-05-17,6.7361
2022-05-18,6.7540
2022-05-19,6.7109
2022-05-20,6.6921
2022-05-21,6.6921
2022-05-22,6.6921
2022-05-23,6.6490
2022-05-24,6.6530
2022-05-25,6.6916
2022-05-26,6.7380
2022-05-27,6.6980
2022-05-28,6.6980
2022-05-29,6.6980
2022-05-30,6.6980
2022-05-31,6.6715
2022-06-01,6.6858
2022-06-02,6.6596
2022-06-03,6.6595
2022-06-04,6.6595
2022-06-05,6.6595
2022-06-06,6.6534
2022-06-07,6.6675
2022-06-08,6.6825
2022-06-09,6.6915
2022-06-10,6.7081
2022-06-11,6.7081
2022-06-12,6.7081
2022-06-13,6.7530
2022-06-14,6.7395
2022-06-15,6.7128
2022-06-16,6.7030
2022-06-17,6.7160
2022-06-18,6.7160
2022-06-19,6.7160
2022-06-20,6.7160
2022-06-21,6.6880
2022-06-22,6.6983
2022-06-23,6.6980
2022-06-24,6.6878
2022-06-25,6.6878
2022-06-26,6.6878
2022-06-27,6.6899
2022-06-28,6.7070
2022-06-29,6.6997
2022-06-30,6.6981
2022-07-01,6.7000
2022-07-02,6.7000
2022-07-03,6.7000
2022-07-04,6.7000
2022-07-05,6.7192
2022-07-06,6.7070
2022-07-07,6.7005
2022-07-08,6.6945
2022-07-09,6.6945
2022-07-10,6.6945
2022-07-11,6.7175
2022-07-12,6.7234
2022-07-13,6.7175
2022-07-14,6.7542
2022-07-15,6.7565
2022-07-16,6.7565
2022-07-17,6.7565
2022-07-18,6.7420
2022-07-19,6.7430
2022-07-20,6.7540
2022-07-21,6.7655
2022-07-22,6.7500
2022-07-23,6.7500
2022-07-24,6.7500
2022-07-25,6.7499
2022-07-26,6.7616
2022-07-27,6.7570
2022-07-28,6.7465
2022-07-29,6.7433
2022-07-30,6.7433
2022-07-31,6.7433
2022-08-01,6.7674
2022-08-02,6.7499
2022-08-03,6.7565
2022-08-04,6.7485
2022-08-05,6.7607
2022-08-06,6.7607
2022-08-07,6.7607
2022-08-08,6.7505
2022-08-09,6.7525
2022-08-10,6.7230
2022-08-11,6.7445
2022-08-12,6.7425
2022-08-13,6.7425
2022-08-14,6.7425
2022-08-15,6.7715
2022-08-16,6.7875
2022-08-17,6.7805
2022-08-18,6.7855
2022-08-19,6.8164
2022-08-20,6.8164
2022-08-21,6.8164
2022-08-22,6.8476
2022-08-23,6.8476
2022-08-24,6.8581
2022-08-25,6.8477
2022-08-26,6.8715
2022-08-27,6.8715
2022-08-28,6.8715
2022-08-29,6.9067
2022-08-30,6.9100
2022-08-31,6.8890
2022-09-01,6.9066
2022-09-02,6.8985
2022-09-03,6.8985
2022-09-04,6.8985
2022-09-05,6.8985
2022-09-06,6.9532
2022-09-07,6.9650
2022-09-08,6.9562
2022-09-09,6.9240
2022-09-10,6.9240
2022-09-11,6.9240
2022-09-12,6.9265
2022-09-13,6.9245
2022-09-14,6.9612
2022-09-15,6.9934
2022-09-16,6.9799
2022-09-17,6.9799
2022-09-18,6.9799
2022-09-19,7.0050
2022-09-20,7.0176
2022-09-21,7.0479
2022-09-22,7.0772
2022-09-23,7.1266
2022-09-24,7.1266
2022-09-25,7.1266
2022-09-26,7.1384
2022-09-27,7.1760
2022-09-28,7.1990
2022-09-29,7.1196
2022-09-30,7.1135
2022-10-01,7.1135
2022-10-02,7.1135
2022-10-03,7.1103
2022-10-04,7.1103
2022-10-05,7.1103
2022-10-06,7.1103
2022-10-07,7.1103
2022-10-08,7.1103
2022-10-09,7.1103
2022-10-10,7.1103
2022-10-11,7.1639
2022-10-12,7.1720
2022-10-13,7.1700
2022-10-14,7.1895
2022-10-15,7.1895
2022-10-16,7.1895
2022-10-17,7.1946
2022-10-18,7.2001
2022-10-19,7.2280
2022-10-20,7.2129
2022-10-21,7.2399
2022-10-22,7.2399
2022-10-23,7.2399
2022-10-24,7.2629
2022-10-25,7.2688
2022-10-26,7.1710
2022-10-27,7.2239
2022-10-28,7.2499
2022-10-29,7.2499
2022-10-30,7.2499
2022-10-31,7.3048
2022-11-01,7.2730
2022-11-02,7.2890
2022-11-03,7.3000
2022-11-04,7.2996
2022-11-05,7.2996
2022-11-06,7.2996
2022-11-07,7.2266
2022-11-08,7.2485
2022-11-09,7.2401
2022-11-10,7.1840
2022-11-11,7.1840
2022-11-12,7.1840
2022-11-13,7.1840
2022-11-14,7.0710
2022-11-15,7.0440
2022-11-16,7.0964
2022-11-17,7.1551
2022-11-18,7.1192
2022-11-19,7.1192
2022-11-20,7.1192
2022-11-21,7.1640
2022-11-22,7.1388
2022-11-23,7.1580
2022-11-24,7.1580
2022-11-25,7.1642
2022-11-26,7.1642
2022-11-27,7.1642
2022-11-28,7.2074
2022-11-29,7.1568
2022-11-30,7.0879
2022-12-01,7.0424
2022-12-02,7.0190
2022-12-03,7.0190
2022-12-04,7.0190
2022-12-05,6.9610
2022-12-06,6.9935
2022-12-07,6.9702
2022-12-08,6.9649
2022-12-09,6.9559
2022-12-10,6.9559
2022-12-11,6.9559
2022-12-12,6.9773
2022-12-13,6.9430
2022-12-14,6.9498
2022-12-15,6.9716
2022-12-16,6.9708
2022-12-17,6.9708
2022-12-18,6.9708
2022-12-19,6.9772
2022-12-20,6.9600
2022-12-21,6.9810
2022-12-22,6.9829
2022-12-23,6.9880
2022-12-24,6.9880
2022-12-25,6.9880
2022-12-26,6.9880
2022-12-27,6.9600
2022-12-28,6.9774
2022-12-29,6.9625
2022-12-30,6.8972
2022-12-31,6.8972
2023-01-01,6.8972
2023-01-02,6.8972
2023-01-03,6.9135
2023-01-04,6.8875
2023-01-05,6.8800
2023-01-06,6.8370
2023-01-07,6.8370
2023-01-08,6.8370
2023-01-09,6.7700
2023-01-10,6.7770
2023-01-11,6.7700
2023-01-12,6.7365
2023-01-13,6.7010
2023-01-14,6.7010
2023-01-15,6.7010
2023-01-16,6.7010
2023-01-17,6.7723
2023-01-18,6.7534
2023-01-19,6.7738
2023-01-20,6.7825
2023-01-21,6.7825
2023-01-22,6.7825
2023-01-23,6.7899
2023-01-24,6.7899
2023-01-25,6.7899
2023-01-26,6.7899
2023-01-27,6.7899
2023-01-28,6.7899
2023-01-29,6.7899
2023-01-30,6.7501
2023-01-31,6.7540
2023-02-01,6.7406
2023-02-02,6.7266
2023-02-03,6.7733
2023-02-04,6.7733
2023-02-05,6.7733
2023-02-06,6.7918
2023-02-07,6.7910
2023-02-08,6.7890
2023-02-09,6.7782
2023-02-10,6.8106
2023-02-11,6.8106
2023-02-12,6.8106
2023-02-13,6.8198
2023-02-14,6.8255
2023-02-15,6.8510
2023-02-16,6.8590
2023-02-17,6.8661
2023-02-18,6.8661
2023-02-19,6.8661
2023-02-20,6.8661
2023-02-21,6.8700
2023-02-22,6.8908
2023-02-23,6.9075
2023-02-24,6.9545
2023-02-25,6.9545
2023-02-26,6.9545
2023-02-27,6.9450
2023-02-28,6.9325
2023-03-01,6.8656
2023-03-02,6.9122
2023-03-03,6.9048
2023-03-04,6.9048
2023-03-05,6.9048
2023-03-06,6.9295
2023-03-07,6.9605
2023-03-08,6.9496
2023-03-09,6.9630
2023-03-10,6.9025
2023-03-11,6.9025
2023-03-12,6.9025
2023-03-13,6.8455
2023-03-14,6.8680
2023-03-15,6.9005
2023-03-16,6.8965
2023-03-17,6.8870
2023-03-18,6.8870
2023-03-19,6.8870
2023-03-20,6.8770
2023-03-21,6.8830
2023-03-22,6.8802
2023-03-23,6.8188
2023-03-24,6.8675
2023-03-25,6.8675
2023-03-26,6.8675
2023-03-27,6.8834
2023-03-28,6.8725
2023-03-29,6.8862
2023-03-30,6.8700
2023-03-31,6.8676
2023-04-01,6.8676
2023-04-02,6.8676
2023-04-03,6.8776
2023-04-04,6.8780
2023-04-05,6.8781
2023-04-06,6.8750
2023-04-07,6.8750
2023-04-08,6.8750
2023-04-09,6.8750
2023-04-10,6.8807
2023-04-11,6.8866
2023-04-12,6.8730
2023-04-13,6.8677
2023-04-14,6.8690
2023-04-15,6.8690
2023-04-16,6.8690
2023-04-17,6.8786
2023-04-18,6.8755
2023-04-19,6.8851
2023-04-20,6.8725
2023-04-21,6.8920
2023-04-22,6.8920
2023-04-23,6.8920
2023-04-24,6.8958
2023-04-25,6.9320
2023-04-26,6.9261
2023-04-27,6.9220
2023-04-28,6.9110
2023-04-29,6.9110
2023-04-30,6.9110
2023-05-01,6.9164
2023-05-02,6.9164
2023-05-03,6.9164
2023-05-04,6.9094
2023-05-05,6.9101
2023-05-06,6.9101
2023-05-07,6.9101
2023-05-08,6.9125
2023-05-09,6.9201
2023-05-10,6.9321
2023-05-11,6.9480
2023-05-12,6.9575
2023-05-13,6.9575
2023-05-14,6.9575
2023-05-15,6.9520
2023-05-16,6.9751
2023-05-17,6.9981
2023-05-18,7.0355
2023-05-19,7.0060
2023-05-20,7.0060
2023-05-21,7.0060
2023-05-22,7.0351
2023-05-23,7.0490
2023-05-24,7.0585
2023-05-25,7.0775
2023-05-26,7.0630
2023-05-27,7.0630
2023-05-28,7.0630
2023-05-29,7.0630
2023-05-30,7.0792
2023-05-31,7.1100
2023-06-01,7.0934
2023-06-02,7.0827
2023-06-03,7.0827
2023-06-04,7.0827
2023-06-05,7.1050
2023-06-06,7.1190
2023-06-07,7.1287
2023-06-08,7.1109
2023-06-09,7.1273
2023-06-10,7.1273
2023-06-11,7.1273
2023-06-12,7.1437
2023-06-13,7.1585
2023-06-14,7.1480
2023-06-15,7.1300
2023-06-16,7.1250
2023-06-17,7.1250
2023-06-18,7.1250
2023-06-19,7.1250
2023-06-20,7.1811
2023-06-21,7.1779
2023-06-22,7.1777
2023-06-23,7.1777
2023-06-24,7.1777
2023-06-25,7.1777
2023-06-26,7.2364
2023-06-27,7.2193
2023-06-28,7.2436
2023-06-29,7.2515
2023-06-30,7.2513
2023-07-01,7.2513
2023-07-02,7.2513
2023-07-03,7.2400
2023-07-04,7.2400
2023-07-05,7.2465
2023-07-06,7.2500
2023-07-07,7.2205
2023-07-08,7.2205
2023-07-09,7.2205
2023-07-10,7.2315
2023-07-11,7.2090
2023-07-12,7.1656
2023-07-13,7.1500
2023-07-14,7.1403
2023-07-15,7.1403
2023-07-16,7.1403
2023-07-17,7.1711
2023-07-18,7.1786
2023-07-19,7.2260
2023-07-20,7.1761
2023-07-21,7.1861
2023-07-22,7.1861
2023-07-23,7.1861
2023-07-24,7.1855
2023-07-25,7.1340
2023-07-26,7.1503
2023-07-27,7.1730
2023-07-28,7.1488
2023-07-29,7.1488
2023-07-30,7.1488
2023-07-31,7.1426
2023-08-01,7.1775
2023-08-02,7.1920
2023-08-03,7.1651
2023-08-04,7.1709
2023-08-05,7.1709
2023-08-06,7.1709
2023-08-07,7.1895
2023-08-08,7.2160
2023-08-09,7.2085
2023-08-10,7.2165
2023-08-11,7.2367
2023-08-12,7.2367
2023-08-13,7.2367
2023-08-14,7.2585
2023-08-15,7.2817
2023-08-16,7.2985
2023-08-17,7.2910
2023-08-18,7.2800
2023-08-19,7.2800
2023-08-20,7.2800
2023-08-21,7.2865
2023-08-22,7.2930
2023-08-23,7.2771
2023-08-24,7.2786
2023-08-25,7.2890
2023-08-26,7.2890
2023-08-27,7.2890
2023-08-28,7.2900
2023-08-29,7.2796
2023-08-30,7.2839
2023-08-31,7.2582
2023-09-01,7.2606
2023-09-02,7.2606
2023-09-03,7.2606
2023-09-04,7.2606
2023-09-05,7.3018
2023-09-06,7.3160
2023-09-07,7.3287
2023-09-08,7.3430
2023-09-09,7.3430
2023-09-10,7.3430
2023-09-11,7.2882
2023-09-12,7.2911
2023-09-13,7.2700
2023-09-14,7.2770
2023-09-15,7.2744
2023-09-16,7.2744
2023-09-17,7.2744
2023-09-18,7.2915
2023-09-19,7.2964
2023-09-20,7.2870
2023-09-21,7.3066
2023-09-22,7.2980
2023-09-23,7.2980
2023-09-24,7.2980
2023-09-25,7.3110
2023-09-26,7.3100
2023-09-27,7.3105
2023-09-28,7.3010
2023-09-29,7.2960
2023-09-30,7.2960
2023-10-01,7.2960
2023-10-02,7.2960
2023-10-03,7.2960
2023-10-04,7.2960
2023-10-05,7.2960
2023-10-06,7.2960
2023-10-07,7.2960
2023-10-08,7.2960
2023-10-09,7.2960
2023-10-10,7.2948
2023-10-11,7.2992
2023-10-12,7.3019
2023-10-13,7.3049
2023-10-14,7.3049
2023-10-15,7.3049
2023-10-16,7.3105
2023-10-17,7.3105
2023-10-18,7.3161
2023-10-19,7.3126
2023-10-20,7.3155
2023-10-21,7.3155
2023-10-22,7.3155
2023-10-23,7.3158
2023-10-24,7.3090
2023-10-25,7.3165
2023-10-26,7.3150
2023-10-27,7.3171
2023-10-28,7.3171
2023-10-29,7.3171
2023-10-30,7.3133
2023-10-31,7.3166
2023-11-01,7.3175
2023-11-02,7.3160
2023-11-03,7.3005
2023-11-04,7.3005
2023-11-05,7.3005
2023-11-06,7.2695
2023-11-07,7.2788
2023-11-08,7.2800
2023-11-09,7.2835
2023-11-10,7.2835
2023-11-11,7.2835
2023-11-12,7.2835
2023-11-13,7.2890
2023-11-14,7.2530
2023-11-15,7.2466
2023-11-16,7.2416
2023-11-17,7.2120
2023-11-18,7.2120
2023-11-19,7.2120
2023-11-20,7.1680
2023-11-21,7.1352
2023-11-22,7.1550
2023-11-23,7.1550
2023-11-24,7.1488
2023-11-25,7.1488
2023-11-26,7.1488
2023-11-27,7.1528
2023-11-28,7.1380
2023-11-29,7.1300
2023-11-30,7.1360
2023-12-01,7.1386
2023-12-02,7.1386
2023-12-03,7.1386
2023-12-04,7.1424
2023-12-05,7.1444
2023-12-06,7.1580
2023-12-07,7.1515
2023-12-08,7.1645
2023-12-09,7.1645
2023-12-10,7.1645
2023-12-11,7.1765
2023-12-12,7.1755
2023-12-13,7.1725
2023-12-14,7.1088
2023-12-15,7.1179
2023-12-16,7.1179
2023-12-17,7.1179
2023-12-18,7.1297
2023-12-19,7.1287
2023-12-20,7.1355
2023-12-21,7.1381
2023-12-22,7.1315
2023-12-23,7.1315
2023-12-24,7.1315
2023-12-25,7.1315
2023-12-26,7.1432
2023-12-27,7.1405
2023-12-28,7.1065
2023-12-29,7.0999
2023-12-30,7.0999
2023-12-31,7.0999
2024-01-01,7.0999
2024-01-02,7.1426
2024-01-03,7.1497
2024-01-04,7.1589
2024-01-05,7.1450
2024-01-06,7.1450
2024-01-07,7.1450
2024-01-08,7.1540
2024-01-09,7.1675
2024-01-10,7.1711
2024-01-11,7.1670
2024-01-12,7.1665
2024-01-13,7.1665
2024-01-14,7.1665
2024-01-15,7.1665
2024-01-16,7.1874
2024-01-17,7.1960
2024-01-18,7.1961
2024-01-19,7.1931
2024-01-20,7.1931
2024-01-21,7.1931
2024-01-22,7.1920
2024-01-23,7.1720
2024-01-24,7.1580
2024-01-25,7.1690
2024-01-26,7.1763
2024-01-27,7.1763
2024-01-28,7.1763
2024-01-29,7.1798
2024-01-30,7.1755
2024-01-31,7.1673
2024-02-01,7.1799
2024-02-02,7.1920
2024-02-03,7.1920
2024-02-04,7.1920
2024-02-05,7.1982
2024-02-06,7.1908
2024-02-07,7.1943
2024-02-08,7.1965
2024-02-09,7.1929
2024-02-10,7.1929
2024-02-11,7.1929
2024-02-12,7.1928
2024-02-13,7.1928
2024-02-14,7.1928
2024-02-15,7.1928
2024-02-16,7.1928
2024-02-17,7.1928
2024-02-18,7.1928
2024-02-19,7.1928
2024-02-20,7.1905
2024-02-21,7.1891
2024-02-22,7.1944
2024-02-23,7.1970
2024-02-24,7.1970
2024-02-25,7.1970
2024-02-26,7.1972
2024-02-27,7.1977
2024-02-28,7.1976
2024-02-29,7.1977
2024-03-01,7.1960
2024-03-02,7.1960
2024-03-03,7.1960
2024-03-04,7.1987
2024-03-05,7.1965
2024-03-06,7.1977
2024-03-07,7.1925
2024-03-08,7.1855
2024-03-09,7.1855
2024-03-10,7.1855
2024-03-11,7.1820
2024-03-12,7.1804
2024-03-13,7.1875
2024-03-14,7.1932
2024-03-15,7.1953
2024-03-16,7.1953
2024-03-17,7.1953
2024-03-18,7.1981
2024-03-19,7.1991
2024-03-20,7.1992
2024-03-21,7.1993
2024-03-22,7.2289
2024-03-23,7.2289
2024-03-24,7.2289
2024-03-25,7.2102
2024-03-26,7.2176
2024-03-27,7.2270
2024-03-28,7.2262
2024-03-29,7.2203
2024-03-30,7.2203
2024-03-31,7.2203
2024-04-01,7.2308
2024-04-02,7.2320
2024-04-03,7.2330
2024-04-04,7.2339
2024-04-05,7.2339
2024-04-06,7.2339
2024-04-07,7.2339
2024-04-08,7.2305
2024-04-09,7.2316
2024-04-10,7.2341
2024-04-11,7.2373
2024-04-12,7.2374
2024-04-13,7.2374
2024-04-14,7.2374
2024-04-15,7.2382
2024-04-16,7.2383
2024-04-17,7.2389
2024-04-18,7.2382
2024-04-19,7.2403
2024-04-20,7.2403
2024-04-21,7.2403
2024-04-22,7.2403
2024-04-23,7.2445
2024-04-24,7.2460
2024-04-25,7.2460
2024-04-26,7.2464
2024-04-27,7.2464
2024-04-28,7.2464
2024-04-29,7.2318
2024-04-30,7.2401
2024-05-01,7.2405
2024-05-02,7.2405
2024-05-03,7.2405
2024-05-04,7.2405
2024-05-05,7.2405
2024-05-06,7.2071
2024-05-07,7.2185
2024-05-08,7.2185
2024-05-09,7.2198
2024-05-10,7.2260
2024-05-11,7.2260
2024-05-12,7.2260
2024-05-13,7.2325
2024-05-14,7.2335
2024-05-15,7.2190
2024-05-16,7.2181
2024-05-17,7.2233
2024-05-18,7.2233
2024-05-19,7.2233
2024-05-20,7.2344
2024-05-21,7.2376
2024-05-22,7.2405
2024-05-23,7.2421
2024-05-24,7.2425
2024-05-25,7.2425
2024-05-26,7.2425
2024-05-27,7.2425
2024-05-28,7.2451
2024-05-29,7.2494
2024-05-30,7.2493
2024-05-31,7.2410
2024-06-01,7.2410
2024-06-02,7.2410
2024-06-03,7.2420
2024-06-04,7.2393
2024-06-05,7.2475
2024-06-06,7.2451
2024-06-07,7.2466
2024-06-08,7.2466
2024-06-09,7.2466
2024-06-10,7.2475
2024-06-11,7.2544
2024-06-12,7.2544
2024-06-13,7.2519
2024-06-14,7.2557
2024-06-15,7.2557
2024-06-16,7.2557
2024-06-17,7.2561
2024-06-18,7.2543
2024-06-19,7.2543
2024-06-20,7.2604
2024-06-21,7.2609
2024-06-22,7.2609
2024-06-23,7.2609
2024-06-24,7.2586
2024-06-25,7.2629
2024-06-26,7.2666
2024-06-27,7.2688
2024-06-28,7.2672
2024-06-29,7.2672
2024-06-30,7.2672
2024-07-01,7.2683
2024-07-02,7.2712
2024-07-03,7.2699
2024-07-04,7.2699
2024-07-05,7.2680
2024-07-06,7.2680
2024-07-07,7.2680
2024-07-08,7.2683
2024-07-09,7.2725
2024-07-10,7.2758
2024-07-11,7.2573
2024-07-12,7.2495
2024-07-13,7.2495
2024-07-14,7.2495
2024-07-15,7.2592
2024-07-16,7.2685
2024-07-17,7.2607
2024-07-18,7.2600
2024-07-19,7.2695
2024-07-20,7.2695
2024-07-21,7.2695
2024-07-22,7.2736
2024-07-23,7.2748
2024-07-24,7.2622
2024-07-25,7.2310
2024-07-26,7.2502
2024-07-27,7.2502
2024-07-28,7.2502
2024-07-29,7.2597
2024-07-30,7.2511
2024-07-31,7.2193
2024-08-01,7.2441
2024-08-02,7.1600
2024-08-03,7.1600
2024-08-04,7.1600
2024-08-05,7.1300
2024-08-06,7.1563
2024-08-07,7.1760
2024-08-08,7.1747
2024-08-09,7.1660
2024-08-10,7.1660
2024-08-11,7.1660
2024-08-12,7.1744
2024-08-13,7.1558
2024-08-14,7.1382
2024-08-15,7.1734
2024-08-16,7.1644
2024-08-17,7.1644
2024-08-18,7.1644
2024-08-19,7.1393
2024-08-20,7.1320
2024-08-21,7.1344
2024-08-22,7.1440
2024-08-23,7.1244
2024-08-24,7.1244
2024-08-25,7.1244
2024-08-26,7.1212
2024-08-27,7.1244
2024-08-28,7.1245
2024-08-29,7.0972
2024-08-30,7.0900
2024-08-31,7.0900
2024-09-01,7.0900
2024-09-02,7.0900
2024-09-03,7.1209
2024-09-04,7.1119
2024-09-05,7.0921
2024-09-06,7.0876
2024-09-07,7.0876
2024-09-08,7.0876
2024-09-09,7.1133
2024-09-10,7.1205
2024-09-11,7.1192
2024-09-12,7.1173
2024-09-13,7.0930
2024-09-14,7.0930
2024-09-15,7.0930
2024-09-16,7.0958
2024-09-17,7.0958
2024-09-18,7.0812
2024-09-19,7.0675
2024-09-20,7.0505
2024-09-21,7.0505
2024-09-22,7.0505
2024-09-23,7.0508
2024-09-24,7.0318
2024-09-25,7.0315
2024-09-26,7.0106
2024-09-27,7.0111
2024-09-28,7.0111
2024-09-29,7.0111
2024-09-30,7.0176
2024-10-01,7.0175
2024-10-02,7.0175
2024-10-03,7.0175
2024-10-04,7.0175
2024-10-05,7.0175
2024-10-06,7.0175
2024-10-07,7.0175
2024-10-08,7.0595
2024-10-09,7.0818
2024-10-10,7.0794
2024-10-11,7.0667
2024-10-12,7.0667
2024-10-13,7.0667
2024-10-14,7.0667
2024-10-15,7.1192
2024-10-16,7.1192
2024-10-17,7.1216
2024-10-18,7.1015
2024-10-19,7.1015
2024-10-20,7.1015
2024-10-21,7.1189
2024-10-22,7.1230
2024-10-23,7.1252
2024-10-24,7.1190
2024-10-25,7.1199
2024-10-26,7.1199
2024-10-27,7.1199
2024-10-28,7.1254
2024-10-29,7.1301
2024-10-30,7.1229
2024-10-31,7.1178
2024-11-01,7.1214
2024-11-02,7.1214
2024-11-03,7.1214
2024-11-04,7.0995
2024-11-05,7.1047
2024-11-06,7.1782
2024-11-07,7.1412
2024-11-08,7.1785
2024-11-09,7.1785
2024-11-10,7.1785
2024-11-11,7.1785
2024-11-12,7.2320
2024-11-13,7.2245
2024-11-14,7.2272
2024-11-15,7.2288
2024-11-16,7.2288
2024-11-17,7.2288
2024-11-18,7.2364
2024-11-19,7.2392
2024-11-20,7.2459
2024-11-21,7.2368
2024-11-22,7.2455
2024-11-23,7.2455
2024-11-24,7.2455
2024-11-25,7.2395
2024-11-26,7.2520
2024-11-27,7.2458
2024-11-28,7.2458
2024-11-29,7.2423
2024-11-30,7.2423
2024-12-01,7.2423
2024-12-02,7.2714
2024-12-03,7.2858
2024-12-04,7.2632
2024-12-05,7.2558
2024-12-06,7.2700
2024-12-07,7.2700
2024-12-08,7.2700
2024-12-09,7.2604
2024-12-10,7.2500
2024-12-11,7.2605
2024-12-12,7.2685
2024-12-13,7.2756
2024-12-14,7.2756
2024-12-15,7.2756
2024-12-16,7.2836
2024-12-17,7.2846
2024-12-18,7.2864
2024-12-19,7.2965
2024-12-20,7.2953
2024-12-21,7.2953
2024-12-22,7.2953
2024-12-23,7.2977
2024-12-24,7.2946
2024-12-25,7.2946
2024-12-26,7.2981
2024-12-27,7.2980
2024-12-28,7.2980
2024-12-29,7.2980
2024-12-30,7.2993
2024-12-31,7.2993
2025-01-01,7.2993
2025-01-02,7.2994
2025-01-03,7.3199
2025-01-04,7.3199
2025-01-05,7.3199
2025-01-06,7.3223
2025-01-07,7.3264
2025-01-08,7.3316
2025-01-09,7.3321
2025-01-10,7.3326
2025-01-11,7.3326
2025-01-12,7.3326
2025-01-13,7.3319
2025-01-14,7.3311
2025-01-15,7.3304
2025-01-16,7.3316
2025-01-17,7.3249
2025-01-18,7.3249
2025-01-19,7.3249
2025-01-20,7.3249
2025-01-21,7.2712
2025-01-22,7.2728
2025-01-23,7.2880
2025-01-24,7.2440
2025-01-25,7.2440
2025-01-26,7.2440
2025-01-27,7.2507
2025-01-28,7.2422
2025-01-29,7.2422
2025-01-30,7.2422
2025-01-31,7.2422
2025-02-01,7.2422
2025-02-02,7.2422
2025-02-03,7.2422
2025-02-04,7.2422
2025-02-05,7.2720
2025-02-06,7.2883
2025-02-07,7.2943
2025-02-08,7.2943
2025-02-09,7.2943
2025-02-10,7.3045
2025-02-11,7.3072
2025-02-12,7.3088
2025-02-13,7.2888
2025-02-14,7.2530
2025-02-15,7.2530
2025-02-16,7.2530
2025-02-17,7.2530
2025-02-18,7.2786
2025-02-19,7.2833
2025-02-20,7.2555
2025-02-21,7.2501
2025-02-22,7.2501
2025-02-23,7.2501
2025-02-24,7.2476
2025-02-25,7.2512
2025-02-26,7.2595
2025-02-27,7.2853
2025-02-28,7.2828
2025-03-01,7.2828
2025-03-02,7.2828
2025-03-03,7.2843
2025-03-04,7.2651
2025-03-05,7.2506
2025-03-06,7.2468
2025-03-07,7.2340
2025-03-08,7.2340
2025-03-09,7.2340
2025-03-10,7.2591
2025-03-11,7.2278
2025-03-12,7.2372
2025-03-13,7.2439
2025-03-14,7.2377
2025-03-15,7.2377
2025-03-16,7.2377
2025-03-17,7.2327
2025-03-18,7.2273
2025-03-19,7.2300
2025-03-20,7.2477
2025-03-21,7.2486
2025-03-22,7.2486
2025-03-23,7.2486
2025-03-24,7.2531
2025-03-25,7.2569
2025-03-26,7.2675
2025-03-27,7.2645
2025-03-28,7.2628
2025-03-29,7.2628
2025-03-30,7.2628
2025-03-31,7.2567
2025-04-01,7.2697
2025-04-02,7.2675
2025-04-03,7.2813
2025-04-04,7.2803
2025-04-05,7.2803
2025-04-06,7.2803
2025-04-07,7.3081
2025-04-08,7.3388
2025-04-09,7.3499
2025-04-10,7.3140
2025-04-11,7.2915
2025-04-12,7.2915
2025-04-13,7.2915
2025-04-14,7.3119
2025-04-15,7.3150
2025-04-16,7.3053
2025-04-17,7.2990
2025-04-18,7.2996
2025-04-19,7.2996
2025-04-20,7.2996
2025-04-21,7.2914
2025-04-22,7.3118
2025-04-23,7.2860
2025-04-24,7.2879
2025-04-25,7.2864
2025-04-26,7.2864
2025-04-27,7.2864
2025-04-28,7.2942
2025-04-29,7.2690
2025-04-30,7.2706
2025-05-01,7.2706
2025-05-02,7.2706
2025-05-03,7.2706
2025-05-04,7.2706
2025-05-05,7.2706
2025-05-06,7.2164
2025-05-07,7.2250
2025-05-08,7.2340
2025-05-09,7.2364
2025-05-10,7.2364
2025-05-11,7.2364
2025-05-12,7.2018
2025-05-13,7.2057
2025-05-14,7.2080
2025-05-15,7.2067
2025-05-16,7.2090
2025-05-17,7.2090
2025-05-18,7.2090
2025-05-19,7.2144
2025-05-20,7.2194
2025-05-21,7.2019
2025-05-22,7.2037
2025-05-23,7.1798
2025-05-24,7.1798
2025-05-25,7.1798
2025-05-26,7.1798
2025-05-27,7.1950
2025-05-28,7.1941
2025-05-29,7.1855
2025-05-30,7.1991
2025-05-31,7.1991
2025-06-01,7.1991
2025-06-02,7.1975
2025-06-03,7.1872
2025-06-04,7.1844
2025-06-05,7.1750
2025-06-06,7.1886
2025-06-07,7.1886
2025-06-08,7.1886
2025-06-09,7.1802
2025-06-10,7.1870
2025-06-11,7.1928
2025-06-12,7.1726
2025-06-13,7.1810
2025-06-14,7.1810
2025-06-15,7.1810
2025-06-16,7.1790
2025-06-17,7.1845
2025-06-18,7.1888
2025-06-19,7.1888
2025-06-20,7.1785
2025-06-21,7.1785
2025-06-22,7.1785
2025-06-23,7.1790
2025-06-24,7.1713
2025-06-25,7.1764
2025-06-26,7.1675
2025-06-27,7.1721
2025-06-28,7.1721
2025-06-29,7.1721
2025-06-30,7.1636
2025-07-01,7.1647
2025-07-02,7.1649
2025-07-03,7.1684
2025-07-04,7.1684
2025-07-05,7.1684
2025-07-06,7.1684
2025-07-07,7.1744
2025-07-08,7.1738
2025-07-09,7.1800
2025-07-10,7.1748
2025-07-11,7.1681
2025-07-12,7.1681
2025-07-13,7.1681
2025-07-14,7.1670
2025-07-15,7.1729
2025-07-16,7.1791
2025-07-17,7.1832
2025-07-18,7.1776
2025-07-19,7.1776
2025-07-20,7.1776
2025-07-21,7.1760
2025-07-22,7.1748
2025-07-23,7.1599
2025-07-24,7.1541
2025-07-25,7.1679
2025-07-26,7.1679
2025-07-27,7.1679
2025-07-28,7.1778
2025-07-29,7.1769
2025-07-30,7.1934
2025-07-31,7.2002
2025-08-01,7.2116
2025-08-02,7.2116
2025-08-03,7.2116
2025-08-04,7.1780
2025-08-05,7.1835
2025-08-06,7.1822
2025-08-07,7.1806
2025-08-08,7.1839
2025-08-09,7.1839
2025-08-10,7.1839
2025-08-11,7.1884
2025-08-12,7.1785
2025-08-13,7.1744
2025-08-14,7.1795
2025-08-15,7.1817
2025-08-16,7.1817
2025-08-17,7.1817
2025-08-18,7.1847
2025-08-19,7.1819
2025-08-20,7.1757
2025-08-21,7.1793
2025-08-22,7.1651
2025-08-23,7.1651
2025-08-24,7.1651
2025-08-25,7.1510
2025-08-26,7.1520
2025-08-27,7.1536
2025-08-28,7.1306
2025-08-29,7.1304
2025-08-30,7.1304
2025-08-31,7.1304
2025-09-01,7.1304
2025-09-02,7.1390
2025-09-03,7.1415
2025-09-04,7.1414
2025-09-05,7.1323
2025-09-06,7.1323
2025-09-07,7.1323
2025-09-08,7.1293
2025-09-09,7.1209
2025-09-10,7.1207
2025-09-11,7.1184
2025-09-12,7.1242
2025-09-13,7.1242
2025-09-14,7.1242
2025-09-15,7.1186
2025-09-16,7.1142
2025-09-17,7.1033
2025-09-18,7.1125
2025-09-19,7.1142
2025-09-20,7.1142
2025-09-21,7.1142
2025-09-22,7.1140
2025-09-23,7.1116
2025-09-24,7.1315
2025-09-25,7.1338
2025-09-26,7.1328
2025-09-27,7.1328
2025-09-28,7.1328
2025-09-29,7.1194
2025-09-30,7.1190
2025-10-01,7.1200
2025-10-02,7.1200
2025-10-03,7.1200
2025-10-04,7.1200
2025-10-05,7.1200
2025-10-06,7.1200
2025-10-07,7.1200
2025-10-08,7.1200
2025-10-09,7.1275
2025-10-10,7.1340
2025-10-11,7.1340
2025-10-12,7.1340
2025-10-13,7.1340
2025-10-14,7.1384
2025-10-15,7.1262
2025-10-16,7.1230
2025-10-17,7.1264
2025-10-18,7.1264
2025-10-19,7.1264
2025-10-20,7.1195
2025-10-21,7.1218
2025-10-22,7.1257
2025-10-23,7.1221
2025-10-24,7.1211
2025-10-25,7.1211
2025-10-26,7.1211
2025-10-27,7.1102
2025-10-28,7.0988
2025-10-29,7.0980
2025-10-30,7.1097
2025-10-31,7.1169
2025-11-01,7.1169
2025-11-02,7.1169
2025-11-03,7.1222
2025-11-04,7.1295
2025-11-05,7.1260
2025-11-06,7.1195
2025-11-07,7.1219
2025-11-08,7.1219
2025-11-09,7.1219
2025-11-10,7.1193
2025-11-11,7.1193
2025-11-12,7.1120
2025-11-13,7.0950
2025-11-14,7.0992
2025-11-15,7.0992
2025-11-16,7.0992
2025-11-17,7.1075
2025-11-18,7.1074
2025-11-19,7.1106
2025-11-20,7.1098
2025-11-21,7.1066
2025-11-22,7.1066
2025-11-23,7.1066
2025-11-24,7.1020
2025-11-25,7.0845
2025-11-26,7.0758
2025-11-27,7.0758
2025-11-28,7.0751
2025-11-29,7.0751
2025-11-30,7.0751
2025-12-01,7.0717
2025-12-02,7.0700
2025-12-03,7.0636
2025-12-04,7.0714
2025-12-05,7.0696
2025-12-06,7.0696
2025-12-07,7.0696
2025-12-08,7.0710
2025-12-09,7.0633
2025-12-10,7.0640
2025-12-11,7.0579
2025-12-12,7.0548
2025-12-13,7.0548
2025-12-14,7.0548
2025-12-15,7.0470
2025-12-16,7.0417
2025-12-17,7.0431
2025-12-18,7.0404
2025-12-19,7.0409
2025-12-20,7.0409
2025-12-21,7.0409
2025-12-22,7.0367
2025-12-23,7.0280
2025-12-24,7.0142
2025-12-25,7.0142
2025-12-26,7.0063
2025-12-27,7.0063
2025-12-28,7.0063
2025-12-29,7.0056
2025-12-30,6.9961
2025-12-31,6.9931
2026-01-01,6.9931
2026-01-02,6.9877
2026-01-03,6.9877
2026-01-04,6.9877
2026-01-05,6.9880
2026-01-06,6.9834
2026-01-07,6.9965
2026-01-08,6.9835
2026-01-09,6.9772
2026-01-10,6.9772
2026-01-11,6.9772
2026-01-12,6.9731
2026-01-13,6.9775
2026-01-14,6.9730
2026-01-15,6.9660
2026-01-16,6.9681
2026-01-17,6.9681
2026-01-18,6.9681
2026-01-19,6.9681
2026-01-20,6.9599
2026-01-21,6.9637
2026-01-22,6.9700
2026-01-23,6.9631
2026-01-24,6.9631
2026-01-25,6.9631
2026-01-26,6.9542
2026-01-27,6.9545
2026-01-28,6.9462
2026-01-29,6.9480
2026-01-30,6.9510
2026-01-31,6.9510
2026-02-01,6.9510
2026-02-02,6.9463
2026-02-03,6.9377
2026-02-04,6.9415
2026-02-05,6.9378
2026-02-06,6.9388
2026-02-07,6.9388
2026-02-08,6.9388
2026-02-09,6.9200
2026-02-10,6.9106
2026-02-11,6.9125
2026-02-12,6.9010
2026-02-13,6.9080
2026-02-14,6.9080
2026-02-15,6.9080
2026-02-16,6.9080
2026-02-17,6.9031
2026-02-18,6.9031
2026-02-19,6.9031
2026-02-20,6.9031
2026-02-21,6.9031
2026-02-22,6.9031
2026-02-23,6.9031
2026-02-24,6.8830
2026-02-25,6.8692
2026-02-26,6.8409
2026-02-27,6.8579
2026-02-28,6.8579
2026-03-01,6.8579
2026-03-02,6.8821
2026-03-03,6.8996
2026-03-04,6.8969
2026-03-05,6.8912
2026-03-06,6.8965
2026-03-07,6.8965
2026-03-08,6.8965
2026-03-09,6.9066
2026-03-10,6.8766
2026-03-11,6.8655
2026-03-12,6.8689
2026-03-13,6.8961
2026-03-14,6.8961
2026-03-15,6.8961
2026-03-16,6.8955
2026-03-17,6.8863
2026-03-18,6.8726
2026-03-19,6.8998
2026-03-20,6.8857
2026-03-21,6.8857
2026-03-22,6.8857
2026-03-23,6.8807
2026-03-24,6.8918
2026-03-25,6.9011
2026-03-26,6.9107
2026-03-27,6.9116
2026-03-28,6.9116
2026-03-29,6.9116
2026-03-30,6.9119
2026-03-31,6.8980
2026-04-01,6.8720
2026-04-02,6.8856
2026-04-03,6.8824
2026-04-04,6.8824
2026-04-05,6.8824
2026-04-06,6.8778
2026-04-07,6.8567
2026-04-08,6.8287
2026-04-09,6.8314
2026-04-10,6.8278
2026-04-11,6.8278
2026-04-12,6.8278
2026-04-13,6.8303
2026-04-14,6.8157
2026-04-15,6.8180
2026-04-16,6.8208
2026-04-17,6.8170
2026-04-18,6.8170
2026-04-19,6.8170
2026-04-20,6.8172
2026-04-21,6.8208
2026-04-22,6.8275
2026-04-23,6.8260
2026-04-24,6.8359
2026-04-25,6.8359
2026-04-26,6.8359
2026-04-27,6.8228
2026-04-28,6.8374
2026-04-29,6.8375
2026-04-30,6.8273
2026-05-01,6.8276
2026-05-02,6.8276
2026-05-03,6.8276
2026-05-04,6.8300
2026-05-05,6.8276
2026-05-06,6.8110
2026-05-07,6.8014
2026-05-08,6.8005
2026-05-09,6.8005
2026-05-10,6.8005
2026-05-11,6.8005
2026-05-12,6.8005
2026-05-13,6.8005
